TRank,H-Unnamed: 0,H-Name,H-Team,H-GP,H-BO,H-L/R,H-PA,H-AB,H-H,H-R,H-HR,H-RBI,H-BB,H-SB,H-CS,H-AVG,H-POS,H-R-Z,H-HR-Z,H-RBI-Z,H-SB-Z,H-AVG-Z,H-SUM-Z,H-SUM-Z-A,H-Adj-Val,H-ACV,H-Unnamed: 26,P-Unnamed: 0,P-Name,P-Team,P-L/R,P-POS,P-IP,P-GS,P-GP,P-HA,P-R,P-ER,P-HR,P-BB,P-K,P-W,P-L,P-S,P-HD,P-BS,P-ERA,P-WHIP,P-SB,P-CS,P-SBP,P-W-Z,P-K-Z,P-S-Z,P-ERA-Z,P-WHIP-Z,P-Z-SUM,P-Z-SUM-A,P-ACV,P-Unnamed: 32,ACV
1,15,Salvador Perez,KCA,161,3,RIGHT,665,620,169,88,48,121,28,1,0,0.273,CC| DH,0.673,2.542,2.378,-0.881,0.455,5.166,13.475,8.309,33.923636961874244,,,,,,,,,,,,,,,,,,,,,,,,,,,,,,,,,,,33.923636961874244
2,2,Bo Bichette,TOR,159,2,RIGHT,690,640,191,121,29,102,40,25,1,0.298,SS,2.495,0.695,1.463,1.967,1.733,8.353,13.042,4.689,32.83354903575242,,,,,,,,,,,,,,,,,,,,,,,,,,,,,,,,,,,32.83354903575242
3,3,Trea Turner,PHI| WAS| LAN,148,1,RIGHT,646,595,195,107,28,77,41,32,5,0.328,SS| 2B,1.722,0.598,0.259,2.798,2.942,8.319,13.008,4.689,32.74795321707311,,,,,,,,,,,,,,,,,,,,,,,,,,,,,,,,,,,32.74795321707311
4,1,Vladimir Guerrero,TOR,161,3,RIGHT,698,604,188,123,48,111,86,4,1,0.311,1B| DH,2.605,2.542,1.897,-0.525,2.227,8.746,12.56,3.814,31.62010242976924,,,,,,,,,,,,,,,,,,,,,,,,,,,,,,,,,,,31.62010242976924
5,4,Jose Ramirez,CLE,152,3,SWITCH,636,552,147,111,36,103,72,27,4,0.266,3B,1.943,1.376,1.511,2.204,0.14,7.174,11.964,4.79,30.119658078802484,,,,,,,,,,,,,,,,,,,,,,,,,,,,,,,,,,,30.119658078802484
6,5,Fernando Tatis,SDN,130,2,RIGHT,546,478,135,99,42,97,62,25,4,0.282,SS| RF,1.28,1.959,1.222,1.967,0.71,7.138,11.928,4.79,30.02902721196557,,,,,,,,,,,,,,,,,,,,,,,,,,,,,,,,,,,30.02902721196557
7,7,Marcus Semien,TEX| OAK| TOR,162,1,RIGHT,724,652,173,115,45,102,66,15,1,0.265,2B| SS,2.164,2.25,1.463,0.78,0.117,6.775,11.464,4.689,28.86089603940084,,,,,,,,,,,,,,,,,,,,,,,,,,,,,,,,,,,28.86089603940084
8,,,,,,,,,,,,,,,,,,,,,,,,,,,,1,Max Scherzer,TOR| WAS| LAN| NYN| TEX,RIGHT,SP,179.33333333333334,30,30,119,53,49,23,36,236,15,4,0,0,0,2.459,0.864,6,7,0.033,1.906,2.125,-0.506,1.827,2.609,7.961,15.08,27.04649225999279,,27.04649225999279
9,8,Teoscar Hernandez,LAN| TOR| SEA,142,4,RIGHT,595,550,163,92,32,116,36,12,4,0.296,RF| LF,0.894,0.987,2.137,0.424,1.402,5.844,10.634,4.79,26.77135105399412,,,,,,,,,,,,,,,,,,,,,,,,,,,,,,,,,,,26.77135105399412
10,9,Juan Soto,NYN| WAS| SDN| NYA,151,3,LEFT,654,502,157,111,29,95,145,9,7,0.313,RF,1.943,0.695,1.126,0.068,1.908,5.74,10.53,4.79,26.509528549798578,,,,,,,,,,,,,,,,,,,,,,,,,,,,,,,,,,,26.509528549798578
11,,,,,,,,,,,,,,,,,,,,,,,,,,,,2,Walker Buehler,BOS| PHI| LAN,RIGHT,SP,207.66666666666663,33,33,149,61,57,19,52,212,16,4,0,0,0,2.47,0.968,12,3,0.058,2.193,1.609,-0.506,2.097,2.069,7.462,14.581,26.15151880921451,,26.15151880921451
12,10,Bryce Harper,PHI,141,3,LEFT,599,488,151,101,35,84,100,13,3,0.309,RF,1.391,1.278,0.596,0.543,1.731,5.539,10.329,4.79,26.00350620995912,,,,,,,,,,,,,,,,,,,,,,,,,,,,,,,,,,,26.00350620995912
13,13,Rafael Devers,BOS| SFN,156,5,LEFT,664,591,165,101,38,113,62,5,5,0.279,3B,1.391,1.57,1.993,-0.407,0.732,5.278,10.068,4.79,25.346432425391452,,,,,,,,,,,,,,,,,,,,,,,,,,,,,,,,,,,25.346432425391452
14,14,Starling Marte,NYN| ARI| MIA| OAK,119,2,RIGHT,526,467,145,89,12,55,43,47,5,0.31,CF,0.728,-0.958,-0.8,4.578,1.694,5.243,10.033,4.79,25.258319082633346,,,,,,,,,,,,,,,,,,,,,,,,,,,,,,,,,,,25.258319082633346
15,,,,,,,,,,,,,,,,,,,,,,,,,,,,3,Zack Wheeler,PHI,RIGHT,SP,213.33333333333331,32,32,169,72,66,16,46,247,14,10,0,0,0,2.784,1.008,4,3,0.019,1.619,2.362,-0.506,1.631,1.749,6.854,13.973,25.06105015576122,,25.06105015576122
16,6,Shohei Ohtani,LAN| ANA,155,2,LEFT,639,537,138,103,46,100,96,26,10,0.257,DH,1.501,2.348,1.367,2.086,-0.246,7.055,9.9155,2.8605,24.962510003373957,,,,,,,,,,,,,,,,,,,,,,,,,,,,,,,,,,,24.962510003373957
17,,,,,,,,,,,,,,,,,,,,,,,,,,,,4,Julio Urias,LAN,LEFT,SP,185.66666666666669,32,32,151,67,61,19,38,195,20,3,0,0,0,2.957,1.018,2,3,0.011,3.342,1.243,-0.506,1.169,1.439,6.686,13.805,24.75973644888597,,24.75973644888597
18,17,Cedric Mullins,BAL| NYN,157,1,LEFT,675,602,175,91,30,59,59,30,8,0.291,CF,0.838,0.792,-0.607,2.56,1.274,4.858,9.648,4.79,24.28907231229408,,,,,,,,,,,,,,,,,,,,,,,,,,,,,,,,,,,24.28907231229408
19,18,Nick Castellanos,PHI| CIN,138,3,RIGHT,585,531,164,95,34,100,41,3,1,0.309,RF,1.059,1.181,1.367,-0.644,1.86,4.823,9.613,4.79,24.20095896953596,,,,,,,,,,,,,,,,,,,,,,,,,,,,,,,,,,,24.20095896953596
20,11,Freddie Freeman,LAN| ATL,159,2,LEFT,695,600,180,120,31,83,85,8,3,0.3,1B,2.44,0.889,0.548,-0.051,1.696,5.523,9.337,3.814,23.50612232378625,,,,,,,,,,,,,,,,,,,,,,,,,,,,,,,,,,,23.50612232378625
21,,,,,,,,,,,,,,,,,,,,,,,,,,,,5,Corbin Burnes,ARI| MIL| BAL,RIGHT,SP,167.0,28,28,123,47,45,7,34,234,11,5,0,0,0,2.425,0.94,18,2,0.108,0.757,2.082,-0.506,1.745,1.869,5.948,13.067,23.43610837939826,,23.43610837939826
22,12,Paul Goldschmidt,NYA| SLN,158,2,RIGHT,679,603,177,102,31,99,67,12,0,0.294,1B,1.446,0.889,1.319,0.424,1.407,5.485,9.299,3.814,23.41045640879173,,,,,,,,,,,,,,,,,,,,,,,,,,,,,,,,,,,23.41045640879173
23,,,,,,,,,,,,,,,,,,,,,,,,,,,,6,Robbie Ray,SFN| ARI| TOR| SEA,LEFT,SP,193.3333333333333,32,32,150,62,61,33,52,248,13,7,0,0,0,2.84,1.045,25,4,0.129,1.332,2.384,-0.506,1.395,1.268,5.871,12.99,23.298006263747105,,23.298006263747105
24,21,Austin Riley,ATL,160,4,RIGHT,662,590,179,91,33,107,52,0,1,0.303,3B,0.838,1.084,1.704,-1.0,1.821,4.447,9.237,4.79,23.25436991590593,,,,,,,,,,,,,,,,,,,,,,,,,,,,,,,,,,,23.25436991590593
25,16,Ozzie Albies,ATL,156,3,SWITCH,686,629,163,103,30,106,47,20,4,0.259,2B,1.501,0.792,1.656,1.374,-0.184,5.138,9.214,4.076,23.196466862093448,,,,,,,,,,,,,,,,,,,,,,,,,,,,,,,,,,,23.196466862093448
26,,,,,,,,,,,,,,,,,,,,,,,,,,,,7,Gerrit Cole,NYA,RIGHT,SP,181.3333333333333,30,30,151,69,65,24,41,243,16,8,0,0,0,3.226,1.059,9,0,0.05,2.193,2.276,-0.506,0.761,1.077,5.8,12.919,23.17066535191292,,23.17066535191292
27,22,Aaron Judge,NYA,148,3,RIGHT,633,550,158,89,39,98,75,6,1,0.287,RF| DH| CF,0.728,1.667,1.271,-0.288,1.02,4.398,9.188,4.79,23.131011236044564,,,,,,,,,,,,,,,,,,,,,,,,,,,,,,,,,,,23.131011236044564
28,,,,,,,,,,,,,,,,,,,,,,,,,,,,8,Kevin Gausman,TOR| SFN,RIGHT,SP,192.0,33,33,150,66,60,20,50,227,14,6,0,0,0,2.812,1.042,9,2,0.047,1.619,1.932,-0.506,1.426,1.286,5.756,12.875,23.09174985725512,,23.09174985725512
29,23,Manny Machado,SDN,153,3,RIGHT,640,564,157,92,28,106,63,12,3,0.278,3B,0.894,0.598,1.656,0.424,0.663,4.234,9.024,4.79,22.718137287120832,,,,,,,,,,,,,,,,,,,,,,,,,,,,,,,,,,,22.718137287120832
30,25,Kyle Tucker,CHN| HOU,137,6,LEFT,567,506,149,83,30,92,53,14,2,0.294,RF,0.397,0.792,0.982,0.661,1.217,4.049,8.839,4.79,22.25239533254222,,,,,,,,,,,,,,,,,,,,,,,,,,,,,,,,,,,22.25239533254222
31,24,Jorge Polanco,SEA| MIN,151,3,SWITCH,644,588,158,97,33,98,45,11,6,0.269,2B| SS,1.17,1.084,1.271,0.305,0.257,4.087,8.776,4.689,22.09379131557761,,,,,,,,,,,,,,,,,,,,,,,,,,,,,,,,,,,22.09379131557761
32,,,,,,,,,,,,,,,,,,,,,,,,,,,,9,Adam Wainwright,SLN,RIGHT,SP,206.33333333333331,32,32,168,72,70,21,50,174,17,7,0,0,0,3.053,1.056,3,3,0.015,2.48,0.791,-0.506,1.144,1.246,5.155,12.274,22.013835941588297,,22.013835941588297
33,27,Tyler O'Neill,BAL| SLN| BOS,137,4,RIGHT,537,482,138,89,34,80,38,15,4,0.286,LF,0.728,1.181,0.404,0.78,0.859,3.952,8.742,4.79,22.008195496898303,,,,,,,,,,,,,,,,,,,,,,,,,,,,,,,,,,,22.008195496898303
34,20,Whit Merrifield,KCA| TOR| ATL| PHI,162,1,RIGHT,720,664,184,97,10,74,40,40,4,0.277,2B,1.17,-1.152,0.115,3.747,0.716,4.596,8.672,4.076,21.83196881138208,,,,,,,,,,,,,,,,,,,,,,,,,,,,,,,,,,,21.83196881138208
35,19,Matt Olson,ATL| OAK,156,3,LEFT,673,565,153,101,39,111,88,4,1,0.271,1B,1.391,1.667,1.897,-0.525,0.337,4.766,8.58,3.814,21.600356596132173,,,,,,,,,,,,,,,,,,,,,,,,,,,,,,,,,,,21.600356596132173
36,,,,,,,,,,,,,,,,,,,,,,,,,,,,10,Brandon Woodruff,MIL,RIGHT,SP,179.33333333333334,30,30,130,54,51,18,43,211,9,10,0,0,0,2.559,0.965,3,5,0.017,0.183,1.587,-0.506,1.686,1.813,4.762,11.881,21.308977091576548,,21.308977091576548
37,,,,,,,,,,,,,,,,,,,,,,,,,,,,11,Carlos Rodon,NYA| CHA| SFN,LEFT,SP,132.66666666666666,24,24,91,39,35,13,36,185,13,5,0,0,0,2.374,0.957,11,0,0.083,1.332,1.028,-0.506,1.439,1.384,4.676,11.795,21.15473317019993,,21.15473317019993
38,,,,,,,,,,,,,,,,,,,,,,,,,,,,12,Charlie Morton,ATL| BAL| DET| TBA,RIGHT,SP,185.66666666666663,33,33,136,77,69,16,58,216,14,6,0,0,0,3.345,1.045,7,0,0.038,1.619,1.695,-0.506,0.607,1.217,4.631,11.75,21.07402414157263,,21.07402414157263
39,28,Mitch Haniger,SEA| SFN,157,2,RIGHT,691,620,157,110,39,100,54,1,0,0.253,RF| DH,1.888,1.667,1.367,-0.881,-0.462,3.579,8.369,4.79,21.06915901550468,,,,,,,,,,,,,,,,,,,,,,,,,,,,,,,,,,,21.06915901550468
40,,,,,,,,,,,,,,,,,,,,,,,,,,,,13,Liam Hendriks,BOS| OAK| CHA,RIGHT,RP,71.0,0,69,45,23,20,11,7,113,8,3,38,0,0,2.535,0.732,6,0,0.085,-0.104,-0.522,3.053,0.681,1.448,4.555,11.674,20.937715559890968,,20.937715559890968
41,30,Bryan Reynolds,PIT,159,3,SWITCH,646,559,169,93,24,90,75,5,2,0.302,CF,0.949,0.209,0.885,-0.407,1.68,3.316,8.106,4.79,20.40705018277941,,,,,,,,,,,,,,,,,,,,,,,,,,,,,,,,,,,20.40705018277941
42,26,Jose Altuve,HOU,146,1,RIGHT,678,601,167,117,31,83,66,5,3,0.278,2B,2.274,0.889,0.548,-0.407,0.683,3.989,8.065,4.076,20.30383169554848,,,,,,,,,,,,,,,,,,,,,,,,,,,,,,,,,,,20.30383169554848
43,31,Yordan Alvarez,HOU,144,4,LEFT,598,537,149,92,33,104,50,1,0,0.277,DH| LF,0.894,1.084,1.56,-0.881,0.594,3.25,8.04,4.79,20.240893593578395,,,,,,,,,,,,,,,,,,,,,,,,,,,,,,,,,,,20.240893593578395
44,,,,,,,,,,,,,,,,,,,,,,,,,,,,14,Jacob deGrom,TEX| NYN,RIGHT,SP,92.0,15,15,40,14,11,6,11,146,7,2,0,0,0,1.076,0.554,5,1,0.054,-0.391,0.188,-0.506,1.931,2.601,3.822,10.941,19.623055160250733,,19.623055160250733
45,85,J. T. Realmuto,PHI,133,4,RIGHT,537,476,125,64,17,73,48,13,3,0.263,CC,-0.652,-0.472,0.067,0.543,-0.014,-0.528,7.780999999999999,8.309,19.588854857168343,,,,,,,,,,,,,,,,,,,,,,,,,,,,,,,,,,,19.588854857168343
46,86,Will Smith,LAN,129,5,RIGHT,501,414,107,71,25,76,58,3,0,0.258,CC,-0.266,0.306,0.211,-0.644,-0.143,-0.535,7.773999999999999,8.309,19.57123218861672,,,,,,,,,,,,,,,,,,,,,,,,,,,,,,,,,,,19.57123218861672
47,32,Javier Baez,DET| CHN| NYN,138,3,RIGHT,547,502,133,80,31,87,28,18,5,0.265,SS| 2B,0.231,0.889,0.741,1.136,0.075,3.073,7.762,4.689,19.541021899671087,,,,,,,,,,,,,,,,,,,,,,,,,,,,,,,,,,,19.541021899671087
48,,,,,,,,,,,,,,,,,,,,,,,,,,,,15,Freddy Peralta,MIL,RIGHT,SP,144.33333333333334,27,28,84,47,45,14,56,195,10,5,0,0,0,2.806,0.97,7,4,0.048,0.47,1.243,-0.506,1.079,1.425,3.71,10.829,19.42217935566724,,19.42217935566724
49,33,Tim Anderson,ANA| CHA| MIA,123,1,RIGHT,551,527,163,94,17,61,22,18,7,0.309,SS,1.004,-0.472,-0.511,1.136,1.864,3.022,7.711,4.689,19.41262817165212,,,,,,,,,,,,,,,,,,,,,,,,,,,,,,,,,,,19.41262817165212
50,35,J. D. Martinez,BOS| LAN| NYN,148,3,RIGHT,634,570,163,92,28,99,55,0,0,0.286,DH| LF,0.894,0.598,1.319,-1.0,1.001,2.811,7.601,4.79,19.13570052298376,,,,,,,,,,,,,,,,,,,,,,,,,,,,,,,,,,,19.13570052298376
51,34,Brandon Crawford,SFN| SLN,136,5,LEFT,549,483,144,79,24,90,56,11,3,0.298,SS,0.176,0.209,0.885,0.305,1.297,2.872,7.561,4.689,19.034999559831626,,,,,,,,,,,,,,,,,,,,,,,,,,,,,,,,,,,19.034999559831626
52,,,,,,,,,,,,,,,,,,,,,,,,,,,,16,Jose Berrios,TOR| MIN,RIGHT,SP,192.0,32,32,159,83,75,22,45,204,12,9,0,0,0,3.516,1.062,2,5,0.01,1.044,1.437,-0.506,0.371,1.109,3.455,10.574,18.96482819344587,,18.96482819344587
53,,,,,,,,,,,,,,,,,,,,,,,,,,,,17,Joe Musgrove,PIT| SDN,RIGHT,SP,181.3333333333333,31,32,142,68,64,22,54,203,11,9,0,0,0,3.176,1.081,6,1,0.033,0.757,1.415,-0.506,0.831,0.9,3.397,10.516,18.86080322321513,,18.86080322321513
54,,,,,,,,,,,,,,,,,,,,,,,,,,,,18,Max Fried,NYA| ATL,LEFT,SP,165.66666666666666,28,28,139,61,56,15,41,158,14,7,0,0,0,3.042,1.087,8,3,0.048,1.619,0.446,-0.506,0.933,0.781,3.272,10.391,18.636611477028183,,18.636611477028183
55,29,Brandon Lowe,TBA,149,1,LEFT,615,535,132,97,39,99,68,7,1,0.247,2B,1.17,1.667,1.319,-0.169,-0.664,3.323,7.398999999999999,4.076,18.62716065906549,,,,,,,,,,,,,,,,,,,,,,,,,,,,,,,,,,,18.62716065906549
56,,,,,,,,,,,,,,,,,,,,,,,,,,,,19,Lance Lynn,TEX| CHA| LAN| SLN,RIGHT,SP,157.00000000000003,28,28,123,52,47,18,45,176,11,6,0,0,0,2.694,1.07,15,3,0.096,0.757,0.834,-0.506,1.311,0.854,3.25,10.369,18.597153729699286,,18.597153729699286
57,36,Carlos Correa,HOU| MIN,148,5,RIGHT,640,555,155,104,26,92,75,0,0,0.279,SS,1.556,0.403,0.982,-1.0,0.691,2.632,7.321,4.689,18.43079378091884,,,,,,,,,,,,,,,,,,,,,,,,,,,,,,,,,,,18.43079378091884
58,38,Randy Arozarena,SEA| TBA,141,1,RIGHT,604,529,145,94,20,69,56,20,10,0.274,LF| RF,1.004,-0.18,-0.126,1.374,0.449,2.521,7.311,4.79,18.405618540130803,,,,,,,,,,,,,,,,,,,,,,,,,,,,,,,,,,,18.405618540130803
59,,,,,,,,,,,,,,,,,,,,,,,,,,,,20,Sandy Alcantara,MIA,RIGHT,SP,205.66666666666663,33,33,171,85,73,21,50,201,9,15,0,0,0,3.195,1.075,13,5,0.063,0.183,1.372,-0.506,0.913,1.078,3.04,10.159,18.22051159610522,,18.22051159610522
60,,,,,,,,,,,,,,,,,,,,,,,,,,,,21,Raisel Iglesias,ATL| CIN| ANA,RIGHT,RP,70.0,0,65,53,25,20,11,12,103,7,5,34,0,0,2.571,0.929,3,0,0.043,-0.391,-0.738,2.678,0.652,0.819,3.02,10.139,18.18464091671531,,18.18464091671531
61,,,,,,,,,,,,,,,,,,,,,,,,,,,,22,Frankie Montas,NYN| OAK| NYA| CIN| MIL,RIGHT,SP,187.0,32,32,164,79,70,20,57,207,13,9,0,0,0,3.369,1.182,6,5,0.032,1.332,1.501,-0.506,0.576,0.093,2.994,10.113,18.138009033508425,,18.138009033508425
62,,,,,,,,,,,,,,,,,,,,,,,,,,,,23,Josh Hader,HOU| MIL| SDN,LEFT,RP,58.66666666666666,0,60,25,8,8,3,24,102,4,2,34,0,0,1.227,0.835,5,1,0.085,-1.253,-0.759,2.678,1.162,0.929,2.757,9.876,17.712941482737982,,17.712941482737982
63,,,,,,,,,,,,,,,,,,,,,,,,,,,,24,Chris Bassitt,TOR| OAK| NYN,RIGHT,SP,157.33333333333334,27,27,127,55,55,15,39,159,12,4,0,0,0,3.146,1.055,7,3,0.044,1.044,0.468,-0.506,0.758,0.961,2.724,9.843,17.65375486174463,,17.65375486174463
64,101,Buster Posey,SFN,113,3,RIGHT,454,395,120,68,18,56,56,0,0,0.304,CC,-0.432,-0.374,-0.752,-1.0,1.231,-1.327,6.981999999999999,8.309,17.577353118204524,,,,,,,,,,,,,,,,,,,,,,,,,,,,,,,,,,,17.577353118204524
65,,,,,,,,,,,,,,,,,,,,,,,,,,,,25,Anthony DeSclafani,ARI| CIN| SFN,RIGHT,SP,167.66666666666666,31,31,141,61,59,19,42,152,13,7,0,0,0,3.167,1.091,7,4,0.042,1.332,0.317,-0.506,0.781,0.754,2.677,9.796,17.56945876517834,,17.56945876517834
66,,,,,,,,,,,,,,,,,,,,,,,,,,,,26,Lucas Giolito,BOS| CHA| ANA| CLE,RIGHT,SP,178.66666666666669,31,31,145,74,70,27,52,201,11,9,0,0,0,3.526,1.103,15,1,0.084,0.757,1.372,-0.506,0.331,0.715,2.668,9.787,17.55331695945288,,17.55331695945288
67,41,Xander Bogaerts,SDN| BOS,144,4,RIGHT,603,529,156,90,23,79,62,5,1,0.295,SS,0.783,0.112,0.356,-0.407,1.289,2.133,6.822,4.689,17.174549265596,,,,,,,,,,,,,,,,,,,,,,,,,,,,,,,,,,,17.174549265596
68,,,,,,,,,,,,,,,,,,,,,,,,,,,,27,Lance McCullers,HOU,RIGHT,SP,162.33333333333334,28,28,122,59,57,13,76,185,13,5,0,0,0,3.16,1.22,2,6,0.012,1.332,1.028,-0.506,0.764,-0.192,2.425,9.544,17.117488204865463,,17.117488204865463
69,42,Nolan Arenado,SLN| COL,157,4,RIGHT,653,593,151,81,34,105,50,2,0,0.255,3B,0.286,1.181,1.608,-0.763,-0.378,1.935,6.725,4.79,16.93034942995208,,,,,,,,,,,,,,,,,,,,,,,,,,,,,,,,,,,16.93034942995208
70,44,Adolis Garcia,TEX,149,3,RIGHT,622,581,141,77,31,90,32,16,5,0.243,RF| CF,0.065,0.889,0.885,0.899,-0.9,1.839,6.629,4.79,16.688667118386963,,,,,,,,,,,,,,,,,,,,,,,,,,,,,,,,,,,16.688667118386963
71,43,Trevor Story,BOS| COL,142,3,RIGHT,595,526,132,88,24,75,53,20,6,0.251,SS,0.673,0.209,0.163,1.374,-0.483,1.935,6.6240000000000006,4.689,16.67607949799295,,,,,,,,,,,,,,,,,,,,,,,,,,,,,,,,,,,16.67607949799295
72,45,Justin Turner,CHN| LAN| BOS| SEA| TOR,151,3,RIGHT,612,533,148,87,27,87,61,3,0,0.278,3B,0.618,0.501,0.741,-0.644,0.598,1.813,6.603,4.79,16.62321149233808,,,,,,,,,,,,,,,,,,,,,,,,,,,,,,,,,,,16.62321149233808
73,,,,,,,,,,,,,,,,,,,,,,,,,,,,28,Dylan Cease,SDN| CHA,RIGHT,SP,165.66666666666666,32,32,139,77,72,20,68,226,13,7,0,0,0,3.912,1.25,22,2,0.133,1.332,1.91,-0.506,-0.192,-0.414,2.129,9.248,16.58660214989478,,16.58660214989478
74,,,,,,,,,,,,,,,,,,,,,,,,,,,,29,Logan Webb,SFN,RIGHT,SP,148.33333333333331,26,27,128,53,50,9,36,158,11,3,0,0,0,3.034,1.106,10,1,0.067,0.757,0.446,-0.506,0.845,0.574,2.116,9.235,16.563286208291338,,16.563286208291338
75,,,,,,,,,,,,,,,,,,,,,,,,,,,,30,Tyler Mahle,TEX| CIN| MIN,RIGHT,SP,180.00000000000003,33,33,158,78,75,24,64,210,13,6,0,0,0,3.75,1.233,2,3,0.011,1.332,1.566,-0.506,0.018,-0.321,2.088,9.207,16.513067257145465,,16.513067257145465
76,46,Hunter Renfroe,KCA| TBA| BOS| MIL| ANA| CIN,142,6,RIGHT,572,521,135,89,31,96,44,1,2,0.259,RF,0.728,0.889,1.174,-0.881,-0.154,1.757,6.547,4.79,16.482230143925094,,,,,,,,,,,,,,,,,,,,,,,,,,,,,,,,,,,16.482230143925094
77,,,,,,,,,,,,,,,,,,,,,,,,,,,,31,Ranger Suarez,PHI,LEFT,SP| RP,106.0,12,39,73,20,16,4,33,107,8,5,4,0,0,1.359,1.0,2,1,0.019,-0.104,-0.652,-0.132,1.991,0.906,2.009,9.128,16.371378073555316,,16.371378073555316
78,,,,,,,,,,,,,,,,,,,,,,,,,,,,32,Kenley Jansen,ANA| LAN| ATL| BOS,RIGHT,RP,69.0,0,69,36,21,17,4,36,86,4,4,38,0,0,2.217,1.044,10,0,0.145,-1.253,-1.104,3.053,0.833,0.457,1.986,9.105,16.33012679225692,,16.33012679225692
79,37,Jose Abreu,CHA| HOU,152,3,RIGHT,659,566,148,86,30,117,61,1,0,0.261,1B,0.562,0.792,2.186,-0.881,-0.065,2.594,6.408,3.814,16.132294296971438,,,,,,,,,,,,,,,,,,,,,,,,,,,,,,,,,,,16.132294296971438
80,,,,,,,,,,,,,,,,,,,,,,,,,,,,33,Marcus Stroman,NYA| NYN| CHN,RIGHT,SP,179.0,33,33,161,70,60,17,44,158,10,13,0,0,0,3.017,1.145,10,7,0.056,0.47,0.446,-0.506,1.043,0.378,1.832,8.951,16.053922560954607,,16.053922560954607
81,50,Tommy Edman,LAN| SLN,159,1,SWITCH,691,641,168,91,11,56,38,30,5,0.262,2B| RF,0.838,-1.055,-0.752,2.56,-0.043,1.549,6.339,4.79,15.958585135534014,,,,,,,,,,,,,,,,,,,,,,,,,,,,,,,,,,,15.958585135534014
82,39,Max Muncy,LAN,143,2,LEFT,592,497,124,95,36,94,83,2,1,0.249,1B| 2B,1.059,1.376,1.078,-0.763,-0.512,2.239,6.315,4.076,15.898164557642732,,,,,,,,,,,,,,,,,,,,,,,,,,,,,,,,,,,15.898164557642732
83,,,,,,,,,,,,,,,,,,,,,,,,,,,,34,Alex Reyes,SLN,RIGHT,RP,72.33333333333334,0,69,46,32,26,9,52,95,10,8,29,0,0,3.235,1.355,8,1,0.111,0.47,-0.91,2.21,0.298,-0.518,1.55,8.669,15.548145981556862,,15.548145981556862
84,,,,,,,,,,,,,,,,,,,,,,,,,,,,35,Nathan Eovaldi,TEX| BOS,RIGHT,SP,182.33333333333337,32,32,182,81,76,15,35,195,11,9,0,0,0,3.751,1.19,10,0,0.055,0.757,1.243,-0.506,0.017,0.023,1.533,8.652,15.517655904075436,,15.517655904075436
85,52,Adam Duvall,ATL| MIA| BOS,145,4,RIGHT,555,513,117,67,38,113,35,5,0,0.228,RF| LF| CF,-0.487,1.57,1.993,-0.407,-1.367,1.302,6.0920000000000005,4.79,15.336756688069604,,,,,,,,,,,,,,,,,,,,,,,,,,,,,,,,,,,15.336756688069604
86,122,Mike Zunino,TBA| CLE,105,8,RIGHT,375,333,72,64,33,62,34,0,0,0.216,CC,-0.652,1.084,-0.463,-1.0,-1.189,-2.22,6.088999999999999,8.309,15.329204115833187,,,,,,,,,,,,,,,,,,,,,,,,,,,,,,,,,,,15.329204115833187
87,,,,,,,,,,,,,,,,,,,,,,,,,,,,36,Luis Garcia,HOU,RIGHT,SP,155.33333333333337,28,30,133,62,60,19,50,167,11,8,0,0,0,3.476,1.178,14,8,0.09,0.757,0.64,-0.506,0.348,0.102,1.341,8.459999999999999,15.173297381932292,,15.173297381932292
88,,,,,,,,,,,,,,,,,,,,,,,,,,,,37,Jordan Romano,PHI| TOR,RIGHT,RP,62.99999999999999,0,62,41,17,15,7,25,85,7,1,23,0,0,2.143,1.048,9,3,0.143,-0.391,-1.125,1.648,0.797,0.405,1.334,8.453,15.160742644145824,,15.160742644145824
89,55,Kris Bryant,COL| CHN| SFN,144,2,RIGHT,586,513,136,86,25,73,62,10,2,0.265,3B| RF| LF,0.562,0.306,0.067,0.187,0.083,1.205,5.995,4.79,15.092556852425684,,,,,,,,,,,,,,,,,,,,,,,,,,,,,,,,,,,15.092556852425684
90,,,,,,,,,,,,,,,,,,,,,,,,,,,,38,Trevor Bauer,CIN| LAN,RIGHT,SP,107.66666666666669,17,17,71,36,31,19,37,137,8,5,0,0,0,2.591,1.003,12,3,0.111,-0.104,-0.006,-0.506,0.985,0.905,1.274,8.393,15.053130605976094,,15.053130605976094
91,,,,,,,,,,,,,,,,,,,,,,,,,,,,39,Shohei Ohtani,LAN| ANA,RIGHT,SP,130.33333333333331,23,23,98,48,46,15,44,156,9,2,0,0,0,3.176,1.089,2,2,0.015,0.183,0.403,-0.506,0.597,0.597,1.274,8.393,15.053130605976094,,15.053130605976094
92,,,,,,,,,,,,,,,,,,,,,,,,,,,,40,Chad Green,TOR| NYA,RIGHT,RP,83.66666666666669,0,67,57,32,29,14,17,99,10,7,6,0,0,3.119,0.884,2,5,0.024,0.47,-0.824,0.056,0.421,1.143,1.265,8.384,15.036988800250631,,15.036988800250631
93,40,Pete Alonso,NYN,152,4,RIGHT,637,561,147,81,37,94,60,3,0,0.262,1B,0.286,1.473,1.078,-0.644,-0.041,2.153,5.9670000000000005,3.814,15.022066178219193,,,,,,,,,,,,,,,,,,,,,,,,,,,,,,,,,,,15.022066178219193
94,,,,,,,,,,,,,,,,,,,,,,,,,,,,41,Clayton Kershaw,LAN,LEFT,SP,121.66666666666669,22,22,103,51,48,15,21,144,10,8,0,0,0,3.551,1.019,7,5,0.058,0.47,0.145,-0.506,0.202,0.936,1.247,8.366,15.004705188799711,,15.004705188799711
95,,,,,,,,,,,,,,,,,,,,,,,,,,,,42,Emmanuel Clase,CLE,RIGHT,RP,69.66666666666667,0,71,51,18,10,2,16,74,4,5,24,0,0,1.292,0.962,4,0,0.057,-1.253,-1.362,1.741,1.345,0.713,1.185,8.304,14.89350608269099,,14.89350608269099
96,56,Ryan Mountcastle,BAL,144,4,RIGHT,586,534,136,77,33,89,41,4,3,0.255,DH| LF| 1B,0.065,1.084,0.837,-0.525,-0.338,1.123,5.913,4.79,14.886119877963814,,,,,,,,,,,,,,,,,,,,,,,,,,,,,,,,,,,14.886119877963814
97,,,,,,,,,,,,,,,,,,,,,,,,,,,,43,Craig Kimbrel,ATL| HOU| CHN| CHA| LAN| PHI| BAL,RIGHT,RP,59.66666666666665,0,63,31,19,15,6,23,100,4,5,24,0,0,2.263,0.905,6,1,0.101,-1.253,-0.802,1.741,0.699,0.761,1.146,8.265,14.823558257880665,,14.823558257880665
98,,,,,,,,,,,,,,,,,,,,,,,,,,,,44,Ryan Pressly,CHN| HOU,RIGHT,RP,64.0,0,64,49,19,16,4,13,81,5,3,26,0,0,2.25,0.969,2,0,0.031,-0.966,-1.211,1.929,0.756,0.635,1.144,8.263,14.819971189941672,,14.819971189941672
99,,,,,,,,,,,,,,,,,,,,,,,,,,,,45,Paul Sewald,CLE| DET| NYN| SEA| ARI,RIGHT,RP,64.66666666666667,0,62,42,24,22,10,24,104,10,3,11,0,0,3.062,1.021,4,0,0.062,0.47,-0.716,0.524,0.354,0.493,1.125,8.244,14.785894044521257,,14.785894044521257
100,,,,,,,,,,,,,,,,,,,,,,,,,,,,46,Edwin Diaz,NYN,RIGHT,RP,62.66666666666666,0,63,43,27,24,3,23,89,5,6,32,0,0,3.447,1.053,6,4,0.096,-0.966,-1.039,2.491,0.155,0.388,1.029,8.148,14.613714783449684,,14.613714783449684
101,59,Chris Taylor,ANA| LAN,146,6,RIGHT,582,507,129,92,20,73,63,13,1,0.254,CF| SS| 2B| LF,0.894,-0.18,0.067,0.543,-0.331,0.993,5.783,4.79,14.558841747719388,,,,,,,,,,,,,,,,,,,,,,,,,,,,,,,,,,,14.558841747719388
102,,,,,,,,,,,,,,,,,,,,,,,,,,,,47,Sean Manaea,NYN| OAK| SDN| SFN,LEFT,SP,179.33333333333331,32,32,179,79,78,25,41,194,11,10,0,0,0,3.914,1.227,3,2,0.017,0.757,1.221,-0.506,-0.212,-0.268,0.992,8.111,14.54735402657835,,14.54735402657835
103,48,Jonathan India,KCA| CIN,150,1,RIGHT,631,532,143,98,21,69,71,12,3,0.269,2B,1.225,-0.083,-0.126,0.424,0.236,1.677,5.753,4.076,14.48331602535529,,,,,,,,,,,,,,,,,,,,,,,,,,,,,,,,,,,14.48331602535529
104,,,,,,,,,,,,,,,,,,,,,,,,,,,,48,Trevor Rogers,BAL| MIA,LEFT,SP,133.0,25,25,107,46,39,6,46,157,7,8,0,0,0,2.639,1.15,9,3,0.068,-0.391,0.425,-0.506,1.168,0.251,0.946,8.065,14.464851463981551,,14.464851463981551
105,,,,,,,,,,,,,,,,,,,,,,,,,,,,49,Mark Melancon,ATL| SDN| ARI,RIGHT,RP,64.66666666666667,0,64,54,21,16,4,25,59,4,3,39,0,0,2.227,1.222,0,0,0.0,-1.253,-1.685,3.146,0.776,-0.082,0.903,8.022,14.387729503293246,,14.387729503293246
106,60,Robbie Grossman,OAK| DET| ATL| TEX| CHA| KCA,155,1,SWITCH,671,557,133,88,23,67,98,20,5,0.239,LF| RF,0.673,0.112,-0.222,1.374,-1.029,0.907,5.697,4.79,14.342334676942306,,,,,,,,,,,,,,,,,,,,,,,,,,,,,,,,,,,14.342334676942306
107,,,,,,,,,,,,,,,,,,,,,,,,,,,,50,Andrew Kittredge,BAL| CHN| TBA| SLN,RIGHT,SP| RP,71.66666666666667,4,57,55,21,15,7,15,77,9,3,8,0,0,1.884,0.977,4,1,0.056,0.183,-1.297,0.243,1.052,0.686,0.867,7.986,14.323162280391406,,14.323162280391406
108,61,Avisail Garcia,MIL| MIA,134,4,RIGHT,515,461,121,68,29,86,38,8,4,0.262,RF,-0.432,0.695,0.693,-0.051,-0.018,0.888,5.678,4.79,14.294501719445044,,,,,,,,,,,,,,,,,,,,,,,,,,,,,,,,,,,14.294501719445044
109,,,,,,,,,,,,,,,,,,,,,,,,,,,,51,Yu Darvish,SDN| CHN,RIGHT,SP,166.33333333333331,30,30,138,81,78,28,44,199,8,11,0,0,0,4.22,1.094,15,1,0.09,-0.104,1.329,-0.506,-0.594,0.728,0.851,7.97,14.294465736879475,,14.294465736879475
110,,,,,,,,,,,,,,,,,,,,,,,,,,,,52,Aaron Nola,PHI,RIGHT,SP,180.66666666666669,32,32,165,95,93,26,39,223,9,9,0,0,0,4.633,1.129,7,2,0.039,0.183,1.846,-0.506,-1.228,0.511,0.805,7.923999999999999,14.211963174282682,,14.211963174282682
111,,,,,,,,,,,,,,,,,,,,,,,,,,,,53,Giovanny Gallegos,SLN,RIGHT,RP,80.33333333333333,0,73,51,28,27,6,20,95,6,5,14,0,0,3.025,0.884,3,2,0.037,-0.679,-0.91,0.805,0.463,1.1,0.779,7.898,14.165331291075798,,14.165331291075798
112,140,Yasmani Grandal,CHA| PIT,92,6,SWITCH,375,279,67,60,23,62,87,0,0,0.24,CC,-0.873,0.112,-0.463,-1.0,-0.486,-2.711,5.597999999999999,8.309,14.093099793140777,,,,,,,,,,,,,,,,,,,,,,,,,,,,,,,,,,,14.093099793140777
113,,,,,,,,,,,,,,,,,,,,,,,,,,,,54,Will Smith,ATL| HOU| TEX| KCA,LEFT,RP,68.0,0,71,49,27,26,11,28,87,3,7,37,0,0,3.441,1.132,1,0,0.015,-1.54,-1.082,2.959,0.171,0.183,0.69,7.808999999999999,14.005706767790691,,14.005706767790691
114,47,Joey Votto,CIN,129,4,LEFT,533,448,119,73,36,99,77,1,0,0.266,1B,-0.155,1.376,1.319,-0.881,0.091,1.748,5.562,3.814,14.002468926303862,,,,,,,,,,,,,,,,,,,,,,,,,,,,,,,,,,,14.002468926303862
115,,,,,,,,,,,,,,,,,,,,,,,,,,,,55,Alek Manoah,TOR,RIGHT,SP,111.66666666666669,20,20,77,44,40,12,40,127,9,2,0,0,0,3.224,1.048,0,1,0.0,0.183,-0.221,-0.506,0.47,0.718,0.644,7.763,13.9232042051939,,13.9232042051939
116,,,,,,,,,,,,,,,,,,,,,,,,,,,,56,Aroldis Chapman,BOS| NYA| KCA| TEX| PIT,LEFT,RP,56.33333333333332,0,61,36,23,21,9,38,97,6,4,30,0,0,3.355,1.314,5,1,0.089,-0.679,-0.867,2.303,0.18,-0.301,0.637,7.756,13.910649467407431,,13.910649467407431
117,63,Jesse Winker,NYN| CIN| SEA| MIL| WAS,110,2,LEFT,485,423,129,77,24,71,53,1,0,0.305,LF,0.065,0.209,-0.03,-0.881,1.356,0.72,5.51,4.79,13.871557674206093,,,,,,,,,,,,,,,,,,,,,,,,,,,,,,,,,,,13.871557674206093
118,62,Dansby Swanson,CHN| ATL,160,5,RIGHT,653,588,146,78,27,88,52,9,3,0.248,SS,0.121,0.501,0.789,0.068,-0.659,0.819,5.508,4.689,13.866522626048484,,,,,,,,,,,,,,,,,,,,,,,,,,,,,,,,,,,13.866522626048484
119,,,,,,,,,,,,,,,,,,,,,,,,,,,,57,Chris Flexen,CHN| SEA| COL| CHA,RIGHT,SP,179.66666666666663,31,31,185,74,72,19,40,125,14,6,0,0,0,3.607,1.252,4,1,0.022,1.619,-0.264,-0.506,0.219,-0.472,0.596,7.715,13.837114574658116,,13.837114574658116
120,144,Willson Contreras,SLN| CHN,127,2,RIGHT,483,413,98,61,21,57,52,5,4,0.237,CC,-0.818,-0.083,-0.704,-0.407,-0.81,-2.821,5.488,8.309,13.816172144472418,,,,,,,,,,,,,,,,,,,,,,,,,,,,,,,,,,,13.816172144472418
121,64,Austin Meadows,TBA| DET,142,4,LEFT,591,518,121,79,27,106,59,4,3,0.234,DH| LF,0.176,0.501,1.656,-0.525,-1.162,0.645,5.4350000000000005,4.79,13.682743368295846,,,,,,,,,,,,,,,,,,,,,,,,,,,,,,,,,,,13.682743368295846
122,65,Mookie Betts,LAN,121,1,RIGHT,550,466,123,93,23,58,68,10,5,0.264,RF| CF,0.949,0.112,-0.656,0.187,0.035,0.626,5.416,4.79,13.634910410798584,,,,,,,,,,,,,,,,,,,,,,,,,,,,,,,,,,,13.634910410798584
123,49,Yuli Gurriel,SDN| HOU| MIA| KCA,141,5,RIGHT,605,530,169,83,15,81,59,1,1,0.319,1B,0.397,-0.666,0.452,-0.881,2.262,1.563,5.377,3.814,13.536726971725257,,,,,,,,,,,,,,,,,,,,,,,,,,,,,,,,,,,13.536726971725257
124,,,,,,,,,,,,,,,,,,,,,,,,,,,,58,Jake McGee,LAN| SFN| MIL| WAS,LEFT,RP,59.66666666666666,0,62,44,25,18,7,10,58,3,2,31,0,0,2.715,0.905,1,0,0.017,-1.54,-1.706,2.397,0.488,0.761,0.4,7.519,13.485581916636988,,13.485581916636988
125,66,Myles Straw,TOR| HOU| CLE,153,8,RIGHT,638,564,153,85,4,48,67,30,6,0.271,CF,0.507,-1.735,-1.137,2.56,0.357,0.552,5.3420000000000005,4.79,13.44861362896714,,,,,,,,,,,,,,,,,,,,,,,,,,,,,,,,,,,13.44861362896714
126,67,Ronald Acuna,ATL,82,1,RIGHT,360,297,84,72,24,52,49,17,6,0.283,RF,-0.211,0.209,-0.944,1.018,0.45,0.521,5.311,4.79,13.370570382524235,,,,,,,,,,,,,,,,,,,,,,,,,,,,,,,,,,,13.370570382524235
127,,,,,,,,,,,,,,,,,,,,,,,,,,,,59,Framber Valdez,HOU,LEFT,SP,134.66666666666666,22,22,110,52,47,12,58,125,11,6,0,0,0,3.141,1.248,5,0,0.037,0.757,-0.264,-0.506,0.654,-0.325,0.316,7.435,13.334925063199362,,13.334925063199362
128,51,Jared Walsh,ANA| TEX,141,4,LEFT,585,530,147,70,29,98,48,2,1,0.277,1B,-0.321,0.695,1.271,-0.763,0.582,1.464,5.2780000000000005,3.814,13.28749208792373,,,,,,,,,,,,,,,,,,,,,,,,,,,,,,,,,,,13.28749208792373
129,,,,,,,,,,,,,,,,,,,,,,,,,,,,60,Alex Wood,LAN| SFN| OAK,LEFT,SP,138.66666666666666,26,26,125,63,59,14,39,152,10,4,0,0,0,3.829,1.183,1,2,0.007,0.47,0.317,-0.506,-0.072,0.063,0.272,7.391,13.256009568541558,,13.256009568541558
130,,,,,,,,,,,,,,,,,,,,,,,,,,,,61,Steven Matz,BOS| SLN| NYN| TOR,LEFT,SP,150.66666666666666,29,29,158,70,64,18,43,144,14,7,0,0,0,3.823,1.334,6,1,0.04,1.619,0.145,-0.506,-0.071,-0.941,0.246,7.365,13.209377685334674,,13.209377685334674
131,,,,,,,,,,,,,,,,,,,,,,,,,,,,62,Kyle Gibson,BAL| TEX| PHI| SLN,RIGHT,SP,182.0,30,31,158,78,75,17,64,155,10,9,0,0,0,3.709,1.22,2,3,0.011,0.47,0.382,-0.506,0.077,-0.216,0.207,7.326,13.139429860524348,,13.139429860524348
132,,,,,,,,,,,,,,,,,,,,,,,,,,,,63,Hyun Jin Ryu,TOR,LEFT,SP,169.0,31,31,170,85,82,24,37,143,14,10,0,0,0,4.367,1.225,1,1,0.006,1.619,0.123,-0.506,-0.797,-0.238,0.2,7.319,13.12687512273788,,13.12687512273788
133,68,Jake Cronenworth,SDN,152,3,LEFT,643,567,151,94,21,71,55,4,3,0.266,2B| 1B| SS,1.004,-0.083,-0.03,-0.525,0.144,0.511,5.2,4.689,13.091125209777074,,,,,,,,,,,,,,,,,,,,,,,,,,,,,,,,,,,13.091125209777074
134,,,,,,,,,,,,,,,,,,,,,,,,,,,,64,Cal Quantrill,ATL| MIA| CLE| SDN| COL,RIGHT,SP| RP,149.66666666666666,22,40,129,55,48,16,47,121,8,3,0,0,0,2.886,1.176,6,1,0.04,-0.104,-0.35,-0.506,1.025,0.113,0.177,7.295999999999999,13.08562384143948,,13.08562384143948
135,,,,,,,,,,,,,,,,,,,,,,,,,,,,65,Jonathan Loaisiga,NYA,RIGHT,RP,70.66666666666666,0,57,56,19,17,3,16,69,9,4,5,0,0,2.165,1.019,3,0,0.042,0.183,-1.47,-0.038,0.882,0.545,0.102,7.221,12.951108793727316,,12.951108793727316
136,,,,,,,,,,,,,,,,,,,,,,,,,,,,66,Matt Barnes,BOS| MIA| WAS,RIGHT,RP,54.66666666666667,0,60,41,25,23,8,20,84,6,5,24,0,0,3.787,1.116,7,1,0.128,-0.679,-1.147,1.741,-0.01,0.187,0.093,7.212,12.934966988001856,,12.934966988001856
137,57,Jonathan Schoop,DET,156,2,RIGHT,674,623,173,85,22,84,37,2,0,0.278,2B| 1B,0.507,0.014,0.596,-0.763,0.7,1.055,5.130999999999999,4.076,12.917416048339645,,,,,,,,,,,,,,,,,,,,,,,,,,,,,,,,,,,12.917416048339645
138,70,Ryan McMahon,COL| NYA,150,5,LEFT,596,528,134,79,23,86,59,6,2,0.254,2B| 3B,0.176,0.112,0.693,-0.288,-0.371,0.322,5.112,4.79,12.869583090842385,,,,,,,,,,,,,,,,,,,,,,,,,,,,,,,,,,,12.869583090842385
139,,,,,,,,,,,,,,,,,,,,,,,,,,,,67,Aaron Civale,CHA| CHN| MIL| CLE| TBA,RIGHT,SP,124.33333333333334,21,21,108,56,53,23,31,99,12,5,0,0,0,3.837,1.118,4,4,0.032,1.044,-0.824,-0.506,-0.071,0.413,0.056,7.175,12.86860623113052,,12.86860623113052
140,,,,,,,,,,,,,,,,,,,,,,,,,,,,68,Blake Treinen,LAN,RIGHT,RP,72.33333333333336,0,72,46,20,16,5,25,85,6,5,7,0,0,1.991,0.982,17,3,0.235,-0.679,-1.125,0.149,1.001,0.677,0.024,7.143,12.811213144106665,,12.811213144106665
141,,,,,,,,,,,,,,,,,,,,,,,,,,,,69,Tyler Glasnow,LAN| TBA,RIGHT,SP,88.0,14,14,55,26,26,10,27,123,5,2,0,0,0,2.659,0.932,6,2,0.068,-0.966,-0.307,-0.506,0.759,1.017,-0.003,7.116,12.762787726930284,,12.762787726930284
142,,,,,,,,,,,,,,,,,,,,,,,,,,,,70,John Means,BAL,LEFT,SP,146.66666666666666,26,26,125,64,59,30,26,134,6,9,0,0,0,3.62,1.03,0,2,0.0,-0.679,-0.07,-0.506,0.163,1.061,-0.031,7.088,12.712568775784408,,12.712568775784408
143,71,Eduardo Escobar,ARI| MIL| NYN| ANA,146,3,SWITCH,599,549,139,77,28,90,48,1,0,0.253,2B| 3B,0.065,0.598,0.885,-0.881,-0.41,0.257,5.047,4.79,12.70594402572017,,,,,,,,,,,,,,,,,,,,,,,,,,,,,,,,,,,12.70594402572017
144,,,,,,,,,,,,,,,,,,,,,,,,,,,,71,Tyler Rogers,NYN| SFN,RIGHT,RP,81.0,0,80,74,23,20,5,13,55,7,1,13,0,0,2.222,1.074,4,2,0.049,-0.391,-1.771,0.711,0.975,0.426,-0.05,7.069,12.678491630363991,,12.678491630363991
145,,,,,,,,,,,,,,,,,,,,,,,,,,,,72,Shane McClanahan,TBA,LEFT,SP,123.33333333333331,25,25,120,49,47,14,37,141,10,6,0,0,0,3.43,1.273,7,3,0.057,0.47,0.08,-0.506,0.321,-0.437,-0.072,7.047,12.639033883035092,,12.639033883035092
146,72,Alex Verdugo,ATL| BOS| NYA,144,2,LEFT,604,544,157,88,13,63,51,6,2,0.289,LF| CF| RF,0.673,-0.86,-0.415,-0.288,1.064,0.174,4.964,4.79,12.4969895271795,,,,,,,,,,,,,,,,,,,,,,,,,,,,,,,,,,,12.4969895271795
147,,,,,,,,,,,,,,,,,,,,,,,,,,,,73,German Marquez,COL,RIGHT,SP,180.00000000000003,32,32,165,92,88,21,64,176,12,11,0,0,0,4.4,1.272,8,4,0.044,1.044,0.834,-0.506,-0.896,-0.631,-0.155,6.964,12.49017056356696,,12.49017056356696
148,74,Kyle Schwarber,PHI| CHN| BOS| WAS,113,4,LEFT,471,399,106,76,32,71,64,1,1,0.266,LF,0.01,0.987,-0.03,-0.881,0.082,0.168,4.958,4.79,12.48188438270668,,,,,,,,,,,,,,,,,,,,,,,,,,,,,,,,,,,12.48188438270668
149,,,,,,,,,,,,,,,,,,,,,,,,,,,,74,Wade Miley,CIN| CHN| MIL,LEFT,SP,163.0,28,28,166,64,61,17,50,125,12,7,0,0,0,3.368,1.325,2,3,0.012,1.044,-0.264,-0.506,0.503,-0.954,-0.177,6.942,12.45071281623806,,12.45071281623806
150,,,,,,,,,,,,,,,,,,,,,,,,,,,,75,Lou Trivino,LAN| PHI| SFN| OAK| NYA,RIGHT,RP,73.66666666666664,0,71,58,32,26,5,34,67,7,8,22,0,0,3.176,1.249,7,2,0.095,-0.391,-1.513,1.554,0.338,-0.182,-0.195,6.924,12.418429204787138,,12.418429204787138
151,,,,,,,,,,,,,,,,,,,,,,,,,,,,76,Scott Barlow,CIN| KCA| SDN| CLE,RIGHT,RP,74.33333333333333,0,71,61,20,20,4,28,91,5,3,16,0,0,2.421,1.197,4,0,0.054,-0.966,-0.996,0.992,0.779,-0.014,-0.205,6.914,12.400493865092184,,12.400493865092184
152,,,,,,,,,,,,,,,,,,,,,,,,,,,,77,Diego Castillo,TBA| SEA| MIN,RIGHT,RP,58.33333333333333,0,61,40,23,18,9,17,75,5,5,16,0,0,2.777,0.977,5,1,0.086,-0.966,-1.34,0.992,0.449,0.557,-0.307,6.811999999999999,12.217553400203638,,12.217553400203638
153,,,,,,,,,,,,,,,,,,,,,,,,,,,,78,Garrett Whitlock,BOS,RIGHT,RP,73.33333333333333,0,46,64,22,16,6,17,81,8,4,2,0,0,1.964,1.105,3,2,0.041,-0.104,-1.211,-0.319,1.031,0.287,-0.317,6.802,12.199618060508683,,12.199618060508683
154,58,C. J. Cron,DET| COL| ANA,142,5,RIGHT,547,470,132,70,28,92,60,1,0,0.281,1B,-0.321,0.598,0.982,-0.881,0.641,1.019,4.833,3.814,12.167193872856268,,,,,,,,,,,,,,,,,,,,,,,,,,,,,,,,,,,12.167193872856268
155,,,,,,,,,,,,,,,,,,,,,,,,,,,,79,Drew Steckenrider,SEA,RIGHT,RP,67.66666666666666,0,62,52,16,15,5,17,58,5,2,14,0,0,1.995,1.02,3,0,0.044,-0.966,-1.706,0.805,0.935,0.519,-0.414,6.705,12.025645265467617,,12.025645265467617
156,,,,,,,,,,,,,,,,,,,,,,,,,,,,80,Zack Greinke,HOU| KCA,RIGHT,SP,171.00000000000003,29,30,164,82,79,30,36,120,11,6,0,0,0,4.158,1.17,7,1,0.041,0.757,-0.372,-0.506,-0.528,0.177,-0.471,6.648,11.92341382920637,,11.92341382920637
157,,,,,,,,,,,,,,,,,,,,,,,,,,,,81,Eric Lauer,TOR| MIL,LEFT,SP| RP,118.66666666666669,20,24,94,46,42,16,41,117,7,5,0,0,0,3.185,1.138,3,1,0.025,-0.391,-0.436,-0.506,0.535,0.291,-0.508,6.611,11.857053072335034,,11.857053072335034
158,,,,,,,,,,,,,,,,,,,,,,,,,,,,82,Jose Urquidy,DET| HOU,RIGHT,SP,107.0,20,20,87,43,43,17,19,90,8,3,0,0,0,3.617,0.991,2,2,0.019,-0.104,-1.018,-0.506,0.122,0.958,-0.548,6.571,11.785311713555211,,11.785311713555211
159,76,Joey Gallo,TEX| NYA| LAN| MIN| WAS,150,4,LEFT,616,498,99,90,38,77,111,6,0,0.199,RF| LF,0.783,1.57,0.259,-0.288,-2.441,-0.116,4.674,4.79,11.766907544326548,,,,,,,,,,,,,,,,,,,,,,,,,,,,,,,,,,,11.766907544326548
160,75,Willy Adames,SFN| TBA| MIL,137,2,RIGHT,555,497,130,77,25,73,57,5,4,0.262,SS,0.065,0.306,0.067,-0.407,-0.053,-0.022,4.667,4.689,11.749284875774922,,,,,,,,,,,,,,,,,,,,,,,,,,,,,,,,,,,11.749284875774922
161,165,Eric Haase,MIL| DET| CLE,98,6,RIGHT,381,351,81,48,22,61,26,2,0,0.231,CC| LF,-1.536,0.014,-0.511,-0.763,-0.863,-3.658,4.651,8.309,11.70900449051407,,,,,,,,,,,,,,,,,,,,,,,,,,,,,,,,,,,11.70900449051407
162,,,,,,,,,,,,,,,,,,,,,,,,,,,,83,Shane Bieber,TOR| CLE,RIGHT,SP,96.66666666666666,16,16,84,36,34,11,33,134,7,4,0,0,0,3.166,1.21,3,4,0.031,-0.391,-0.07,-0.506,0.451,-0.074,-0.591,6.528,11.708189752866904,,11.708189752866904
163,,,,,,,,,,,,,,,,,,,,,,,,,,,,84,Collin McHugh,TBA| ATL,RIGHT,SP| RP,64.0,7,37,48,15,11,3,12,74,6,1,1,0,0,1.547,0.938,0,0,0.0,-0.679,-1.362,-0.413,1.108,0.724,-0.621,6.497999999999999,11.654383733782035,,11.654383733782035
164,,,,,,,,,,,,,,,,,,,,,,,,,,,,85,Ian Anderson,ANA| ATL,RIGHT,SP,128.33333333333334,24,24,105,51,51,16,53,124,9,5,0,0,0,3.577,1.231,6,0,0.047,0.183,-0.286,-0.506,0.187,-0.217,-0.639,6.48,11.622100122331116,,11.622100122331116
165,,,,,,,,,,,,,,,,,,,,,,,,,,,,86,Jack Flaherty,DET| SLN| BAL| LAN,RIGHT,SP,78.33333333333333,15,17,57,35,28,12,26,85,9,2,0,0,0,3.217,1.06,0,3,0.0,0.183,-1.125,-0.506,0.334,0.463,-0.652,6.467,11.598784180727677,,11.598784180727677
166,,,,,,,,,,,,,,,,,,,,,,,,,,,,87,Adrian Houser,CHA| TBA| MIL| NYN,RIGHT,SP,142.33333333333331,26,28,118,61,51,12,64,105,10,6,0,0,0,3.225,1.279,19,6,0.133,0.47,-0.695,-0.506,0.598,-0.54,-0.673,6.446,11.56111996736827,,11.56111996736827
167,,,,,,,,,,,,,,,,,,,,,,,,,,,,88,Marco Gonzales,SEA| PIT,LEFT,SP,143.33333333333331,25,25,125,64,63,29,42,108,10,6,0,0,0,3.956,1.165,7,3,0.049,0.47,-0.63,-0.506,-0.216,0.177,-0.705,6.414,11.503726880344413,,11.503726880344413
168,,,,,,,,,,,,,,,,,,,,,,,,,,,,89,Eduardo Rodriguez,ARI| BOS| DET,LEFT,SP,157.66666666666666,31,32,172,87,83,19,47,185,13,8,0,0,0,4.738,1.389,2,2,0.013,1.332,1.028,-0.506,-1.201,-1.368,-0.716,6.403,11.48399800667996,,11.48399800667996
169,,,,,,,,,,,,,,,,,,,,,,,,,,,,90,Ian Kennedy,KCA| PHI| TEX| ARI,RIGHT,RP,56.333333333333336,0,55,45,21,20,12,17,62,3,1,26,0,0,3.195,1.101,0,0,0.0,-1.54,-1.62,1.929,0.25,0.23,-0.751,6.367999999999999,11.421224317747615,,11.421224317747615
170,,,,,,,,,,,,,,,,,,,,,,,,,,,,91,Kendall Graveman,ARI| SEA| HOU| CHA,RIGHT,RP,56.0,0,53,35,15,11,3,20,61,5,1,10,0,0,1.768,0.982,4,2,0.071,-0.966,-1.642,0.43,0.873,0.523,-0.782,6.337,11.365624764693257,,11.365624764693257
171,77,Nicky Lopez,ANA| CHN| KCA| ATL| CHA,147,9,LEFT,565,497,149,78,2,43,49,22,1,0.3,SS,0.121,-1.93,-1.378,1.611,1.397,-0.179,4.51,4.689,11.354033595402807,,,,,,,,,,,,,,,,,,,,,,,,,,,,,,,,,,,11.354033595402807
172,,,,,,,,,,,,,,,,,,,,,,,,,,,,92,Brent Suter,CIN| MIL| COL,LEFT,RP,73.33333333333333,1,61,72,34,25,9,24,69,12,5,1,0,0,3.068,1.309,0,1,0.0,1.044,-1.47,-0.413,0.398,-0.377,-0.817,6.302,11.30285107576091,,11.30285107576091
173,69,Ty France,MIN| TOR| SDN| SEA| CIN,152,4,RIGHT,650,571,166,85,18,73,46,0,0,0.291,DH| 2B| 1B,0.507,-0.374,0.067,-1.0,1.209,0.409,4.484999999999999,4.076,11.291095493432724,,,,,,,,,,,,,,,,,,,,,,,,,,,,,,,,,,,11.291095493432724
174,,,,,,,,,,,,,,,,,,,,,,,,,,,,94,Devin Williams,NYA| MIL,RIGHT,RP,54.0,0,58,36,17,15,5,28,87,8,2,3,0,0,2.5,1.185,4,2,0.074,-0.104,-1.082,-0.225,0.533,0.019,-0.86,6.259,11.225729115072603,,11.225729115072603
175,,,,,,,,,,,,,,,,,,,,,,,,,,,,93,Rich Hill,KCA| MIN| NYN| TBA| BOS| PIT| SDN,LEFT,SP,158.66666666666666,31,32,137,70,68,21,55,150,7,8,0,0,0,3.857,1.21,9,5,0.057,-0.391,0.274,-0.506,-0.117,-0.12,-0.86,6.259,11.225729115072603,,11.225729115072603
176,,,,,,,,,,,,,,,,,,,,,,,,,,,,95,Casey Mize,DET,RIGHT,SP,150.33333333333334,30,30,130,64,62,24,41,118,7,9,0,0,0,3.712,1.137,3,6,0.02,-0.391,-0.415,-0.506,0.06,0.37,-0.883,6.236,11.184477833774206,,11.184477833774206
177,169,Tyler Stephenson,CIN,130,4,RIGHT,402,350,100,56,10,45,41,0,0,0.286,CC| 1B,-1.094,-1.152,-1.282,-1.0,0.608,-3.92,4.388999999999999,8.309,11.049413181867608,,,,,,,,,,,,,,,,,,,,,,,,,,,,,,,,,,,11.049413181867608
178,81,AJ Pollock,LAN| CHA| SEA| SFN,116,7,RIGHT,422,384,114,53,21,69,30,9,1,0.297,LF,-1.26,-0.083,-0.126,0.068,0.994,-0.406,4.384,4.79,11.036825561473597,,,,,,,,,,,,,,,,,,,,,,,,,,,,,,,,,,,11.036825561473597
179,,,,,,,,,,,,,,,,,,,,,,,,,,,,96,Dylan Floro,LAN| MIA| MIN| ARI| WAS,RIGHT,RP,64.0,0,68,53,25,20,2,25,62,6,6,15,0,0,2.812,1.219,2,1,0.031,-0.679,-1.62,0.898,0.475,-0.073,-0.998,6.121,10.978221427282218,,10.978221427282218
180,84,Kyle Seager,SEA,159,3,LEFT,670,603,128,73,35,101,59,3,1,0.212,3B,-0.155,1.278,1.415,-0.644,-2.335,-0.441,4.349,4.79,10.94871221871548,,,,,,,,,,,,,,,,,,,,,,,,,,,,,,,,,,,10.94871221871548
181,,,,,,,,,,,,,,,,,,,,,,,,,,,,97,Aaron Loup,TBA| NYN| ANA,LEFT,RP,56.66666666666666,2,65,37,9,6,1,16,57,6,0,0,0,0,0.953,0.935,2,2,0.035,-0.679,-1.728,-0.506,1.244,0.646,-1.023,6.096,10.93338307804483,,10.93338307804483
182,79,Amed Rosario,NYA| WAS| NYN| CLE| LAN| CIN| TBA,141,2,RIGHT,588,550,155,77,11,57,31,13,0,0.282,SS,0.065,-1.055,-0.704,0.543,0.791,-0.359,4.33,4.689,10.900879261218217,,,,,,,,,,,,,,,,,,,,,,,,,,,,,,,,,,,10.900879261218217
183,,,,,,,,,,,,,,,,,,,,,,,,,,,,98,Richard Rodriguez,PIT| ATL,RIGHT,RP,64.33333333333333,0,64,50,21,21,8,10,42,5,4,14,0,0,2.938,0.933,0,1,0.0,-0.966,-2.051,0.805,0.415,0.741,-1.056,6.063,10.874196457051475,,10.874196457051475
184,,,,,,,,,,,,,,,,,,,,,,,,,,,,99,Pablo Lopez,MIN| MIA,RIGHT,SP,102.66666666666669,20,20,89,37,35,11,26,115,5,5,0,0,0,3.068,1.12,2,1,0.019,-0.966,-0.479,-0.506,0.557,0.331,-1.063,6.056,10.861641719265007,,10.861641719265007
185,,,,,,,,,,,,,,,,,,,,,,,,,,,,100,Gregory Soto,BAL| NYN| DET| PHI,LEFT,RP,63.66666666666666,0,62,46,30,24,7,40,76,6,3,18,0,0,3.393,1.351,1,0,0.016,-0.679,-1.319,1.179,0.184,-0.445,-1.078,6.041,10.834738709722574,,10.834738709722574
186,80,Jazz Chisholm,NYA| MIA,124,1,LEFT,507,464,115,70,18,53,34,23,8,0.248,2B| SS,-0.321,-0.374,-0.896,1.73,-0.536,-0.398,4.291,4.689,10.802695822144887,,,,,,,,,,,,,,,,,,,,,,,,,,,,,,,,,,,10.802695822144887
187,,,,,,,,,,,,,,,,,,,,,,,,,,,,101,Nick Pivetta,SDN| BOS| PHI,RIGHT,SP,155.0,30,31,137,80,78,24,65,175,9,8,1,0,0,4.529,1.303,11,0,0.071,0.183,0.812,-0.413,-0.928,-0.756,-1.101,6.018,10.793487428424177,,10.793487428424177
188,170,Yadier Molina,SLN,121,5,RIGHT,473,440,111,45,11,66,24,3,0,0.252,CC,-1.702,-1.055,-0.27,-0.644,-0.36,-4.03,4.278999999999999,8.309,10.772485533199246,,,,,,,,,,,,,,,,,,,,,,,,,,,,,,,,,,,10.772485533199246
189,,,,,,,,,,,,,,,,,,,,,,,,,,,,102,Sonny Gray,SLN| CIN| MIN,RIGHT,SP,135.33333333333334,26,26,115,67,63,19,50,155,7,9,0,0,0,4.19,1.219,11,0,0.081,-0.391,0.382,-0.506,-0.451,-0.157,-1.124,5.994999999999999,10.752236147125778,,10.752236147125778
190,,,,,,,,,,,,,,,,,,,,,,,,,,,,103,Brad Hand,CLE| NYN| TOR| WAS| PHI| ATL| COL,LEFT,RP,64.66666666666667,0,68,56,39,28,9,26,61,6,7,21,0,0,3.897,1.268,7,0,0.108,-0.679,-1.642,1.46,-0.068,-0.215,-1.142,5.977,10.719952535674862,,10.719952535674862
191,,,,,,,,,,,,,,,,,,,,,,,,,,,,104,Tarik Skubal,DET,LEFT,SP,149.33333333333334,29,31,141,76,72,35,47,164,8,12,0,0,0,4.339,1.259,5,4,0.033,-0.104,0.575,-0.506,-0.672,-0.436,-1.143,5.976,10.718159001705365,,10.718159001705365
192,,,,,,,,,,,,,,,,,,,,,,,,,,,,105,Luis Castillo,SEA| CIN,RIGHT,SP,187.66666666666669,33,33,181,94,83,19,75,192,8,16,0,0,0,3.981,1.364,5,4,0.027,-0.104,1.178,-0.506,-0.319,-1.422,-1.173,5.946,10.664352982620498,,10.664352982620498
193,,,,,,,,,,,,,,,,,,,,,,,,,,,,106,Craig Stammen,SDN,RIGHT,SP| RP,88.33333333333333,4,67,79,31,30,13,13,83,6,3,1,0,0,3.057,1.042,12,1,0.136,-0.679,-1.168,-0.413,0.487,0.592,-1.18,5.939,10.65179824483403,,10.65179824483403
194,89,Luis Urias,ATH| MIL| BOS| SEA,149,6,RIGHT,570,490,122,77,23,75,63,5,1,0.249,SS| 2B| 3B,0.065,0.112,0.163,-0.407,-0.524,-0.59,4.2,4.79,10.57360113097379,,,,,,,,,,,,,,,,,,,,,,,,,,,,,,,,,,,10.57360113097379
195,,,,,,,,,,,,,,,,,,,,,,,,,,,,107,Jameson Taillon,CHN| NYA,RIGHT,SP,144.33333333333334,29,29,130,73,69,24,44,140,8,6,0,0,0,4.303,1.206,15,3,0.104,-0.104,0.059,-0.506,-0.608,-0.08,-1.24,5.879,10.544186206664296,,10.544186206664296
196,,,,,,,,,,,,,,,,,,,,,,,,,,,,108,Jarlin Garcia,SFN,LEFT,RP,68.66666666666666,0,58,48,26,20,9,18,68,6,3,1,0,0,2.621,0.961,4,5,0.058,-0.679,-1.491,-0.413,0.612,0.705,-1.265,5.854,10.499347857426908,,10.499347857426908
197,90,Lourdes Gurriel,ARI| TOR,141,6,RIGHT,541,500,138,62,21,84,32,1,3,0.276,LF,-0.763,-0.083,0.596,-0.881,0.497,-0.633,4.157,4.79,10.465347595585248,,,,,,,,,,,,,,,,,,,,,,,,,,,,,,,,,,,10.465347595585248
198,53,Nelson Cruz,MIN| TBA| WAS| SDN,140,3,RIGHT,584,513,136,79,32,86,51,3,0,0.265,DH,0.176,0.987,0.693,-0.644,0.083,1.295,4.1555,2.8605,10.461571309467043,,,,,,,,,,,,,,,,,,,,,,,,,,,,,,,,,,,10.461571309467043
199,,,,,,,,,,,,,,,,,,,,,,,,,,,,109,Trevor Richards,ARI| KCA| TBA| MIL| TOR| MIN,RIGHT,RP,64.33333333333334,0,53,40,26,25,12,22,78,7,2,1,0,0,3.497,0.964,0,3,0.0,-0.391,-1.276,-0.413,0.133,0.653,-1.294,5.824999999999999,10.447335372311535,,10.447335372311535
200,,,,,,,,,,,,,,,,,,,,,,,,,,,,110,James Karinchak,CLE,RIGHT,RP,55.33333333333333,0,60,35,27,25,9,32,78,7,4,11,0,0,4.066,1.211,7,0,0.127,-0.391,-1.276,0.524,-0.131,-0.044,-1.318,5.801,10.404290557043645,,10.404290557043645
201,,,,,,,,,,,,,,,,,,,,,,,,,,,,111,Jordan Montgomery,NYA| SLN| TEX| ARI,LEFT,SP,157.33333333333331,30,30,150,73,67,19,51,162,6,7,0,0,0,3.833,1.278,7,5,0.044,-0.679,0.532,-0.506,-0.086,-0.589,-1.327,5.792,10.388148751318186,,10.388148751318186
202,,,,,,,,,,,,,,,,,,,,,,,,,,,,112,Hector Neris,ANA| ATL| HOU| PHI| CHN,RIGHT,RP,74.33333333333333,0,74,55,34,30,12,32,98,4,7,12,0,0,3.632,1.17,5,2,0.067,-1.253,-0.845,0.617,0.076,0.074,-1.33,5.789,10.382768149409698,,10.382768149409698
203,91,Andrew Benintendi,CHA| BOS| KCA| NYA,134,4,LEFT,538,493,136,63,17,73,36,8,9,0.276,LF,-0.708,-0.472,0.067,-0.051,0.485,-0.678,4.112,4.79,10.3520590120391,,,,,,,,,,,,,,,,,,,,,,,,,,,,,,,,,,,10.3520590120391
204,,,,,,,,,,,,,,,,,,,,,,,,,,,,113,Blake Snell,LAN| TBA| SDN| SFN,LEFT,SP,128.66666666666666,27,27,101,61,60,16,69,170,7,6,0,0,0,4.197,1.321,19,3,0.148,-0.391,0.705,-0.506,-0.436,-0.73,-1.36,5.759,10.32896213032483,,10.32896213032483
205,88,Isiah Kiner-Falefa,PIT| TOR| TEX| NYA,157,1,RIGHT,677,635,172,74,8,53,28,20,5,0.271,SS,-0.1,-1.347,-0.896,1.374,0.382,-0.587,4.102,4.689,10.326883771251069,,,,,,,,,,,,,,,,,,,,,,,,,,,,,,,,,,,10.326883771251069
206,,,,,,,,,,,,,,,,,,,,,,,,,,,,114,James Kaprielian,OAK,RIGHT,SP| RP,119.33333333333331,21,24,105,55,54,19,41,123,8,5,0,0,0,4.073,1.224,9,0,0.075,-0.104,-0.307,-0.506,-0.289,-0.161,-1.367,5.752,10.316407392538364,,10.316407392538364
207,,,,,,,,,,,,,,,,,,,,,,,,,,,,115,Michael Fulmer,BOS| CHN| DET| MIN,RIGHT,SP| RP,69.66666666666666,4,52,69,27,23,7,20,73,5,6,14,0,0,2.971,1.278,6,0,0.086,-0.966,-1.383,0.805,0.431,-0.261,-1.374,5.744999999999999,10.303852654751893,,10.303852654751893
208,,,,,,,,,,,,,,,,,,,,,,,,,,,,116,Cole Sulser,TBA| BAL| MIA| ARI| NYN,RIGHT,RP,63.33333333333333,0,60,48,20,19,5,23,73,5,4,8,0,0,2.7,1.121,2,0,0.032,-0.966,-1.383,0.243,0.526,0.202,-1.379,5.74,10.294884984904416,,10.294884984904416
209,54,Giancarlo Stanton,NYA,139,4,RIGHT,579,510,139,64,35,97,63,0,0,0.273,DH,-0.652,1.278,1.222,-1.0,0.373,1.221,4.0815,2.8605,10.2752745276356,,,,,,,,,,,,,,,,,,,,,,,,,,,,,,,,,,,10.2752745276356
210,178,Omar Narvaez,CHA| MIL| NYN,123,5,LEFT,445,391,104,54,11,49,41,0,0,0.266,CC,-1.205,-1.055,-1.089,-1.0,0.09,-4.259,4.049999999999999,8.309,10.195972519153294,,,,,,,,,,,,,,,,,,,,,,,,,,,,,,,,,,,10.195972519153294
211,,,,,,,,,,,,,,,,,,,,,,,,,,,,117,Michael Pineda,MIN| DET,RIGHT,SP,109.33333333333336,21,22,114,49,44,17,21,88,9,8,0,0,0,3.622,1.235,10,5,0.091,0.183,-1.061,-0.506,0.12,-0.202,-1.466,5.653,10.138847529558303,,10.138847529558303
212,92,Andrew McCutchen,PIT| PHI| MIL,144,1,RIGHT,574,482,107,78,27,80,81,6,1,0.222,LF,0.121,0.501,0.404,-0.288,-1.509,-0.771,4.019,4.79,10.117929272710397,,,,,,,,,,,,,,,,,,,,,,,,,,,,,,,,,,,10.117929272710397
213,179,Christian Vazquez,MIN| BOS| HOU,132,7,RIGHT,498,458,118,50,6,49,33,8,4,0.258,CC,-1.425,-1.541,-1.089,-0.051,-0.187,-4.293,4.015999999999999,8.309,10.110376700473983,,,,,,,,,,,,,,,,,,,,,,,,,,,,,,,,,,,10.110376700473983
214,,,,,,,,,,,,,,,,,,,,,,,,,,,,118,Taijuan Walker,PHI| SEA| TOR| NYN,RIGHT,SP,159.00000000000003,29,30,133,84,79,26,55,146,7,11,0,0,0,4.472,1.182,7,4,0.044,-0.391,0.188,-0.506,-0.88,0.075,-1.515,5.604,10.050964365053025,,10.050964365053025
215,,,,,,,,,,,,,,,,,,,,,,,,,,,,119,Cristian Javier,HOU,RIGHT,SP| RP,101.33333333333334,9,36,67,41,40,16,53,130,4,1,2,0,0,3.553,1.184,4,1,0.039,-1.253,-0.156,-0.319,0.167,0.039,-1.522,5.597,10.038409627266551,,10.038409627266551
216,73,Josh Bell,WAS| PIT| SDN| CLE| MIA| ARI,144,4,SWITCH,568,498,130,75,27,88,65,0,0,0.261,1B,-0.045,0.501,0.789,-1.0,-0.074,0.171,3.985,3.814,10.032333454031084,,,,,,,,,,,,,,,,,,,,,,,,,,,,,,,,,,,10.032333454031084
217,,,,,,,,,,,,,,,,,,,,,,,,,,,,120,Chris Stratton,KCA| LAN| PIT| SLN| TEX,RIGHT,RP,79.33333333333334,0,68,70,34,32,9,33,86,7,1,8,0,0,3.63,1.298,2,0,0.025,-0.391,-1.104,0.243,0.082,-0.37,-1.54,5.579,10.006126015815632,,10.006126015815632
218,,,,,,,,,,,,,,,,,,,,,,,,,,,,121,Andrew Chafin,ANA| WAS| ARI| CHN| OAK| DET| MIL| TEX,LEFT,RP,68.66666666666667,0,71,45,14,14,4,19,64,2,4,5,0,0,1.835,0.932,1,0,0.015,-1.827,-1.577,-0.038,1.034,0.793,-1.615,5.504,9.871610968103468,,9.871610968103468
219,93,Mark Canha,KCA| OAK| NYN| MIL| DET| SFN,141,1,RIGHT,625,519,120,93,17,61,77,12,2,0.231,LF| CF| RF,0.949,-0.472,-0.511,0.424,-1.259,-0.869,3.921,4.79,9.871211912987675,,,,,,,,,,,,,,,,,,,,,,,,,,,,,,,,,,,9.871211912987675
220,95,Charlie Blackmon,COL,150,3,LEFT,582,514,139,76,13,78,54,3,0,0.27,RF,0.01,-0.86,0.308,-0.644,0.292,-0.894,3.896,4.79,9.808273811017592,,,,,,,,,,,,,,,,,,,,,,,,,,,,,,,,,,,9.808273811017592
221,,,,,,,,,,,,,,,,,,,,,,,,,,,,122,Brad Boxberger,MIA| MIL| CHN,RIGHT,RP,64.66666666666666,0,71,44,26,24,8,25,83,5,4,4,0,0,3.34,1.067,3,0,0.046,-0.966,-1.168,-0.132,0.214,0.361,-1.691,5.428,9.735302386421807,,9.735302386421807
222,,,,,,,,,,,,,,,,,,,,,,,,,,,,123,Kyle Hendricks,ANA| CHN,RIGHT,SP,181.0,32,32,200,101,96,31,44,131,14,7,0,0,0,4.774,1.348,9,1,0.05,1.619,-0.135,-0.506,-1.429,-1.242,-1.694,5.425,9.72992178451332,,9.72992178451332
223,180,Elias Diaz,SDN| COL,106,8,RIGHT,371,338,83,52,18,44,30,0,0,0.246,CC,-1.315,-0.374,-1.33,-1.0,-0.449,-4.469,3.839999999999999,8.309,9.667292462604603,,,,,,,,,,,,,,,,,,,,,,,,,,,,,,,,,,,9.667292462604603
224,,,,,,,,,,,,,,,,,,,,,,,,,,,,124,Clay Holmes,NYN| PIT| NYA,RIGHT,RP,70.00000000000001,0,69,53,32,28,5,29,78,8,4,0,0,0,3.6,1.171,2,0,0.029,-0.104,-1.276,-0.506,0.089,0.067,-1.731,5.388,9.663561027641986,,9.663561027641986
225,182,Yan Gomes,WAS| OAK| CHN,102,7,RIGHT,375,349,88,49,14,52,19,0,0,0.252,CC,-1.481,-0.763,-0.944,-1.0,-0.289,-4.477,3.831999999999999,8.309,9.647152269974178,,,,,,,,,,,,,,,,,,,,,,,,,,,,,,,,,,,9.647152269974178
226,,,,,,,,,,,,,,,,,,,,,,,,,,,,125,David Bednar,NYA| PIT| SDN,RIGHT,RP,60.66666666666667,0,61,40,15,15,5,19,77,3,1,3,0,0,2.225,0.973,3,2,0.049,-1.54,-1.297,-0.225,0.729,0.592,-1.742,5.377,9.643832153977534,,9.643832153977534
227,,,,,,,,,,,,,,,,,,,,,,,,,,,,126,Alex Cobb,BAL| ANA| SFN| CLE,RIGHT,SP,93.33333333333334,18,18,85,46,39,5,33,98,8,3,0,0,0,3.761,1.264,6,0,0.064,-0.104,-0.845,-0.506,0.002,-0.295,-1.749,5.369999999999999,9.631277416191065,,9.631277416191065
228,,,,,,,,,,,,,,,,,,,,,,,,,,,,127,Austin Gomber,COL| SLN,LEFT,SP,115.33333333333334,23,23,102,64,58,20,41,113,9,9,0,0,0,4.526,1.24,1,1,0.009,0.183,-0.522,-0.506,-0.687,-0.239,-1.773,5.346,9.588232600923172,,9.588232600923172
229,,,,,,,,,,,,,,,,,,,,,,,,,,,,128,Trevor May,MIN| NYN| OAK,RIGHT,RP,62.66666666666666,0,68,55,29,25,10,24,83,7,3,4,0,0,3.59,1.261,3,0,0.048,-0.391,-1.168,-0.132,0.084,-0.188,-1.795,5.324,9.54877485359427,,9.54877485359427
230,78,Jean Segura,PHI| MIA,131,2,RIGHT,567,514,149,76,14,58,39,9,3,0.29,2B,0.01,-0.763,-0.656,0.068,1.056,-0.285,3.791,4.076,9.543933782743244,,,,,,,,,,,,,,,,,,,,,,,,,,,,,,,,,,,9.543933782743244
231,96,Austin Hays,CIN| BAL| PHI,130,2,RIGHT,529,488,125,72,22,71,28,4,3,0.256,LF| RF,-0.211,0.014,-0.03,-0.525,-0.255,-1.006,3.784,4.79,9.526311114191625,,,,,,,,,,,,,,,,,,,,,,,,,,,,,,,,,,,9.526311114191625
232,,,,,,,,,,,,,,,,,,,,,,,,,,,,129,Caleb Thielbar,CHN| MIN,LEFT,RP,64.00000000000001,0,59,55,24,23,8,20,77,7,0,0,0,0,3.234,1.172,2,1,0.031,-0.391,-1.297,-0.506,0.264,0.06,-1.871,5.247999999999999,9.412466271912608,,9.412466271912608
233,,,,,,,,,,,,,,,,,,,,,,,,,,,,130,Josh Staumont,KCA| MIN,RIGHT,RP,65.66666666666667,0,64,43,24,21,6,27,72,4,3,5,0,0,2.878,1.066,2,0,0.03,-1.253,-1.405,-0.038,0.454,0.369,-1.873,5.246,9.408879203973616,,9.408879203973616
234,,,,,,,,,,,,,,,,,,,,,,,,,,,,131,Zach Plesac,CLE| ANA,RIGHT,SP,142.66666666666669,25,25,137,79,74,23,34,100,10,6,0,0,0,4.668,1.199,3,1,0.021,0.47,-0.802,-0.506,-1.009,-0.035,-1.883,5.236,9.390943864278665,,9.390943864278665
235,,,,,,,,,,,,,,,,,,,,,,,,,,,,132,Jose Suarez,ATL| ANA,LEFT,SP| RP,98.33333333333334,14,23,85,45,41,11,36,85,8,8,0,0,0,3.752,1.23,6,0,0.061,-0.104,-1.125,-0.506,0.008,-0.163,-1.891,5.228,9.376595592522698,,9.376595592522698
236,,,,,,,,,,,,,,,,,,,,,,,,,,,,133,Drew Smyly,SFN| ATL| CHN,LEFT,SP| RP,126.66666666666669,23,29,133,69,63,27,41,117,11,4,0,0,0,4.476,1.374,6,5,0.047,0.757,-0.436,-0.506,-0.706,-1.013,-1.904,5.215,9.353279650919257,,9.353279650919257
237,,,,,,,,,,,,,,,,,,,,,,,,,,,,134,Nestor Cortes,MIL| SDN| SEA| NYA,LEFT,SP| RP,93.0,14,22,75,32,30,14,25,103,2,3,0,0,0,2.903,1.075,5,0,0.054,-1.827,-0.738,-0.506,0.625,0.485,-1.962,5.157,9.249254680688516,,9.249254680688516
238,,,,,,,,,,,,,,,,,,,,,,,,,,,,135,Yusei Kikuchi,ANA| SEA| TOR| HOU,LEFT,SP,157.0,29,29,145,82,77,27,62,163,7,9,0,0,0,4.414,1.319,4,3,0.025,-0.391,0.554,-0.506,-0.798,-0.872,-2.014,5.105,9.155990914274748,,9.155990914274748
239,188,Gary Sanchez,BAL| NYA| MIN| NYN| SDN| MIL,117,7,RIGHT,440,383,78,54,23,54,52,0,0,0.204,CC,-1.205,0.112,-0.848,-1.0,-1.735,-4.676,3.632999999999999,8.309,9.146164978292326,,,,,,,,,,,,,,,,,,,,,,,,,,,,,,,,,,,9.146164978292326
240,97,Dylan Carlson,BAL| SLN| TBA,149,2,SWITCH,619,542,144,79,18,65,57,2,1,0.266,CF| RF,0.176,-0.374,-0.318,-0.763,0.112,-1.168,3.622,4.79,9.118472213425491,,,,,,,,,,,,,,,,,,,,,,,,,,,,,,,,,,,9.118472213425491
241,,,,,,,,,,,,,,,,,,,,,,,,,,,,136,Cole Irvin,PHI| OAK| BAL| MIN,LEFT,SP,178.33333333333331,32,32,195,94,84,23,42,125,10,15,0,0,0,4.239,1.329,2,1,0.011,0.47,-0.264,-0.506,-0.663,-1.073,-2.037,5.082,9.114739632976349,,9.114739632976349
242,,,,,,,,,,,,,,,,,,,,,,,,,,,,137,Jon Gray,TEX| COL,RIGHT,SP,148.99999999999997,29,29,140,83,76,21,58,157,8,12,0,0,0,4.591,1.329,8,2,0.054,-0.104,0.425,-0.506,-0.963,-0.896,-2.045,5.074,9.100391361220384,,9.100391361220384
243,98,Raimel Tapia,COL| TOR| BOS| MIL| TBA,133,1,LEFT,533,487,133,69,6,50,40,20,6,0.273,LF,-0.376,-1.541,-1.041,1.374,0.376,-1.208,3.582,4.79,9.01777125027336,,,,,,,,,,,,,,,,,,,,,,,,,,,,,,,,,,,9.01777125027336
244,,,,,,,,,,,,,,,,,,,,,,,,,,,,138,Drew Rasmussen,TBA| MIL,RIGHT,SP| RP,76.0,10,35,57,27,24,5,25,73,4,1,1,0,0,2.842,1.079,4,0,0.053,-1.253,-1.383,-0.413,0.547,0.384,-2.119,5.0,8.967669847477715,,8.967669847477715
245,,,,,,,,,,,,,,,,,,,,,,,,,,,,139,Logan Gilbert,SEA,RIGHT,SP,119.33333333333331,24,24,112,63,62,17,28,128,6,5,0,0,0,4.676,1.173,10,0,0.084,-0.679,-0.199,-0.506,-0.851,0.105,-2.131,4.988,8.946147439843768,,8.946147439843768
246,,,,,,,,,,,,,,,,,,,,,,,,,,,,140,Yimi Garcia,TOR| MIA| HOU| SEA,RIGHT,RP,57.66666666666667,0,62,49,33,27,8,18,60,4,9,15,0,0,4.214,1.162,2,0,0.035,-1.253,-1.663,0.898,-0.203,0.08,-2.141,4.978,8.928212100148812,,8.928212100148812
247,,,,,,,,,,,,,,,,,,,,,,,,,,,,141,Yusmeiro Petit,OAK,RIGHT,RP,78.0,0,78,69,35,34,12,12,37,8,3,2,0,0,3.923,1.038,4,1,0.051,-0.104,-2.158,-0.319,-0.098,0.534,-2.146,4.973,8.919244430301335,,8.919244430301335
248,,,,,,,,,,,,,,,,,,,,,,,,,,,,142,Michael Kopech,LAN| CHA,RIGHT,SP| RP,69.33333333333334,4,44,54,27,27,9,24,103,4,3,0,0,0,3.505,1.125,10,0,0.144,-1.253,-0.738,-0.506,0.14,0.209,-2.148,4.971,8.915657362362344,,8.915657362362344
249,,,,,,,,,,,,,,,,,,,,,,,,,,,,143,Madison Bumgarner,ARI,LEFT,SP,146.33333333333334,26,26,134,82,76,24,39,124,7,10,0,0,0,4.674,1.182,11,4,0.075,-0.391,-0.286,-0.506,-1.042,0.07,-2.155,4.964,8.903102624575876,,8.903102624575876
250,,,,,,,,,,,,,,,,,,,,,,,,,,,,144,Lucas Luetge,NYA| ATL,LEFT,RP,72.33333333333333,1,57,67,30,22,6,15,78,4,2,1,0,0,2.737,1.134,5,0,0.069,-1.253,-1.276,-0.413,0.58,0.19,-2.172,4.946999999999999,8.87261254709445,,8.87261254709445
251,,,,,,,,,,,,,,,,,,,,,,,,,,,,145,Daniel Bard,COL,RIGHT,RP,65.66666666666667,0,67,69,41,38,8,36,80,7,8,20,0,0,5.208,1.599,7,3,0.107,-0.391,-1.233,1.367,-0.741,-1.18,-2.179,4.94,8.860057809307982,,8.860057809307982
252,,,,,,,,,,,,,,,,,,,,,,,,,,,,146,Lucas Sims,WAS| CIN| BOS,RIGHT,RP,46.99999999999999,0,47,34,26,23,6,18,76,5,3,7,0,0,4.404,1.106,2,1,0.043,-0.966,-1.319,0.149,-0.235,0.18,-2.191,4.928,8.838535401674037,,8.838535401674037
253,99,Josh Donaldson,MIN| NYA| MIL,135,2,RIGHT,543,457,113,73,26,72,74,0,0,0.247,3B| DH,-0.155,0.403,0.019,-1.0,-0.548,-1.282,3.508,4.79,8.831474468441918,,,,,,,,,,,,,,,,,,,,,,,,,,,,,,,,,,,8.831474468441918
254,,,,,,,,,,,,,,,,,,,,,,,,,,,,147,J. T. Chargois,SEA| TBA| MIA,RIGHT,RP,53.66666666666666,0,56,38,16,15,5,20,53,6,1,0,0,0,2.515,1.081,1,3,0.019,-0.679,-1.814,-0.506,0.523,0.267,-2.209,4.91,8.806251790223117,,8.806251790223117
255,,,,,,,,,,,,,,,,,,,,,,,,,,,,148,Adbert Alzolay,CHN,RIGHT,SP| RP,125.66666666666669,21,29,112,66,64,25,34,128,5,13,1,0,0,4.584,1.162,10,2,0.08,-0.966,-0.199,-0.413,-0.806,0.174,-2.21,4.909,8.80445825625362,,8.80445825625362
256,87,Adam Frazier,KCA| PIT| SDN| SEA| BAL,154,1,LEFT,639,577,176,83,5,43,48,10,5,0.305,2B,0.397,-1.638,-1.378,0.187,1.853,-0.58,3.496,4.076,8.801264179496277,,,,,,,,,,,,,,,,,,,,,,,,,,,,,,,,,,,8.801264179496277
257,,,,,,,,,,,,,,,,,,,,,,,,,,,,149,Kwang Hyun Kim,SLN,LEFT,SP| RP,106.66666666666669,21,27,98,46,41,12,39,80,7,7,1,0,0,3.459,1.284,1,3,0.009,-0.391,-1.233,-0.413,0.253,-0.431,-2.215,4.904,8.795490586406142,,8.795490586406142
258,,,,,,,,,,,,,,,,,,,,,,,,,,,,150,Adam Ottavino,NYA| BOS| NYN,RIGHT,RP,62.0,0,69,55,31,29,5,35,71,7,3,11,0,0,4.21,1.452,22,3,0.355,-0.391,-1.427,0.524,-0.216,-0.71,-2.22,4.898999999999999,8.786522916558663,,8.786522916558663
259,,,,,,,,,,,,,,,,,,,,,,,,,,,,151,Dominic Leone,CLE| SFN| ANA| NYN| SEA| CHA,RIGHT,SP| RP,53.66666666666666,4,57,37,15,9,2,22,50,4,5,2,0,0,1.509,1.099,0,0,0.0,-1.253,-1.879,-0.319,0.945,0.222,-2.283,4.836,8.673530276480447,,8.673530276480447
260,,,,,,,,,,,,,,,,,,,,,,,,,,,,152,Mike Minor,OAK| TEX| KCA| CIN,LEFT,SP,158.66666666666669,28,28,156,92,89,26,41,149,8,12,0,0,0,5.048,1.242,3,3,0.019,-0.104,0.253,-0.506,-1.593,-0.341,-2.293,4.826,8.655594936785489,,8.655594936785489
261,,,,,,,,,,,,,,,,,,,,,,,,,,,,153,Jeurys Familia,NYN| BOS| PHI| OAK,RIGHT,RP,59.33333333333333,0,65,57,31,26,10,27,72,9,4,1,0,0,3.944,1.416,2,0,0.034,0.183,-1.405,-0.413,-0.084,-0.585,-2.304,4.815,8.635866063121039,,8.635866063121039
262,82,Nathaniel Lowe,BOS| WAS| TBA| TEX,157,4,LEFT,642,557,147,75,18,72,80,8,0,0.264,1B,-0.045,-0.374,0.019,-0.051,0.04,-0.412,3.402,3.814,8.56461691608877,,,,,,,,,,,,,,,,,,,,,,,,,,,,,,,,,,,8.56461691608877
263,,,,,,,,,,,,,,,,,,,,,,,,,,,,154,Tyler Anderson,ANA| SFN| PIT| SEA| LAN,LEFT,SP,166.99999999999997,31,31,170,87,84,27,38,134,7,11,0,0,0,4.527,1.246,8,1,0.048,-0.391,-0.07,-0.506,-0.997,-0.388,-2.353,4.766,8.547982898615757,,8.547982898615757
264,,,,,,,,,,,,,,,,,,,,,,,,,,,,155,Anthony Bender,MIA,RIGHT,RP,61.33333333333334,1,60,45,22,19,5,20,71,3,2,3,0,0,2.788,1.06,2,3,0.033,-1.54,-1.427,-0.225,0.467,0.362,-2.363,4.756,8.530047558920803,,8.530047558920803
265,,,,,,,,,,,,,,,,,,,,,,,,,,,,156,Daniel Hudson,WAS| SDN| LAN,RIGHT,RP,51.66666666666666,0,54,40,22,19,8,16,75,5,3,0,0,0,3.31,1.084,1,0,0.019,-0.966,-1.34,-0.506,0.183,0.25,-2.38,4.739,8.499557481439378,,8.499557481439378
266,,,,,,,,,,,,,,,,,,,,,,,,,,,,157,Huascar Ynoa,ATL,RIGHT,SP,91.0,17,18,76,42,41,14,25,100,4,6,0,0,0,4.055,1.11,6,1,0.066,-1.253,-0.802,-0.506,-0.208,0.335,-2.434,4.685,8.402706647086617,,8.402706647086617
267,,,,,,,,,,,,,,,,,,,,,,,,,,,,158,Tim Mayza,PHI| PIT| TOR| NYA,LEFT,RP,53.0,0,61,40,21,20,5,12,57,5,2,1,0,0,3.396,0.981,3,0,0.057,-0.966,-1.728,-0.413,0.152,0.497,-2.457,4.662,8.36145536578822,,8.36145536578822
268,104,Jeimer Candelario,CIN| DET| CHN| WAS,149,5,SWITCH,626,557,151,75,16,67,65,0,0,0.271,3B,-0.045,-0.569,-0.222,-1.0,0.345,-1.491,3.299,4.79,8.305311935972032,,,,,,,,,,,,,,,,,,,,,,,,,,,,,,,,,,,8.305311935972032
269,,,,,,,,,,,,,,,,,,,,,,,,,,,,159,Luis Cessa,NYA| CIN,RIGHT,RP,64.66666666666667,0,53,55,24,18,5,19,54,5,2,0,0,0,2.505,1.144,1,1,0.015,-0.966,-1.792,-0.506,0.635,0.139,-2.49,4.629,8.302268744794867,,8.302268744794867
270,,,,,,,,,,,,,,,,,,,,,,,,,,,,160,Tony Watson,SFN| ANA,LEFT,RP,57.33333333333333,0,62,40,26,25,4,18,44,7,4,0,0,0,3.924,1.012,4,0,0.07,-0.391,-2.008,-0.506,-0.072,0.46,-2.518,4.601,8.252049793648993,,8.252049793648993
271,,,,,,,,,,,,,,,,,,,,,,,,,,,,162,Joe Ross,PHI| WAS| MIL,RIGHT,SP,108.0,19,20,98,57,50,17,34,109,5,9,0,0,0,4.167,1.222,5,2,0.046,-0.966,-0.608,-0.506,-0.341,-0.14,-2.561,4.558,8.174927832960684,,8.174927832960684
272,,,,,,,,,,,,,,,,,,,,,,,,,,,,161,Triston McKenzie,CLE,RIGHT,SP,120.0,24,25,84,66,66,21,58,136,5,9,0,0,0,4.95,1.183,5,3,0.042,-0.966,-0.027,-0.506,-1.113,0.051,-2.561,4.558,8.174927832960684,,8.174927832960684
273,203,Sean Murphy,ATL| OAK,117,7,RIGHT,448,393,85,47,17,59,40,0,0,0.216,CC,-1.591,-0.472,-0.607,-1.0,-1.401,-5.071,3.2379999999999995,8.309,8.15174296716503,,,,,,,,,,,,,,,,,,,,,,,,,,,,,,,,,,,8.15174296716503
274,,,,,,,,,,,,,,,,,,,,,,,,,,,,163,Jeffrey Springs,ATH| BOS| TBA,LEFT,RP,44.66666666666666,0,43,35,21,17,9,14,63,5,1,2,0,0,3.425,1.097,0,0,0.0,-0.966,-1.599,-0.319,0.118,0.19,-2.576,4.542999999999999,8.14802482341825,,8.14802482341825
275,,,,,,,,,,,,,,,,,,,,,,,,,,,,164,Merrill Kelly,ARI| TEX,RIGHT,SP,157.99999999999997,27,27,163,82,78,21,41,130,7,11,0,0,0,4.443,1.291,9,4,0.057,-0.391,-0.156,-0.506,-0.839,-0.686,-2.58,4.539,8.140850687540269,,8.140850687540269
276,,,,,,,,,,,,,,,,,,,,,,,,,,,,165,Jose Alvarez,PHI| SFN,LEFT,RP,64.66666666666666,1,67,53,23,17,2,19,42,5,2,0,0,0,2.366,1.113,5,1,0.077,-0.966,-2.051,-0.506,0.706,0.228,-2.589,4.529999999999999,8.124708881814808,,8.124708881814808
277,,,,,,,,,,,,,,,,,,,,,,,,,,,,166,Adam Cimber,CLE| MIA| TOR| ANA,RIGHT,RP,71.66666666666669,0,72,61,24,18,2,16,51,3,4,1,0,0,2.26,1.074,1,2,0.014,-1.54,-1.857,-0.413,0.841,0.376,-2.592,4.526999999999999,8.119328279906322,,8.119328279906322
278,,,,,,,,,,,,,,,,,,,,,,,,,,,,167,Zack Littell,CIN| TBA| MIN| SFN| BOS,RIGHT,RP,61.66666666666666,2,63,46,24,20,7,24,63,4,0,2,0,0,2.919,1.135,1,1,0.016,-1.253,-1.599,-0.319,0.407,0.158,-2.606,4.513,8.094218804333385,,8.094218804333385
279,,,,,,,,,,,,,,,,,,,,,,,,,,,,168,Ryan Yarbrough,NYA| TBA| KCA| LAN| TOR,LEFT,SP| RP,155.0,21,30,163,96,88,25,27,117,9,7,0,0,0,5.11,1.226,7,3,0.045,0.183,-0.436,-0.506,-1.631,-0.225,-2.616,4.503,8.076283464638431,,8.076283464638431
280,,,,,,,,,,,,,,,,,,,,,,,,,,,,169,Alex Colome,CHA| MIN| COL,RIGHT,RP,65.0,0,67,68,41,30,8,23,58,4,4,17,0,0,4.154,1.4,11,1,0.169,-1.253,-1.706,1.086,-0.198,-0.596,-2.668,4.451,7.983019698224661,,7.983019698224661
281,,,,,,,,,,,,,,,,,,,,,,,,,,,,170,Kyle Finnegan,DET| WAS,RIGHT,RP,66.0,0,68,64,39,26,9,34,68,5,9,11,0,0,3.546,1.485,9,2,0.136,-0.966,-1.491,0.524,0.112,-0.853,-2.674,4.445,7.972258494407689,,7.972258494407689
282,,,,,,,,,,,,,,,,,,,,,,,,,,,,171,Mike Mayers,ANA| KCA,RIGHT,RP,75.0,2,72,71,32,32,11,26,90,5,5,2,0,0,3.84,1.293,2,1,0.027,-0.966,-1.018,-0.319,-0.045,-0.333,-2.681,4.438,7.959703756621219,,7.959703756621219
283,,,,,,,,,,,,,,,,,,,,,,,,,,,,172,Aaron Bummer,ATL| CHA,LEFT,RP,56.33333333333333,0,62,42,28,22,3,29,75,5,5,2,0,0,3.515,1.26,5,2,0.089,-0.966,-1.34,-0.319,0.109,-0.168,-2.684,4.435,7.954323154712733,,7.954323154712733
284,,,,,,,,,,,,,,,,,,,,,,,,,,,,173,Phil Bickford,MIL| LAN| NYN| NYA,RIGHT,RP,51.33333333333333,0,57,36,18,16,7,19,59,4,2,1,0,0,2.805,1.071,6,2,0.117,-1.253,-1.685,-0.413,0.384,0.276,-2.69,4.429,7.94356195089576,,7.94356195089576
285,107,J. P. Crawford,SEA,159,1,LEFT,687,619,169,89,9,54,58,3,6,0.273,SS,0.728,-1.249,-0.848,-0.644,0.475,-1.539,3.1500000000000004,4.689,7.930200848230343,,,,,,,,,,,,,,,,,,,,,,,,,,,,,,,,,,,7.930200848230343
286,109,Enrique Hernandez,LAN| BOS,134,1,RIGHT,585,508,127,84,20,60,61,1,0,0.25,CF| 2B,0.452,-0.18,-0.559,-0.881,-0.503,-1.672,3.1180000000000003,4.79,7.849640077708639,,,,,,,,,,,,,,,,,,,,,,,,,,,,,,,,,,,7.849640077708639
287,,,,,,,,,,,,,,,,,,,,,,,,,,,,174,Ryan Tepera,CHN| CHA| ANA| SLN,RIGHT,RP,61.33333333333332,0,65,35,19,19,4,19,74,0,2,2,0,0,2.788,0.88,3,1,0.049,-2.401,-1.362,-0.319,0.467,0.849,-2.767,4.352,7.805459835244604,,7.805459835244604
288,,,,,,,,,,,,,,,,,,,,,,,,,,,,175,Danny Duffy,KCA,LEFT,SP,61.0,12,13,52,19,17,6,22,65,4,3,0,0,0,2.508,1.213,0,1,0.0,-1.253,-1.556,-0.506,0.598,-0.054,-2.771,4.348,7.7982856993666205,,7.7982856993666205
289,,,,,,,,,,,,,,,,,,,,,,,,,,,,176,Reynaldo Lopez,ATL| CHA| ANA| CLE,RIGHT,SP| RP,57.66666666666667,9,20,42,27,22,10,13,55,4,4,0,0,0,3.433,0.954,2,6,0.035,-1.253,-1.771,-0.506,0.148,0.611,-2.771,4.348,7.7982856993666205,,7.7982856993666205
290,110,Akil Baddoo,DET,117,1,LEFT,461,413,107,59,13,55,45,17,4,0.259,LF| CF,-0.928,-0.86,-0.8,1.018,-0.123,-1.694,3.096,4.79,7.794254547974965,,,,,,,,,,,,,,,,,,,,,,,,,,,,,,,,,,,7.794254547974965
291,,,,,,,,,,,,,,,,,,,,,,,,,,,,177,Zac Gallen,ARI,RIGHT,SP,121.33333333333331,23,23,108,61,58,19,49,139,4,10,0,0,0,4.302,1.294,1,1,0.008,-1.253,0.037,-0.506,-0.511,-0.542,-2.775,4.343999999999999,7.791111563488638,,7.791111563488638
292,112,DJ LeMahieu,NYA,150,1,RIGHT,679,597,160,84,10,57,73,4,2,0.268,2B| 1B| 3B,0.452,-1.152,-0.704,-0.525,0.229,-1.7,3.09,4.79,7.779149403502145,,,,,,,,,,,,,,,,,,,,,,,,,,,,,,,,,,,7.779149403502145
293,,,,,,,,,,,,,,,,,,,,,,,,,,,,178,Jake Brentz,KCA,LEFT,RP,64.0,0,72,45,32,26,7,37,76,5,2,2,0,0,3.656,1.281,1,1,0.016,-0.966,-1.319,-0.319,0.053,-0.25,-2.8,4.319,7.74627321425125,,7.74627321425125
294,,,,,,,,,,,,,,,,,,,,,,,,,,,,179,Luke Jackson,DET| SEA| TEX| ATL| SFN,RIGHT,RP,63.66666666666667,0,71,45,15,14,6,29,70,2,2,0,0,0,1.979,1.162,7,1,0.11,-1.827,-1.448,-0.506,0.887,0.087,-2.808,4.311,7.731924942495286,,7.731924942495286
295,,,,,,,,,,,,,,,,,,,,,,,,,,,,180,Jake Odorizzi,MIN| HOU| ATL,RIGHT,SP,104.66666666666666,23,24,97,51,49,16,34,91,6,7,0,0,0,4.213,1.252,3,2,0.029,-0.679,-0.996,-0.506,-0.368,-0.271,-2.821,4.298,7.708609000891844,,7.708609000891844
296,,,,,,,,,,,,,,,,,,,,,,,,,,,,181,John King,SLN| TEX,LEFT,RP,46.0,0,27,41,24,18,3,12,40,7,5,0,0,0,3.522,1.152,1,0,0.022,-0.391,-2.094,-0.506,0.087,0.083,-2.822,4.297,7.706815466922348,,7.706815466922348
297,113,Mike Yastrzemski,KCA| SFN,138,2,LEFT,532,468,105,74,25,71,51,4,0,0.224,RF| CF,-0.1,0.306,-0.03,-0.525,-1.38,-1.729,3.061,4.79,7.70614120521685,,,,,,,,,,,,,,,,,,,,,,,,,,,,,,,,,,,7.70614120521685
298,,,,,,,,,,,,,,,,,,,,,,,,,,,,182,Carlos Hernandez,CLE| DET| PHI| KCA,RIGHT,SP| RP,85.66666666666667,11,24,69,36,35,7,41,74,6,2,0,0,0,3.677,1.284,1,1,0.012,-0.679,-1.362,-0.506,0.058,-0.345,-2.835,4.284,7.683499525318906,,7.683499525318906
299,,,,,,,,,,,,,,,,,,,,,,,,,,,,183,Patrick Sandoval,ANA,LEFT,SP| RP,87.00000000000001,14,17,69,38,35,11,36,94,3,6,1,0,0,3.621,1.207,0,2,0.0,-1.54,-0.931,-0.413,0.097,-0.054,-2.841,4.278,7.6727383215019325,,7.6727383215019325
300,,,,,,,,,,,,,,,,,,,,,,,,,,,,184,Kyle Funkhouser,DET,RIGHT,RP,68.33333333333333,2,57,58,32,26,6,38,63,7,4,1,0,0,3.424,1.405,3,1,0.044,-0.391,-1.599,-0.413,0.181,-0.641,-2.863,4.256,7.633280574173032,,7.633280574173032
301,,,,,,,,,,,,,,,,,,,,,,,,,,,,185,Paolo Espino,WAS| TOR,RIGHT,SP| RP,109.66666666666669,19,35,108,53,52,19,25,92,5,5,1,0,0,4.268,1.213,4,1,0.036,-0.966,-0.974,-0.413,-0.432,-0.096,-2.881,4.238,7.60099696272211,,7.60099696272211
302,,,,,,,,,,,,,,,,,,,,,,,,,,,,186,Alex Vesia,LAN| MIA,LEFT,RP,39.99999999999999,0,41,17,17,10,6,22,54,3,1,1,0,0,2.25,0.975,1,1,0.025,-1.54,-1.792,-0.413,0.473,0.386,-2.886,4.233,7.592029292874633,,7.592029292874633
303,212,Daulton Varsho,TOR| ARI,92,8,LEFT,315,284,70,40,11,38,30,6,0,0.246,CF| CC,-1.978,-1.055,-1.619,-0.288,-0.358,-5.297,3.012,8.309,7.582782525355488,,,,,,,,,,,,,,,,,,,,,,,,,,,,,,,,,,,7.582782525355488
304,,,,,,,,,,,,,,,,,,,,,,,,,,,,187,Tim Hill,NYA| SDN| CHA,LEFT,RP,59.66666666666666,0,78,51,34,24,9,23,56,6,6,1,0,0,3.62,1.24,0,0,0.0,-0.679,-1.749,-0.413,0.067,-0.125,-2.899,4.22,7.568713351271191,,7.568713351271191
305,,,,,,,,,,,,,,,,,,,,,,,,,,,,188,Ryne Stanek,NYN| MIA| HOU| SEA,RIGHT,RP,68.33333333333334,0,72,46,32,26,8,37,83,3,5,2,0,0,3.424,1.215,3,0,0.044,-1.54,-1.168,-0.319,0.181,-0.065,-2.912,4.207,7.545397409667749,,7.545397409667749
306,,,,,,,,,,,,,,,,,,,,,,,,,,,,189,Bryan Shaw,SEA| CLE| CHA,RIGHT,RP,77.33333333333334,0,81,69,33,30,10,38,71,6,7,2,0,0,3.491,1.384,1,1,0.013,-0.679,-1.427,-0.319,0.164,-0.653,-2.913,4.206,7.543603875698253,,7.543603875698253
307,111,Francisco Lindor,NYN| CLE,125,2,SWITCH,524,452,104,73,20,63,58,10,4,0.23,SS,-0.155,-0.18,-0.415,0.187,-1.135,-1.699,2.99,4.689,7.527396995621817,,,,,,,,,,,,,,,,,,,,,,,,,,,,,,,,,,,7.527396995621817
308,,,,,,,,,,,,,,,,,,,,,,,,,,,,190,Johnny Cueto,SFN| CHA| MIA| ANA,RIGHT,SP,114.66666666666669,21,22,127,57,52,15,30,98,7,7,0,0,0,4.081,1.369,0,0,0.0,-0.391,-0.845,-0.506,-0.285,-0.894,-2.923,4.196,7.525668536003298,,7.525668536003298
309,,,,,,,,,,,,,,,,,,,,,,,,,,,,191,J. P. Feyereisen,ARI| LAN| MIL| TBA,RIGHT,RP,56.0,0,55,36,23,17,5,33,53,4,4,3,0,0,2.732,1.232,4,1,0.071,-1.253,-1.814,-0.225,0.451,-0.097,-2.938,4.180999999999999,7.498765526460864,,7.498765526460864
310,,,,,,,,,,,,,,,,,,,,,,,,,,,,192,Connor Brogdon,ANA| PHI| LAN,RIGHT,RP,57.66666666666667,1,56,47,27,22,6,18,50,5,4,1,0,0,3.433,1.127,6,0,0.104,-0.966,-1.879,-0.413,0.148,0.168,-2.941,4.178,7.493384924552378,,7.493384924552378
311,,,,,,,,,,,,,,,,,,,,,,,,,,,,193,Kenta Maeda,DET| MIN,RIGHT,SP,106.33333333333331,21,21,106,60,55,16,32,113,6,5,0,0,0,4.655,1.298,3,1,0.028,-0.679,-0.522,-0.506,-0.741,-0.493,-2.942,4.177,7.491591390582882,,7.491591390582882
312,,,,,,,,,,,,,,,,,,,,,,,,,,,,194,Taylor Rogers,CHN| CIN| MIN| MIL| SDN| SFN,LEFT,RP,40.33333333333333,0,40,38,18,15,4,8,59,2,4,9,0,0,3.347,1.141,1,0,0.025,-1.827,-1.685,0.336,0.131,0.094,-2.951,4.167999999999999,7.475449584857422,,7.475449584857422
313,,,,,,,,,,,,,,,,,,,,,,,,,,,,195,Spencer Turnbull,TOR| DET| PHI,RIGHT,SP,49.99999999999999,9,9,37,18,16,2,12,44,4,2,0,0,0,2.88,0.98,4,1,0.08,-1.253,-2.008,-0.506,0.345,0.471,-2.951,4.167999999999999,7.475449584857422,,7.475449584857422
314,,,,,,,,,,,,,,,,,,,,,,,,,,,,196,Tyler Wells,BAL,RIGHT,RP,57.00000000000001,0,44,40,27,26,9,12,65,2,3,4,0,0,4.105,0.912,2,0,0.035,-1.827,-1.556,-0.132,-0.152,0.708,-2.959,4.16,7.461101313101459,,7.461101313101459
315,,,,,,,,,,,,,,,,,,,,,,,,,,,,197,Hansel Robles,ANA| BOS| MIN,RIGHT,RP,69.00000000000001,0,72,58,39,34,8,37,76,3,5,14,0,0,4.435,1.377,5,1,0.072,-1.54,-1.319,0.805,-0.362,-0.561,-2.978,4.141,7.427024167681044,,7.427024167681044
316,,,,,,,,,,,,,,,,,,,,,,,,,,,,198,Jake Diekman,OAK| BOS| CHA| TBA| NYN,LEFT,RP,60.66666666666667,0,67,47,29,26,10,34,83,3,3,7,0,0,3.857,1.335,5,4,0.082,-1.54,-1.168,0.149,-0.045,-0.382,-2.985,4.134,7.414469429894575,,7.414469429894575
317,114,Tyler Naquin,CLE| CIN| NYN| CHA,126,5,LEFT,454,411,111,52,19,70,35,5,3,0.27,CF| RF| LF,-1.315,-0.277,-0.078,-0.407,0.223,-1.854,2.936,4.79,7.39145069536644,,,,,,,,,,,,,,,,,,,,,,,,,,,,,,,,,,,7.39145069536644
318,,,,,,,,,,,,,,,,,,,,,,,,,,,,199,Camilo Doval,NYA| SFN,RIGHT,RP,27.000000000000004,0,29,19,10,9,4,9,37,5,1,3,0,0,3.0,1.037,0,0,0.0,-0.966,-2.158,-0.225,0.161,0.186,-3.002,4.117,7.38397935241315,,7.38397935241315
319,94,Brandon Belt,SFN| TOR,97,4,LEFT,381,325,89,65,29,59,48,3,2,0.274,1B,-0.597,0.695,-0.607,-0.644,0.27,-0.884,2.93,3.814,7.37634555089362,,,,,,,,,,,,,,,,,,,,,,,,,,,,,,,,,,,7.37634555089362
320,,,,,,,,,,,,,,,,,,,,,,,,,,,,200,Mychal Givens,BAL| COL| CIN| CHN| NYN,RIGHT,RP,51.0,0,54,43,22,19,7,27,54,4,3,8,0,0,3.353,1.373,7,4,0.137,-1.253,-1.792,0.243,0.163,-0.405,-3.044,4.074999999999999,7.308650925694336,,7.308650925694336
321,214,Luis Torrens,NYN| SDN| SEA| CHN,105,6,RIGHT,378,346,84,39,15,47,28,0,0,0.243,CC| DH,-2.033,-0.666,-1.185,-1.0,-0.534,-5.418,2.890999999999999,8.309,7.27816211182029,,,,,,,,,,,,,,,,,,,,,,,,,,,,,,,,,,,7.27816211182029
322,,,,,,,,,,,,,,,,,,,,,,,,,,,,201,Codi Heuer,DET| TEX| CHA| CHN,RIGHT,RP,67.33333333333334,0,65,65,34,32,7,23,56,7,4,2,0,0,4.277,1.307,3,2,0.045,-0.391,-1.749,-0.319,-0.27,-0.34,-3.07,4.049,7.262019042487453,,7.262019042487453
323,,,,,,,,,,,,,,,,,,,,,,,,,,,,202,Jorge Alcala,BOS| MIN| SLN,RIGHT,RP,59.66666666666667,0,59,45,29,26,10,13,61,3,6,1,0,0,3.922,0.972,4,0,0.067,-1.54,-1.642,-0.413,-0.074,0.584,-3.085,4.034,7.23511603294502,,7.23511603294502
324,115,Ian Happ,CHN,147,3,SWITCH,535,465,105,63,25,66,62,9,2,0.226,CF| LF,-0.708,0.306,-0.27,0.068,-1.32,-1.924,2.866,4.79,7.21522400985021,,,,,,,,,,,,,,,,,,,,,,,,,,,,,,,,,,,7.21522400985021
325,,,,,,,,,,,,,,,,,,,,,,,,,,,,203,Jose Alvarado,PHI| TBA,LEFT,RP,55.666666666666686,0,64,42,30,26,5,47,68,7,1,5,0,0,4.204,1.599,4,2,0.072,-0.391,-1.491,-0.038,-0.192,-1.0,-3.112,4.007,7.18669061576864,,7.18669061576864
326,,,,,,,,,,,,,,,,,,,,,,,,,,,,204,Hunter Strickland,ANA| NYN| MIL| TBA| CIN,RIGHT,RP,58.66666666666665,0,57,46,21,17,8,22,58,3,2,0,0,0,2.608,1.159,6,0,0.102,-1.54,-1.706,-0.506,0.529,0.088,-3.135,3.984,7.145439334470243,,7.145439334470243
327,,,,,,,,,,,,,,,,,,,,,,,,,,,,205,Richard Bleier,BAL| MIA| BOS,LEFT,RP,57.99999999999999,0,68,51,20,19,4,6,44,3,2,0,0,0,2.948,0.983,3,0,0.052,-1.54,-2.008,-0.506,0.369,0.54,-3.145,3.974,7.127503994775288,,7.127503994775288
328,,,,,,,,,,,,,,,,,,,,,,,,,,,,206,Andrew Heaney,LAN| PIT| ANA| NYA| TEX,LEFT,SP| RP,129.66666666666666,23,30,130,85,84,29,41,150,8,9,0,0,0,5.83,1.319,4,0,0.031,-0.104,0.274,-0.506,-2.094,-0.722,-3.153,3.966,7.113155723019323,,7.113155723019323
329,,,,,,,,,,,,,,,,,,,,,,,,,,,,207,Chris Paddack,DET| MIN| SDN,RIGHT,SP,108.33333333333334,22,23,115,67,61,15,22,99,7,7,0,0,0,5.068,1.265,5,2,0.046,-0.391,-0.824,-0.506,-1.104,-0.343,-3.169,3.95,7.084459179507395,,7.084459179507395
330,,,,,,,,,,,,,,,,,,,,,,,,,,,,208,Domingo German,NYA| PIT,RIGHT,SP| RP,98.33333333333331,18,22,89,52,50,17,27,98,4,5,0,0,0,4.576,1.18,6,1,0.061,-1.253,-0.845,-0.506,-0.625,0.058,-3.171,3.948,7.080872111568404,,7.080872111568404
331,,,,,,,,,,,,,,,,,,,,,,,,,,,,209,Zach Eflin,BAL| PHI| TBA,RIGHT,SP,105.66666666666669,18,18,116,52,49,15,16,99,4,7,0,0,0,4.173,1.249,1,0,0.009,-1.253,-0.824,-0.506,-0.339,-0.263,-3.185,3.934,7.055762635995466,,7.055762635995466
332,,,,,,,,,,,,,,,,,,,,,,,,,,,,210,Tyler Duffey,MIN| CHN| KCA,RIGHT,RP,62.333333333333336,0,64,48,25,22,4,28,61,3,3,3,0,0,3.176,1.219,0,2,0.0,-1.54,-1.642,-0.225,0.286,-0.072,-3.194,3.925,7.039620830270006,,7.039620830270006
333,116,Yoan Moncada,ANA| CHA,144,3,SWITCH,616,520,137,74,14,61,84,3,2,0.263,3B,-0.1,-0.763,-0.511,-0.644,0.019,-1.999,2.791,4.79,7.026409703939963,,,,,,,,,,,,,,,,,,,,,,,,,,,,,,,,,,,7.026409703939963
334,,,,,,,,,,,,,,,,,,,,,,,,,,,,211,Corey Kluber,TEX| NYA| TBA| BOS,RIGHT,SP,80.0,16,16,74,37,34,8,33,82,5,3,0,0,0,3.825,1.337,12,2,0.15,-0.966,-1.19,-0.506,-0.039,-0.512,-3.212,3.907,7.007337218819086,,7.007337218819086
335,,,,,,,,,,,,,,,,,,,,,,,,,,,,212,Tejay Antone,CIN,RIGHT,RP,33.666666666666664,0,23,17,8,8,3,13,42,2,0,3,0,0,2.139,0.891,3,0,0.089,-1.827,-2.051,-0.225,0.427,0.45,-3.226,3.893,6.982227743246148,,6.982227743246148
336,,,,,,,,,,,,,,,,,,,,,,,,,,,,213,Genesis Cabrera,CHN| MIN| NYN| PIT| SLN| TOR,LEFT,RP,70.0,0,71,52,31,29,3,36,77,4,5,0,0,0,3.729,1.257,2,0,0.029,-1.253,-1.297,-0.506,0.019,-0.199,-3.237,3.882,6.962498869581697,,6.962498869581697
337,219,Carson Kelly,CHN| ARI| DET| TEX,98,5,RIGHT,359,304,73,41,13,46,44,0,0,0.24,CC,-1.922,-0.86,-1.233,-1.0,-0.53,-5.547,2.762,8.309,6.953401505654668,,,,,,,,,,,,,,,,,,,,,,,,,,,,,,,,,,,6.953401505654668
338,,,,,,,,,,,,,,,,,,,,,,,,,,,,214,Casey Sadler,CHN| SEA,RIGHT,RP,40.333333333333336,0,42,19,4,3,1,10,37,0,1,0,0,0,0.669,0.719,1,0,0.025,-2.401,-2.158,-0.506,0.975,0.846,-3.245,3.874,6.948150597825733,,6.948150597825733
339,,,,,,,,,,,,,,,,,,,,,,,,,,,,215,Pierce Johnson,ATL| SDN| COL,RIGHT,RP,58.666666666666686,2,63,47,21,21,6,27,77,3,4,0,0,0,3.222,1.261,2,1,0.034,-1.54,-1.297,-0.506,0.248,-0.178,-3.273,3.846,6.897931646679858,,6.897931646679858
340,,,,,,,,,,,,,,,,,,,,,,,,,,,,216,Wandy Peralta,SDN| SFN| NYA,LEFT,RP,51.000000000000014,1,56,49,24,19,6,21,43,5,4,5,0,0,3.353,1.373,0,0,0.0,-0.966,-2.029,-0.038,0.163,-0.405,-3.275,3.844,6.894344578740867,,6.894344578740867
341,,,,,,,,,,,,,,,,,,,,,,,,,,,,217,Corey Knebel,MIL| LAN| PHI,RIGHT,SP| RP,25.666666666666664,4,27,16,8,7,2,9,30,4,0,3,0,0,2.454,0.974,1,0,0.039,-1.253,-2.309,-0.225,0.262,0.249,-3.276,3.843,6.892551044771372,,6.892551044771372
342,,,,,,,,,,,,,,,,,,,,,,,,,,,,218,Matt Wisler,MIN| SFN| TBA,RIGHT,RP,48.66666666666666,0,48,41,24,20,6,11,62,3,5,1,0,0,3.699,1.069,4,1,0.082,-1.54,-1.62,-0.413,0.024,0.268,-3.28,3.839,6.88537690889339,,6.88537690889339
343,,,,,,,,,,,,,,,,,,,,,,,,,,,,220,Joe Barlow,TEX,RIGHT,RP,29.0,0,31,12,9,5,2,12,27,0,2,11,0,0,1.552,0.828,1,0,0.034,-2.401,-2.374,0.524,0.501,0.469,-3.281,3.838,6.8835833749238935,,6.8835833749238935
344,,,,,,,,,,,,,,,,,,,,,,,,,,,,219,Bailey Ober,MIN,RIGHT,SP,92.33333333333331,20,20,92,45,43,20,19,96,3,3,0,0,0,4.191,1.202,3,3,0.032,-1.54,-0.888,-0.506,-0.309,-0.037,-3.281,3.838,6.8835833749238935,,6.8835833749238935
345,,,,,,,,,,,,,,,,,,,,,,,,,,,,221,Tanner Houck,BOS,RIGHT,SP| RP,69.0,13,18,57,32,27,4,21,87,1,5,1,0,0,3.522,1.13,7,0,0.101,-2.114,-1.082,-0.413,0.13,0.191,-3.288,3.831,6.871028637137425,,6.871028637137425
346,,,,,,,,,,,,,,,,,,,,,,,,,,,,222,Joe Kelly,LAN| CHA,RIGHT,RP,43.99999999999999,0,48,28,16,14,3,15,50,2,0,2,0,0,2.864,0.977,2,0,0.045,-1.827,-1.879,-0.319,0.309,0.42,-3.296,3.823,6.856680365381461,,6.856680365381461
347,,,,,,,,,,,,,,,,,,,,,,,,,,,,223,Josh Fleming,TBA| PIT,LEFT,SP| RP,104.33333333333331,11,26,110,60,59,11,31,65,10,8,1,0,0,5.09,1.351,1,0,0.01,0.47,-1.556,-0.413,-1.081,-0.732,-3.311,3.808,6.829777355839028,,6.829777355839028
348,,,,,,,,,,,,,,,,,,,,,,,,,,,,225,Kyle Freeland,COL,LEFT,SP,120.66666666666669,23,23,133,59,58,20,38,105,7,8,0,0,0,4.326,1.417,8,4,0.066,-0.391,-0.695,-0.506,-0.531,-1.197,-3.32,3.799,6.813635550113568,,6.813635550113568
349,,,,,,,,,,,,,,,,,,,,,,,,,,,,224,Archie Bradley,ARI| CIN| PHI| ANA| MIA,RIGHT,RP,50.99999999999999,0,53,51,24,21,5,22,40,7,3,2,0,0,3.706,1.431,2,0,0.039,-0.391,-2.094,-0.319,0.023,-0.538,-3.32,3.799,6.813635550113568,,6.813635550113568
350,,,,,,,,,,,,,,,,,,,,,,,,,,,,226,Deolis Guerra,PHI| OAK,RIGHT,RP,65.66666666666667,0,53,53,34,30,8,20,62,4,1,0,0,0,4.112,1.112,10,0,0.152,-1.253,-1.62,-0.506,-0.179,0.236,-3.322,3.797,6.810048482174576,,6.810048482174576
351,,,,,,,,,,,,,,,,,,,,,,,,,,,,227,Jose Cisnero,DET| ANA,RIGHT,RP,61.66666666666667,0,67,51,34,25,6,31,62,4,4,4,0,0,3.649,1.33,2,0,0.032,-1.253,-1.62,-0.132,0.055,-0.373,-3.323,3.796,6.8082549482050805,,6.8082549482050805
352,117,Joey Wendle,TBA| MIA| NYN,132,6,LEFT,501,460,122,72,11,54,28,8,6,0.265,3B| SS,-0.211,-1.055,-0.848,-0.051,0.079,-2.086,2.704,4.79,6.807385109084079,,,,,,,,,,,,,,,,,,,,,,,,,,,,,,,,,,,6.807385109084079
353,,,,,,,,,,,,,,,,,,,,,,,,,,,,228,Zach Thompson,ATL| MIA| PIT,RIGHT,SP| RP,75.0,14,26,63,35,27,6,28,66,3,7,0,0,0,3.24,1.213,2,1,0.027,-1.54,-1.534,-0.506,0.306,-0.068,-3.342,3.777,6.774177802784665,,6.774177802784665
354,,,,,,,,,,,,,,,,,,,,,,,,,,,,229,Vladimir Gutierrez,CIN| MIA,RIGHT,SP,114.0,22,22,115,61,60,20,46,88,9,6,0,0,0,4.737,1.412,14,1,0.123,0.183,-1.061,-0.506,-0.867,-1.107,-3.358,3.761,6.7454812592727365,,6.7454812592727365
355,103,Kolten Wong,SLN| MIL| LAN| SEA,115,1,LEFT,492,445,121,70,14,50,31,12,5,0.272,2B,-0.321,-0.763,-1.041,0.424,0.304,-1.397,2.6789999999999994,4.076,6.744447007113995,,,,,,,,,,,,,,,,,,,,,,,,,,,,,,,,,,,6.744447007113995
356,,,,,,,,,,,,,,,,,,,,,,,,,,,,230,Jordan Lyles,TEX| BAL| KCA,RIGHT,SP,179.99999999999994,30,32,194,104,103,38,56,146,10,13,0,0,0,5.15,1.389,20,3,0.111,0.47,0.188,-0.506,-1.95,-1.561,-3.36,3.759,6.741894191333746,,6.741894191333746
357,118,Michael Brantley,HOU,121,2,LEFT,508,469,146,68,8,47,33,1,0,0.311,LF| DH,-0.432,-1.347,-1.185,-0.881,1.731,-2.114,2.676,4.79,6.736894434877587,,,,,,,,,,,,,,,,,,,,,,,,,,,,,,,,,,,6.736894434877587
358,,,,,,,,,,,,,,,,,,,,,,,,,,,,231,Chris Sale,ATL| BOS,LEFT,SP,42.66666666666667,9,9,45,19,15,6,12,52,5,1,0,0,0,3.164,1.336,1,1,0.023,-0.966,-1.836,-0.506,0.2,-0.27,-3.378,3.741,6.709610579882826,,6.709610579882826
359,119,Trent Grisham,NYA| SDN,132,1,LEFT,527,462,112,61,15,62,54,13,5,0.242,CF,-0.818,-0.666,-0.463,0.543,-0.725,-2.129,2.661,4.79,6.699131573695537,,,,,,,,,,,,,,,,,,,,,,,,,,,,,,,,,,,6.699131573695537
360,,,,,,,,,,,,,,,,,,,,,,,,,,,,232,Garrett Crochet,BOS| CHA,LEFT,RP,54.33333333333332,0,54,42,22,17,2,27,65,3,5,0,0,0,2.816,1.27,6,1,0.11,-1.54,-1.556,-0.506,0.402,-0.185,-3.385,3.734,6.697055842096358,,6.697055842096358
361,,,,,,,,,,,,,,,,,,,,,,,,,,,,233,Luis Patino,SDN| TBA| CHA,RIGHT,SP| RP,77.33333333333333,15,19,69,40,37,12,29,74,5,3,0,0,0,4.306,1.267,2,0,0.026,-0.966,-1.362,-0.506,-0.328,-0.254,-3.416,3.703,6.641456289041996,,6.641456289041996
362,,,,,,,,,,,,,,,,,,,,,,,,,,,,234,Hirokazu Sawamura,BOS,RIGHT,RP,53.00000000000002,0,55,45,24,18,9,32,61,5,1,0,0,0,3.057,1.453,0,0,0.0,-0.966,-1.642,-0.506,0.292,-0.61,-3.431,3.688,6.614553279499562,,6.614553279499562
363,,,,,,,,,,,,,,,,,,,,,,,,,,,,235,Drew Smith,NYN,RIGHT,RP,41.33333333333333,1,31,28,13,11,7,16,41,3,1,0,0,0,2.395,1.065,3,1,0.073,-1.54,-2.072,-0.506,0.442,0.235,-3.442,3.677,6.594824405835111,,6.594824405835111
364,,,,,,,,,,,,,,,,,,,,,,,,,,,,236,Tony Gonsolin,LAN,RIGHT,SP,55.66666666666666,13,15,41,20,20,8,34,65,4,1,0,0,0,3.233,1.347,0,2,0.0,-1.253,-1.556,-0.506,0.23,-0.38,-3.465,3.654,6.553573124536714,,6.553573124536714
365,,,,,,,,,,,,,,,,,,,,,,,,,,,,237,Tylor Megill,NYN,RIGHT,SP,89.66666666666666,18,18,88,46,45,19,27,99,4,6,0,0,0,4.517,1.282,3,0,0.033,-1.253,-0.824,-0.506,-0.528,-0.355,-3.466,3.653,6.551779590567218,,6.551779590567218
366,,,,,,,,,,,,,,,,,,,,,,,,,,,,238,Kris Bubic,KCA,LEFT,SP| RP,129.99999999999997,20,29,121,67,64,22,59,114,6,7,0,0,0,4.431,1.385,1,3,0.008,-0.679,-0.501,-0.506,-0.678,-1.103,-3.467,3.652,6.549986056597723,,6.549986056597723
367,,,,,,,,,,,,,,,,,,,,,,,,,,,,239,Heath Hembree,BOS| PHI| CIN| NYN| LAN| PIT| TBA,RIGHT,RP,57.99999999999999,0,60,45,39,36,12,24,83,2,7,9,0,0,5.586,1.19,4,1,0.069,-1.827,-1.168,0.336,-0.826,0.009,-3.476,3.643,6.533844250872263,,6.533844250872263
368,120,Josh Harrison,WAS| OAK| CHA| PHI,137,5,RIGHT,558,505,141,58,8,60,31,9,5,0.279,2B| 3B,-0.984,-1.347,-0.559,0.068,0.626,-2.196,2.594,4.79,6.530457460415716,,,,,,,,,,,,,,,,,,,,,,,,,,,,,,,,,,,6.530457460415716
369,,,,,,,,,,,,,,,,,,,,,,,,,,,,240,Taylor Hearn,TEX| ATL| KCA,LEFT,SP| RP,104.33333333333331,11,42,96,58,54,17,42,92,6,6,0,0,0,4.658,1.323,7,1,0.067,-0.679,-0.974,-0.506,-0.73,-0.599,-3.488,3.631,6.5123218432383165,,6.5123218432383165
370,,,,,,,,,,,,,,,,,,,,,,,,,,,,241,Miguel Castro,CHA| BAL| NYN| NYA| ARI,RIGHT,RP,70.33333333333336,2,69,48,30,27,7,43,77,3,4,0,0,0,3.455,1.294,10,2,0.142,-1.54,-1.297,-0.506,0.169,-0.314,-3.489,3.63,6.510528309268821,,6.510528309268821
371,,,,,,,,,,,,,,,,,,,,,,,,,,,,242,Austin Adams,SDN| ARI| OAK,RIGHT,RP,52.66666666666667,0,65,28,28,24,1,35,76,3,2,0,0,0,4.101,1.196,5,1,0.095,-1.54,-1.319,-0.506,-0.139,-0.007,-3.512,3.607,6.469277027970423,,6.469277027970423
372,,,,,,,,,,,,,,,,,,,,,,,,,,,,243,Jesse Chavez,ATL| TEX| ANA| CHN,RIGHT,SP| RP,33.666666666666664,4,30,23,9,8,0,11,36,3,2,0,0,0,2.139,1.01,2,0,0.059,-1.54,-2.18,-0.506,0.427,0.273,-3.526,3.593,6.444167552397486,,6.444167552397486
373,,,,,,,,,,,,,,,,,,,,,,,,,,,,244,Seth Lugo,KCA| NYN| SDN,RIGHT,RP,46.33333333333333,0,46,41,18,18,6,19,55,4,3,1,0,0,3.496,1.295,0,0,0.0,-1.253,-1.771,-0.413,0.096,-0.209,-3.549,3.57,6.402916271099088,,6.402916271099088
374,,,,,,,,,,,,,,,,,,,,,,,,,,,,245,Wily Peralta,DET,RIGHT,SP,93.66666666666669,18,19,87,41,32,12,38,58,4,5,0,0,0,3.075,1.335,7,2,0.075,-1.253,-1.706,-0.506,0.504,-0.587,-3.549,3.57,6.402916271099088,,6.402916271099088
375,123,Jorge Soler,ANA| KCA| ATL| MIA| SFN,149,2,RIGHT,602,516,115,74,27,70,67,0,0,0.223,DH| RF,-0.1,0.501,-0.078,-1.0,-1.58,-2.258,2.532,4.79,6.374370967529914,,,,,,,,,,,,,,,,,,,,,,,,,,,,,,,,,,,6.374370967529914
376,,,,,,,,,,,,,,,,,,,,,,,,,,,,246,Ross Stripling,LAN| TOR| SFN| OAK,RIGHT,SP| RP,101.33333333333331,19,24,99,55,54,23,30,94,5,7,0,0,0,4.796,1.273,4,2,0.039,-0.966,-0.931,-0.506,-0.818,-0.359,-3.58,3.539,6.347316718044726,,6.347316718044726
377,,,,,,,,,,,,,,,,,,,,,,,,,,,,247,Phil Maton,SLN| TEX| CLE| HOU| NYN| TBA,RIGHT,RP,66.66666666666666,1,65,65,36,35,6,32,85,6,0,0,0,0,4.725,1.455,5,3,0.075,-0.679,-1.125,-0.506,-0.501,-0.773,-3.584,3.535,6.340142582166744,,6.340142582166744
378,225,Max Stassi,ANA,84,5,RIGHT,319,282,68,45,13,35,28,0,0,0.241,CC,-1.702,-0.86,-1.763,-1.0,-0.47,-5.795,2.514,8.309,6.329055534111452,,,,,,,,,,,,,,,,,,,,,,,,,,,,,,,,,,,6.329055534111452
379,,,,,,,,,,,,,,,,,,,,,,,,,,,,249,Steven Okert,HOU| MIA| MIN,LEFT,RP,36.0,0,34,22,12,11,5,15,40,3,1,0,0,0,2.75,1.028,0,1,0.0,-1.54,-2.094,-0.506,0.285,0.263,-3.592,3.527,6.32579431041078,,6.32579431041078
380,,,,,,,,,,,,,,,,,,,,,,,,,,,,248,Ryan Thompson,ARI| TBA,RIGHT,RP,33.999999999999986,0,36,26,11,9,3,9,37,3,2,0,0,0,2.382,1.029,2,0,0.059,-1.54,-2.158,-0.506,0.367,0.246,-3.592,3.527,6.32579431041078,,6.32579431041078
381,124,Wil Myers,SDN| CIN,146,6,RIGHT,500,442,113,56,17,63,54,8,5,0.256,RF,-1.094,-0.472,-0.415,-0.051,-0.247,-2.278,2.512,4.79,6.324020485953848,,,,,,,,,,,,,,,,,,,,,,,,,,,,,,,,,,,6.324020485953848
382,,,,,,,,,,,,,,,,,,,,,,,,,,,,250,Art Warren,CIN,RIGHT,RP,21.0,0,26,11,3,3,1,8,34,3,0,0,0,0,1.286,0.905,4,0,0.19,-1.54,-2.223,-0.506,0.406,0.268,-3.595,3.524,6.320413708502293,,6.320413708502293
383,100,Rhys Hoskins,MIL| PHI,107,2,RIGHT,443,389,96,64,27,71,47,3,2,0.247,1B,-0.652,0.501,-0.03,-0.644,-0.481,-1.306,2.508,3.814,6.313950389638634,,,,,,,,,,,,,,,,,,,,,,,,,,,,,,,,,,,6.313950389638634
384,226,Jacob Stallings,BAL| COL| PIT| MIA,112,5,RIGHT,427,374,92,38,8,53,49,0,0,0.246,CC,-2.088,-1.347,-0.896,-1.0,-0.485,-5.816,2.4929999999999994,8.309,6.276187528456584,,,,,,,,,,,,,,,,,,,,,,,,,,,,,,,,,,,6.276187528456584
385,121,Corey Seager,TEX| LAN,95,2,LEFT,409,353,108,54,16,57,48,1,1,0.306,SS,-1.205,-0.569,-0.704,-0.881,1.158,-2.2,2.489,4.689,6.266117432141372,,,,,,,,,,,,,,,,,,,,,,,,,,,,,,,,,,,6.266117432141372
386,126,Matt Chapman,SFN| OAK| TOR,151,5,RIGHT,622,529,111,75,27,72,80,3,2,0.21,3B,-0.045,0.501,0.019,-0.644,-2.147,-2.317,2.473,4.79,6.225837046880519,,,,,,,,,,,,,,,,,,,,,,,,,,,,,,,,,,,6.225837046880519
387,128,Randal Grichuk,ARI| KCA| TOR| COL| ANA,143,5,RIGHT,545,511,123,59,22,81,27,0,3,0.241,CF| RF,-0.928,0.014,0.452,-1.0,-0.869,-2.331,2.459,4.79,6.190591709777274,,,,,,,,,,,,,,,,,,,,,,,,,,,,,,,,,,,6.190591709777274
388,,,,,,,,,,,,,,,,,,,,,,,,,,,,251,T. J. McFarland,ATH| OAK| SLN| NYN,LEFT,RP,38.66666666666667,0,38,32,11,11,3,9,21,4,1,0,0,0,2.56,1.06,0,0,0.0,-1.253,-2.503,-0.506,0.363,0.227,-3.672,3.447,6.182311592851136,,6.182311592851136
389,129,Jonathan Villar,MIA| TOR| NYN| ANA| CHN,142,1,SWITCH,505,454,113,63,18,42,46,14,7,0.249,3B| SS,-0.708,-0.374,-1.426,0.661,-0.488,-2.335,2.455,4.79,6.18052161346206,,,,,,,,,,,,,,,,,,,,,,,,,,,,,,,,,,,6.18052161346206
390,,,,,,,,,,,,,,,,,,,,,,,,,,,,252,Louis Head,TBA| BAL| MIA,RIGHT,RP,35.0,2,27,21,10,9,2,9,32,2,0,0,0,0,2.314,0.857,2,1,0.057,-1.827,-2.266,-0.506,0.396,0.52,-3.683,3.436,6.162582719186686,,6.162582719186686
391,102,Trey Mancini,BAL| HOU| CHN,147,3,RIGHT,616,556,142,77,21,71,51,0,0,0.255,1B| DH,0.065,-0.083,-0.03,-1.0,-0.322,-1.369,2.4450000000000003,3.814,6.155346372674028,,,,,,,,,,,,,,,,,,,,,,,,,,,,,,,,,,,6.155346372674028
392,,,,,,,,,,,,,,,,,,,,,,,,,,,,253,Emilio Pagan,CIN| SDN| MIN,RIGHT,RP,63.33333333333333,0,67,56,35,34,16,18,69,4,3,0,0,0,4.832,1.168,2,1,0.032,-1.253,-1.47,-0.506,-0.529,0.069,-3.689,3.43,6.151821515369712,,6.151821515369712
393,,,,,,,,,,,,,,,,,,,,,,,,,,,,254,Tyler Matzek,NYA| ATL,LEFT,RP,63.000000000000014,0,69,40,19,18,3,37,77,0,4,0,0,0,2.571,1.222,1,1,0.016,-2.401,-1.297,-0.506,0.586,-0.081,-3.7,3.419,6.132092641705261,,6.132092641705261
394,83,Franmil Reyes,CLE| CHN| KCA,115,4,RIGHT,466,418,106,57,30,85,43,4,1,0.254,DH,-1.039,0.792,0.645,-0.525,-0.3,-0.427,2.4335,2.8605,6.12639484576779,,,,,,,,,,,,,,,,,,,,,,,,,,,,,,,,,,,6.12639484576779
395,,,,,,,,,,,,,,,,,,,,,,,,,,,,255,Pete Fairbanks,TBA,RIGHT,RP,42.66666666666667,0,47,40,22,17,2,21,56,3,6,5,0,0,3.586,1.43,8,2,0.187,-1.54,-1.749,-0.038,0.059,-0.447,-3.716,3.403,6.103396098193332,,6.103396098193332
396,,,,,,,,,,,,,,,,,,,,,,,,,,,,256,JT Brubaker,NYA| SFN| PIT,RIGHT,SP,124.33333333333334,24,24,123,75,74,28,38,129,5,13,0,0,0,5.357,1.295,1,4,0.008,-0.966,-0.178,-0.506,-1.548,-0.561,-3.759,3.36,6.026274137505024,,6.026274137505024
397,,,,,,,,,,,,,,,,,,,,,,,,,,,,257,Tyler Alexander,CHA| MIL| DET| TBA,LEFT,SP| RP,106.33333333333334,15,41,106,47,45,16,28,87,2,4,0,0,0,3.809,1.26,2,0,0.019,-1.827,-1.082,-0.506,-0.038,-0.316,-3.77,3.349,6.006545263840573,,6.006545263840573
398,229,Tucker Barnhart,TEX| CIN| DET| CHN| ARI,116,7,LEFT,388,348,86,41,7,48,29,0,0,0.247,CC,-1.922,-1.444,-1.137,-1.0,-0.421,-5.924,2.384999999999999,8.309,6.004294927945828,,,,,,,,,,,,,,,,,,,,,,,,,,,,,,,,,,,6.004294927945828
399,131,Tommy Pham,PIT| SDN| BOS| CIN| ARI| NYN| CHA| KCA| SLN,155,1,RIGHT,561,475,109,74,15,49,78,14,6,0.229,LF,-0.1,-0.666,-1.089,0.661,-1.215,-2.409,2.381,4.79,5.994224831630619,,,,,,,,,,,,,,,,,,,,,,,,,,,,,,,,,,,5.994224831630619
400,,,,,,,,,,,,,,,,,,,,,,,,,,,,258,Jose Ruiz,ATL| PHI| CHA| ARI,RIGHT,RP,65.00000000000001,0,59,51,26,22,8,25,63,1,3,0,0,0,3.046,1.169,4,0,0.062,-2.114,-1.599,-0.506,0.364,0.068,-3.787,3.332,5.976055186359149,,5.976055186359149
401,,,,,,,,,,,,,,,,,,,,,,,,,,,,259,Carlos Estevez,KCA| COL| ANA| PHI,RIGHT,RP,61.66666666666667,0,64,71,32,30,8,21,60,3,5,11,0,0,4.378,1.492,2,0,0.032,-1.54,-1.663,0.524,-0.296,-0.816,-3.792,3.327,5.967087516511672,,5.967087516511672
402,,,,,,,,,,,,,,,,,,,,,,,,,,,,260,Ryan Helsley,NYN| SLN,RIGHT,RP,47.33333333333333,0,51,40,24,24,4,27,47,6,4,1,0,0,4.563,1.415,1,0,0.021,-0.679,-1.943,-0.413,-0.296,-0.466,-3.797,3.322,5.958119846664193,,5.958119846664193
403,127,Miguel Rojas,LAN| MIA,132,1,RIGHT,539,495,131,66,9,48,37,13,3,0.265,SS,-0.542,-1.249,-1.137,0.543,0.063,-2.323,2.366,4.689,5.956461970448569,,,,,,,,,,,,,,,,,,,,,,,,,,,,,,,,,,,5.956461970448569
404,,,,,,,,,,,,,,,,,,,,,,,,,,,,261,Brett Martin,TEX,LEFT,RP,62.33333333333333,0,66,67,31,22,5,14,42,4,4,0,0,0,3.176,1.3,2,0,0.032,-1.253,-2.051,-0.506,0.286,-0.294,-3.818,3.301,5.920455633304787,,5.920455633304787
405,,,,,,,,,,,,,,,,,,,,,,,,,,,,262,Josh Sborz,LAN| TEX,RIGHT,RP,59.00000000000001,0,63,52,29,26,7,32,69,4,3,1,0,0,3.966,1.424,8,2,0.136,-1.253,-1.47,-0.413,-0.094,-0.603,-3.831,3.288,5.897139691701345,,5.897139691701345
406,132,George Springer,TOR| HOU,78,1,RIGHT,342,299,79,59,22,50,37,4,1,0.264,DH| CF,-0.928,0.014,-1.041,-0.525,0.028,-2.452,2.338,4.79,5.885971296242077,,,,,,,,,,,,,,,,,,,,,,,,,,,,,,,,,,,5.885971296242077
407,133,Ketel Marte,ARI,90,2,SWITCH,374,340,108,52,14,50,31,2,0,0.318,CF| 2B,-1.315,-0.763,-1.041,-0.763,1.419,-2.462,2.328,4.79,5.860796055454043,,,,,,,,,,,,,,,,,,,,,,,,,,,,,,,,,,,5.860796055454043
408,,,,,,,,,,,,,,,,,,,,,,,,,,,,263,A. J. Minter,NYN| ATL,LEFT,RP,52.333333333333336,0,61,44,27,22,2,20,57,3,6,0,0,0,3.783,1.223,4,3,0.076,-1.54,-1.728,-0.506,-0.008,-0.069,-3.852,3.267,5.859475478341939,,5.859475478341939
409,,,,,,,,,,,,,,,,,,,,,,,,,,,,264,Domingo Tapia,BOS| KCA| SEA| OAK| SDN,RIGHT,RP,33.66666666666667,0,34,25,10,10,1,15,26,4,1,0,0,0,2.673,1.188,1,1,0.03,-1.253,-2.395,-0.506,0.287,0.007,-3.861,3.258,5.843333672616478,,5.843333672616478
410,,,,,,,,,,,,,,,,,,,,,,,,,,,,265,Jimmy Nelson,LAN,RIGHT,RP,29.0,1,28,14,8,6,0,13,44,1,2,0,0,0,1.862,0.931,5,0,0.172,-2.114,-2.008,-0.506,0.431,0.336,-3.862,3.257,5.841540138646983,,5.841540138646983
411,134,Patrick Wisdom,CHN,106,4,RIGHT,375,338,78,54,28,61,32,4,1,0.231,3B,-1.205,0.598,-0.511,-0.525,-0.831,-2.474,2.316,4.79,5.830585766508404,,,,,,,,,,,,,,,,,,,,,,,,,,,,,,,,,,,5.830585766508404
412,,,,,,,,,,,,,,,,,,,,,,,,,,,,266,Miguel Diaz,SDN| DET| HOU,RIGHT,RP,41.99999999999999,2,25,31,19,17,8,19,46,3,1,1,0,0,3.643,1.19,2,0,0.048,-1.54,-1.965,-0.413,0.039,0.005,-3.873,3.246,5.821811264982532,,5.821811264982532
413,105,Anthony Rizzo,CHN| NYA,141,3,LEFT,576,496,123,73,22,61,52,6,2,0.248,1B,-0.155,0.014,-0.511,-0.288,-0.568,-1.508,2.306,3.814,5.805410525720371,,,,,,,,,,,,,,,,,,,,,,,,,,,,,,,,,,,5.805410525720371
414,,,,,,,,,,,,,,,,,,,,,,,,,,,,267,Caleb Smith,ARI| MIA,LEFT,SP| RP,113.66666666666666,13,45,93,64,61,20,63,124,4,9,0,0,0,4.83,1.372,6,2,0.053,-1.253,-0.286,-0.506,-0.947,-0.903,-3.895,3.224,5.78235351765363,,5.78235351765363
415,106,Jesus Aguilar,MIA| BAL| OAK,131,3,RIGHT,510,449,117,49,22,93,46,0,0,0.261,1B,-1.481,0.014,1.03,-1.0,-0.082,-1.519,2.295,3.814,5.777717760853535,,,,,,,,,,,,,,,,,,,,,,,,,,,,,,,,,,,5.777717760853535
416,,,,,,,,,,,,,,,,,,,,,,,,,,,,268,Luke Weaver,NYA| ARI| KCA| CIN| SEA,RIGHT,SP,65.66666666666666,13,13,58,34,31,11,20,62,3,6,0,0,0,4.249,1.188,5,0,0.076,-1.54,-1.62,-0.506,-0.249,0.015,-3.901,3.218,5.771592313836657,,5.771592313836657
417,,,,,,,,,,,,,,,,,,,,,,,,,,,,269,Matt Boyd,CHN| DET| SEA| CLE,LEFT,SP,78.66666666666667,15,15,77,37,34,9,23,67,3,8,0,0,0,3.89,1.271,1,1,0.013,-1.54,-1.513,-0.506,-0.078,-0.272,-3.909,3.21,5.757244042080693,,5.757244042080693
418,,,,,,,,,,,,,,,,,,,,,,,,,,,,271,Juan Minaya,MIN,RIGHT,RP,40.0,0,29,27,12,11,4,20,43,2,1,0,0,0,2.475,1.175,2,0,0.05,-1.827,-2.029,-0.506,0.402,0.032,-3.929,3.19,5.721373362690782,,5.721373362690782
419,,,,,,,,,,,,,,,,,,,,,,,,,,,,270,Dane Dunning,ATL| TEX| CHA,RIGHT,SP,117.66666666666669,25,27,126,61,59,13,43,114,5,10,0,0,0,4.513,1.436,5,2,0.042,-0.966,-0.501,-0.506,-0.689,-1.267,-3.929,3.19,5.721373362690782,,5.721373362690782
420,136,Eugenio Suarez,ARI| SEA| CIN,145,6,RIGHT,574,505,100,71,31,79,56,0,1,0.198,SS| 3B,-0.266,0.889,0.356,-1.0,-2.505,-2.526,2.264,4.79,5.699674514410634,,,,,,,,,,,,,,,,,,,,,,,,,,,,,,,,,,,5.699674514410634
421,,,,,,,,,,,,,,,,,,,,,,,,,,,,272,Chasen Shreve,NYN| PIT| CIN| DET| COL,LEFT,RP,56.33333333333334,0,57,43,20,20,7,28,45,3,3,0,0,0,3.195,1.26,0,0,0.0,-1.54,-1.986,-0.506,0.25,-0.168,-3.951,3.168,5.68191561536188,,5.68191561536188
422,,,,,,,,,,,,,,,,,,,,,,,,,,,,273,Greg Holland,KCA| TEX,RIGHT,RP,55.66666666666666,0,57,49,32,30,9,26,53,3,5,8,0,0,4.85,1.347,1,0,0.018,-1.54,-1.814,0.243,-0.473,-0.38,-3.964,3.155,5.658599673758438,,5.658599673758438
423,,,,,,,,,,,,,,,,,,,,,,,,,,,,274,John Curtiss,ARI| TBA| MIA| MIL| NYN| COL,RIGHT,RP,44.33333333333333,2,41,42,21,17,6,12,44,3,1,0,0,0,3.451,1.218,3,0,0.068,-1.54,-2.008,-0.506,0.108,-0.049,-3.995,3.124,5.603000120704076,,5.603000120704076
424,,,,,,,,,,,,,,,,,,,,,,,,,,,,275,David Price,LAN,LEFT,SP| RP,73.66666666666669,11,39,79,35,33,8,26,58,5,2,1,0,0,4.032,1.425,1,2,0.014,-0.966,-1.706,-0.413,-0.155,-0.758,-3.997,3.122,5.599413052765085,,5.599413052765085
425,,,,,,,,,,,,,,,,,,,,,,,,,,,,276,Austin Warren,NYN| ANA| SFN,RIGHT,RP,20.33333333333333,0,16,16,5,4,0,5,20,3,0,1,0,0,1.77,1.033,2,0,0.098,-1.54,-2.524,-0.413,0.316,0.144,-4.017,3.1019999999999994,5.563542373375173,,5.563542373375173
426,135,David Fletcher,ANA| ATL,157,1,RIGHT,665,626,164,74,2,47,31,15,3,0.262,2B| SS,-0.1,-1.93,-1.185,0.78,-0.048,-2.483,2.206,4.689,5.553658117840043,,,,,,,,,,,,,,,,,,,,,,,,,,,,,,,,,,,5.553658117840043
427,,,,,,,,,,,,,,,,,,,,,,,,,,,,277,Eli Morgan,CHN| CLE,RIGHT,SP,89.33333333333333,18,18,90,54,53,20,22,81,5,7,0,0,0,5.34,1.254,2,0,0.022,-0.966,-1.211,-0.506,-1.1,-0.24,-4.024,3.095,5.550987635588705,,5.550987635588705
428,,,,,,,,,,,,,,,,,,,,,,,,,,,,278,Blake Taylor,HOU,LEFT,RP,42.66666666666668,0,51,38,19,15,6,22,41,4,4,0,0,0,3.164,1.406,0,0,0.0,-1.253,-2.072,-0.506,0.2,-0.403,-4.035,3.084,5.531258761924254,,5.531258761924254
429,,,,,,,,,,,,,,,,,,,,,,,,,,,,279,Anthony Bass,TOR| MIA,RIGHT,RP,61.33333333333332,1,70,55,33,26,11,24,58,3,9,0,0,0,3.815,1.288,1,4,0.016,-1.54,-1.706,-0.506,-0.025,-0.258,-4.036,3.083,5.529465227954759,,5.529465227954759
430,,,,,,,,,,,,,,,,,,,,,,,,,,,,280,Lucas Gilbreath,COL,LEFT,RP,42.66666666666666,1,47,33,18,16,5,23,44,3,2,1,0,0,3.375,1.312,0,0,0.0,-1.54,-2.008,-0.413,0.129,-0.226,-4.057,3.0619999999999994,5.491801014595351,,5.491801014595351
431,,,,,,,,,,,,,,,,,,,,,,,,,,,,281,Justin Steele,CHN,LEFT,SP| RP,57.0,9,20,50,29,27,12,27,59,4,4,0,0,0,4.263,1.351,5,1,0.088,-1.253,-1.685,-0.506,-0.223,-0.398,-4.065,3.0539999999999994,5.477452742839387,,5.477452742839387
432,239,Pedro Severino,BAL| MIL,110,5,RIGHT,419,379,94,32,11,46,34,0,0,0.248,CC,-2.419,-1.055,-1.233,-1.0,-0.433,-6.14,2.169,8.309,5.460509726924321,,,,,,,,,,,,,,,,,,,,,,,,,,,,,,,,,,,5.460509726924321
433,,,,,,,,,,,,,,,,,,,,,,,,,,,,282,Robert Stephenson,ANA| CIN| COL| PIT| TBA,RIGHT,RP,45.99999999999999,0,49,42,20,16,5,18,52,2,1,1,0,0,3.13,1.304,4,0,0.087,-1.827,-1.836,-0.413,0.227,-0.227,-4.075,3.044,5.4595174031444325,,5.4595174031444325
434,,,,,,,,,,,,,,,,,,,,,,,,,,,,284,Nabil Crismatt,ARI| SLN| SDN| LAN,RIGHT,RP,81.33333333333331,0,45,87,40,34,10,24,71,3,1,0,0,0,3.762,1.365,5,3,0.061,-1.54,-1.427,-0.506,0.0,-0.618,-4.091,3.028,5.430820859632504,,5.430820859632504
435,,,,,,,,,,,,,,,,,,,,,,,,,,,,283,Mike King,SDN| NYA,RIGHT,SP| RP,63.33333333333334,6,22,57,29,25,6,24,62,2,4,0,0,0,3.553,1.279,0,0,0.0,-1.827,-1.62,-0.506,0.104,-0.241,-4.091,3.028,5.430820859632504,,5.430820859632504
436,108,Miguel Sano,MIN| ANA,135,6,RIGHT,532,470,105,68,30,75,59,2,1,0.223,1B,-0.432,0.792,0.163,-0.763,-1.42,-1.659,2.155,3.814,5.425264389821076,,,,,,,,,,,,,,,,,,,,,,,,,,,,,,,,,,,5.425264389821076
437,,,,,,,,,,,,,,,,,,,,,,,,,,,,285,Ross Detwiler,CHA| MIA| SDN| CIN,LEFT,SP| RP,52.33333333333334,5,53,44,28,27,10,20,62,3,1,0,0,0,4.643,1.223,5,0,0.096,-1.54,-1.62,-0.506,-0.36,-0.069,-4.096,3.023,5.4218531897850255,,5.4218531897850255
438,,,,,,,,,,,,,,,,,,,,,,,,,,,,286,Spencer Patton,TEX| OAK,RIGHT,RP,42.333333333333336,0,42,36,20,18,4,15,48,2,2,2,0,0,3.827,1.205,2,1,0.047,-1.827,-1.922,-0.319,-0.021,-0.022,-4.111,3.008,5.394950180242593,,5.394950180242593
439,,,,,,,,,,,,,,,,,,,,,,,,,,,,287,Brooks Raley,NYN| CIN| HOU| TBA,LEFT,RP,49.0,0,58,43,30,26,6,16,65,2,3,2,0,0,4.776,1.204,2,1,0.041,-1.827,-1.556,-0.319,-0.388,-0.024,-4.114,3.005,5.389569578334107,,5.389569578334107
440,,,,,,,,,,,,,,,,,,,,,,,,,,,,288,Tyler Kinley,ATL| COL,RIGHT,RP,70.33333333333331,0,70,59,37,37,12,26,68,3,2,0,0,0,4.735,1.208,3,0,0.043,-1.54,-1.491,-0.506,-0.534,-0.048,-4.12,2.999,5.378808374517133,,5.378808374517133
441,,,,,,,,,,,,,,,,,,,,,,,,,,,,289,Anthony Misiewicz,MIN| SEA| KCA| ARI| DET| NYA,LEFT,RP,54.66666666666666,0,66,61,30,28,7,15,53,5,5,0,0,0,4.61,1.39,0,0,0.0,-0.966,-1.814,-0.506,-0.362,-0.477,-4.125,2.994,5.369840704669655,,5.369840704669655
442,,,,,,,,,,,,,,,,,,,,,,,,,,,,290,Edgar Santana,ATL,RIGHT,RP,42.66666666666666,0,41,37,20,17,7,12,33,3,0,0,0,0,3.586,1.148,4,3,0.094,-1.54,-2.245,-0.506,0.059,0.084,-4.148,2.971,5.328589423371258,,5.328589423371258
443,138,Josh Rojas,CHA| ARI| SEA,138,1,LEFT,550,484,128,68,11,44,58,9,4,0.264,SS| RF| 2B,-0.432,-1.055,-1.33,0.068,0.055,-2.693,2.097,4.79,5.279247993250485,,,,,,,,,,,,,,,,,,,,,,,,,,,,,,,,,,,5.279247993250485
444,,,,,,,,,,,,,,,,,,,,,,,,,,,,291,Trevor Stephan,CLE,RIGHT,RP,63.33333333333333,0,43,58,32,31,15,31,75,3,1,1,0,0,4.405,1.405,7,1,0.111,-1.54,-1.34,-0.413,-0.318,-0.595,-4.206,2.913,5.224564453140515,,5.224564453140515
445,137,Kyle Farmer,COL| CIN| MIN,145,8,RIGHT,529,483,127,60,16,63,22,2,3,0.263,SS,-0.873,-0.569,-0.415,-0.763,-0.001,-2.621,2.068,4.689,5.20623979496519,,,,,,,,,,,,,,,,,,,,,,,,,,,,,,,,,,,5.20623979496519
446,,,,,,,,,,,,,,,,,,,,,,,,,,,,292,Luis Garcia,ANA| LAN| WAS| TEX| SLN| SDN| BOS,RIGHT,RP,33.33333333333333,0,34,25,12,12,2,8,34,1,1,2,0,0,3.24,0.99,0,1,0.0,-2.114,-2.223,-0.319,0.136,0.3,-4.221,2.898,5.197661443598083,,5.197661443598083
447,,,,,,,,,,,,,,,,,,,,,,,,,,,,293,Joe Ryan,MIN,RIGHT,SP,26.666666666666668,5,5,16,12,12,4,5,30,2,1,0,0,0,4.05,0.787,2,0,0.075,-1.827,-2.309,-0.506,-0.06,0.479,-4.224,2.895,5.1922808416895965,,5.1922808416895965
448,,,,,,,,,,,,,,,,,,,,,,,,,,,,294,Martin Perez,CHA| BOS| TEX| PIT| SDN,LEFT,SP| RP,114.0,22,36,136,71,60,19,36,97,7,8,0,0,0,4.737,1.509,4,3,0.035,-0.391,-0.867,-0.506,-0.867,-1.594,-4.225,2.894,5.190487307720102,,5.190487307720102
449,245,Mitch Garver,SEA| MIN| TEX,68,4,RIGHT,243,207,53,29,13,34,31,1,1,0.256,CC,-2.585,-0.86,-1.811,-0.881,-0.11,-6.248,2.060999999999999,8.309,5.188617126413565,,,,,,,,,,,,,,,,,,,,,,,,,,,,,,,,,,,5.188617126413565
450,,,,,,,,,,,,,,,,,,,,,,,,,,,,295,Jacob Webb,TEX| ATL| ANA| BAL,RIGHT,RP,34.333333333333336,0,34,38,22,16,4,14,33,5,4,1,0,0,4.194,1.515,2,1,0.058,-0.966,-2.245,-0.413,-0.116,-0.489,-4.227,2.8919999999999995,5.186900239781109,,5.186900239781109
451,,,,,,,,,,,,,,,,,,,,,,,,,,,,296,Tony Santillan,CIN,RIGHT,SP| RP,43.333333333333336,4,26,34,15,14,7,21,56,1,3,0,0,0,2.908,1.269,1,2,0.023,-2.114,-1.749,-0.506,0.29,-0.146,-4.227,2.8919999999999995,5.186900239781109,,5.186900239781109
452,,,,,,,,,,,,,,,,,,,,,,,,,,,,297,Aaron Ashby,MIL,LEFT,SP| RP,31.666666666666668,4,13,25,20,16,4,12,39,3,2,1,0,0,4.547,1.168,3,0,0.095,-1.54,-2.115,-0.413,-0.194,0.034,-4.228,2.891,5.185106705811615,,5.185106705811615
453,,,,,,,,,,,,,,,,,,,,,,,,,,,,298,Nick Sandlin,TOR| CLE,RIGHT,RP,33.666666666666664,0,34,21,15,11,2,17,48,1,1,0,0,0,2.941,1.129,1,1,0.03,-2.114,-1.922,-0.506,0.216,0.096,-4.23,2.889,5.181519637872623,,5.181519637872623
454,,,,,,,,,,,,,,,,,,,,,,,,,,,,299,Dietrich Enns,BAL| DET| TBA,LEFT,RP,22.33333333333333,0,9,17,8,7,1,6,25,2,0,2,0,0,2.821,1.03,1,2,0.045,-1.827,-2.417,-0.319,0.164,0.161,-4.237,2.882,5.168964900086154,,5.168964900086154
455,,,,,,,,,,,,,,,,,,,,,,,,,,,,300,Keegan Thompson,CHN,RIGHT,SP| RP,53.33333333333333,6,32,48,22,20,9,31,55,3,3,1,0,0,3.375,1.481,3,0,0.056,-1.54,-1.771,-0.413,0.162,-0.681,-4.243,2.8759999999999994,5.15820369626918,,5.15820369626918
456,,,,,,,,,,,,,,,,,,,,,,,,,,,,301,Joe Jimenez,DET| ATL,RIGHT,RP,45.333333333333336,0,52,34,33,30,6,35,57,6,1,1,0,0,5.956,1.522,8,1,0.176,-0.679,-1.728,-0.413,-0.777,-0.66,-4.256,2.8629999999999995,5.134887754665739,,5.134887754665739
457,,,,,,,,,,,,,,,,,,,,,,,,,,,,302,Tyler Gilbert,CHA| ARI| PHI,LEFT,SP| RP,40.0,6,9,28,17,14,4,13,25,2,2,0,0,0,3.15,1.025,2,2,0.05,-1.827,-2.417,-0.506,0.192,0.297,-4.261,2.858,5.125920084818262,,5.125920084818262
458,,,,,,,,,,,,,,,,,,,,,,,,,,,,303,John Gant,SLN| MIN,RIGHT,SP| RP,110.0,21,39,95,56,50,10,71,92,5,11,0,0,0,4.091,1.509,11,0,0.1,-0.966,-0.974,-0.506,-0.282,-1.539,-4.268,2.851,5.1133653470317935,,5.1133653470317935
459,141,Byron Buxton,MIN,61,2,RIGHT,254,235,72,50,19,32,13,9,1,0.306,CF,-1.425,-0.277,-1.908,0.068,0.779,-2.763,2.027,4.79,5.103021307734256,,,,,,,,,,,,,,,,,,,,,,,,,,,,,,,,,,,5.103021307734256
460,,,,,,,,,,,,,,,,,,,,,,,,,,,,304,Antonio Senzatela,COL,RIGHT,SP,156.66666666666666,28,28,178,84,77,12,32,105,4,10,0,0,0,4.423,1.34,3,1,0.019,-1.253,-0.695,-0.506,-0.808,-1.022,-4.285,2.834,5.082875269550368,,5.082875269550368
461,,,,,,,,,,,,,,,,,,,,,,,,,,,,305,Michael Wacha,KCA| NYN| TBA| BOS| SDN,RIGHT,SP| RP,124.66666666666666,23,29,132,73,70,23,31,121,3,5,0,0,0,5.053,1.308,5,2,0.04,-1.54,-0.35,-0.506,-1.257,-0.632,-4.285,2.834,5.082875269550368,,5.082875269550368
462,,,,,,,,,,,,,,,,,,,,,,,,,,,,306,Danny Coulombe,MIN| TEX| BAL,LEFT,RP,34.333333333333336,1,29,35,17,14,5,7,33,3,2,0,0,0,3.67,1.223,2,3,0.058,-1.54,-2.245,-0.506,0.025,-0.046,-4.312,2.8069999999999995,5.034449852373989,,5.034449852373989
463,,,,,,,,,,,,,,,,,,,,,,,,,,,,307,Chad Kuhl,PIT| COL| WAS| CHA,RIGHT,SP| RP,80.33333333333333,14,28,73,50,43,13,42,75,5,7,0,0,0,4.817,1.431,5,2,0.062,-0.966,-1.34,-0.506,-0.662,-0.848,-4.323,2.796,5.014720978709537,,5.014720978709537
464,,,,,,,,,,,,,,,,,,,,,,,,,,,,308,Erick Fedde,ATL| MIL| SLN| WAS| CHA,RIGHT,SP,133.33333333333331,27,29,144,90,81,23,48,128,7,9,0,0,0,5.468,1.44,16,6,0.12,-0.391,-0.199,-0.506,-1.775,-1.458,-4.331,2.788,5.000372706953573,,5.000372706953573
465,,,,,,,,,,,,,,,,,,,,,,,,,,,,309,Jake Cousins,MIL| NYA,RIGHT,RP,30.0,0,30,16,9,9,3,19,44,1,0,0,0,0,2.7,1.167,8,1,0.267,-2.114,-2.008,-0.506,0.249,0.035,-4.344,2.7749999999999995,4.977056765350131,,4.977056765350131
466,142,Luis Robert,CHA,68,2,RIGHT,296,275,93,42,13,43,14,6,1,0.338,CF,-1.867,-0.86,-1.378,-0.288,1.579,-2.814,1.976,4.79,4.974627579715288,,,,,,,,,,,,,,,,,,,,,,,,,,,,,,,,,,,4.974627579715288
467,143,Michael Taylor,CHA| WAS| KCA| MIN| PIT,139,8,RIGHT,528,483,118,58,12,54,33,14,7,0.244,CF,-0.984,-0.958,-0.848,0.661,-0.689,-2.817,1.973,4.79,4.967075007478877,,,,,,,,,,,,,,,,,,,,,,,,,,,,,,,,,,,4.967075007478877
468,,,,,,,,,,,,,,,,,,,,,,,,,,,,310,Dustin May,BOS| LAN,RIGHT,SP,23.0,5,5,16,8,7,4,6,35,1,1,0,0,0,2.739,0.957,2,1,0.087,-2.114,-2.201,-0.506,0.184,0.241,-4.398,2.721,4.880205930997373,,4.880205930997373
469,,,,,,,,,,,,,,,,,,,,,,,,,,,,311,Sam Coonrod,SFN| PHI| NYN,RIGHT,RP,42.333333333333336,2,42,41,21,19,5,15,48,2,2,2,0,0,4.039,1.323,2,0,0.047,-1.827,-1.922,-0.319,-0.091,-0.243,-4.403,2.716,4.871238261149895,,4.871238261149895
470,,,,,,,,,,,,,,,,,,,,,,,,,,,,312,Trevor Williams,WAS| PIT| CHN| NYN,RIGHT,SP| RP,91.0,15,23,105,51,44,11,31,90,4,2,0,0,0,4.352,1.494,3,2,0.033,-1.253,-1.018,-0.506,-0.418,-1.215,-4.41,2.709,4.858683523363426,,4.858683523363426
471,,,,,,,,,,,,,,,,,,,,,,,,,,,,313,Shane Baz,TBA,RIGHT,SP,13.333333333333334,3,3,6,3,3,3,3,18,2,0,0,0,0,2.025,0.675,0,0,0.0,-1.827,-2.567,-0.506,0.181,0.306,-4.414,2.705,4.851509387485444,,4.851509387485444
472,,,,,,,,,,,,,,,,,,,,,,,,,,,,314,Tanner Scott,LAN| BAL| MIA| SDN,LEFT,RP,53.99999999999998,0,62,48,34,31,6,37,70,5,4,0,0,0,5.167,1.574,0,0,0.0,-0.966,-1.448,-0.506,-0.592,-0.911,-4.423,2.696,4.835367581759983,,4.835367581759983
473,,,,,,,,,,,,,,,,,,,,,,,,,,,,315,Ryan Burr,TOR| CHA,RIGHT,RP,36.66666666666666,1,34,28,11,10,3,21,33,2,1,0,0,0,2.454,1.336,3,0,0.082,-1.827,-2.245,-0.506,0.375,-0.233,-4.436,2.683,4.812051640156541,,4.812051640156541
474,,,,,,,,,,,,,,,,,,,,,,,,,,,,317,Mitch White,LAN| TOR| MIL| SFN,RIGHT,SP| RP,46.66666666666667,4,21,38,28,19,6,17,49,1,3,0,0,0,3.664,1.179,6,1,0.129,-2.114,-1.9,-0.506,0.036,0.03,-4.455,2.664,4.777974494736126,,4.777974494736126
475,,,,,,,,,,,,,,,,,,,,,,,,,,,,316,Drew Pomeranz,CHN| SDN,LEFT,RP,25.666666666666668,0,27,19,6,5,2,10,30,1,0,0,0,0,1.753,1.13,2,1,0.078,-2.114,-2.309,-0.506,0.403,0.072,-4.455,2.664,4.777974494736126,,4.777974494736126
476,,,,,,,,,,,,,,,,,,,,,,,,,,,,318,Jhoulys Chacin,ATL| COL,RIGHT,RP,64.33333333333334,1,46,53,32,31,8,28,47,3,2,0,0,0,4.337,1.259,5,2,0.078,-1.54,-1.943,-0.506,-0.288,-0.188,-4.466,2.653,4.758245621071675,,4.758245621071675
477,,,,,,,,,,,,,,,,,,,,,,,,,,,,320,Blake Parker,PHI| CLE,RIGHT,RP,43.66666666666667,0,47,43,15,15,5,14,37,2,1,0,0,0,3.092,1.305,5,2,0.115,-1.827,-2.158,-0.506,0.229,-0.217,-4.48,2.639,4.733136145498737,,4.733136145498737
478,,,,,,,,,,,,,,,,,,,,,,,,,,,,319,Rex Brothers,CHN,LEFT,RP,53.0,0,57,41,31,31,9,35,75,3,2,1,0,0,5.264,1.434,6,0,0.113,-1.54,-1.34,-0.413,-0.622,-0.565,-4.48,2.639,4.733136145498737,,4.733136145498737
479,145,Eddie Rosario,ATL| LAN| MIN| CLE| WAS,111,4,LEFT,412,379,98,42,14,62,26,11,3,0.259,LF,-1.867,-0.763,-0.463,0.305,-0.127,-2.915,1.875,4.79,4.720357647756156,,,,,,,,,,,,,,,,,,,,,,,,,,,,,,,,,,,4.720357647756156
480,,,,,,,,,,,,,,,,,,,,,,,,,,,,321,Brett Anderson,MIL,LEFT,SP,96.0,24,24,102,52,45,11,28,58,4,9,0,0,0,4.219,1.354,1,1,0.01,-1.253,-1.706,-0.506,-0.342,-0.685,-4.492,2.627,4.711613737864791,,4.711613737864791
481,,,,,,,,,,,,,,,,,,,,,,,,,,,,322,Touki Toussaint,ANA| ATL| CHA| CLE,RIGHT,SP,50.0,10,11,43,28,25,11,22,48,3,3,0,0,0,4.5,1.3,4,0,0.08,-1.54,-1.922,-0.506,-0.288,-0.237,-4.493,2.6259999999999994,4.709820203895295,,4.709820203895295
482,146,Manuel Margot,DET| TBA| MIN,120,6,RIGHT,464,421,107,54,10,57,37,12,8,0.254,CF| LF| RF,-1.205,-1.152,-0.704,0.424,-0.284,-2.92,1.87,4.79,4.70777002736214,,,,,,,,,,,,,,,,,,,,,,,,,,,,,,,,,,,4.70777002736214
483,,,,,,,,,,,,,,,,,,,,,,,,,,,,323,J. B. Wendelken,OAK| ARI,RIGHT,RP,43.66666666666666,0,46,44,24,21,4,22,39,4,3,2,0,0,4.328,1.512,1,1,0.023,-1.253,-2.115,-0.319,-0.193,-0.616,-4.496,2.6229999999999998,4.704439601986808,,4.704439601986808
484,,,,,,,,,,,,,,,,,,,,,,,,,,,,324,Jake Woodford,ARI| SLN| CHA| PIT,RIGHT,SP| RP,67.66666666666667,8,26,66,32,30,7,25,50,3,4,0,0,0,3.99,1.345,1,2,0.015,-1.54,-1.879,-0.506,-0.12,-0.455,-4.5,2.619,4.697265466108827,,4.697265466108827
485,,,,,,,,,,,,,,,,,,,,,,,,,,,,325,Kyle Zimmer,KCA,RIGHT,RP,54.00000000000001,2,52,46,32,29,7,30,46,4,1,2,0,0,4.833,1.407,2,1,0.037,-1.253,-1.965,-0.319,-0.452,-0.513,-4.501,2.6179999999999994,4.695471932139331,,4.695471932139331
486,,,,,,,,,,,,,,,,,,,,,,,,,,,,326,Caleb Baragar,SFN,LEFT,RP,23.0,0,25,19,7,4,1,12,16,2,1,2,0,0,1.565,1.348,0,1,0.0,-1.827,-2.611,-0.319,0.395,-0.158,-4.52,2.599,4.661394786718916,,4.661394786718916
487,,,,,,,,,,,,,,,,,,,,,,,,,,,,327,Joel Payamps,ATL| MIL| ARI| KCA| TOR| OAK,RIGHT,RP,50.333333333333336,1,37,44,22,19,6,14,38,1,3,0,0,0,3.397,1.152,0,1,0.0,-2.114,-2.137,-0.506,0.144,0.091,-4.523,2.596,4.65601418481043,,4.65601418481043
488,,,,,,,,,,,,,,,,,,,,,,,,,,,,328,Adrian Sampson,CHN,RIGHT,SP| RP,35.333333333333336,5,10,30,15,11,8,8,28,1,2,0,0,0,2.802,1.075,1,0,0.028,-2.114,-2.352,-0.506,0.265,0.184,-4.524,2.595,4.654220650840934,,4.654220650840934
489,,,,,,,,,,,,,,,,,,,,,,,,,,,,329,Yohan Ramirez,PIT| SEA| CLE| CHA| BAL| BOS| LAN| NYN,RIGHT,RP,27.666666666666668,0,25,18,14,12,6,12,35,1,3,2,0,0,3.904,1.084,1,0,0.036,-2.114,-2.201,-0.319,-0.03,0.133,-4.532,2.587,4.639872379084969,,4.639872379084969
490,147,Christian Yelich,MIL,117,3,LEFT,475,399,99,70,9,51,70,9,3,0.248,LF,-0.321,-1.249,-0.993,0.068,-0.453,-2.948,1.842,4.79,4.637279353155648,,,,,,,,,,,,,,,,,,,,,,,,,,,,,,,,,,,4.637279353155648
491,,,,,,,,,,,,,,,,,,,,,,,,,,,,330,Victor Gonzalez,LAN| NYA,LEFT,RP,35.33333333333333,1,44,32,14,14,3,19,33,3,1,1,0,0,3.566,1.443,2,1,0.057,-1.54,-2.245,-0.413,0.054,-0.392,-4.535,2.584,4.634491777176483,,4.634491777176483
492,,,,,,,,,,,,,,,,,,,,,,,,,,,,331,Richard Lovelady,NYN| TOR| KCA| OAK| CHN| TBA,LEFT,RP,20.66666666666667,0,20,16,9,8,3,6,23,2,0,1,0,0,3.484,1.065,0,1,0.0,-1.827,-2.46,-0.413,0.045,0.118,-4.537,2.582,4.630904709237492,,4.630904709237492
493,,,,,,,,,,,,,,,,,,,,,,,,,,,,332,Dillon Maples,CHN,RIGHT,RP,31.33333333333333,0,28,15,10,9,2,25,40,1,0,0,0,0,2.585,1.277,5,1,0.16,-2.114,-2.094,-0.506,0.288,-0.116,-4.542,2.577,4.621937039390014,,4.621937039390014
494,,,,,,,,,,,,,,,,,,,,,,,,,,,,333,Josh Taylor,BOS| KCA,LEFT,RP,47.66666666666666,0,61,45,18,18,2,23,60,1,0,1,0,0,3.399,1.427,2,1,0.042,-2.114,-1.663,-0.413,0.136,-0.493,-4.548,2.571,4.61117583557304,,4.61117583557304
495,,,,,,,,,,,,,,,,,,,,,,,,,,,,334,Darwinzon Hernandez,BOS,LEFT,RP,40.0,0,48,29,17,15,5,31,54,2,2,0,0,0,3.375,1.5,2,2,0.05,-1.827,-1.792,-0.506,0.121,-0.544,-4.548,2.571,4.61117583557304,,4.61117583557304
496,,,,,,,,,,,,,,,,,,,,,,,,,,,,335,Tyler Clippard,MIN| ARI| WAS,RIGHT,RP,25.33333333333333,0,26,22,12,9,3,11,21,1,1,6,0,0,3.197,1.303,3,0,0.118,-2.114,-2.503,0.056,0.112,-0.123,-4.573,2.546,4.566337486335652,,4.566337486335652
497,,,,,,,,,,,,,,,,,,,,,,,,,,,,336,Noe Ramirez,ANA| ARI,RIGHT,RP,36.0,0,38,23,14,12,3,12,29,0,2,1,0,0,3.0,0.972,6,0,0.167,-2.401,-2.331,-0.413,0.215,0.352,-4.579,2.54,4.555576282518679,,4.555576282518679
498,148,LaMonte Wade,ANA| SFN| MIN,108,1,LEFT,381,336,85,52,18,56,33,6,1,0.253,LF| RF| 1B,-1.315,-0.374,-0.752,-0.288,-0.257,-2.986,1.804,4.79,4.541613438161122,,,,,,,,,,,,,,,,,,,,,,,,,,,,,,,,,,,4.541613438161122
499,,,,,,,,,,,,,,,,,,,,,,,,,,,,337,Sergio Romo,MIN| OAK| SEA| TOR,RIGHT,RP,61.66666666666666,0,66,56,33,32,9,21,60,1,1,3,0,0,4.67,1.249,10,1,0.162,-2.114,-1.663,-0.225,-0.437,-0.152,-4.592,2.527,4.532260340915237,,4.532260340915237
500,,,,,,,,,,,,,,,,,,,,,,,,,,,,338,Brandon Bielak,HOU| OAK,RIGHT,RP,49.99999999999999,2,28,48,29,25,5,21,46,3,4,1,0,0,4.5,1.38,1,1,0.02,-1.54,-1.965,-0.413,-0.288,-0.414,-4.619,2.5,4.483834923738858,,4.483834923738858
501,,,,,,,,,,,,,,,,,,,,,,,,,,,,339,Rafael Montero,ATL| DET| HOU| TEX| SEA,RIGHT,RP,49.33333333333333,0,44,59,40,35,4,17,42,5,4,7,0,0,6.385,1.54,7,0,0.142,-0.966,-2.051,0.149,-1.011,-0.759,-4.637,2.482,4.451551312287938,,4.451551312287938
502,,,,,,,,,,,,,,,,,,,,,,,,,,,,341,Nick Wittgren,CLE| SLN| KCA,RIGHT,RP,62.333333333333336,1,60,61,38,35,13,17,61,2,9,1,0,0,5.053,1.251,1,1,0.016,-1.827,-1.642,-0.413,-0.628,-0.161,-4.671,2.4479999999999995,4.3905711573250885,,4.3905711573250885
503,,,,,,,,,,,,,,,,,,,,,,,,,,,,340,Alec Mills,CHN| CIN,RIGHT,SP| RP,119.0,20,32,137,75,67,16,34,87,6,7,1,0,0,5.067,1.437,7,1,0.059,-0.679,-1.082,-0.413,-1.212,-1.285,-4.671,2.4479999999999995,4.3905711573250885,,4.3905711573250885
504,,,,,,,,,,,,,,,,,,,,,,,,,,,,342,Sean Doolittle,WAS| CIN| SEA,LEFT,RP,49.66666666666666,0,56,50,27,25,7,23,53,3,1,1,0,0,4.53,1.47,4,3,0.081,-1.54,-1.814,-0.413,-0.298,-0.609,-4.673,2.446,4.386984089386098,,4.386984089386098
505,,,,,,,,,,,,,,,,,,,,,,,,,,,,343,Yacksel Rios,PIT| BOS| SEA| OAK,RIGHT,RP,27.33333333333333,0,23,18,13,13,3,16,23,3,0,0,0,0,4.28,1.244,2,1,0.073,-1.54,-2.46,-0.506,-0.11,-0.062,-4.678,2.441,4.37801641953862,,4.37801641953862
506,130,Cesar Hernandez,CLE| CHA| WAS,149,1,SWITCH,637,570,132,84,21,62,59,1,1,0.232,2B,0.452,-0.083,-0.463,-0.881,-1.367,-2.342,1.7339999999999995,4.076,4.365386752644892,,,,,,,,,,,,,,,,,,,,,,,,,,,,,,,,,,,4.365386752644892
507,,,,,,,,,,,,,,,,,,,,,,,,,,,,344,J. A. Happ,NYA| MIN| SLN,LEFT,SP,152.33333333333337,30,30,177,100,98,30,48,122,10,8,0,0,0,5.79,1.477,8,1,0.053,0.47,-0.329,-0.506,-2.412,-1.915,-4.692,2.427,4.3529069439656825,,4.3529069439656825
508,,,,,,,,,,,,,,,,,,,,,,,,,,,,345,Chris Martin,TEX| ATL| CHN| LAN| BOS,RIGHT,RP,43.33333333333333,0,46,49,20,19,4,6,33,2,4,1,0,0,3.946,1.269,5,1,0.115,-1.827,-2.245,-0.413,-0.062,-0.146,-4.693,2.426,4.351113409996188,,4.351113409996188
509,,,,,,,,,,,,,,,,,,,,,,,,,,,,346,Joe Smith,HOU| SEA| MIN,RIGHT,RP,39.66666666666666,0,50,47,23,22,5,8,34,4,4,0,0,0,4.992,1.387,2,1,0.05,-1.253,-2.223,-0.506,-0.381,-0.34,-4.703,2.4159999999999995,4.333178070301231,,4.333178070301231
510,,,,,,,,,,,,,,,,,,,,,,,,,,,,347,Erik Swanson,TOR| SEA,RIGHT,RP,35.333333333333336,2,33,28,18,13,5,10,35,0,3,1,0,0,3.311,1.075,3,1,0.085,-2.401,-2.201,-0.413,0.125,0.184,-4.707,2.412,4.32600393442325,,4.32600393442325
511,,,,,,,,,,,,,,,,,,,,,,,,,,,,348,Kyle Muller,ATL| OAK,LEFT,SP,36.66666666666667,8,9,26,17,17,2,20,37,2,4,0,0,0,4.173,1.254,2,0,0.055,-1.827,-2.158,-0.506,-0.117,-0.1,-4.709,2.41,4.322416866484259,,4.322416866484259
512,,,,,,,,,,,,,,,,,,,,,,,,,,,,349,Chris Ellis,BAL| TBA,RIGHT,SP,29.333333333333336,6,7,21,7,7,3,14,23,1,0,0,0,0,2.148,1.193,4,2,0.136,-2.114,-2.46,-0.506,0.37,-0.0,-4.711,2.4079999999999995,4.318829798545266,,4.318829798545266
513,,,,,,,,,,,,,,,,,,,,,,,,,,,,350,Garrett Richards,SDN| BOS| TEX,RIGHT,SP| RP,136.66666666666669,22,40,158,86,74,19,60,115,7,8,3,0,0,4.873,1.595,7,2,0.051,-0.391,-0.479,-0.225,-1.185,-2.433,-4.714,2.405,4.31344919663678,,4.31344919663678
514,,,,,,,,,,,,,,,,,,,,,,,,,,,,351,Ryan Hendrix,CIN,RIGHT,RP,31.66666666666666,0,36,33,23,21,8,16,35,5,1,0,0,0,5.968,1.547,0,1,0.0,-0.966,-2.201,-0.506,-0.546,-0.497,-4.716,2.403,4.309862128697789,,4.309862128697789
515,,,,,,,,,,,,,,,,,,,,,,,,,,,,352,Jay Jackson,SFN| ATL| TOR| MIN,RIGHT,RP,21.666666666666668,1,23,15,9,9,3,12,28,2,1,0,0,0,3.739,1.246,1,0,0.046,-1.827,-2.352,-0.506,0.004,-0.051,-4.733,2.386,4.279372051216366,,4.279372051216366
516,,,,,,,,,,,,,,,,,,,,,,,,,,,,353,Scott Effross,NYA| CHN,RIGHT,RP,14.666666666666666,0,14,13,6,6,2,1,18,2,1,0,0,0,3.682,0.955,3,2,0.205,-1.827,-2.567,-0.506,0.009,0.155,-4.737,2.382,4.272197915338383,,4.272197915338383
517,,,,,,,,,,,,,,,,,,,,,,,,,,,,354,Brad Wieck,CHN,LEFT,RP,17.0,0,15,10,0,0,0,10,28,0,0,0,0,0,0.0,1.177,1,0,0.059,-2.401,-2.352,-0.506,0.5,0.012,-4.748,2.371,4.252469041673932,,4.252469041673932
518,,,,,,,,,,,,,,,,,,,,,,,,,,,,355,Drew Hutchison,DET,RIGHT,RP,21.33333333333333,2,9,20,11,5,1,11,10,3,1,0,0,0,2.109,1.453,1,2,0.047,-1.54,-2.74,-0.506,0.276,-0.246,-4.756,2.3629999999999995,4.238120769917967,,4.238120769917967
519,,,,,,,,,,,,,,,,,,,,,,,,,,,,356,Adam Morgan,PHI| CHN,LEFT,RP,25.333333333333336,0,34,22,15,12,6,12,28,2,1,2,0,0,4.263,1.342,2,0,0.079,-1.827,-2.352,-0.319,-0.099,-0.167,-4.765,2.354,4.221978964192508,,4.221978964192508
520,,,,,,,,,,,,,,,,,,,,,,,,,,,,357,Luis Gil,NYA,RIGHT,SP,29.33333333333333,6,6,20,11,10,4,19,38,1,1,0,0,0,3.068,1.329,0,0,0.0,-2.114,-2.137,-0.506,0.159,-0.177,-4.776,2.343,4.202250090528057,,4.202250090528057
521,149,Yandy Diaz,TBA,133,4,RIGHT,541,465,119,62,13,64,69,1,1,0.256,1B| 3B,-0.763,-0.86,-0.367,-0.881,-0.251,-3.122,1.668,4.79,4.199230163443877,,,,,,,,,,,,,,,,,,,,,,,,,,,,,,,,,,,4.199230163443877
522,,,,,,,,,,,,,,,,,,,,,,,,,,,,358,Paul Fry,BAL| ARI,LEFT,RP,47.33333333333334,0,52,37,34,32,3,35,60,4,5,2,0,0,6.085,1.521,3,0,0.063,-1.253,-1.663,-0.319,-0.858,-0.688,-4.781,2.338,4.19328242068058,,4.19328242068058
523,,,,,,,,,,,,,,,,,,,,,,,,,,,,359,Justin Dunn,SEA| CIN,RIGHT,SP,50.33333333333333,11,11,37,21,21,6,29,49,1,3,0,0,0,3.755,1.311,10,0,0.199,-2.114,-1.9,-0.506,0.003,-0.263,-4.781,2.338,4.19328242068058,,4.19328242068058
524,150,Harrison Bader,MIN| PHI| SLN| NYA| CIN| NYN,102,8,RIGHT,401,367,98,45,16,50,27,9,4,0.267,CF,-1.702,-0.569,-1.041,0.068,0.114,-3.129,1.661,4.79,4.181607494892254,,,,,,,,,,,,,,,,,,,,,,,,,,,,,,,,,,,4.181607494892254
525,,,,,,,,,,,,,,,,,,,,,,,,,,,,360,Brady Singer,CIN| KCA,RIGHT,SP,128.33333333333334,27,27,146,81,70,14,53,131,5,10,0,0,0,4.909,1.551,10,4,0.078,-0.966,-0.135,-0.506,-1.149,-2.032,-4.788,2.3309999999999995,4.18072768289411,,4.18072768289411
526,,,,,,,,,,,,,,,,,,,,,,,,,,,,361,Griffin Canning,NYN| ANA,RIGHT,SP,62.66666666666666,13,14,65,41,39,14,28,62,5,4,0,0,0,5.601,1.484,5,1,0.08,-0.966,-1.62,-0.506,-0.9,-0.807,-4.8,2.319,4.159205275260164,,4.159205275260164
527,,,,,,,,,,,,,,,,,,,,,,,,,,,,362,Ryan Borucki,PIT| TOR| SEA,LEFT,RP,23.666666666666668,0,24,18,14,13,5,11,21,3,1,0,0,0,4.944,1.225,0,0,0.0,-1.54,-2.503,-0.506,-0.218,-0.034,-4.802,2.317,4.155618207321173,,4.155618207321173
528,,,,,,,,,,,,,,,,,,,,,,,,,,,,363,Miles Mikolas,SLN,RIGHT,SP,44.66666666666666,9,9,43,24,21,6,11,31,2,3,0,0,0,4.231,1.209,0,0,0.0,-1.827,-2.288,-0.506,-0.163,-0.032,-4.816,2.303,4.130508731748235,,4.130508731748235
529,,,,,,,,,,,,,,,,,,,,,,,,,,,,364,Joakim Soria,OAK| ARI| TOR,RIGHT,RP,37.333333333333336,0,41,39,21,21,6,12,40,1,4,6,0,0,5.062,1.366,1,0,0.027,-2.114,-2.094,0.056,-0.379,-0.286,-4.818,2.301,4.126921663809244,,4.126921663809244
530,,,,,,,,,,,,,,,,,,,,,,,,,,,,365,Kolby Allard,CLE| TEX| ATL| PHI,LEFT,SP| RP,124.66666666666669,17,32,128,80,75,29,31,104,3,12,0,0,0,5.414,1.275,6,0,0.048,-1.54,-0.716,-0.506,-1.608,-0.455,-4.826,2.293,4.112573392053281,,4.112573392053281
531,,,,,,,,,,,,,,,,,,,,,,,,,,,,366,Josh Rogers,WAS| COL,LEFT,SP,35.66666666666667,6,6,32,13,13,7,14,22,2,2,0,0,0,3.28,1.29,0,0,0.0,-1.827,-2.481,-0.506,0.134,-0.153,-4.833,2.286,4.100018654266811,,4.100018654266811
532,,,,,,,,,,,,,,,,,,,,,,,,,,,,367,Taylor Widener,ARI,RIGHT,SP| RP,70.33333333333334,13,23,65,38,34,14,37,73,2,1,0,0,0,4.351,1.45,3,1,0.043,-1.827,-1.383,-0.506,-0.323,-0.801,-4.841,2.278,4.085670382510847,,4.085670382510847
533,153,Odubel Herrera,PHI,124,1,LEFT,492,450,117,59,13,51,29,6,1,0.26,CF| LF,-0.928,-0.86,-0.993,-0.288,-0.102,-3.172,1.618,4.79,4.073353959503712,,,,,,,,,,,,,,,,,,,,,,,,,,,,,,,,,,,4.073353959503712
534,,,,,,,,,,,,,,,,,,,,,,,,,,,,368,Jordan Holloway,MIA,RIGHT,SP| RP,36.0,4,13,23,19,16,3,26,36,2,3,0,0,0,4.0,1.361,2,0,0.056,-1.827,-2.18,-0.506,-0.067,-0.268,-4.848,2.271,4.073115644724378,,4.073115644724378
535,,,,,,,,,,,,,,,,,,,,,,,,,,,,369,Reiver Sanmartin,CIN,LEFT,P,11.666666666666668,2,2,12,2,2,0,2,11,2,0,0,0,0,1.543,1.2,0,0,0.0,-1.827,-2.718,-0.506,0.202,-0.004,-4.853,2.266,4.0641479748769,,4.0641479748769
536,,,,,,,,,,,,,,,,,,,,,,,,,,,,370,Jharel Cotton,TEX| MIN| SFN,RIGHT,RP,30.66666666666667,0,23,28,12,12,2,15,30,2,0,0,0,0,3.522,1.402,1,0,0.033,-1.827,-2.309,-0.506,0.058,-0.284,-4.869,2.25,4.035451431364971,,4.035451431364971
537,,,,,,,,,,,,,,,,,,,,,,,,,,,,371,Joey Lucchesi,SFN| SDN| NYN,LEFT,SP| RP,38.333333333333336,8,11,34,20,19,4,11,41,1,4,0,0,0,4.461,1.174,2,1,0.052,-2.114,-2.072,-0.506,-0.209,0.032,-4.87,2.249,4.033657897395476,,4.033657897395476
538,,,,,,,,,,,,,,,,,,,,,,,,,,,,372,Austin Voth,WAS| BAL| SEA,RIGHT,RP,57.33333333333333,1,49,57,35,34,10,28,59,4,1,0,0,0,5.337,1.483,1,4,0.017,-1.253,-1.685,-0.506,-0.705,-0.735,-4.884,2.2349999999999994,4.008548421822538,,4.008548421822538
539,,,,,,,,,,,,,,,,,,,,,,,,,,,,373,Elieser Hernandez,MIA| LAN| MIL,RIGHT,SP,51.66666666666666,11,11,54,26,24,13,14,53,1,3,0,0,0,4.181,1.316,1,1,0.019,-2.114,-1.814,-0.506,-0.169,-0.282,-4.885,2.234,4.006754887853044,,4.006754887853044
540,,,,,,,,,,,,,,,,,,,,,,,,,,,,374,Kodi Whitley,SLN,RIGHT,RP,25.333333333333336,0,25,15,8,7,1,12,27,0,0,0,0,0,2.487,1.066,0,0,0.0,-2.401,-2.374,-0.506,0.253,0.143,-4.886,2.233,4.004961353883547,,4.004961353883547
541,,,,,,,,,,,,,,,,,,,,,,,,,,,,375,Ralph Garza,HOU| MIN| TBA,RIGHT,RP,30.33333333333333,0,27,24,15,12,5,14,29,1,4,1,0,0,3.56,1.253,0,0,0.0,-2.114,-2.331,-0.413,0.048,-0.08,-4.89,2.229,3.997787218005565,,3.997787218005565
542,,,,,,,,,,,,,,,,,,,,,,,,,,,,376,Nick Vincent,MIA| MIN,RIGHT,RP,12.666666666666668,0,7,6,1,1,1,5,9,1,0,0,0,0,0.711,0.868,0,0,0.0,-2.114,-2.761,-0.506,0.302,0.182,-4.898,2.221,3.983438946249602,,3.983438946249602
543,,,,,,,,,,,,,,,,,,,,,,,,,,,,377,Sam Howard,PIT,LEFT,RP,45.0,1,54,34,29,28,7,32,60,3,4,0,0,0,5.6,1.467,3,0,0.067,-1.54,-1.663,-0.506,-0.646,-0.545,-4.901,2.218,3.978058344341114,,3.978058344341114
544,,,,,,,,,,,,,,,,,,,,,,,,,,,,378,Kent Emanuel,HOU| MIA,LEFT,RP,17.666666666666668,0,10,12,5,5,4,4,13,1,0,0,0,0,2.547,0.906,0,0,0.0,-2.114,-2.675,-0.506,0.168,0.225,-4.903,2.216,3.974471276402124,,3.974471276402124
545,154,Wilmer Flores,SFN,139,9,RIGHT,436,389,102,57,18,53,41,1,0,0.262,2B| 1B| 3B,-1.039,-0.374,-0.896,-0.881,-0.023,-3.214,1.576,4.79,3.967617948193975,,,,,,,,,,,,,,,,,,,,,,,,,,,,,,,,,,,3.967617948193975
546,,,,,,,,,,,,,,,,,,,,,,,,,,,,379,Dinelson Lamet,SDN| COL| BOS| LAN,RIGHT,SP| RP,47.0,9,22,48,24,23,6,22,57,2,4,0,0,0,4.404,1.489,4,0,0.085,-1.827,-1.728,-0.506,-0.235,-0.617,-4.914,2.205,3.954742402737673,,3.954742402737673
547,264,James McCann,ARI| CHA| NYN| BAL,121,8,RIGHT,412,375,87,29,10,46,32,1,2,0.232,CC,-2.585,-1.152,-1.233,-0.881,-0.887,-6.739,1.5699999999999994,8.309,3.952512803721153,,,,,,,,,,,,,,,,,,,,,,,,,,,,,,,,,,,3.952512803721153
548,,,,,,,,,,,,,,,,,,,,,,,,,,,,380,A. J. Alexy,TEX,RIGHT,SP,23.0,4,5,13,12,12,4,17,17,3,1,0,0,0,4.696,1.304,0,0,0.0,-1.54,-2.589,-0.506,-0.168,-0.113,-4.916,2.2029999999999994,3.95115533479868,,3.95115533479868
549,,,,,,,,,,,,,,,,,,,,,,,,,,,,381,Ashton Goudeau,COL| CIN,RIGHT,RP,34.33333333333333,1,16,24,16,16,4,17,22,2,1,0,0,0,4.194,1.194,2,1,0.058,-1.827,-2.481,-0.506,-0.116,-0.002,-4.932,2.1869999999999994,3.922458791286752,,3.922458791286752
550,151,Gleyber Torres,DET| NYA,127,5,RIGHT,516,459,119,50,9,51,50,14,6,0.259,SS,-1.425,-1.249,-0.993,0.661,-0.13,-3.136,1.553,4.689,3.9097148943814983,,,,,,,,,,,,,,,,,,,,,,,,,,,,,,,,,,,3.9097148943814983
551,,,,,,,,,,,,,,,,,,,,,,,,,,,,382,Albert Abreu,NYA| KCA| TEX,RIGHT,RP,36.66666666666666,0,28,27,21,21,8,19,35,2,0,1,0,0,5.154,1.254,5,0,0.136,-1.827,-2.201,-0.413,-0.399,-0.1,-4.94,2.1789999999999994,3.908110519530787,,3.908110519530787
552,152,Jose Iglesias,SDN| BAL| ANA| BOS| COL| NYN,133,7,RIGHT,511,483,131,64,9,48,21,5,2,0.271,SS,-0.652,-1.249,-1.137,-0.407,0.304,-3.141,1.548,4.689,3.8971272739874823,,,,,,,,,,,,,,,,,,,,,,,,,,,,,,,,,,,3.8971272739874823
553,,,,,,,,,,,,,,,,,,,,,,,,,,,,383,Jon Lester,CHN| SLN| WAS,LEFT,SP,141.33333333333331,28,28,159,84,74,25,55,91,7,6,0,0,0,4.712,1.514,11,5,0.078,-0.391,-0.996,-0.506,-1.048,-2.009,-4.951,2.168,3.8883816458663376,,3.8883816458663376
554,,,,,,,,,,,,,,,,,,,,,,,,,,,,384,Kervin Castro,SFN| CHN,RIGHT,RP,13.33333333333333,0,10,13,1,0,0,4,13,1,1,0,0,0,0.0,1.275,0,0,0.0,-2.114,-2.675,-0.506,0.392,-0.048,-4.952,2.167,3.886588111896841,,3.886588111896841
555,,,,,,,,,,,,,,,,,,,,,,,,,,,,385,Brusdar Graterol,LAN,RIGHT,RP,33.333333333333336,1,34,34,18,17,2,13,27,3,0,0,0,0,4.59,1.41,1,1,0.03,-1.54,-2.374,-0.506,-0.215,-0.32,-4.956,2.163,3.879413976018858,,3.879413976018858
556,,,,,,,,,,,,,,,,,,,,,,,,,,,,386,Chris Rodriguez,ANA,RIGHT,RP,29.666666666666664,2,15,28,14,12,0,15,29,2,1,0,0,0,3.64,1.449,4,1,0.135,-1.827,-2.331,-0.506,0.028,-0.337,-4.973,2.146,3.848923898537435,,3.848923898537435
557,,,,,,,,,,,,,,,,,,,,,,,,,,,,387,Andres Machado,WAS,RIGHT,RP,35.66666666666667,0,40,30,17,14,4,15,30,1,2,0,0,0,3.533,1.262,2,1,0.056,-2.114,-2.309,-0.506,0.064,-0.108,-4.974,2.145,3.847130364567939,,3.847130364567939
558,,,,,,,,,,,,,,,,,,,,,,,,,,,,388,Duane Underwood,CHN| PIT,RIGHT,RP,72.66666666666667,0,43,77,40,35,9,27,65,2,3,0,0,0,4.335,1.431,7,1,0.096,-1.827,-1.556,-0.506,-0.325,-0.766,-4.98,2.139,3.836369160750965,,3.836369160750965
559,,,,,,,,,,,,,,,,,,,,,,,,,,,,389,Jeff Hoffman,TOR| COL| CIN| PHI,RIGHT,SP| RP,73.0,11,31,70,41,37,12,45,79,3,5,0,0,0,4.562,1.575,3,0,0.041,-1.54,-1.254,-0.506,-0.455,-1.236,-4.992,2.127,3.81484675311702,,3.81484675311702
560,,,,,,,,,,,,,,,,,,,,,,,,,,,,390,Jimmie Sherfy,LAN| SFN,RIGHT,RP,15.0,0,14,12,8,7,3,4,12,2,1,0,0,0,4.2,1.067,1,0,0.067,-1.827,-2.697,-0.506,-0.051,0.084,-4.998,2.121,3.804085549300046,,3.804085549300046
561,,,,,,,,,,,,,,,,,,,,,,,,,,,,391,Marcos Diplan,BAL,RIGHT,RP,30.000000000000004,0,23,22,16,15,6,15,24,2,0,0,0,0,4.5,1.233,0,0,0.0,-1.827,-2.438,-0.506,-0.173,-0.054,-4.998,2.121,3.804085549300046,,3.804085549300046
562,,,,,,,,,,,,,,,,,,,,,,,,,,,,392,Travis Bergen,ARI| TOR,LEFT,RP,10.666666666666668,1,10,5,2,2,1,8,6,2,0,0,0,0,1.688,1.219,0,0,0.0,-1.827,-2.826,-0.506,0.173,-0.012,-4.999,2.12,3.802292015330552,,3.802292015330552
563,,,,,,,,,,,,,,,,,,,,,,,,,,,,393,Dillon Tate,TOR| BAL,RIGHT,RP,67.66666666666667,0,62,61,35,33,7,23,49,0,6,3,0,0,4.389,1.241,3,2,0.044,-2.401,-1.9,-0.225,-0.331,-0.145,-5.003,2.116,3.795117879452568,,3.795117879452568
564,125,Bobby Dalbec,CHA| BOS,129,9,RIGHT,453,417,100,50,25,78,28,2,0,0.24,1B,-1.425,0.306,0.308,-0.763,-0.738,-2.312,1.5020000000000002,3.814,3.781321166362532,,,,,,,,,,,,,,,,,,,,,,,,,,,,,,,,,,,3.781321166362532
565,,,,,,,,,,,,,,,,,,,,,,,,,,,,394,Ryan Weathers,MIA| SDN,LEFT,SP| RP,94.66666666666666,18,30,101,57,56,20,30,72,4,7,1,0,0,5.324,1.384,2,1,0.021,-1.253,-1.405,-0.413,-1.154,-0.8,-5.025,2.0939999999999994,3.755660132123666,,3.755660132123666
566,,,,,,,,,,,,,,,,,,,,,,,,,,,,395,Rowan Wick,CHN,RIGHT,RP,23.0,0,22,17,12,11,1,14,29,0,1,5,0,0,4.304,1.348,1,0,0.043,-2.401,-2.331,-0.038,-0.097,-0.158,-5.025,2.0939999999999994,3.755660132123666,,3.755660132123666
567,156,Pavin Smith,ARI,145,1,LEFT,545,498,133,68,11,49,42,1,0,0.267,RF| 1B| LF| CF,-0.432,-1.055,-1.089,-0.881,0.156,-3.301,1.489,4.79,3.7485933533380886,,,,,,,,,,,,,,,,,,,,,,,,,,,,,,,,,,,3.7485933533380886
568,,,,,,,,,,,,,,,,,,,,,,,,,,,,396,Aaron Sanchez,SFN| MIN| WAS,RIGHT,SP,35.333333333333336,7,9,32,12,12,2,15,26,1,1,0,0,0,3.057,1.33,5,0,0.142,-2.114,-2.395,-0.506,0.195,-0.215,-5.036,2.083,3.7359312584592166,,3.7359312584592166
569,,,,,,,,,,,,,,,,,,,,,,,,,,,,397,Bailey Falter,KCA| PIT| PHI,LEFT,RP,33.666666666666664,1,22,34,21,21,5,6,34,2,1,0,0,0,5.614,1.188,0,1,0.0,-1.827,-2.223,-0.506,-0.487,0.007,-5.036,2.083,3.7359312584592166,,3.7359312584592166
570,,,,,,,,,,,,,,,,,,,,,,,,,,,,398,Ervin Santana,KCA,RIGHT,RP,65.33333333333334,2,38,65,35,34,9,22,52,2,2,0,0,0,4.684,1.332,2,0,0.031,-1.827,-1.836,-0.506,-0.47,-0.401,-5.04,2.079,3.7287571225812335,,3.7287571225812335
571,,,,,,,,,,,,,,,,,,,,,,,,,,,,399,Bruce Zimmermann,MIL| BAL,LEFT,SP,64.33333333333334,13,14,75,37,36,14,22,56,4,5,0,0,0,5.036,1.508,2,2,0.031,-1.253,-1.749,-0.506,-0.64,-0.896,-5.045,2.074,3.719789452733756,,3.719789452733756
572,,,,,,,,,,,,,,,,,,,,,,,,,,,,400,Patrick Corbin,TEX| WAS,LEFT,SP,171.66666666666666,31,31,192,114,111,37,60,143,9,16,0,0,0,5.819,1.468,13,5,0.076,0.183,0.123,-0.506,-2.758,-2.09,-5.047,2.072,3.716202384794765,,3.716202384794765
573,267,Francisco Mejia,SDN| TBA,81,8,SWITCH,277,250,65,31,6,35,17,0,0,0.26,CC,-2.475,-1.541,-1.763,-1.0,-0.057,-6.835,1.4739999999999993,8.309,3.7108304921560378,,,,,,,,,,,,,,,,,,,,,,,,,,,,,,,,,,,3.7108304921560378
574,,,,,,,,,,,,,,,,,,,,,,,,,,,,401,Anthony Castro,DET| TOR| CLE,RIGHT,RP,24.666666666666664,0,25,23,15,13,4,8,32,1,2,1,0,0,4.743,1.257,1,0,0.041,-2.114,-2.266,-0.413,-0.189,-0.07,-5.052,2.067,3.707234714947288,,3.707234714947288
575,,,,,,,,,,,,,,,,,,,,,,,,,,,,402,Andrew Wantz,ANA,RIGHT,RP,27.33333333333333,0,21,23,17,15,5,11,38,1,0,0,0,0,4.939,1.244,0,1,0.0,-2.114,-2.137,-0.506,-0.251,-0.062,-5.07,2.0489999999999995,3.674951103496367,,3.674951103496367
576,,,,,,,,,,,,,,,,,,,,,,,,,,,,403,Cody Poteet,BAL| MIA| NYA,RIGHT,SP,30.666666666666668,7,7,25,17,17,7,16,32,2,3,0,0,0,4.989,1.337,2,0,0.065,-1.827,-2.266,-0.506,-0.294,-0.195,-5.089,2.03,3.640873958075951,,3.640873958075951
577,,,,,,,,,,,,,,,,,,,,,,,,,,,,404,Josiah Gray,LAN| WAS,RIGHT,SP,70.66666666666667,13,14,63,44,43,19,33,76,2,2,0,0,0,5.476,1.359,5,1,0.071,-1.827,-1.319,-0.506,-0.946,-0.518,-5.116,2.003,3.5924485408995728,,3.5924485408995728
578,,,,,,,,,,,,,,,,,,,,,,,,,,,,405,Bryan Abreu,HOU,RIGHT,RP,36.0,0,31,35,26,23,4,18,36,3,3,1,0,0,5.75,1.472,2,0,0.056,-1.54,-2.18,-0.413,-0.559,-0.445,-5.137,1.982,3.5547843275401667,,3.5547843275401667
579,,,,,,,,,,,,,,,,,,,,,,,,,,,,406,Adam Conley,TBA,LEFT,RP,19.666666666666668,0,17,14,5,5,2,6,16,0,0,0,0,0,2.288,1.017,1,1,0.051,-2.401,-2.611,-0.506,0.227,0.153,-5.139,1.9799999999999995,3.5511972596011745,,3.5511972596011745
580,,,,,,,,,,,,,,,,,,,,,,,,,,,,407,Peter Solomon,HOU| ARI,RIGHT,RP,14.0,0,6,10,2,2,0,8,10,1,0,0,0,0,1.286,1.286,0,1,0.0,-2.114,-2.74,-0.506,0.271,-0.057,-5.147,1.9719999999999995,3.53684898784521,,3.53684898784521
581,157,Garrett Hampson,ARI| CIN| SLN| COL| MIA| KCA,139,1,RIGHT,494,453,106,67,11,33,33,17,7,0.234,CF| 2B,-0.487,-1.055,-1.859,1.018,-1.003,-3.386,1.404,4.79,3.5346038066398098,,,,,,,,,,,,,,,,,,,,,,,,,,,,,,,,,,,3.5346038066398098
582,,,,,,,,,,,,,,,,,,,,,,,,,,,,408,Hector Santiago,SEA,LEFT,RP,26.33333333333333,1,13,27,10,10,2,11,30,1,1,0,0,0,3.418,1.443,1,0,0.038,-2.114,-2.309,-0.506,0.071,-0.291,-5.15,1.9689999999999996,3.5314683859367237,,3.5314683859367237
583,,,,,,,,,,,,,,,,,,,,,,,,,,,,409,Jimmy Herget,COL| TEX| ANA| ATL,RIGHT,RP,18.666666666666664,0,18,20,12,11,1,4,20,2,3,0,0,0,5.304,1.286,4,0,0.214,-1.827,-2.524,-0.506,-0.225,-0.077,-5.159,1.96,3.5153265802112643,,3.5153265802112643
584,,,,,,,,,,,,,,,,,,,,,,,,,,,,410,Jandel Gustave,MIL,RIGHT,RP,18.33333333333333,0,14,15,10,7,2,5,13,1,2,0,0,0,3.436,1.091,0,0,0.0,-2.114,-2.675,-0.506,0.047,0.083,-5.166,1.9529999999999996,3.5027718424247944,,3.5027718424247944
585,,,,,,,,,,,,,,,,,,,,,,,,,,,,411,Keone Kela,PIT| SDN,RIGHT,RP,10.666666666666666,0,12,11,8,6,3,3,13,2,2,0,0,0,5.062,1.312,1,0,0.094,-1.827,-2.675,-0.506,-0.108,-0.056,-5.173,1.946,3.4902171046383264,,3.4902171046383264
586,,,,,,,,,,,,,,,,,,,,,,,,,,,,412,Dennis Santana,PIT| LAN| TEX| NYN| NYA,RIGHT,RP,54.66666666666667,0,55,48,31,26,4,32,46,2,4,0,0,0,4.28,1.463,6,1,0.11,-1.827,-1.965,-0.506,-0.221,-0.654,-5.174,1.9449999999999996,3.48842357066883,,3.48842357066883
587,,,,,,,,,,,,,,,,,,,,,,,,,,,,413,Kyle McGowin,WAS,RIGHT,RP,30.000000000000007,0,27,21,14,14,5,14,35,0,0,0,0,0,4.2,1.167,4,0,0.133,-2.401,-2.201,-0.506,-0.102,0.035,-5.177,1.942,3.483042968760345,,3.483042968760345
588,,,,,,,,,,,,,,,,,,,,,,,,,,,,414,Alex Lange,DET,RIGHT,RP,35.66666666666667,0,36,37,18,16,5,16,39,1,3,1,0,0,4.037,1.486,4,0,0.112,-2.114,-2.115,-0.413,-0.076,-0.463,-5.182,1.9369999999999996,3.4740752989128656,,3.4740752989128656
589,,,,,,,,,,,,,,,,,,,,,,,,,,,,415,Sam Long,KCA| SFN| OAK,LEFT,SP| RP,40.66666666666666,5,12,37,27,25,5,15,38,2,1,0,0,0,5.533,1.279,3,1,0.074,-1.827,-2.137,-0.506,-0.562,-0.154,-5.187,1.9319999999999995,3.4651076290653884,,3.4651076290653884
590,,,,,,,,,,,,,,,,,,,,,,,,,,,,416,Zach Pop,NYN| SEA| MIA| TOR,RIGHT,RP,54.66666666666666,0,50,54,29,25,3,24,51,1,0,0,0,0,4.116,1.427,2,0,0.037,-2.114,-1.857,-0.506,-0.151,-0.566,-5.194,1.925,3.45255289127892,,3.45255289127892
591,,,,,,,,,,,,,,,,,,,,,,,,,,,,417,Garrett Cleavinger,TBA| PHI| LAN,LEFT,RP,18.0,1,22,20,11,6,4,12,21,2,4,0,0,0,3.0,1.778,3,0,0.167,-1.827,-2.503,-0.506,0.107,-0.466,-5.195,1.9239999999999997,3.450759357309424,,3.450759357309424
592,,,,,,,,,,,,,,,,,,,,,,,,,,,,418,Joely Rodriguez,TEX| NYA| NYN| BOS,LEFT,RP,46.333333333333336,0,52,53,27,24,4,18,47,2,3,1,0,0,4.662,1.532,5,1,0.108,-1.827,-1.943,-0.413,-0.325,-0.696,-5.205,1.914,3.4328240176144686,,3.4328240176144686
593,,,,,,,,,,,,,,,,,,,,,,,,,,,,419,Evan Phillips,LAN| BAL| TBA,RIGHT,RP,13.333333333333334,0,8,11,6,5,1,5,11,1,1,1,0,0,3.375,1.2,1,0,0.075,-2.114,-2.718,-0.413,0.04,-0.004,-5.209,1.91,3.4256498817364878,,3.4256498817364878
594,,,,,,,,,,,,,,,,,,,,,,,,,,,,420,Steve Cishek,CHA| ANA| WAS,RIGHT,RP,68.33333333333336,0,74,61,32,26,2,41,64,0,2,0,0,0,3.424,1.493,1,2,0.015,-2.401,-1.577,-0.506,0.181,-0.907,-5.211,1.9079999999999997,3.422062813797495,,3.422062813797495
595,,,,,,,,,,,,,,,,,,,,,,,,,,,,421,Jordan Sheffield,COL,RIGHT,RP,29.33333333333333,0,30,19,11,11,2,13,20,0,0,0,0,0,3.375,1.091,0,2,0.0,-2.401,-2.524,-0.506,0.089,0.133,-5.211,1.9079999999999997,3.422062813797495,,3.422062813797495
596,158,Max Kepler,PHI| MIN,121,1,LEFT,490,426,90,61,19,54,54,10,0,0.211,RF| CF,-0.818,-0.277,-0.848,0.187,-1.682,-3.439,1.351,4.79,3.401175030463236,,,,,,,,,,,,,,,,,,,,,,,,,,,,,,,,,,,3.401175030463236
597,,,,,,,,,,,,,,,,,,,,,,,,,,,,422,Jakob Junis,CLE| KCA| SFN| CIN| MIL,RIGHT,SP| RP,39.33333333333333,6,16,43,24,23,7,12,41,2,4,0,0,0,5.263,1.398,0,1,0.0,-1.827,-2.072,-0.506,-0.461,-0.357,-5.224,1.895,3.398746872194053,,3.398746872194053
598,,,,,,,,,,,,,,,,,,,,,,,,,,,,423,Sean Newcomb,ATH| BOS| ATL| CHN| OAK,LEFT,RP,32.33333333333333,0,32,28,17,17,1,27,43,2,0,1,0,0,4.732,1.701,0,2,0.0,-1.827,-2.029,-0.413,-0.245,-0.727,-5.241,1.878,3.36825679471263,,3.36825679471263
599,,,,,,,,,,,,,,,,,,,,,,,,,,,,424,Derek Holland,PIT| DET,LEFT,RP,49.66666666666667,1,39,58,29,28,6,20,51,3,2,0,0,0,5.074,1.571,2,1,0.04,-1.54,-1.857,-0.506,-0.509,-0.83,-5.242,1.877,3.3664632607431337,,3.3664632607431337
600,,,,,,,,,,,,,,,,,,,,,,,,,,,,425,Ryan Brasier,CHN| BOS| LAN,RIGHT,RP,12.0,0,13,12,5,2,2,4,9,1,1,0,0,0,1.5,1.333,0,1,0.0,-2.114,-2.761,-0.506,0.212,-0.075,-5.244,1.875,3.3628761928041437,,3.3628761928041437
601,,,,,,,,,,,,,,,,,,,,,,,,,,,,426,Sean Reid-Foley,TOR| NYN,RIGHT,RP,20.666666666666664,0,12,22,15,12,3,9,26,2,1,0,0,0,5.226,1.5,0,0,0.0,-1.827,-2.395,-0.506,-0.236,-0.281,-5.246,1.8729999999999996,3.35928912486515,,3.35928912486515
602,,,,,,,,,,,,,,,,,,,,,,,,,,,,427,Ryne Harper,WAS,RIGHT,RP,35.666666666666664,0,34,28,16,16,6,14,31,0,2,0,0,0,4.037,1.178,1,1,0.028,-2.401,-2.288,-0.506,-0.076,0.024,-5.248,1.871,3.35570205692616,,3.35570205692616
603,,,,,,,,,,,,,,,,,,,,,,,,,,,,428,Dillon Peters,ANA| PIT,LEFT,SP,26.666666666666668,6,6,26,12,11,2,10,23,1,2,0,0,0,3.712,1.35,1,0,0.037,-2.114,-2.46,-0.506,0.011,-0.185,-5.255,1.864,3.343147319139692,,3.343147319139692
604,,,,,,,,,,,,,,,,,,,,,,,,,,,,429,Daulton Jefferies,OAK| PIT| SFN,RIGHT,RP,15.000000000000002,1,5,11,6,6,1,4,8,1,0,0,0,0,3.6,1.0,1,0,0.067,-2.114,-2.783,-0.506,0.019,0.128,-5.256,1.8629999999999995,3.341353785170196,,3.341353785170196
605,,,,,,,,,,,,,,,,,,,,,,,,,,,,430,Anthony Banda,LAN| TBA| NYN| PIT| NYA| TOR| WAS,LEFT,RP,33.666666666666664,0,30,39,18,16,6,13,32,2,2,0,0,0,4.277,1.545,0,0,0.0,-1.827,-2.266,-0.506,-0.135,-0.524,-5.259,1.8599999999999997,3.335973183261709,,3.335973183261709
606,,,,,,,,,,,,,,,,,,,,,,,,,,,,431,Cesar Valdez,BAL| ANA,RIGHT,RP,45.99999999999999,0,39,62,32,30,8,14,45,2,2,8,0,0,5.87,1.652,0,1,0.0,-1.827,-1.986,0.243,-0.757,-0.935,-5.263,1.856,3.328799047383728,,3.328799047383728
607,,,,,,,,,,,,,,,,,,,,,,,,,,,,432,Josh Osich,BOS| CHN| CIN,LEFT,RP,14.333333333333332,0,17,15,9,8,4,5,9,2,0,1,0,0,5.023,1.395,1,1,0.07,-1.827,-2.761,-0.413,-0.141,-0.128,-5.271,1.848,3.3144507756277632,,3.3144507756277632
608,,,,,,,,,,,,,,,,,,,,,,,,,,,,433,Kyle Barraclough,MIN| ANA| BOS,RIGHT,RP,13.0,0,10,12,8,8,4,8,18,2,0,0,0,0,5.538,1.538,3,0,0.231,-1.827,-2.567,-0.506,-0.18,-0.199,-5.28,1.8389999999999995,3.298308969902303,,3.298308969902303
609,,,,,,,,,,,,,,,,,,,,,,,,,,,,434,Manuel Rodriguez,TBA| CHN,RIGHT,RP,17.666666666666668,0,20,18,18,12,3,12,16,3,3,1,0,0,6.113,1.698,1,0,0.057,-1.54,-2.611,-0.413,-0.324,-0.395,-5.283,1.8359999999999996,3.292928367993816,,3.292928367993816
610,,,,,,,,,,,,,,,,,,,,,,,,,,,,435,Drew Anderson,CHA| TEX,RIGHT,RP,22.0,1,9,20,8,8,1,6,9,1,1,0,0,0,3.273,1.182,3,0,0.136,-2.114,-2.761,-0.506,0.084,0.011,-5.287,1.832,3.2857542321158344,,3.2857542321158344
611,275,Victor Caratini,HOU| CHN| SDN| MIL,108,8,SWITCH,356,313,71,33,7,39,35,2,0,0.227,CC,-2.364,-1.444,-1.57,-0.763,-0.864,-7.005,1.3039999999999994,8.309,3.28285139875948,,,,,,,,,,,,,,,,,,,,,,,,,,,,,,,,,,,3.28285139875948
612,,,,,,,,,,,,,,,,,,,,,,,,,,,,436,David Phelps,MIL| PHI| TOR,RIGHT,RP,10.333333333333332,1,11,8,2,1,0,4,15,0,0,0,0,0,0.871,1.161,0,0,0.0,-2.401,-2.632,-0.506,0.233,0.015,-5.292,1.827,3.276786562268357,,3.276786562268357
613,,,,,,,,,,,,,,,,,,,,,,,,,,,,437,Miguel Sanchez,MIL,RIGHT,RP,26.0,0,28,27,14,12,4,14,23,2,1,0,0,0,4.154,1.577,1,0,0.038,-1.827,-2.46,-0.506,-0.079,-0.442,-5.315,1.8039999999999996,3.2355352809699585,,3.2355352809699585
614,160,Leury Garcia,CHA,124,8,SWITCH,474,415,111,60,5,54,41,6,2,0.267,2B| LF| RF| CF,-0.873,-1.638,-0.848,-0.288,0.142,-3.505,1.285,4.79,3.2350184412622194,,,,,,,,,,,,,,,,,,,,,,,,,,,,,,,,,,,3.2350184412622194
615,,,,,,,,,,,,,,,,,,,,,,,,,,,,438,David Peterson,NYN,LEFT,SP,66.66666666666666,15,15,64,44,41,11,29,69,2,6,0,0,0,5.535,1.395,2,3,0.03,-1.827,-1.47,-0.506,-0.923,-0.596,-5.322,1.7969999999999997,3.2229805431834904,,3.2229805431834904
616,,,,,,,,,,,,,,,,,,,,,,,,,,,,439,Justin Garza,NYN| CLE| BOS,RIGHT,RP,28.666666666666664,0,21,27,16,15,5,18,29,2,1,0,0,0,4.709,1.57,1,0,0.035,-1.827,-2.331,-0.506,-0.212,-0.478,-5.354,1.7649999999999997,3.1655874561596327,,3.1655874561596327
617,,,,,,,,,,,,,,,,,,,,,,,,,,,,440,Trent Thornton,SEA| TOR,RIGHT,SP| RP,49.0,3,37,54,33,26,12,16,52,1,3,0,0,0,4.776,1.429,4,3,0.082,-2.114,-1.836,-0.506,-0.388,-0.511,-5.355,1.7639999999999991,3.1637939221901368,,3.1637939221901368
618,,,,,,,,,,,,,,,,,,,,,,,,,,,,441,Conner Menez,SFN| CHN,LEFT,RP,14.0,1,8,16,10,6,2,3,15,1,0,0,0,0,3.857,1.357,0,0,0.0,-2.114,-2.632,-0.506,-0.01,-0.102,-5.365,1.7539999999999996,3.145858582495181,,3.145858582495181
619,,,,,,,,,,,,,,,,,,,,,,,,,,,,442,Phillips Valdez,BOS,RIGHT,RP,40.0,0,28,35,29,26,4,19,35,2,0,1,0,0,5.85,1.35,2,1,0.05,-1.827,-2.201,-0.413,-0.652,-0.278,-5.372,1.747,3.1333038447087134,,3.1333038447087134
620,,,,,,,,,,,,,,,,,,,,,,,,,,,,443,Chris Archer,TBA| MIN,RIGHT,SP,19.333333333333336,5,6,18,11,10,3,8,21,1,1,0,0,0,4.655,1.345,0,0,0.0,-2.114,-2.503,-0.506,-0.135,-0.13,-5.388,1.731,3.1046073011967845,,3.1046073011967845
621,,,,,,,,,,,,,,,,,,,,,,,,,,,,444,Jose Quijada,ANA,LEFT,RP,25.666666666666668,0,26,20,14,13,2,15,38,0,2,0,0,0,4.558,1.364,0,1,0.0,-2.401,-2.137,-0.506,-0.159,-0.194,-5.398,1.721,3.0866719615018297,,3.0866719615018297
622,,,,,,,,,,,,,,,,,,,,,,,,,,,,445,Justin Bruihl,TOR| LAN| COL| PIT,LEFT,RP,18.666666666666668,2,21,13,7,6,1,7,11,0,1,0,0,0,2.893,1.071,0,1,0.0,-2.401,-2.718,-0.506,0.127,0.1,-5.399,1.7199999999999998,3.0848784275323333,,3.0848784275323333
623,,,,,,,,,,,,,,,,,,,,,,,,,,,,446,Michael Lorenzen,KCA| CIN| ANA| DET| PHI| TEX,RIGHT,RP,29.000000000000004,0,27,26,18,18,2,14,21,1,2,4,0,0,5.586,1.379,0,0,0.0,-2.114,-2.503,-0.132,-0.413,-0.239,-5.401,1.718,3.081291359593343,,3.081291359593343
624,,,,,,,,,,,,,,,,,,,,,,,,,,,,448,Corey Oswalt,NYN,RIGHT,P,10.333333333333334,1,3,12,4,4,1,2,10,1,1,0,0,0,3.484,1.355,0,2,0.0,-2.114,-2.74,-0.506,0.023,-0.074,-5.412,1.707,3.061562485928892,,3.061562485928892
625,,,,,,,,,,,,,,,,,,,,,,,,,,,,447,Tucker Davidson,ATL| ANA| KCA| BAL,LEFT,SP,20.0,4,4,15,8,8,3,8,18,0,0,0,0,0,3.6,1.15,0,0,0.0,-2.401,-2.567,-0.506,0.025,0.038,-5.412,1.707,3.061562485928892,,3.061562485928892
626,,,,,,,,,,,,,,,,,,,,,,,,,,,,449,Rafael Dolis,TOR,RIGHT,RP,32.0,0,39,29,21,20,2,27,39,2,3,3,0,0,5.625,1.75,5,0,0.156,-1.827,-2.115,-0.225,-0.465,-0.789,-5.423,1.6959999999999995,3.0418336122644405,,3.0418336122644405
627,,,,,,,,,,,,,,,,,,,,,,,,,,,,450,Mike Foltynewicz,ATL| TEX,RIGHT,SP| RP,139.0,24,28,139,86,84,35,36,97,2,12,0,0,0,5.439,1.259,2,3,0.014,-1.827,-0.867,-0.506,-1.82,-0.406,-5.426,1.6929999999999996,3.0364530103559537,,3.0364530103559537
628,,,,,,,,,,,,,,,,,,,,,,,,,,,,451,Kyle Crick,PIT| CHA,RIGHT,RP,24.33333333333333,0,27,14,14,12,0,19,21,1,1,0,0,0,4.438,1.356,6,0,0.247,-2.114,-2.503,-0.506,-0.128,-0.176,-5.428,1.6909999999999998,3.032865942416963,,3.032865942416963
629,,,,,,,,,,,,,,,,,,,,,,,,,,,,452,Erasmo Ramirez,MIN| NYN| DET| WAS| TBA,RIGHT,RP,26.666666666666664,0,17,24,17,17,4,5,20,1,1,0,0,0,5.737,1.087,0,1,0.0,-2.114,-2.524,-0.506,-0.411,0.125,-5.432,1.6869999999999994,3.02569180653898,,3.02569180653898
630,,,,,,,,,,,,,,,,,,,,,,,,,,,,453,Matt Foster,CHA,RIGHT,RP,38.99999999999999,0,37,43,27,26,9,13,40,2,1,1,0,0,6.0,1.436,2,1,0.051,-1.827,-2.094,-0.413,-0.682,-0.419,-5.435,1.6840000000000002,3.0203112046304947,,3.0203112046304947
631,,,,,,,,,,,,,,,,,,,,,,,,,,,,454,Stephen Strasburg,WAS,RIGHT,SP,21.666666666666664,5,5,16,12,11,4,14,21,1,2,0,0,0,4.569,1.385,2,0,0.092,-2.114,-2.503,-0.506,-0.136,-0.184,-5.444,1.6749999999999998,3.0041693989050344,,3.0041693989050344
632,,,,,,,,,,,,,,,,,,,,,,,,,,,,455,Brad Keller,CHN| KCA| BOS| CHA,RIGHT,SP,133.66666666666669,26,26,158,89,80,18,64,120,8,12,0,0,0,5.386,1.661,5,4,0.037,-0.104,-0.372,-0.506,-1.695,-2.768,-5.446,1.673,3.0005823309660435,,3.0005823309660435
633,,,,,,,,,,,,,,,,,,,,,,,,,,,,456,Austin Davis,PHI| PIT| BOS| MIN| SDN,LEFT,RP,26.333333333333343,0,29,24,17,15,4,12,28,1,2,0,0,0,5.127,1.367,3,0,0.114,-2.114,-2.352,-0.506,-0.281,-0.203,-5.456,1.6629999999999994,2.982646991271087,,2.982646991271087
634,,,,,,,,,,,,,,,,,,,,,,,,,,,,457,Humberto Castellanos,HOU| ARI,RIGHT,SP| RP,45.66666666666666,7,14,48,26,25,7,15,29,2,2,0,0,0,4.927,1.38,1,0,0.022,-1.827,-2.331,-0.506,-0.415,-0.377,-5.457,1.662,2.9808534573015923,,2.9808534573015923
635,161,Brendan Rodgers,HOU| COL,102,2,RIGHT,415,387,110,49,15,51,19,0,0,0.284,2B| SS,-1.481,-0.666,-0.993,-1.0,0.628,-3.511,1.178,4.689,2.965643364830268,,,,,,,,,,,,,,,,,,,,,,,,,,,,,,,,,,,2.965643364830268
636,162,Joc Pederson,TEX| LAN| ATL| CHN| SFN| ARI,136,1,LEFT,481,429,102,55,18,61,39,2,3,0.238,LF| RF| CF,-1.149,-0.374,-0.511,-0.763,-0.826,-3.623,1.1669999999999998,4.79,2.937950599963431,,,,,,,,,,,,,,,,,,,,,,,,,,,,,,,,,,,2.937950599963431
637,163,Rafael Ortega,CHN| NYN| CHA,100,1,LEFT,330,296,86,44,11,33,30,12,6,0.291,CF,-1.757,-1.055,-1.859,0.424,0.623,-3.624,1.166,4.79,2.935433075884628,,,,,,,,,,,,,,,,,,,,,,,,,,,,,,,,,,,2.935433075884628
638,,,,,,,,,,,,,,,,,,,,,,,,,,,,458,Robert Gsellman,NYN| CHN,RIGHT,RP,28.666666666666668,1,17,27,14,12,3,7,17,0,1,0,0,0,3.767,1.186,1,1,0.035,-2.401,-2.589,-0.506,-0.001,0.009,-5.489,1.63,2.923460370277735,,2.923460370277735
639,,,,,,,,,,,,,,,,,,,,,,,,,,,,459,Jason Adam,SDN| CHN| TBA,RIGHT,RP,10.666666666666666,0,12,10,7,7,1,6,19,1,0,0,0,0,5.906,1.5,0,1,0.0,-2.114,-2.546,-0.506,-0.179,-0.145,-5.49,1.6289999999999996,2.9216668363082388,,2.9216668363082388
640,,,,,,,,,,,,,,,,,,,,,,,,,,,,460,Keynan Middleton,ANA| SEA| ARI| CHA| NYA,RIGHT,RP,31.0,1,32,30,20,17,2,19,24,1,2,4,0,0,4.936,1.581,8,0,0.258,-2.114,-2.438,-0.132,-0.284,-0.532,-5.5,1.6189999999999998,2.903731496613284,,2.903731496613284
641,,,,,,,,,,,,,,,,,,,,,,,,,,,,461,Andre Jackson,LAN| PIT,RIGHT,RP,11.666666666666668,0,3,10,3,3,1,6,10,0,1,1,0,0,2.314,1.371,0,0,0.0,-2.401,-2.74,-0.413,0.132,-0.092,-5.514,1.6049999999999995,2.878622021040345,,2.878622021040345
642,,,,,,,,,,,,,,,,,,,,,,,,,,,,462,Chris Mazza,BOS| TBA,RIGHT,RP,27.33333333333333,0,14,26,14,14,3,7,21,0,0,1,0,0,4.61,1.207,1,0,0.037,-2.401,-2.503,-0.413,-0.181,-0.017,-5.515,1.604,2.876828487070851,,2.876828487070851
643,,,,,,,,,,,,,,,,,,,,,,,,,,,,463,Tyler Chatwood,CHN| SFN| TOR,RIGHT,RP,32.0,0,32,26,22,20,2,21,38,1,3,1,0,0,5.625,1.469,1,0,0.031,-2.114,-2.137,-0.413,-0.465,-0.391,-5.52,1.5990000000000002,2.8678608172233737,,2.8678608172233737
644,164,Alex Bregman,BOS| HOU,91,3,RIGHT,400,348,94,54,12,55,44,1,0,0.27,3B,-1.205,-0.958,-0.8,-0.881,0.19,-3.654,1.136,4.79,2.8599073535205304,,,,,,,,,,,,,,,,,,,,,,,,,,,,,,,,,,,2.8599073535205304
645,,,,,,,,,,,,,,,,,,,,,,,,,,,,464,Jhonathan Diaz,SEA| ANA,LEFT,P,13.0,2,3,11,6,6,1,7,9,1,0,0,0,0,4.154,1.385,0,0,0.0,-2.114,-2.761,-0.506,-0.04,-0.11,-5.532,1.5869999999999995,2.846338409589426,,2.846338409589426
646,,,,,,,,,,,,,,,,,,,,,,,,,,,,465,Matt Peacock,ARI| KCA,RIGHT,SP| RP,86.33333333333333,8,35,107,55,47,13,28,50,5,7,0,0,0,4.9,1.564,1,2,0.012,-0.966,-1.879,-0.506,-0.767,-1.417,-5.534,1.585,2.842751341650436,,2.842751341650436
647,281,Jorge Alfaro,WAS| MIA| SDN| BOS| COL,92,7,RIGHT,311,295,72,22,4,30,11,8,1,0.244,CC| LF,-2.971,-1.735,-2.004,-0.051,-0.426,-7.187,1.121999999999999,8.309,2.8246620164172813,,,,,,,,,,,,,,,,,,,,,,,,,,,,,,,,,,,2.8246620164172813
648,,,,,,,,,,,,,,,,,,,,,,,,,,,,466,Amir Garrett,CIN| KCA| ANA,LEFT,RP,47.66666666666668,0,63,46,34,32,9,29,61,0,4,7,0,0,6.042,1.573,5,0,0.105,-2.401,-1.642,0.149,-0.849,-0.803,-5.545,1.5739999999999998,2.823022467985985,,2.823022467985985
649,,,,,,,,,,,,,,,,,,,,,,,,,,,,467,Nate Pearson,CHN| TOR,RIGHT,RP,15.0,1,12,14,8,7,2,12,20,1,1,0,0,0,4.2,1.733,0,0,0.0,-2.114,-2.524,-0.506,-0.051,-0.359,-5.555,1.564,2.805087128291029,,2.805087128291029
650,139,Eric Hosmer,SDN| BOS| CHN,151,5,LEFT,565,509,137,53,12,65,48,5,4,0.269,1B,-1.26,-0.958,-0.318,-0.407,0.24,-2.702,1.112,3.814,2.7994867756292514,,,,,,,,,,,,,,,,,,,,,,,,,,,,,,,,,,,2.7994867756292514
651,,,,,,,,,,,,,,,,,,,,,,,,,,,,468,Andre Scrubb,HOU,RIGHT,RP,19.666666666666668,0,18,15,11,11,5,14,21,1,1,0,0,0,5.034,1.475,1,1,0.051,-2.114,-2.503,-0.506,-0.195,-0.245,-5.564,1.5549999999999995,2.788945322565569,,2.788945322565569
652,,,,,,,,,,,,,,,,,,,,,,,,,,,,469,Griffin Jax,MIN| TBA,RIGHT,SP| RP,82.0,14,18,82,62,58,23,29,65,4,5,0,0,0,6.366,1.354,8,1,0.098,-1.253,-1.556,-0.506,-1.667,-0.583,-5.566,1.553,2.785358254626578,,2.785358254626578
653,,,,,,,,,,,,,,,,,,,,,,,,,,,,470,Matt Andriese,ANA| BOS| SEA| MIA,RIGHT,RP,48.333333333333336,0,34,65,35,28,7,13,50,2,3,1,0,0,5.214,1.614,3,0,0.062,-1.827,-1.879,-0.413,-0.548,-0.9,-5.567,1.5519999999999996,2.783564720657082,,2.783564720657082
654,,,,,,,,,,,,,,,,,,,,,,,,,,,,471,Dallas Keuchel,CHA| ARI| TEX| MIN| MIL,LEFT,SP,161.99999999999997,30,32,189,105,95,25,59,95,9,9,0,0,0,5.278,1.531,2,4,0.012,0.183,-0.91,-0.506,-1.917,-2.423,-5.573,1.5459999999999994,2.772803516840108,,2.772803516840108
655,,,,,,,,,,,,,,,,,,,,,,,,,,,,472,Joe Mantiply,ARI,LEFT,RP,39.66666666666667,0,57,45,24,15,1,17,38,0,3,0,0,0,3.403,1.563,1,5,0.025,-2.401,-2.137,-0.506,0.111,-0.65,-5.583,1.5359999999999996,2.7548681771451533,,2.7548681771451533
656,,,,,,,,,,,,,,,,,,,,,,,,,,,,473,Jacob Barnes,TOR| ANA| NYN| DET| NYA| SLN| WAS,RIGHT,RP,28.666666666666664,0,29,31,20,20,7,11,33,1,2,2,0,0,6.279,1.465,2,1,0.07,-2.114,-2.245,-0.319,-0.563,-0.345,-5.587,1.532,2.747694041267172,,2.747694041267172
657,,,,,,,,,,,,,,,,,,,,,,,,,,,,474,Julian Merryweather,CHN| TOR,RIGHT,RP,13.0,1,13,13,7,7,4,4,12,0,1,2,0,0,4.846,1.308,0,0,0.0,-2.401,-2.697,-0.319,-0.11,-0.066,-5.593,1.5259999999999998,2.7369328374501984,,2.7369328374501984
658,,,,,,,,,,,,,,,,,,,,,,,,,,,,475,Wander Suero,ATL| WAS| LAN| HOU,RIGHT,RP,42.66666666666666,0,45,45,35,30,11,15,44,2,3,0,0,0,6.328,1.406,0,0,0.0,-1.827,-2.008,-0.506,-0.855,-0.403,-5.599,1.5199999999999996,2.7261716336332245,,2.7261716336332245
659,,,,,,,,,,,,,,,,,,,,,,,,,,,,476,Jonathan Heasley,KCA| BAL,RIGHT,SP,14.666666666666664,3,3,15,8,8,3,3,6,1,1,0,0,0,4.909,1.227,0,1,0.0,-2.114,-2.826,-0.506,-0.131,-0.022,-5.6,1.519,2.72437809966373,,2.72437809966373
660,,,,,,,,,,,,,,,,,,,,,,,,,,,,477,Darren O'Day,ATL| NYA,RIGHT,RP,10.666666666666666,0,12,9,4,4,2,4,11,0,0,0,0,0,3.375,1.219,0,0,0.0,-2.401,-2.718,-0.506,0.032,-0.012,-5.606,1.513,2.7136168958467564,,2.7136168958467564
661,,,,,,,,,,,,,,,,,,,,,,,,,,,,478,David Robertson,PHI| TBA| CHN| MIA| NYN| TEX,RIGHT,RP,12.0,1,12,11,7,6,2,4,16,0,0,0,0,0,4.5,1.25,0,1,0.0,-2.401,-2.611,-0.506,-0.069,-0.03,-5.618,1.5009999999999994,2.692094488212809,,2.692094488212809
662,167,David Peralta,ARI| TBA| LAN| SDN,149,4,LEFT,538,487,126,57,8,63,46,2,1,0.259,LF,-1.039,-1.347,-0.415,-0.763,-0.158,-3.721,1.069,4.79,2.691233240240709,,,,,,,,,,,,,,,,,,,,,,,,,,,,,,,,,,,2.691233240240709
663,,,,,,,,,,,,,,,,,,,,,,,,,,,,479,Kyle Tyler,ANA| SDN| MIA,RIGHT,RP,12.333333333333332,0,5,8,4,4,1,6,6,0,0,0,0,0,2.919,1.135,0,0,0.0,-2.401,-2.826,-0.506,0.081,0.032,-5.621,1.497999999999999,2.686713886304322,,2.686713886304322
664,,,,,,,,,,,,,,,,,,,,,,,,,,,,480,Domingo Acevedo,OAK,RIGHT,RP,11.0,0,10,9,4,4,3,4,9,0,0,0,0,0,3.273,1.182,0,0,0.0,-2.401,-2.761,-0.506,0.042,0.005,-5.622,1.497,2.6849203523348275,,2.6849203523348275
665,,,,,,,,,,,,,,,,,,,,,,,,,,,,481,Scott Alexander,COL| SFN| LAN| OAK,LEFT,RP,15.333333333333332,0,18,15,6,5,2,4,8,0,2,0,0,0,2.935,1.239,5,0,0.326,-2.401,-2.783,-0.506,0.099,-0.031,-5.623,1.4959999999999996,2.683126818365332,,2.683126818365332
666,284,Danny Jansen,MIL| TBA| TOR| BOS,64,9,RIGHT,205,184,41,30,11,28,17,0,0,0.223,CC,-2.53,-1.055,-2.1,-1.0,-0.564,-7.249,1.0599999999999996,8.309,2.668575523531479,,,,,,,,,,,,,,,,,,,,,,,,,,,,,,,,,,,2.668575523531479
667,,,,,,,,,,,,,,,,,,,,,,,,,,,,482,Jake Reed,LAN| NYN| BAL,RIGHT,RP,10.0,1,10,10,6,4,1,2,10,0,1,0,0,0,3.6,1.2,1,0,0.1,-2.401,-2.74,-0.506,0.013,-0.003,-5.638,1.481,2.656223808822899,,2.656223808822899
668,,,,,,,,,,,,,,,,,,,,,,,,,,,,483,JD Hammer,PHI,RIGHT,RP,20.0,0,20,21,11,11,3,11,22,1,1,0,0,0,4.95,1.6,0,0,0.0,-2.114,-2.481,-0.506,-0.185,-0.36,-5.648,1.471,2.638288469127944,,2.638288469127944
669,,,,,,,,,,,,,,,,,,,,,,,,,,,,484,Angel Perdomo,ATH| MIL| PIT,LEFT,RP,17.0,0,19,12,12,12,4,16,28,1,0,0,0,0,6.353,1.647,2,2,0.118,-2.114,-2.352,-0.506,-0.344,-0.342,-5.659,1.46,2.6185595954634926,,2.6185595954634926
670,,,,,,,,,,,,,,,,,,,,,,,,,,,,485,Josh Tomlin,ATL,RIGHT,RP,49.333333333333314,0,35,69,36,36,10,5,37,4,0,0,0,0,6.568,1.5,2,1,0.041,-1.253,-2.158,-0.506,-1.081,-0.67,-5.669,1.4500000000000002,2.6006242557685377,,2.6006242557685377
671,,,,,,,,,,,,,,,,,,,,,,,,,,,,486,Jason Foley,DET,RIGHT,RP,10.333333333333332,0,11,8,3,3,1,5,6,0,0,0,0,0,2.613,1.258,1,1,0.097,-2.401,-2.826,-0.506,0.093,-0.03,-5.671,1.4479999999999995,2.597037187829545,,2.597037187829545
672,,,,,,,,,,,,,,,,,,,,,,,,,,,,487,Tayler Saucedo,SEA| TOR,LEFT,RP,25.666666666666657,0,29,22,14,13,1,10,19,0,0,0,0,0,4.558,1.247,3,0,0.117,-2.401,-2.546,-0.506,-0.159,-0.061,-5.674,1.4449999999999994,2.5916565859210587,,2.5916565859210587
673,,,,,,,,,,,,,,,,,,,,,,,,,,,,488,Connor Overton,PIT| TOR| CIN,RIGHT,SP| RP,15.333333333333332,3,9,14,8,8,2,5,15,0,1,0,0,0,4.696,1.239,0,0,0.0,-2.401,-2.632,-0.506,-0.112,-0.031,-5.683,1.436,2.5755147801956,,2.5755147801956
674,,,,,,,,,,,,,,,,,,,,,,,,,,,,489,Tommy Milone,ATL| BAL| TOR| SEA,LEFT,RP,14.000000000000002,1,6,20,10,10,3,3,17,1,0,1,0,0,6.429,1.643,0,0,0.0,-2.114,-2.589,-0.413,-0.292,-0.279,-5.686,1.4329999999999998,2.570134178287113,,2.570134178287113
675,,,,,,,,,,,,,,,,,,,,,,,,,,,,490,Justin Wilson,BOS| NYN| CIN| NYA,LEFT,RP,34.0,0,42,32,22,20,6,16,29,1,1,0,0,0,5.294,1.412,2,0,0.059,-2.114,-2.331,-0.506,-0.407,-0.329,-5.687,1.4319999999999995,2.5683406443176167,,2.5683406443176167
676,,,,,,,,,,,,,,,,,,,,,,,,,,,,491,Sam Moll,CIN| OAK,LEFT,RP,10.333333333333332,0,8,8,4,4,1,5,8,0,0,0,0,0,3.484,1.258,0,1,0.0,-2.401,-2.783,-0.506,0.023,-0.03,-5.698,1.4209999999999994,2.548611770653165,,2.548611770653165
677,,,,,,,,,,,,,,,,,,,,,,,,,,,,492,Justin Miller,SLN| WAS,RIGHT,RP,19.0,0,23,20,13,13,5,6,13,1,0,1,0,0,6.158,1.368,1,0,0.053,-2.114,-2.675,-0.413,-0.355,-0.148,-5.705,1.4139999999999997,2.5360570328666974,,2.5360570328666974
678,,,,,,,,,,,,,,,,,,,,,,,,,,,,493,Carlos Martinez,SLN,RIGHT,SP,82.33333333333333,16,16,77,58,57,8,36,57,4,9,0,0,0,6.231,1.373,4,1,0.049,-1.253,-1.728,-0.506,-1.587,-0.654,-5.729,1.3899999999999997,2.493012217598804,,2.493012217598804
679,,,,,,,,,,,,,,,,,,,,,,,,,,,,494,Paul Campbell,MIA,RIGHT,RP,26.666666666666664,1,16,32,24,19,5,10,26,2,3,0,0,0,6.412,1.575,1,1,0.038,-1.827,-2.395,-0.506,-0.552,-0.451,-5.732,1.3869999999999996,2.4876316156903173,,2.4876316156903173
680,,,,,,,,,,,,,,,,,,,,,,,,,,,,495,Luke Farrell,TEX| MIN| CHN| CIN,RIGHT,RP,24.666666666666668,1,20,28,13,13,4,13,25,1,1,0,0,0,4.743,1.662,2,0,0.081,-2.114,-2.417,-0.506,-0.189,-0.512,-5.739,1.38,2.475076877903849,,2.475076877903849
681,,,,,,,,,,,,,,,,,,,,,,,,,,,,496,Sean Poppen,MIN| ARI| PIT| TBA,RIGHT,RP,22.666666666666668,0,24,31,18,13,2,9,26,1,1,1,0,0,5.162,1.765,0,0,0.0,-2.114,-2.395,-0.413,-0.248,-0.574,-5.744,1.375,2.466109208056372,,2.466109208056372
682,,,,,,,,,,,,,,,,,,,,,,,,,,,,497,Bryse Wilson,CHA| ATL| PIT| MIL,RIGHT,SP,74.0,16,16,85,45,44,15,22,46,3,7,0,0,0,5.351,1.446,5,1,0.068,-1.54,-1.965,-0.506,-0.918,-0.829,-5.758,1.3609999999999998,2.4409997324834336,,2.4409997324834336
683,,,,,,,,,,,,,,,,,,,,,,,,,,,,498,Antonio Santos,COL,RIGHT,RP,11.333333333333332,0,7,9,7,6,1,5,10,0,1,0,0,0,4.765,1.235,1,0,0.088,-2.401,-2.74,-0.506,-0.089,-0.021,-5.758,1.3609999999999998,2.4409997324834336,,2.4409997324834336
684,,,,,,,,,,,,,,,,,,,,,,,,,,,,499,Nick Mears,MIL| PIT| COL,RIGHT,RP,23.33333333333333,0,30,25,14,13,5,13,23,1,0,0,0,0,5.014,1.629,4,0,0.171,-2.114,-2.46,-0.506,-0.228,-0.45,-5.759,1.3599999999999994,2.4392061985139373,,2.4392061985139373
685,,,,,,,,,,,,,,,,,,,,,,,,,,,,500,Dylan Bundy,ANA| MIN,RIGHT,SP| RP,90.66666666666666,19,23,89,64,61,20,34,84,2,9,0,0,0,6.055,1.357,6,0,0.066,-1.827,-1.147,-0.506,-1.623,-0.657,-5.76,1.359,2.4374126645444427,,2.4374126645444427
686,,,,,,,,,,,,,,,,,,,,,,,,,,,,502,Cristopher Sanchez,PHI,LEFT,RP,12.666666666666666,1,7,16,8,7,1,7,13,1,0,0,0,0,4.974,1.816,2,0,0.158,-2.114,-2.675,-0.506,-0.12,-0.349,-5.765,1.354,2.428444994696965,,2.428444994696965
687,,,,,,,,,,,,,,,,,,,,,,,,,,,,501,Daniel Norris,DET| MIL| CHN| CLE,LEFT,RP,56.99999999999999,0,56,55,41,39,9,30,58,2,3,1,0,0,6.158,1.491,2,2,0.035,-1.827,-1.706,-0.413,-1.066,-0.753,-5.765,1.354,2.428444994696965,,2.428444994696965
688,,,,,,,,,,,,,,,,,,,,,,,,,,,,503,Janson Junk,MIA| ANA| MIL| OAK,RIGHT,SP,16.333333333333332,4,4,20,11,7,5,2,10,0,1,0,0,0,3.857,1.347,2,0,0.122,-2.401,-2.74,-0.506,-0.012,-0.111,-5.771,1.348,2.4176837908799915,,2.4176837908799915
689,,,,,,,,,,,,,,,,,,,,,,,,,,,,504,Taylor Clarke,KCA| ARI,RIGHT,RP,43.33333333333334,0,43,52,28,24,4,14,39,1,3,0,0,0,4.985,1.523,2,0,0.046,-2.114,-2.115,-0.506,-0.414,-0.633,-5.783,1.3359999999999994,2.3961613832460444,,2.3961613832460444
690,,,,,,,,,,,,,,,,,,,,,,,,,,,,505,Reiss Knehr,SDN,RIGHT,SP| RP,29.0,5,12,23,16,16,2,20,20,1,2,0,0,0,4.965,1.483,3,0,0.103,-2.114,-2.524,-0.506,-0.272,-0.372,-5.79,1.3289999999999995,2.3836066454595763,,2.3836066454595763
691,,,,,,,,,,,,,,,,,,,,,,,,,,,,506,Travis Lakins,BAL,RIGHT,RP,28.0,1,24,23,20,18,4,17,24,1,4,0,0,0,5.786,1.429,3,1,0.107,-2.114,-2.438,-0.506,-0.442,-0.292,-5.793,1.3259999999999996,2.378226043551089,,2.378226043551089
692,,,,,,,,,,,,,,,,,,,,,,,,,,,,507,Kohl Stewart,CHN,RIGHT,SP,13.666666666666666,3,4,17,12,8,2,6,11,1,1,0,0,0,5.268,1.683,0,0,0.0,-2.114,-2.718,-0.506,-0.161,-0.296,-5.796,1.3229999999999995,2.3728454416426024,,2.3728454416426024
693,,,,,,,,,,,,,,,,,,,,,,,,,,,,508,Enyel De Los Santos,ATL| HOU| PHI| PIT| CLE| CHA| NYA| SDN,RIGHT,RP,35.33333333333333,0,33,43,32,25,8,18,48,2,1,0,0,0,6.368,1.726,0,0,0.0,-1.827,-1.922,-0.506,-0.719,-0.834,-5.809,1.3099999999999996,2.3495295000391607,,2.3495295000391607
694,,,,,,,,,,,,,,,,,,,,,,,,,,,,509,Hoby Milner,TEX| ANA| MIL,LEFT,RP,21.666666666666664,0,19,30,15,13,8,3,30,0,0,0,0,0,5.4,1.523,0,1,0.0,-2.401,-2.309,-0.506,-0.277,-0.317,-5.811,1.3079999999999998,2.34594243210017,,2.34594243210017
695,,,,,,,,,,,,,,,,,,,,,,,,,,,,510,Demarcus Evans,TEX,RIGHT,RP,26.333333333333336,0,25,24,16,15,4,16,33,0,2,0,0,0,5.127,1.519,0,0,0.0,-2.401,-2.245,-0.506,-0.281,-0.38,-5.813,1.306,2.3423553641611794,,2.3423553641611794
696,,,,,,,,,,,,,,,,,,,,,,,,,,,,511,Dan Winkler,CHN,RIGHT,RP,39.66666666666667,0,47,32,24,23,5,30,40,1,3,0,0,0,5.218,1.563,2,0,0.05,-2.114,-2.094,-0.506,-0.451,-0.65,-5.815,1.3039999999999994,2.338768296222187,,2.338768296222187
697,,,,,,,,,,,,,,,,,,,,,,,,,,,,512,Wil Crowe,WAS| PIT,RIGHT,SP,116.66666666666669,25,26,126,75,71,25,57,111,4,8,0,0,0,5.477,1.569,1,1,0.009,-1.253,-0.565,-0.506,-1.562,-1.94,-5.827,1.2919999999999998,2.317245888588241,,2.317245888588241
698,,,,,,,,,,,,,,,,,,,,,,,,,,,,513,Junior Guerra,ARI| ANA,RIGHT,RP,65.33333333333333,1,41,67,45,44,6,46,61,5,2,0,0,0,6.061,1.73,3,0,0.046,-0.966,-1.642,-0.506,-1.173,-1.552,-5.839,1.2799999999999994,2.295723480954294,,2.295723480954294
699,,,,,,,,,,,,,,,,,,,,,,,,,,,,514,Nick Ramirez,DET| SDN| NYA| LAN,LEFT,RP,20.33333333333333,0,13,23,15,13,2,7,14,1,1,0,0,0,5.754,1.475,0,0,0.0,-2.114,-2.654,-0.506,-0.316,-0.254,-5.845,1.274,2.2849622771373217,,2.2849622771373217
700,,,,,,,,,,,,,,,,,,,,,,,,,,,,515,Nick Neidert,MIA,RIGHT,SP,35.66666666666667,7,8,31,18,18,4,23,21,1,2,0,0,0,4.542,1.514,1,0,0.028,-2.114,-2.503,-0.506,-0.217,-0.507,-5.848,1.271,2.279581675228835,,2.279581675228835
701,,,,,,,,,,,,,,,,,,,,,,,,,,,,516,Jaime Barria,ANA,RIGHT,SP,56.66666666666667,11,13,70,29,29,8,19,35,2,4,0,0,0,4.606,1.571,2,0,0.035,-1.827,-2.201,-0.506,-0.373,-0.947,-5.855,1.2639999999999991,2.267026937442365,,2.267026937442365
702,,,,,,,,,,,,,,,,,,,,,,,,,,,,517,Alex Claudio,MIL| ANA| NYN,LEFT,RP,32.666666666666664,0,41,37,22,20,6,15,30,1,2,1,0,0,5.51,1.592,1,1,0.031,-2.114,-2.309,-0.413,-0.446,-0.577,-5.859,1.2599999999999998,2.259852801564384,,2.259852801564384
703,,,,,,,,,,,,,,,,,,,,,,,,,,,,518,Ryan Sherriff,TBA| BOS,LEFT,RP,14.666666666666664,0,16,14,11,9,0,9,16,0,1,1,0,0,5.523,1.568,0,0,0.0,-2.401,-2.611,-0.413,-0.202,-0.244,-5.87,1.2489999999999997,2.2401239278999325,,2.2401239278999325
704,,,,,,,,,,,,,,,,,,,,,,,,,,,,519,Ben Bowden,ATH| COL,LEFT,RP,35.66666666666667,0,39,44,30,26,6,21,42,3,2,0,0,0,6.561,1.822,0,0,0.0,-1.54,-2.051,-0.506,-0.78,-0.994,-5.871,1.247999999999999,2.2383303939304366,,2.2383303939304366
705,,,,,,,,,,,,,,,,,,,,,,,,,,,,520,Ben Rowen,ANA,RIGHT,RP,11.333333333333334,0,8,12,8,7,3,2,8,0,0,0,0,0,5.559,1.235,0,0,0.0,-2.401,-2.783,-0.506,-0.159,-0.021,-5.871,1.247999999999999,2.2383303939304366,,2.2383303939304366
706,,,,,,,,,,,,,,,,,,,,,,,,,,,,521,Tommy Nance,TOR| CHN| MIA,RIGHT,RP,28.666666666666668,0,27,25,23,23,5,13,30,1,1,0,0,0,7.221,1.326,3,1,0.105,-2.114,-2.309,-0.506,-0.774,-0.168,-5.873,1.2459999999999996,2.2347433259914458,,2.2347433259914458
707,,,,,,,,,,,,,,,,,,,,,,,,,,,,522,Daniel Lynch,KCA,LEFT,SP,68.0,15,15,80,46,43,9,31,55,4,6,0,0,0,5.691,1.632,2,0,0.029,-1.253,-1.771,-0.506,-1.024,-1.323,-5.877,1.242,2.2275691901134644,,2.2275691901134644
708,,,,,,,,,,,,,,,,,,,,,,,,,,,,523,Patrick Murphy,TOR| WAS,RIGHT,RP,28.0,0,25,31,18,16,3,10,29,0,3,0,0,0,5.143,1.464,3,0,0.107,-2.401,-2.331,-0.506,-0.302,-0.336,-5.877,1.242,2.2275691901134644,,2.2275691901134644
709,,,,,,,,,,,,,,,,,,,,,,,,,,,,524,Derek Law,MIN| CIN| DET| WAS,RIGHT,RP,15.0,0,9,16,7,7,2,8,14,0,0,0,0,0,4.2,1.6,1,0,0.067,-2.401,-2.654,-0.506,-0.051,-0.27,-5.883,1.2359999999999998,2.216807986296491,,2.216807986296491
710,,,,,,,,,,,,,,,,,,,,,,,,,,,,525,Evan Marshall,CHA,RIGHT,RP,27.33333333333333,0,27,28,17,17,5,9,26,0,2,0,0,0,5.598,1.354,1,0,0.037,-2.401,-2.395,-0.506,-0.392,-0.194,-5.889,1.2299999999999995,2.206046782479517,,2.206046782479517
711,294,Manny Pina,MIL| ATL| OAK,73,8,RIGHT,208,180,34,27,13,33,22,0,0,0.189,CC,-2.695,-0.86,-1.859,-1.0,-1.018,-7.434,0.8749999999999991,8.309,2.20283356895287,,,,,,,,,,,,,,,,,,,,,,,,,,,,,,,,,,,2.20283356895287
712,,,,,,,,,,,,,,,,,,,,,,,,,,,,526,Burch Smith,OAK| BAL| MIA,RIGHT,RP,43.333333333333336,0,31,49,27,26,5,11,28,1,1,0,0,0,5.4,1.385,0,0,0.0,-2.114,-2.352,-0.506,-0.554,-0.368,-5.895,1.2240000000000002,2.195285578662545,,2.195285578662545
713,,,,,,,,,,,,,,,,,,,,,,,,,,,,527,Jimmy Lambert,CHA,RIGHT,SP,13.0,3,4,16,9,9,3,6,10,1,1,0,0,0,6.231,1.692,2,0,0.154,-2.114,-2.74,-0.506,-0.251,-0.287,-5.898,1.221,2.1899049767540584,,2.1899049767540584
714,,,,,,,,,,,,,,,,,,,,,,,,,,,,528,Andrew Miller,SLN,LEFT,RP,36.0,0,40,41,19,19,5,16,40,0,0,0,0,0,4.75,1.583,3,1,0.083,-2.401,-2.094,-0.506,-0.278,-0.622,-5.901,1.218,2.184524374845571,,2.184524374845571
715,,,,,,,,,,,,,,,,,,,,,,,,,,,,530,Mason Thompson,WAS| SDN,RIGHT,RP,24.666666666666664,0,31,32,15,11,4,15,23,1,3,0,0,0,4.013,1.905,3,0,0.122,-2.114,-2.46,-0.506,-0.048,-0.778,-5.907,1.2119999999999995,2.1737631710285976,,2.1737631710285976
716,,,,,,,,,,,,,,,,,,,,,,,,,,,,529,Brad Brach,NYN| CIN,RIGHT,RP,30.0,0,35,30,26,21,5,18,33,1,2,1,0,0,6.3,1.6,6,1,0.2,-2.114,-2.245,-0.413,-0.595,-0.541,-5.907,1.2119999999999995,2.1737631710285976,,2.1737631710285976
717,,,,,,,,,,,,,,,,,,,,,,,,,,,,531,Vince Velasquez,PHI| SDN| CHA| PIT,RIGHT,SP| RP,94.33333333333331,21,25,91,68,66,23,49,101,3,9,0,0,0,6.297,1.484,8,4,0.085,-1.54,-0.781,-0.506,-1.867,-1.216,-5.91,1.2089999999999996,2.168382569120111,,2.168382569120111
718,,,,,,,,,,,,,,,,,,,,,,,,,,,,532,Anthony Kay,TOR| CHN| NYN,LEFT,SP| RP,33.66666666666667,5,11,38,22,21,7,18,39,1,2,0,0,0,5.614,1.663,0,2,0.0,-2.114,-2.115,-0.506,-0.487,-0.701,-5.924,1.1949999999999994,2.143273093547173,,2.143273093547173
719,,,,,,,,,,,,,,,,,,,,,,,,,,,,533,Jesus Luzardo,PHI| OAK| MIA,LEFT,SP| RP,95.33333333333331,18,25,106,73,70,20,48,98,6,9,0,0,0,6.608,1.615,3,1,0.031,-0.679,-0.845,-0.506,-2.119,-1.783,-5.932,1.1869999999999994,2.1289248217912085,,2.1289248217912085
720,,,,,,,,,,,,,,,,,,,,,,,,,,,,534,Sam Selman,SFN| ANA| OAK,LEFT,RP,25.000000000000007,0,25,20,17,16,3,12,19,0,1,0,0,0,5.76,1.28,2,1,0.08,-2.401,-2.546,-0.506,-0.39,-0.096,-5.94,1.1789999999999994,2.114576550035244,,2.114576550035244
721,,,,,,,,,,,,,,,,,,,,,,,,,,,,535,Ian Krol,DET,LEFT,RP,18.666666666666668,0,18,23,10,9,2,8,18,0,0,0,0,0,4.339,1.661,0,0,0.0,-2.401,-2.567,-0.506,-0.084,-0.386,-5.946,1.173,2.103815346218272,,2.103815346218272
722,295,Ryan Jeffers,MIN,83,8,RIGHT,293,267,53,28,14,35,22,0,1,0.199,CC,-2.64,-0.763,-1.763,-1.0,-1.315,-7.481,0.8279999999999994,8.309,2.084509937249117,,,,,,,,,,,,,,,,,,,,,,,,,,,,,,,,,,,2.084509937249117
723,,,,,,,,,,,,,,,,,,,,,,,,,,,,537,Ljay Newsome,SEA,RIGHT,RP,14.666666666666666,1,7,20,14,13,5,3,16,1,1,0,0,0,7.977,1.568,3,0,0.205,-2.114,-2.611,-0.506,-0.483,-0.244,-5.958,1.1609999999999996,2.0822929385843247,,2.0822929385843247
724,,,,,,,,,,,,,,,,,,,,,,,,,,,,536,Shawn Armstrong,TEX| BAL| TBA| MIA| CHN| SLN,RIGHT,RP,36.0,0,31,39,28,27,10,15,44,1,0,0,0,0,6.75,1.5,1,0,0.028,-2.114,-2.008,-0.506,-0.84,-0.489,-5.958,1.1609999999999996,2.0822929385843247,,2.0822929385843247
725,,,,,,,,,,,,,,,,,,,,,,,,,,,,538,Lewis Thorpe,MIN,LEFT,SP,15.333333333333334,4,5,14,11,8,2,7,6,0,2,0,0,0,4.696,1.37,1,0,0.065,-2.401,-2.826,-0.506,-0.112,-0.12,-5.965,1.154,2.0697382007978566,,2.0697382007978566
726,,,,,,,,,,,,,,,,,,,,,,,,,,,,539,Seth Elledge,SLN,RIGHT,RP,11.666666666666666,0,11,13,6,6,1,7,11,0,0,0,0,0,4.629,1.714,0,1,0.0,-2.401,-2.718,-0.506,-0.079,-0.269,-5.974,1.1449999999999996,2.053596395072396,,2.053596395072396
727,,,,,,,,,,,,,,,,,,,,,,,,,,,,540,J. B. Bukauskas,ARI| MIL| SEA,RIGHT,RP,17.333333333333336,0,21,24,19,15,4,7,14,2,2,0,0,0,7.788,1.788,1,1,0.058,-1.827,-2.654,-0.506,-0.545,-0.457,-5.989,1.13,2.026693385529964,,2.026693385529964
728,,,,,,,,,,,,,,,,,,,,,,,,,,,,541,Tanner Rainey,DET| PIT| WAS,RIGHT,RP,31.66666666666667,0,38,29,27,26,6,25,42,1,3,3,0,0,7.389,1.705,1,0,0.032,-2.114,-2.051,-0.225,-0.897,-0.718,-6.006,1.1129999999999995,1.9962033080485384,,1.9962033080485384
729,298,Tom Murphy,SEA| SFN,95,8,RIGHT,325,277,56,33,11,34,40,0,0,0.202,CC,-2.364,-1.055,-1.811,-1.0,-1.286,-7.517,0.7919999999999989,8.309,1.9938790704121976,,,,,,,,,,,,,,,,,,,,,,,,,,,,,,,,,,,1.9938790704121976
730,,,,,,,,,,,,,,,,,,,,,,,,,,,,542,Cody Stashak,MIN,RIGHT,RP,15.666666666666668,0,15,16,12,12,2,10,26,0,0,0,0,0,6.894,1.66,0,0,0.0,-2.401,-2.395,-0.506,-0.383,-0.324,-6.01,1.109,1.989029172170557,,1.989029172170557
731,,,,,,,,,,,,,,,,,,,,,,,,,,,,543,John Brebbia,ATL| DET| SFN| CHA,RIGHT,RP,18.33333333333333,0,18,25,13,12,4,4,22,0,1,0,0,0,5.891,1.582,1,0,0.055,-2.401,-2.481,-0.506,-0.305,-0.316,-6.01,1.109,1.989029172170557,,1.989029172170557
732,,,,,,,,,,,,,,,,,,,,,,,,,,,,544,Daniel Castano,MIA,LEFT,SP,20.333333333333336,4,5,22,12,11,3,8,13,0,2,0,0,0,4.869,1.475,2,0,0.098,-2.401,-2.675,-0.506,-0.176,-0.254,-6.013,1.106,1.9836485702620703,,1.9836485702620703
733,,,,,,,,,,,,,,,,,,,,,,,,,,,,545,Taylor Williams,SDN| SEA| MIA,RIGHT,RP,11.666666666666666,0,11,12,7,6,1,8,9,0,0,0,0,0,4.629,1.714,1,0,0.086,-2.401,-2.761,-0.506,-0.079,-0.269,-6.017,1.1019999999999994,1.9764744343840877,,1.9764744343840877
734,,,,,,,,,,,,,,,,,,,,,,,,,,,,546,Carlos Carrasco,ATL| NYA| CLE| NYN,RIGHT,SP,53.66666666666666,12,12,59,39,36,12,18,50,1,5,0,0,0,6.037,1.435,1,0,0.019,-2.114,-1.879,-0.506,-0.953,-0.574,-6.027,1.0919999999999996,1.9585390946891323,,1.9585390946891323
735,,,,,,,,,,,,,,,,,,,,,,,,,,,,547,Yennsy Diaz,NYN,RIGHT,RP,25.0,0,20,25,16,15,5,12,21,0,2,0,0,0,5.4,1.48,2,1,0.08,-2.401,-2.503,-0.506,-0.32,-0.318,-6.048,1.0709999999999995,1.920874881329726,,1.920874881329726
736,,,,,,,,,,,,,,,,,,,,,,,,,,,,549,Matt Manning,DET,RIGHT,SP,85.33333333333333,18,18,96,59,55,10,33,57,4,7,0,0,0,5.801,1.512,7,2,0.082,-1.253,-1.728,-0.506,-1.358,-1.204,-6.05,1.069,1.9172878133907356,,1.9172878133907356
737,,,,,,,,,,,,,,,,,,,,,,,,,,,,548,Kyle Keller,ANA| PIT,RIGHT,RP,33.333333333333336,0,32,30,27,24,9,22,36,1,1,0,0,0,6.48,1.56,1,0,0.03,-2.114,-2.18,-0.506,-0.707,-0.542,-6.05,1.069,1.9172878133907356,,1.9172878133907356
738,,,,,,,,,,,,,,,,,,,,,,,,,,,,550,Grant Dayton,ATL,LEFT,RP,13.0,0,13,15,10,9,2,6,14,0,0,0,0,0,6.231,1.615,0,0,0.0,-2.401,-2.654,-0.506,-0.251,-0.243,-6.055,1.064,1.908320143543258,,1.908320143543258
739,,,,,,,,,,,,,,,,,,,,,,,,,,,,551,Cionel Perez,BAL| HOU| CIN,LEFT,RP,24.0,0,25,21,21,17,5,20,25,1,2,0,0,0,6.375,1.708,1,2,0.042,-2.114,-2.417,-0.506,-0.49,-0.548,-6.075,1.0439999999999996,1.8724494641533465,,1.8724494641533465
740,,,,,,,,,,,,,,,,,,,,,,,,,,,,552,Edwin Uceta,TBA| LAN| ARI| NYN,RIGHT,RP,20.33333333333333,1,14,19,18,15,3,12,25,0,3,0,0,0,6.639,1.525,1,0,0.049,-2.401,-2.417,-0.506,-0.457,-0.298,-6.08,1.0389999999999997,1.8634817943058688,,1.8634817943058688
741,,,,,,,,,,,,,,,,,,,,,,,,,,,,553,Nate Jones,CIN| ATL| LAN,RIGHT,RP,19.0,0,20,16,15,12,7,12,14,0,2,0,0,0,5.684,1.474,0,0,0.0,-2.401,-2.654,-0.506,-0.285,-0.236,-6.083,1.0359999999999996,1.8581011923973816,,1.8581011923973816
742,,,,,,,,,,,,,,,,,,,,,,,,,,,,554,Kohei Arihara,TEX,RIGHT,SP,40.66666666666667,10,10,45,31,30,11,13,24,2,4,0,0,0,6.639,1.426,0,0,0.0,-1.827,-2.438,-0.506,-0.914,-0.42,-6.106,1.013,1.8168499110989849,,1.8168499110989849
743,,,,,,,,,,,,,,,,,,,,,,,,,,,,555,Zack Burdi,CHA| BAL| TBA,RIGHT,RP,10.0,0,7,13,7,6,3,5,7,0,0,0,0,0,5.4,1.8,3,0,0.3,-2.401,-2.804,-0.506,-0.128,-0.269,-6.109,1.0099999999999998,1.811469309190498,,1.811469309190498
744,,,,,,,,,,,,,,,,,,,,,,,,,,,,556,Gabe Klobosits,WAS,RIGHT,RP,11.333333333333332,0,11,13,8,7,0,5,5,0,1,0,0,0,5.559,1.588,2,0,0.176,-2.401,-2.847,-0.506,-0.159,-0.198,-6.113,1.0059999999999991,1.804295173312515,,1.804295173312515
745,,,,,,,,,,,,,,,,,,,,,,,,,,,,557,Austin Brice,BOS| PIT,RIGHT,RP,13.666666666666666,0,13,14,10,10,2,7,12,0,0,0,0,0,6.585,1.537,1,0,0.073,-2.401,-2.697,-0.506,-0.301,-0.208,-6.114,1.005,1.8025016393430204,,1.8025016393430204
746,172,Luis Arraez,SDN| MIN| MIA,121,1,LEFT,479,428,126,58,2,42,43,2,2,0.294,3B| 2B| LF,-0.984,-1.93,-1.426,-0.763,1.027,-4.076,0.7140000000000004,4.79,1.7975121922655453,,,,,,,,,,,,,,,,,,,,,,,,,,,,,,,,,,,1.7975121922655453
747,,,,,,,,,,,,,,,,,,,,,,,,,,,,558,A. J. Puk,ARI| OAK| MIA,LEFT,RP,13.333333333333334,0,12,18,9,9,1,6,16,0,3,0,0,0,6.075,1.8,0,0,0.0,-2.401,-2.611,-0.506,-0.241,-0.358,-6.118,1.0009999999999994,1.7953275034650376,,1.7953275034650376
748,,,,,,,,,,,,,,,,,,,,,,,,,,,,559,Chase De Jong,HOU| PIT,RIGHT,SP,43.66666666666667,9,9,49,28,28,11,19,39,1,4,0,0,0,5.771,1.557,0,0,0.0,-2.114,-2.115,-0.506,-0.685,-0.704,-6.125,0.9939999999999998,1.7827727656785692,,1.7827727656785692
749,,,,,,,,,,,,,,,,,,,,,,,,,,,,560,Wade LeBlanc,BAL| SLN,LEFT,SP| RP,49.0,9,18,56,24,24,8,17,29,0,2,0,0,0,4.408,1.49,0,1,0.0,-2.401,-2.331,-0.506,-0.247,-0.644,-6.129,0.9900000000000002,1.775598629800588,,1.775598629800588
750,,,,,,,,,,,,,,,,,,,,,,,,,,,,561,Kyle Cody,TEX,RIGHT,RP,11.333333333333334,0,7,16,11,10,3,2,14,0,2,0,0,0,7.941,1.588,3,0,0.265,-2.401,-2.654,-0.506,-0.37,-0.198,-6.13,0.989,1.7738050958310918,,1.7738050958310918
751,,,,,,,,,,,,,,,,,,,,,,,,,,,,562,Zack Britton,NYA,LEFT,RP,18.33333333333333,0,22,17,14,12,2,14,16,0,1,1,0,0,5.891,1.691,2,0,0.109,-2.401,-2.611,-0.413,-0.305,-0.404,-6.134,0.9849999999999994,1.766630959953109,,1.766630959953109
752,,,,,,,,,,,,,,,,,,,,,,,,,,,,563,Logan Allen,CLE| BAL| ARI,LEFT,SP| RP,50.333333333333336,11,14,58,39,35,12,17,37,2,7,0,0,0,6.258,1.49,2,1,0.04,-1.827,-2.158,-0.506,-0.981,-0.662,-6.135,0.984,1.7648374259836144,,1.7648374259836144
753,173,Tony Kemp,OAK| BAL,116,9,LEFT,397,330,92,50,8,37,52,8,2,0.279,2B| LF,-1.425,-1.347,-1.667,-0.051,0.398,-4.091,0.6989999999999998,4.79,1.7597493310834946,,,,,,,,,,,,,,,,,,,,,,,,,,,,,,,,,,,1.7597493310834946
754,,,,,,,,,,,,,,,,,,,,,,,,,,,,564,Daniel Ponce de Leon,SLN,RIGHT,RP,33.33333333333333,2,24,32,24,23,5,22,24,1,1,2,0,0,6.21,1.62,0,0,0.0,-2.114,-2.438,-0.319,-0.637,-0.63,-6.139,0.9799999999999996,1.7576632901056313,,1.7576632901056313
755,,,,,,,,,,,,,,,,,,,,,,,,,,,,565,Sean Nolin,WAS| MIA,LEFT,SP| RP,26.666666666666664,5,10,32,13,13,4,13,20,0,2,0,0,0,4.388,1.688,2,1,0.075,-2.401,-2.524,-0.506,-0.13,-0.584,-6.146,0.973,1.7451085523191632,,1.7451085523191632
756,,,,,,,,,,,,,,,,,,,,,,,,,,,,566,Eric Hanhold,BAL,RIGHT,RP,10.333333333333334,0,10,13,9,8,2,3,6,0,0,0,0,0,6.968,1.548,4,0,0.387,-2.401,-2.826,-0.506,-0.259,-0.163,-6.155,0.9639999999999996,1.7289667465937026,,1.7289667465937026
757,,,,,,,,,,,,,,,,,,,,,,,,,,,,567,Mike Wright,CHA,RIGHT,RP,18.000000000000004,0,13,17,12,11,1,11,11,0,1,0,0,0,5.5,1.556,0,1,0.0,-2.401,-2.718,-0.506,-0.244,-0.289,-6.159,0.96,1.721792610715721,,1.721792610715721
758,,,,,,,,,,,,,,,,,,,,,,,,,,,,568,Braxton Garrett,MIA,LEFT,SP,34.0,7,8,42,20,19,3,20,32,1,2,0,0,0,5.029,1.823,0,0,0.0,-2.114,-2.266,-0.506,-0.336,-0.949,-6.172,0.947,1.6984766691122792,,1.6984766691122792
759,,,,,,,,,,,,,,,,,,,,,,,,,,,,569,Alberto Baldonado,WAS,LEFT,RP,10.666666666666668,0,14,10,10,10,3,7,12,0,1,0,0,0,8.438,1.594,0,0,0.0,-2.401,-2.697,-0.506,-0.39,-0.189,-6.183,0.936,1.678747795447828,,1.678747795447828
760,,,,,,,,,,,,,,,,,,,,,,,,,,,,570,Edward Cabrera,MIA,RIGHT,SP,26.33333333333333,7,7,24,20,17,6,19,28,0,3,0,0,0,5.81,1.633,1,1,0.038,-2.401,-2.352,-0.506,-0.421,-0.513,-6.194,0.9249999999999998,1.659018921783377,,1.659018921783377
761,,,,,,,,,,,,,,,,,,,,,,,,,,,,571,Jake Faria,ARI| BOS,RIGHT,SP| RP,32.66666666666667,3,23,39,21,20,5,13,32,0,0,0,0,0,5.51,1.592,2,0,0.061,-2.401,-2.266,-0.506,-0.446,-0.577,-6.197,0.9219999999999996,1.65363831987489,,1.65363831987489
762,,,,,,,,,,,,,,,,,,,,,,,,,,,,572,Brandon Kintzler,MIA| PHI,RIGHT,RP,29.66666666666667,1,29,45,23,21,7,8,22,2,1,0,0,0,6.371,1.786,2,0,0.067,-1.827,-2.481,-0.506,-0.604,-0.779,-6.199,0.92,1.6500512519358994,,1.6500512519358994
763,,,,,,,,,,,,,,,,,,,,,,,,,,,,573,Zac Lowther,BAL,LEFT,SP| RP,29.666666666666668,6,10,36,23,22,6,13,30,1,3,0,0,0,6.674,1.652,0,0,0.0,-2.114,-2.309,-0.506,-0.675,-0.602,-6.207,0.912,1.635702980179935,,1.635702980179935
764,,,,,,,,,,,,,,,,,,,,,,,,,,,,574,Scott Kazmir,SFN,LEFT,SP,11.333333333333334,4,5,15,9,8,3,6,10,0,1,0,0,0,6.353,1.853,0,0,0.0,-2.401,-2.74,-0.506,-0.229,-0.331,-6.208,0.9109999999999996,1.6339094462104389,,1.6339094462104389
765,,,,,,,,,,,,,,,,,,,,,,,,,,,,575,Kevin Ginkel,ARI,RIGHT,RP,28.333333333333336,0,32,30,24,20,7,14,31,0,1,0,0,0,6.353,1.553,0,1,0.0,-2.401,-2.288,-0.506,-0.573,-0.451,-6.22,0.899,1.6123870385764931,,1.6123870385764931
766,,,,,,,,,,,,,,,,,,,,,,,,,,,,577,Kyle Ryan,CHN,LEFT,RP,13.333333333333334,0,13,17,10,10,3,6,8,0,0,1,0,0,6.75,1.725,0,0,0.0,-2.401,-2.783,-0.413,-0.311,-0.314,-6.222,0.8969999999999994,1.608799970637501,,1.608799970637501
767,,,,,,,,,,,,,,,,,,,,,,,,,,,,576,Trevor Cahill,SFN| PIT,RIGHT,SP,37.0,8,9,42,29,27,4,14,32,1,5,0,0,0,6.568,1.514,3,0,0.081,-2.114,-2.266,-0.506,-0.811,-0.525,-6.222,0.8969999999999994,1.608799970637501,,1.608799970637501
768,175,Ramon Laureano,BAL| SDN| OAK| CLE| ATL,88,2,RIGHT,378,341,84,43,14,39,27,12,5,0.246,CF,-1.812,-0.763,-1.57,0.424,-0.433,-4.155,0.6349999999999998,4.79,1.5986277900400845,,,,,,,,,,,,,,,,,,,,,,,,,,,,,,,,,,,1.5986277900400845
769,,,,,,,,,,,,,,,,,,,,,,,,,,,,578,Michael Feliz,PIT| BOS| CIN| OAK,RIGHT,RP,20.0,0,21,26,17,16,4,7,22,0,0,1,0,0,7.2,1.65,1,1,0.05,-2.401,-2.481,-0.413,-0.537,-0.405,-6.237,0.8819999999999997,1.5818969610950684,,1.5818969610950684
770,,,,,,,,,,,,,,,,,,,,,,,,,,,,579,Junior Fernandez,SLN| PIT,RIGHT,RP,20.666666666666664,0,18,25,13,13,2,15,15,1,0,0,0,0,5.661,1.935,0,0,0.0,-2.114,-2.632,-0.506,-0.306,-0.679,-6.239,0.8799999999999999,1.5783098931560775,,1.5783098931560775
771,,,,,,,,,,,,,,,,,,,,,,,,,,,,580,Max Kranick,NYN| PIT,RIGHT,SP,38.66666666666667,9,9,47,28,27,4,19,32,2,3,0,0,0,6.285,1.707,3,1,0.078,-1.827,-2.266,-0.506,-0.762,-0.88,-6.241,0.8780000000000001,1.574722825217087,,1.574722825217087
772,,,,,,,,,,,,,,,,,,,,,,,,,,,,581,Michael Rucker,CHN,RIGHT,RP,28.33333333333333,0,20,32,25,22,5,11,30,0,0,1,0,0,6.988,1.518,4,0,0.141,-2.401,-2.309,-0.413,-0.714,-0.407,-6.244,0.875,1.5693422233086,,1.5693422233086
773,,,,,,,,,,,,,,,,,,,,,,,,,,,,582,Cam Bedrosian,ANA| CIN| OAK| PHI,RIGHT,RP,25.0,1,26,27,14,14,6,17,23,0,0,0,0,0,5.04,1.76,0,0,0.0,-2.401,-2.46,-0.506,-0.249,-0.627,-6.245,0.8739999999999997,1.567548689339104,,1.567548689339104
774,,,,,,,,,,,,,,,,,,,,,,,,,,,,583,Jesse Biddle,CIN| ATL,LEFT,RP,10.666666666666666,0,8,10,10,10,1,8,11,0,0,0,0,0,8.438,1.688,2,0,0.188,-2.401,-2.718,-0.506,-0.39,-0.233,-6.249,0.8700000000000001,1.5603745534611226,,1.5603745534611226
775,176,Anthony Santander,TOR| BAL,110,3,SWITCH,438,406,98,54,18,50,23,1,1,0.241,RF| DH,-1.205,-0.374,-1.041,-0.881,-0.67,-4.171,0.6189999999999998,4.79,1.5583474047792318,,,,,,,,,,,,,,,,,,,,,,,,,,,,,,,,,,,1.5583474047792318
776,,,,,,,,,,,,,,,,,,,,,,,,,,,,584,Mike Baumann,BAL| ANA| MIA| SEA| SFN,RIGHT,RP,10.0,0,4,13,12,11,2,6,5,1,1,0,0,0,9.9,1.9,0,0,0.0,-2.114,-2.847,-0.506,-0.479,-0.313,-6.26,0.859,1.5406456797966714,,1.5406456797966714
777,,,,,,,,,,,,,,,,,,,,,,,,,,,,585,Chase Anderson,TOR| PHI| CIN| COL| TBA| BOS| TEX,RIGHT,SP| RP,48.0,9,14,51,36,36,10,20,35,2,4,0,0,0,6.75,1.479,1,0,0.021,-1.827,-2.201,-0.506,-1.12,-0.608,-6.263,0.8559999999999999,1.535265077888185,,1.535265077888185
778,,,,,,,,,,,,,,,,,,,,,,,,,,,,586,Yoan Lopez,ARI| NYN,RIGHT,RP,12.333333333333334,0,13,18,10,9,3,6,13,0,0,0,0,0,6.568,1.946,2,0,0.162,-2.401,-2.675,-0.506,-0.27,-0.411,-6.264,0.8549999999999995,1.5334715439186883,,1.5334715439186883
779,,,,,,,,,,,,,,,,,,,,,,,,,,,,587,Nick Margevicius,SEA,LEFT,SP,12.0,3,5,13,16,11,2,7,12,0,2,0,0,0,8.25,1.667,1,0,0.083,-2.401,-2.697,-0.506,-0.421,-0.252,-6.277,0.8419999999999996,1.5101556023152465,,1.5101556023152465
780,,,,,,,,,,,,,,,,,,,,,,,,,,,,588,David Hale,NYA| PHI,RIGHT,RP,26.666666666666668,1,17,30,20,19,5,9,21,0,2,0,0,0,6.412,1.462,2,0,0.075,-2.401,-2.503,-0.506,-0.552,-0.318,-6.281,0.8380000000000001,1.5029814664372652,,1.5029814664372652
781,,,,,,,,,,,,,,,,,,,,,,,,,,,,589,Will Vest,DET| SEA,RIGHT,RP,34.99999999999999,0,32,38,25,24,2,18,27,1,0,0,0,0,6.171,1.6,0,1,0.0,-2.114,-2.374,-0.506,-0.659,-0.631,-6.284,0.835,1.4976008645287784,,1.4976008645287784
782,,,,,,,,,,,,,,,,,,,,,,,,,,,,590,Conner Greene,BAL| LAN,RIGHT,RP,25.33333333333333,1,24,32,20,20,1,12,26,1,3,0,0,0,7.105,1.737,4,1,0.158,-2.114,-2.395,-0.506,-0.661,-0.61,-6.287,0.8319999999999999,1.4922202626202916,,1.4922202626202916
783,,,,,,,,,,,,,,,,,,,,,,,,,,,,591,Fernando Abad,BAL| COL,LEFT,RP,17.666666666666664,0,16,23,12,11,1,7,10,0,0,0,0,0,5.604,1.698,0,0,0.0,-2.401,-2.74,-0.506,-0.254,-0.395,-6.297,0.8220000000000001,1.4742849229253363,,1.4742849229253363
784,,,,,,,,,,,,,,,,,,,,,,,,,,,,592,Carson Fulmer,ANA| BAL| DET| CIN,RIGHT,RP,25.666666666666664,0,20,26,20,19,3,13,24,0,0,0,0,0,6.662,1.52,2,0,0.078,-2.401,-2.438,-0.506,-0.581,-0.371,-6.299,0.8199999999999994,1.470697854986344,,1.470697854986344
785,,,,,,,,,,,,,,,,,,,,,,,,,,,,594,Reid Detmers,ANA,LEFT,SP,20.666666666666668,5,5,26,17,17,5,11,19,1,3,0,0,0,7.403,1.79,8,0,0.387,-2.114,-2.546,-0.506,-0.588,-0.546,-6.301,0.8179999999999996,1.4671107870473534,,1.4671107870473534
786,,,,,,,,,,,,,,,,,,,,,,,,,,,,593,Jose De Leon,BOS| CIN| MIN,RIGHT,RP,18.33333333333333,2,9,22,17,17,4,11,33,0,1,0,0,0,8.345,1.8,0,0,0.0,-2.401,-2.245,-0.506,-0.656,-0.493,-6.301,0.8179999999999996,1.4671107870473534,,1.4671107870473534
787,,,,,,,,,,,,,,,,,,,,,,,,,,,,595,Ryan Buchter,ANA| ARI,LEFT,RP,16.333333333333336,0,18,16,13,12,5,13,16,0,2,0,0,0,6.612,1.776,1,1,0.061,-2.401,-2.611,-0.506,-0.364,-0.421,-6.303,0.8159999999999998,1.4635237191083628,,1.4635237191083628
788,177,Chas McCormick,HOU,95,7,RIGHT,320,284,73,44,14,50,25,4,2,0.257,LF| CF| RF,-1.757,-0.763,-1.041,-0.525,-0.129,-4.215,0.5750000000000002,4.79,1.4475763453118884,,,,,,,,,,,,,,,,,,,,,,,,,,,,,,,,,,,1.4475763453118884
789,,,,,,,,,,,,,,,,,,,,,,,,,,,,596,Tyler Zuber,MIA| NYN| KCA| TBA,RIGHT,RP,27.33333333333333,0,31,26,20,19,6,17,25,0,3,0,0,0,6.256,1.573,0,0,0.0,-2.401,-2.417,-0.506,-0.532,-0.46,-6.317,0.8019999999999996,1.4384142435354248,,1.4384142435354248
790,,,,,,,,,,,,,,,,,,,,,,,,,,,,597,Andrew Albers,MIN,LEFT,SP,19.0,3,5,24,16,16,9,9,12,1,2,0,0,0,7.579,1.737,0,0,0.0,-2.114,-2.697,-0.506,-0.566,-0.457,-6.341,0.7779999999999996,1.3953694282675315,,1.3953694282675315
791,,,,,,,,,,,,,,,,,,,,,,,,,,,,598,Reymin Guduan,OAK,LEFT,RP,14.333333333333332,0,11,19,11,10,1,5,5,0,0,0,0,0,6.279,1.674,0,0,0.0,-2.401,-2.847,-0.506,-0.282,-0.305,-6.342,0.7770000000000001,1.3935758942980372,,1.3935758942980372
792,155,Miguel Cabrera,DET,130,4,RIGHT,526,472,121,48,15,75,40,0,0,0.256,1B| DH,-1.536,-0.666,0.163,-1.0,-0.239,-3.277,0.5369999999999999,3.814,1.351910430317363,,,,,,,,,,,,,,,,,,,,,,,,,,,,,,,,,,,1.351910430317363
793,,,,,,,,,,,,,,,,,,,,,,,,,,,,599,Paul Blackburn,NYA| NYN| OAK,RIGHT,SP,38.333333333333336,9,9,52,26,25,8,10,26,1,4,0,0,0,5.87,1.617,1,1,0.026,-2.114,-2.395,-0.506,-0.631,-0.72,-6.367,0.7519999999999998,1.348737545060648,,1.348737545060648
794,,,,,,,,,,,,,,,,,,,,,,,,,,,,601,Shane Greene,ATL| LAN| NYA| CHN,RIGHT,RP,23.666666666666664,0,28,25,19,19,6,14,24,0,1,1,0,0,7.225,1.648,1,0,0.042,-2.401,-2.438,-0.413,-0.64,-0.477,-6.369,0.75,1.3451504771216571,,1.3451504771216571
795,,,,,,,,,,,,,,,,,,,,,,,,,,,,600,Johan Oviedo,PIT| SLN,RIGHT,SP,62.33333333333333,13,14,61,39,34,8,37,51,0,5,0,0,0,4.909,1.572,2,1,0.032,-2.401,-1.857,-0.506,-0.558,-1.046,-6.369,0.75,1.3451504771216571,,1.3451504771216571
796,317,Dom Nunez,CLE| COL,79,8,LEFT,263,228,43,31,10,33,34,0,0,0.189,CC,-2.475,-1.152,-1.859,-1.0,-1.295,-7.781,0.5279999999999996,8.309,1.3292527136081325,,,,,,,,,,,,,,,,,,,,,,,,,,,,,,,,,,,1.3292527136081325
797,,,,,,,,,,,,,,,,,,,,,,,,,,,,602,Wade Davis,COL| KCA,RIGHT,RP,42.66666666666666,0,40,44,33,32,8,19,38,0,3,2,0,0,6.75,1.477,4,0,0.094,-2.401,-2.137,-0.319,-0.996,-0.536,-6.389,0.7299999999999995,1.3092797977317456,,1.3092797977317456
798,,,,,,,,,,,,,,,,,,,,,,,,,,,,603,Brooks Kriske,CHN| MIN| NYA| BAL| KCA,RIGHT,RP,11.333333333333334,0,12,17,19,18,7,6,11,2,1,0,0,0,14.294,2.029,1,0,0.088,-1.827,-2.718,-0.506,-0.932,-0.42,-6.404,0.7149999999999999,1.2823767881893129,,1.2823767881893129
799,,,,,,,,,,,,,,,,,,,,,,,,,,,,604,Jefry Rodriguez,WAS,RIGHT,RP,24.333333333333336,1,14,25,16,16,6,17,20,0,0,0,0,0,5.918,1.726,0,1,0.0,-2.401,-2.524,-0.506,-0.41,-0.574,-6.416,0.7029999999999994,1.2608543805553656,,1.2608543805553656
800,,,,,,,,,,,,,,,,,,,,,,,,,,,,605,Steven Brault,PIT| CHN,LEFT,SP,27.666666666666668,7,7,33,18,18,3,12,19,0,3,0,0,0,5.855,1.627,1,0,0.036,-2.401,-2.546,-0.506,-0.452,-0.531,-6.437,0.6819999999999995,1.2231901671959595,,1.2231901671959595
801,,,,,,,,,,,,,,,,,,,,,,,,,,,,606,Miguel Yajure,NYA| PIT,RIGHT,SP,14.999999999999998,3,4,17,14,14,6,7,11,0,2,0,0,0,8.4,1.6,3,0,0.2,-2.401,-2.718,-0.506,-0.543,-0.27,-6.44,0.6789999999999994,1.2178095652874723,,1.2178095652874723
802,,,,,,,,,,,,,,,,,,,,,,,,,,,,607,Bryan Garcia,DET,RIGHT,RP,39.33333333333333,0,39,48,38,33,10,25,32,3,2,2,0,0,7.551,1.856,3,0,0.076,-1.54,-2.266,-0.319,-1.164,-1.154,-6.443,0.6760000000000002,1.212428963378987,,1.212428963378987
803,,,,,,,,,,,,,,,,,,,,,,,,,,,,608,Brandon Workman,BOS| PHI| CHN,RIGHT,RP,28.0,0,29,36,20,17,4,21,25,1,2,0,0,0,5.464,2.036,5,4,0.179,-2.114,-2.417,-0.506,-0.372,-1.045,-6.454,0.665,1.192700089714536,,1.192700089714536
804,,,,,,,,,,,,,,,,,,,,,,,,,,,,609,Aaron Slegers,TBA| ANA,RIGHT,RP,31.0,0,29,43,24,24,6,15,25,2,2,0,0,0,6.968,1.871,10,2,0.323,-1.827,-2.417,-0.506,-0.776,-0.93,-6.457,0.6619999999999999,1.1873194878060491,,1.1873194878060491
805,,,,,,,,,,,,,,,,,,,,,,,,,,,,610,Cory Abbott,CHN| WAS,RIGHT,RP,17.333333333333332,1,7,20,15,13,7,11,12,0,0,0,0,0,6.75,1.788,3,0,0.173,-2.401,-2.697,-0.506,-0.404,-0.457,-6.466,0.6529999999999996,1.1711776820805888,,1.1711776820805888
806,,,,,,,,,,,,,,,,,,,,,,,,,,,,611,Trevor Megill,MIL| CHN| MIN,RIGHT,RP,23.666666666666668,0,28,36,24,22,7,8,30,1,2,0,0,0,8.366,1.859,0,0,0.0,-2.114,-2.309,-0.506,-0.851,-0.698,-6.479,0.6399999999999997,1.147861740477147,,1.147861740477147
807,,,,,,,,,,,,,,,,,,,,,,,,,,,,612,Sal Romano,CIN| MIL| NYA,RIGHT,RP,25.000000000000004,0,19,31,20,17,5,11,17,0,2,0,0,0,6.12,1.68,2,0,0.08,-2.401,-2.589,-0.506,-0.46,-0.539,-6.496,0.6229999999999993,1.117371662995722,,1.117371662995722
808,,,,,,,,,,,,,,,,,,,,,,,,,,,,613,Anthony Swarzak,ARI| KCA,RIGHT,RP,12.333333333333334,0,13,20,13,13,4,1,9,0,1,0,0,0,9.486,1.703,0,0,0.0,-2.401,-2.761,-0.506,-0.551,-0.278,-6.499,0.6200000000000001,1.1119910610872368,,1.1119910610872368
809,,,,,,,,,,,,,,,,,,,,,,,,,,,,614,Alex Wells,BAL,LEFT,SP| RP,42.66666666666666,8,11,53,32,32,10,16,26,2,3,0,0,0,6.75,1.617,3,1,0.07,-1.827,-2.395,-0.506,-0.996,-0.801,-6.526,0.593,1.063565643910857,,1.063565643910857
810,,,,,,,,,,,,,,,,,,,,,,,,,,,,615,Stefan Crichton,ARI,RIGHT,RP,23.33333333333333,0,31,33,22,19,3,12,17,0,4,4,0,0,7.329,1.929,2,0,0.086,-2.401,-2.589,-0.132,-0.65,-0.76,-6.532,0.5869999999999997,1.0528044400938832,,1.0528044400938832
811,,,,,,,,,,,,,,,,,,,,,,,,,,,,616,Hyeon-Jong Yang,TEX,LEFT,SP| RP,35.33333333333333,4,12,42,24,22,9,16,25,0,3,0,0,0,5.604,1.641,0,0,0.0,-2.401,-2.417,-0.506,-0.508,-0.702,-6.534,0.585,1.0492173721548923,,1.0492173721548923
812,166,Jed Lowrie,OAK,139,4,SWITCH,512,457,112,55,14,69,49,0,0,0.245,DH| 2B,-1.149,-0.763,-0.126,-1.0,-0.625,-3.663,0.4129999999999998,4.076,1.0397374445457557,,,,,,,,,,,,,,,,,,,,,,,,,,,,,,,,,,,1.0397374445457557
813,,,,,,,,,,,,,,,,,,,,,,,,,,,,617,T. J. Zeuch,TOR| CIN,RIGHT,SP,15.0,3,5,21,16,11,6,9,8,0,2,0,0,0,6.6,2.0,0,0,0.0,-2.401,-2.783,-0.506,-0.332,-0.536,-6.559,0.5599999999999996,1.0043790229175034,,1.0043790229175034
814,,,,,,,,,,,,,,,,,,,,,,,,,,,,618,Luis Madero,MIA,RIGHT,RP,12.0,0,6,13,12,12,3,8,4,0,0,0,0,0,9.0,1.75,2,0,0.167,-2.401,-2.869,-0.506,-0.491,-0.296,-6.564,0.5549999999999997,0.9954113530700258,,0.9954113530700258
815,,,,,,,,,,,,,,,,,,,,,,,,,,,,619,Nick Nelson,NYA| PHI,RIGHT,RP,14.33333333333333,2,11,15,16,14,0,16,22,0,2,0,0,0,8.791,2.163,1,0,0.07,-2.401,-2.481,-0.506,-0.563,-0.615,-6.568,0.5510000000000002,0.9882372171920444,,0.9882372171920444
816,,,,,,,,,,,,,,,,,,,,,,,,,,,,620,Matt Harvey,KCA| BAL,RIGHT,SP,127.66666666666666,28,28,160,96,89,19,37,95,6,14,0,0,0,6.274,1.543,15,2,0.117,-0.679,-0.91,-0.506,-2.504,-1.978,-6.578,0.5409999999999995,0.970301877497088,,0.970301877497088
817,,,,,,,,,,,,,,,,,,,,,,,,,,,,621,Shawn Morimando,MIA,LEFT,RP,10.333333333333334,0,4,18,11,11,2,5,9,0,0,0,0,0,9.581,2.226,0,0,0.0,-2.401,-2.761,-0.506,-0.47,-0.472,-6.611,0.508,0.9111152565037358,,0.9111152565037358
818,,,,,,,,,,,,,,,,,,,,,,,,,,,,622,Jake Jewell,CHN,RIGHT,RP,10.0,0,10,18,12,11,5,5,10,0,2,0,0,0,9.9,2.3,0,1,0.0,-2.401,-2.74,-0.506,-0.479,-0.49,-6.617,0.5019999999999998,0.9003540526867622,,0.9003540526867622
819,,,,,,,,,,,,,,,,,,,,,,,,,,,,623,Buck Farmer,DET| CIN,RIGHT,RP,35.333333333333336,0,36,40,25,25,9,21,37,0,0,0,0,0,6.368,1.726,1,0,0.028,-2.401,-2.158,-0.506,-0.719,-0.834,-6.62,0.4989999999999996,0.8949734507782754,,0.8949734507782754
820,329,Jose Trevino,CIN| TEX| NYA,84,9,RIGHT,302,285,68,23,5,30,12,1,1,0.239,CC,-2.916,-1.638,-2.004,-0.881,-0.531,-7.97,0.3389999999999995,8.309,0.8534406627143118,,,,,,,,,,,,,,,,,,,,,,,,,,,,,,,,,,,0.8534406627143118
821,,,,,,,,,,,,,,,,,,,,,,,,,,,,624,Matt Moore,PHI| TEX| ANA| CLE| MIA,LEFT,SP| RP,73.0,13,24,78,54,51,15,38,63,2,4,0,0,0,6.288,1.589,1,0,0.014,-1.827,-1.599,-0.506,-1.44,-1.28,-6.652,0.4669999999999996,0.8375803637544179,,0.8375803637544179
822,159,Frank Schwindel,CHN| OAK,64,2,RIGHT,259,242,79,44,14,43,16,2,1,0.326,1B,-1.757,-0.763,-1.378,-0.763,1.173,-3.488,0.326,3.814,0.8207128496898706,,,,,,,,,,,,,,,,,,,,,,,,,,,,,,,,,,,0.8207128496898706
823,181,Darin Ruf,SFN| NYN| MIL,117,9,RIGHT,312,262,71,41,16,43,46,2,0,0.271,1B| LF,-1.922,-0.569,-1.378,-0.763,0.16,-4.471,0.3189999999999999,4.79,0.8030901811382473,,,,,,,,,,,,,,,,,,,,,,,,,,,,,,,,,,,0.8030901811382473
824,,,,,,,,,,,,,,,,,,,,,,,,,,,,625,Humberto Mejia,MIA| ARI,RIGHT,SP,22.333333333333336,5,5,32,19,18,5,9,20,0,3,0,0,0,7.254,1.836,1,0,0.045,-2.401,-2.524,-0.506,-0.609,-0.636,-6.677,0.4420000000000001,0.7927420145170303,,0.7927420145170303
825,,,,,,,,,,,,,,,,,,,,,,,,,,,,626,Packy Naughton,ANA| SLN,LEFT,SP,22.666666666666668,5,7,27,18,16,3,14,12,0,4,0,0,0,6.353,1.809,0,0,0.0,-2.401,-2.697,-0.506,-0.459,-0.618,-6.681,0.4379999999999997,0.7855678786390473,,0.7855678786390473
826,183,Gio Urshela,ATH| NYA| MIN| ANA| ATL| DET,116,4,RIGHT,442,420,112,42,14,49,20,1,0,0.267,3B| SS,-1.867,-0.763,-1.089,-0.881,0.118,-4.482,0.3079999999999998,4.79,0.7753974162714108,,,,,,,,,,,,,,,,,,,,,,,,,,,,,,,,,,,0.7753974162714108
827,,,,,,,,,,,,,,,,,,,,,,,,,,,,627,Zach Davies,SDN| CHN| ARI,RIGHT,SP,148.00000000000003,32,32,162,99,95,25,75,114,6,12,0,0,0,5.777,1.601,6,3,0.041,-0.679,-0.501,-0.506,-2.329,-2.675,-6.69,0.4289999999999994,0.7694260729135869,,0.7694260729135869
828,,,,,,,,,,,,,,,,,,,,,,,,,,,,628,Jose Urena,ANA| LAN| MIN| NYN| TOR| MIA| DET| COL| MIL| CHA| TEX,RIGHT,SP| RP,100.66666666666669,18,26,119,70,65,14,42,67,4,8,0,0,0,5.811,1.599,5,6,0.05,-1.253,-1.513,-0.506,-1.611,-1.811,-6.693,0.4260000000000001,0.7640454710051016,,0.7640454710051016
829,185,Brandon Nimmo,NYN,91,1,LEFT,386,325,95,51,8,28,54,5,4,0.292,CF,-1.37,-1.347,-2.1,-0.407,0.728,-4.496,0.2939999999999996,4.79,0.7401520791681643,,,,,,,,,,,,,,,,,,,,,,,,,,,,,,,,,,,0.7401520791681643
830,,,,,,,,,,,,,,,,,,,,,,,,,,,,629,David Hess,BAL| MIA| TBA,RIGHT,RP,20.0,1,15,32,24,22,10,11,18,2,2,0,0,0,9.9,2.15,0,0,0.0,-1.827,-2.567,-0.506,-0.959,-0.847,-6.707,0.4119999999999999,0.7389359954321636,,0.7389359954321636
831,,,,,,,,,,,,,,,,,,,,,,,,,,,,630,Eric Yardley,MIL,RIGHT,RP,18.666666666666668,0,17,24,15,14,3,10,5,0,0,0,0,0,6.75,1.821,1,0,0.054,-2.401,-2.847,-0.506,-0.436,-0.519,-6.71,0.4089999999999998,0.7335553935236767,,0.7335553935236767
832,,,,,,,,,,,,,,,,,,,,,,,,,,,,631,Wyatt Mills,SEA| KCA,RIGHT,RP,12.666666666666668,0,11,19,14,14,1,7,11,0,0,0,0,0,9.947,2.053,0,0,0.0,-2.401,-2.718,-0.506,-0.612,-0.482,-6.72,0.399,0.7156200538287217,,0.7156200538287217
833,186,Brett Phillips,KCA| TBA| BAL| ANA,93,9,LEFT,292,253,52,42,13,44,33,14,2,0.206,RF| CF,-1.867,-0.86,-1.33,0.661,-1.11,-4.506,0.2839999999999998,4.79,0.7149768383801319,,,,,,,,,,,,,,,,,,,,,,,,,,,,,,,,,,,0.7149768383801319
834,331,Jonah Heim,TEX| OAK,78,9,SWITCH,285,265,52,22,10,32,15,3,1,0.196,CC,-2.971,-1.152,-1.908,-0.644,-1.351,-8.026,0.2829999999999995,8.309,0.7124593143013278,,,,,,,,,,,,,,,,,,,,,,,,,,,,,,,,,,,0.7124593143013278
835,,,,,,,,,,,,,,,,,,,,,,,,,,,,632,Justus Sheffield,SEA,LEFT,SP| RP,80.33333333333333,15,21,105,69,61,14,43,63,7,8,0,0,0,6.834,1.842,9,3,0.112,-0.391,-1.599,-0.506,-1.927,-2.309,-6.733,0.3860000000000001,0.6923041122252798,,0.6923041122252798
836,332,Alejandro Kirk,TOR,58,6,RIGHT,189,165,40,19,8,24,19,0,0,0.242,CC,-3.137,-1.347,-2.293,-1.0,-0.259,-8.035,0.2739999999999991,8.309,0.6898015975920975,,,,,,,,,,,,,,,,,,,,,,,,,,,,,,,,,,,0.6898015975920975
837,,,,,,,,,,,,,,,,,,,,,,,,,,,,633,Justin Lawrence,PIT| COL,RIGHT,RP,16.666666666666664,0,19,21,16,16,0,19,17,1,0,0,0,0,8.64,2.4,1,0,0.06,-2.114,-2.589,-0.506,-0.635,-0.891,-6.735,0.3839999999999994,0.6887170442862875,,0.6887170442862875
838,,,,,,,,,,,,,,,,,,,,,,,,,,,,635,Seth Frankoff,SEA| ARI,RIGHT,SP,14.666666666666668,3,4,20,15,15,4,9,11,0,2,0,0,0,9.204,1.977,1,1,0.068,-2.401,-2.718,-0.506,-0.623,-0.509,-6.759,0.3599999999999994,0.6456722290183945,,0.6456722290183945
839,,,,,,,,,,,,,,,,,,,,,,,,,,,,634,Shelby Miller,ARI| MIL| CHN| PIT| SFN| LAN| DET,RIGHT,RP,12.666666666666666,0,13,16,13,13,3,11,8,0,1,0,0,0,9.237,2.132,0,1,0.0,-2.401,-2.783,-0.506,-0.542,-0.526,-6.759,0.3599999999999994,0.6456722290183945,,0.6456722290183945
840,334,Jason Castro,ANA| SDN| HOU,64,9,LEFT,179,149,35,22,8,21,25,0,0,0.235,CC,-2.971,-1.347,-2.437,-1.0,-0.319,-8.075,0.2339999999999999,8.309,0.5891006344399683,,,,,,,,,,,,,,,,,,,,,,,,,,,,,,,,,,,0.5891006344399683
841,,,,,,,,,,,,,,,,,,,,,,,,,,,,636,Glenn Otto,TEX,RIGHT,SP,23.333333333333336,6,6,32,24,24,2,8,28,0,3,0,0,0,9.257,1.714,3,0,0.129,-2.401,-2.352,-0.506,-1.001,-0.538,-6.8,0.3189999999999999,0.5721373362690781,,0.5721373362690781
842,,,,,,,,,,,,,,,,,,,,,,,,,,,,637,Riley Smith,ARI,RIGHT,SP| RP,67.33333333333333,6,24,86,46,45,10,15,36,1,4,1,0,0,6.015,1.5,2,2,0.03,-2.114,-2.18,-0.413,-1.184,-0.915,-6.807,0.3119999999999994,0.5595825984826083,,0.5595825984826083
843,,,,,,,,,,,,,,,,,,,,,,,,,,,,638,Sam Clay,WAS| NYN,LEFT,RP,45.000000000000014,0,58,55,32,28,4,22,34,0,5,0,0,0,5.6,1.711,1,0,0.022,-2.401,-2.223,-0.506,-0.646,-1.032,-6.809,0.3099999999999996,0.5559955305436176,,0.5559955305436176
844,,,,,,,,,,,,,,,,,,,,,,,,,,,,639,Charlie Barnes,MIN,LEFT,SP,38.0,8,9,46,27,25,4,16,20,0,3,0,0,0,5.921,1.632,1,1,0.026,-2.401,-2.524,-0.506,-0.641,-0.738,-6.811,0.3079999999999998,0.552408462604627,,0.552408462604627
845,,,,,,,,,,,,,,,,,,,,,,,,,,,,640,Brett de Geus,PHI| ARI| TEX| MIA| SEA| TOR,RIGHT,RP,50.00000000000001,0,47,62,47,42,6,25,41,3,2,0,0,0,7.56,1.74,3,0,0.06,-1.54,-2.072,-0.506,-1.483,-1.211,-6.813,0.306,0.5488213946656363,,0.5488213946656363
846,,,,,,,,,,,,,,,,,,,,,,,,,,,,641,Yency Almonte,COL| LAN| CHN,RIGHT,RP,47.66666666666667,0,48,47,42,40,9,29,47,1,3,0,0,0,7.552,1.594,5,0,0.105,-2.114,-1.943,-0.506,-1.411,-0.847,-6.822,0.2969999999999997,0.5326795889401758,,0.5326795889401758
847,,,,,,,,,,,,,,,,,,,,,,,,,,,,642,Alex Young,ARI| CLE| SFN| CIN| NYN,LEFT,RP,52.00000000000001,2,40,65,43,38,12,27,43,2,6,0,0,0,6.577,1.769,0,0,0.0,-1.827,-2.029,-0.506,-1.143,-1.326,-6.832,0.2869999999999999,0.5147442492452207,,0.5147442492452207
848,,,,,,,,,,,,,,,,,,,,,,,,,,,,643,Jose Quintana,MIL| CHN| ANA| SFN| PIT| SLN| NYN,LEFT,SP| RP,63.0,10,29,74,50,45,12,35,85,0,3,0,0,0,6.429,1.73,5,1,0.079,-2.401,-1.125,-0.506,-1.312,-1.498,-6.843,0.2759999999999998,0.4950153755807695,,0.4950153755807695
849,184,Wander Franco,TBA,70,3,SWITCH,308,281,81,53,7,39,24,2,1,0.288,SS,-1.26,-1.444,-1.57,-0.763,0.542,-4.494,0.1950000000000002,4.689,0.4909171953666409,,,,,,,,,,,,,,,,,,,,,,,,,,,,,,,,,,,0.4909171953666409
850,,,,,,,,,,,,,,,,,,,,,,,,,,,,644,Tom Eshelman,BAL,RIGHT,SP| RP,27.66666666666667,6,9,34,22,22,6,10,11,0,3,0,0,0,7.157,1.59,0,1,0.0,-2.401,-2.718,-0.506,-0.733,-0.487,-6.846,0.2729999999999997,0.4896347736722827,,0.4896347736722827
851,,,,,,,,,,,,,,,,,,,,,,,,,,,,645,Josh Lindblom,MIL,RIGHT,RP,16.666666666666664,0,8,23,18,18,5,10,17,0,0,0,0,0,9.72,1.98,1,0,0.06,-2.401,-2.589,-0.506,-0.776,-0.581,-6.853,0.266,0.4770800358858145,,0.4770800358858145
852,,,,,,,,,,,,,,,,,,,,,,,,,,,,646,Robert Dugger,MIA| SEA| CIN| TBA,RIGHT,SP| RP,25.666666666666664,4,12,34,24,21,4,12,19,0,2,0,0,0,7.364,1.792,2,0,0.078,-2.401,-2.546,-0.506,-0.722,-0.681,-6.857,0.2619999999999995,0.4699059000078315,,0.4699059000078315
853,187,Lorenzo Cain,MIL,78,8,RIGHT,286,257,66,40,8,36,26,13,2,0.257,CF,-1.978,-1.347,-1.715,0.543,-0.121,-4.617,0.173,4.79,0.4355316656329681,,,,,,,,,,,,,,,,,,,,,,,,,,,,,,,,,,,0.4355316656329681
854,341,Austin Barnes,LAN,77,8,RIGHT,225,200,43,28,6,23,20,1,0,0.215,CC,-2.64,-1.541,-2.341,-0.881,-0.733,-8.136,0.173,8.309,0.4355316656329681,,,,,,,,,,,,,,,,,,,,,,,,,,,,,,,,,,,0.4355316656329681
855,,,,,,,,,,,,,,,,,,,,,,,,,,,,647,Alec Bettinger,MIL,RIGHT,RP,10.0,1,4,18,15,15,3,3,5,0,1,0,0,0,13.5,2.1,0,0,0.0,-2.401,-2.847,-0.506,-0.761,-0.402,-6.917,0.2019999999999999,0.3622938618380996,,0.3622938618380996
856,,,,,,,,,,,,,,,,,,,,,,,,,,,,648,Adam Plutko,CLE| BAL,RIGHT,RP,56.33333333333333,1,38,65,43,42,17,27,44,1,2,1,0,0,6.71,1.633,0,2,0.0,-2.114,-2.008,-0.413,-1.297,-1.098,-6.929,0.1899999999999995,0.3407714542041523,,0.3407714542041523
857,,,,,,,,,,,,,,,,,,,,,,,,,,,,649,Konner Wade,BAL,RIGHT,RP,12.333333333333334,0,7,23,16,16,3,5,11,0,0,0,0,0,11.676,2.27,0,0,0.0,-2.401,-2.718,-0.506,-0.762,-0.588,-6.977,0.1419999999999994,0.2546818236683661,,0.2546818236683661
858,190,Austin Slater,CHA| NYA| SFN| BAL| CIN,117,1,RIGHT,306,274,66,37,12,32,28,15,2,0.241,LF| CF| RF,-2.143,-0.958,-1.908,0.78,-0.462,-4.691,0.0990000000000002,4.79,0.2492348838015255,,,,,,,,,,,,,,,,,,,,,,,,,,,,,,,,,,,0.2492348838015255
859,,,,,,,,,,,,,,,,,,,,,,,,,,,,650,Mitch Keller,PIT,RIGHT,SP,100.66666666666669,23,23,131,69,69,10,49,92,5,11,0,0,0,6.169,1.788,8,3,0.079,-0.966,-0.974,-0.506,-1.892,-2.652,-6.99,0.1289999999999995,0.2313658820649242,,0.2313658820649242
860,,,,,,,,,,,,,,,,,,,,,,,,,,,,651,Edgar Garcia,TBA| CIN| MIN,RIGHT,RP,14.666666666666664,0,11,19,22,20,5,8,12,0,1,0,0,0,12.273,1.841,2,0,0.136,-2.401,-2.697,-0.506,-0.975,-0.421,-7.0,0.1189999999999997,0.2134305423699692,,0.2134305423699692
861,343,Austin Nola,COL| SDN| SEA,53,7,RIGHT,194,173,47,15,2,29,14,0,1,0.272,CC,-3.358,-1.93,-2.052,-1.0,0.115,-8.225,0.0839999999999996,8.309,0.2114720226194748,,,,,,,,,,,,,,,,,,,,,,,,,,,,,,,,,,,0.2114720226194748
862,,,,,,,,,,,,,,,,,,,,,,,,,,,,652,Cody Ponce,PIT,RIGHT,RP,38.333333333333336,2,15,56,34,30,8,11,36,0,6,0,0,0,7.043,1.748,2,0,0.052,-2.401,-2.18,-0.506,-0.982,-0.942,-7.012,0.1070000000000002,0.1919081347360234,,0.1919081347360234
863,191,Evan Longoria,SFN| ARI,80,5,RIGHT,291,253,66,45,13,46,35,1,1,0.261,3B,-1.702,-0.86,-1.233,-0.881,-0.041,-4.717,0.0730000000000004,4.79,0.1837792577526406,,,,,,,,,,,,,,,,,,,,,,,,,,,,,,,,,,,0.1837792577526406
864,192,Michael Conforto,LAN| NYN| SFN,125,3,LEFT,479,406,94,52,14,55,59,1,0,0.232,RF,-1.315,-0.763,-0.8,-0.881,-0.975,-4.735,0.0549999999999997,4.79,0.1384638243341798,,,,,,,,,,,,,,,,,,,,,,,,,,,,,,,,,,,0.1384638243341798
865,346,Austin Hedges,CLE| SDN| PIT| TEX,88,8,RIGHT,312,286,51,32,10,31,15,1,0,0.178,CC,-2.419,-1.152,-1.956,-0.881,-1.849,-8.257,0.0519999999999996,8.309,0.1309112520977697,,,,,,,,,,,,,,,,,,,,,,,,,,,,,,,,,,,0.1309112520977697
866,193,Ke'Bryan Hayes,CIN| PIT,95,2,RIGHT,396,362,93,49,6,38,31,9,1,0.257,3B,-1.481,-1.541,-1.619,0.068,-0.168,-4.74,0.0499999999999998,4.79,0.1258762039401637,,,,,,,,,,,,,,,,,,,,,,,,,,,,,,,,,,,0.1258762039401637
867,,,,,,,,,,,,,,,,,,,,,,,,,,,,653,Jon Duplantier,ARI,RIGHT,SP,13.000000000000002,4,4,19,19,19,5,8,12,0,3,0,0,0,13.154,2.077,0,0,0.0,-2.401,-2.697,-0.506,-0.954,-0.509,-7.067,0.0519999999999996,0.0932637664137675,,0.0932637664137675
868,,,,,,,,,,,,,,,,,,,,,,,,,,,,654,Jerad Eickhoff,NYN| PIT,RIGHT,SP,19.666666666666664,4,5,30,24,19,9,10,13,0,2,0,0,0,8.695,2.034,0,0,0.0,-2.401,-2.675,-0.506,-0.758,-0.732,-7.073,0.0459999999999993,0.0825025625967938,,0.0825025625967938
869,,,,,,,,,,,,,,,,,,,,,,,,,,,,655,Spencer Howard,PHI| TEX| CLE| SFN,RIGHT,SP| RP,49.66666666666666,15,19,53,45,41,7,27,52,0,5,0,0,0,7.429,1.611,5,1,0.101,-2.401,-1.836,-0.506,-1.423,-0.918,-7.084,0.0350000000000001,0.0627736889323442,,0.0627736889323442
870,194,Seth Brown,ATH| OAK,104,7,LEFT,307,281,60,42,20,48,23,4,1,0.214,RF,-1.867,-0.18,-1.137,-0.525,-1.061,-4.771,0.0190000000000001,4.79,0.0478329574972627,,,,,,,,,,,,,,,,,,,,,,,,,,,,,,,,,,,0.0478329574972627
871,171,Nick Solak,PIT| TEX| ATL| DET,127,2,RIGHT,511,458,111,57,11,49,34,7,5,0.242,2B,-1.039,-1.055,-1.089,-0.169,-0.721,-4.073,0.0029999999999992,4.076,0.0075525722364079,,,,,,,,,,,,,,,,,,,,,,,,,,,,,,,,,,,0.0075525722364079
872,195,Andrew Vaughn,CHA| MIL,127,6,RIGHT,469,417,98,56,15,48,41,0,1,0.235,LF,-1.094,-0.666,-1.137,-1.0,-0.89,-4.788,0.0019999999999997,4.79,0.005035048157606,,,,,,,,,,,,,,,,,,,,,,,,,,,,,,,,,,,0.005035048157606
873,,,,,,,,,,,,,,,,,,,,,,,,,,,,656,Jorge Lopez,WAS| BAL| KCA| MIN| MIA| CHN| NYN,RIGHT,SP| RP,121.66666666666669,25,33,142,83,82,21,56,112,3,14,0,0,0,6.066,1.627,2,3,0.016,-1.54,-0.544,-0.506,-2.189,-2.34,-7.119,0.0,0.0,,0.0
874,168,Carlos Santana,CHN| CLE| KCA| SEA| MIL| PIT| MIN,158,2,SWITCH,659,565,121,66,19,69,86,2,0,0.214,1B,-0.542,-0.277,-0.126,-0.763,-2.106,-3.814,0.0,3.814,0.0,,,,,,,,,,,,,,,,,,,,,,,,,,,,,,,,,,,0.0
875,347,Martin Maldonado,SDN| HOU| CHA,120,9,RIGHT,426,373,64,39,12,36,47,0,0,0.172,CC,-2.033,-0.958,-1.715,-1.0,-2.603,-8.309,0.0,8.309,0.0,,,,,,,,,,,,,,,,,,,,,,,,,,,,,,,,,,,0.0
876,189,Elvis Andrus,TEX| OAK| CHA,143,9,RIGHT,541,497,121,60,3,37,31,12,2,0.243,SS,-0.873,-1.833,-1.667,0.424,-0.741,-4.689,0.0,4.689,0.0,,,,,,,,,,,,,,,,,,,,,,,,,,,,,,,,,,,0.0
877,196,Hunter Dozier,KCA,143,6,RIGHT,543,487,105,54,16,54,43,5,4,0.216,3B| RF,-1.205,-0.569,-0.848,-0.407,-1.762,-4.79,0.0,4.79,0.0,,,,,,,,,,,,,,,,,,,,,,,,,,,,,,,,,,,0.0
878,,,,,,,,,,,,,,,,,,,,,,,,,,,,657,Luis Oviedo,PIT,RIGHT,RP,29.666666666666668,1,22,33,32,29,4,26,31,1,2,0,0,0,8.798,1.989,5,0,0.169,-2.114,-2.288,-0.506,-1.167,-1.045,-7.12,-0.0010000000000003,-0.0017935339694961,,-0.0017935339694961
879,,,,,,,,,,,,,,,,,,,,,,,,,,,,658,Beau Burrows,DET| MIN,RIGHT,RP,11.0,1,6,16,18,17,5,10,8,0,1,0,0,0,13.909,2.364,0,1,0.0,-2.401,-2.783,-0.506,-0.872,-0.57,-7.133,-0.0140000000000002,-0.025109475572938,,-0.025109475572938
880,,,,,,,,,,,,,,,,,,,,,,,,,,,,659,Sean Guenther,DET| MIA,LEFT,RP,20.333333333333336,0,14,31,22,21,1,10,15,0,1,0,0,0,9.295,2.016,0,0,0.0,-2.401,-2.632,-0.506,-0.879,-0.741,-7.16,-0.0410000000000003,-0.0735348927493179,,-0.0735348927493179
881,197,Kevin Kiermaier,TBA| TOR| LAN,109,9,LEFT,390,348,90,53,4,37,33,8,3,0.259,CF,-1.26,-1.735,-1.667,-0.051,-0.116,-4.828,-0.0380000000000002,4.79,-0.0956659149945254,,,,,,,,,,,,,,,,,,,,,,,,,,,,,,,,,,,-0.0956659149945254
882,,,,,,,,,,,,,,,,,,,,,,,,,,,,660,Wes Benjamin,TEX,LEFT,RP,22.666666666666668,2,13,29,23,22,6,17,19,0,2,0,0,0,8.735,2.029,0,0,0.0,-2.401,-2.546,-0.506,-0.88,-0.839,-7.174,-0.0550000000000006,-0.0986443683222559,,-0.0986443683222559
883,349,Travis d'Arnaud,ANA| ATL,60,5,RIGHT,229,209,46,21,7,26,17,0,0,0.22,CC,-3.027,-1.444,-2.196,-1.0,-0.684,-8.351,-0.0420000000000015,8.309,-0.1057360113097419,,,,,,,,,,,,,,,,,,,,,,,,,,,,,,,,,,,-0.1057360113097419
884,198,Dylan Moore,SEA| TEX,120,8,RIGHT,377,332,60,41,12,43,40,21,4,0.181,2B| LF,-1.922,-0.958,-1.378,1.492,-2.085,-4.851,-0.0609999999999999,4.79,-0.1535689688070001,,,,,,,,,,,,,,,,,,,,,,,,,,,,,,,,,,,-0.1535689688070001
885,,,,,,,,,,,,,,,,,,,,,,,,,,,,661,Shaun Anderson,ANA| SFN| BAL| MIN| SDN| TOR| MIA| TEX,RIGHT,RP,23.33333333333333,0,16,36,30,22,4,12,19,0,0,0,0,0,8.486,2.057,0,0,0.0,-2.401,-2.546,-0.506,-0.861,-0.893,-7.207,-0.088,-0.1578309893156079,,-0.1578309893156079
886,,,,,,,,,,,,,,,,,,,,,,,,,,,,662,Randy Dobnak,MIN,RIGHT,SP| RP,50.66666666666666,6,14,66,44,43,11,12,27,1,7,1,0,0,7.638,1.54,1,1,0.02,-2.114,-2.374,-0.413,-1.534,-0.777,-7.212,-0.0929999999999999,-0.1667986591630854,,-0.1667986591630854
887,199,Matt Duffy,CHN| ANA| KCA| TEX,97,5,RIGHT,322,289,83,45,5,30,25,8,1,0.287,3B| 2B,-1.702,-1.638,-2.004,-0.051,0.534,-4.86,-0.0700000000000002,4.79,-0.1762266855162305,,,,,,,,,,,,,,,,,,,,,,,,,,,,,,,,,,,-0.1762266855162305
888,,,,,,,,,,,,,,,,,,,,,,,,,,,,663,Corbin Martin,BAL| ARI,RIGHT,SP,16.0,3,5,23,19,19,5,14,13,0,3,0,0,0,10.688,2.312,0,0,0.0,-2.401,-2.675,-0.506,-0.865,-0.793,-7.241,-0.1219999999999998,-0.218811144278456,,-0.218811144278456
889,352,Zack Collins,CHA| PIT| TOR| CLE,75,9,LEFT,231,195,41,25,4,26,34,1,1,0.21,CC,-2.806,-1.735,-2.196,-0.881,-0.785,-8.404,-0.0950000000000006,8.309,-0.2391647874863135,,,,,,,,,,,,,,,,,,,,,,,,,,,,,,,,,,,-0.2391647874863135
890,,,,,,,,,,,,,,,,,,,,,,,,,,,,664,Keegan Akin,BAL,LEFT,SP| RP,95.0,17,24,110,70,70,17,40,82,2,10,0,0,0,6.632,1.579,0,2,0.0,-1.827,-1.19,-0.506,-2.129,-1.623,-7.275,-0.1560000000000005,-0.2797912992413057,,-0.2797912992413057
891,355,William Contreras,MIL| ATL,51,7,RIGHT,185,163,35,19,8,23,19,0,0,0.215,CC,-3.137,-1.347,-2.341,-1.0,-0.601,-8.425,-0.1160000000000014,8.309,-0.2920327931411844,,,,,,,,,,,,,,,,,,,,,,,,,,,,,,,,,,,-0.2920327931411844
892,200,Dominic Smith,SFN| NYN| WAS| BOS| CIN,144,3,LEFT,493,446,109,43,11,58,32,2,1,0.244,LF,-1.812,-1.055,-0.656,-0.763,-0.633,-4.918,-0.1280000000000001,4.79,-0.3222430820868205,,,,,,,,,,,,,,,,,,,,,,,,,,,,,,,,,,,-0.3222430820868205
893,201,Abraham Toro,BOS| HOU| SEA| MIL| OAK,94,5,SWITCH,375,335,80,44,11,46,31,6,3,0.239,3B| 2B,-1.757,-1.055,-1.233,-0.288,-0.618,-4.951,-0.1609999999999996,4.79,-0.4053213766873276,,,,,,,,,,,,,,,,,,,,,,,,,,,,,,,,,,,-0.4053213766873276
894,,,,,,,,,,,,,,,,,,,,,,,,,,,,665,J. C. Mejia,CLE| MIL,RIGHT,SP| RP,52.333333333333336,11,17,60,48,48,13,24,47,1,7,0,0,0,8.255,1.605,1,0,0.019,-2.114,-1.943,-0.506,-1.836,-0.955,-7.355,-0.2360000000000006,-0.4232740168009493,,-0.4232740168009493
895,357,Kyle Higashioka,TEX| NYA| SDN,64,8,RIGHT,211,193,35,20,10,29,17,0,0,0.181,CC,-3.082,-1.152,-2.052,-1.0,-1.203,-8.489,-0.1800000000000015,8.309,-0.4531543341845948,,,,,,,,,,,,,,,,,,,,,,,,,,,,,,,,,,,-0.4531543341845948
896,358,Jake Rogers,DET,37,9,RIGHT,127,113,27,17,6,17,11,1,0,0.239,CC,-3.248,-1.541,-2.63,-0.881,-0.207,-8.507,-0.1980000000000004,8.309,-0.4984697676030511,,,,,,,,,,,,,,,,,,,,,,,,,,,,,,,,,,,-0.4984697676030511
897,,,,,,,,,,,,,,,,,,,,,,,,,,,,666,Matt Shoemaker,TOR| MIN,RIGHT,SP| RP,60.333333333333336,11,16,73,56,54,15,27,40,3,8,0,0,0,8.055,1.657,7,0,0.116,-1.54,-2.094,-0.506,-2.023,-1.24,-7.404,-0.2850000000000001,-0.51115718130623,,-0.51115718130623
898,,,,,,,,,,,,,,,,,,,,,,,,,,,,667,Chi Chi Gonzalez,COL| MIL| MIN| NYA| MIA,RIGHT,SP| RP,101.66666666666669,18,24,127,74,73,18,28,56,3,7,0,0,0,6.462,1.525,2,2,0.02,-1.54,-1.749,-0.506,-2.144,-1.492,-7.432,-0.3130000000000006,-0.561376132452106,,-0.561376132452106
899,,,,,,,,,,,,,,,,,,,,,,,,,,,,668,Sam Hentges,CLE,LEFT,SP| RP,68.66666666666667,12,30,90,54,51,10,32,68,1,4,0,0,0,6.684,1.777,5,0,0.073,-2.114,-1.491,-0.506,-1.567,-1.774,-7.453,-0.3340000000000005,-0.5990403458115123,,-0.5990403458115123
900,,,,,,,,,,,,,,,,,,,,,,,,,,,,669,Dean Kremer,BAL,RIGHT,SP,53.66666666666667,13,13,63,46,45,17,25,47,0,7,0,0,0,7.547,1.64,0,1,0.0,-2.401,-1.943,-0.506,-1.586,-1.061,-7.499,-0.3799999999999999,-0.6815429084083061,,-0.6815429084083061
901,174,Brad Miller,SLN| PHI| TEX,140,9,LEFT,377,331,75,53,20,49,45,3,0,0.227,1B,-1.26,-0.18,-1.089,-0.644,-0.92,-4.092,-0.2779999999999996,3.814,-0.6998716939073117,,,,,,,,,,,,,,,,,,,,,,,,,,,,,,,,,,,-0.6998716939073117
902,204,Bradley Zimmer,CLE| PHI| TOR,96,7,LEFT,348,299,68,43,8,35,30,14,2,0.227,CF| RF,-1.812,-1.347,-1.763,0.661,-0.812,-5.072,-0.282,4.79,-0.709941790222526,,,,,,,,,,,,,,,,,,,,,,,,,,,,,,,,,,,-0.709941790222526
903,202,Freddy Galvis,CIN| BAL| PHI,104,6,SWITCH,394,356,86,53,14,40,27,1,0,0.242,SS,-1.26,-0.763,-1.522,-0.881,-0.582,-5.009,-0.3200000000000003,4.689,-0.8056077052170514,,,,,,,,,,,,,,,,,,,,,,,,,,,,,,,,,,,-0.8056077052170514
904,367,Kevin Plawecki,BOS| TEX,58,7,RIGHT,173,157,45,15,3,15,12,0,0,0.287,CC,-3.358,-1.833,-2.726,-1.0,0.283,-8.633,-0.3239999999999998,8.309,-0.8156778015322634,,,,,,,,,,,,,,,,,,,,,,,,,,,,,,,,,,,-0.8156778015322634
905,368,Stephen Vogt,ARI| ATL| OAK,78,8,LEFT,238,210,41,24,7,25,26,0,0,0.195,CC,-2.861,-1.444,-2.245,-1.0,-1.086,-8.636,-0.3269999999999999,8.309,-0.8232303737686736,,,,,,,,,,,,,,,,,,,,,,,,,,,,,,,,,,,-0.8232303737686736
906,,,,,,,,,,,,,,,,,,,,,,,,,,,,670,Spenser Watkins,BAL| OAK,RIGHT,SP| RP,54.66666666666667,10,16,74,50,49,14,19,35,2,7,0,0,0,8.067,1.701,2,2,0.037,-1.827,-2.201,-0.506,-1.838,-1.23,-7.603,-0.484,-0.8680704412358428,,-0.8680704412358428
907,207,Kevin Pillar,TEX| BOS| COL| NYN| LAN| ATL| ANA| CHA,118,7,RIGHT,347,325,75,40,15,47,11,4,3,0.231,CF| RF| LF,-1.978,-0.666,-1.185,-0.525,-0.799,-5.153,-0.3629999999999995,4.79,-0.9138612406055908,,,,,,,,,,,,,,,,,,,,,,,,,,,,,,,,,,,-0.9138612406055908
908,208,Phil Gosselin,PHI| ANA| ATL,103,3,RIGHT,373,345,90,40,7,47,24,4,2,0.261,3B| 1B| LF,-1.978,-1.444,-1.185,-0.525,-0.056,-5.187,-0.3970000000000002,4.79,-0.999457059284904,,,,,,,,,,,,,,,,,,,,,,,,,,,,,,,,,,,-0.999457059284904
909,374,Curt Casali,CIN| SFN| SEA,75,8,RIGHT,231,200,42,20,5,26,26,0,0,0.21,CC,-3.082,-1.638,-2.196,-1.0,-0.809,-8.726,-0.4170000000000016,8.309,-1.049807540860973,,,,,,,,,,,,,,,,,,,,,,,,,,,,,,,,,,,-1.049807540860973
910,,,,,,,,,,,,,,,,,,,,,,,,,,,,671,Tyler Webb,SLN,LEFT,RP,16.333333333333336,0,22,22,26,24,1,19,14,0,0,0,0,0,13.225,2.51,1,1,0.061,-2.401,-2.654,-0.506,-1.207,-0.952,-7.721,-0.6020000000000003,-1.0797074496363177,,-1.0797074496363177
911,206,Alcides Escobar,WAS,75,2,RIGHT,349,319,92,53,4,28,17,3,0,0.288,SS,-1.26,-1.735,-2.1,-0.644,0.619,-5.12,-0.431,4.689,-1.0850528779642152,,,,,,,,,,,,,,,,,,,,,,,,,,,,,,,,,,,-1.0850528779642152
912,210,Alec Bohm,PHI,115,5,RIGHT,417,380,94,46,7,47,31,4,0,0.247,3B,-1.646,-1.444,-1.185,-0.525,-0.453,-5.254,-0.4639999999999995,4.79,-1.1681311725647223,,,,,,,,,,,,,,,,,,,,,,,,,,,,,,,,,,,-1.1681311725647223
913,211,Tyrone Taylor,NYN| MIL,92,9,RIGHT,271,243,60,33,12,43,20,6,1,0.247,LF| RF,-2.364,-0.958,-1.378,-0.288,-0.298,-5.286,-0.4959999999999995,4.79,-1.2486919430864274,,,,,,,,,,,,,,,,,,,,,,,,,,,,,,,,,,,-1.2486919430864274
914,209,Gavin Lux,CIN| LAN,99,7,LEFT,381,335,81,49,7,46,41,4,1,0.242,2B| SS,-1.481,-1.444,-1.233,-0.525,-0.542,-5.225,-0.5359999999999996,4.689,-1.3493929062385588,,,,,,,,,,,,,,,,,,,,,,,,,,,,,,,,,,,-1.3493929062385588
915,213,Justin Upton,ANA| SEA,88,1,RIGHT,362,318,67,47,17,41,39,4,1,0.211,LF,-1.591,-0.472,-1.474,-0.525,-1.27,-5.332,-0.5419999999999998,4.79,-1.364498050711379,,,,,,,,,,,,,,,,,,,,,,,,,,,,,,,,,,,-1.364498050711379
916,386,Wilson Ramos,NYN| CLE| DET,43,7,RIGHT,163,151,31,15,8,20,9,0,0,0.205,CC,-3.358,-1.347,-2.485,-1.0,-0.665,-8.855,-0.5460000000000012,8.309,-1.3745681470265956,,,,,,,,,,,,,,,,,,,,,,,,,,,,,,,,,,,-1.3745681470265956
917,,,,,,,,,,,,,,,,,,,,,,,,,,,,672,Jake Arrieta,PHI| CHN| SDN,RIGHT,SP,98.66666666666669,24,24,131,91,81,24,44,83,5,14,0,0,0,7.388,1.774,9,2,0.091,-0.966,-1.168,-0.506,-2.794,-2.536,-7.971,-0.8520000000000003,-1.5280909420102031,,-1.5280909420102031
918,216,Steven Duggar,SFN| ANA| TEX,102,7,LEFT,297,268,69,41,8,35,27,6,0,0.257,CF,-1.922,-1.347,-1.763,-0.288,-0.113,-5.433,-0.6429999999999998,4.79,-1.6187679826705106,,,,,,,,,,,,,,,,,,,,,,,,,,,,,,,,,,,-1.6187679826705106
919,218,Corey Dickerson,MIA| TOR| SLN| WAS,109,5,LEFT,365,336,91,43,6,29,25,6,5,0.271,LF,-1.812,-1.541,-2.052,-0.288,0.202,-5.491,-0.7009999999999996,4.79,-1.7647843792411009,,,,,,,,,,,,,,,,,,,,,,,,,,,,,,,,,,,-1.7647843792411009
920,,,,,,,,,,,,,,,,,,,,,,,,,,,,673,Jackson Kowar,SEA| KCA,RIGHT,SP,30.33333333333333,8,9,43,38,38,7,20,29,0,6,0,0,0,11.275,2.077,2,0,0.066,-2.401,-2.331,-0.506,-1.78,-1.187,-8.205,-1.0860000000000003,-1.94777789087216,,-1.94777789087216
921,217,Willi Castro,CHN| MIN| DET,121,7,SWITCH,450,413,91,54,9,38,23,8,4,0.22,SS| 2B,-1.205,-1.249,-1.619,-0.051,-1.345,-5.468,-0.7789999999999999,4.689,-1.9611512573877572,,,,,,,,,,,,,,,,,,,,,,,,,,,,,,,,,,,-1.9611512573877572
922,400,Robinson Chirinos,NYN| TEX| CHN| BAL,45,9,RIGHT,112,97,22,13,5,15,9,0,0,0.227,CC,-3.468,-1.638,-2.726,-1.0,-0.268,-9.101,-0.7920000000000016,8.309,-1.9938790704122045,,,,,,,,,,,,,,,,,,,,,,,,,,,,,,,,,,,-1.9938790704122045
923,221,Gregory Polanco,PIT,107,6,LEFT,382,336,70,38,11,36,36,14,1,0.208,RF,-2.088,-1.055,-1.715,0.661,-1.402,-5.598,-0.8079999999999998,4.79,-2.0341594556730525,,,,,,,,,,,,,,,,,,,,,,,,,,,,,,,,,,,-2.0341594556730525
924,403,Kurt Suzuki,WAS| ANA,70,8,RIGHT,247,219,49,17,6,16,12,0,0,0.224,CC,-3.248,-1.541,-2.678,-1.0,-0.656,-9.123,-0.8140000000000001,8.309,-2.049264600145873,,,,,,,,,,,,,,,,,,,,,,,,,,,,,,,,,,,-2.049264600145873
925,404,Reese McGuire,CHN| TOR| BOS| CHA,72,9,LEFT,217,198,50,22,1,10,15,0,0,0.253,CC,-2.971,-2.027,-2.967,-1.0,-0.158,-9.124,-0.8150000000000013,8.309,-2.051782124224679,,,,,,,,,,,,,,,,,,,,,,,,,,,,,,,,,,,-2.051782124224679
926,405,Keibert Ruiz,WAS| LAN,28,6,SWITCH,96,88,24,10,3,15,6,0,0,0.273,CC,-3.634,-1.833,-2.726,-1.0,0.066,-9.127,-0.8180000000000014,8.309,-2.059334696461089,,,,,,,,,,,,,,,,,,,,,,,,,,,,,,,,,,,-2.059334696461089
927,220,Niko Goodrum,DET| HOU| ANA| TBA,90,7,SWITCH,325,290,62,39,9,33,29,14,5,0.214,SS,-2.033,-1.249,-1.859,0.661,-1.089,-5.569,-0.8799999999999999,4.689,-2.215421189346889,,,,,,,,,,,,,,,,,,,,,,,,,,,,,,,,,,,-2.215421189346889
928,223,Jeff McNeil,NYN,120,1,LEFT,426,386,97,48,7,35,29,3,0,0.251,2B| LF,-1.536,-1.444,-1.763,-0.644,-0.344,-5.731,-0.9409999999999998,4.79,-2.368990158153889,,,,,,,,,,,,,,,,,,,,,,,,,,,,,,,,,,,-2.368990158153889
929,222,Paul DeJong,WAS| SLN| SFN| TOR| CHA| KCA,113,7,RIGHT,402,356,70,44,19,45,35,4,1,0.197,SS,-1.757,-0.277,-1.282,-0.525,-1.804,-5.644,-0.955,4.689,-2.404235495257136,,,,,,,,,,,,,,,,,,,,,,,,,,,,,,,,,,,-2.404235495257136
930,418,Seby Zavala,CHA| ARI| SEA,35,9,RIGHT,104,93,17,15,5,15,6,0,0,0.183,CC,-3.358,-1.638,-2.726,-1.0,-0.569,-9.292,-0.9830000000000004,8.309,-2.474726169463629,,,,,,,,,,,,,,,,,,,,,,,,,,,,,,,,,,,-2.474726169463629
931,421,Tomas Nido,DET| NYN| CHN,53,8,RIGHT,161,153,34,16,3,13,5,1,0,0.222,CC,-3.303,-1.833,-2.822,-0.881,-0.476,-9.315,-1.0060000000000002,8.309,-2.5326292232761034,,,,,,,,,,,,,,,,,,,,,,,,,,,,,,,,,,,-2.5326292232761034
932,228,Harold Ramirez,MIA| CLE| TBA| WAS,96,5,RIGHT,361,339,91,32,7,41,14,3,1,0.268,CF| LF| RF,-2.419,-1.444,-1.474,-0.644,0.141,-5.84,-1.0499999999999998,4.79,-2.643400282743447,,,,,,,,,,,,,,,,,,,,,,,,,,,,,,,,,,,-2.643400282743447
933,230,Yadiel Hernandez,WAS,112,9,LEFT,289,264,72,33,9,32,22,3,0,0.273,LF,-2.364,-1.249,-1.908,-0.644,0.197,-5.968,-1.178,4.79,-2.965643364830268,,,,,,,,,,,,,,,,,,,,,,,,,,,,,,,,,,,-2.965643364830268
934,231,Jurickson Profar,ATL| SDN| COL,137,9,SWITCH,412,353,80,47,4,33,49,10,5,0.227,LF| 1B| RF| CF,-1.591,-1.735,-1.859,0.187,-0.98,-5.979,-1.189,4.79,-2.993336129697104,,,,,,,,,,,,,,,,,,,,,,,,,,,,,,,,,,,-2.993336129697104
935,232,Matt Beaty,LAN| SDN| KCA| SFN,118,9,LEFT,234,204,55,33,7,40,20,2,2,0.27,1B| LF,-2.364,-1.444,-1.522,-0.763,0.103,-5.99,-1.2000000000000002,4.79,-3.0210288945639405,,,,,,,,,,,,,,,,,,,,,,,,,,,,,,,,,,,-3.0210288945639405
936,234,Brett Gardner,NYA,132,9,LEFT,461,387,86,47,10,39,60,4,0,0.222,LF| CF,-1.591,-1.152,-1.57,-0.525,-1.204,-6.043,-1.253,4.79,-3.154457670740514,,,,,,,,,,,,,,,,,,,,,,,,,,,,,,,,,,,-3.154457670740514
937,446,Austin Wynns,ATH| CIN| BAL| SFN| COL| LAN,42,9,RIGHT,139,130,24,14,4,14,8,1,0,0.185,CC,-3.413,-1.735,-2.774,-0.881,-0.778,-9.582,-1.2730000000000017,8.309,-3.2048081523165832,,,,,,,,,,,,,,,,,,,,,,,,,,,,,,,,,,,-3.2048081523165832
938,205,Christian Walker,HOU| ARI,115,4,RIGHT,445,401,98,55,10,46,38,0,0,0.244,1B,-1.149,-1.152,-1.233,-1.0,-0.569,-5.104,-1.29,3.814,-3.2476060616562354,,,,,,,,,,,,,,,,,,,,,,,,,,,,,,,,,,,-3.2476060616562354
939,233,Ramon Urias,BAL| HOU,83,6,RIGHT,296,262,73,33,7,38,28,1,2,0.279,2B| SS,-2.364,-1.444,-1.619,-0.881,0.313,-5.995,-1.306,4.689,-3.287886446917088,,,,,,,,,,,,,,,,,,,,,,,,,,,,,,,,,,,-3.287886446917088
940,450,Tres Barrera,WAS| SLN,29,8,RIGHT,107,91,24,8,2,10,12,0,0,0.264,CC,-3.745,-1.93,-2.967,-1.0,0.005,-9.636,-1.327,8.309,-3.340754452571957,,,,,,,,,,,,,,,,,,,,,,,,,,,,,,,,,,,-3.340754452571957
941,451,Roberto Perez,CLE| PIT| SFN,44,8,RIGHT,161,141,21,13,7,17,17,1,0,0.149,CC,-3.468,-1.444,-2.63,-0.881,-1.228,-9.651,-1.3420000000000003,8.309,-3.378517313754008,,,,,,,,,,,,,,,,,,,,,,,,,,,,,,,,,,,-3.378517313754008
942,240,Alex Dickerson,SFN| ATL,111,4,LEFT,312,283,66,37,13,38,23,1,0,0.233,LF,-2.143,-0.86,-1.619,-0.881,-0.643,-6.147,-1.3570000000000002,4.79,-3.416280174936056,,,,,,,,,,,,,,,,,,,,,,,,,,,,,,,,,,,-3.416280174936056
943,454,Riley Adams,WAS| TOR,43,8,RIGHT,120,99,22,13,2,10,15,0,0,0.222,CC,-3.468,-1.93,-2.967,-1.0,-0.308,-9.673,-1.3640000000000008,8.309,-3.4339028434876804,,,,,,,,,,,,,,,,,,,,,,,,,,,,,,,,,,,-3.4339028434876804
944,236,Edmundo Sosa,PHI| SLN,109,7,RIGHT,326,288,78,39,6,27,17,4,4,0.271,SS| 2B,-2.033,-1.541,-2.148,-0.525,0.173,-6.075,-1.386,4.689,-3.489288373221351,,,,,,,,,,,,,,,,,,,,,,,,,,,,,,,,,,,-3.489288373221351
945,241,Garrett Cooper,MIA| SDN| BOS| CHN,71,3,RIGHT,250,215,61,30,9,33,30,1,1,0.284,RF,-2.53,-1.249,-1.859,-0.881,0.341,-6.179,-1.3890000000000002,4.79,-3.496840945457761,,,,,,,,,,,,,,,,,,,,,,,,,,,,,,,,,,,-3.496840945457761
946,238,Didi Gregorius,PHI,103,6,LEFT,408,368,77,35,13,54,25,3,0,0.209,SS,-2.254,-0.86,-0.848,-0.644,-1.51,-6.116,-1.4269999999999996,4.689,-3.5925068604522843,,,,,,,,,,,,,,,,,,,,,,,,,,,,,,,,,,,-3.5925068604522843
947,244,Sam Hilliard,COL| ATL,78,7,LEFT,238,214,46,31,14,34,23,5,0,0.215,CF,-2.475,-0.763,-1.811,-0.407,-0.785,-6.24,-1.4500000000000002,4.79,-3.6504099142647615,,,,,,,,,,,,,,,,,,,,,,,,,,,,,,,,,,,-3.6504099142647615
948,243,Harold Castro,DET| COL,102,6,LEFT,339,315,89,34,3,37,14,1,1,0.283,SS| 2B,-2.309,-1.833,-1.667,-0.881,0.471,-6.219,-1.5300000000000002,4.689,-3.851811840569024,,,,,,,,,,,,,,,,,,,,,,,,,,,,,,,,,,,-3.851811840569024
949,247,Jake Fraley,ATL| CIN| SEA,77,6,LEFT,265,214,45,27,9,36,46,10,2,0.21,LF,-2.695,-1.249,-1.715,0.187,-0.861,-6.334,-1.5439999999999996,4.79,-3.887057177672269,,,,,,,,,,,,,,,,,,,,,,,,,,,,,,,,,,,-3.887057177672269
950,467,Rene Rivera,NYN| CLE| WAS,24,8,RIGHT,78,69,16,8,2,9,4,0,0,0.232,CC,-3.745,-1.93,-3.015,-1.0,-0.164,-9.853,-1.5440000000000005,8.309,-3.887057177672271,,,,,,,,,,,,,,,,,,,,,,,,,,,,,,,,,,,-3.887057177672271
951,248,Aledmys Diaz,HOU| OAK,84,7,RIGHT,319,294,76,28,8,45,16,0,1,0.259,3B,-2.64,-1.347,-1.282,-1.0,-0.1,-6.369,-1.5789999999999995,4.79,-3.975170520430384,,,,,,,,,,,,,,,,,,,,,,,,,,,,,,,,,,,-3.975170520430384
952,250,Jesus Sanchez,HOU| MIA,64,4,LEFT,251,227,57,27,14,36,20,0,1,0.251,RF| LF,-2.695,-0.763,-1.715,-1.0,-0.206,-6.379,-1.5889999999999995,4.79,-4.000345761218416,,,,,,,,,,,,,,,,,,,,,,,,,,,,,,,,,,,-4.000345761218416
953,215,Albert Pujols,ANA| LAN| SLN,108,9,RIGHT,296,275,65,29,17,50,14,2,0,0.236,1B,-2.585,-0.472,-1.041,-0.763,-0.559,-5.419,-1.6049999999999995,3.814,-4.040626146479268,,,,,,,,,,,,,,,,,,,,,,,,,,,,,,,,,,,-4.040626146479268
954,251,Ben Gamel,MIL| CLE| PIT| SDN| HOU| NYN,120,5,LEFT,400,340,84,43,8,26,51,3,6,0.247,LF,-1.812,-1.347,-2.196,-0.644,-0.413,-6.412,-1.622,4.79,-4.083424055818925,,,,,,,,,,,,,,,,,,,,,,,,,,,,,,,,,,,-4.083424055818925
955,470,Cam Gallagher,KCA| CLE,43,8,RIGHT,124,112,28,9,1,7,8,0,0,0.25,CC,-3.689,-2.027,-3.111,-1.0,-0.111,-9.939,-1.6300000000000008,8.309,-4.103564248449354,,,,,,,,,,,,,,,,,,,,,,,,,,,,,,,,,,,-4.103564248449354
956,471,Michael Perez,TBA| PIT| NYN,69,8,LEFT,231,210,30,19,7,21,19,0,1,0.143,CC,-3.137,-1.444,-2.437,-1.0,-1.926,-9.944,-1.6350000000000016,8.309,-4.116151868843372,,,,,,,,,,,,,,,,,,,,,,,,,,,,,,,,,,,-4.116151868843372
957,253,Jarred Kelenic,ATL| SEA,92,7,LEFT,377,337,61,41,14,43,36,6,4,0.181,CF,-1.922,-0.763,-1.378,-0.288,-2.109,-6.461,-1.6710000000000005,4.79,-4.206782735680287,,,,,,,,,,,,,,,,,,,,,,,,,,,,,,,,,,,-4.206782735680287
958,249,Kevin Newman,ANA| PIT| CIN| ARI,148,7,RIGHT,554,517,117,50,5,39,27,6,1,0.226,SS,-1.425,-1.638,-1.57,-0.288,-1.448,-6.37,-1.681,4.689,-4.231957976468319,,,,,,,,,,,,,,,,,,,,,,,,,,,,,,,,,,,-4.231957976468319
959,227,Jace Peterson,MIL| ARI| OAK,93,6,LEFT,302,259,64,36,6,31,38,10,1,0.247,2B| 1B,-2.198,-1.541,-1.956,0.187,-0.314,-5.822,-1.7460000000000004,4.076,-4.395597041590534,,,,,,,,,,,,,,,,,,,,,,,,,,,,,,,,,,,-4.395597041590534
960,252,Nick Ahmed,TEX| ARI| LAN| SDN| SFN,127,7,RIGHT,473,434,96,46,5,38,34,7,2,0.221,SS,-1.646,-1.638,-1.619,-0.169,-1.385,-6.457,-1.7679999999999998,4.689,-4.450982571324205,,,,,,,,,,,,,,,,,,,,,,,,,,,,,,,,,,,-4.450982571324205
961,484,Aramis Garcia,ARI| OAK| CIN| PHI,31,9,RIGHT,94,88,18,8,3,7,1,0,0,0.205,CC,-3.745,-1.833,-3.111,-1.0,-0.393,-10.081,-1.7720000000000002,8.309,-4.461052667639419,,,,,,,,,,,,,,,,,,,,,,,,,,,,,,,,,,,-4.461052667639419
962,485,Grayson Greiner,DET| ARI,28,8,RIGHT,82,72,17,7,1,7,9,0,0,0.236,CC,-3.8,-2.027,-3.111,-1.0,-0.148,-10.086,-1.777000000000001,8.309,-4.473640288033437,,,,,,,,,,,,,,,,,,,,,,,,,,,,,,,,,,,-4.473640288033437
963,255,Jack Mayfield,HOU| ANA| SEA,82,9,RIGHT,290,266,58,30,10,39,17,5,0,0.218,3B,-2.53,-1.152,-1.57,-0.407,-0.913,-6.572,-1.782,4.79,-4.486227908427451,,,,,,,,,,,,,,,,,,,,,,,,,,,,,,,,,,,-4.486227908427451
964,256,Lane Thomas,CLE| SLN| WAS,74,1,RIGHT,264,226,53,35,7,28,37,6,3,0.235,CF,-2.254,-1.444,-2.1,-0.288,-0.491,-6.577,-1.787,4.79,-4.498815528821467,,,,,,,,,,,,,,,,,,,,,,,,,,,,,,,,,,,-4.498815528821467
965,487,Sandy Leon,ATL| CLE| MIA| MIN| TEX,81,7,SWITCH,220,202,37,15,4,14,12,0,0,0.183,CC,-3.358,-1.735,-2.774,-1.0,-1.231,-10.099,-1.790000000000001,8.309,-4.50636810105788,,,,,,,,,,,,,,,,,,,,,,,,,,,,,,,,,,,-4.50636810105788
966,257,Rougned Odor,TEX| NYA| BAL| SDN,99,6,LEFT,361,322,65,42,15,39,27,0,1,0.202,2B| 3B,-1.867,-0.666,-1.57,-1.0,-1.503,-6.606,-1.816,4.79,-4.5718237271067625,,,,,,,,,,,,,,,,,,,,,,,,,,,,,,,,,,,-4.5718237271067625
967,258,Santiago Espinal,CIN| TOR,79,8,RIGHT,246,222,69,29,2,17,22,6,1,0.311,3B,-2.585,-1.93,-2.63,-0.288,0.811,-6.622,-1.832,4.79,-4.612104112367614,,,,,,,,,,,,,,,,,,,,,,,,,,,,,,,,,,,-4.612104112367614
968,491,Webster Rivas,SDN,22,8,RIGHT,77,68,15,8,2,4,8,0,0,0.221,CC,-3.745,-1.93,-3.256,-1.0,-0.22,-10.15,-1.841000000000001,8.309,-4.634761829076847,,,,,,,,,,,,,,,,,,,,,,,,,,,,,,,,,,,-4.634761829076847
969,259,Taylor Ward,ANA,62,7,RIGHT,237,208,52,33,8,33,20,1,1,0.25,RF,-2.364,-1.347,-1.859,-0.881,-0.206,-6.658,-1.8680000000000003,4.79,-4.702734979204534,,,,,,,,,,,,,,,,,,,,,,,,,,,,,,,,,,,-4.702734979204534
970,260,Juan Lagares,NYN| ANA,96,8,RIGHT,327,309,73,39,6,38,12,1,2,0.236,RF| CF,-2.033,-1.541,-1.619,-0.881,-0.631,-6.705,-1.915,4.79,-4.821058610908287,,,,,,,,,,,,,,,,,,,,,,,,,,,,,,,,,,,-4.821058610908287
971,261,Ronald Torreyes,PHI,110,8,RIGHT,344,318,77,30,7,41,19,2,1,0.242,SS| 3B,-2.53,-1.444,-1.474,-0.763,-0.506,-6.716,-1.926,4.79,-4.848751375775124,,,,,,,,,,,,,,,,,,,,,,,,,,,,,,,,,,,-4.848751375775124
972,263,Connor Joe,CIN| SDN| COL| PIT,63,1,RIGHT,211,179,51,23,8,35,26,0,0,0.285,LF,-2.916,-1.347,-1.763,-1.0,0.3,-6.726,-1.936,4.79,-4.873926616563156,,,,,,,,,,,,,,,,,,,,,,,,,,,,,,,,,,,-4.873926616563156
973,224,Colin Moran,PIT| CIN,99,4,LEFT,359,318,82,29,10,50,36,1,0,0.258,1B,-2.585,-1.152,-1.041,-0.881,-0.124,-5.783,-1.9690000000000003,3.814,-4.957004911163666,,,,,,,,,,,,,,,,,,,,,,,,,,,,,,,,,,,-4.957004911163666
974,235,Donovan Solano,SEA| TEX| SFN| CIN| MIN| SDN,100,6,RIGHT,344,307,86,34,7,31,25,2,0,0.28,2B,-2.309,-1.444,-1.956,-0.763,0.402,-6.069,-1.9930000000000003,4.076,-5.017425489054944,,,,,,,,,,,,,,,,,,,,,,,,,,,,,,,,,,,-5.017425489054944
975,266,Starlin Castro,WAS,87,5,RIGHT,346,315,89,25,3,38,26,0,1,0.283,3B,-2.806,-1.833,-1.619,-1.0,0.471,-6.787,-1.997,4.79,-5.027495585370157,,,,,,,,,,,,,,,,,,,,,,,,,,,,,,,,,,,-5.027495585370157
976,508,Andrew Knizner,SFN| SLN| TEX,60,8,RIGHT,185,161,28,18,1,9,20,0,0,0.174,CC,-3.192,-2.027,-3.015,-1.0,-1.095,-10.329,-2.0200000000000014,8.309,-5.085398639182635,,,,,,,,,,,,,,,,,,,,,,,,,,,,,,,,,,,-5.085398639182635
977,515,Austin Romine,DET| CHN| ANA| CIN| SLN,27,9,RIGHT,62,60,13,5,1,5,2,0,0,0.217,CC,-3.91,-2.027,-3.208,-1.0,-0.212,-10.357,-2.048,8.309,-5.155889313389125,,,,,,,,,,,,,,,,,,,,,,,,,,,,,,,,,,,-5.155889313389125
978,268,Asdrubal Cabrera,WAS| ARI| CIN,110,3,SWITCH,352,309,71,34,7,42,36,1,0,0.23,3B,-2.309,-1.444,-1.426,-0.881,-0.783,-6.843,-2.053,4.79,-5.168476933783141,,,,,,,,,,,,,,,,,,,,,,,,,,,,,,,,,,,-5.168476933783141
979,517,Ben Rortvedt,LAN| TBA| MIN| NYA,36,8,LEFT,98,89,15,7,3,7,6,0,0,0.169,CC,-3.8,-1.833,-3.111,-1.0,-0.642,-10.386,-2.077,8.309,-5.228897511674419,,,,,,,,,,,,,,,,,,,,,,,,,,,,,,,,,,,-5.228897511674419
980,519,Alex Jackson,BAL| ATL| MIA| MIL| TBA,50,7,RIGHT,151,131,18,13,3,12,13,0,0,0.137,CC,-3.468,-1.833,-2.871,-1.0,-1.256,-10.428,-2.119000000000001,8.309,-5.334633522984161,,,,,,,,,,,,,,,,,,,,,,,,,,,,,,,,,,,-5.334633522984161
981,521,Alex Avila,MIN| WAS,34,7,LEFT,111,89,17,5,1,9,19,0,0,0.191,CC,-3.91,-2.027,-3.015,-1.0,-0.489,-10.441,-2.132000000000001,8.309,-5.367361336008604,,,,,,,,,,,,,,,,,,,,,,,,,,,,,,,,,,,-5.367361336008604
982,527,Patrick Mazeika,NYN,36,8,LEFT,87,79,15,6,1,6,4,0,0,0.19,CC,-3.855,-2.027,-3.16,-1.0,-0.441,-10.483,-2.1740000000000013,8.309,-5.473097347318341,,,,,,,,,,,,,,,,,,,,,,,,,,,,,,,,,,,-5.473097347318341
983,272,Eloy Jimenez,CHA| BAL,55,4,RIGHT,231,213,53,23,10,37,16,0,0,0.249,LF,-2.916,-1.152,-1.667,-1.0,-0.23,-6.965,-2.175,4.79,-5.47561487139714,,,,,,,,,,,,,,,,,,,,,,,,,,,,,,,,,,,-5.47561487139714
984,530,Cal Raleigh,SEA,45,9,SWITCH,148,139,25,6,2,13,7,0,0,0.18,CC,-3.855,-1.93,-2.822,-1.0,-0.882,-10.49,-2.181000000000001,8.309,-5.490720015869964,,,,,,,,,,,,,,,,,,,,,,,,,,,,,,,,,,,-5.490720015869964
985,273,Mike Trout,ANA,36,3,RIGHT,146,117,39,23,8,18,27,2,0,0.333,CF,-2.916,-1.347,-2.582,-0.763,0.629,-6.979,-2.189,4.79,-5.510860208500388,,,,,,,,,,,,,,,,,,,,,,,,,,,,,,,,,,,-5.510860208500388
986,274,Yonathan Daza,COL,105,9,RIGHT,331,301,85,26,2,30,21,2,1,0.282,CF| RF,-2.751,-1.93,-2.004,-0.763,0.446,-7.001,-2.2110000000000003,4.79,-5.56624573823406,,,,,,,,,,,,,,,,,,,,,,,,,,,,,,,,,,,-5.56624573823406
987,535,Andrew Knapp,PHI| PIT| SEA| SFN,56,7,SWITCH,159,145,22,13,2,11,10,0,0,0.152,CC,-3.468,-1.93,-2.919,-1.0,-1.232,-10.549,-2.24,8.309,-5.639253936519356,,,,,,,,,,,,,,,,,,,,,,,,,,,,,,,,,,,-5.639253936519356
988,237,Ryan Zimmerman,WAS,110,9,RIGHT,273,255,62,27,14,46,16,0,0,0.243,1B,-2.695,-0.763,-1.233,-1.0,-0.386,-6.078,-2.264,3.814,-5.699674514410634,,,,,,,,,,,,,,,,,,,,,,,,,,,,,,,,,,,-5.699674514410634
989,276,DJ Peters,LAN| TEX,67,4,RIGHT,240,223,44,27,13,38,12,2,0,0.197,CF| LF,-2.695,-0.86,-1.619,-0.763,-1.118,-7.055,-2.265,4.79,-5.702192038489436,,,,,,,,,,,,,,,,,,,,,,,,,,,,,,,,,,,-5.702192038489436
990,277,Brian Anderson,MIA| MIL| ATL,66,5,RIGHT,264,233,58,24,7,28,26,5,0,0.249,3B,-2.861,-1.444,-2.1,-0.407,-0.25,-7.062,-2.272,4.79,-5.719814707041061,,,,,,,,,,,,,,,,,,,,,,,,,,,,,,,,,,,-5.719814707041061
991,278,DJ Stewart,BAL| NYN,99,5,LEFT,318,270,55,39,12,33,44,0,0,0.204,LF| RF,-2.033,-0.958,-1.859,-1.0,-1.222,-7.072,-2.282,4.79,-5.744989947829093,,,,,,,,,,,,,,,,,,,,,,,,,,,,,,,,,,,-5.744989947829093
992,279,Adalberto Mondesi,KCA,34,6,SWITCH,136,126,29,19,6,17,6,13,1,0.23,3B,-3.137,-1.541,-2.63,0.543,-0.316,-7.081,-2.2910000000000004,4.79,-5.767647664538323,,,,,,,,,,,,,,,,,,,,,,,,,,,,,,,,,,,-5.767647664538323
993,280,Alex Kirilloff,MIN,59,5,LEFT,231,215,54,23,8,34,14,1,1,0.251,1B| RF,-2.916,-1.347,-1.811,-0.881,-0.194,-7.149,-2.359,4.79,-5.938839301896945,,,,,,,,,,,,,,,,,,,,,,,,,,,,,,,,,,,-5.938839301896945
994,242,Ji Man Choi,TBA| PIT| SDN,82,2,LEFT,305,258,59,36,11,45,45,0,0,0.229,1B,-2.198,-1.055,-1.282,-1.0,-0.676,-6.211,-2.397,3.814,-6.03450521689147,,,,,,,,,,,,,,,,,,,,,,,,,,,,,,,,,,,-6.03450521689147
995,283,Jason Heyward,SDN| CHN| LAN| HOU,101,6,LEFT,353,323,69,35,8,30,27,5,1,0.214,RF,-2.254,-1.347,-2.004,-0.407,-1.217,-7.228,-2.438,4.79,-6.137723704122404,,,,,,,,,,,,,,,,,,,,,,,,,,,,,,,,,,,-6.137723704122404
996,246,Bobby Bradley,CLE,74,5,LEFT,279,245,51,36,16,41,25,0,0,0.208,1B,-2.198,-0.569,-1.474,-1.0,-1.025,-6.267,-2.4530000000000003,3.814,-6.175486565304455,,,,,,,,,,,,,,,,,,,,,,,,,,,,,,,,,,,-6.175486565304455
997,285,Maikel Franco,KCA| BAL| WAS,103,7,RIGHT,403,377,79,31,11,47,20,0,0,0.21,3B,-2.475,-1.055,-1.185,-1.0,-1.538,-7.253,-2.463,4.79,-6.200661806092487,,,,,,,,,,,,,,,,,,,,,,,,,,,,,,,,,,,-6.200661806092487
998,286,Adam Engel,CHA| SDN,38,2,RIGHT,140,123,31,21,7,18,11,7,1,0.252,CF,-3.027,-1.444,-2.582,-0.169,-0.103,-7.324,-2.534,4.79,-6.379406015687519,,,,,,,,,,,,,,,,,,,,,,,,,,,,,,,,,,,-6.379406015687519
999,579,Kevan Smith,TBA| ATL,32,8,RIGHT,106,95,16,8,0,3,10,0,0,0.168,CC,-3.745,-2.124,-3.304,-1.0,-0.686,-10.859,-2.5500000000000007,8.309,-6.419686400948375,,,,,,,,,,,,,,,,,,,,,,,,,,,,,,,,,,,-6.419686400948375
1000,287,Victor Reyes,DET,69,9,SWITCH,220,209,54,24,5,22,8,5,1,0.258,RF| CF,-2.861,-1.638,-2.389,-0.407,-0.073,-7.368,-2.5780000000000003,4.79,-6.4901770751548655,,,,,,,,,,,,,,,,,,,,,,,,,,,,,,,,,,,-6.4901770751548655
1001,289,Brian Goodwin,ANA| CIN| CHA,70,4,LEFT,271,235,52,33,8,29,33,1,0,0.221,CF| RF,-2.364,-1.347,-2.052,-0.881,-0.748,-7.392,-2.6020000000000003,4.79,-6.550597653046144,,,,,,,,,,,,,,,,,,,,,,,,,,,,,,,,,,,-6.550597653046144
1002,290,Jake Meyers,HOU,45,8,RIGHT,163,146,38,20,6,28,10,3,0,0.26,CF,-3.082,-1.541,-2.1,-0.644,-0.03,-7.397,-2.607,4.79,-6.56318527344016,,,,,,,,,,,,,,,,,,,,,,,,,,,,,,,,,,,-6.56318527344016
1003,589,Chance Sisco,BAL| NYN,26,8,LEFT,83,74,11,5,0,4,7,0,0,0.149,CC,-3.91,-2.124,-3.256,-1.0,-0.646,-10.936,-2.6270000000000007,8.309,-6.613535755016227,,,,,,,,,,,,,,,,,,,,,,,,,,,,,,,,,,,-6.613535755016227
1004,292,Chad Pinder,OAK,74,5,RIGHT,233,214,52,30,6,27,16,1,0,0.243,RF,-2.53,-1.541,-2.148,-0.881,-0.327,-7.427,-2.637,4.79,-6.638710995804257,,,,,,,,,,,,,,,,,,,,,,,,,,,,,,,,,,,-6.638710995804257
1005,293,Nick Gordon,MIN| MIA,68,7,LEFT,216,200,48,18,4,23,12,10,1,0.24,CF,-3.192,-1.735,-2.341,0.187,-0.351,-7.433,-2.643,4.79,-6.653816140277077,,,,,,,,,,,,,,,,,,,,,,,,,,,,,,,,,,,-6.653816140277077
1006,296,Adam Eaton,WAS| ANA| CHA,78,2,LEFT,288,254,51,38,6,30,22,3,0,0.201,RF,-2.088,-1.541,-2.004,-0.644,-1.206,-7.483,-2.693,4.79,-6.779692344217241,,,,,,,,,,,,,,,,,,,,,,,,,,,,,,,,,,,-6.779692344217241
1007,297,Jon Berti,CHN| MIA| NYA,85,8,RIGHT,271,233,49,35,4,19,32,8,4,0.21,3B| 2B,-2.254,-1.735,-2.534,-0.051,-0.937,-7.51,-2.72,4.79,-6.84766549434493,,,,,,,,,,,,,,,,,,,,,,,,,,,,,,,,,,,-6.84766549434493
1008,254,Rowdy Tellez,SEA| TEX| TOR| MIL| PIT,106,7,LEFT,325,297,72,34,11,36,23,0,0,0.242,1B,-2.309,-1.055,-1.715,-1.0,-0.466,-6.545,-2.731,3.814,-6.875358259211766,,,,,,,,,,,,,,,,,,,,,,,,,,,,,,,,,,,-6.875358259211766
1009,299,Guillermo Heredia,NYN| PIT| ATL,105,8,RIGHT,347,305,67,45,5,26,32,0,0,0.22,CF| LF,-1.702,-1.638,-2.196,-1.0,-1.009,-7.545,-2.755,4.79,-6.9357788371030455,,,,,,,,,,,,,,,,,,,,,,,,,,,,,,,,,,,-6.9357788371030455
1010,301,Oscar Mercado,CLE| PHI| SLN,70,6,RIGHT,238,214,48,27,6,19,21,7,1,0.224,LF| RF,-2.695,-1.541,-2.534,-0.169,-0.632,-7.571,-2.781,4.79,-7.00123446315193,,,,,,,,,,,,,,,,,,,,,,,,,,,,,,,,,,,-7.00123446315193
1011,302,Josh Naylor,ARI| SEA| CLE| SDN,68,6,LEFT,250,233,59,28,7,21,14,1,0,0.253,RF,-2.64,-1.444,-2.437,-0.881,-0.174,-7.576,-2.786,4.79,-7.013822083545946,,,,,,,,,,,,,,,,,,,,,,,,,,,,,,,,,,,-7.013822083545946
1012,303,Anthony Rendon,ANA,58,3,RIGHT,249,217,52,24,6,34,29,0,0,0.24,3B,-2.861,-1.541,-1.811,-1.0,-0.387,-7.6,-2.81,4.79,-7.074242661437225,,,,,,,,,,,,,,,,,,,,,,,,,,,,,,,,,,,-7.074242661437225
1013,305,Brandon Marsh,PHI| ANA,67,7,LEFT,260,236,60,27,2,19,20,6,1,0.254,CF,-2.695,-1.93,-2.534,-0.288,-0.158,-7.604,-2.814,4.79,-7.084312757752439,,,,,,,,,,,,,,,,,,,,,,,,,,,,,,,,,,,-7.084312757752439
1014,304,Hanser Alberto,BAL| KCA| LAN| CHA,96,8,RIGHT,255,241,65,24,2,24,4,3,1,0.27,3B| 2B,-2.861,-1.93,-2.293,-0.644,0.124,-7.604,-2.814,4.79,-7.084312757752439,,,,,,,,,,,,,,,,,,,,,,,,,,,,,,,,,,,-7.084312757752439
1015,306,Ha-Seong Kim,ATL| TBA| SDN,114,9,RIGHT,298,267,54,25,8,34,22,5,1,0.202,2B| SS| 3B,-2.806,-1.347,-1.811,-0.407,-1.238,-7.608,-2.818,4.79,-7.094382854067652,,,,,,,,,,,,,,,,,,,,,,,,,,,,,,,,,,,-7.094382854067652
1016,308,Charlie Culberson,ATL| TEX,86,8,RIGHT,271,247,60,23,5,22,17,6,1,0.243,3B,-2.916,-1.638,-2.389,-0.288,-0.378,-7.61,-2.8200000000000003,4.79,-7.09941790222526,,,,,,,,,,,,,,,,,,,,,,,,,,,,,,,,,,,-7.09941790222526
1017,269,Andy Ibanez,DET| TEX,76,5,RIGHT,272,253,70,31,7,25,15,0,0,0.277,2B,-2.475,-1.444,-2.245,-1.0,0.265,-6.898,-2.822,4.076,-7.104452950382866,,,,,,,,,,,,,,,,,,,,,,,,,,,,,,,,,,,-7.104452950382866
1018,309,Joshua Fuentes,COL,92,7,RIGHT,284,271,61,30,7,33,12,0,0,0.225,3B| 1B,-2.53,-1.444,-1.859,-1.0,-0.784,-7.617,-2.827,4.79,-7.117040570776882,,,,,,,,,,,,,,,,,,,,,,,,,,,,,,,,,,,-7.117040570776882
1019,310,Lewis Brinson,MIA| SFN,83,5,RIGHT,290,274,62,23,9,33,13,1,1,0.226,LF| CF,-2.916,-1.249,-1.859,-0.881,-0.768,-7.674,-2.8840000000000003,4.79,-7.26053944326867,,,,,,,,,,,,,,,,,,,,,,,,,,,,,,,,,,,-7.26053944326867
1020,311,Cavan Biggio,KCA| TOR| ATL| LAN,74,6,LEFT,294,250,56,27,7,27,37,3,1,0.224,3B,-2.695,-1.444,-2.148,-0.644,-0.744,-7.676,-2.886,4.79,-7.265574491426276,,,,,,,,,,,,,,,,,,,,,,,,,,,,,,,,,,,-7.265574491426276
1021,313,Jordan Luplow,CLE| TBA| ARI| MIN| TOR,60,2,RIGHT,193,163,33,23,11,28,28,1,2,0.202,CF,-2.916,-1.055,-2.1,-0.881,-0.753,-7.706,-2.9160000000000004,4.79,-7.341100213790375,,,,,,,,,,,,,,,,,,,,,,,,,,,,,,,,,,,-7.341100213790375
1022,314,Josh VanMeter,ARI| CIN| PIT,111,9,LEFT,310,274,58,26,6,36,33,3,2,0.212,2B| 3B,-2.751,-1.541,-1.715,-0.644,-1.073,-7.724,-2.934,4.79,-7.386415647208834,,,,,,,,,,,,,,,,,,,,,,,,,,,,,,,,,,,-7.386415647208834
1023,265,Yu Chang,CLE| BOS| PIT| TBA,83,7,RIGHT,251,237,54,32,9,39,11,1,0,0.228,1B,-2.419,-1.249,-1.57,-0.881,-0.636,-6.756,-2.942,3.814,-7.40655583983926,,,,,,,,,,,,,,,,,,,,,,,,,,,,,,,,,,,-7.40655583983926
1024,315,Yoshi Tsutsugo,TBA| LAN| PIT,81,2,LEFT,262,230,50,27,8,32,29,0,1,0.217,1B| RF,-2.695,-1.347,-1.908,-1.0,-0.801,-7.75,-2.96,4.79,-7.451871273257718,,,,,,,,,,,,,,,,,,,,,,,,,,,,,,,,,,,-7.451871273257718
1025,316,J. D. Davis,ANA| NYN| SFN| NYA| OAK,72,6,RIGHT,211,179,51,18,5,23,24,1,0,0.285,3B,-3.192,-1.638,-2.341,-0.881,0.3,-7.753,-2.963,4.79,-7.459423845494129,,,,,,,,,,,,,,,,,,,,,,,,,,,,,,,,,,,-7.459423845494129
1026,318,Bryan De La Cruz,ATL| MIA| PIT,56,3,RIGHT,219,199,59,17,5,19,18,1,1,0.296,CF| RF,-3.248,-1.638,-2.534,-0.881,0.509,-7.792,-3.002,4.79,-7.557607284567456,,,,,,,,,,,,,,,,,,,,,,,,,,,,,,,,,,,-7.557607284567456
1027,319,Willie Calhoun,TEX| SFN| NYA| ANA,74,1,LEFT,284,260,65,26,6,25,21,0,2,0.25,DH| LF,-2.751,-1.541,-2.245,-1.0,-0.258,-7.794,-3.004,4.79,-7.562642332725062,,,,,,,,,,,,,,,,,,,,,,,,,,,,,,,,,,,-7.562642332725062
1028,322,Trevor Larnach,MIN,79,3,LEFT,301,260,58,29,7,28,31,1,0,0.223,LF| RF,-2.585,-1.444,-2.1,-0.881,-0.792,-7.802,-3.012,4.79,-7.582782525355488,,,,,,,,,,,,,,,,,,,,,,,,,,,,,,,,,,,-7.582782525355488
1029,324,Cody Bellinger,NYA| LAN| CHN,93,4,LEFT,350,315,52,39,10,36,31,3,1,0.165,CF,-2.033,-1.152,-1.715,-0.644,-2.355,-7.899,-3.109,4.79,-7.826982360999408,,,,,,,,,,,,,,,,,,,,,,,,,,,,,,,,,,,-7.826982360999408
1030,321,Andres Gimenez,TOR| NYN| CLE,63,9,LEFT,210,188,41,21,5,16,11,10,0,0.218,SS| 2B,-3.027,-1.638,-2.678,0.187,-0.644,-7.801,-3.112,4.689,-7.834534933235818,,,,,,,,,,,,,,,,,,,,,,,,,,,,,,,,,,,-7.834534933235818
1031,282,Nick Madrigal,CHA| CHN,53,9,RIGHT,215,200,61,29,2,21,11,1,2,0.305,2B,-2.585,-1.93,-2.437,-0.881,0.642,-7.192,-3.1160000000000005,4.076,-7.844605029551032,,,,,,,,,,,,,,,,,,,,,,,,,,,,,,,,,,,-7.844605029551032
1032,325,Ryan O'Hearn,BAL| SDN| KCA,83,6,LEFT,254,236,53,23,9,29,13,0,0,0.225,DH| RF,-2.916,-1.249,-2.052,-1.0,-0.692,-7.91,-3.12,4.79,-7.854675125866244,,,,,,,,,,,,,,,,,,,,,,,,,,,,,,,,,,,-7.854675125866244
1033,271,Luke Voit,NYA| SDN| WAS| MIL,68,5,RIGHT,241,213,51,26,11,35,21,0,0,0.239,1B,-2.751,-1.055,-1.763,-1.0,-0.383,-6.952,-3.138,3.814,-7.899990559284703,,,,,,,,,,,,,,,,,,,,,,,,,,,,,,,,,,,-7.899990559284703
1034,326,David Bote,CHN,97,7,RIGHT,327,291,58,32,8,35,27,0,1,0.199,2B| 3B,-2.419,-1.347,-1.763,-1.0,-1.415,-7.944,-3.154,4.79,-7.9402709445455555,,,,,,,,,,,,,,,,,,,,,,,,,,,,,,,,,,,-7.9402709445455555
1035,328,Travis Shaw,TOR| BOS| MIL,81,4,LEFT,250,220,44,20,9,39,24,0,0,0.2,3B| 1B,-3.082,-1.249,-1.57,-1.0,-1.058,-7.96,-3.17,4.79,-7.980551329806408,,,,,,,,,,,,,,,,,,,,,,,,,,,,,,,,,,,-7.980551329806408
1036,330,Billy McKinney,TEX| TOR| LAN| MIL| NYN| OAK| NYA| PIT,115,9,LEFT,300,265,51,32,9,27,32,2,0,0.192,LF| RF,-2.419,-1.249,-2.148,-0.763,-1.427,-8.007,-3.217,4.79,-8.09887496151016,,,,,,,,,,,,,,,,,,,,,,,,,,,,,,,,,,,-8.09887496151016
1037,335,Aristides Aquino,CIN,83,9,RIGHT,204,174,33,24,10,23,27,2,2,0.19,RF| LF,-2.861,-1.152,-2.341,-0.763,-0.974,-8.091,-3.3009999999999997,4.79,-8.310346984129636,,,,,,,,,,,,,,,,,,,,,,,,,,,,,,,,,,,-8.310346984129636
1038,336,Victor Robles,SEA| WAS,105,8,RIGHT,369,315,64,37,2,19,33,8,6,0.203,CF,-2.143,-1.93,-2.534,-0.051,-1.438,-8.096,-3.306,4.79,-8.322934604523654,,,,,,,,,,,,,,,,,,,,,,,,,,,,,,,,,,,-8.322934604523654
1039,338,Jo Adell,ANA,35,5,RIGHT,140,130,32,17,4,26,8,2,1,0.246,LF,-3.248,-1.735,-2.196,-0.763,-0.167,-8.109,-3.319,4.79,-8.355662417548098,,,,,,,,,,,,,,,,,,,,,,,,,,,,,,,,,,,-8.355662417548098
1040,339,Jake Marisnick,NYN| CHN| SDN| PIT| CHA| DET| LAN,88,9,RIGHT,198,176,38,21,5,24,11,4,1,0.216,CF,-3.027,-1.638,-2.293,-0.525,-0.633,-8.116,-3.326,4.79,-8.373285086099719,,,,,,,,,,,,,,,,,,,,,,,,,,,,,,,,,,,-8.373285086099719
1041,340,Derek Hill,CHA| MIA| DET| WAS| SFN| TEX,45,9,RIGHT,150,139,36,18,3,14,10,6,3,0.259,CF,-3.192,-1.833,-2.774,-0.288,-0.042,-8.13,-3.3400000000000007,4.79,-8.408530423202969,,,,,,,,,,,,,,,,,,,,,,,,,,,,,,,,,,,-8.408530423202969
1042,342,Zach McKinstry,DET| LAN| CHN,58,8,LEFT,172,158,34,18,7,29,10,1,1,0.215,2B| RF,-3.192,-1.444,-2.052,-0.881,-0.577,-8.146,-3.3560000000000008,4.79,-8.44881080846382,,,,,,,,,,,,,,,,,,,,,,,,,,,,,,,,,,,-8.44881080846382
1043,333,Andrelton Simmons,ANA| MIN| CHN,130,9,RIGHT,451,412,92,37,3,31,32,1,0,0.223,SS,-2.143,-1.833,-1.956,-0.881,-1.248,-8.061,-3.372,4.689,-8.48909119372467,,,,,,,,,,,,,,,,,,,,,,,,,,,,,,,,,,,-8.48909119372467
1044,345,Tyler Wade,SDN| NYA| ANA| OAK,59,9,LEFT,145,127,34,19,0,5,16,10,5,0.268,3B| SS,-3.137,-2.124,-3.208,0.187,0.046,-8.236,-3.4460000000000006,4.79,-8.675387975556117,,,,,,,,,,,,,,,,,,,,,,,,,,,,,,,,,,,-8.675387975556117
1045,300,Tommy La Stella,ANA| OAK| SFN| SEA,76,1,LEFT,242,220,55,26,7,27,18,0,0,0.25,2B,-2.751,-1.444,-2.148,-1.0,-0.218,-7.561,-3.4850000000000003,4.076,-8.773571414629442,,,,,,,,,,,,,,,,,,,,,,,,,,,,,,,,,,,-8.773571414629442
1046,307,Wilmer Difo,WAS| PIT| ARI,115,9,SWITCH,240,219,59,25,4,24,20,1,0,0.269,2B,-2.806,-1.735,-2.293,-0.881,0.108,-7.608,-3.532,4.076,-8.891895046333197,,,,,,,,,,,,,,,,,,,,,,,,,,,,,,,,,,,-8.891895046333197
1047,350,Max Schrock,SLN| CIN,50,9,LEFT,134,125,36,19,3,14,8,1,1,0.288,LF,-3.137,-1.833,-2.774,-0.881,0.239,-8.387,-3.5970000000000004,4.79,-9.055534111455412,,,,,,,,,,,,,,,,,,,,,,,,,,,,,,,,,,,-9.055534111455412
1048,351,Marcell Ozuna,ATL,48,3,RIGHT,208,188,40,21,7,26,19,0,0,0.213,LF,-3.027,-1.444,-2.196,-1.0,-0.721,-8.388,-3.598,4.79,-9.058051635534213,,,,,,,,,,,,,,,,,,,,,,,,,,,,,,,,,,,-9.058051635534213
1049,353,Mauricio Dubon,HOU| SFN,67,8,RIGHT,187,175,42,18,5,22,9,1,1,0.24,CF| SS,-3.192,-1.638,-2.389,-0.881,-0.307,-8.408,-3.618,4.79,-9.108402117110275,,,,,,,,,,,,,,,,,,,,,,,,,,,,,,,,,,,-9.108402117110275
1050,354,Jake Bauers,MIL| CLE| SEA| NYA,112,7,LEFT,315,282,59,27,4,19,30,6,1,0.209,1B| RF| LF,-2.695,-1.735,-2.534,-0.288,-1.158,-8.41,-3.62,4.79,-9.113437165267886,,,,,,,,,,,,,,,,,,,,,,,,,,,,,,,,,,,-9.113437165267886
1051,312,Christian Arroyo,BOS| CLE,55,7,RIGHT,181,164,43,21,6,25,8,1,0,0.262,2B,-3.027,-1.541,-2.245,-0.881,-0.01,-7.703,-3.6270000000000007,4.076,-9.13105983381951,,,,,,,,,,,,,,,,,,,,,,,,,,,,,,,,,,,-9.13105983381951
1052,356,Travis Jankowski,CHA| NYN| TBA| CIN| PHI| SEA| TEX,66,9,LEFT,157,131,33,22,1,10,22,5,0,0.252,CF,-2.971,-2.027,-2.967,-0.407,-0.111,-8.483,-3.693000000000001,4.79,-9.297216423020526,,,,,,,,,,,,,,,,,,,,,,,,,,,,,,,,,,,-9.297216423020526
1053,361,Andrew Stevenson,WAS| MIN,101,9,LEFT,213,192,44,18,5,23,13,1,1,0.229,LF| CF,-3.192,-1.638,-2.341,-0.881,-0.496,-8.549,-3.759,4.79,-9.46337301222154,,,,,,,,,,,,,,,,,,,,,,,,,,,,,,,,,,,-9.46337301222154
1054,362,Willians Astudillo,MIN| MIA,70,7,RIGHT,216,208,49,17,7,21,3,0,0,0.236,3B| 1B,-3.248,-1.444,-2.437,-1.0,-0.435,-8.564,-3.774,4.79,-9.501135873403593,,,,,,,,,,,,,,,,,,,,,,,,,,,,,,,,,,,-9.501135873403593
1055,363,Billy Hamilton,CHN| NYN| CHA| MIA| MIN,61,8,SWITCH,135,127,28,19,2,11,4,7,0,0.22,CF,-3.137,-1.93,-2.919,-0.169,-0.412,-8.567,-3.777,4.79,-9.50868844564,,,,,,,,,,,,,,,,,,,,,,,,,,,,,,,,,,,-9.50868844564
1056,365,Jose Rojas,ANA,58,6,LEFT,184,168,35,24,6,15,15,2,1,0.208,RF,-2.861,-1.541,-2.726,-0.763,-0.701,-8.592,-3.802000000000001,4.79,-9.571626547610084,,,,,,,,,,,,,,,,,,,,,,,,,,,,,,,,,,,-9.571626547610084
1057,366,Brent Rooker,ATH| MIN| KCA| SDN| OAK,58,2,RIGHT,213,189,38,25,9,16,15,0,0,0.201,LF,-2.806,-1.249,-2.678,-1.0,-0.894,-8.627,-3.8370000000000006,4.79,-9.6597398903682,,,,,,,,,,,,,,,,,,,,,,,,,,,,,,,,,,,-9.6597398903682
1058,359,Sergio Alcantara,SFN| DET| CHN| ARI| SDN,84,8,SWITCH,255,220,45,28,5,17,30,3,0,0.205,2B| SS,-2.64,-1.638,-2.63,-0.644,-0.982,-8.534,-3.8450000000000006,4.689,-9.679880082998626,,,,,,,,,,,,,,,,,,,,,,,,,,,,,,,,,,,-9.679880082998626
1059,262,Yermin Mercedes,CHA| SFN,68,5,RIGHT,262,240,65,26,7,37,20,0,1,0.271,DH,-2.751,-1.444,-1.667,-1.0,0.144,-6.717,-3.8565,2.8605,-9.70883160990486,,,,,,,,,,,,,,,,,,,,,,,,,,,,,,,,,,,-9.70883160990486
1060,370,Abraham Almonte,SDN| ATL| BOS| NYN,63,9,SWITCH,175,148,32,20,5,19,26,1,1,0.216,LF,-3.082,-1.638,-2.534,-0.881,-0.528,-8.663,-3.873,4.79,-9.750370757205117,,,,,,,,,,,,,,,,,,,,,,,,,,,,,,,,,,,-9.750370757205117
1061,369,Miguel Andujar,ATH| CIN| NYA| PIT| OAK,44,7,RIGHT,162,154,39,19,6,12,7,0,1,0.253,LF,-3.137,-1.541,-2.871,-1.0,-0.114,-8.663,-3.873,4.79,-9.750370757205117,,,,,,,,,,,,,,,,,,,,,,,,,,,,,,,,,,,-9.750370757205117
1062,327,Luis Garcia,WAS,69,8,LEFT,247,236,57,28,6,22,11,0,2,0.242,2B,-2.64,-1.541,-2.389,-1.0,-0.387,-7.957,-3.881,4.076,-9.770510949835543,,,,,,,,,,,,,,,,,,,,,,,,,,,,,,,,,,,-9.770510949835543
1063,371,Anthony Alford,PIT| TOR,49,9,RIGHT,148,133,31,14,5,11,12,5,6,0.233,LF,-3.413,-1.638,-2.919,-0.407,-0.304,-8.68,-3.89,4.79,-9.793168666544773,,,,,,,,,,,,,,,,,,,,,,,,,,,,,,,,,,,-9.793168666544773
1064,372,Brock Holt,MIL| WAS| TEX,76,8,LEFT,260,235,49,21,2,23,23,5,1,0.209,3B,-3.027,-1.93,-2.341,-0.407,-0.977,-8.682,-3.892,4.79,-9.79820371470238,,,,,,,,,,,,,,,,,,,,,,,,,,,,,,,,,,,-9.79820371470238
1065,373,Carter Kieboom,ANA| WAS,62,6,RIGHT,249,217,45,26,6,20,25,0,0,0.207,3B,-2.751,-1.541,-2.485,-1.0,-0.921,-8.698,-3.908,4.79,-9.838484099963232,,,,,,,,,,,,,,,,,,,,,,,,,,,,,,,,,,,-9.838484099963232
1066,375,Mike Moustakas,CIN| ANA| COL,62,5,LEFT,206,183,38,21,6,22,18,0,0,0.208,3B,-3.027,-1.541,-2.389,-1.0,-0.773,-8.73,-3.94,4.79,-9.919044870484935,,,,,,,,,,,,,,,,,,,,,,,,,,,,,,,,,,,-9.919044870484935
1067,376,Lars Nootbaar,SLN,56,9,LEFT,124,109,26,14,5,15,13,2,1,0.239,RF,-3.413,-1.638,-2.726,-0.763,-0.203,-8.744,-3.954,4.79,-9.954290207588182,,,,,,,,,,,,,,,,,,,,,,,,,,,,,,,,,,,-9.954290207588182
1068,378,Kole Calhoun,ARI| TEX| CLE,51,2,LEFT,182,166,39,17,5,17,15,1,0,0.235,RF,-3.248,-1.638,-2.63,-0.881,-0.355,-8.752,-3.9620000000000006,4.79,-9.97443040021861,,,,,,,,,,,,,,,,,,,,,,,,,,,,,,,,,,,-9.97443040021861
1069,320,Dan Vogelbach,MIL| SEA| TOR| NYN| PIT,93,2,LEFT,258,215,47,30,9,24,43,0,0,0.219,1B,-2.53,-1.249,-2.293,-1.0,-0.728,-7.8,-3.986,3.814,-10.034850978109889,,,,,,,,,,,,,,,,,,,,,,,,,,,,,,,,,,,-10.034850978109889
1070,380,Jackie Bradley,BOS| MIL| TOR| KCA,128,8,LEFT,428,387,63,38,6,29,28,7,1,0.163,CF,-2.088,-1.541,-2.052,-0.169,-2.961,-8.811,-4.021,4.79,-10.122964320868002,,,,,,,,,,,,,,,,,,,,,,,,,,,,,,,,,,,-10.122964320868002
1071,382,Taylor Trammell,HOU| SEA| LAN| NYA,50,7,LEFT,178,156,25,23,8,18,17,2,3,0.16,CF,-2.916,-1.347,-2.582,-0.763,-1.224,-8.831,-4.041,4.79,-10.173314802444066,,,,,,,,,,,,,,,,,,,,,,,,,,,,,,,,,,,-10.173314802444066
1072,383,Josh Reddick,HOU| ARI,54,6,LEFT,158,151,39,14,2,21,6,0,0,0.258,RF,-3.413,-1.93,-2.437,-1.0,-0.054,-8.835,-4.045000000000001,4.79,-10.183384898759282,,,,,,,,,,,,,,,,,,,,,,,,,,,,,,,,,,,-10.183384898759282
1073,384,Yonny Hernandez,TEX| ARI| LAN,42,9,SWITCH,166,143,31,15,0,6,17,11,2,0.217,3B,-3.358,-2.124,-3.16,0.305,-0.504,-8.841,-4.050999999999999,4.79,-10.198490043232098,,,,,,,,,,,,,,,,,,,,,,,,,,,,,,,,,,,-10.198490043232098
1074,385,Kyle Lewis,SEA| ARI,36,4,RIGHT,147,130,32,15,5,11,16,2,0,0.246,CF,-3.358,-1.638,-2.919,-0.763,-0.167,-8.845,-4.055000000000001,4.79,-10.208560139547316,,,,,,,,,,,,,,,,,,,,,,,,,,,,,,,,,,,-10.208560139547316
1075,270,Gavin Sheets,SDN| CHA,54,7,LEFT,179,160,40,23,11,34,16,0,0,0.25,DH,-2.916,-1.055,-1.811,-1.0,-0.159,-6.941,-4.0805,2.8605,-10.272757003556798,,,,,,,,,,,,,,,,,,,,,,,,,,,,,,,,,,,-10.272757003556798
1076,387,Mike Brosseau,TBA| MIL,55,5,RIGHT,169,150,28,21,5,18,15,2,0,0.187,3B| 2B,-3.027,-1.638,-2.582,-0.763,-0.874,-8.883,-4.092999999999999,4.79,-10.304226054541836,,,,,,,,,,,,,,,,,,,,,,,,,,,,,,,,,,,-10.304226054541836
1077,388,Jason Martin,PIT| TEX,54,9,LEFT,154,144,30,13,6,17,8,3,1,0.208,LF,-3.468,-1.541,-2.63,-0.644,-0.601,-8.884,-4.094,4.79,-10.306743578620642,,,,,,,,,,,,,,,,,,,,,,,,,,,,,,,,,,,-10.306743578620642
1078,379,Luis Rengifo,ANA,53,8,SWITCH,190,174,35,22,6,18,9,1,0,0.201,SS,-2.971,-1.541,-2.582,-0.881,-0.821,-8.797,-4.1080000000000005,4.689,-10.341988915723888,,,,,,,,,,,,,,,,,,,,,,,,,,,,,,,,,,,-10.341988915723888
1079,389,Erik Gonzalez,PIT| MIA,71,5,RIGHT,229,220,51,17,2,21,8,2,2,0.232,3B,-3.248,-1.93,-2.437,-0.763,-0.523,-8.901,-4.111,4.79,-10.349541487960296,,,,,,,,,,,,,,,,,,,,,,,,,,,,,,,,,,,-10.349541487960296
1080,390,Eli White,ATL| TEX,61,2,RIGHT,220,198,35,25,6,15,18,4,3,0.177,CF| LF,-2.806,-1.541,-2.726,-0.525,-1.303,-8.902,-4.111999999999999,4.79,-10.3520590120391,,,,,,,,,,,,,,,,,,,,,,,,,,,,,,,,,,,-10.3520590120391
1081,391,Rob Refsnyder,BOS| TEX| MIN,46,8,RIGHT,157,139,34,21,2,12,17,1,0,0.245,CF,-3.027,-1.93,-2.871,-0.881,-0.195,-8.904,-4.114,4.79,-10.357094060196708,,,,,,,,,,,,,,,,,,,,,,,,,,,,,,,,,,,-10.357094060196708
1082,393,Kelvin Gutierrez,KCA| BAL,81,8,RIGHT,295,272,63,22,3,20,19,0,1,0.232,3B,-2.971,-1.833,-2.485,-1.0,-0.651,-8.941,-4.151000000000001,4.79,-10.45024245111243,,,,,,,,,,,,,,,,,,,,,,,,,,,,,,,,,,,-10.45024245111243
1083,344,Nico Hoerner,CHN,44,8,RIGHT,170,149,45,13,0,16,17,5,3,0.302,2B,-3.468,-2.124,-2.678,-0.407,0.444,-8.233,-4.157000000000001,4.076,-10.465347595585252,,,,,,,,,,,,,,,,,,,,,,,,,,,,,,,,,,,-10.465347595585252
1084,348,Marwin Gonzalez,MIN| BOS| HOU| NYA,89,7,SWITCH,307,276,55,29,5,28,20,3,2,0.199,2B,-2.585,-1.638,-2.1,-0.644,-1.343,-8.31,-4.234000000000001,4.076,-10.659196949653104,,,,,,,,,,,,,,,,,,,,,,,,,,,,,,,,,,,-10.659196949653104
1085,396,David Dahl,COL| TEX| SDN| PHI,62,6,LEFT,220,205,43,19,4,18,10,2,1,0.21,LF,-3.137,-1.735,-2.582,-0.763,-0.833,-9.05,-4.260000000000001,4.79,-10.724652575701988,,,,,,,,,,,,,,,,,,,,,,,,,,,,,,,,,,,-10.724652575701988
1086,406,Magneuris Sierra,MIA| ANA,101,9,LEFT,225,209,48,19,0,5,15,7,0,0.23,CF,-3.137,-2.124,-3.208,-0.169,-0.532,-9.17,-4.38,4.79,-11.02675546515838,,,,,,,,,,,,,,,,,,,,,,,,,,,,,,,,,,,-11.02675546515838
1087,408,Stephen Piscotty,OAK,67,7,RIGHT,188,173,38,14,5,16,13,1,0,0.22,RF,-3.413,-1.638,-2.678,-0.881,-0.572,-9.183,-4.393,4.79,-11.059483278182825,,,,,,,,,,,,,,,,,,,,,,,,,,,,,,,,,,,-11.059483278182825
1088,412,Nick Senzel,CIN| CHA| WAS,35,1,RIGHT,124,111,28,17,1,8,12,2,5,0.252,CF,-3.248,-2.027,-3.063,-0.763,-0.091,-9.191,-4.401000000000001,4.79,-11.079623470813251,,,,,,,,,,,,,,,,,,,,,,,,,,,,,,,,,,,-11.079623470813251
1089,415,Shed Long,SEA,34,9,LEFT,121,111,22,13,4,17,9,1,0,0.198,LF,-3.468,-1.735,-2.63,-0.881,-0.549,-9.264,-4.473999999999999,4.79,-11.263402728565888,,,,,,,,,,,,,,,,,,,,,,,,,,,,,,,,,,,-11.263402728565888
1090,364,Jose Peraza,BOS| NYN,63,9,RIGHT,154,142,29,21,6,20,9,1,0,0.204,2B,-3.027,-1.541,-2.485,-0.881,-0.637,-8.571,-4.495,4.076,-11.316270734220758,,,,,,,,,,,,,,,,,,,,,,,,,,,,,,,,,,,-11.316270734220758
1091,417,Clint Frazier,NYA| CHN| CHA,66,7,RIGHT,218,183,34,20,5,15,32,2,0,0.186,LF| RF,-3.082,-1.638,-2.726,-0.763,-1.079,-9.288,-4.498,4.79,-11.32382330645717,,,,,,,,,,,,,,,,,,,,,,,,,,,,,,,,,,,-11.32382330645717
1092,422,Isan Diaz,MIA| DET| SFN,89,9,LEFT,278,238,46,25,4,17,34,1,1,0.193,2B| 3B,-2.806,-1.735,-2.63,-0.881,-1.267,-9.319,-4.529000000000001,4.79,-11.401866552900072,,,,,,,,,,,,,,,,,,,,,,,,,,,,,,,,,,,-11.401866552900072
1093,291,Mitch Moreland,BOS| SDN| OAK,81,4,LEFT,252,229,52,28,10,30,18,0,0,0.227,DH,-2.64,-1.152,-2.004,-1.0,-0.628,-7.424,-4.5635,2.8605,-11.488721133618784,,,,,,,,,,,,,,,,,,,,,,,,,,,,,,,,,,,-11.488721133618784
1094,424,Jarren Duran,BOS,31,2,LEFT,112,107,23,16,2,10,4,2,1,0.215,CF,-3.303,-1.93,-2.967,-0.763,-0.392,-9.355,-4.565,4.79,-11.49249741973699,,,,,,,,,,,,,,,,,,,,,,,,,,,,,,,,,,,-11.49249741973699
1095,420,Taylor Walls,TBA,49,8,SWITCH,176,152,32,14,1,15,23,4,2,0.211,SS,-3.413,-2.027,-2.726,-0.525,-0.609,-9.301,-4.612,4.689,-11.610821051440745,,,,,,,,,,,,,,,,,,,,,,,,,,,,,,,,,,,-11.610821051440745
1096,428,Joe Panik,TOR| MIA,94,6,LEFT,257,236,49,17,3,18,17,2,0,0.208,2B| 3B,-3.248,-1.833,-2.582,-0.763,-0.997,-9.422,-4.632000000000001,4.79,-11.66117153301681,,,,,,,,,,,,,,,,,,,,,,,,,,,,,,,,,,,-11.66117153301681
1097,429,Leody Taveras,SEA| TEX,48,9,SWITCH,185,174,28,14,3,9,9,10,1,0.161,CF,-3.413,-1.833,-3.015,0.187,-1.356,-9.43,-4.64,4.79,-11.681311725647234,,,,,,,,,,,,,,,,,,,,,,,,,,,,,,,,,,,-11.681311725647234
1098,425,Danny Mendick,CHA| NYN,63,9,RIGHT,186,164,36,14,2,20,18,0,1,0.22,SS| 2B,-3.413,-1.93,-2.485,-1.0,-0.544,-9.373,-4.683999999999999,4.689,-11.792082785114577,,,,,,,,,,,,,,,,,,,,,,,,,,,,,,,,,,,-11.792082785114577
1099,435,Breyvic Valera,TOR,35,8,SWITCH,97,87,22,7,1,15,8,1,0,0.253,3B,-3.8,-2.027,-2.726,-0.881,-0.067,-9.501,-4.710999999999999,4.79,-11.860055935242269,,,,,,,,,,,,,,,,,,,,,,,,,,,,,,,,,,,-11.860055935242269
1100,437,Emmanuel Rivera,BAL| KCA| ARI| MIA,27,8,RIGHT,98,90,23,13,1,5,8,2,0,0.256,3B,-3.468,-2.027,-3.208,-0.763,-0.051,-9.517,-4.726999999999999,4.79,-11.90033632050312,,,,,,,,,,,,,,,,,,,,,,,,,,,,,,,,,,,-11.90033632050312
1101,438,Mike Tauchman,CHA| NYA| SFN| CHN,67,9,LEFT,191,166,30,19,4,15,23,1,3,0.181,LF,-3.137,-1.735,-2.726,-0.881,-1.043,-9.523,-4.733,4.79,-11.91544146497594,,,,,,,,,,,,,,,,,,,,,,,,,,,,,,,,,,,-11.91544146497594
1102,439,Nomar Mazara,CHA| DET| SDN,50,5,LEFT,181,165,35,12,3,19,15,0,0,0.212,RF,-3.524,-1.833,-2.534,-1.0,-0.641,-9.531,-4.7410000000000005,4.79,-11.935581657606368,,,,,,,,,,,,,,,,,,,,,,,,,,,,,,,,,,,-11.935581657606368
1103,430,Zack Short,HOU| DET| ATL| BOS| NYN,56,8,RIGHT,184,156,22,18,6,20,22,2,0,0.141,SS,-3.192,-1.541,-2.485,-0.763,-1.453,-9.434,-4.744999999999999,4.689,-11.945651753921576,,,,,,,,,,,,,,,,,,,,,,,,,,,,,,,,,,,-11.945651753921576
1104,440,Aaron Hicks,NYA| BAL| ANA,32,3,SWITCH,126,108,21,13,4,14,14,0,0,0.194,CF,-3.468,-1.735,-2.774,-1.0,-0.565,-9.543,-4.752999999999999,4.79,-11.965791946552004,,,,,,,,,,,,,,,,,,,,,,,,,,,,,,,,,,,-11.965791946552004
1105,447,Pablo Reyes,NYA| MIL| BOS| NYN,47,9,RIGHT,87,78,20,9,1,3,9,4,0,0.256,3B,-3.689,-2.027,-3.304,-0.525,-0.039,-9.585,-4.795000000000001,4.79,-12.071527957861743,,,,,,,,,,,,,,,,,,,,,,,,,,,,,,,,,,,-12.071527957861743
1106,441,Andrew Velazquez,BAL| NYA| ANA,21,9,SWITCH,68,67,15,10,1,6,1,4,1,0.224,SS,-3.634,-2.027,-3.16,-0.525,-0.2,-9.546,-4.856999999999999,4.689,-12.227614450747543,,,,,,,,,,,,,,,,,,,,,,,,,,,,,,,,,,,-12.227614450747543
1107,456,Ender Inciarte,ATL| NYN,38,8,LEFT,89,79,17,10,2,10,7,1,0,0.215,CF,-3.634,-1.93,-2.967,-0.881,-0.288,-9.701,-4.9110000000000005,4.79,-12.363560751002924,,,,,,,,,,,,,,,,,,,,,,,,,,,,,,,,,,,-12.363560751002924
1108,460,Luis Guillorme,HOU| NYN| ANA| ARI| ATL,61,8,LEFT,156,132,35,12,1,5,23,0,2,0.265,3B,-3.524,-2.027,-3.208,-1.0,0.022,-9.737,-4.947,4.79,-12.454191617839845,,,,,,,,,,,,,,,,,,,,,,,,,,,,,,,,,,,-12.454191617839845
1109,395,Eric Sogard,MIL| CHN,77,9,LEFT,180,169,42,16,1,12,9,3,1,0.249,2B,-3.303,-2.027,-2.871,-0.644,-0.187,-9.031,-4.955000000000001,4.076,-12.474331810470272,,,,,,,,,,,,,,,,,,,,,,,,,,,,,,,,,,,-12.474331810470272
1110,461,Jarrod Dyson,CHA| PIT| KCA| TOR,67,8,LEFT,149,135,28,9,0,10,10,5,3,0.207,RF| CF,-3.689,-2.124,-2.967,-0.407,-0.573,-9.76,-4.97,4.79,-12.512094671652315,,,,,,,,,,,,,,,,,,,,,,,,,,,,,,,,,,,-12.512094671652315
1111,462,Shogo Akiyama,CIN,82,9,LEFT,183,162,33,16,0,12,14,2,3,0.204,CF,-3.303,-2.124,-2.871,-0.763,-0.733,-9.794,-5.004,4.79,-12.597690490331631,,,,,,,,,,,,,,,,,,,,,,,,,,,,,,,,,,,-12.597690490331631
1112,468,Tim Locastro,ARI| NYA| NYN,54,9,RIGHT,156,139,25,14,2,7,7,4,1,0.18,CF,-3.413,-1.93,-3.111,-0.525,-0.882,-9.862,-5.072,4.79,-12.768882127690253,,,,,,,,,,,,,,,,,,,,,,,,,,,,,,,,,,,-12.768882127690253
1113,409,Michael Chavis,BOS| PIT| WAS,39,9,RIGHT,124,121,30,14,3,11,1,1,2,0.248,2B,-3.413,-1.833,-2.919,-0.881,-0.139,-9.185,-5.109000000000001,4.076,-12.862030518605977,,,,,,,,,,,,,,,,,,,,,,,,,,,,,,,,,,,-12.862030518605977
1114,410,Owen Miller,COL| CLE| MIL,58,7,RIGHT,202,191,39,17,4,18,9,2,0,0.204,2B,-3.248,-1.735,-2.582,-0.763,-0.857,-9.185,-5.109000000000001,4.076,-12.862030518605977,,,,,,,,,,,,,,,,,,,,,,,,,,,,,,,,,,,-12.862030518605977
1115,469,Jake Cave,MIN| PHI| COL,63,9,LEFT,178,164,31,13,3,13,10,1,1,0.189,LF| CF,-3.468,-1.833,-2.822,-0.881,-0.926,-9.931,-5.140999999999999,4.79,-12.942591289127677,,,,,,,,,,,,,,,,,,,,,,,,,,,,,,,,,,,-12.942591289127677
1116,475,Ryan McKenna,BAL| SFN,65,6,RIGHT,197,169,31,15,2,14,24,1,0,0.183,LF,-3.358,-1.93,-2.774,-0.881,-1.027,-9.97,-5.180000000000001,4.79,-13.04077472820101,,,,,,,,,,,,,,,,,,,,,,,,,,,,,,,,,,,-13.04077472820101
1117,419,Pat Valaika,BAL,87,9,RIGHT,281,259,52,16,5,25,16,1,1,0.201,2B,-3.303,-1.638,-2.245,-0.881,-1.23,-9.297,-5.221000000000001,4.076,-13.143993215431944,,,,,,,,,,,,,,,,,,,,,,,,,,,,,,,,,,,-13.143993215431944
1118,397,Phillip Evans,PIT,76,9,RIGHT,247,214,44,23,5,16,28,1,0,0.206,1B,-2.916,-1.638,-2.678,-0.881,-0.937,-9.051,-5.237,3.814,-13.184273600692794,,,,,,,,,,,,,,,,,,,,,,,,,,,,,,,,,,,-13.184273600692794
1119,398,Lewin Diaz,MIA,40,5,LEFT,128,122,25,15,8,13,6,0,0,0.205,1B,-3.358,-1.347,-2.822,-1.0,-0.541,-9.068,-5.254,3.814,-13.227071510032449,,,,,,,,,,,,,,,,,,,,,,,,,,,,,,,,,,,-13.227071510032449
1120,477,Richie Martin,BAL,33,9,RIGHT,105,98,23,9,1,8,4,0,2,0.235,SS,-3.689,-2.027,-3.063,-1.0,-0.212,-9.991,-5.302,4.689,-13.347912665815008,,,,,,,,,,,,,,,,,,,,,,,,,,,,,,,,,,,-13.347912665815008
1121,434,Ernie Clement,TOR| CLE| OAK,39,9,RIGHT,133,121,28,15,3,9,7,0,1,0.231,2B,-3.358,-1.833,-3.015,-1.0,-0.292,-9.497,-5.421,4.076,-13.6474980311926,,,,,,,,,,,,,,,,,,,,,,,,,,,,,,,,,,,-13.6474980311926
1122,496,Franchy Cordero,KCA| BOS| NYA,48,9,LEFT,136,127,24,11,1,9,8,1,1,0.189,LF,-3.579,-2.027,-3.015,-0.881,-0.718,-10.22,-5.430000000000001,4.79,-13.67015574790183,,,,,,,,,,,,,,,,,,,,,,,,,,,,,,,,,,,-13.67015574790183
1123,497,Justin Williams,SLN,50,8,LEFT,137,119,19,10,4,11,17,0,1,0.16,RF,-3.634,-1.735,-2.919,-1.0,-0.939,-10.227,-5.437,4.79,-13.687778416453453,,,,,,,,,,,,,,,,,,,,,,,,,,,,,,,,,,,-13.687778416453453
1124,500,Jonathan Davis,TOR| NYA| MIL| MIA,36,9,RIGHT,103,87,11,14,1,4,12,3,1,0.126,CF,-3.413,-2.027,-3.256,-0.644,-0.907,-10.247,-5.457,4.79,-13.738128898029515,,,,,,,,,,,,,,,,,,,,,,,,,,,,,,,,,,,-13.738128898029515
1125,442,Jordy Mercer,DET| NYA| WAS,41,7,RIGHT,127,118,30,12,2,9,9,0,0,0.254,2B,-3.524,-1.93,-3.015,-1.0,-0.079,-9.547,-5.471000000000001,4.076,-13.773374235132763,,,,,,,,,,,,,,,,,,,,,,,,,,,,,,,,,,,-13.773374235132763
1126,510,JaCoby Jones,DET,33,9,RIGHT,105,100,17,7,2,9,5,1,2,0.17,CF,-3.8,-1.93,-3.015,-0.881,-0.71,-10.336,-5.546,4.79,-13.96218854104301,,,,,,,,,,,,,,,,,,,,,,,,,,,,,,,,,,,-13.96218854104301
1127,511,Ka'ai Tom,OAK| PIT| SFN,47,8,LEFT,133,108,15,10,2,12,17,1,0,0.139,LF,-3.634,-1.93,-2.871,-0.881,-1.023,-10.339,-5.549,4.79,-13.96974111327942,,,,,,,,,,,,,,,,,,,,,,,,,,,,,,,,,,,-13.96974111327942
1128,516,Daniel Robertson,SFN| MIL,44,9,RIGHT,90,73,12,10,2,4,12,0,0,0.164,3B,-3.634,-1.93,-3.256,-1.0,-0.55,-10.369,-5.579,4.79,-14.045266835643517,,,,,,,,,,,,,,,,,,,,,,,,,,,,,,,,,,,-14.045266835643517
1129,458,Matt Carpenter,SLN| NYA| SDN,128,9,LEFT,249,207,35,18,3,21,35,2,0,0.169,2B,-3.192,-1.833,-2.437,-0.763,-1.484,-9.709,-5.633,4.076,-14.181213135898895,,,,,,,,,,,,,,,,,,,,,,,,,,,,,,,,,,,-14.181213135898895
1130,436,John Nogowski,SLN| PIT,52,5,RIGHT,143,129,30,14,1,14,12,0,1,0.233,1B,-3.413,-2.027,-2.774,-1.0,-0.3,-9.514,-5.699999999999999,3.814,-14.349887249178714,,,,,,,,,,,,,,,,,,,,,,,,,,,,,,,,,,,-14.349887249178714
1131,464,Rodolfo Castro,PIT| PHI,31,7,SWITCH,93,86,17,9,5,8,6,0,0,0.198,2B,-3.689,-1.638,-3.063,-1.0,-0.429,-9.82,-5.744000000000001,4.076,-14.46065830864606,,,,,,,,,,,,,,,,,,,,,,,,,,,,,,,,,,,-14.46065830864606
1132,448,Keston Hiura,COL| MIL| ANA,59,7,RIGHT,197,173,29,16,4,19,14,2,0,0.168,1B,-3.303,-1.735,-2.534,-0.763,-1.26,-9.594,-5.779999999999999,3.814,-14.551289175482976,,,,,,,,,,,,,,,,,,,,,,,,,,,,,,,,,,,-14.551289175482976
1133,551,Gilberto Celestino,MIN,21,8,RIGHT,62,59,8,6,2,3,3,0,0,0.136,CF,-3.855,-1.93,-3.304,-1.0,-0.574,-10.663,-5.873,4.79,-14.785418914811684,,,,,,,,,,,,,,,,,,,,,,,,,,,,,,,,,,,-14.785418914811684
1134,488,Rio Ruiz,BAL| COL,59,9,LEFT,141,125,21,10,3,10,12,2,0,0.168,2B,-3.634,-1.833,-2.967,-0.763,-0.907,-10.103,-6.027,4.076,-15.17311762294739,,,,,,,,,,,,,,,,,,,,,,,,,,,,,,,,,,,-15.17311762294739
1135,580,Cristian Pache,ATL| OAK| PHI| BAL| MIA,20,8,RIGHT,68,63,7,6,1,4,2,0,0,0.111,CF,-3.855,-2.027,-3.256,-1.0,-0.731,-10.868,-6.078,4.79,-15.301511350966356,,,,,,,,,,,,,,,,,,,,,,,,,,,,,,,,,,,-15.301511350966356
1136,621,Albert Almora,CHN| NYN| CIN,31,9,RIGHT,54,52,6,2,0,0,2,0,0,0.115,CF,-4.076,-2.124,-3.448,-1.0,-0.586,-11.235,-6.444999999999999,4.79,-16.22544268788716,,,,,,,,,,,,,,,,,,,,,,,,,,,,,,,,,,,-16.22544268788716
1137,562,Steve Wilkerson,BAL,25,8,SWITCH,76,72,12,4,0,2,3,2,0,0.167,2B,-3.965,-2.124,-3.352,-0.763,-0.53,-10.734,-6.658,4.076,-16.76167531667226,,,,,,,,,,,,,,,,,,,,,,,,,,,,,,,,,,,-16.76167531667226
1138,529,Mike Ford,NYA| ANA| ATL| SEA| SFN| CIN,22,6,LEFT,72,60,8,6,3,5,11,0,0,0.133,1B,-3.855,-1.833,-3.208,-1.0,-0.594,-10.489,-6.675000000000001,3.814,-16.80447322601192,,,,,,,,,,,,,,,,,,,,,,,,,,,,,,,,,,,-16.80447322601192
1139,538,Evan White,SEA,28,5,RIGHT,104,97,14,8,2,9,6,0,0,0.144,1B,-3.745,-1.93,-3.015,-1.0,-0.879,-10.568,-6.754,3.814,-17.003357628237374,,,,,,,,,,,,,,,,,,,,,,,,,,,,,,,,,,,-17.003357628237374
1140,578,Jahmai Jones,DET| ANA| BAL| MIL| NYA,24,8,RIGHT,72,67,10,4,0,3,4,1,0,0.149,2B,-3.965,-2.124,-3.304,-0.881,-0.582,-10.857,-6.781,4.076,-17.071330778365063,,,,,,,,,,,,,,,,,,,,,,,,,,,,,,,,,,,-17.071330778365063
1141,465,Khris Davis,OAK| TEX,42,6,RIGHT,114,102,21,11,3,10,10,0,0,0.206,DH,-3.579,-1.833,-2.967,-1.0,-0.445,-9.823,-6.9625,2.8605,-17.528261398667862,,,,,,,,,,,,,,,,,,,,,,,,,,,,,,,,,,,-17.528261398667862
1142,288,Ehire Adrianza,MIN| ATL| WAS| ANA,109,9,SWITCH,209,182,45,32,5,28,21,0,0,0.247,,-2.419,-1.638,-2.1,-1.0,-0.219,-7.376,-7.376,0.0,-18.569257605253014,,,,,,,,,,,,,,,,,,,,,,,,,,,,,,,,,,,-18.569257605253014
1143,323,Thairo Estrada,COL| NYA| SFN,47,8,RIGHT,132,121,33,17,7,22,9,1,0,0.273,,-3.248,-1.444,-2.389,-0.881,0.09,-7.872,-7.872,0.0,-19.817949548339445,,,,,,,,,,,,,,,,,,,,,,,,,,,,,,,,,,,-19.817949548339445
1144,337,Jorge Mateo,BAL| SDN,81,9,RIGHT,209,194,48,18,4,14,9,7,3,0.247,,-3.192,-1.735,-2.774,-0.169,-0.23,-8.102,-8.102,0.0,-20.396980086464204,,,,,,,,,,,,,,,,,,,,,,,,,,,,,,,,,,,-20.396980086464204
1145,360,Jake Lamb,ARI| OAK| CHA| TOR| LAN| SEA| ANA,54,7,LEFT,170,144,28,25,7,19,22,0,0,0.194,,-2.806,-1.444,-2.534,-1.0,-0.754,-8.537,-8.537,0.0,-21.49210306074363,,,,,,,,,,,,,,,,,,,,,,,,,,,,,,,,,,,-21.49210306074363
1146,377,Daz Cameron,MIL| DET| OAK,33,6,RIGHT,115,103,20,15,4,13,10,6,0,0.194,,-3.358,-1.735,-2.822,-0.288,-0.541,-8.745,-8.745,0.0,-22.015748069134712,,,,,,,,,,,,,,,,,,,,,,,,,,,,,,,,,,,-22.015748069134712
1147,381,Nick Maton,CHA| PHI| DET| BAL,47,8,LEFT,131,117,30,16,2,14,10,2,0,0.256,,-3.303,-1.93,-2.774,-0.763,-0.059,-8.828,-8.828,0.0,-22.224702567675383,,,,,,,,,,,,,,,,,,,,,,,,,,,,,,,,,,,-22.224702567675383
1148,392,Edward Olivares,KCA| SDN| PIT,35,8,RIGHT,111,101,24,13,5,12,5,2,2,0.238,,-3.468,-1.638,-2.871,-0.763,-0.196,-8.935,-8.935,0.0,-22.49407764410734,,,,,,,,,,,,,,,,,,,,,,,,,,,,,,,,,,,-22.49407764410734
1149,394,Kyle Garlick,PHI| MIN,33,1,RIGHT,107,99,23,16,5,10,6,1,0,0.232,,-3.303,-1.638,-2.967,-0.881,-0.232,-9.021,-9.021,0.0,-22.710584714884423,,,,,,,,,,,,,,,,,,,,,,,,,,,,,,,,,,,-22.710584714884423
1150,399,Matt Vierling,DET| PHI,34,9,RIGHT,77,71,23,11,2,6,4,2,0,0.324,,-3.579,-1.93,-3.16,-0.763,0.331,-9.1,-9.1,0.0,-22.90946911710988,,,,,,,,,,,,,,,,,,,,,,,,,,,,,,,,,,,-22.90946911710988
1151,401,Andrew Young,ARI,55,9,RIGHT,104,91,19,13,6,15,6,0,0,0.209,,-3.468,-1.541,-2.726,-1.0,-0.377,-9.112,-9.112,0.0,-22.93967940605552,,,,,,,,,,,,,,,,,,,,,,,,,,,,,,,,,,,-22.93967940605552
1152,402,Jose Siri,NYN| HOU| TBA,16,8,RIGHT,49,46,14,8,4,9,1,2,1,0.304,,-3.745,-1.735,-3.015,-0.763,0.145,-9.112,-9.112,0.0,-22.93967940605552,,,,,,,,,,,,,,,,,,,,,,,,,,,,,,,,,,,-22.93967940605552
1153,407,Kyle Isbel,KCA,27,7,LEFT,83,76,21,15,1,7,7,2,0,0.276,,-3.358,-2.027,-3.111,-0.763,0.077,-9.182,-9.182,0.0,-23.11590609157175,,,,,,,,,,,,,,,,,,,,,,,,,,,,,,,,,,,-23.11590609157175
1154,411,Danny Santana,TEX| BOS,36,1,SWITCH,127,116,21,12,5,14,10,4,2,0.181,,-3.524,-1.638,-2.774,-0.525,-0.726,-9.187,-9.187,0.0,-23.128493711965763,,,,,,,,,,,,,,,,,,,,,,,,,,,,,,,,,,,-23.128493711965763
1155,413,Jose Rondon,SLN,62,9,RIGHT,90,80,21,11,3,9,8,2,0,0.263,,-3.579,-1.833,-3.015,-0.763,-0.003,-9.192,-9.192,0.0,-23.141081332359786,,,,,,,,,,,,,,,,,,,,,,,,,,,,,,,,,,,-23.141081332359786
1156,414,Brandon Drury,TOR| NYN| CIN| SDN| ANA,51,9,RIGHT,88,84,23,7,4,14,3,0,0,0.274,,-3.8,-1.735,-2.774,-1.0,0.069,-9.24,-9.24,0.0,-23.26192248814234,,,,,,,,,,,,,,,,,,,,,,,,,,,,,,,,,,,-23.26192248814234
1157,416,Cole Tucker,PIT| COL| ANA,42,9,SWITCH,131,117,26,15,2,12,13,2,2,0.222,,-3.358,-1.93,-2.871,-0.763,-0.364,-9.285,-9.285,0.0,-23.375211071688486,,,,,,,,,,,,,,,,,,,,,,,,,,,,,,,,,,,-23.375211071688486
1158,423,Taylor Jones,HOU,32,7,RIGHT,108,102,25,11,2,16,4,0,0,0.245,,-3.579,-1.93,-2.678,-1.0,-0.139,-9.326,-9.326,0.0,-23.478429558919423,,,,,,,,,,,,,,,,,,,,,,,,,,,,,,,,,,,-23.478429558919423
1159,426,Trayce Thompson,CHN| LAN| SDN| CHA,12,5,RIGHT,35,28,7,6,4,9,7,2,0,0.25,,-3.855,-1.735,-3.015,-0.763,-0.028,-9.396,-9.396,0.0,-23.654656244435653,,,,,,,,,,,,,,,,,,,,,,,,,,,,,,,,,,,-23.654656244435653
1160,427,Dustin Garneau,HOU| DET,19,8,RIGHT,68,62,13,9,6,11,3,0,0,0.21,,-3.689,-1.541,-2.919,-1.0,-0.252,-9.401,-9.401,0.0,-23.667243864829665,,,,,,,,,,,,,,,,,,,,,,,,,,,,,,,,,,,-23.667243864829665
1161,431,Hoy Park,NYA| PIT,45,8,LEFT,150,128,25,16,3,14,18,1,1,0.195,,-3.303,-1.833,-2.774,-0.881,-0.661,-9.452,-9.452,0.0,-23.795637592848635,,,,,,,,,,,,,,,,,,,,,,,,,,,,,,,,,,,-23.795637592848635
1162,432,Chris Owings,COL| BAL| PIT,21,9,RIGHT,50,43,14,9,1,5,7,2,1,0.326,,-3.689,-2.027,-3.208,-0.763,0.206,-9.481,-9.481,0.0,-23.86864579113393,,,,,,,,,,,,,,,,,,,,,,,,,,,,,,,,,,,-23.86864579113393
1163,433,Gerardo Parra,WAS,51,9,LEFT,107,97,23,12,2,10,6,1,1,0.237,,-3.524,-1.93,-2.967,-0.881,-0.192,-9.493,-9.493,0.0,-23.898856080079568,,,,,,,,,,,,,,,,,,,,,,,,,,,,,,,,,,,-23.898856080079568
1164,443,Greg Allen,BAL| CLE| SDN| NYA| PIT,15,9,SWITCH,48,37,10,9,0,2,5,5,0,0.27,,-3.689,-2.124,-3.352,-0.407,0.021,-9.552,-9.552,0.0,-24.04739000072896,,,,,,,,,,,,,,,,,,,,,,,,,,,,,,,,,,,-24.04739000072896
1165,444,Nick Fortes,MIA| TBA,14,7,RIGHT,34,31,9,5,4,7,3,1,0,0.29,,-3.91,-1.735,-3.111,-0.881,0.065,-9.574,-9.574,0.0,-24.102775530462637,,,,,,,,,,,,,,,,,,,,,,,,,,,,,,,,,,,-24.102775530462637
1166,445,Sam Haggerty,TEX| SEA,33,9,SWITCH,94,86,16,14,2,5,6,4,1,0.186,,-3.413,-1.93,-3.208,-0.525,-0.505,-9.581,-9.581,0.0,-24.120398199014257,,,,,,,,,,,,,,,,,,,,,,,,,,,,,,,,,,,-24.120398199014257
1167,449,Jake McCarthy,ARI,23,8,LEFT,70,59,13,11,2,4,8,3,1,0.22,,-3.579,-1.93,-3.256,-0.644,-0.192,-9.601,-9.601,0.0,-24.170748680590325,,,,,,,,,,,,,,,,,,,,,,,,,,,,,,,,,,,-24.170748680590325
1168,452,Jason Vosler,SFN| CIN| SEA,40,9,LEFT,82,73,13,11,3,9,7,2,0,0.178,,-3.579,-1.833,-3.015,-0.763,-0.473,-9.662,-9.662,0.0,-24.32431764939733,,,,,,,,,,,,,,,,,,,,,,,,,,,,,,,,,,,-24.32431764939733
1169,453,Yohel Pozo,SLN| TEX,21,8,RIGHT,77,74,21,8,1,9,3,0,0,0.284,,-3.745,-2.027,-3.015,-1.0,0.118,-9.669,-9.669,0.0,-24.341940317948943,,,,,,,,,,,,,,,,,,,,,,,,,,,,,,,,,,,-24.341940317948943
1170,455,Orlando Arcia,ATL| COL| MIL,36,9,RIGHT,89,81,16,9,2,14,7,1,0,0.198,,-3.689,-1.93,-2.774,-0.881,-0.405,-9.68,-9.68,0.0,-24.36963308281578,,,,,,,,,,,,,,,,,,,,,,,,,,,,,,,,,,,-24.36963308281578
1171,457,Pablo Sandoval,ATL| SFN,68,9,SWITCH,86,73,13,11,4,11,11,0,0,0.178,,-3.579,-1.735,-2.919,-1.0,-0.473,-9.706,-9.706,0.0,-24.435088708864665,,,,,,,,,,,,,,,,,,,,,,,,,,,,,,,,,,,-24.435088708864665
1172,459,John Hicks,TEX,9,5,RIGHT,31,31,8,6,4,7,0,0,0,0.258,,-3.855,-1.735,-3.111,-1.0,-0.012,-9.713,-9.713,0.0,-24.45271137741629,,,,,,,,,,,,,,,,,,,,,,,,,,,,,,,,,,,-24.45271137741629
1173,463,Daniel Johnson,BAL| SFN| CLE,27,7,LEFT,81,77,17,8,4,5,4,1,0,0.221,,-3.745,-1.735,-3.208,-0.881,-0.248,-9.817,-9.817,0.0,-24.714533881611832,,,,,,,,,,,,,,,,,,,,,,,,,,,,,,,,,,,-24.714533881611832
1174,466,Luke Williams,ATL| PHI| MIA| SFN| LAN,53,9,RIGHT,108,98,24,8,1,6,10,2,2,0.245,,-3.745,-2.027,-3.16,-0.763,-0.135,-9.829,-9.829,0.0,-24.744744170557475,,,,,,,,,,,,,,,,,,,,,,,,,,,,,,,,,,,-24.744744170557475
1175,472,Alfonso Rivas,CHN| PIT| SDN,18,6,LEFT,49,44,14,7,1,3,4,0,0,0.318,,-3.8,-2.027,-3.304,-1.0,0.185,-9.945,-9.945,0.0,-25.036776963698653,,,,,,,,,,,,,,,,,,,,,,,,,,,,,,,,,,,-25.036776963698653
1176,473,Renato Nunez,BAL| DET,14,5,RIGHT,55,53,10,7,4,7,1,0,0,0.189,,-3.8,-1.735,-3.111,-1.0,-0.301,-9.947,-9.947,0.0,-25.04181201185626,,,,,,,,,,,,,,,,,,,,,,,,,,,,,,,,,,,-25.04181201185626
1177,474,German Marquez,COL,28,9,RIGHT,60,53,14,5,1,9,0,0,0,0.264,,-3.91,-2.027,-3.015,-1.0,0.005,-9.948,-9.948,0.0,-25.044329535935063,,,,,,,,,,,,,,,,,,,,,,,,,,,,,,,,,,,-25.044329535935063
1178,476,Jonathan Arauz,BOS| BAL| NYN,26,9,SWITCH,75,65,12,9,3,8,8,0,0,0.185,,-3.689,-1.833,-3.063,-1.0,-0.389,-9.974,-9.974,0.0,-25.109785161983947,,,,,,,,,,,,,,,,,,,,,,,,,,,,,,,,,,,-25.109785161983947
1179,478,Jacob deGrom,TEX| NYN,15,9,LEFT,33,33,12,4,0,6,0,0,0,0.364,,-3.965,-2.124,-3.16,-1.0,0.254,-9.996,-9.996,0.0,-25.16517069171762,,,,,,,,,,,,,,,,,,,,,,,,,,,,,,,,,,,-25.16517069171762
1180,479,Delino DeShields,CLE| CIN,23,8,RIGHT,58,47,12,3,1,6,9,2,1,0.255,,-4.021,-2.027,-3.16,-0.763,-0.027,-9.997,-9.997,0.0,-25.167688215796424,,,,,,,,,,,,,,,,,,,,,,,,,,,,,,,,,,,-25.167688215796424
1181,480,TJ Friedl,CIN,14,9,LEFT,36,31,9,9,1,2,4,0,0,0.29,,-3.689,-2.027,-3.352,-1.0,0.065,-10.004,-10.004,0.0,-25.185310884348045,,,,,,,,,,,,,,,,,,,,,,,,,,,,,,,,,,,-25.185310884348045
1182,481,Jose Marmolejos,SEA,41,4,LEFT,122,106,17,11,4,12,15,0,0,0.16,,-3.579,-1.735,-2.871,-1.0,-0.83,-10.015,-10.015,0.0,-25.213003649214883,,,,,,,,,,,,,,,,,,,,,,,,,,,,,,,,,,,-25.213003649214883
1183,482,Michael Hermosillo,ANA| CHN,15,1,RIGHT,38,36,7,5,3,7,1,0,0,0.194,,-3.91,-1.833,-3.111,-1.0,-0.188,-10.043,-10.043,0.0,-25.28349432342137,,,,,,,,,,,,,,,,,,,,,,,,,,,,,,,,,,,-25.28349432342137
1184,483,Donovan Walton,PHI| SEA| SFN,21,9,LEFT,69,63,13,6,2,7,4,1,0,0.206,,-3.855,-1.93,-3.111,-0.881,-0.272,-10.05,-10.05,0.0,-25.301116991973,,,,,,,,,,,,,,,,,,,,,,,,,,,,,,,,,,,-25.301116991973
1185,486,Max Fried,NYA| ATL,31,9,LEFT,67,55,15,7,0,5,4,0,0,0.273,,-3.8,-2.124,-3.208,-1.0,0.041,-10.091,-10.091,0.0,-25.40433547920393,,,,,,,,,,,,,,,,,,,,,,,,,,,,,,,,,,,-25.40433547920393
1186,489,Brian O`Grady,TBA| SDN,32,9,LEFT,61,51,8,8,2,9,8,0,0,0.157,,-3.745,-1.93,-3.015,-1.0,-0.413,-10.103,-10.103,0.0,-25.43454576814957,,,,,,,,,,,,,,,,,,,,,,,,,,,,,,,,,,,-25.43454576814957
1187,490,Austin Dean,SLN| SFN,22,9,RIGHT,38,30,7,5,1,7,6,0,0,0.233,,-3.91,-2.027,-3.111,-1.0,-0.068,-10.117,-10.117,0.0,-25.46979110525282,,,,,,,,,,,,,,,,,,,,,,,,,,,,,,,,,,,-25.46979110525282
1188,492,Roman Quinn,PHI| TBA,25,8,SWITCH,62,52,9,7,0,2,6,4,3,0.173,,-3.8,-2.124,-3.352,-0.525,-0.357,-10.158,-10.158,0.0,-25.57300959248375,,,,,,,,,,,,,,,,,,,,,,,,,,,,,,,,,,,-25.57300959248375
1189,493,Eddy Alvarez,MIA| LAN| NYN,23,8,LEFT,74,64,12,8,1,6,4,1,0,0.188,,-3.745,-2.027,-3.16,-0.881,-0.369,-10.181,-10.181,0.0,-25.630912646296224,,,,,,,,,,,,,,,,,,,,,,,,,,,,,,,,,,,-25.630912646296224
1190,494,Luke Maile,KCA| MIL| CLE| CIN,13,8,RIGHT,34,30,9,6,0,3,3,0,0,0.3,,-3.855,-2.124,-3.304,-1.0,0.085,-10.198,-10.198,0.0,-25.67371055563589,,,,,,,,,,,,,,,,,,,,,,,,,,,,,,,,,,,-25.67371055563589
1191,495,Huascar Ynoa,ATL,17,9,RIGHT,32,32,7,3,2,6,0,0,0,0.219,,-4.021,-1.93,-3.16,-1.0,-0.108,-10.218,-10.218,0.0,-25.72406103721195,,,,,,,,,,,,,,,,,,,,,,,,,,,,,,,,,,,-25.72406103721195
1192,498,Jake Burger,TEX| CHA| MIA,15,6,RIGHT,42,38,10,5,1,3,4,0,0,0.263,,-3.91,-2.027,-3.304,-1.0,0.001,-10.241,-10.241,0.0,-25.781964091024424,,,,,,,,,,,,,,,,,,,,,,,,,,,,,,,,,,,-25.781964091024424
1193,499,Henry Ramos,ARI| CIN,18,2,SWITCH,55,50,10,5,1,8,4,0,0,0.2,,-3.91,-2.027,-3.063,-1.0,-0.24,-10.241,-10.241,0.0,-25.781964091024424,,,,,,,,,,,,,,,,,,,,,,,,,,,,,,,,,,,-25.781964091024424
1194,501,Jacob Nottingham,MIL| SEA,15,8,RIGHT,45,40,6,5,3,6,2,0,0,0.15,,-3.91,-1.833,-3.16,-1.0,-0.345,-10.247,-10.247,0.0,-25.797069235497244,,,,,,,,,,,,,,,,,,,,,,,,,,,,,,,,,,,-25.797069235497244
1195,502,Jose Devers,MIA,19,9,LEFT,46,41,10,6,0,5,3,0,0,0.244,,-3.855,-2.124,-3.208,-1.0,-0.06,-10.247,-10.247,0.0,-25.797069235497244,,,,,,,,,,,,,,,,,,,,,,,,,,,,,,,,,,,-25.797069235497244
1196,503,Rafael Marchan,PHI,18,8,SWITCH,56,52,12,6,1,4,4,0,0,0.231,,-3.855,-2.027,-3.256,-1.0,-0.128,-10.266,-10.266,0.0,-25.844902192994507,,,,,,,,,,,,,,,,,,,,,,,,,,,,,,,,,,,-25.844902192994507
1197,504,Alan Trejo,COL,26,9,RIGHT,50,46,10,7,1,3,3,0,0,0.217,,-3.8,-2.027,-3.304,-1.0,-0.16,-10.291,-10.291,0.0,-25.90784029496459,,,,,,,,,,,,,,,,,,,,,,,,,,,,,,,,,,,-25.90784029496459
1198,505,Alex Blandino,CIN,41,9,RIGHT,82,70,14,8,0,5,8,1,0,0.2,,-3.745,-2.124,-3.208,-0.881,-0.337,-10.294,-10.294,0.0,-25.915392867201,,,,,,,,,,,,,,,,,,,,,,,,,,,,,,,,,,,-25.915392867201
1199,506,Julio Urias,LAN,30,9,LEFT,70,59,12,5,0,9,0,0,0,0.203,,-3.91,-2.124,-3.015,-1.0,-0.268,-10.318,-10.318,0.0,-25.975813445092275,,,,,,,,,,,,,,,,,,,,,,,,,,,,,,,,,,,-25.975813445092275
1200,507,Nick Martini,COL| CHN| CIN,25,9,LEFT,45,37,10,4,0,4,6,0,1,0.27,,-3.965,-2.124,-3.256,-1.0,0.021,-10.325,-10.325,0.0,-25.9934361136439,,,,,,,,,,,,,,,,,,,,,,,,,,,,,,,,,,,-25.9934361136439
1201,509,Isaac Paredes,HOU| DET| TBA| CHN,22,6,RIGHT,85,72,15,7,1,5,10,0,0,0.208,,-3.8,-2.027,-3.208,-1.0,-0.3,-10.335,-10.335,0.0,-26.018611354431936,,,,,,,,,,,,,,,,,,,,,,,,,,,,,,,,,,,-26.018611354431936
1202,512,Sheldon Neuse,LAN| OAK,30,9,RIGHT,66,65,11,5,3,4,1,1,1,0.169,,-3.91,-1.833,-3.256,-0.881,-0.465,-10.345,-10.345,0.0,-26.043786595219967,,,,,,,,,,,,,,,,,,,,,,,,,,,,,,,,,,,-26.043786595219967
1203,513,Joshua Palacios,CHA| TOR| WAS| PIT,12,9,LEFT,42,35,7,7,0,4,3,0,0,0.2,,-3.8,-2.124,-3.256,-1.0,-0.168,-10.348,-10.348,0.0,-26.051339167456376,,,,,,,,,,,,,,,,,,,,,,,,,,,,,,,,,,,-26.051339167456376
1204,514,Johneshwy Fargas,CHN| NYN,20,7,RIGHT,54,52,13,4,0,5,1,0,2,0.25,,-3.965,-2.124,-3.208,-1.0,-0.052,-10.349,-10.349,0.0,-26.05385669153518,,,,,,,,,,,,,,,,,,,,,,,,,,,,,,,,,,,-26.05385669153518
1205,518,Logan Webb,SFN,25,9,RIGHT,53,46,6,7,1,7,2,0,0,0.13,,-3.8,-2.027,-3.111,-1.0,-0.466,-10.404,-10.404,0.0,-26.19232051586936,,,,,,,,,,,,,,,,,,,,,,,,,,,,,,,,,,,-26.19232051586936
1206,520,Wade Miley,CIN| CHN| MIL,28,9,LEFT,59,54,10,9,0,3,3,0,0,0.185,,-3.689,-2.124,-3.304,-1.0,-0.321,-10.438,-10.438,0.0,-26.277916334548674,,,,,,,,,,,,,,,,,,,,,,,,,,,,,,,,,,,-26.277916334548674
1207,522,Geraldo Perdomo,ARI,11,8,SWITCH,37,31,8,5,0,1,6,0,0,0.258,,-3.91,-2.124,-3.4,-1.0,-0.012,-10.446,-10.446,0.0,-26.298056527179096,,,,,,,,,,,,,,,,,,,,,,,,,,,,,,,,,,,-26.298056527179096
1208,523,Adrian Sanchez,WAS,13,8,RIGHT,38,35,9,5,0,1,3,0,0,0.257,,-3.91,-2.124,-3.4,-1.0,-0.016,-10.45,-10.45,0.0,-26.30812662349431,,,,,,,,,,,,,,,,,,,,,,,,,,,,,,,,,,,-26.30812662349431
1209,524,Will Craig,PIT,18,5,RIGHT,65,60,13,5,1,3,5,0,0,0.217,,-3.91,-2.027,-3.304,-1.0,-0.212,-10.453,-10.453,0.0,-26.31567919573072,,,,,,,,,,,,,,,,,,,,,,,,,,,,,,,,,,,-26.31567919573072
1210,525,Andrew Romine,TEX| CHN,25,9,SWITCH,64,60,11,6,1,5,4,0,1,0.183,,-3.855,-2.027,-3.208,-1.0,-0.365,-10.455,-10.455,0.0,-26.32071424388833,,,,,,,,,,,,,,,,,,,,,,,,,,,,,,,,,,,-26.32071424388833
1211,526,Romy Gonzalez,BOS| CHA,10,7,RIGHT,33,32,8,4,0,2,1,0,0,0.25,,-3.965,-2.124,-3.352,-1.0,-0.032,-10.474,-10.474,0.0,-26.36854720138559,,,,,,,,,,,,,,,,,,,,,,,,,,,,,,,,,,,-26.36854720138559
1212,528,Colton Welker,COL,19,9,RIGHT,40,37,7,7,0,2,3,0,0,0.189,,-3.8,-2.124,-3.352,-1.0,-0.208,-10.485,-10.485,0.0,-26.396239966252423,,,,,,,,,,,,,,,,,,,,,,,,,,,,,,,,,,,-26.396239966252423
1213,531,Luke Raley,SEA| LAN| TBA,27,8,LEFT,72,66,12,5,2,4,2,0,0,0.182,,-3.91,-1.93,-3.256,-1.0,-0.409,-10.505,-10.505,0.0,-26.44659044782849,,,,,,,,,,,,,,,,,,,,,,,,,,,,,,,,,,,-26.44659044782849
1214,532,Jose Barrero,SLN| CIN,21,7,RIGHT,56,50,10,4,0,3,3,1,0,0.2,,-3.965,-2.124,-3.304,-0.881,-0.24,-10.515,-10.515,0.0,-26.471765688616525,,,,,,,,,,,,,,,,,,,,,,,,,,,,,,,,,,,-26.471765688616525
1215,533,Jared Oliva,PIT,17,8,RIGHT,43,40,7,3,0,2,3,2,0,0.175,,-4.021,-2.124,-3.352,-0.763,-0.269,-10.528,-10.528,0.0,-26.50449350164097,,,,,,,,,,,,,,,,,,,,,,,,,,,,,,,,,,,-26.50449350164097
1216,534,Ildemaro Vargas,ARI| CHN| MIN| PIT| WAS,34,8,SWITCH,83,77,12,7,0,7,6,1,0,0.156,,-3.8,-2.124,-3.111,-0.881,-0.63,-10.547,-10.547,0.0,-26.552326459138232,,,,,,,,,,,,,,,,,,,,,,,,,,,,,,,,,,,-26.552326459138232
1217,536,Kevin Gausman,TOR| SFN,31,9,LEFT,62,54,10,6,0,4,2,0,0,0.185,,-3.855,-2.124,-3.256,-1.0,-0.321,-10.556,-10.556,0.0,-26.574984175847455,,,,,,,,,,,,,,,,,,,,,,,,,,,,,,,,,,,-26.574984175847455
1218,537,Tucupita Marcano,SDN| PIT,24,9,LEFT,50,44,8,6,0,3,6,0,1,0.182,,-3.855,-2.124,-3.304,-1.0,-0.273,-10.556,-10.556,0.0,-26.574984175847455,,,,,,,,,,,,,,,,,,,,,,,,,,,,,,,,,,,-26.574984175847455
1219,539,Wyatt Mathisen,ARI,22,5,RIGHT,51,42,5,3,1,8,5,0,0,0.119,,-4.021,-2.027,-3.063,-1.0,-0.462,-10.573,-10.573,0.0,-26.61778208518712,,,,,,,,,,,,,,,,,,,,,,,,,,,,,,,,,,,-26.61778208518712
1220,540,Scott Heineman,TEX| CIN,18,9,RIGHT,34,30,3,4,2,3,3,0,0,0.1,,-3.965,-1.93,-3.304,-1.0,-0.373,-10.573,-10.573,0.0,-26.61778208518712,,,,,,,,,,,,,,,,,,,,,,,,,,,,,,,,,,,-26.61778208518712
1221,541,Eric Lauer,TOR| MIL,22,9,RIGHT,37,26,4,2,1,4,3,0,0,0.154,,-4.076,-2.027,-3.256,-1.0,-0.217,-10.575,-10.575,0.0,-26.62281713334472,,,,,,,,,,,,,,,,,,,,,,,,,,,,,,,,,,,-26.62281713334472
1222,542,Mason Williams,BAL| NYN,14,8,LEFT,37,33,7,3,1,1,4,0,1,0.212,,-4.021,-2.027,-3.4,-1.0,-0.128,-10.576,-10.576,0.0,-26.62533465742353,,,,,,,,,,,,,,,,,,,,,,,,,,,,,,,,,,,-26.62533465742353
1223,543,Joe Ross,PHI| WAS| MIL,20,9,RIGHT,39,32,8,1,0,3,1,0,0,0.25,,-4.131,-2.124,-3.304,-1.0,-0.032,-10.591,-10.591,0.0,-26.66309751860557,,,,,,,,,,,,,,,,,,,,,,,,,,,,,,,,,,,-26.66309751860557
1224,544,Kyle Freeland,COL,23,9,LEFT,40,33,6,3,0,4,2,0,0,0.182,,-4.021,-2.124,-3.256,-1.0,-0.205,-10.605,-10.605,0.0,-26.69834285570882,,,,,,,,,,,,,,,,,,,,,,,,,,,,,,,,,,,-26.69834285570882
1225,545,Clayton Kershaw,LAN,19,9,LEFT,39,36,8,2,0,3,1,0,0,0.222,,-4.076,-2.124,-3.304,-1.0,-0.112,-10.616,-10.616,0.0,-26.72603562057565,,,,,,,,,,,,,,,,,,,,,,,,,,,,,,,,,,,-26.72603562057565
1226,546,Mike Freeman,CLE| CIN,30,9,LEFT,65,59,11,4,0,3,5,1,1,0.186,,-3.965,-2.124,-3.304,-0.881,-0.345,-10.62,-10.62,0.0,-26.73610571689087,,,,,,,,,,,,,,,,,,,,,,,,,,,,,,,,,,,-26.73610571689087
1227,547,Drew Ellis,ARI| SEA| PHI,28,7,RIGHT,83,69,9,9,1,5,10,0,0,0.13,,-3.689,-2.027,-3.208,-1.0,-0.698,-10.622,-10.622,0.0,-26.741140765048478,,,,,,,,,,,,,,,,,,,,,,,,,,,,,,,,,,,-26.741140765048478
1228,548,Taylor Motter,BOS| COL| CIN| SLN,15,9,RIGHT,29,26,5,4,0,1,3,0,0,0.192,,-3.965,-2.124,-3.4,-1.0,-0.14,-10.63,-10.63,0.0,-26.761280957678903,,,,,,,,,,,,,,,,,,,,,,,,,,,,,,,,,,,-26.761280957678903
1229,549,Anthony Bemboom,ANA| BAL,8,8,LEFT,28,27,6,2,0,2,1,0,0,0.222,,-4.076,-2.124,-3.352,-1.0,-0.084,-10.636,-10.636,0.0,-26.77638610215172,,,,,,,,,,,,,,,,,,,,,,,,,,,,,,,,,,,-26.77638610215172
1230,550,Chad Wallach,ANA| MIA,22,8,RIGHT,66,60,12,2,0,6,3,0,0,0.2,,-4.076,-2.124,-3.16,-1.0,-0.289,-10.648,-10.648,0.0,-26.80659639109736,,,,,,,,,,,,,,,,,,,,,,,,,,,,,,,,,,,-26.80659639109736
1231,552,Dustin Fowler,PIT,18,8,LEFT,46,41,7,3,0,2,3,1,0,0.171,,-4.021,-2.124,-3.352,-0.881,-0.289,-10.667,-10.667,0.0,-26.85442934859462,,,,,,,,,,,,,,,,,,,,,,,,,,,,,,,,,,,-26.85442934859462
1232,553,Matt Joyce,MIA| PHI,43,9,LEFT,69,55,5,5,2,7,12,0,0,0.091,,-3.91,-1.93,-3.111,-1.0,-0.723,-10.674,-10.674,0.0,-26.872052017146245,,,,,,,,,,,,,,,,,,,,,,,,,,,,,,,,,,,-26.872052017146245
1233,554,Ryan Lavarnway,MIA| CLE,9,8,RIGHT,30,28,7,2,0,0,1,0,0,0.25,,-4.076,-2.124,-3.448,-1.0,-0.028,-10.676,-10.676,0.0,-26.87708706530385,,,,,,,,,,,,,,,,,,,,,,,,,,,,,,,,,,,-26.87708706530385
1234,555,Kyle Gibson,BAL| TEX| PHI| SLN,13,9,RIGHT,30,29,4,3,1,2,0,0,0,0.138,,-4.021,-2.027,-3.352,-1.0,-0.277,-10.677,-10.677,0.0,-26.87960458938265,,,,,,,,,,,,,,,,,,,,,,,,,,,,,,,,,,,-26.87960458938265
1235,556,Ryan Weathers,MIA| SDN,25,9,RIGHT,28,27,4,3,1,1,1,0,0,0.148,,-4.021,-2.027,-3.4,-1.0,-0.237,-10.685,-10.685,0.0,-26.899744782013084,,,,,,,,,,,,,,,,,,,,,,,,,,,,,,,,,,,-26.899744782013084
1236,557,Steven Souza,CHN| LAN| SEA,17,9,RIGHT,36,33,5,2,1,3,2,0,0,0.152,,-4.076,-2.027,-3.304,-1.0,-0.281,-10.688,-10.688,0.0,-26.907297354249494,,,,,,,,,,,,,,,,,,,,,,,,,,,,,,,,,,,-26.907297354249494
1237,558,Zac Gallen,ARI,21,9,RIGHT,42,32,6,2,0,3,1,0,0,0.188,,-4.076,-2.124,-3.304,-1.0,-0.184,-10.689,-10.689,0.0,-26.90981487832829,,,,,,,,,,,,,,,,,,,,,,,,,,,,,,,,,,,-26.90981487832829
1238,559,Jon Lester,CHN| SLN| WAS,27,9,LEFT,51,48,8,3,1,3,2,0,0,0.167,,-4.021,-2.027,-3.304,-1.0,-0.353,-10.705,-10.705,0.0,-26.950095263589148,,,,,,,,,,,,,,,,,,,,,,,,,,,,,,,,,,,-26.950095263589148
1239,560,Jay Bruce,PHI| NYA,10,6,LEFT,39,34,4,3,1,3,5,0,0,0.118,,-4.021,-2.027,-3.304,-1.0,-0.377,-10.729,-10.729,0.0,-27.010515841480427,,,,,,,,,,,,,,,,,,,,,,,,,,,,,,,,,,,-27.010515841480427
1240,561,Garrett Stubbs,PHI| HOU,14,9,LEFT,38,34,6,2,0,3,2,0,0,0.176,,-4.076,-2.124,-3.304,-1.0,-0.225,-10.729,-10.729,0.0,-27.010515841480427,,,,,,,,,,,,,,,,,,,,,,,,,,,,,,,,,,,-27.010515841480427
1241,563,Aaron Nola,PHI,31,9,RIGHT,63,49,7,5,0,4,6,0,0,0.143,,-3.91,-2.124,-3.256,-1.0,-0.449,-10.74,-10.74,0.0,-27.038208606347265,,,,,,,,,,,,,,,,,,,,,,,,,,,,,,,,,,,-27.038208606347265
1242,564,Kean Wong,ANA,28,8,LEFT,66,60,10,3,0,6,2,0,1,0.167,,-4.021,-2.124,-3.16,-1.0,-0.441,-10.746,-10.746,0.0,-27.053313750820084,,,,,,,,,,,,,,,,,,,,,,,,,,,,,,,,,,,-27.053313750820084
1243,565,Vidal Brujan,ATL| BAL| CHN| TBA| MIA,9,2,SWITCH,26,26,2,3,0,2,0,1,0,0.077,,-4.021,-2.124,-3.352,-0.881,-0.369,-10.748,-10.748,0.0,-27.058348798977686,,,,,,,,,,,,,,,,,,,,,,,,,,,,,,,,,,,-27.058348798977686
1244,566,Matt Adams,ATL| COL,22,9,LEFT,40,36,6,3,0,2,4,0,0,0.167,,-4.021,-2.124,-3.352,-1.0,-0.265,-10.762,-10.762,0.0,-27.093594136080934,,,,,,,,,,,,,,,,,,,,,,,,,,,,,,,,,,,-27.093594136080934
1245,567,Bryan Holaday,BAL| ARI,13,8,RIGHT,34,31,6,2,0,1,1,0,0,0.194,,-4.076,-2.124,-3.4,-1.0,-0.164,-10.765,-10.765,0.0,-27.101146708317348,,,,,,,,,,,,,,,,,,,,,,,,,,,,,,,,,,,-27.101146708317348
1246,568,Trevor Williams,WAS| PIT| CHN| NYN,20,9,RIGHT,28,25,5,1,0,1,1,0,0,0.2,,-4.131,-2.124,-3.4,-1.0,-0.12,-10.776,-10.776,0.0,-27.12883947318418,,,,,,,,,,,,,,,,,,,,,,,,,,,,,,,,,,,-27.12883947318418
1247,569,Zach Davies,SDN| CHN| ARI,30,9,RIGHT,44,34,6,2,0,2,0,0,0,0.176,,-4.076,-2.124,-3.352,-1.0,-0.225,-10.777,-10.777,0.0,-27.131356997262984,,,,,,,,,,,,,,,,,,,,,,,,,,,,,,,,,,,-27.131356997262984
1248,570,Chris Gittens,NYA,16,7,RIGHT,44,36,4,1,1,5,7,0,0,0.111,,-4.131,-2.027,-3.208,-1.0,-0.417,-10.783,-10.783,0.0,-27.146462141735803,,,,,,,,,,,,,,,,,,,,,,,,,,,,,,,,,,,-27.146462141735803
1249,571,Mickey Moniak,COL| PHI| ANA,18,9,LEFT,37,33,3,3,1,3,3,0,0,0.091,,-4.021,-2.027,-3.304,-1.0,-0.434,-10.785,-10.785,0.0,-27.15149718989341,,,,,,,,,,,,,,,,,,,,,,,,,,,,,,,,,,,-27.15149718989341
1250,572,Chi Chi Gonzalez,COL| MIL| MIN| NYA| MIA,21,9,RIGHT,34,31,5,3,0,1,1,0,0,0.161,,-4.021,-2.124,-3.4,-1.0,-0.241,-10.786,-10.786,0.0,-27.154014713972213,,,,,,,,,,,,,,,,,,,,,,,,,,,,,,,,,,,-27.154014713972213
1251,573,Jose Godoy,SEA| MIN| PIT,14,7,LEFT,40,37,6,2,0,3,3,0,0,0.162,,-4.076,-2.124,-3.304,-1.0,-0.285,-10.789,-10.789,0.0,-27.161567286208623,,,,,,,,,,,,,,,,,,,,,,,,,,,,,,,,,,,-27.161567286208623
1252,574,Tylor Megill,NYN,18,9,RIGHT,31,28,6,1,0,0,1,0,0,0.214,,-4.131,-2.124,-3.448,-1.0,-0.104,-10.808,-10.808,0.0,-27.20940024370589,,,,,,,,,,,,,,,,,,,,,,,,,,,,,,,,,,,-27.20940024370589
1253,575,Sebastian Rivero,ANA| KCA,16,9,RIGHT,44,40,7,1,0,3,3,0,0,0.175,,-4.131,-2.124,-3.304,-1.0,-0.269,-10.828,-10.828,0.0,-27.25975072528195,,,,,,,,,,,,,,,,,,,,,,,,,,,,,,,,,,,-27.25975072528195
1254,576,Jake Hager,ARI| NYN,14,8,RIGHT,30,26,3,2,0,2,4,0,0,0.115,,-4.076,-2.124,-3.352,-1.0,-0.293,-10.845,-10.845,0.0,-27.30254863462161,,,,,,,,,,,,,,,,,,,,,,,,,,,,,,,,,,,-27.30254863462161
1255,577,Robel Garcia,HOU,41,8,SWITCH,117,106,16,6,1,8,8,0,0,0.151,,-3.855,-2.027,-3.063,-1.0,-0.907,-10.852,-10.852,0.0,-27.320171303173236,,,,,,,,,,,,,,,,,,,,,,,,,,,,,,,,,,,-27.320171303173236
1256,581,Paolo Espino,WAS| TOR,27,9,RIGHT,33,30,5,2,0,0,0,0,0,0.167,,-4.076,-2.124,-3.448,-1.0,-0.221,-10.869,-10.869,0.0,-27.362969212512887,,,,,,,,,,,,,,,,,,,,,,,,,,,,,,,,,,,-27.362969212512887
1257,582,Todd Frazier,NYN| TEX| PIT,13,7,RIGHT,40,35,3,3,0,4,3,0,0,0.086,,-4.021,-2.124,-3.256,-1.0,-0.474,-10.875,-10.875,0.0,-27.378074356985707,,,,,,,,,,,,,,,,,,,,,,,,,,,,,,,,,,,-27.378074356985707
1258,583,Drew Butera,COL| ANA,12,9,RIGHT,36,32,3,1,0,5,0,0,0,0.094,,-4.131,-2.124,-3.208,-1.0,-0.414,-10.877,-10.877,0.0,-27.383109405143315,,,,,,,,,,,,,,,,,,,,,,,,,,,,,,,,,,,-27.383109405143315
1259,584,Scott Schebler,ATL| ANA,12,6,LEFT,34,34,5,3,0,0,0,0,0,0.147,,-4.021,-2.124,-3.448,-1.0,-0.301,-10.894,-10.894,0.0,-27.42590731448297,,,,,,,,,,,,,,,,,,,,,,,,,,,,,,,,,,,-27.42590731448297
1260,585,Sonny Gray,SLN| CIN| MIN,24,9,RIGHT,43,41,6,4,0,0,1,0,0,0.146,,-3.965,-2.124,-3.448,-1.0,-0.365,-10.903,-10.903,0.0,-27.4485650311922,,,,,,,,,,,,,,,,,,,,,,,,,,,,,,,,,,,-27.4485650311922
1261,586,Kevin Smith,TOR| OAK| NYA,13,8,RIGHT,36,32,3,2,1,1,3,0,0,0.094,,-4.076,-2.027,-3.4,-1.0,-0.414,-10.917,-10.917,0.0,-27.483810368295444,,,,,,,,,,,,,,,,,,,,,,,,,,,,,,,,,,,-27.483810368295444
1262,587,Nick Heath,KCA| ARI,15,8,LEFT,39,35,5,2,0,1,4,0,1,0.143,,-4.076,-2.124,-3.4,-1.0,-0.321,-10.921,-10.921,0.0,-27.49388046461065,,,,,,,,,,,,,,,,,,,,,,,,,,,,,,,,,,,-27.49388046461065
1263,588,Madison Bumgarner,ARI,25,9,RIGHT,52,39,4,3,0,3,9,0,0,0.103,,-4.021,-2.124,-3.304,-1.0,-0.478,-10.927,-10.927,0.0,-27.508985609083474,,,,,,,,,,,,,,,,,,,,,,,,,,,,,,,,,,,-27.508985609083474
1264,590,Corbin Burnes,ARI| MIL| BAL,26,9,RIGHT,59,52,8,1,0,4,3,0,0,0.154,,-4.131,-2.124,-3.256,-1.0,-0.433,-10.945,-10.945,0.0,-27.554301042501937,,,,,,,,,,,,,,,,,,,,,,,,,,,,,,,,,,,-27.554301042501937
1265,591,Kwang Hyun Kim,SLN,22,9,LEFT,29,26,3,0,0,2,0,0,0,0.115,,-4.186,-2.124,-3.352,-1.0,-0.293,-10.956,-10.956,0.0,-27.58199380736877,,,,,,,,,,,,,,,,,,,,,,,,,,,,,,,,,,,-27.58199380736877
1266,592,Adrian Houser,CHA| TBA| MIL| NYN,26,9,RIGHT,46,42,3,2,2,2,2,0,0,0.071,,-4.076,-1.93,-3.352,-1.0,-0.614,-10.972,-10.972,0.0,-27.622274192629625,,,,,,,,,,,,,,,,,,,,,,,,,,,,,,,,,,,-27.622274192629625
1267,593,Vladimir Gutierrez,CIN| MIA,21,9,RIGHT,42,33,3,3,0,1,2,0,0,0.091,,-4.021,-2.124,-3.4,-1.0,-0.434,-10.979,-10.979,0.0,-27.63989686118125,,,,,,,,,,,,,,,,,,,,,,,,,,,,,,,,,,,-27.63989686118125
1268,594,Luis Castillo,SEA| CIN,30,9,RIGHT,59,49,8,1,0,2,1,0,0,0.163,,-4.131,-2.124,-3.352,-1.0,-0.373,-10.981,-10.981,0.0,-27.64493190933885,,,,,,,,,,,,,,,,,,,,,,,,,,,,,,,,,,,-27.64493190933885
1269,595,Mitch Keller,PIT,21,9,RIGHT,32,28,3,2,0,0,2,0,0,0.107,,-4.076,-2.124,-3.448,-1.0,-0.333,-10.982,-10.982,0.0,-27.647449433417652,,,,,,,,,,,,,,,,,,,,,,,,,,,,,,,,,,,-27.647449433417652
1270,596,Vimael Machin,BAL| OAK,14,9,LEFT,37,32,4,1,0,1,3,0,0,0.125,,-4.131,-2.124,-3.4,-1.0,-0.337,-10.993,-10.993,0.0,-27.67514219828449,,,,,,,,,,,,,,,,,,,,,,,,,,,,,,,,,,,-27.67514219828449
1271,597,Charlie Morton,ATL| BAL| DET| TBA,29,9,RIGHT,62,55,7,5,0,1,0,0,0,0.127,,-3.91,-2.124,-3.4,-1.0,-0.57,-11.005,-11.005,0.0,-27.705352487230137,,,,,,,,,,,,,,,,,,,,,,,,,,,,,,,,,,,-27.705352487230137
1272,598,Greg Deichmann,CHN,14,9,LEFT,31,30,4,0,0,1,1,0,0,0.133,,-4.186,-2.124,-3.4,-1.0,-0.297,-11.008,-11.008,0.0,-27.71290505946654,,,,,,,,,,,,,,,,,,,,,,,,,,,,,,,,,,,-27.71290505946654
1273,599,Johnny Cueto,SFN| CHA| MIA| ANA,21,9,RIGHT,37,29,2,1,0,0,3,1,0,0.069,,-4.131,-2.124,-3.448,-0.881,-0.43,-11.015,-11.015,0.0,-27.730527728018167,,,,,,,,,,,,,,,,,,,,,,,,,,,,,,,,,,,-27.730527728018167
1274,600,Cameron Maybin,CHN| DET| NYN,9,8,RIGHT,33,28,1,2,0,0,3,1,0,0.036,,-4.076,-2.124,-3.448,-0.881,-0.486,-11.016,-11.016,0.0,-27.733045252096968,,,,,,,,,,,,,,,,,,,,,,,,,,,,,,,,,,,-27.733045252096968
1275,601,Tyler Anderson,ANA| SFN| PIT| SEA| LAN,18,9,LEFT,40,39,4,1,1,1,1,0,0,0.103,,-4.131,-2.027,-3.4,-1.0,-0.478,-11.036,-11.036,0.0,-27.783395733673032,,,,,,,,,,,,,,,,,,,,,,,,,,,,,,,,,,,-27.783395733673032
1276,602,Jon Gray,TEX| COL,27,9,RIGHT,50,47,5,2,0,3,0,0,0,0.106,,-4.076,-2.124,-3.304,-1.0,-0.562,-11.066,-11.066,0.0,-27.85892145603713,,,,,,,,,,,,,,,,,,,,,,,,,,,,,,,,,,,-27.85892145603713
1277,603,Skye Bolt,OAK| SFN,24,9,SWITCH,60,57,5,3,1,4,1,0,0,0.088,,-4.021,-2.027,-3.256,-1.0,-0.763,-11.066,-11.066,0.0,-27.85892145603713,,,,,,,,,,,,,,,,,,,,,,,,,,,,,,,,,,,-27.85892145603713
1278,604,Blake Snell,LAN| TBA| SDN| SFN,23,9,LEFT,37,34,4,1,0,0,0,0,0,0.118,,-4.131,-2.124,-3.448,-1.0,-0.377,-11.081,-11.081,0.0,-27.896684317219183,,,,,,,,,,,,,,,,,,,,,,,,,,,,,,,,,,,-27.896684317219183
1279,605,Zack Wheeler,PHI,32,9,LEFT,73,68,11,1,0,3,0,0,0,0.162,,-4.131,-2.124,-3.304,-1.0,-0.526,-11.085,-11.085,0.0,-27.9067544135344,,,,,,,,,,,,,,,,,,,,,,,,,,,,,,,,,,,-27.9067544135344
1280,606,Edwin Rios,LAN| CHN| CIN,25,9,LEFT,60,51,4,4,1,1,7,0,0,0.078,,-3.965,-2.027,-3.4,-1.0,-0.719,-11.111,-11.111,0.0,-27.97221003958328,,,,,,,,,,,,,,,,,,,,,,,,,,,,,,,,,,,-27.97221003958328
1281,607,Adam Wainwright,SLN,33,9,RIGHT,74,57,7,1,0,4,3,0,0,0.123,,-4.131,-2.124,-3.256,-1.0,-0.61,-11.121,-11.121,0.0,-27.997385280371315,,,,,,,,,,,,,,,,,,,,,,,,,,,,,,,,,,,-27.997385280371315
1282,608,Domingo Leyba,ARI| BAL,31,9,SWITCH,96,87,10,6,1,4,8,0,0,0.115,,-3.855,-2.027,-3.256,-1.0,-0.983,-11.121,-11.121,0.0,-27.997385280371315,,,,,,,,,,,,,,,,,,,,,,,,,,,,,,,,,,,-27.997385280371315
1283,610,Austin Gomber,COL| SLN,20,9,LEFT,42,32,3,0,0,1,1,0,0,0.094,,-4.186,-2.124,-3.4,-1.0,-0.414,-11.124,-11.124,0.0,-28.004937852607725,,,,,,,,,,,,,,,,,,,,,,,,,,,,,,,,,,,-28.004937852607725
1284,609,Marcus Stroman,NYA| NYN| CHN,28,9,RIGHT,58,51,5,2,0,1,4,1,0,0.098,,-4.076,-2.124,-3.4,-0.881,-0.642,-11.124,-11.124,0.0,-28.004937852607725,,,,,,,,,,,,,,,,,,,,,,,,,,,,,,,,,,,-28.004937852607725
1285,611,Kyle Hendricks,ANA| CHN,30,9,RIGHT,61,52,6,3,0,1,2,0,0,0.115,,-4.021,-2.124,-3.4,-1.0,-0.586,-11.131,-11.131,0.0,-28.02256052115935,,,,,,,,,,,,,,,,,,,,,,,,,,,,,,,,,,,-28.02256052115935
1286,612,Curtis Terry,TEX,13,7,RIGHT,48,45,4,3,0,1,2,0,0,0.089,,-4.021,-2.124,-3.4,-1.0,-0.598,-11.143,-11.143,0.0,-28.052770810104988,,,,,,,,,,,,,,,,,,,,,,,,,,,,,,,,,,,-28.052770810104988
1287,613,Joe Musgrove,PIT| SDN,35,9,RIGHT,57,51,7,1,0,1,1,0,0,0.137,,-4.131,-2.124,-3.4,-1.0,-0.49,-11.145,-11.145,0.0,-28.05780585826259,,,,,,,,,,,,,,,,,,,,,,,,,,,,,,,,,,,-28.05780585826259
1288,614,JT Brubaker,NYA| SFN| PIT,24,9,RIGHT,43,38,3,0,0,3,4,0,0,0.079,,-4.186,-2.124,-3.304,-1.0,-0.534,-11.149,-11.149,0.0,-28.067875954577804,,,,,,,,,,,,,,,,,,,,,,,,,,,,,,,,,,,-28.067875954577804
1289,615,Pablo Lopez,MIN| MIA,18,9,LEFT,35,33,2,2,0,0,0,0,0,0.061,,-4.076,-2.124,-3.448,-1.0,-0.51,-11.159,-11.159,0.0,-28.09305119536584,,,,,,,,,,,,,,,,,,,,,,,,,,,,,,,,,,,-28.09305119536584
1290,616,Brett Anderson,MIL,21,9,LEFT,34,28,0,2,0,1,4,0,0,0.0,,-4.076,-2.124,-3.4,-1.0,-0.562,-11.163,-11.163,0.0,-28.10312129168105,,,,,,,,,,,,,,,,,,,,,,,,,,,,,,,,,,,-28.10312129168105
1291,617,Luis Campusano,SDN,11,8,RIGHT,38,34,3,0,0,1,4,0,0,0.088,,-4.186,-2.124,-3.4,-1.0,-0.454,-11.165,-11.165,0.0,-28.108156339838654,,,,,,,,,,,,,,,,,,,,,,,,,,,,,,,,,,,-28.108156339838654
1292,618,Wil Crowe,WAS| PIT,25,9,RIGHT,41,35,2,2,0,0,1,0,0,0.057,,-4.076,-2.124,-3.448,-1.0,-0.55,-11.199,-11.199,0.0,-28.19375215851797,,,,,,,,,,,,,,,,,,,,,,,,,,,,,,,,,,,-28.19375215851797
1293,619,Adbert Alzolay,CHN,26,9,RIGHT,33,31,2,0,0,0,1,0,0,0.065,,-4.186,-2.124,-3.448,-1.0,-0.47,-11.229,-11.229,0.0,-28.269277880882065,,,,,,,,,,,,,,,,,,,,,,,,,,,,,,,,,,,-28.269277880882065
1294,620,Patrick Corbin,TEX| WAS,28,9,LEFT,63,53,7,1,0,0,3,0,0,0.132,,-4.131,-2.124,-3.448,-1.0,-0.53,-11.234,-11.234,0.0,-28.281865501276084,,,,,,,,,,,,,,,,,,,,,,,,,,,,,,,,,,,-28.281865501276084
1295,622,Trevor Bauer,CIN| LAN,14,9,RIGHT,34,30,1,0,0,1,1,0,0,0.033,,-4.186,-2.124,-3.4,-1.0,-0.526,-11.237,-11.237,0.0,-28.289418073512493,,,,,,,,,,,,,,,,,,,,,,,,,,,,,,,,,,,-28.289418073512493
1296,623,Zach Eflin,BAL| PHI| TBA,17,9,RIGHT,37,29,0,1,0,1,1,0,0,0.0,,-4.131,-2.124,-3.4,-1.0,-0.582,-11.238,-11.238,0.0,-28.291935597591294,,,,,,,,,,,,,,,,,,,,,,,,,,,,,,,,,,,-28.291935597591294
1297,624,Walker Buehler,BOS| PHI| LAN,33,9,RIGHT,82,69,7,4,0,3,5,0,0,0.101,,-3.965,-2.124,-3.304,-1.0,-0.851,-11.245,-11.245,0.0,-28.30955826614292,,,,,,,,,,,,,,,,,,,,,,,,,,,,,,,,,,,-28.30955826614292
1298,625,Brandon Woodruff,MIL,28,9,LEFT,58,52,6,0,0,2,3,0,0,0.115,,-4.186,-2.124,-3.352,-1.0,-0.586,-11.249,-11.249,0.0,-28.319628362458136,,,,,,,,,,,,,,,,,,,,,,,,,,,,,,,,,,,-28.319628362458136
1299,626,Freddy Peralta,MIL,26,9,RIGHT,45,43,4,1,0,0,1,0,0,0.093,,-4.131,-2.124,-3.448,-1.0,-0.558,-11.262,-11.262,0.0,-28.352356175482576,,,,,,,,,,,,,,,,,,,,,,,,,,,,,,,,,,,-28.352356175482576
1300,627,Alec Mills,CHN| CIN,24,9,RIGHT,36,32,1,1,0,0,0,0,0,0.031,,-4.131,-2.124,-3.448,-1.0,-0.566,-11.27,-11.27,0.0,-28.372496368113,,,,,,,,,,,,,,,,,,,,,,,,,,,,,,,,,,,-28.372496368113
1301,628,Taijuan Walker,PHI| SEA| TOR| NYN,27,9,SWITCH,51,47,5,0,0,1,1,0,0,0.106,,-4.186,-2.124,-3.4,-1.0,-0.562,-11.273,-11.273,0.0,-28.38004894034941,,,,,,,,,,,,,,,,,,,,,,,,,,,,,,,,,,,-28.38004894034941
1302,629,Yu Darvish,SDN| CHN,29,9,RIGHT,55,53,5,2,0,1,0,0,0,0.094,,-4.076,-2.124,-3.4,-1.0,-0.682,-11.283,-11.283,0.0,-28.405224181137445,,,,,,,,,,,,,,,,,,,,,,,,,,,,,,,,,,,-28.405224181137445
1303,630,Antonio Senzatela,COL,26,9,RIGHT,51,39,2,1,0,1,0,0,0,0.051,,-4.131,-2.124,-3.4,-1.0,-0.63,-11.286,-11.286,0.0,-28.41277675337385,,,,,,,,,,,,,,,,,,,,,,,,,,,,,,,,,,,-28.41277675337385
1304,631,Ian Anderson,ANA| ATL,22,9,RIGHT,41,37,2,0,0,0,1,0,0,0.054,,-4.186,-2.124,-3.448,-1.0,-0.59,-11.349,-11.349,0.0,-28.571380770338465,,,,,,,,,,,,,,,,,,,,,,,,,,,,,,,,,,,-28.571380770338465
1305,632,Drew Smyly,SFN| ATL| CHN,25,9,LEFT,43,41,3,0,0,0,0,0,0,0.073,,-4.186,-2.124,-3.448,-1.0,-0.594,-11.353,-11.353,0.0,-28.581450866653675,,,,,,,,,,,,,,,,,,,,,,,,,,,,,,,,,,,-28.581450866653675
1306,633,Merrill Kelly,ARI| TEX,27,9,RIGHT,58,47,3,1,0,1,4,0,0,0.064,,-4.131,-2.124,-3.4,-1.0,-0.715,-11.37,-11.37,0.0,-28.62424877599333,,,,,,,,,,,,,,,,,,,,,,,,,,,,,,,,,,,-28.62424877599333
1307,634,Chris Paddack,DET| MIN| SDN,23,9,RIGHT,42,35,1,0,0,0,1,0,0,0.029,,-4.186,-2.124,-3.448,-1.0,-0.626,-11.386,-11.386,0.0,-28.664529161254183,,,,,,,,,,,,,,,,,,,,,,,,,,,,,,,,,,,-28.664529161254183
1308,635,Trevor Rogers,BAL| MIA,25,9,LEFT,46,43,3,0,0,0,1,0,0,0.07,,-4.186,-2.124,-3.448,-1.0,-0.634,-11.393,-11.393,0.0,-28.682151829805807,,,,,,,,,,,,,,,,,,,,,,,,,,,,,,,,,,,-28.682151829805807
1309,636,Erick Fedde,ATL| MIL| SLN| WAS| CHA,25,9,RIGHT,43,36,0,0,0,1,1,0,0,0.0,,-4.186,-2.124,-3.4,-1.0,-0.723,-11.434,-11.434,0.0,-28.78537031703674,,,,,,,,,,,,,,,,,,,,,,,,,,,,,,,,,,,-28.78537031703674
1310,637,Anthony DeSclafani,ARI| CIN| SFN,30,9,RIGHT,62,51,2,2,0,1,4,0,0,0.039,,-4.076,-2.124,-3.4,-1.0,-0.871,-11.472,-11.472,0.0,-28.881036232031263,,,,,,,,,,,,,,,,,,,,,,,,,,,,,,,,,,,-28.881036232031263
1311,638,Alex Wood,LAN| SFN| OAK,24,9,RIGHT,47,38,0,0,0,0,5,0,1,0.0,,-4.186,-2.124,-3.448,-1.0,-0.763,-11.522,-11.522,0.0,-29.00691243597143,,,,,,,,,,,,,,,,,,,,,,,,,,,,,,,,,,,-29.00691243597143
1312,639,Tyler Mahle,TEX| CIN| MIN,31,9,RIGHT,66,55,3,1,0,1,4,0,0,0.055,,-4.131,-2.124,-3.4,-1.0,-0.875,-11.531,-11.531,0.0,-29.029570152680662,,,,,,,,,,,,,,,,,,,,,,,,,,,,,,,,,,,-29.029570152680662
1313,640,Sandy Alcantara,MIA,29,9,RIGHT,64,58,2,0,0,0,3,0,0,0.034,,-4.186,-2.124,-3.448,-1.0,-1.012,-11.771,-11.771,0.0,-29.63377593159345,,,,,,,,,,,,,,,,,,,,,,,,,,,,,,,,,,,-29.63377593159345
1314,641,Max Scherzer,TOR| WAS| LAN| NYN| TEX,27,9,RIGHT,63,59,0,0,0,1,0,0,0,0.0,,-4.186,-2.124,-3.4,-1.0,-1.185,-11.896,-11.896,0.0,-29.94846644144386,,,,,,,,,,,,,,,,,,,,,,,,,,,,,,,,,,,-29.94846644144386
