TRank,H-Unnamed: 0,H-Name,H-Team,H-GP,H-BO,H-L/R,H-PA,H-AB,H-H,H-R,H-HR,H-RBI,H-BB,H-SB,H-CS,H-AVG,H-POS,H-R-Z,H-HR-Z,H-RBI-Z,H-SB-Z,H-AVG-Z,H-SUM-Z,H-SUM-Z-A,H-Adj-Val,H-ACV,H-Unnamed: 26,P-Unnamed: 0,P-Name,P-Team,P-L/R,P-POS,P-IP,P-GS,P-GP,P-HA,P-R,P-ER,P-HR,P-BB,P-K,P-W,P-L,P-S,P-HD,P-BS,P-ERA,P-WHIP,P-SB,P-CS,P-SBP,P-W-Z,P-K-Z,P-S-Z,P-ERA-Z,P-WHIP-Z,P-Z-SUM,P-Z-SUM-A,P-ACV,P-Unnamed: 32,ACV
1,1,Shohei Ohtani,LAN| ANA,159,1,LEFT,731,636,197,134,54,130,81,59,4,0.31,DH,3.405,3.784,3.039,4.036,2.557,16.822,19.3945,2.5725,51.58760802198299,,,,,,,,,,,,,,,,,,,,,,,,,,,,,,,,,,,51.58760802198299
2,2,Aaron Judge,NYA,158,3,RIGHT,704,559,180,122,58,144,133,10,0,0.322,CF| DH,2.744,4.232,3.741,-0.146,2.775,13.345,17.733,4.388,47.16816896820358,,,,,,,,,,,,,,,,,,,,,,,,,,,,,,,,,,,47.16816896820358
3,3,Bobby Witt,KCA,161,2,RIGHT,709,636,211,125,32,109,57,31,12,0.332,SS,2.909,1.325,1.985,1.646,3.634,11.5,17.58,6.08,46.76120286815648,,,,,,,,,,,,,,,,,,,,,,,,,,,,,,,,,,,46.76120286815648
4,4,Jose Ramirez,CLE,158,3,SWITCH,682,620,173,114,39,118,54,41,7,0.279,3B| DH,2.303,2.108,2.437,2.5,1.028,10.375,14.481,4.106,38.51814441033982,,,,,,,,,,,,,,,,,,,,,,,,,,,,,,,,,,,38.51814441033982
5,6,Gunnar Henderson,BAL,159,1,LEFT,719,630,177,118,37,92,78,21,4,0.281,SS,2.524,1.884,1.132,0.792,1.138,7.47,13.55,6.08,36.041768991099,,,,,,,,,,,,,,,,,,,,,,,,,,,,,,,,,,,36.041768991099
6,7,Elly De La Cruz,CIN,160,2,SWITCH,696,618,160,105,25,76,69,67,16,0.259,SS,1.807,0.543,0.329,4.719,0.068,7.467,13.547,6.08,36.03378926364709,,,,,,,,,,,,,,,,,,,,,,,,,,,,,,,,,,,36.03378926364709
7,8,Francisco Lindor,NYN| CLE,152,1,SWITCH,689,618,169,107,33,91,56,29,4,0.273,SS,1.918,1.437,1.082,1.475,0.76,6.672,12.752,6.08,33.91916148889257,,,,,,,,,,,,,,,,,,,,,,,,,,,,,,,,,,,33.91916148889257
8,5,Juan Soto,NYN| WAS| SDN| NYA,157,2,LEFT,713,576,166,128,41,109,129,7,4,0.288,RF,3.075,2.331,1.985,-0.403,1.361,8.35,12.738,4.388,33.88192276078369,,,,,,,,,,,,,,,,,,,,,,,,,,,,,,,,,,,33.88192276078369
9,14,Willy Adames,SFN| TBA| MIL,161,4,RIGHT,688,610,153,93,32,112,74,21,4,0.251,SS,1.146,1.325,2.136,0.792,-0.312,5.088,11.168,6.08,29.705865394287347,,,,,,,,,,,,,,,,,,,,,,,,,,,,,,,,,,,29.705865394287347
10,,,,,,,,,,,,,,,,,,,,,,,,,,,,1,Tarik Skubal,DET,LEFT,SP,192.0,31,31,142,54,51,15,35,228,18,4,0,0,0,2.391,0.922,3,3,0.016,2.393,1.991,-0.501,2.396,2.528,8.806,15.596,29.333849180249807,,29.333849180249807
11,20,William Contreras,MIL| ATL,155,2,RIGHT,679,595,167,99,23,92,78,9,2,0.281,CC| DH,1.477,0.319,1.132,-0.232,1.062,3.758,10.54,6.782,28.03544244768881,,,,,,,,,,,,,,,,,,,,,,,,,,,,,,,,,,,28.03544244768881
12,,,,,,,,,,,,,,,,,,,,,,,,,,,,2,Zack Wheeler,PHI,RIGHT,SP,200.0,32,32,139,62,57,20,52,224,16,7,0,0,0,2.565,0.955,8,3,0.04,1.872,1.905,-0.501,2.171,2.314,7.761,14.551,27.36835338688221,,27.36835338688221
13,12,Jarren Duran,BOS,160,1,LEFT,735,671,191,111,21,75,54,34,7,0.285,LF| CF,2.138,0.096,0.279,1.902,1.403,5.818,10.206,4.388,27.14703279137685,,,,,,,,,,,,,,,,,,,,,,,,,,,,,,,,,,,27.14703279137685
14,,,,,,,,,,,,,,,,,,,,,,,,,,,,3,Chris Sale,ATL| BOS,LEFT,SP,177.66666666666666,29,29,141,48,47,9,39,225,18,3,0,0,0,2.381,1.013,12,4,0.068,2.393,1.926,-0.501,2.233,1.558,7.609,14.399,27.082463089665104,,27.082463089665104
15,9,Vladimir Guerrero,TOR,159,3,RIGHT,697,616,199,98,30,103,72,2,2,0.323,DH| 1B,1.422,1.102,1.684,-0.829,3.107,6.485,9.915,3.43,26.37299922854218,,,,,,,,,,,,,,,,,,,,,,,,,,,,,,,,,,,26.37299922854218
16,15,Yordan Alvarez,HOU,147,3,LEFT,635,552,170,88,35,86,69,6,0,0.308,LF| DH,0.871,1.661,0.831,-0.488,2.144,5.019,9.407,4.388,25.0217653800198,,,,,,,,,,,,,,,,,,,,,,,,,,,,,,,,,,,25.0217653800198
17,13,Ketel Marte,ARI,135,2,SWITCH,583,504,147,93,36,95,65,7,1,0.292,2B| DH,1.146,1.772,1.283,-0.403,1.326,5.124,9.349,4.225,24.86749064928299,,,,,,,,,,,,,,,,,,,,,,,,,,,,,,,,,,,24.86749064928299
18,10,Marcell Ozuna,ATL,162,3,RIGHT,688,606,183,96,39,104,74,1,0,0.302,DH,1.312,2.108,1.734,-0.915,2.075,6.313,8.8855,2.5725,23.634622757963847,,,,,,,,,,,,,,,,,,,,,,,,,,,,,,,,,,,23.634622757963847
19,11,Brent Rooker,ATH| MIN| KCA| SDN| OAK,145,3,RIGHT,614,546,160,82,39,112,59,11,3,0.293,DH,0.54,2.108,2.136,-0.061,1.494,6.216,8.7885,2.5725,23.37661157035229,,,,,,,,,,,,,,,,,,,,,,,,,,,,,,,,,,,23.37661157035229
20,29,Trea Turner,PHI| WAS| LAN,121,2,RIGHT,539,505,149,88,21,62,27,19,4,0.295,SS,0.871,0.096,-0.373,0.622,1.46,2.675,8.754999999999999,6.08,23.28750461380603,,,,,,,,,,,,,,,,,,,,,,,,,,,,,,,,,,,23.28750461380603
21,,,,,,,,,,,,,,,,,,,,,,,,,,,,4,Logan Gilbert,SEA,RIGHT,SP,208.66666666666663,33,33,148,83,75,26,37,220,9,12,0,0,0,3.235,0.887,14,4,0.067,0.05,1.819,-0.501,0.965,3.102,5.435,12.225,22.993479496573087,,22.993479496573087
22,17,Teoscar Hernandez,LAN| TOR| SEA,154,4,RIGHT,652,589,160,84,33,99,53,12,3,0.272,LF| RF,0.65,1.437,1.483,0.024,0.642,4.237,8.625,4.388,22.94171642422353,,,,,,,,,,,,,,,,,,,,,,,,,,,,,,,,,,,22.94171642422353
23,,,,,,,,,,,,,,,,,,,,,,,,,,,,5,Emmanuel Clase,CLE,RIGHT,RP,74.33333333333334,0,74,39,10,5,2,10,66,4,2,47,0,0,0.605,0.659,1,0,0.013,-1.251,-1.503,3.617,2.162,1.92,4.945,11.735,22.07185945949163,,22.07185945949163
24,18,Corbin Carroll,ARI,155,1,LEFT,684,589,136,120,22,74,73,35,8,0.231,RF| CF,2.634,0.208,0.229,1.987,-1.204,3.854,8.242,4.388,21.92297121953048,,,,,,,,,,,,,,,,,,,,,,,,,,,,,,,,,,,21.92297121953048
25,,,,,,,,,,,,,,,,,,,,,,,,,,,,6,Seth Lugo,KCA| NYN| SDN,RIGHT,SP,206.66666666666669,33,33,177,75,69,16,48,181,16,9,0,0,0,3.005,1.089,5,5,0.024,1.872,0.977,-0.501,1.398,1.059,4.805,11.595,21.808539448896926,,21.808539448896926
26,,,,,,,,,,,,,,,,,,,,,,,,,,,,7,Shota Imanaga,CHN,LEFT,SP,173.33333333333334,29,29,149,66,56,27,28,174,15,3,0,0,0,2.908,1.021,3,2,0.017,1.612,0.826,-0.501,1.329,1.453,4.719,11.509,21.64678572810304,,21.64678572810304
27,43,Salvador Perez,KCA,158,4,RIGHT,652,590,160,58,27,104,44,0,0,0.271,CC| DH| 1B,-0.782,0.766,1.734,-1.0,0.622,1.341,8.123,6.782,21.606442030604956,,,,,,,,,,,,,,,,,,,,,,,,,,,,,,,,,,,21.606442030604956
28,,,,,,,,,,,,,,,,,,,,,,,,,,,,8,Paul Skenes,PIT,RIGHT,SP,133.0,23,23,94,31,29,10,32,170,11,3,0,0,0,1.962,0.947,6,1,0.045,0.571,0.74,-0.501,2.189,1.588,4.587,11.377,21.398512575256603,,21.398512575256603
29,,,,,,,,,,,,,,,,,,,,,,,,,,,,9,Corbin Burnes,ARI| MIL| BAL,RIGHT,SP,194.3333333333333,32,32,165,76,63,22,48,181,15,9,0,0,0,2.918,1.096,41,6,0.211,1.612,0.977,-0.501,1.472,0.927,4.487,11.277,21.21042685340325,,21.21042685340325
30,47,Yainer Diaz,HOU,148,4,RIGHT,619,585,175,70,16,84,24,2,0,0.299,DH| CC,-0.121,-0.463,0.731,-0.829,1.875,1.192,7.974,6.782,21.2101155671604,,,,,,,,,,,,,,,,,,,,,,,,,,,,,,,,,,,21.2101155671604
31,22,Jackson Merrill,SDN,154,6,LEFT,593,554,162,77,24,90,29,16,3,0.292,CF,0.265,0.431,1.032,0.366,1.489,3.582,7.97,4.388,21.19947593055786,,,,,,,,,,,,,,,,,,,,,,,,,,,,,,,,,,,21.19947593055786
32,,,,,,,,,,,,,,,,,,,,,,,,,,,,10,Dylan Cease,SDN| CHA,RIGHT,SP,189.33333333333331,33,33,137,80,73,18,65,224,14,11,0,0,0,3.47,1.067,6,3,0.032,1.351,1.905,-0.501,0.461,1.169,4.386,11.176,21.02046027433136,,21.02046027433136
33,23,Anthony Santander,TOR| BAL,155,4,SWITCH,665,595,140,91,44,102,58,2,0,0.235,RF| DH,1.036,2.667,1.634,-0.829,-1.015,3.492,7.88,4.388,20.960084107000743,,,,,,,,,,,,,,,,,,,,,,,,,,,,,,,,,,,20.960084107000743
34,19,Manny Machado,SDN,152,4,RIGHT,643,593,163,77,29,105,45,11,2,0.275,3B| DH,0.265,0.99,1.784,-0.061,0.794,3.772,7.878,4.106,20.95476428869948,,,,,,,,,,,,,,,,,,,,,,,,,,,,,,,,,,,20.95476428869948
35,21,Jose Altuve,HOU,153,1,RIGHT,682,628,185,94,20,65,47,22,7,0.295,2B,1.201,-0.016,-0.222,0.878,1.793,3.633,7.858,4.225,20.901566105686783,,,,,,,,,,,,,,,,,,,,,,,,,,,,,,,,,,,20.901566105686783
36,,,,,,,,,,,,,,,,,,,,,,,,,,,,11,Bryce Miller,SEA,RIGHT,SP,180.3333333333333,31,31,131,62,59,21,45,171,12,8,0,0,0,2.945,0.976,10,7,0.055,0.831,0.762,-0.501,1.321,1.904,4.317,11.107,20.890681126252534,,20.890681126252534
37,38,Mookie Betts,LAN,116,1,RIGHT,516,450,130,75,19,75,61,16,2,0.289,RF| SS,0.154,-0.128,0.279,0.366,1.087,1.759,7.839,6.08,20.851027831824727,,,,,,,,,,,,,,,,,,,,,,,,,,,,,,,,,,,20.851027831824727
38,39,Ezequiel Tovar,COL,157,2,RIGHT,695,655,176,83,26,78,23,6,5,0.269,SS,0.595,0.655,0.43,-0.488,0.566,1.758,7.838,6.08,20.84836792267409,,,,,,,,,,,,,,,,,,,,,,,,,,,,,,,,,,,20.84836792267409
39,48,Cal Raleigh,SEA,153,3,SWITCH,628,546,120,73,34,100,70,6,1,0.22,CC,0.044,1.549,1.534,-0.488,-1.583,1.056,7.838,6.782,20.84836792267409,,,,,,,,,,,,,,,,,,,,,,,,,,,,,,,,,,,20.84836792267409
40,42,Zach Neto,ANA,155,2,RIGHT,602,542,135,69,23,77,39,30,10,0.249,SS,-0.176,0.319,0.38,1.561,-0.35,1.734,7.814,6.08,20.78453010305886,,,,,,,,,,,,,,,,,,,,,,,,,,,,,,,,,,,20.78453010305886
41,25,Jurickson Profar,ATL| SDN| COL,158,2,SWITCH,668,564,158,94,24,85,76,10,3,0.28,LF,1.201,0.431,0.781,-0.146,0.983,3.25,7.638,4.388,20.31638609254717,,,,,,,,,,,,,,,,,,,,,,,,,,,,,,,,,,,20.31638609254717
42,,,,,,,,,,,,,,,,,,,,,,,,,,,,12,Framber Valdez,HOU,LEFT,SP,176.33333333333334,28,28,140,60,57,13,55,169,15,7,0,0,0,2.909,1.106,9,1,0.051,1.612,0.718,-0.501,1.35,0.758,3.936,10.726,20.17407452599124,,20.17407452599124
43,26,Jazz Chisholm,NYA| MIA,147,1,LEFT,621,562,144,74,24,73,53,40,10,0.256,CF| 3B,0.099,0.431,0.179,2.414,-0.054,3.07,7.458,4.388,19.83760244543294,,,,,,,,,,,,,,,,,,,,,,,,,,,,,,,,,,,19.83760244543294
44,,,,,,,,,,,,,,,,,,,,,,,,,,,,13,Jack Flaherty,DET| SLN| BAL| LAN,RIGHT,SP,162.00000000000003,28,28,135,61,57,24,38,194,13,7,0,0,0,3.167,1.068,11,4,0.068,1.091,1.258,-0.501,0.852,0.993,3.692,10.482,19.715145364669045,,19.715145364669045
45,16,Kyle Schwarber,PHI| CHN| BOS| WAS,150,1,LEFT,692,573,142,110,38,104,106,5,3,0.248,DH,2.083,1.996,1.734,-0.573,-0.425,4.815,7.387500000000001,2.5725,19.6500788503132,,,,,,,,,,,,,,,,,,,,,,,,,,,,,,,,,,,19.6500788503132
46,44,Oneil Cruz,PIT,145,3,LEFT,599,541,140,71,21,76,51,22,1,0.259,SS| CF,-0.066,0.096,0.329,0.878,0.054,1.292,7.372,6.08,19.60885025847836,,,,,,,,,,,,,,,,,,,,,,,,,,,,,,,,,,,19.60885025847836
47,46,CJ Abrams,WAS| SDN,137,1,LEFT,602,541,133,78,20,65,40,31,12,0.246,SS,0.32,-0.016,-0.222,1.646,-0.484,1.243,7.323,6.08,19.478514710097265,,,,,,,,,,,,,,,,,,,,,,,,,,,,,,,,,,,19.478514710097265
48,,,,,,,,,,,,,,,,,,,,,,,,,,,,14,Ronel Blanco,HOU,RIGHT,SP,167.33333333333331,29,30,114,56,52,22,68,166,13,6,0,0,0,2.797,1.088,7,3,0.042,1.091,0.654,-0.501,1.456,0.866,3.566,10.356,19.478157355133817,,19.478157355133817
49,,,,,,,,,,,,,,,,,,,,,,,,,,,,15,Ryan Helsley,NYN| SLN,RIGHT,RP,66.33333333333333,0,65,50,19,15,3,23,79,7,4,49,0,0,2.035,1.101,4,1,0.06,-0.47,-1.223,3.792,1.047,0.302,3.448,10.238,19.25621620334685,,19.25621620334685
50,,,,,,,,,,,,,,,,,,,,,,,,,,,,16,Cole Ragans,KCA| TEX,LEFT,SP,186.33333333333331,32,32,146,71,65,15,67,223,11,9,0,0,0,3.139,1.143,8,3,0.043,0.571,1.883,-0.501,1.027,0.466,3.446,10.236,19.252454488909788,,19.252454488909788
51,,,,,,,,,,,,,,,,,,,,,,,,,,,,17,Kirby Yates,LAN| SDN| ATL| TEX,RIGHT,RP,61.66666666666666,0,61,23,10,8,3,28,85,7,2,33,0,0,1.168,0.827,7,0,0.114,-0.47,-1.093,2.39,1.471,1.094,3.392,10.182,19.150888199108973,,19.150888199108973
52,,,,,,,,,,,,,,,,,,,,,,,,,,,,18,George Kirby,SEA,RIGHT,SP,191.0,33,33,181,82,75,22,23,179,14,11,0,0,0,3.534,1.068,24,6,0.126,1.351,0.934,-0.501,0.352,1.169,3.305,10.095,18.98725362109655,,18.98725362109655
53,,,,,,,,,,,,,,,,,,,,,,,,,,,,19,Mike King,SDN| NYA,RIGHT,SP,173.66666666666666,30,31,144,71,57,17,63,201,13,9,0,0,0,2.954,1.192,8,3,0.046,1.091,1.409,-0.501,1.257,0.026,3.282,10.072,18.943993905070275,,18.943993905070275
54,30,Brenton Doyle,COL,147,3,RIGHT,603,542,141,82,23,72,46,30,4,0.26,CF,0.54,0.319,0.129,1.561,0.112,2.66,7.048,4.388,18.747039693672747,,,,,,,,,,,,,,,,,,,,,,,,,,,,,,,,,,,18.747039693672747
55,52,Corey Seager,TEX| LAN,123,2,LEFT,533,475,132,68,30,74,53,1,1,0.278,SS,-0.231,1.102,0.229,-0.915,0.746,0.931,7.011,6.08,18.648623055099268,,,,,,,,,,,,,,,,,,,,,,,,,,,,,,,,,,,18.648623055099268
56,54,Jeremy Pena,HOU,157,5,RIGHT,650,602,160,78,15,70,25,20,6,0.266,SS,0.32,-0.575,0.028,0.707,0.385,0.865,6.945,6.08,18.47306905115738,,,,,,,,,,,,,,,,,,,,,,,,,,,,,,,,,,,18.47306905115738
57,31,Jackson Chourio,MIL,144,1,RIGHT,573,528,145,79,21,79,39,22,7,0.275,LF| RF,0.375,0.096,0.48,0.878,0.696,2.525,6.913,4.388,18.38795195833708,,,,,,,,,,,,,,,,,,,,,,,,,,,,,,,,,,,18.38795195833708
58,,,,,,,,,,,,,,,,,,,,,,,,,,,,20,Raisel Iglesias,ATL| CIN| ANA,RIGHT,RP,69.33333333333331,0,66,38,19,15,4,13,68,6,2,34,0,0,1.947,0.736,2,0,0.029,-0.731,-1.46,2.478,1.151,1.536,2.974,9.764,18.364689881761933,,18.364689881761933
59,24,Bryce Harper,PHI,145,3,LEFT,631,550,157,85,30,87,76,7,4,0.285,1B,0.705,1.102,0.881,-0.403,1.184,3.47,6.9,3.43,18.353373139378824,,,,,,,,,,,,,,,,,,,,,,,,,,,,,,,,,,,18.353373139378824
60,,,,,,,,,,,,,,,,,,,,,,,,,,,,21,Hunter Greene,CIN,RIGHT,SP,150.33333333333334,26,26,96,47,46,12,57,169,9,5,0,0,0,2.754,1.018,14,3,0.093,0.05,0.718,-0.501,1.368,1.285,2.92,9.71,18.26312359196112,,18.26312359196112
61,27,Eugenio Suarez,ARI| SEA| CIN,157,7,RIGHT,640,571,146,90,30,101,49,2,1,0.256,3B,0.981,1.102,1.584,-0.829,-0.078,2.759,6.865,4.106,18.26027631910661,,,,,,,,,,,,,,,,,,,,,,,,,,,,,,,,,,,18.26027631910661
62,,,,,,,,,,,,,,,,,,,,,,,,,,,,22,Sean Manaea,NYN| OAK| SDN| SFN,LEFT,SP,181.66666666666663,32,32,134,75,70,21,63,184,12,6,0,0,0,3.468,1.084,23,3,0.127,0.831,1.042,-0.501,0.446,0.969,2.787,9.577,18.01296958189615,,18.01296958189615
63,,,,,,,,,,,,,,,,,,,,,,,,,,,,23,Bailey Ober,MIN,RIGHT,SP,178.66666666666666,31,31,136,81,79,27,43,191,12,9,0,0,0,3.979,1.002,3,2,0.017,0.831,1.193,-0.501,-0.411,1.663,2.775,9.565,17.990399295273747,,17.990399295273747
64,,,,,,,,,,,,,,,,,,,,,,,,,,,,24,Sonny Gray,SLN| CIN| MIN,RIGHT,SP,166.33333333333331,28,28,142,79,71,21,39,203,13,9,0,0,0,3.842,1.088,25,5,0.15,1.091,1.452,-0.501,-0.17,0.857,2.729,9.519,17.903879863221203,,17.903879863221203
65,,,,,,,,,,,,,,,,,,,,,,,,,,,,25,Ryan Walker,SFN,RIGHT,RP,80.00000000000001,1,76,50,19,17,5,18,99,10,4,10,0,0,1.913,0.85,8,2,0.1,0.31,-0.791,0.375,1.354,1.33,2.579,9.369,17.621751280441167,,17.621751280441167
66,,,,,,,,,,,,,,,,,,,,,,,,,,,,26,Tanner Bibee,CLE,RIGHT,SP,173.66666666666666,31,31,150,70,67,22,44,187,12,8,0,0,0,3.472,1.117,6,6,0.035,0.831,1.107,-0.501,0.42,0.652,2.509,9.299,17.490091275143815,,17.490091275143815
67,33,Matt Chapman,SFN| OAK| TOR,154,4,RIGHT,647,575,142,98,27,78,64,15,2,0.247,3B,1.422,0.766,0.43,0.28,-0.465,2.433,6.539,4.106,17.39314593599973,,,,,,,,,,,,,,,,,,,,,,,,,,,,,,,,,,,17.39314593599973
68,,,,,,,,,,,,,,,,,,,,,,,,,,,,27,Aaron Nola,PHI,RIGHT,SP,199.33333333333331,33,33,189,84,79,30,50,197,14,8,0,0,0,3.567,1.199,12,6,0.06,1.351,1.322,-0.501,0.306,-0.038,2.441,9.231,17.36219298428353,,17.36219298428353
69,35,Bryan Reynolds,PIT,156,2,SWITCH,692,622,171,73,24,88,57,10,2,0.275,LF| DH| RF,0.044,0.431,0.931,-0.146,0.835,2.095,6.4830000000000005,4.388,17.24419102356419,,,,,,,,,,,,,,,,,,,,,,,,,,,,,,,,,,,17.24419102356419
70,,,,,,,,,,,,,,,,,,,,,,,,,,,,28,Josh Hader,HOU| MIL| SDN,LEFT,RP,71.0,0,71,43,33,30,12,25,105,8,8,34,0,0,3.803,0.958,5,1,0.07,-0.21,-0.662,2.478,-0.047,0.812,2.371,9.161,17.23053297898618,,17.23053297898618
71,,,,,,,,,,,,,,,,,,,,,,,,,,,,29,Jose Berrios,TOR| MIN,RIGHT,SP,192.33333333333331,32,32,168,79,77,31,54,153,16,11,0,0,0,3.603,1.154,12,5,0.062,1.872,0.373,-0.501,0.231,0.378,2.353,9.143,17.196677549052577,,17.196677549052577
72,,,,,,,,,,,,,,,,,,,,,,,,,,,,30,Reynaldo Lopez,ATL| CHA| ANA| CLE,RIGHT,SP,135.66666666666669,25,26,108,32,30,10,42,148,8,5,0,0,0,1.99,1.106,20,1,0.147,-0.21,0.266,-0.501,2.198,0.584,2.337,9.127,17.16658383355604,,17.16658383355604
73,,,,,,,,,,,,,,,,,,,,,,,,,,,,31,Luis Gil,NYA,RIGHT,SP,151.66666666666669,29,29,104,60,59,18,77,171,15,7,0,0,0,3.501,1.193,6,2,0.04,1.612,0.762,-0.501,0.326,0.012,2.21,9.0,16.927714966802274,,16.927714966802274
74,34,Rafael Devers,BOS| SFN,138,4,LEFT,601,525,143,87,28,83,67,3,0,0.272,3B,0.816,0.878,0.681,-0.744,0.602,2.233,6.339,4.106,16.861164105872806,,,,,,,,,,,,,,,,,,,,,,,,,,,,,,,,,,,16.861164105872806
75,66,Anthony Volpe,NYA,159,1,RIGHT,689,637,155,89,12,60,42,28,7,0.243,SS,0.926,-0.91,-0.473,1.39,-0.693,0.239,6.319,6.08,16.807965922860113,,,,,,,,,,,,,,,,,,,,,,,,,,,,,,,,,,,16.807965922860113
76,,,,,,,,,,,,,,,,,,,,,,,,,,,,32,Tyler Glasnow,LAN| TBA,RIGHT,SP,134.0,22,22,92,53,52,15,35,168,9,6,0,0,0,3.493,0.948,14,4,0.104,0.05,0.697,-0.501,0.299,1.597,2.142,8.932,16.79981667594199,,16.79981667594199
77,,,,,,,,,,,,,,,,,,,,,,,,,,,,33,Robert Suarez,SDN,RIGHT,RP,65.0,0,65,52,21,20,7,16,59,9,3,36,0,0,2.769,1.046,0,1,0.0,0.05,-1.654,2.653,0.582,0.466,2.098,8.888,16.71705895832651,,16.71705895832651
78,37,Julio Rodriguez,SEA,141,2,RIGHT,613,567,155,76,20,68,38,24,5,0.273,CF,0.21,-0.016,-0.072,1.049,0.693,1.863,6.251,4.388,16.62709210061696,,,,,,,,,,,,,,,,,,,,,,,,,,,,,,,,,,,16.62709210061696
79,,,,,,,,,,,,,,,,,,,,,,,,,,,,34,Carlos Rodon,NYA| CHA| SFN,LEFT,SP,175.0,32,32,157,81,77,31,57,195,16,9,0,0,0,3.96,1.223,21,4,0.12,1.872,1.279,-0.501,-0.371,-0.235,2.044,8.834,16.615492668525697,,16.615492668525697
80,,,,,,,,,,,,,,,,,,,,,,,,,,,,35,Tanner Scott,LAN| BAL| MIA| SDN,LEFT,RP,72.00000000000003,0,72,45,20,14,3,36,84,9,6,22,0,0,1.75,1.125,5,3,0.069,0.05,-1.115,1.427,1.328,0.243,1.932,8.722,16.404836660049934,,16.404836660049934
81,40,Ian Happ,CHN,153,1,SWITCH,657,569,138,89,25,86,80,13,2,0.243,LF,0.926,0.543,0.831,0.11,-0.654,1.756,6.144,4.388,16.342481821499057,,,,,,,,,,,,,,,,,,,,,,,,,,,,,,,,,,,16.342481821499057
82,41,Seiya Suzuki,CHN,132,3,RIGHT,585,512,145,74,21,73,63,16,6,0.283,RF| DH,0.099,0.096,0.179,0.366,1.013,1.753,6.141,4.388,16.334502094047153,,,,,,,,,,,,,,,,,,,,,,,,,,,,,,,,,,,16.334502094047153
83,,,,,,,,,,,,,,,,,,,,,,,,,,,,36,Pablo Lopez,MIN| MIA,RIGHT,SP,185.3333333333333,32,32,180,90,84,26,41,198,15,10,0,0,0,4.079,1.192,11,1,0.059,1.612,1.344,-0.501,-0.599,0.023,1.879,8.669,16.305151227467658,,16.305151227467658
84,28,Josh Naylor,ARI| SEA| CLE| SDN,152,4,LEFT,633,563,137,84,31,108,58,6,2,0.243,1B,0.65,1.214,1.935,-0.488,-0.612,2.699,6.129,3.43,16.302583184239538,,,,,,,,,,,,,,,,,,,,,,,,,,,,,,,,,,,16.302583184239538
85,90,Will Smith,LAN,128,4,RIGHT,544,476,118,77,20,75,51,1,1,0.248,CC,0.265,-0.016,0.279,-0.915,-0.35,-0.737,6.045,6.782,16.07915081558623,,,,,,,,,,,,,,,,,,,,,,,,,,,,,,,,,,,16.07915081558623
86,,,,,,,,,,,,,,,,,,,,,,,,,,,,37,Max Fried,NYA| ATL,LEFT,SP,174.3333333333333,29,29,146,71,63,13,57,166,11,10,0,0,0,3.252,1.164,13,2,0.075,0.571,0.654,-0.501,0.778,0.257,1.758,8.548,16.077567504025094,,16.077567504025094
87,,,,,,,,,,,,,,,,,,,,,,,,,,,,38,Tyler Holton,DET| ARI,LEFT,SP| RP,94.33333333333331,9,66,57,25,23,7,17,77,7,2,8,0,0,2.194,0.784,3,0,0.032,-0.47,-1.266,0.2,1.349,1.867,1.68,8.47,15.930860640979471,,15.930860640979471
88,70,Masyn Winn,SLN,148,1,RIGHT,637,587,157,85,15,57,41,11,5,0.267,SS,0.705,-0.575,-0.624,-0.061,0.451,-0.103,5.977,6.08,15.898276993343078,,,,,,,,,,,,,,,,,,,,,,,,,,,,,,,,,,,15.898276993343078
89,72,Dansby Swanson,CHN| ATL,148,7,RIGHT,593,534,129,82,16,66,54,19,3,0.242,SS,0.54,-0.463,-0.172,0.622,-0.653,-0.126,5.954,6.08,15.83709908287848,,,,,,,,,,,,,,,,,,,,,,,,,,,,,,,,,,,15.83709908287848
90,,,,,,,,,,,,,,,,,,,,,,,,,,,,39,Nathan Eovaldi,TEX| BOS,RIGHT,SP,170.66666666666666,29,29,147,74,72,23,42,166,12,8,0,0,0,3.797,1.107,13,0,0.076,0.831,0.654,-0.501,-0.103,0.721,1.601,8.391,15.78227292071532,,15.78227292071532
91,32,Freddie Freeman,LAN| ATL,147,3,LEFT,638,542,153,81,22,89,78,9,2,0.282,1B,0.485,0.208,0.982,-0.232,1.035,2.477,5.907,3.43,15.712083352798654,,,,,,,,,,,,,,,,,,,,,,,,,,,,,,,,,,,15.712083352798654
92,,,,,,,,,,,,,,,,,,,,,,,,,,,,40,Logan Webb,SFN,RIGHT,SP,204.66666666666663,33,33,202,83,79,11,50,172,13,10,0,0,0,3.474,1.231,21,5,0.103,1.091,0.783,-0.501,0.491,-0.358,1.507,8.297,15.605472342173163,,15.605472342173163
93,,,,,,,,,,,,,,,,,,,,,,,,,,,,41,Bryan Woo,SEA,RIGHT,SP,121.33333333333331,22,22,96,41,39,14,13,101,9,3,0,0,0,2.893,0.898,4,0,0.033,0.05,-0.748,-0.501,0.947,1.735,1.483,8.273,15.560331768928355,,15.560331768928355
94,,,,,,,,,,,,,,,,,,,,,,,,,,,,42,Garrett Crochet,BOS| CHA,LEFT,SP,146.00000000000003,32,32,123,61,58,18,33,209,6,12,0,0,0,3.575,1.069,17,1,0.116,-0.731,1.581,-0.501,0.213,0.89,1.453,8.243,15.503906052372349,,15.503906052372349
95,75,Ceddanne Rafaela,BOS,151,9,RIGHT,571,544,134,70,15,75,15,19,10,0.246,CF| SS,-0.121,-0.575,0.279,0.622,-0.466,-0.261,5.819,6.08,15.478011347542807,,,,,,,,,,,,,,,,,,,,,,,,,,,,,,,,,,,15.478011347542807
96,,,,,,,,,,,,,,,,,,,,,,,,,,,,43,Tanner Houck,BOS,RIGHT,SP,178.66666666666666,30,30,156,75,62,11,48,154,9,10,0,0,0,3.123,1.142,11,1,0.062,0.05,0.395,-0.501,1.012,0.458,1.414,8.204,15.43055262084954,,15.43055262084954
97,,,,,,,,,,,,,,,,,,,,,,,,,,,,44,Michael Wacha,KCA| NYN| TBA| BOS| SDN,RIGHT,SP,166.66666666666666,29,29,154,65,62,17,45,145,13,8,0,0,0,3.348,1.194,4,2,0.024,1.091,0.201,-0.501,0.595,0.008,1.394,8.184,15.392935476478865,,15.392935476478865
98,,,,,,,,,,,,,,,,,,,,,,,,,,,,45,Nick Martinez,CIN| SDN,RIGHT,SP| RP,142.33333333333331,16,42,128,56,49,13,18,116,10,7,0,0,0,3.098,1.026,10,3,0.07,0.31,-0.425,-0.501,0.839,1.161,1.385,8.175,15.376007761512064,,15.376007761512064
99,,,,,,,,,,,,,,,,,,,,,,,,,,,,46,Freddy Peralta,MIL,RIGHT,SP,173.66666666666666,32,32,143,74,71,26,68,200,11,9,0,0,0,3.679,1.215,17,5,0.098,0.571,1.387,-0.501,0.085,-0.167,1.374,8.164,15.355318332108194,,15.355318332108194
100,,,,,,,,,,,,,,,,,,,,,,,,,,,,47,Jameson Taillon,CHN| NYA,RIGHT,SP,165.33333333333331,28,28,154,67,60,21,33,125,12,8,0,0,0,3.266,1.131,14,0,0.085,0.831,-0.231,-0.501,0.717,0.51,1.326,8.116,15.265037185618583,,15.265037185618583
101,,,,,,,,,,,,,,,,,,,,,,,,,,,,48,Luis Castillo,SEA| CIN,RIGHT,SP,175.33333333333334,30,30,158,73,71,25,47,175,11,12,0,0,0,3.644,1.169,13,7,0.074,0.571,0.848,-0.501,0.143,0.218,1.278,8.068,15.17475603912897,,15.17475603912897
102,,,,,,,,,,,,,,,,,,,,,,,,,,,,49,Mason Miller,ATH| SDN| OAK,RIGHT,RP,65.0,0,55,36,23,18,6,21,104,2,2,28,0,0,2.492,0.877,6,0,0.092,-1.772,-0.683,1.952,0.75,0.997,1.243,8.033,15.108926036480296,,15.108926036480296
103,99,Adley Rutschman,BAL,148,2,SWITCH,638,571,143,68,19,79,58,1,0,0.25,DH| CC,-0.231,-0.128,0.48,-0.915,-0.309,-1.103,5.679,6.782,15.105624066453965,,,,,,,,,,,,,,,,,,,,,,,,,,,,,,,,,,,15.105624066453965
104,101,Shea Langeliers,ATH| OAK,135,4,RIGHT,534,482,108,58,29,80,41,4,2,0.224,CC,-0.782,0.99,0.53,-0.659,-1.238,-1.159,5.623,6.782,14.956669154018424,,,,,,,,,,,,,,,,,,,,,,,,,,,,,,,,,,,14.956669154018424
105,,,,,,,,,,,,,,,,,,,,,,,,,,,,50,Kevin Gausman,TOR| SFN,RIGHT,SP,181.0,31,31,165,86,77,20,56,162,14,11,0,0,0,3.829,1.221,20,4,0.11,1.351,0.568,-0.501,-0.163,-0.227,1.028,7.818,14.704541734495574,,14.704541734495574
106,,,,,,,,,,,,,,,,,,,,,,,,,,,,51,Erick Fedde,ATL| MIL| SLN| WAS| CHA,RIGHT,SP,177.33333333333334,31,31,154,66,65,20,52,154,9,9,0,0,0,3.299,1.162,10,3,0.056,0.05,0.395,-0.501,0.715,0.285,0.944,7.734,14.546549728138752,,14.546549728138752
107,,,,,,,,,,,,,,,,,,,,,,,,,,,,52,Zac Gallen,ARI,RIGHT,SP,148.0,28,28,133,62,60,13,54,156,14,6,0,0,0,3.649,1.264,18,2,0.122,1.351,0.438,-0.501,0.115,-0.489,0.914,7.704,14.490124011582743,,14.490124011582743
108,49,Brandon Nimmo,NYN,151,2,LEFT,663,571,128,88,23,90,77,15,0,0.224,LF| CF,0.871,0.319,1.032,0.28,-1.463,1.04,5.428,4.388,14.437986869644677,,,,,,,,,,,,,,,,,,,,,,,,,,,,,,,,,,,14.437986869644677
109,105,Tyler Stephenson,CIN,136,3,RIGHT,515,457,118,69,19,66,48,1,0,0.258,CC,-0.176,-0.128,-0.172,-0.915,0.026,-1.365,5.417,6.782,14.408727868987691,,,,,,,,,,,,,,,,,,,,,,,,,,,,,,,,,,,14.408727868987691
110,,,,,,,,,,,,,,,,,,,,,,,,,,,,53,Ranger Suarez,PHI,LEFT,SP,150.66666666666669,27,27,140,63,58,14,41,145,12,8,0,0,0,3.465,1.201,8,3,0.053,0.831,0.201,-0.501,0.375,-0.046,0.86,7.65,14.388557721781932,,14.388557721781932
111,36,Pete Alonso,NYN,162,4,RIGHT,695,608,146,91,34,88,70,3,0,0.24,1B,1.036,1.549,0.931,-0.744,-0.811,1.962,5.392,3.43,14.34223014022183,,,,,,,,,,,,,,,,,,,,,,,,,,,,,,,,,,,14.34223014022183
112,87,Willi Castro,CHN| MIN| DET,155,1,SWITCH,635,558,138,89,12,60,51,14,9,0.247,SS| 2B| LF| 3B| CF,0.926,-0.91,-0.473,0.195,-0.436,-0.699,5.381,6.08,14.31297113956485,,,,,,,,,,,,,,,,,,,,,,,,,,,,,,,,,,,14.31297113956485
113,,,,,,,,,,,,,,,,,,,,,,,,,,,,54,Joe Ryan,MIN,RIGHT,SP,135.0,23,23,110,59,54,19,23,147,7,7,0,0,0,3.6,0.985,11,2,0.081,-0.47,0.244,-0.501,0.166,1.365,0.804,7.594,14.283229717544051,,14.283229717544051
114,,,,,,,,,,,,,,,,,,,,,,,,,,,,55,Hunter Brown,HOU,RIGHT,SP,169.99999999999997,30,31,156,71,66,18,60,179,11,9,0,0,0,3.494,1.271,20,9,0.118,0.571,0.934,-0.501,0.376,-0.619,0.761,7.551,14.202352857147108,,14.202352857147108
115,51,Nick Castellanos,PHI| CIN,162,5,RIGHT,659,606,154,80,23,86,41,6,2,0.254,RF,0.43,0.319,0.831,-0.488,-0.156,0.937,5.325,4.388,14.164016227129313,,,,,,,,,,,,,,,,,,,,,,,,,,,,,,,,,,,14.164016227129313
116,,,,,,,,,,,,,,,,,,,,,,,,,,,,56,Griffin Jax,MIN| TBA,RIGHT,RP,71.0,0,72,47,19,16,4,15,95,5,5,10,0,0,2.028,0.873,3,1,0.042,-0.991,-0.878,0.375,1.125,1.101,0.733,7.523,14.149688855028169,,14.149688855028169
117,,,,,,,,,,,,,,,,,,,,,,,,,,,,57,Cristopher Sanchez,PHI,LEFT,SP,181.66666666666663,31,31,182,76,67,11,44,153,11,9,0,0,0,3.319,1.244,14,6,0.077,0.571,0.373,-0.501,0.698,-0.429,0.711,7.501,14.108309996220427,,14.108309996220427
118,53,Spencer Steer,CIN,158,4,RIGHT,656,574,129,74,20,92,72,25,3,0.225,LF| 1B,0.099,-0.016,1.132,1.134,-1.445,0.904,5.292,4.388,14.076239225158368,,,,,,,,,,,,,,,,,,,,,,,,,,,,,,,,,,,14.076239225158368
119,,,,,,,,,,,,,,,,,,,,,,,,,,,,58,Jason Adam,SDN| CHN| TBA,RIGHT,RP,73.66666666666664,0,74,40,20,16,5,23,81,7,2,4,0,0,1.955,0.855,20,1,0.271,-0.47,-1.18,-0.151,1.218,1.207,0.624,7.414,13.944675418208003,,13.944675418208003
120,50,Brice Turang,MIL,153,1,LEFT,619,559,142,72,7,57,50,50,6,0.254,2B,-0.011,-1.469,-0.624,3.268,-0.148,1.016,5.241,4.225,13.940583858476002,,,,,,,,,,,,,,,,,,,,,,,,,,,,,,,,,,,13.940583858476002
121,,,,,,,,,,,,,,,,,,,,,,,,,,,,59,Yusei Kikuchi,ANA| SEA| TOR| HOU,LEFT,SP,175.66666666666666,32,32,167,85,79,25,44,206,9,10,0,0,0,4.047,1.201,8,4,0.046,0.05,1.517,-0.501,-0.515,-0.052,0.498,7.288,13.707687408672774,,13.707687408672774
122,,,,,,,,,,,,,,,,,,,,,,,,,,,,60,Cade Smith,CLE,RIGHT,RP,75.33333333333331,0,74,51,16,16,1,17,103,6,1,1,0,0,1.911,0.903,4,1,0.053,-0.731,-0.705,-0.413,1.276,1.062,0.488,7.278,13.688878836487438,,13.688878836487438
123,,,,,,,,,,,,,,,,,,,,,,,,,,,,61,Spencer Schwellenbach,ATL,RIGHT,SP,123.66666666666669,21,21,106,49,46,14,23,127,8,7,0,0,0,3.348,1.043,4,1,0.032,-0.21,-0.187,-0.501,0.442,0.905,0.449,7.239,13.615525404964629,,13.615525404964629
124,,,,,,,,,,,,,,,,,,,,,,,,,,,,62,Tobias Myers,MIL,RIGHT,SP,138.0,25,27,126,52,46,18,36,127,9,6,0,0,0,3.0,1.174,5,5,0.036,0.05,-0.187,-0.501,0.94,0.14,0.442,7.232,13.602359404434894,,13.602359404434894
125,57,Riley Greene,DET,137,4,LEFT,584,512,134,82,24,74,64,4,2,0.262,CF| LF| DH,0.54,0.431,0.229,-0.659,0.167,0.709,5.097,4.388,13.557556940784616,,,,,,,,,,,,,,,,,,,,,,,,,,,,,,,,,,,13.557556940784616
126,,,,,,,,,,,,,,,,,,,,,,,,,,,,63,Nestor Cortes,MIL| SDN| SEA| NYA,LEFT,SP,174.33333333333331,30,31,162,74,73,24,39,162,9,10,0,0,0,3.769,1.153,8,5,0.046,0.05,0.568,-0.501,-0.059,0.353,0.41,7.2,13.54217197344182,,13.54217197344182
127,,,,,,,,,,,,,,,,,,,,,,,,,,,,64,Luke Weaver,NYA| ARI| KCA| CIN| SEA,RIGHT,RP,84.00000000000001,0,62,52,28,27,10,26,103,7,3,4,0,0,2.893,0.929,1,2,0.012,-0.47,-0.705,-0.151,0.656,1.079,0.409,7.199,13.540291116223283,,13.540291116223283
128,58,Alec Burleson,SLN,152,2,LEFT,595,547,147,71,21,78,35,9,4,0.269,DH| LF| RF,-0.066,0.096,0.43,-0.232,0.474,0.702,5.09,4.388,13.538937576730175,,,,,,,,,,,,,,,,,,,,,,,,,,,,,,,,,,,13.538937576730175
129,55,Luis Garcia,WAS,140,5,LEFT,528,500,141,58,18,70,27,22,5,0.282,2B,-0.782,-0.24,0.028,0.878,0.943,0.828,5.053,4.225,13.440520938156697,,,,,,,,,,,,,,,,,,,,,,,,,,,,,,,,,,,13.440520938156697
130,,,,,,,,,,,,,,,,,,,,,,,,,,,,65,Zach Eflin,BAL| PHI| TBA,RIGHT,SP,165.3333333333333,28,28,166,71,66,22,24,134,10,9,0,0,0,3.593,1.149,5,4,0.03,0.31,-0.036,-0.501,0.214,0.365,0.352,7.142,13.433082254766871,,13.433082254766871
131,,,,,,,,,,,,,,,,,,,,,,,,,,,,66,Hunter Gaddis,CLE,RIGHT,RP,74.66666666666666,0,78,43,16,13,4,14,66,6,3,0,0,0,1.567,0.763,1,0,0.013,-0.731,-1.503,-0.501,1.504,1.553,0.323,7.113,13.378537395429396,,13.378537395429396
132,56,Marcus Semien,TEX| OAK| TOR,159,1,RIGHT,718,650,154,101,23,74,64,8,3,0.237,2B,1.587,0.319,0.229,-0.317,-1.027,0.791,5.016,4.225,13.342104299583214,,,,,,,,,,,,,,,,,,,,,,,,,,,,,,,,,,,13.342104299583214
133,,,,,,,,,,,,,,,,,,,,,,,,,,,,67,Matt Strahm,PHI| SDN| BOS,LEFT,RP,62.66666666666666,0,66,36,14,13,4,11,79,6,2,3,0,0,1.867,0.75,2,2,0.032,-0.731,-1.223,-0.238,1.087,1.344,0.24,7.03,13.222426246291109,,13.222426246291109
134,,,,,,,,,,,,,,,,,,,,,,,,,,,,68,Andres Munoz,SEA,RIGHT,RP,59.333333333333336,0,60,31,16,14,6,26,77,3,7,22,0,0,2.124,0.961,6,1,0.101,-1.511,-1.266,1.427,0.888,0.67,0.207,6.997,13.1603579580795,,13.1603579580795
135,,,,,,,,,,,,,,,,,,,,,,,,,,,,69,Bowden Francis,TOR,RIGHT,SP| RP,103.66666666666669,13,27,74,41,38,17,22,92,8,5,0,0,0,3.299,0.926,1,1,0.01,-0.21,-0.942,-0.501,0.418,1.344,0.108,6.898,12.974153093444675,,12.974153093444675
136,,,,,,,,,,,,,,,,,,,,,,,,,,,,70,Carlos Estevez,KCA| COL| ANA| PHI,RIGHT,RP,55.0,0,54,38,18,15,5,12,50,4,5,26,0,0,2.454,0.909,3,2,0.055,-1.251,-1.848,1.777,0.654,0.758,0.089,6.879,12.93841680629254,,12.93841680629254
137,62,Lourdes Gurriel,ARI| TOR,133,3,RIGHT,553,513,143,72,18,75,29,7,1,0.279,LF,-0.011,-0.24,0.279,-0.403,0.84,0.466,4.854,4.388,12.911199017180408,,,,,,,,,,,,,,,,,,,,,,,,,,,,,,,,,,,12.911199017180408
138,,,,,,,,,,,,,,,,,,,,,,,,,,,,71,Grayson Rodriguez,BAL,RIGHT,SP,116.66666666666666,20,20,109,52,50,15,36,130,13,4,0,0,0,3.857,1.243,5,2,0.043,1.091,-0.123,-0.501,-0.136,-0.269,0.062,6.852,12.887633661392131,,12.887633661392131
139,,,,,,,,,,,,,,,,,,,,,,,,,,,,72,Blake Snell,LAN| TBA| SDN| SFN,LEFT,SP,104.0,20,20,65,38,36,6,44,145,5,3,0,0,0,3.115,1.048,13,3,0.125,-0.991,0.201,-0.501,0.597,0.737,0.042,6.832,12.85001651702146,,12.85001651702146
140,61,Nico Hoerner,CHN,149,1,RIGHT,641,582,159,86,7,48,44,31,6,0.273,2B,0.761,-1.469,-1.075,1.646,0.704,0.566,4.791,4.225,12.743624740690423,,,,,,,,,,,,,,,,,,,,,,,,,,,,,,,,,,,12.743624740690423
141,,,,,,,,,,,,,,,,,,,,,,,,,,,,73,Kutter Crawford,BOS,RIGHT,SP,183.66666666666669,33,33,155,97,89,34,51,175,9,16,0,0,0,4.361,1.122,7,3,0.038,0.05,0.848,-0.501,-1.075,0.65,-0.028,6.7620000000000005,12.718356511724108,,12.718356511724108
142,59,Alex Bregman,BOS| HOU,145,2,RIGHT,634,581,151,79,26,75,44,3,1,0.26,3B,0.375,0.655,0.279,-0.744,0.108,0.673,4.779,4.106,12.711705830882812,,,,,,,,,,,,,,,,,,,,,,,,,,,,,,,,,,,12.711705830882812
143,,,,,,,,,,,,,,,,,,,,,,,,,,,,74,Justin Steele,CHN,LEFT,SP,134.66666666666666,24,24,111,54,46,12,37,135,5,5,0,0,0,3.074,1.099,9,2,0.067,-0.991,-0.015,-0.501,0.824,0.623,-0.06,6.73,12.658169080731032,,12.658169080731032
144,,,,,,,,,,,,,,,,,,,,,,,,,,,,75,Luis Severino,ATH| NYA| NYN,RIGHT,SP,182.0,31,31,166,86,79,23,60,161,11,7,0,0,0,3.907,1.242,15,5,0.082,0.571,0.546,-0.501,-0.296,-0.41,-0.09,6.7,12.601743364175023,,12.601743364175023
145,,,,,,,,,,,,,,,,,,,,,,,,,,,,76,Edwin Diaz,NYN,RIGHT,RP,53.66666666666667,0,54,36,23,21,7,20,84,6,4,20,0,0,3.522,1.044,22,1,0.41,-0.731,-1.115,1.251,0.105,0.392,-0.097,6.693,12.588577363645287,,12.588577363645287
146,60,Alec Bohm,PHI,143,4,RIGHT,606,554,155,62,15,97,40,5,2,0.28,3B,-0.562,-0.575,1.383,-0.573,0.951,0.624,4.73,4.106,12.581370282501714,,,,,,,,,,,,,,,,,,,,,,,,,,,,,,,,,,,12.581370282501714
147,,,,,,,,,,,,,,,,,,,,,,,,,,,,77,Ryan Pepiot,TBA| LAN,RIGHT,SP,130.0,26,26,102,58,52,17,48,142,8,8,0,0,0,3.6,1.154,9,4,0.069,-0.21,0.136,-0.501,0.16,0.258,-0.158,6.632,12.473845073314742,,12.473845073314742
148,63,Wyatt Langford,TEX,134,5,RIGHT,557,499,126,74,16,74,51,19,3,0.253,LF| DH,0.099,-0.463,0.229,0.622,-0.191,0.297,4.685,4.388,12.461674370723156,,,,,,,,,,,,,,,,,,,,,,,,,,,,,,,,,,,12.461674370723156
149,45,Matt Olson,ATL| OAK,162,4,LEFT,685,600,148,78,29,98,71,0,0,0.247,1B,0.32,0.99,1.433,-1.0,-0.499,1.244,4.674,3.43,12.43241537006618,,,,,,,,,,,,,,,,,,,,,,,,,,,,,,,,,,,12.43241537006618
150,,,,,,,,,,,,,,,,,,,,,,,,,,,,78,Gavin Stone,LAN,RIGHT,SP,140.33333333333334,25,25,133,55,55,18,37,116,11,5,0,0,0,3.527,1.211,8,1,0.057,0.571,-0.425,-0.501,0.267,-0.111,-0.199,6.591,12.396729927354864,,12.396729927354864
151,,,,,,,,,,,,,,,,,,,,,,,,,,,,79,Cole Sands,MIN,RIGHT,RP,71.33333333333333,0,62,59,30,26,6,12,85,9,1,4,0,0,3.28,0.995,6,2,0.084,0.05,-1.093,-0.151,0.3,0.687,-0.207,6.583,12.381683069606597,,12.381683069606597
152,65,Cody Bellinger,NYA| LAN| CHN,130,3,LEFT,569,516,137,72,18,78,45,9,2,0.266,CF| 1B| DH| RF,-0.011,-0.24,0.43,-0.232,0.319,0.266,4.654,4.388,12.379217187053484,,,,,,,,,,,,,,,,,,,,,,,,,,,,,,,,,,,12.379217187053484
153,,,,,,,,,,,,,,,,,,,,,,,,,,,,80,Bryan Hudson,CHA| MIL| LAN,LEFT,RP,62.333333333333336,0,43,28,12,12,7,17,62,6,1,0,0,0,1.733,0.722,3,2,0.048,-0.731,-1.589,-0.501,1.159,1.421,-0.24,6.55,12.319614781394987,,12.319614781394987
154,,,,,,,,,,,,,,,,,,,,,,,,,,,,81,Alex Vesia,LAN| MIA,LEFT,RP,66.33333333333334,0,67,33,19,13,7,33,87,5,4,5,0,0,1.764,0.995,5,5,0.075,-0.991,-1.05,-0.063,1.215,0.64,-0.25,6.54,12.300806209209652,,12.300806209209652
155,,,,,,,,,,,,,,,,,,,,,,,,,,,,82,Ben Lively,CLE| CIN,RIGHT,SP,151.0,29,29,139,67,64,23,49,118,13,10,0,0,0,3.815,1.245,12,3,0.079,1.091,-0.382,-0.501,-0.116,-0.364,-0.272,6.518,12.259427350401912,,12.259427350401912
156,107,Josh Smith,TEX,148,3,LEFT,592,523,135,67,13,62,46,11,2,0.258,3B| SS,-0.286,-0.798,-0.373,-0.061,0.026,-1.492,4.588,6.08,12.2036631831116,,,,,,,,,,,,,,,,,,,,,,,,,,,,,,,,,,,12.2036631831116
157,,,,,,,,,,,,,,,,,,,,,,,,,,,,83,Brady Singer,CIN| KCA,RIGHT,SP,179.66666666666666,32,32,175,77,74,22,54,170,9,13,0,0,0,3.707,1.275,3,6,0.017,0.05,0.74,-0.501,0.042,-0.689,-0.358,6.432,12.097673629608025,,12.097673629608025
158,,,,,,,,,,,,,,,,,,,,,,,,,,,,84,Kenley Jansen,ANA| LAN| ATL| BOS,RIGHT,RP,54.66666666666667,0,54,38,20,20,4,20,62,4,2,27,0,0,3.293,1.061,10,3,0.183,-1.251,-1.589,1.865,0.223,0.353,-0.399,6.391,12.020558483648148,,12.020558483648148
159,127,Connor Wong,BOS,125,5,RIGHT,487,447,125,53,13,52,28,8,7,0.28,CC,-1.058,-0.798,-0.875,-0.317,0.762,-2.286,4.496,6.782,11.958951541253215,,,,,,,,,,,,,,,,,,,,,,,,,,,,,,,,,,,11.958951541253215
160,,,,,,,,,,,,,,,,,,,,,,,,,,,,85,Luis Ortiz,CLE| PIT,RIGHT,SP| RP,135.66666666666669,15,37,109,56,50,16,42,107,7,6,1,0,0,3.317,1.113,7,1,0.052,-0.47,-0.619,-0.413,0.524,0.536,-0.443,6.347,11.937800766032671,,11.937800766032671
161,,,,,,,,,,,,,,,,,,,,,,,,,,,,86,Jeff Hoffman,TOR| COL| CIN| PHI,RIGHT,RP,66.33333333333331,0,68,48,20,16,6,16,89,3,3,10,0,0,2.171,0.965,3,0,0.045,-1.511,-1.007,0.375,0.963,0.736,-0.444,6.346,11.935919908814135,,11.935919908814135
162,,,,,,,,,,,,,,,,,,,,,,,,,,,,87,Nick Pivetta,SDN| BOS| PHI,RIGHT,SP,145.66666666666669,26,27,128,70,67,28,36,172,6,12,0,0,0,4.14,1.126,11,3,0.076,-0.731,0.783,-0.501,-0.552,0.486,-0.515,6.275,11.802379046298253,,11.802379046298253
163,,,,,,,,,,,,,,,,,,,,,,,,,,,,88,David Peterson,NYN,LEFT,SP,121.0,21,21,110,44,39,8,46,101,10,3,0,0,0,2.901,1.289,5,2,0.041,0.31,-0.748,-0.501,0.936,-0.55,-0.553,6.237,11.730906471993976,,11.730906471993976
164,,,,,,,,,,,,,,,,,,,,,,,,,,,,89,Jhoan Duran,MIN| PHI,RIGHT,RP,54.333333333333336,0,58,48,30,22,4,15,66,6,9,23,0,0,3.644,1.159,6,3,0.11,-0.731,-1.503,1.514,0.044,0.093,-0.582,6.208,11.676361612656502,,11.676361612656502
165,67,Luis Arraez,SDN| MIN| MIA,150,1,LEFT,672,637,200,83,4,46,24,9,3,0.314,DH| 1B| 2B,0.595,-1.804,-1.176,-0.232,2.768,0.151,4.376,4.225,11.639762443177062,,,,,,,,,,,,,,,,,,,,,,,,,,,,,,,,,,,11.639762443177062
166,,,,,,,,,,,,,,,,,,,,,,,,,,,,90,Michael Kopech,LAN| CHA,RIGHT,RP,67.66666666666666,0,67,44,27,26,9,34,88,6,8,15,0,0,3.458,1.153,6,3,0.089,-0.731,-1.029,0.813,0.172,0.138,-0.636,6.154,11.574795322855689,,11.574795322855689
167,,,,,,,,,,,,,,,,,,,,,,,,,,,,91,Yoshinobu Yamamoto,LAN,RIGHT,SP,90.0,18,18,78,32,30,7,22,105,7,2,0,0,0,3.0,1.111,3,1,0.033,-0.47,-0.662,-0.501,0.613,0.364,-0.657,6.133,11.535297321266482,,11.535297321266482
168,,,,,,,,,,,,,,,,,,,,,,,,,,,,92,Jose Butto,NYN| SFN,RIGHT,SP| RP,73.99999999999999,7,30,41,21,21,6,38,79,7,3,3,0,0,2.554,1.068,3,3,0.041,-0.47,-1.223,-0.238,0.811,0.455,-0.666,6.124,11.51836960629968,,11.51836960629968
169,137,Logan O'Hoppe,ANA,136,5,RIGHT,522,479,117,64,20,56,33,2,3,0.244,CC,-0.452,-0.016,-0.674,-0.829,-0.487,-2.458,4.324,6.782,11.501447167344065,,,,,,,,,,,,,,,,,,,,,,,,,,,,,,,,,,,11.501447167344065
170,,,,,,,,,,,,,,,,,,,,,,,,,,,,93,Jose Quintana,MIL| CHN| ANA| SFN| PIT| SLN| NYN,LEFT,SP,170.33333333333334,31,31,150,73,71,22,63,135,10,10,0,0,0,3.752,1.25,9,2,0.053,0.31,-0.015,-0.501,-0.031,-0.456,-0.692,6.098,11.469467318617806,,11.469467318617806
171,69,Steven Kwan,CLE,122,1,LEFT,540,480,140,83,14,44,53,12,5,0.292,LF,0.595,-0.687,-1.276,0.024,1.262,-0.081,4.307,4.388,11.456228711783274,,,,,,,,,,,,,,,,,,,,,,,,,,,,,,,,,,,11.456228711783274
172,,,,,,,,,,,,,,,,,,,,,,,,,,,,94,Kyle Finnegan,DET| WAS,RIGHT,RP,63.66666666666667,0,65,61,31,26,9,24,60,3,8,38,0,0,3.675,1.335,8,0,0.126,-1.511,-1.633,2.828,0.034,-0.43,-0.712,6.078,11.431850174247137,,11.431850174247137
173,73,Taylor Ward,ANA,156,3,RIGHT,663,585,144,73,25,75,63,6,4,0.246,LF,0.044,0.543,0.279,-0.488,-0.509,-0.131,4.257,4.388,11.323233254251544,,,,,,,,,,,,,,,,,,,,,,,,,,,,,,,,,,,11.323233254251544
174,74,Colton Cowser,BAL,149,7,LEFT,561,499,121,77,24,69,52,9,4,0.242,LF| CF,0.265,0.431,-0.022,-0.232,-0.575,-0.133,4.255,4.388,11.317913435950274,,,,,,,,,,,,,,,,,,,,,,,,,,,,,,,,,,,11.317913435950274
175,,,,,,,,,,,,,,,,,,,,,,,,,,,,95,Clay Holmes,NYN| PIT| NYA,RIGHT,RP,62.99999999999999,0,67,60,29,22,4,22,68,3,5,30,0,0,3.143,1.302,4,1,0.063,-1.511,-1.46,2.127,0.345,-0.324,-0.822,5.968,11.22495588020844,,11.22495588020844
176,,,,,,,,,,,,,,,,,,,,,,,,,,,,96,Zack Littell,CIN| TBA| MIN| SFN| BOS,RIGHT,SP,156.33333333333334,29,29,164,68,63,22,31,141,8,10,0,0,0,3.627,1.247,6,3,0.038,-0.21,0.115,-0.501,0.153,-0.394,-0.838,5.952,11.194862164711903,,11.194862164711903
177,,,,,,,,,,,,,,,,,,,,,,,,,,,,97,Brandon Pfaadt,ARI,RIGHT,SP,181.66666666666663,32,32,183,103,95,24,42,185,11,10,0,0,0,4.706,1.238,7,3,0.039,0.571,1.064,-0.501,-1.647,-0.381,-0.895,5.895,11.087653303255488,,11.087653303255488
178,,,,,,,,,,,,,,,,,,,,,,,,,,,,98,Gerrit Cole,NYA,RIGHT,SP,95.0,17,17,78,38,36,11,29,99,8,5,0,0,0,3.41,1.126,15,2,0.158,-0.21,-0.791,-0.501,0.284,0.315,-0.904,5.886,11.070725588288688,,11.070725588288688
179,,,,,,,,,,,,,,,,,,,,,,,,,,,,99,Hector Neris,ANA| ATL| HOU| PHI| CHN,RIGHT,RP,59.33333333333334,0,62,55,31,27,8,28,64,10,5,18,0,0,4.096,1.399,5,1,0.084,0.31,-1.546,1.076,-0.201,-0.583,-0.944,5.846,10.995491299547345,,10.995491299547345
180,,,,,,,,,,,,,,,,,,,,,,,,,,,,100,Jake Irvin,WAS,RIGHT,SP,187.66666666666669,33,33,173,97,92,29,52,156,10,14,0,0,0,4.412,1.199,5,4,0.027,0.31,0.438,-0.501,-1.187,-0.036,-0.975,5.815,10.937184725772802,,10.937184725772802
181,,,,,,,,,,,,,,,,,,,,,,,,,,,,101,Tyler Anderson,ANA| SFN| PIT| SEA| LAN,LEFT,SP,179.33333333333334,31,31,158,83,76,24,73,142,10,15,0,0,0,3.814,1.288,15,3,0.084,0.31,0.136,-0.501,-0.137,-0.805,-0.996,5.7940000000000005,10.897686724183597,,10.897686724183597
182,,,,,,,,,,,,,,,,,,,,,,,,,,,,102,Taj Bradley,MIN| TBA,RIGHT,SP,138.0,25,25,122,68,63,22,47,154,8,11,0,0,0,4.109,1.225,6,0,0.043,-0.21,0.395,-0.501,-0.484,-0.197,-0.997,5.793,10.895805866965064,,10.895805866965064
183,76,Tyler O'Neill,BAL| SLN| BOS,112,3,RIGHT,473,411,99,74,31,61,53,4,0,0.241,RF| LF,0.099,1.214,-0.423,-0.659,-0.525,-0.293,4.095,4.388,10.892327971848736,,,,,,,,,,,,,,,,,,,,,,,,,,,,,,,,,,,10.892327971848736
184,,,,,,,,,,,,,,,,,,,,,,,,,,,,103,Daniel Hudson,WAS| SDN| LAN,RIGHT,RP,62.99999999999999,0,65,46,25,21,10,19,63,6,2,10,0,0,3.0,1.032,2,2,0.032,-0.731,-1.568,0.375,0.429,0.496,-0.999,5.791,10.892044152527996,,10.892044152527996
185,,,,,,,,,,,,,,,,,,,,,,,,,,,,104,Colin Rea,CHN| MIL,RIGHT,SP| RP,167.66666666666663,27,32,169,83,80,29,43,135,12,6,1,0,0,4.294,1.264,16,2,0.095,0.831,-0.015,-0.413,-0.877,-0.561,-1.035,5.755,10.824333292660787,,10.824333292660787
186,77,Lawrence Butler,ATH| OAK,119,1,LEFT,451,412,108,63,22,57,35,17,0,0.262,RF,-0.507,0.208,-0.624,0.451,0.148,-0.324,4.064,4.388,10.809870788179063,,,,,,,,,,,,,,,,,,,,,,,,,,,,,,,,,,,10.809870788179063
187,,,,,,,,,,,,,,,,,,,,,,,,,,,,105,Mitch Keller,PIT,RIGHT,SP,178.00000000000003,31,31,182,90,84,23,50,166,11,12,0,0,0,4.247,1.303,33,1,0.185,0.571,0.654,-0.501,-0.853,-0.93,-1.06,5.73,10.777311862197449,,10.777311862197449
188,,,,,,,,,,,,,,,,,,,,,,,,,,,,106,Jason Foley,DET,RIGHT,RP,60.0,0,69,51,28,21,5,20,46,3,6,28,0,0,3.15,1.183,9,0,0.15,-1.511,-1.934,1.952,0.325,0.034,-1.135,5.655,10.636247570807429,,10.636247570807429
189,71,Jake Burger,TEX| CHA| MIA,137,3,RIGHT,579,535,134,68,29,76,31,1,1,0.25,3B| 1B| DH,-0.231,0.99,0.329,-0.915,-0.288,-0.115,3.991,4.106,10.615697420182736,,,,,,,,,,,,,,,,,,,,,,,,,,,,,,,,,,,10.615697420182736
190,,,,,,,,,,,,,,,,,,,,,,,,,,,,107,Tim Herrin,CLE,LEFT,RP,65.66666666666666,0,75,39,17,14,2,25,68,5,1,0,0,0,1.919,0.975,6,2,0.091,-0.991,-1.46,-0.501,1.108,0.698,-1.147,5.643,10.613677284185025,,10.613677284185025
191,,,,,,,,,,,,,,,,,,,,,,,,,,,,108,Derek Law,MIN| CIN| DET| WAS,RIGHT,RP,90.00000000000001,0,75,82,31,26,7,24,76,7,4,1,0,0,2.6,1.178,7,1,0.078,-0.47,-1.287,-0.413,0.948,0.075,-1.149,5.641,10.609915569747958,,10.609915569747958
192,124,Carlos Correa,HOU| MIN,86,2,RIGHT,367,319,99,55,14,54,40,0,0,0.31,SS,-0.947,-0.687,-0.774,-1.0,1.297,-2.111,3.969,6.08,10.557179418868776,,,,,,,,,,,,,,,,,,,,,,,,,,,,,,,,,,,10.557179418868776
193,148,Ryan Jeffers,MIN,121,3,RIGHT,465,412,93,56,21,64,32,3,0,0.226,DH| CC,-0.892,0.096,-0.273,-0.744,-1.006,-2.819,3.963,6.782,10.541219963964968,,,,,,,,,,,,,,,,,,,,,,,,,,,,,,,,,,,10.541219963964968
194,,,,,,,,,,,,,,,,,,,,,,,,,,,,109,Tyson Miller,CHN| TEX| LAN| MIL| NYN| SEA,RIGHT,RP,62.0,0,58,39,18,16,7,11,54,5,1,1,0,0,2.323,0.806,4,3,0.065,-0.991,-1.762,-0.413,0.813,1.161,-1.192,5.598,10.529038709351012,,10.529038709351012
195,79,Lane Thomas,CLE| SLN| WAS,128,2,RIGHT,528,472,112,64,15,63,44,31,14,0.237,RF| CF,-0.452,-0.575,-0.323,1.646,-0.733,-0.436,3.952,4.388,10.511960963307986,,,,,,,,,,,,,,,,,,,,,,,,,,,,,,,,,,,10.511960963307986
196,,,,,,,,,,,,,,,,,,,,,,,,,,,,111,Kevin Ginkel,ARI,RIGHT,RP,70.00000000000001,0,72,69,31,25,6,15,77,8,3,5,0,0,3.214,1.2,6,1,0.086,-0.21,-1.266,-0.063,0.337,-0.017,-1.219,5.571,10.478255564450606,,10.478255564450606
197,,,,,,,,,,,,,,,,,,,,,,,,,,,,110,Jeremiah Estrada,SDN| CHN,RIGHT,RP,60.99999999999999,0,62,42,22,20,4,23,94,6,3,1,0,0,2.951,1.066,2,0,0.033,-0.731,-0.899,-0.413,0.443,0.381,-1.219,5.571,10.478255564450606,,10.478255564450606
198,,,,,,,,,,,,,,,,,,,,,,,,,,,,112,Brayan Bello,BOS,RIGHT,SP,162.33333333333334,30,30,157,84,81,19,64,153,14,8,0,0,0,4.491,1.361,12,2,0.074,1.351,0.373,-0.501,-1.146,-1.302,-1.224,5.566,10.468851278357938,,10.468851278357938
199,80,Adolis Garcia,TEX,154,4,RIGHT,637,580,130,68,25,85,45,11,5,0.224,RF| DH,-0.231,0.543,0.781,-0.061,-1.487,-0.455,3.933,4.388,10.461422689445929,,,,,,,,,,,,,,,,,,,,,,,,,,,,,,,,,,,10.461422689445929
200,,,,,,,,,,,,,,,,,,,,,,,,,,,,113,JP Sears,ATH| SDN| NYA| OAK,LEFT,SP,180.66666666666663,32,32,172,93,88,28,49,137,11,13,0,0,0,4.384,1.223,23,4,0.127,0.571,0.028,-0.501,-1.095,-0.246,-1.244,5.546,10.431234133987267,,10.431234133987267
201,,,,,,,,,,,,,,,,,,,,,,,,,,,,114,Blake Treinen,LAN,RIGHT,RP,46.66666666666666,0,50,33,11,10,5,11,56,7,3,1,0,0,1.929,0.943,8,1,0.171,-0.47,-1.719,-0.413,0.783,0.567,-1.252,5.538,10.416187276239,,10.416187276239
202,,,,,,,,,,,,,,,,,,,,,,,,,,,,115,MacKenzie Gore,WAS| SDN,LEFT,SP,166.33333333333334,32,32,171,93,72,15,65,181,10,12,0,0,0,3.896,1.419,26,2,0.156,0.31,0.977,-0.501,-0.253,-1.795,-1.262,5.5280000000000005,10.397378704053663,,10.397378704053663
203,,,,,,,,,,,,,,,,,,,,,,,,,,,,116,Justin Martinez,ARI,RIGHT,RP,72.66666666666666,0,64,59,26,20,2,36,91,5,6,8,0,0,2.477,1.307,2,1,0.028,-0.991,-0.964,0.2,0.848,-0.394,-1.3,5.49,10.325906129749386,,10.325906129749386
204,,,,,,,,,,,,,,,,,,,,,,,,,,,,117,Tayler Scott,ARI| HOU| SDN| BOS| LAN| OAK,RIGHT,RP,68.66666666666669,1,62,45,21,17,7,35,71,7,3,0,0,0,2.228,1.165,16,4,0.233,-0.47,-1.395,-0.501,0.961,0.099,-1.307,5.4830000000000005,10.312740129219652,,10.312740129219652
205,,,,,,,,,,,,,,,,,,,,,,,,,,,,118,Trevor Williams,WAS| PIT| CHN| NYN,RIGHT,SP,66.66666666666666,13,13,51,17,15,3,18,59,6,1,0,0,0,2.025,1.035,1,1,0.015,-0.731,-1.654,-0.501,1.059,0.514,-1.313,5.477,10.30145498590845,,10.30145498590845
206,,,,,,,,,,,,,,,,,,,,,,,,,,,,119,Andrew Abbott,CIN,LEFT,SP,138.0,25,25,127,60,57,25,52,114,10,10,0,0,0,3.717,1.297,10,4,0.072,0.31,-0.468,-0.501,0.019,-0.679,-1.319,5.471,10.29016984259725,,10.29016984259725
207,81,Cedric Mullins,BAL| NYN,138,7,LEFT,499,444,104,67,18,54,41,30,6,0.234,CF,-0.286,-0.24,-0.774,1.561,-0.794,-0.533,3.855,4.388,10.25394977569643,,,,,,,,,,,,,,,,,,,,,,,,,,,,,,,,,,,10.25394977569643
208,,,,,,,,,,,,,,,,,,,,,,,,,,,,120,Jared Koenig,MIL| OAK,LEFT,SP| RP,62.0,6,55,54,22,17,4,23,63,9,4,1,0,0,2.468,1.242,5,1,0.081,0.05,-1.568,-0.413,0.729,-0.14,-1.342,5.448,10.246910126570976,,10.246910126570976
209,,,,,,,,,,,,,,,,,,,,,,,,,,,,121,Yu Darvish,SDN| CHN,RIGHT,SP,81.66666666666666,16,16,65,32,30,12,22,78,7,3,0,0,0,3.306,1.065,13,2,0.159,-0.47,-1.244,-0.501,0.324,0.511,-1.382,5.408,10.171675837829634,,10.171675837829634
210,82,Brendan Donovan,SLN,153,1,LEFT,652,587,163,65,14,73,47,5,5,0.278,LF| 2B,-0.397,-0.687,0.179,-0.573,0.913,-0.565,3.823,4.388,10.168832682876122,,,,,,,,,,,,,,,,,,,,,,,,,,,,,,,,,,,10.168832682876122
211,,,,,,,,,,,,,,,,,,,,,,,,,,,,122,Evan Phillips,LAN| BAL| TBA,RIGHT,RP,54.66666666666666,0,61,48,30,22,6,17,63,5,1,18,0,0,3.622,1.189,3,0,0.055,-0.991,-1.568,1.076,0.056,0.016,-1.411,5.379,10.117130978492158,,10.117130978492158
212,,,,,,,,,,,,,,,,,,,,,,,,,,,,123,Ryne Nelson,ARI,RIGHT,SP| RP,150.66666666666666,25,28,155,73,71,17,34,126,10,6,1,0,0,4.241,1.254,2,0,0.013,0.31,-0.209,-0.413,-0.714,-0.432,-1.457,5.333,10.030611546439614,,10.030611546439614
213,,,,,,,,,,,,,,,,,,,,,,,,,,,,124,Kevin Kelly,TBA,RIGHT,RP,70.66666666666664,0,68,59,25,21,7,9,63,5,2,1,0,0,2.675,0.962,6,2,0.085,-0.991,-1.568,-0.413,0.695,0.793,-1.484,5.306,9.979828401539208,,9.979828401539208
214,84,Jake McCarthy,ARI,128,6,LEFT,495,442,126,63,8,56,31,23,6,0.285,RF| LF| CF,-0.507,-1.357,-0.674,0.963,0.938,-0.637,3.751,4.388,9.97731922403043,,,,,,,,,,,,,,,,,,,,,,,,,,,,,,,,,,,9.97731922403043
215,,,,,,,,,,,,,,,,,,,,,,,,,,,,125,Keegan Akin,BAL,LEFT,RP,78.66666666666669,0,66,55,31,29,9,19,97,3,1,1,0,0,3.318,0.941,0,0,0.0,-1.511,-0.834,-0.413,0.303,0.964,-1.492,5.298,9.964781543790938,,9.964781543790938
216,,,,,,,,,,,,,,,,,,,,,,,,,,,,126,Craig Kimbrel,ATL| HOU| CHN| CHA| LAN| PHI| BAL,RIGHT,RP,52.33333333333333,0,57,40,35,31,7,31,73,7,5,23,0,0,5.331,1.357,15,1,0.287,-0.47,-1.352,1.514,-0.779,-0.408,-1.495,5.295,9.959138972135335,,9.959138972135335
217,,,,,,,,,,,,,,,,,,,,,,,,,,,,127,Chad Green,TOR| NYA,RIGHT,RP,53.333333333333336,0,53,41,20,19,8,14,46,4,6,17,0,0,3.206,1.031,6,2,0.112,-1.251,-1.934,0.988,0.261,0.421,-1.515,5.275,9.921521827764666,,9.921521827764666
218,64,Christian Walker,HOU| ARI,129,4,RIGHT,552,479,120,72,26,84,55,2,2,0.251,1B,-0.011,0.655,0.731,-0.829,-0.256,0.289,3.719,3.43,9.892202131210125,,,,,,,,,,,,,,,,,,,,,,,,,,,,,,,,,,,9.892202131210125
219,,,,,,,,,,,,,,,,,,,,,,,,,,,,128,Michael Lorenzen,KCA| CIN| ANA| DET| PHI| TEX,RIGHT,SP,130.33333333333334,24,26,101,49,48,17,60,97,7,6,0,0,0,3.315,1.235,6,5,0.046,-0.47,-0.834,-0.501,0.506,-0.253,-1.553,5.237,9.850049253460387,,9.850049253460387
220,,,,,,,,,,,,,,,,,,,,,,,,,,,,129,Aroldis Chapman,BOS| NYA| KCA| TEX| PIT,LEFT,RP,61.66666666666666,0,68,44,31,26,5,39,98,5,5,14,0,0,3.795,1.346,11,3,0.178,-0.991,-0.813,0.726,-0.036,-0.449,-1.563,5.227,9.831240681275052,,9.831240681275052
221,89,Heliot Ramos,SFN,121,3,RIGHT,518,475,128,54,22,72,37,6,1,0.269,LF| CF,-1.003,0.208,0.129,-0.488,0.438,-0.716,3.672,4.388,9.767186401130296,,,,,,,,,,,,,,,,,,,,,,,,,,,,,,,,,,,9.767186401130296
222,,,,,,,,,,,,,,,,,,,,,,,,,,,,130,Orion Kerkering,PHI,RIGHT,RP,63.0,2,64,51,20,16,2,17,74,5,3,0,0,0,2.286,1.079,6,2,0.095,-0.991,-1.331,-0.501,0.848,0.351,-1.624,5.166,9.716508390944506,,9.716508390944506
223,,,,,,,,,,,,,,,,,,,,,,,,,,,,131,Porter Hodge,CHN,RIGHT,RP,43.0,0,39,19,10,9,2,19,52,3,1,9,0,0,1.884,0.884,3,3,0.07,-1.511,-1.805,0.288,0.739,0.645,-1.644,5.146,9.678891246573832,,9.678891246573832
224,,,,,,,,,,,,,,,,,,,,,,,,,,,,132,Albert Suarez,BAL,RIGHT,SP| RP,133.66666666666669,24,32,130,56,55,17,43,108,9,7,0,0,0,3.703,1.294,10,3,0.075,0.05,-0.597,-0.501,0.036,-0.64,-1.652,5.138,9.663844388825565,,9.663844388825565
225,,,,,,,,,,,,,,,,,,,,,,,,,,,,133,Clarke Schmidt,NYA,RIGHT,SP,85.33333333333333,16,16,71,31,27,8,30,93,5,5,0,0,0,2.848,1.184,5,7,0.059,-0.991,-0.921,-0.501,0.702,0.047,-1.664,5.126,9.641274102203162,,9.641274102203162
226,136,Jose Caballero,NYA| TBA| SEA,131,7,RIGHT,483,441,100,50,9,44,27,39,13,0.227,SS| 3B| 2B,-1.223,-1.246,-1.276,2.329,-1.042,-2.457,3.623,6.08,9.6368508527492,,,,,,,,,,,,,,,,,,,,,,,,,,,,,,,,,,,9.6368508527492
227,,,,,,,,,,,,,,,,,,,,,,,,,,,,134,Ryan Yarbrough,NYA| TBA| KCA| LAN| TOR,LEFT,RP,98.66666666666669,0,44,70,36,35,11,32,65,5,2,1,0,0,3.193,1.034,8,7,0.081,-0.991,-1.525,-0.413,0.495,0.767,-1.667,5.123,9.63563153054756,,9.63563153054756
228,83,Maikel Garcia,KCA,156,1,RIGHT,626,575,133,83,7,58,42,35,2,0.231,3B| 2B,0.595,-1.469,-0.574,1.987,-1.157,-0.617,3.608,4.225,9.59695221548968,,,,,,,,,,,,,,,,,,,,,,,,,,,,,,,,,,,9.59695221548968
229,,,,,,,,,,,,,,,,,,,,,,,,,,,,135,Trevor Megill,MIL| CHN| MIN,RIGHT,RP,46.33333333333333,0,48,33,16,14,4,14,50,1,3,21,0,0,2.719,1.014,9,1,0.194,-2.032,-1.848,1.339,0.436,0.403,-1.701,5.089,9.57168238511742,,9.57168238511742
230,,,,,,,,,,,,,,,,,,,,,,,,,,,,136,Dean Kremer,BAL,RIGHT,SP,129.66666666666663,24,24,110,72,59,18,51,123,8,10,0,0,0,4.095,1.242,6,3,0.046,-0.21,-0.274,-0.501,-0.438,-0.292,-1.714,5.0760000000000005,9.547231241276483,,9.547231241276483
231,,,,,,,,,,,,,,,,,,,,,,,,,,,,137,Jakob Junis,CLE| KCA| SFN| CIN| MIL,RIGHT,SP| RP,67.0,6,24,49,22,20,8,8,51,4,0,1,0,0,2.687,0.851,6,1,0.09,-1.251,-1.827,-0.413,0.652,1.112,-1.728,5.062,9.520899240217013,,9.520899240217013
232,,,,,,,,,,,,,,,,,,,,,,,,,,,,138,Jared Jones,PIT,RIGHT,SP,121.66666666666669,22,22,106,60,56,18,39,132,6,8,0,0,0,4.143,1.192,5,2,0.041,-0.731,-0.08,-0.501,-0.465,0.019,-1.757,5.033,9.46635438087954,,9.46635438087954
233,,,,,,,,,,,,,,,,,,,,,,,,,,,,139,Charlie Morton,ATL| BAL| DET| TBA,RIGHT,SP,165.33333333333331,30,30,154,85,77,23,65,167,8,10,0,0,0,4.191,1.325,12,7,0.073,-0.21,0.675,-0.501,-0.707,-1.033,-1.776,5.014,9.4306180937274,,9.4306180937274
234,,,,,,,,,,,,,,,,,,,,,,,,,,,,140,Lucas Erceg,KCA| OAK,RIGHT,RP,61.66666666666667,0,61,49,26,23,3,16,72,2,6,14,0,0,3.357,1.054,0,0,0.0,-1.772,-1.374,0.726,0.215,0.419,-1.786,5.004,9.411809521542065,,9.411809521542065
235,,,,,,,,,,,,,,,,,,,,,,,,,,,,141,Jose Soriano,ANA,RIGHT,SP,113.0,20,22,91,50,43,8,45,97,6,7,0,0,0,3.425,1.204,2,2,0.018,-0.731,-0.834,-0.501,0.323,-0.047,-1.79,5.0,9.40428609266793,,9.40428609266793
236,86,Andres Gimenez,TOR| NYN| CLE,151,2,LEFT,633,583,147,64,9,63,26,30,5,0.252,2B,-0.452,-1.246,-0.323,1.561,-0.239,-0.698,3.527,4.225,9.381499574288275,,,,,,,,,,,,,,,,,,,,,,,,,,,,,,,,,,,9.381499574288275
237,94,Fernando Tatis,SDN,101,2,RIGHT,438,398,110,64,21,49,32,11,3,0.276,RF,-0.452,0.096,-1.025,-0.061,0.579,-0.863,3.525,4.388,9.376179755987009,,,,,,,,,,,,,,,,,,,,,,,,,,,,,,,,,,,9.376179755987009
238,,,,,,,,,,,,,,,,,,,,,,,,,,,,142,Cody Bradford,TEX,LEFT,SP,76.33333333333334,13,14,64,32,30,10,13,70,6,3,0,0,0,3.537,1.009,8,1,0.105,-0.731,-1.417,-0.501,0.138,0.685,-1.825,4.965,9.338456090019251,,9.338456090019251
239,,,,,,,,,,,,,,,,,,,,,,,,,,,,143,Justin Slaten,BOS,RIGHT,RP,55.333333333333336,0,44,47,21,18,4,9,58,6,2,2,0,0,2.928,1.012,2,0,0.036,-0.731,-1.676,-0.326,0.414,0.488,-1.83,4.96,9.329051803926586,,9.329051803926586
240,,,,,,,,,,,,,,,,,,,,,,,,,,,,144,A. J. Puk,ARI| OAK| MIA,LEFT,SP| RP,71.33333333333333,4,62,51,31,25,5,28,88,4,9,3,0,0,3.154,1.107,5,1,0.07,-1.251,-1.029,-0.238,0.383,0.301,-1.834,4.956,9.32152837505245,,9.32152837505245
241,,,,,,,,,,,,,,,,,,,,,,,,,,,,145,David Robertson,PHI| TBA| CHN| MIA| NYN| TEX,RIGHT,RP,72.0,0,68,53,25,24,5,27,99,3,4,2,0,0,3.0,1.111,2,1,0.028,-1.511,-0.791,-0.326,0.49,0.291,-1.847,4.943,9.297077231211514,,9.297077231211514
242,68,Vinnie Pasquantino,KCA,131,3,LEFT,554,496,130,64,19,97,40,1,0,0.262,1B| DH,-0.452,-0.128,1.383,-0.915,0.176,0.065,3.495,3.43,9.29638248146797,,,,,,,,,,,,,,,,,,,,,,,,,,,,,,,,,,,9.29638248146797
243,,,,,,,,,,,,,,,,,,,,,,,,,,,,146,Pete Fairbanks,TBA,RIGHT,RP,45.333333333333336,0,46,36,20,18,4,17,44,3,3,23,0,0,3.574,1.169,5,1,0.11,-1.511,-1.978,1.514,0.067,0.057,-1.852,4.938,9.287672945118846,,9.287672945118846
244,,,,,,,,,,,,,,,,,,,,,,,,,,,,147,Nick Lodolo,CIN,LEFT,SP,115.33333333333336,21,21,101,62,61,13,37,122,9,6,0,0,0,4.76,1.196,11,4,0.095,0.05,-0.295,-0.501,-1.103,-0.009,-1.858,4.932,9.276387801807646,,9.276387801807646
245,,,,,,,,,,,,,,,,,,,,,,,,,,,,148,Dylan Lee,ATL,LEFT,RP,59.66666666666667,0,52,49,19,14,7,17,76,4,2,0,0,0,2.112,1.106,1,3,0.017,-1.251,-1.287,-0.501,0.899,0.256,-1.885,4.905,9.22560465690724,,9.22560465690724
246,85,Mark Vientos,NYN,110,6,RIGHT,454,413,110,58,27,71,33,0,0,0.266,3B,-0.782,0.766,0.079,-1.0,0.282,-0.655,3.451,4.106,9.179346478840046,,,,,,,,,,,,,,,,,,,,,,,,,,,,,,,,,,,9.179346478840046
247,,,,,,,,,,,,,,,,,,,,,,,,,,,,149,Edwin Uceta,TBA| LAN| ARI| NYN,RIGHT,RP,41.66666666666666,0,30,26,8,7,2,8,57,2,0,5,0,0,1.512,0.816,3,1,0.072,-1.772,-1.697,-0.063,0.861,0.761,-1.91,4.88,9.1785832264439,,9.1785832264439
248,92,Jonathan India,KCA| CIN,151,1,RIGHT,637,533,132,84,15,58,80,13,2,0.248,2B,0.65,-0.575,-0.574,0.11,-0.402,-0.791,3.434,4.225,9.134128023279258,,,,,,,,,,,,,,,,,,,,,,,,,,,,,,,,,,,9.134128023279258
249,93,Bryson Stott,PHI,147,5,LEFT,571,506,124,65,11,57,53,32,3,0.245,2B,-0.397,-1.022,-0.624,1.731,-0.483,-0.794,3.431,4.225,9.126148295827353,,,,,,,,,,,,,,,,,,,,,,,,,,,,,,,,,,,9.126148295827353
250,,,,,,,,,,,,,,,,,,,,,,,,,,,,150,Alexis Diaz,ATL| CIN| LAN,RIGHT,RP,56.33333333333333,0,60,42,31,25,6,31,55,2,5,28,0,0,3.994,1.296,7,3,0.124,-1.772,-1.74,1.952,-0.137,-0.274,-1.971,4.819,9.06385093611335,,9.06385093611335
251,88,Nolan Arenado,SLN| COL,152,4,RIGHT,635,578,157,70,16,71,44,2,2,0.272,3B,-0.121,-0.463,0.079,-0.829,0.629,-0.706,3.4,4.106,9.04369111215768,,,,,,,,,,,,,,,,,,,,,,,,,,,,,,,,,,,9.04369111215768
252,96,Kyle Tucker,CHN| HOU,78,2,LEFT,339,277,80,56,23,49,56,11,0,0.289,RF,-0.892,0.319,-1.025,-0.061,0.668,-0.992,3.396,4.388,9.033051475555142,,,,,,,,,,,,,,,,,,,,,,,,,,,,,,,,,,,9.033051475555142
253,142,Tyler Fitzgerald,SFN,86,1,RIGHT,341,314,88,51,15,34,22,15,4,0.28,SS,-1.168,-0.575,-1.778,0.28,0.55,-2.69,3.39,6.08,9.017092020651337,,,,,,,,,,,,,,,,,,,,,,,,,,,,,,,,,,,9.017092020651337
254,143,Ha-Seong Kim,ATL| TBA| SDN,121,8,RIGHT,470,403,94,60,11,47,58,22,5,0.233,SS,-0.672,-1.022,-1.126,0.878,-0.751,-2.692,3.388,6.08,9.011772202350066,,,,,,,,,,,,,,,,,,,,,,,,,,,,,,,,,,,9.011772202350066
255,,,,,,,,,,,,,,,,,,,,,,,,,,,,151,Joe Musgrove,PIT| SDN,RIGHT,SP,99.66666666666666,19,19,94,44,43,14,23,101,6,5,0,0,0,3.883,1.174,7,4,0.07,-0.731,-0.748,-0.501,-0.14,0.101,-2.019,4.771,8.973569789623738,,8.973569789623738
256,,,,,,,,,,,,,,,,,,,,,,,,,,,,152,Joe Jimenez,DET| ATL,RIGHT,RP,68.66666666666667,0,69,45,22,20,2,23,82,1,5,3,0,0,2.621,0.99,4,0,0.058,-2.032,-1.158,-0.238,0.709,0.678,-2.041,4.7490000000000006,8.932190930816,,8.932190930816
257,,,,,,,,,,,,,,,,,,,,,,,,,,,,153,Bryan Abreu,HOU,RIGHT,RP,78.33333333333334,0,78,59,27,27,9,32,103,3,3,1,0,0,3.102,1.162,13,3,0.166,-1.511,-0.705,-0.413,0.459,0.126,-2.045,4.745,8.924667501941865,,8.924667501941865
258,97,Jesus Sanchez,HOU| MIA,149,4,LEFT,537,489,123,60,18,64,41,16,2,0.252,RF,-0.672,-0.24,-0.273,0.366,-0.223,-1.042,3.346,4.388,8.900056018023413,,,,,,,,,,,,,,,,,,,,,,,,,,,,,,,,,,,8.900056018023413
259,,,,,,,,,,,,,,,,,,,,,,,,,,,,154,Andrew Kittredge,BAL| CHN| TBA| SLN,RIGHT,RP,70.66666666666666,0,74,60,26,22,10,20,67,5,5,1,0,0,2.802,1.132,11,0,0.156,-0.991,-1.482,-0.413,0.611,0.214,-2.06,4.73,8.896454643663862,,8.896454643663862
260,,,,,,,,,,,,,,,,,,,,,,,,,,,,155,Alec Marsh,KCA,RIGHT,SP,129.0,25,26,123,70,65,19,39,123,9,9,0,0,0,4.535,1.256,9,2,0.07,0.05,-0.274,-0.501,-0.964,-0.378,-2.066,4.724,8.88516950035266,,8.88516950035266
261,,,,,,,,,,,,,,,,,,,,,,,,,,,,156,Reed Garrett,NYN| WAS| BAL,RIGHT,RP,57.33333333333333,0,53,50,28,24,6,30,83,8,5,4,0,0,3.767,1.395,7,2,0.122,-0.21,-1.136,-0.151,-0.019,-0.554,-2.07,4.720000000000001,8.877646071478527,,8.877646071478527
262,98,Jorge Soler,ANA| KCA| ATL| MIA| SFN,142,1,RIGHT,574,493,119,84,21,64,68,1,0,0.241,DH| RF,0.65,0.096,-0.273,-0.915,-0.61,-1.051,3.337,4.388,8.8761168356677,,,,,,,,,,,,,,,,,,,,,,,,,,,,,,,,,,,8.8761168356677
263,,,,,,,,,,,,,,,,,,,,,,,,,,,,157,Joel Payamps,ATL| MIL| ARI| KCA| TOR| OAK,RIGHT,RP,59.00000000000001,0,68,39,23,20,7,18,59,3,7,6,0,0,3.051,0.966,3,2,0.051,-1.511,-1.654,0.025,0.374,0.651,-2.116,4.674,8.791126639425979,,8.791126639425979
264,,,,,,,,,,,,,,,,,,,,,,,,,,,,158,Brant Hurter,DET,LEFT,RP,45.33333333333333,1,10,34,13,13,4,6,38,6,1,0,0,0,2.581,0.882,1,0,0.022,-0.731,-2.107,-0.501,0.485,0.683,-2.17,4.62,8.689560349625166,,8.689560349625166
265,,,,,,,,,,,,,,,,,,,,,,,,,,,,159,Shane Baz,TBA,RIGHT,SP,79.33333333333333,14,14,57,28,27,9,27,69,4,3,0,0,0,3.063,1.059,3,2,0.038,-1.251,-1.438,-0.501,0.494,0.521,-2.176,4.614,8.678275206313964,,8.678275206313964
266,,,,,,,,,,,,,,,,,,,,,,,,,,,,160,Aaron Civale,CHA| CHN| MIL| CLE| TBA,RIGHT,SP,161.0,31,31,158,82,78,29,52,149,8,9,0,0,0,4.36,1.304,4,2,0.025,-0.21,0.287,-0.501,-0.941,-0.849,-2.214,4.5760000000000005,8.60680263200969,,8.60680263200969
267,95,Jake Cronenworth,SDN,154,3,LEFT,656,577,139,72,17,83,61,5,2,0.241,2B| 1B,-0.011,-0.351,0.681,-0.573,-0.735,-0.99,3.2349999999999994,4.225,8.60480610230297,,,,,,,,,,,,,,,,,,,,,,,,,,,,,,,,,,,8.60480610230297
268,,,,,,,,,,,,,,,,,,,,,,,,,,,,161,Andrew Heaney,LAN| PIT| ANA| NYA| TEX,LEFT,SP,159.99999999999997,31,32,159,84,76,23,41,159,5,14,0,0,0,4.275,1.25,8,1,0.05,-0.991,0.503,-0.501,-0.808,-0.424,-2.222,4.568,8.59175577426142,,8.59175577426142
269,102,Randy Arozarena,SEA| TBA,154,2,RIGHT,648,549,120,77,20,60,73,20,10,0.219,LF,0.265,-0.016,-0.473,0.707,-1.642,-1.16,3.228,4.388,8.586186738248527,,,,,,,,,,,,,,,,,,,,,,,,,,,,,,,,,,,8.586186738248527
270,,,,,,,,,,,,,,,,,,,,,,,,,,,,162,Reese Olson,DET,RIGHT,SP,112.33333333333331,22,22,100,51,44,7,33,101,4,8,0,0,0,3.525,1.184,9,1,0.08,-1.251,-0.748,-0.501,0.216,0.06,-2.225,4.565,8.58611320260582,,8.58611320260582
271,,,,,,,,,,,,,,,,,,,,,,,,,,,,163,Nick Sandlin,TOR| CLE,RIGHT,RP,57.66666666666666,1,68,46,29,24,12,27,68,8,0,1,0,0,3.746,1.266,6,2,0.104,-0.21,-1.46,-0.413,-0.007,-0.197,-2.288,4.502000000000001,8.467619197838205,,8.467619197838205
272,,,,,,,,,,,,,,,,,,,,,,,,,,,,164,Andre Pallante,SLN,RIGHT,SP| RP,121.33333333333334,20,29,110,55,51,8,48,94,8,8,0,0,0,3.783,1.302,26,6,0.214,-0.21,-0.899,-0.501,-0.058,-0.627,-2.295,4.495,8.45445319730847,,8.45445319730847
273,,,,,,,,,,,,,,,,,,,,,,,,,,,,165,Ryan Thompson,ARI| TBA,RIGHT,RP,66.33333333333331,0,67,64,26,24,5,15,52,7,5,2,0,0,3.256,1.191,17,1,0.256,-0.47,-1.805,-0.326,0.294,0.013,-2.295,4.495,8.45445319730847,,8.45445319730847
274,172,J. T. Realmuto,PHI,99,6,RIGHT,413,380,101,50,14,47,27,2,2,0.266,CC,-1.223,-0.687,-1.126,-0.829,0.243,-3.621,3.161,6.782,8.407972825156008,,,,,,,,,,,,,,,,,,,,,,,,,,,,,,,,,,,8.407972825156008
275,103,Matt Vierling,DET| PHI,143,1,RIGHT,567,518,133,79,16,57,41,6,1,0.257,3B| CF| RF,0.375,-0.463,-0.624,-0.488,-0.028,-1.228,3.16,4.388,8.405312916005375,,,,,,,,,,,,,,,,,,,,,,,,,,,,,,,,,,,8.405312916005375
276,,,,,,,,,,,,,,,,,,,,,,,,,,,,166,Chris Bassitt,TOR| OAK| NYN,RIGHT,SP,171.0,31,31,180,91,79,18,70,168,10,14,0,0,0,4.158,1.462,14,9,0.082,0.31,0.697,-0.501,-0.678,-2.201,-2.372,4.418,8.309627191481383,,8.309627191481383
277,,,,,,,,,,,,,,,,,,,,,,,,,,,,167,JoJo Romero,SLN| PHI,LEFT,RP,59.00000000000002,0,65,52,23,22,8,16,51,7,3,1,0,0,3.356,1.153,1,2,0.017,-0.47,-1.827,-0.413,0.206,0.121,-2.383,4.407,8.288937762077513,,8.288937762077513
278,,,,,,,,,,,,,,,,,,,,,,,,,,,,168,Garrett Cleavinger,TBA| PHI| LAN,LEFT,RP,60.000000000000014,0,68,52,29,25,6,31,71,7,5,6,0,0,3.75,1.383,14,1,0.233,-0.47,-1.395,0.025,-0.01,-0.545,-2.396,4.394,8.264486618236576,,8.264486618236576
279,176,David Fry,CLE,122,5,RIGHT,392,335,88,44,14,51,42,4,1,0.263,CC| DH| 1B,-1.554,-0.687,-0.925,-0.659,0.134,-3.689,3.093,6.782,8.227099002912855,,,,,,,,,,,,,,,,,,,,,,,,,,,,,,,,,,,8.227099002912855
280,100,Gleyber Torres,DET| NYA,154,1,RIGHT,665,587,151,80,15,63,65,4,3,0.257,2B,0.43,-0.575,-0.323,-0.659,-0.01,-1.137,3.088,4.225,8.21379945715968,,,,,,,,,,,,,,,,,,,,,,,,,,,,,,,,,,,8.21379945715968
281,,,,,,,,,,,,,,,,,,,,,,,,,,,,169,Camilo Doval,NYA| SFN,RIGHT,RP,59.00000000000001,0,62,54,35,32,5,39,78,5,3,23,0,0,4.881,1.576,12,0,0.203,-0.991,-1.244,1.514,-0.631,-1.084,-2.436,4.354,8.189252329495233,,8.189252329495233
282,,,,,,,,,,,,,,,,,,,,,,,,,,,,170,Kyle Gibson,BAL| TEX| PHI| SLN,RIGHT,SP,169.66666666666669,30,30,161,91,80,23,68,151,8,8,0,0,0,4.244,1.35,8,1,0.047,-0.21,0.33,-0.501,-0.808,-1.265,-2.454,4.336,8.155396899561628,,8.155396899561628
283,,,,,,,,,,,,,,,,,,,,,,,,,,,,171,Lance Lynn,TEX| CHA| LAN| SLN,RIGHT,SP,117.33333333333334,23,23,113,64,50,16,44,109,7,4,0,0,0,3.835,1.338,16,3,0.136,-0.47,-0.576,-0.501,-0.113,-0.809,-2.469,4.321,8.127184041283623,,8.127184041283623
284,154,Xavier Edwards,MIA,70,1,SWITCH,303,265,87,39,1,26,33,31,4,0.328,SS,-1.829,-2.14,-2.179,1.646,1.444,-3.058,3.022,6.08,8.0382454532178,,,,,,,,,,,,,,,,,,,,,,,,,,,,,,,,,,,8.0382454532178
285,,,,,,,,,,,,,,,,,,,,,,,,,,,,172,Ryan Weathers,MIA| SDN,LEFT,SP,86.66666666666666,16,16,78,39,35,11,24,80,5,6,0,0,0,3.635,1.177,5,2,0.058,-0.991,-1.201,-0.501,0.079,0.076,-2.539,4.251,7.995524035986272,,7.995524035986272
286,,,,,,,,,,,,,,,,,,,,,,,,,,,,173,Osvaldo Bido,ATH| PIT| OAK,RIGHT,SP| RP,63.333333333333336,9,16,43,25,24,3,26,63,5,3,0,0,0,3.41,1.089,6,1,0.095,-0.991,-1.568,-0.501,0.189,0.322,-2.548,4.242,7.978596321019471,,7.978596321019471
287,155,Ernie Clement,TOR| CLE| OAK,128,8,RIGHT,452,434,114,46,12,51,11,12,3,0.263,3B| SS,-1.443,-0.91,-0.925,0.024,0.174,-3.081,2.999,6.08,7.977067542753202,,,,,,,,,,,,,,,,,,,,,,,,,,,,,,,,,,,7.977067542753202
288,,,,,,,,,,,,,,,,,,,,,,,,,,,,174,Will Vest,DET| SEA,RIGHT,RP,70.33333333333334,0,69,61,23,22,3,18,63,3,4,2,0,0,2.815,1.123,3,2,0.043,-1.511,-1.568,-0.326,0.6,0.243,-2.562,4.228,7.95226431996,,7.95226431996
289,156,Paul DeJong,WAS| SLN| SFN| TOR| CHA| KCA,136,6,RIGHT,482,445,101,54,24,56,23,2,2,0.227,SS| 3B,-1.003,0.431,-0.674,-0.829,-1.044,-3.119,2.961,6.08,7.8759909950290865,,,,,,,,,,,,,,,,,,,,,,,,,,,,,,,,,,,7.8759909950290865
290,,,,,,,,,,,,,,,,,,,,,,,,,,,,175,Mitchell Parker,WAS,LEFT,SP,151.0,29,29,154,82,72,18,43,133,7,10,0,0,0,4.291,1.305,4,1,0.026,-0.47,-0.058,-0.501,-0.786,-0.798,-2.613,4.177,7.856340601814788,,7.856340601814788
291,,,,,,,,,,,,,,,,,,,,,,,,,,,,176,Tyler Rogers,NYN| SFN,RIGHT,RP,70.33333333333334,0,77,67,23,22,7,6,51,3,4,1,0,0,2.815,1.038,7,2,0.1,-1.511,-1.827,-0.413,0.6,0.533,-2.619,4.170999999999999,7.845055458503586,,7.845055458503586
292,,,,,,,,,,,,,,,,,,,,,,,,,,,,177,Trent Thornton,SEA| TOR,RIGHT,RP,72.33333333333334,0,71,63,32,29,8,19,77,4,3,1,0,0,3.608,1.134,7,6,0.097,-1.251,-1.266,-0.413,0.083,0.214,-2.633,4.157,7.818723457444117,,7.818723457444117
293,,,,,,,,,,,,,,,,,,,,,,,,,,,,178,Devin Williams,NYA| MIL,RIGHT,RP,21.666666666666664,0,22,10,3,3,1,11,38,1,0,14,0,0,1.246,0.969,1,0,0.046,-2.032,-2.107,0.726,0.501,0.236,-2.677,4.113,7.735965739828638,,7.735965739828638
294,,,,,,,,,,,,,,,,,,,,,,,,,,,,179,Javier Assad,CHN,RIGHT,SP,147.0,29,29,143,64,61,20,63,124,7,6,0,0,0,3.735,1.401,11,6,0.075,-0.47,-0.252,-0.501,-0.004,-1.462,-2.69,4.1,7.711514595987701,,7.711514595987701
295,106,Byron Buxton,MIN,96,5,RIGHT,388,355,99,60,18,56,20,6,2,0.279,CF,-0.672,-0.24,-0.674,-0.488,0.584,-1.489,2.899,4.388,7.7110766276897404,,,,,,,,,,,,,,,,,,,,,,,,,,,,,,,,,,,7.7110766276897404
296,,,,,,,,,,,,,,,,,,,,,,,,,,,,180,Jorge Alcala,BOS| MIN| SLN,RIGHT,RP,58.33333333333333,0,54,40,23,21,8,20,58,4,3,0,0,0,3.24,1.029,9,3,0.154,-1.251,-1.676,-0.501,0.267,0.468,-2.693,4.097,7.7058720243321,,7.7058720243321
297,159,Xander Bogaerts,SDN| BOS,111,5,RIGHT,463,428,113,50,11,44,28,13,3,0.264,2B| SS,-1.223,-1.022,-1.276,0.11,0.216,-3.196,2.884,6.08,7.671177990430221,,,,,,,,,,,,,,,,,,,,,,,,,,,,,,,,,,,7.671177990430221
298,,,,,,,,,,,,,,,,,,,,,,,,,,,,181,Shelby Miller,ARI| MIL| CHN| PIT| SFN| LAN| DET,RIGHT,RP,55.66666666666666,0,51,41,31,28,9,13,49,6,8,2,0,0,4.527,0.97,5,0,0.09,-0.731,-1.87,-0.326,-0.412,0.604,-2.734,4.056,7.628756878372225,,7.628756878372225
299,,,,,,,,,,,,,,,,,,,,,,,,,,,,182,Spencer Turnbull,TOR| DET| PHI,RIGHT,SP| RP,54.333333333333336,7,17,37,17,16,6,20,58,3,0,0,0,0,2.65,1.049,6,1,0.11,-1.511,-1.676,-0.501,0.547,0.382,-2.759,4.031000000000001,7.581735447908886,,7.581735447908886
300,,,,,,,,,,,,,,,,,,,,,,,,,,,,183,Ryne Stanek,NYN| MIA| HOU| SEA,RIGHT,RP,55.33333333333332,0,63,48,32,30,8,25,67,7,3,7,0,0,4.88,1.319,2,0,0.036,-0.47,-1.482,0.112,-0.591,-0.331,-2.762,4.0280000000000005,7.576092876253285,,7.576092876253285
301,108,Brandon Marsh,PHI| ANA,134,7,LEFT,476,418,104,55,16,60,50,19,3,0.249,LF| CF,-0.947,-0.463,-0.473,0.622,-0.279,-1.541,2.847,4.388,7.572761351856741,,,,,,,,,,,,,,,,,,,,,,,,,,,,,,,,,,,7.572761351856741
302,,,,,,,,,,,,,,,,,,,,,,,,,,,,184,Spencer Arrighetti,HOU,RIGHT,SP,145.00000000000003,28,29,139,80,73,21,65,171,7,13,0,0,0,4.531,1.407,16,5,0.11,-0.47,0.762,-0.501,-1.078,-1.481,-2.769,4.021,7.562926875723549,,7.562926875723549
303,,,,,,,,,,,,,,,,,,,,,,,,,,,,185,Pierce Johnson,ATL| SDN| COL,RIGHT,RP,56.33333333333335,0,58,48,25,23,6,25,67,6,6,2,0,0,3.675,1.296,8,1,0.142,-0.731,-1.482,-0.326,0.03,-0.274,-2.782,4.008,7.538475731882612,,7.538475731882612
304,,,,,,,,,,,,,,,,,,,,,,,,,,,,186,Yimi Garcia,TOR| MIA| HOU| SEA,RIGHT,RP,39.0,0,39,23,15,15,6,12,49,3,0,5,0,0,3.462,0.897,5,0,0.128,-1.511,-1.87,-0.063,0.098,0.559,-2.787,4.003,7.529071445789945,,7.529071445789945
305,,,,,,,,,,,,,,,,,,,,,,,,,,,,187,Yennier Cano,BAL| MIN,RIGHT,RP,59.99999999999999,0,70,54,24,21,6,24,65,4,3,5,0,0,3.15,1.3,7,3,0.117,-1.251,-1.525,-0.063,0.325,-0.304,-2.818,3.972,7.470764872015403,,7.470764872015403
306,,,,,,,,,,,,,,,,,,,,,,,,,,,,188,Michael Tonkin,MIN| ATL| NYA| NYN,RIGHT,RP,79.3333333333333,0,57,70,43,32,6,30,85,4,4,2,0,0,3.63,1.26,8,1,0.101,-1.251,-1.093,-0.326,0.075,-0.251,-2.846,3.944,7.418100869896462,,7.418100869896462
307,,,,,,,,,,,,,,,,,,,,,,,,,,,,189,Pedro Avila,SDN| CLE,RIGHT,RP,82.66666666666667,0,54,73,38,35,8,36,82,6,1,1,0,0,3.811,1.319,0,0,0.0,-0.731,-1.158,-0.413,-0.06,-0.492,-2.855,3.935,7.40117315492966,,7.40117315492966
308,,,,,,,,,,,,,,,,,,,,,,,,,,,,190,Tyler Ferguson,ATH| OAK,RIGHT,RP,51.33333333333334,0,48,32,23,21,4,24,62,4,2,2,0,0,3.682,1.091,0,2,0.0,-1.251,-1.589,-0.326,0.024,0.258,-2.885,3.905,7.344747438373654,,7.344747438373654
309,,,,,,,,,,,,,,,,,,,,,,,,,,,,191,Buck Farmer,DET| CIN,RIGHT,RP,70.99999999999999,1,61,56,25,24,7,29,70,3,2,1,0,0,3.042,1.197,12,2,0.169,-1.511,-1.417,-0.413,0.456,-0.007,-2.894,3.896,7.327819723406851,,7.327819723406851
310,,,,,,,,,,,,,,,,,,,,,,,,,,,,192,Jose Leclerc,ATH| TEX,RIGHT,RP,66.66666666666667,0,64,56,33,32,7,32,89,6,5,1,0,0,4.32,1.32,11,3,0.165,-0.731,-1.007,-0.413,-0.365,-0.402,-2.918,3.872,7.2826791501620445,,7.2826791501620445
311,,,,,,,,,,,,,,,,,,,,,,,,,,,,193,Dennis Santana,PIT| LAN| TEX| NYN| NYA,RIGHT,RP,71.66666666666664,0,62,57,33,31,4,21,69,3,1,3,0,0,3.893,1.088,7,2,0.098,-1.511,-1.438,-0.238,-0.107,0.368,-2.927,3.863,7.265751435195242,,7.265751435195242
312,,,,,,,,,,,,,,,,,,,,,,,,,,,,194,A. J. Minter,NYN| ATL,LEFT,RP,34.33333333333334,0,39,24,10,10,6,11,35,5,4,1,0,0,2.621,1.019,1,3,0.029,-0.991,-2.172,-0.413,0.355,0.291,-2.931,3.859,7.258228006321108,,7.258228006321108
313,,,,,,,,,,,,,,,,,,,,,,,,,,,,195,Hunter Strickland,ANA| NYN| MIL| TBA| CIN,RIGHT,RP,73.33333333333333,0,72,56,31,27,10,24,57,3,2,1,0,0,3.314,1.091,6,2,0.082,-1.511,-1.697,-0.413,0.285,0.368,-2.969,3.821,7.186755432016832,,7.186755432016832
314,,,,,,,,,,,,,,,,,,,,,,,,,,,,196,Joe Mantiply,ARI,LEFT,RP,59.66666666666668,2,75,52,27,26,1,18,53,6,2,1,0,0,3.922,1.173,7,1,0.117,-0.731,-1.784,-0.413,-0.105,0.063,-2.97,3.82,7.184874574798298,,7.184874574798298
315,113,Jesse Winker,NYN| CIN| SEA| MIL| WAS,144,3,LEFT,508,430,109,63,14,58,63,14,4,0.253,LF| DH,-0.507,-0.687,-0.574,0.195,-0.132,-1.704,2.684,4.388,7.1391961603033,,,,,,,,,,,,,,,,,,,,,,,,,,,,,,,,,,,7.1391961603033
316,164,Isiah Kiner-Falefa,PIT| TOR| TEX| NYA,128,8,RIGHT,496,465,125,53,8,43,16,11,2,0.269,2B| SS| 3B,-1.058,-1.357,-1.326,-0.061,0.406,-3.397,2.6830000000000003,6.08,7.136536251152665,,,,,,,,,,,,,,,,,,,,,,,,,,,,,,,,,,,7.136536251152665
317,,,,,,,,,,,,,,,,,,,,,,,,,,,,197,Landon Knack,LAN,RIGHT,SP| RP,69.0,12,15,58,28,28,14,18,69,3,5,1,0,0,3.652,1.101,7,0,0.101,-1.511,-1.438,-0.413,0.051,0.311,-3.001,3.789,7.126568001023757,,7.126568001023757
318,91,Paul Goldschmidt,NYA| SLN,154,3,RIGHT,654,599,147,70,22,65,47,11,0,0.245,1B,-0.121,0.208,-0.222,-0.061,-0.556,-0.753,2.677,3.43,7.120576796248857,,,,,,,,,,,,,,,,,,,,,,,,,,,,,,,,,,,7.120576796248857
319,114,Jacob Young,WAS,145,9,RIGHT,521,468,120,74,3,36,30,33,9,0.256,CF,0.099,-1.916,-1.677,1.817,-0.038,-1.716,2.672,4.388,7.107277250495683,,,,,,,,,,,,,,,,,,,,,,,,,,,,,,,,,,,7.107277250495683
320,,,,,,,,,,,,,,,,,,,,,,,,,,,,198,DJ Herz,WAS,LEFT,SP,88.66666666666666,19,19,76,45,41,11,36,106,4,9,0,0,0,4.162,1.263,2,0,0.023,-1.251,-0.64,-0.501,-0.354,-0.291,-3.038,3.752,7.056976283938015,,7.056976283938015
321,186,Willson Contreras,SLN| CHN,84,3,RIGHT,358,301,79,48,15,36,45,4,1,0.262,CC| DH,-1.333,-0.575,-1.677,-0.659,0.115,-4.129,2.6530000000000005,6.782,7.056738976633628,,,,,,,,,,,,,,,,,,,,,,,,,,,,,,,,,,,7.056738976633628
322,,,,,,,,,,,,,,,,,,,,,,,,,,,,199,Seranthony Dominguez,BAL| TOR| PHI,RIGHT,RP,58.66666666666668,0,63,52,32,29,12,21,68,3,4,11,0,0,4.449,1.244,12,0,0.205,-1.511,-1.46,0.463,-0.391,-0.139,-3.039,3.751,7.055095426719481,,7.055095426719481
323,,,,,,,,,,,,,,,,,,,,,,,,,,,,200,Eli Morgan,CHN| CLE,RIGHT,RP,42.0,0,32,30,11,9,4,11,34,3,0,0,0,0,1.929,0.976,8,2,0.19,-1.511,-2.193,-0.501,0.705,0.443,-3.058,3.732,7.019359139567343,,7.019359139567343
324,,,,,,,,,,,,,,,,,,,,,,,,,,,,201,Jose Alvarado,PHI| TBA,LEFT,RP,61.66666666666667,0,66,49,30,28,6,28,63,2,5,13,0,0,4.087,1.249,7,1,0.114,-1.772,-1.568,0.638,-0.203,-0.159,-3.064,3.726,7.008073996256141,,7.008073996256141
325,,,,,,,,,,,,,,,,,,,,,,,,,,,,202,Phil Maton,SLN| TEX| CLE| HOU| NYN| TBA,RIGHT,RP,64.0,0,71,47,27,26,7,24,60,3,3,3,0,0,3.656,1.109,2,2,0.031,-1.511,-1.633,-0.238,0.045,0.264,-3.073,3.717,6.991146281289339,,6.991146281289339
326,,,,,,,,,,,,,,,,,,,,,,,,,,,,203,Adrian Morejon,SDN,LEFT,RP,63.66666666666665,0,60,63,24,20,4,21,71,3,2,2,0,0,2.827,1.319,9,0,0.141,-1.511,-1.395,-0.326,0.536,-0.382,-3.078,3.712,6.981741995196671,,6.981741995196671
327,,,,,,,,,,,,,,,,,,,,,,,,,,,,204,Simeon Woods Richardson,MIN,RIGHT,SP,133.66666666666666,28,28,125,63,62,16,48,117,5,5,0,0,0,4.175,1.294,11,2,0.082,-0.991,-0.403,-0.501,-0.55,-0.64,-3.085,3.705,6.968575994666936,,6.968575994666936
328,,,,,,,,,,,,,,,,,,,,,,,,,,,,205,Bailey Falter,KCA| PIT| PHI,LEFT,SP,142.33333333333334,28,28,138,72,70,17,45,97,8,9,0,0,0,4.426,1.286,18,5,0.126,-0.21,-0.834,-0.501,-0.919,-0.622,-3.087,3.703,6.964814280229868,,6.964814280229868
329,168,David Hamilton,BOS,93,8,LEFT,317,294,73,44,8,28,22,32,4,0.248,SS| 2B,-1.554,-1.357,-2.079,1.731,-0.207,-3.466,2.614,6.08,6.953002519758876,,,,,,,,,,,,,,,,,,,,,,,,,,,,,,,,,,,6.953002519758876
330,,,,,,,,,,,,,,,,,,,,,,,,,,,,206,Yuki Matsui,SDN,LEFT,RP,62.66666666666668,0,64,46,27,26,8,27,69,4,2,0,0,0,3.734,1.165,2,1,0.032,-1.251,-1.438,-0.501,-0.001,0.091,-3.101,3.689,6.938482279170398,,6.938482279170398
331,,,,,,,,,,,,,,,,,,,,,,,,,,,,207,James McArthur,KCA,RIGHT,RP,56.66666666666666,0,57,68,36,31,8,14,49,5,7,18,0,0,4.923,1.447,3,1,0.053,-0.991,-1.87,1.076,-0.628,-0.689,-3.101,3.689,6.938482279170398,,6.938482279170398
332,116,Luke Raley,SEA| LAN| TBA,133,5,LEFT,455,404,98,56,22,58,27,11,2,0.243,LF| 1B| RF,-0.892,0.208,-0.574,-0.061,-0.463,-1.782,2.606,4.388,6.9317232465538,,,,,,,,,,,,,,,,,,,,,,,,,,,,,,,,,,,6.9317232465538
333,,,,,,,,,,,,,,,,,,,,,,,,,,,,208,Matt Waldron,SDN,RIGHT,SP,146.66666666666669,26,27,145,84,80,21,40,133,7,11,0,0,0,4.909,1.261,16,2,0.109,-0.47,-0.058,-0.501,-1.606,-0.469,-3.105,3.685,6.930958850296264,,6.930958850296264
334,,,,,,,,,,,,,,,,,,,,,,,,,,,,209,Zack Kelly,BOS,RIGHT,SP| RP,56.66666666666666,3,49,44,31,25,10,27,61,6,3,0,0,0,3.971,1.253,6,1,0.106,-0.731,-1.611,-0.501,-0.126,-0.158,-3.127,3.663,6.889579991488525,,6.889579991488525
335,,,,,,,,,,,,,,,,,,,,,,,,,,,,210,Dedniel Nunez,NYN,RIGHT,RP,35.00000000000001,0,25,24,11,9,3,8,48,2,0,1,0,0,2.314,0.914,3,1,0.086,-1.772,-1.891,-0.413,0.462,0.474,-3.141,3.649,6.863247990429055,,6.863247990429055
336,,,,,,,,,,,,,,,,,,,,,,,,,,,,211,Bryan Hoeing,SDN| MIA,RIGHT,RP,53.66666666666666,2,34,43,15,13,4,14,43,2,3,0,0,0,2.18,1.062,7,2,0.13,-1.772,-1.999,-0.501,0.775,0.344,-3.153,3.637,6.840677703806652,,6.840677703806652
337,,,,,,,,,,,,,,,,,,,,,,,,,,,,212,Dylan Floro,LAN| MIA| MIN| ARI| WAS,RIGHT,RP,68.66666666666669,0,66,65,31,29,5,17,48,6,4,0,0,0,3.801,1.194,9,1,0.131,-0.731,-1.891,-0.501,-0.044,0.003,-3.164,3.626,6.819988274402783,,6.819988274402783
338,,,,,,,,,,,,,,,,,,,,,,,,,,,,213,Merrill Kelly,ARI| TEX,RIGHT,SP,73.66666666666667,13,13,67,35,33,11,19,63,5,1,0,0,0,4.032,1.167,5,2,0.068,-0.991,-1.568,-0.501,-0.205,0.098,-3.167,3.623,6.814345702747183,,6.814345702747183
339,111,Jordan Westburg,BAL,107,5,RIGHT,447,416,110,57,18,63,22,6,3,0.264,3B| 2B,-0.837,-0.24,-0.323,-0.488,0.222,-1.665,2.56,4.225,6.809367425624607,,,,,,,,,,,,,,,,,,,,,,,,,,,,,,,,,,,6.809367425624607
340,,,,,,,,,,,,,,,,,,,,,,,,,,,,214,Collin Snider,SEA| KCA,RIGHT,RP,41.66666666666666,0,42,36,14,9,5,13,47,3,4,0,0,0,1.944,1.176,3,1,0.072,-1.511,-1.913,-0.501,0.693,0.038,-3.194,3.596,6.763562557846775,,6.763562557846775
341,,,,,,,,,,,,,,,,,,,,,,,,,,,,215,Kyle Harrison,BOS| SFN,LEFT,SP,124.33333333333334,24,24,125,65,63,18,42,118,7,7,0,0,0,4.56,1.343,18,6,0.145,-0.47,-0.382,-0.501,-0.958,-0.888,-3.199,3.591,6.754158271754108,,6.754158271754108
342,,,,,,,,,,,,,,,,,,,,,,,,,,,,216,Elvis Peguero,CHA| MIL| ANA,RIGHT,RP,51.33333333333334,0,52,52,22,17,4,27,47,7,4,2,0,0,2.981,1.539,4,0,0.078,-0.47,-1.913,-0.326,0.359,-0.851,-3.201,3.589,6.75039655731704,,6.75039655731704
343,119,JJ Bleday,ATH| MIA| OAK,158,3,LEFT,642,572,139,74,20,60,67,2,3,0.243,CF,0.099,-0.016,-0.473,-0.829,-0.636,-1.856,2.532,4.388,6.734889969406838,,,,,,,,,,,,,,,,,,,,,,,,,,,,,,,,,,,6.734889969406838
344,,,,,,,,,,,,,,,,,,,,,,,,,,,,217,Beau Brieske,DET,RIGHT,SP| RP,67.66666666666666,12,46,55,31,27,5,30,69,4,5,1,0,0,3.591,1.256,5,3,0.074,-1.251,-1.438,-0.413,0.089,-0.199,-3.214,3.576,6.725945413476103,,6.725945413476103
345,,,,,,,,,,,,,,,,,,,,,,,,,,,,218,Jake Cousins,MIL| NYA,RIGHT,RP,38.00000000000001,0,37,20,14,10,5,20,53,2,1,1,0,0,2.368,1.053,6,0,0.158,-1.772,-1.784,-0.413,0.482,0.261,-3.226,3.564,6.7033751268537,,6.7033751268537
346,,,,,,,,,,,,,,,,,,,,,,,,,,,,219,Paul Sewald,CLE| DET| NYN| SEA| ARI,RIGHT,RP,39.66666666666666,0,42,35,19,19,6,10,43,1,2,16,0,0,4.311,1.135,4,1,0.101,-2.032,-1.999,0.901,-0.214,0.116,-3.228,3.562,6.699613412416633,,6.699613412416633
347,,,,,,,,,,,,,,,,,,,,,,,,,,,,220,Jacob Barnes,TOR| ANA| NYN| DET| NYA| SLN| WAS,RIGHT,RP,66.0,0,63,67,36,32,10,20,55,8,3,0,0,0,4.364,1.318,7,1,0.106,-0.21,-1.74,-0.501,-0.388,-0.392,-3.231,3.559,6.6939708407610325,,6.6939708407610325
348,,,,,,,,,,,,,,,,,,,,,,,,,,,,221,Carmen Mlodzinski,PIT,RIGHT,SP| RP,50.66666666666667,4,40,41,22,19,3,19,46,5,5,0,0,0,3.375,1.184,6,0,0.118,-0.991,-1.934,-0.501,0.168,0.026,-3.232,3.558,6.692089983542498,,6.692089983542498
349,,,,,,,,,,,,,,,,,,,,,,,,,,,,222,Manuel Rodriguez,TBA| CHN,RIGHT,RP,37.66666666666666,0,40,29,13,9,3,11,34,3,4,2,0,0,2.15,1.062,0,0,0.0,-1.511,-2.193,-0.326,0.554,0.242,-3.235,3.555,6.686447411886898,,6.686447411886898
350,,,,,,,,,,,,,,,,,,,,,,,,,,,,223,Erik Miller,SFN,LEFT,SP| RP,67.33333333333333,10,73,50,33,29,7,38,87,4,5,0,0,0,3.876,1.307,8,3,0.119,-1.251,-1.05,-0.501,-0.09,-0.363,-3.256,3.5340000000000003,6.646949410297693,,6.646949410297693
351,120,George Springer,TOR| HOU,145,1,RIGHT,614,545,120,74,19,56,60,16,1,0.22,RF| DH,0.099,-0.128,-0.674,0.366,-1.563,-1.9,2.488,4.388,6.617853966778915,,,,,,,,,,,,,,,,,,,,,,,,,,,,,,,,,,,6.617853966778915
352,,,,,,,,,,,,,,,,,,,,,,,,,,,,224,Jalen Beeks,ARI| TBA| COL| PIT,LEFT,RP,70.00000000000001,0,71,77,42,35,6,27,55,7,4,10,0,0,4.5,1.486,4,0,0.057,-0.47,-1.74,0.375,-0.5,-0.981,-3.317,3.473,6.532217119967144,,6.532217119967144
353,,,,,,,,,,,,,,,,,,,,,,,,,,,,225,Bryse Wilson,CHA| ATL| PIT| MIL,RIGHT,SP| RP,104.66666666666666,9,34,102,49,47,20,31,82,5,4,0,0,0,4.041,1.271,7,3,0.067,-0.991,-1.158,-0.501,-0.301,-0.382,-3.333,3.457,6.502123404470606,,6.502123404470606
354,,,,,,,,,,,,,,,,,,,,,,,,,,,,226,Hogan Harris,ATH| OAK,LEFT,SP| RP,72.33333333333333,9,21,65,29,23,7,33,61,4,4,0,0,0,2.862,1.355,2,3,0.028,-1.251,-1.611,-0.501,0.586,-0.557,-3.335,3.455,6.49836169003354,,6.49836169003354
355,,,,,,,,,,,,,,,,,,,,,,,,,,,,228,Tylor Megill,NYN,RIGHT,SP,78.00000000000001,15,16,70,39,35,8,32,91,4,5,0,0,0,4.038,1.308,5,2,0.064,-1.251,-0.964,-0.501,-0.222,-0.424,-3.362,3.428,6.447578545133132,,6.447578545133132
356,,,,,,,,,,,,,,,,,,,,,,,,,,,,227,Jacob Webb,TEX| ATL| ANA| BAL,RIGHT,RP,56.66666666666666,0,60,40,23,19,4,27,58,2,5,2,0,0,3.018,1.182,4,2,0.071,-1.772,-1.676,-0.326,0.377,0.035,-3.362,3.428,6.447578545133132,,6.447578545133132
357,122,Christian Yelich,MIL,73,3,LEFT,315,270,85,44,11,42,40,21,1,0.315,LF| DH,-1.554,-1.022,-1.376,0.792,1.191,-1.969,2.419,4.388,6.434320235385126,,,,,,,,,,,,,,,,,,,,,,,,,,,,,,,,,,,6.434320235385126
358,,,,,,,,,,,,,,,,,,,,,,,,,,,,229,Hayden Wesneski,HOU| CHN,RIGHT,SP| RP,67.66666666666667,7,28,56,37,29,12,21,67,3,6,0,0,0,3.857,1.138,3,0,0.044,-1.511,-1.482,-0.501,-0.079,0.186,-3.387,3.403,6.400557114669793,,6.400557114669793
359,,,,,,,,,,,,,,,,,,,,,,,,,,,,230,David Bednar,NYA| PIT| SDN,RIGHT,RP,57.66666666666665,0,62,54,40,37,9,28,58,3,8,23,0,0,5.775,1.422,14,0,0.243,-1.511,-1.676,1.514,-1.096,-0.631,-3.4,3.39,6.376105970828856,,6.376105970828856
360,,,,,,,,,,,,,,,,,,,,,,,,,,,,231,Chris Martin,TEX| ATL| CHN| LAN| BOS,RIGHT,RP,44.333333333333336,0,45,47,22,17,5,3,50,3,1,2,0,0,3.451,1.128,6,2,0.135,-1.511,-1.848,-0.326,0.116,0.144,-3.426,3.364,6.3272036831469824,,6.3272036831469824
361,,,,,,,,,,,,,,,,,,,,,,,,,,,,232,Austin Voth,WAS| BAL| SEA,RIGHT,RP,61.0,0,68,46,31,25,9,18,61,2,5,0,0,0,3.688,1.049,5,0,0.082,-1.772,-1.611,-0.501,0.025,0.429,-3.43,3.36,6.319680254272848,,6.319680254272848
362,,,,,,,,,,,,,,,,,,,,,,,,,,,,233,Greg Weissert,BOS| NYA,RIGHT,RP,63.333333333333336,0,62,65,32,22,7,20,58,4,2,1,0,0,3.126,1.342,5,4,0.079,-1.251,-1.676,-0.413,0.357,-0.449,-3.433,3.357,6.314037682617248,,6.314037682617248
363,,,,,,,,,,,,,,,,,,,,,,,,,,,,234,Jorge Lopez,WAS| BAL| KCA| MIN| MIA| CHN| NYN,RIGHT,RP,52.99999999999999,0,52,46,19,17,6,19,50,2,3,4,0,0,2.887,1.226,6,1,0.113,-1.772,-1.848,-0.151,0.417,-0.08,-3.434,3.356,6.312156825398714,,6.312156825398714
364,,,,,,,,,,,,,,,,,,,,,,,,,,,,235,Sean Guenther,DET| MIA,LEFT,RP,21.000000000000004,0,17,9,2,2,0,2,12,3,0,0,0,0,0.857,0.524,0,0,0.0,-1.511,-2.668,-0.501,0.562,0.679,-3.439,3.351,6.302752539306046,,6.302752539306046
365,,,,,,,,,,,,,,,,,,,,,,,,,,,,236,Marcus Stroman,NYA| NYN| CHN,RIGHT,SP,154.66666666666666,29,30,167,81,74,19,60,113,10,9,1,0,0,4.306,1.468,25,5,0.162,0.31,-0.489,-0.413,-0.826,-2.033,-3.451,3.339,6.280182252683643,,6.280182252683643
366,,,,,,,,,,,,,,,,,,,,,,,,,,,,237,Anthony Bender,MIA,RIGHT,RP,53.0,0,59,50,25,24,3,18,59,5,2,1,0,0,4.075,1.283,7,1,0.132,-0.991,-1.654,-0.413,-0.169,-0.225,-3.453,3.337,6.276420538246576,,6.276420538246576
367,,,,,,,,,,,,,,,,,,,,,,,,,,,,238,Kyle Bradish,BAL,RIGHT,SP,39.333333333333336,8,8,27,12,12,2,15,53,2,0,0,0,0,2.746,1.068,0,0,0.0,-1.772,-1.784,-0.501,0.361,0.241,-3.454,3.336,6.274539681028043,,6.274539681028043
368,,,,,,,,,,,,,,,,,,,,,,,,,,,,239,Tony Santillan,CIN,RIGHT,RP,30.000000000000004,1,29,21,11,10,4,9,46,3,3,0,0,0,3.0,1.0,0,0,0.0,-1.511,-1.934,-0.501,0.204,0.282,-3.461,3.329,6.261373680498308,,6.261373680498308
369,,,,,,,,,,,,,,,,,,,,,,,,,,,,240,Mitch Spence,ATH| OAK,RIGHT,SP| RP,151.33333333333334,24,35,165,79,77,20,44,126,8,10,0,0,0,4.579,1.381,15,7,0.099,-0.21,-0.209,-0.501,-1.193,-1.357,-3.47,3.32,6.244445965531505,,6.244445965531505
370,,,,,,,,,,,,,,,,,,,,,,,,,,,,241,J. T. Chargois,SEA| TBA| MIA,RIGHT,RP,36.33333333333333,0,36,24,9,9,6,13,30,3,1,0,0,0,2.229,1.018,3,0,0.083,-1.511,-2.28,-0.501,0.508,0.309,-3.475,3.315,6.2350416794388375,,6.2350416794388375
371,,,,,,,,,,,,,,,,,,,,,,,,,,,,242,Danny Coulombe,MIN| TEX| BAL,LEFT,RP,29.666666666666664,0,33,15,7,7,3,5,32,1,0,1,0,0,2.124,0.674,0,0,0.0,-2.032,-2.236,-0.413,0.444,0.745,-3.493,3.297,6.201186249505233,,6.201186249505233
372,115,Isaac Paredes,HOU| DET| TBA| CHN,153,4,RIGHT,641,542,129,64,19,80,76,1,1,0.238,3B,-0.452,-0.128,0.53,-0.915,-0.811,-1.775,2.331,4.106,6.200248230129281,,,,,,,,,,,,,,,,,,,,,,,,,,,,,,,,,,,6.200248230129281
373,,,,,,,,,,,,,,,,,,,,,,,,,,,,243,Taylor Rogers,CHN| CIN| MIN| MIL| SDN| SFN,LEFT,RP,60.0,0,64,53,22,16,7,22,64,1,4,0,0,0,2.4,1.25,4,1,0.067,-2.032,-1.546,-0.501,0.743,-0.159,-3.495,3.295,6.197424535068166,,6.197424535068166
374,,,,,,,,,,,,,,,,,,,,,,,,,,,,244,Frankie Montas,NYN| OAK| NYA| CIN| MIL,RIGHT,SP,150.66666666666666,30,30,140,89,81,24,66,148,7,11,0,0,0,4.838,1.367,17,7,0.113,-0.47,0.266,-0.501,-1.551,-1.251,-3.508,3.282,6.172973391227229,,6.172973391227229
375,,,,,,,,,,,,,,,,,,,,,,,,,,,,245,Anthony Banda,LAN| TBA| NYN| PIT| NYA| TOR| WAS,LEFT,RP,49.66666666666666,2,48,44,19,17,5,18,50,3,2,2,0,0,3.08,1.248,5,2,0.101,-1.511,-1.848,-0.326,0.301,-0.128,-3.512,3.278,6.165449962353095,,6.165449962353095
376,177,Dylan Moore,SEA| TEX,130,9,RIGHT,441,368,74,50,10,42,53,30,5,0.201,SS| 3B| 2B| LF,-1.223,-1.134,-1.376,1.561,-1.596,-3.768,2.3120000000000003,6.08,6.149709956267224,,,,,,,,,,,,,,,,,,,,,,,,,,,,,,,,,,,6.149709956267224
377,,,,,,,,,,,,,,,,,,,,,,,,,,,,246,Sean Hjelle,SFN,RIGHT,RP,80.66666666666666,0,58,84,37,35,10,14,75,3,4,0,0,0,3.905,1.215,4,0,0.05,-1.511,-1.309,-0.501,-0.13,-0.077,-3.529,3.261,6.133475389638024,,6.133475389638024
378,,,,,,,,,,,,,,,,,,,,,,,,,,,,247,Ben Joyce,ANA,RIGHT,RP,34.66666666666667,1,31,26,8,8,1,14,33,2,0,4,0,0,2.077,1.154,0,1,0.0,-1.772,-2.215,-0.151,0.534,0.069,-3.535,3.255,6.122190246326822,,6.122190246326822
379,,,,,,,,,,,,,,,,,,,,,,,,,,,,248,Jose Ruiz,ATL| PHI| CHA| ARI,RIGHT,RP,50.99999999999999,0,52,51,23,21,8,17,52,5,1,1,0,0,3.706,1.333,1,0,0.02,-0.991,-1.805,-0.413,0.012,-0.34,-3.537,3.253,6.118428531889755,,6.118428531889755
380,,,,,,,,,,,,,,,,,,,,,,,,,,,,249,Hoby Milner,TEX| ANA| MIL,LEFT,RP,64.66666666666667,1,61,63,38,34,6,14,64,5,1,1,0,0,4.732,1.191,3,1,0.046,-0.991,-1.546,-0.413,-0.602,0.013,-3.539,3.251,6.114666817452688,,6.114666817452688
381,,,,,,,,,,,,,,,,,,,,,,,,,,,,250,Grant Holmes,ATL,RIGHT,SP| RP,68.33333333333333,7,26,66,27,27,7,15,70,2,1,0,0,0,3.556,1.185,7,0,0.102,-1.772,-1.417,-0.501,0.112,0.032,-3.546,3.244,6.101500816922953,,6.101500816922953
382,,,,,,,,,,,,,,,,,,,,,,,,,,,,251,Jose Urena,ANA| LAN| MIN| NYN| TOR| MIA| DET| COL| MIL| CHA| TEX,RIGHT,SP| RP,109.00000000000004,9,33,105,51,46,13,39,70,5,8,1,0,0,3.798,1.321,10,2,0.092,-0.991,-1.417,-0.413,-0.067,-0.663,-3.551,3.239,6.092096530830284,,6.092096530830284
383,117,Ryan McMahon,COL| NYA,153,3,LEFT,645,567,137,68,20,65,69,4,6,0.242,3B,-0.231,-0.016,-0.222,-0.659,-0.691,-1.819,2.287,4.106,6.083212227501358,,,,,,,,,,,,,,,,,,,,,,,,,,,,,,,,,,,6.083212227501358
384,,,,,,,,,,,,,,,,,,,,,,,,,,,,252,Calvin Faucher,MIA| TBA,RIGHT,RP,53.66666666666666,0,53,49,25,19,0,26,63,2,3,6,0,0,3.186,1.397,5,0,0.093,-1.772,-1.568,0.025,0.272,-0.524,-3.566,3.224,6.063883672552281,,6.063883672552281
385,,,,,,,,,,,,,,,,,,,,,,,,,,,,253,Alex Faedo,DET,RIGHT,SP| RP,57.33333333333332,6,37,49,24,23,9,28,55,5,3,0,0,0,3.611,1.343,1,4,0.017,-0.991,-1.74,-0.501,0.065,-0.409,-3.577,3.213,6.043194243148411,,6.043194243148411
386,,,,,,,,,,,,,,,,,,,,,,,,,,,,254,Robert Garcia,TEX| MIA| WAS,LEFT,RP,59.66666666666667,0,72,55,34,28,4,16,75,3,6,0,0,0,4.223,1.19,4,1,0.067,-1.511,-1.309,-0.501,-0.273,0.015,-3.58,3.21,6.03755167149281,,6.03755167149281
387,,,,,,,,,,,,,,,,,,,,,,,,,,,,255,Mark Leiter,NYA| CHN,RIGHT,RP,57.99999999999999,0,60,55,34,29,8,22,86,4,5,0,0,0,4.5,1.328,6,0,0.103,-1.251,-1.072,-0.501,-0.414,-0.371,-3.609,3.181,5.983006812155337,,5.983006812155337
388,,,,,,,,,,,,,,,,,,,,,,,,,,,,256,Victor Vodnik,COL,RIGHT,RP,73.66666666666666,0,64,72,37,35,7,37,65,5,4,9,0,0,4.276,1.48,3,0,0.041,-0.991,-1.525,0.288,-0.373,-1.011,-3.612,3.178,5.977364240499736,,5.977364240499736
389,,,,,,,,,,,,,,,,,,,,,,,,,,,,257,James Paxton,NYA| SEA| BOS| LAN,LEFT,SP,100.33333333333331,21,21,95,53,49,12,50,73,9,3,0,0,0,4.395,1.445,6,3,0.06,0.05,-1.352,-0.501,-0.619,-1.21,-3.632,3.158,5.939747096129064,,5.939747096129064
390,,,,,,,,,,,,,,,,,,,,,,,,,,,,259,Joey Estes,ATH| OAK,RIGHT,SP,127.66666666666669,24,25,130,73,71,23,27,92,7,9,0,0,0,5.005,1.23,4,1,0.031,-0.47,-0.942,-0.501,-1.512,-0.214,-3.64,3.15,5.924700238380796,,5.924700238380796
391,,,,,,,,,,,,,,,,,,,,,,,,,,,,258,Cooper Criswell,BOS| ANA| TBA,RIGHT,SP| RP,99.33333333333331,18,26,103,52,45,10,31,73,6,5,0,0,0,4.077,1.349,2,1,0.02,-0.731,-1.352,-0.501,-0.319,-0.737,-3.64,3.15,5.924700238380796,,5.924700238380796
392,,,,,,,,,,,,,,,,,,,,,,,,,,,,260,John King,SLN| TEX,LEFT,RP,59.99999999999999,0,56,58,23,19,5,14,38,3,3,0,0,0,2.85,1.2,11,0,0.183,-1.511,-2.107,-0.501,0.492,-0.014,-3.642,3.148,5.920938523943729,,5.920938523943729
393,,,,,,,,,,,,,,,,,,,,,,,,,,,,261,Jesus Tinoco,MIA| COL| TEX| CHN,RIGHT,RP,40.66666666666666,0,32,27,15,15,3,12,42,1,0,3,0,0,3.32,0.959,4,0,0.098,-2.032,-2.021,-0.238,0.156,0.463,-3.672,3.118,5.864512807387721,,5.864512807387721
394,,,,,,,,,,,,,,,,,,,,,,,,,,,,262,Sam Long,KCA| SFN| OAK,LEFT,RP,42.66666666666666,0,43,34,17,15,5,17,44,3,3,1,0,0,3.164,1.195,0,0,0.0,-1.511,-1.978,-0.413,0.225,-0.001,-3.678,3.112,5.85322766407652,,5.85322766407652
395,,,,,,,,,,,,,,,,,,,,,,,,,,,,263,Daniel Lynch,KCA,LEFT,SP| RP,43.33333333333333,3,16,29,17,16,6,14,39,2,0,1,0,0,3.323,0.992,3,1,0.069,-1.772,-2.085,-0.413,0.165,0.423,-3.682,3.108,5.845704235202385,,5.845704235202385
396,,,,,,,,,,,,,,,,,,,,,,,,,,,,264,Brent Suter,CIN| MIL| COL,LEFT,SP| RP,65.66666666666667,3,47,63,25,23,10,12,50,1,0,2,0,0,3.152,1.142,3,0,0.046,-2.032,-1.848,-0.326,0.354,0.167,-3.685,3.105,5.840061663546784,,5.840061663546784
397,,,,,,,,,,,,,,,,,,,,,,,,,,,,265,Ben Brown,CHN,RIGHT,SP| RP,55.33333333333334,8,15,41,22,22,5,19,64,1,3,0,0,0,3.578,1.084,5,0,0.09,-2.032,-1.546,-0.501,0.079,0.295,-3.705,3.085,5.802444519176112,,5.802444519176112
398,,,,,,,,,,,,,,,,,,,,,,,,,,,,266,Michael McGreevy,SLN,RIGHT,SP,23.0,3,4,16,5,5,1,2,18,3,0,0,0,0,1.956,0.783,0,0,0.0,-1.511,-2.538,-0.501,0.38,0.457,-3.714,3.076,5.78551680420931,,5.78551680420931
399,,,,,,,,,,,,,,,,,,,,,,,,,,,,267,Matt Boyd,CHN| DET| SEA| CLE,LEFT,SP,39.66666666666666,8,8,32,16,12,4,13,46,2,2,0,0,0,2.723,1.135,4,0,0.101,-1.772,-1.934,-0.501,0.372,0.116,-3.719,3.071,5.776112518116642,,5.776112518116642
400,,,,,,,,,,,,,,,,,,,,,,,,,,,,268,Andrew Chafin,ANA| WAS| ARI| CHN| OAK| DET| MIL| TEX,LEFT,RP,56.33333333333333,0,62,52,26,22,5,31,70,4,3,1,0,0,3.515,1.473,6,1,0.107,-1.251,-1.417,-0.413,0.114,-0.756,-3.724,3.066,5.766708232023974,,5.766708232023974
401,,,,,,,,,,,,,,,,,,,,,,,,,,,,269,Colin Holderman,PIT| NYN,RIGHT,RP,51.33333333333333,0,55,42,23,18,6,25,56,3,6,0,0,0,3.156,1.305,9,3,0.175,-1.511,-1.719,-0.501,0.275,-0.273,-3.729,3.061,5.757303945931306,,5.757303945931306
402,,,,,,,,,,,,,,,,,,,,,,,,,,,,270,Aaron Bummer,ATL| CHA,LEFT,RP,55.33333333333333,0,56,61,24,22,2,18,69,4,3,0,0,0,3.578,1.428,13,5,0.235,-1.251,-1.438,-0.501,0.079,-0.621,-3.732,3.058,5.751661374275705,,5.751661374275705
403,,,,,,,,,,,,,,,,,,,,,,,,,,,,271,Miles Mikolas,SLN,RIGHT,SP,171.66666666666663,32,32,194,106,102,26,25,122,10,11,0,0,0,5.348,1.276,8,2,0.047,0.31,-0.295,-0.501,-2.58,-0.668,-3.734,3.056,5.747899659838638,,5.747899659838638
404,197,Keibert Ruiz,WAS| LAN,126,6,SWITCH,485,459,105,46,13,57,16,3,1,0.229,CC,-1.443,-0.798,-0.624,-0.744,-1.014,-4.623,2.159,6.782,5.742743856220128,,,,,,,,,,,,,,,,,,,,,,,,,,,,,,,,,,,5.742743856220128
405,,,,,,,,,,,,,,,,,,,,,,,,,,,,272,Fernando Cruz,NYA| CIN,RIGHT,SP| RP,66.66666666666669,3,69,54,36,36,9,35,109,3,8,0,0,0,4.86,1.335,11,1,0.165,-1.511,-0.576,-0.501,-0.7,-0.45,-3.738,3.052,5.740376230964504,,5.740376230964504
406,104,Michael Busch,CHN| LAN,149,2,LEFT,567,496,123,73,21,65,63,2,1,0.248,1B,0.044,0.096,-0.222,-0.829,-0.362,-1.274,2.156,3.43,5.734764128768224,,,,,,,,,,,,,,,,,,,,,,,,,,,,,,,,,,,5.734764128768224
407,78,Joc Pederson,TEX| LAN| ATL| CHN| SFN| ARI,132,3,LEFT,449,367,101,62,23,64,55,7,4,0.275,DH,-0.562,0.319,-0.273,-0.403,0.501,-0.417,2.1555000000000004,2.5725,5.733434174192908,,,,,,,,,,,,,,,,,,,,,,,,,,,,,,,,,,,5.733434174192908
408,,,,,,,,,,,,,,,,,,,,,,,,,,,,273,Hans Crouse,PHI| ANA,RIGHT,RP,25.33333333333333,0,25,14,10,8,2,17,34,4,3,0,0,0,2.842,1.224,4,1,0.158,-1.251,-2.193,-0.501,0.21,-0.035,-3.771,3.019,5.678307942752896,,5.678307942752896
409,126,Michael Harris,ATL,110,1,LEFT,470,440,116,58,16,48,23,10,6,0.264,CF,-0.782,-0.463,-1.075,-0.146,0.209,-2.258,2.13,4.388,5.665606490851724,,,,,,,,,,,,,,,,,,,,,,,,,,,,,,,,,,,5.665606490851724
410,,,,,,,,,,,,,,,,,,,,,,,,,,,,274,John Schreiber,KCA| DET| BOS,RIGHT,RP,51.66666666666667,0,59,48,23,21,1,20,46,4,3,2,0,0,3.658,1.316,1,0,0.019,-1.251,-1.934,-0.326,0.036,-0.302,-3.778,3.012,5.665141942223161,,5.665141942223161
411,,,,,,,,,,,,,,,,,,,,,,,,,,,,275,Spencer Bivens,SFN,RIGHT,RP,48.66666666666666,2,27,47,20,17,9,11,37,3,1,1,0,0,3.144,1.192,4,0,0.082,-1.511,-2.129,-0.413,0.266,0.008,-3.78,3.01,5.661380227786094,,5.661380227786094
412,,,,,,,,,,,,,,,,,,,,,,,,,,,,276,Sam Moll,CIN| OAK,LEFT,RP,37.66666666666666,0,48,27,16,14,3,14,38,3,2,0,0,0,3.345,1.089,5,1,0.133,-1.511,-2.107,-0.501,0.136,0.193,-3.791,2.999,5.6406907983822245,,5.6406907983822245
413,,,,,,,,,,,,,,,,,,,,,,,,,,,,277,Jesse Chavez,ATL| TEX| ANA| CHN,RIGHT,RP,63.333333333333336,0,46,60,27,22,10,19,55,2,2,0,0,0,3.126,1.247,8,0,0.126,-1.772,-1.74,-0.501,0.357,-0.16,-3.816,2.974,5.593669367918885,,5.593669367918885
414,,,,,,,,,,,,,,,,,,,,,,,,,,,,278,Luis Garcia,ANA| LAN| WAS| TEX| SLN| SDN| BOS,RIGHT,RP,58.99999999999999,0,60,61,36,32,8,15,53,5,1,4,0,0,4.881,1.288,9,1,0.153,-0.991,-1.784,-0.151,-0.631,-0.265,-3.821,2.969,5.584265081826216,,5.584265081826216
415,184,Geraldo Perdomo,ARI,97,9,SWITCH,388,337,92,61,3,37,36,9,1,0.273,SS,-0.617,-1.916,-1.627,-0.232,0.402,-3.99,2.09,6.08,5.559210124826339,,,,,,,,,,,,,,,,,,,,,,,,,,,,,,,,,,,5.559210124826339
416,,,,,,,,,,,,,,,,,,,,,,,,,,,,279,Tyler Alexander,CHA| MIL| DET| TBA,LEFT,SP| RP,107.66666666666666,9,23,110,61,61,23,24,90,6,5,0,0,0,5.099,1.245,10,4,0.093,-0.731,-0.985,-0.501,-1.369,-0.257,-3.844,2.946,5.541005365799944,,5.541005365799944
417,,,,,,,,,,,,,,,,,,,,,,,,,,,,280,Tyler Kinley,ATL| COL,RIGHT,RP,64.0,0,67,61,44,44,11,33,72,6,1,12,0,0,6.188,1.469,11,0,0.172,-0.731,-1.374,0.55,-1.462,-0.845,-3.861,2.929,5.5090307930848725,,5.5090307930848725
418,,,,,,,,,,,,,,,,,,,,,,,,,,,,281,Jon Gray,TEX| COL,RIGHT,SP| RP,102.66666666666669,19,23,107,54,51,11,28,86,5,6,0,0,0,4.471,1.315,9,0,0.088,-0.991,-1.072,-0.501,-0.706,-0.594,-3.863,2.927,5.505269078647806,,5.505269078647806
419,,,,,,,,,,,,,,,,,,,,,,,,,,,,282,Ryan Pressly,CHN| HOU,RIGHT,RP,56.66666666666666,0,59,58,25,22,4,18,58,2,3,4,0,0,3.494,1.341,3,1,0.053,-1.772,-1.676,-0.151,0.125,-0.399,-3.872,2.918,5.488341363681004,,5.488341363681004
420,129,Bryan De La Cruz,ATL| MIA| PIT,149,2,RIGHT,622,584,136,60,21,68,29,5,2,0.233,DH| LF| RF,-0.672,0.096,-0.072,-0.573,-1.105,-2.326,2.062,4.388,5.48473266860857,,,,,,,,,,,,,,,,,,,,,,,,,,,,,,,,,,,5.48473266860857
421,,,,,,,,,,,,,,,,,,,,,,,,,,,,283,Tanner Banks,PHI| CHA,LEFT,RP,72.33333333333334,2,63,69,41,32,6,25,78,2,3,2,0,0,3.982,1.3,13,5,0.18,-1.772,-1.244,-0.326,-0.168,-0.365,-3.874,2.916,5.484579649243936,,5.484579649243936
422,,,,,,,,,,,,,,,,,,,,,,,,,,,,284,Hayden Birdsong,SFN,RIGHT,SP,71.99999999999999,16,16,57,39,38,11,43,88,5,6,0,0,0,4.75,1.389,4,1,0.056,-0.991,-1.029,-0.501,-0.682,-0.673,-3.875,2.915,5.482698792025403,,5.482698792025403
423,,,,,,,,,,,,,,,,,,,,,,,,,,,,285,Tommy Kahnle,DET| NYA| LAN,RIGHT,RP,42.66666666666666,0,50,30,16,10,5,19,46,0,2,1,0,0,2.109,1.148,2,0,0.047,-2.292,-1.934,-0.413,0.644,0.096,-3.9,2.89,5.435677361562063,,5.435677361562063
424,207,Joey Bart,PIT| SFN,77,4,RIGHT,282,253,67,38,13,45,22,0,0,0.265,CC,-1.884,-0.798,-1.226,-1.0,0.143,-4.765,2.0170000000000003,6.782,5.365036756830014,,,,,,,,,,,,,,,,,,,,,,,,,,,,,,,,,,,5.365036756830014
425,132,Wilyer Abreu,BOS,132,2,LEFT,447,399,101,58,15,58,40,8,3,0.253,RF,-0.782,-0.575,-0.574,-0.317,-0.133,-2.381,2.007,4.388,5.338437665323667,,,,,,,,,,,,,,,,,,,,,,,,,,,,,,,,,,,5.338437665323667
426,,,,,,,,,,,,,,,,,,,,,,,,,,,,286,Kris Bubic,KCA,LEFT,RP,30.33333333333333,0,27,26,12,9,2,5,39,1,1,1,0,0,2.67,1.022,0,2,0.0,-2.032,-2.085,-0.413,0.3,0.253,-3.978,2.812,5.288970498516443,,5.288970498516443
427,,,,,,,,,,,,,,,,,,,,,,,,,,,,287,Keegan Thompson,CHN,RIGHT,RP,30.333333333333336,0,24,19,12,9,3,18,36,2,1,2,0,0,2.67,1.22,2,0,0.066,-1.772,-2.15,-0.326,0.3,-0.036,-3.984,2.806,5.277685355205242,,5.277685355205242
428,211,Travis d'Arnaud,ANA| ATL,95,5,RIGHT,341,307,73,40,15,48,24,1,0,0.238,CC,-1.774,-0.575,-1.075,-0.915,-0.465,-4.804,1.978,6.782,5.261300299955263,,,,,,,,,,,,,,,,,,,,,,,,,,,,,,,,,,,5.261300299955263
429,,,,,,,,,,,,,,,,,,,,,,,,,,,,288,Scott Barlow,CIN| KCA| SDN| CLE,RIGHT,RP,55.0,0,63,44,27,26,6,31,68,3,3,2,0,0,4.255,1.364,11,1,0.2,-1.511,-1.46,-0.326,-0.267,-0.447,-4.012,2.7780000000000005,5.225021353086302,,5.225021353086302
430,,,,,,,,,,,,,,,,,,,,,,,,,,,,289,Danny Young,NYN| ATL| SEA,LEFT,RP,37.66666666666668,0,42,29,22,19,3,18,48,4,1,0,0,0,4.54,1.248,2,0,0.053,-1.251,-1.891,-0.501,-0.283,-0.096,-4.023,2.7670000000000003,5.204331923682433,,5.204331923682433
431,,,,,,,,,,,,,,,,,,,,,,,,,,,,290,Jonathan Cannon,CHA,RIGHT,SP,124.33333333333334,21,23,125,65,62,18,40,91,5,10,1,0,0,4.488,1.327,10,7,0.08,-0.991,-0.964,-0.413,-0.874,-0.792,-4.034,2.756,5.183642494278563,,5.183642494278563
432,,,,,,,,,,,,,,,,,,,,,,,,,,,,291,Keider Montero,DET,RIGHT,SP| RP,98.33333333333331,16,19,100,54,52,19,31,77,6,6,0,0,0,4.759,1.332,6,4,0.061,-0.731,-1.266,-0.501,-0.94,-0.65,-4.088,2.702,5.082076204477749,,5.082076204477749
433,,,,,,,,,,,,,,,,,,,,,,,,,,,,292,Daysbel Hernandez,ATL,RIGHT,RP,18.000000000000004,0,16,10,6,5,0,10,26,3,0,0,0,0,2.5,1.111,1,0,0.056,-1.511,-2.366,-0.501,0.206,0.073,-4.099,2.691,5.06138677507388,,5.06138677507388
434,,,,,,,,,,,,,,,,,,,,,,,,,,,,293,Drew Smyly,SFN| ATL| CHN,LEFT,RP,58.66666666666667,0,50,57,29,25,10,25,56,4,8,0,0,0,3.835,1.398,7,1,0.119,-1.251,-1.719,-0.501,-0.056,-0.573,-4.101,2.689,5.057625060636813,,5.057625060636813
435,212,Austin Wells,NYA,111,4,LEFT,414,354,81,42,13,55,47,1,2,0.229,CC,-1.664,-0.798,-0.724,-0.915,-0.78,-4.881,1.901,6.782,5.056487295356397,,,,,,,,,,,,,,,,,,,,,,,,,,,,,,,,,,,5.056487295356397
436,,,,,,,,,,,,,,,,,,,,,,,,,,,,294,Cody Poteet,BAL| MIA| NYA,RIGHT,SP,24.33333333333333,4,5,18,7,6,2,8,16,3,0,0,0,0,2.219,1.069,0,0,0.0,-1.511,-2.582,-0.501,0.342,0.148,-4.103,2.6870000000000003,5.053863346199746,,5.053863346199746
437,,,,,,,,,,,,,,,,,,,,,,,,,,,,296,Rhett Lowder,CIN,RIGHT,SP,30.666666666666664,6,6,25,4,4,0,14,22,2,2,0,0,0,1.174,1.272,5,2,0.163,-1.772,-2.452,-0.501,0.73,-0.113,-4.109,2.681,5.042578202888544,,5.042578202888544
438,,,,,,,,,,,,,,,,,,,,,,,,,,,,295,Michael Kelly,ATH| PHI| CLE| OAK,RIGHT,RP,31.33333333333333,0,28,27,11,9,2,10,22,3,2,0,0,0,2.585,1.181,1,0,0.032,-1.511,-2.452,-0.501,0.334,0.021,-4.109,2.681,5.042578202888544,,5.042578202888544
439,,,,,,,,,,,,,,,,,,,,,,,,,,,,297,Matt Festa,CLE| SEA| NYN| TEX,RIGHT,RP,23.666666666666664,0,19,21,18,15,2,8,24,6,1,0,0,0,5.704,1.225,7,0,0.296,-0.731,-2.409,-0.501,-0.434,-0.035,-4.11,2.68,5.04069734567001,,5.04069734567001
440,,,,,,,,,,,,,,,,,,,,,,,,,,,,298,Ryan Fernandez,SLN,RIGHT,RP,66.66666666666667,0,62,58,30,26,4,32,71,1,6,2,0,0,3.51,1.35,12,1,0.18,-2.032,-1.395,-0.326,0.138,-0.498,-4.114,2.676,5.033173916795876,,5.033173916795876
441,130,Brandon Lowe,TBA,107,2,LEFT,425,385,94,56,21,58,33,5,1,0.244,DH| 2B,-0.892,0.096,-0.574,-0.573,-0.394,-2.338,1.887,4.225,5.019248567247512,,,,,,,,,,,,,,,,,,,,,,,,,,,,,,,,,,,5.019248567247512
442,109,Carlos Santana,CHN| CLE| KCA| SEA| MIL| PIT| MIN,149,6,SWITCH,594,521,124,63,23,71,65,4,0,0.238,1B,-0.507,0.319,0.079,-0.659,-0.78,-1.547,1.883,3.43,5.008608930644975,,,,,,,,,,,,,,,,,,,,,,,,,,,,,,,,,,,5.008608930644975
443,,,,,,,,,,,,,,,,,,,,,,,,,,,,299,Matthew Liberatore,SLN,LEFT,SP| RP,85.99999999999999,6,60,81,44,42,11,28,76,3,4,0,0,0,4.395,1.267,7,1,0.081,-1.511,-1.287,-0.501,-0.531,-0.3,-4.131,2.659,5.0011993440808045,,5.0011993440808045
444,,,,,,,,,,,,,,,,,,,,,,,,,,,,300,Paul Blackburn,NYA| NYN| OAK,RIGHT,SP,75.33333333333333,14,14,76,41,39,12,21,59,5,4,0,0,0,4.659,1.288,6,2,0.08,-0.991,-1.654,-0.501,-0.65,-0.336,-4.132,2.6580000000000004,4.999318486862272,,4.999318486862272
445,,,,,,,,,,,,,,,,,,,,,,,,,,,,301,Sean Burke,CHA,RIGHT,SP,19.0,3,4,12,4,3,2,7,22,2,0,0,0,0,1.421,1.0,2,0,0.105,-1.772,-2.452,-0.501,0.408,0.179,-4.138,2.652,4.98803334355107,,4.98803334355107
446,,,,,,,,,,,,,,,,,,,,,,,,,,,,302,Joe Ross,PHI| WAS| MIL,RIGHT,SP| RP,74.0,10,25,72,35,31,7,29,66,3,6,0,0,0,3.77,1.365,2,1,0.027,-1.511,-1.503,-0.501,-0.026,-0.606,-4.148,2.6420000000000003,4.969224771365735,,4.969224771365735
447,,,,,,,,,,,,,,,,,,,,,,,,,,,,303,Brennan Bernardino,BOS| SEA,LEFT,SP| RP,51.00000000000001,3,57,50,25,23,6,22,56,4,3,0,0,0,4.059,1.412,3,1,0.059,-1.251,-1.719,-0.501,-0.155,-0.533,-4.159,2.631,4.948535341961865,,4.948535341961865
448,,,,,,,,,,,,,,,,,,,,,,,,,,,,304,Adam Ottavino,NYA| BOS| NYN,RIGHT,RP,56.000000000000014,0,60,49,29,27,6,23,70,2,2,1,0,0,4.339,1.286,17,2,0.304,-1.772,-1.417,-0.413,-0.316,-0.245,-4.163,2.627,4.9410119130877295,,4.9410119130877295
449,110,Nathaniel Lowe,BOS| WAS| TBA| TEX,140,5,LEFT,565,486,129,62,16,69,71,2,0,0.265,1B,-0.562,-0.463,-0.022,-0.829,0.298,-1.578,1.852,3.43,4.926151746975302,,,,,,,,,,,,,,,,,,,,,,,,,,,,,,,,,,,4.926151746975302
450,,,,,,,,,,,,,,,,,,,,,,,,,,,,305,Kaleb Ort,HOU| BOS,RIGHT,RP,24.666666666666668,0,22,16,7,7,7,4,26,1,1,0,0,0,2.554,0.811,1,0,0.041,-2.032,-2.366,-0.501,0.27,0.457,-4.172,2.6180000000000003,4.924084198120928,,4.924084198120928
451,,,,,,,,,,,,,,,,,,,,,,,,,,,,306,Andrew Nardi,MIA,LEFT,RP,49.66666666666666,0,59,44,29,28,7,18,70,3,2,0,0,0,5.074,1.248,6,2,0.121,-1.511,-1.417,-0.501,-0.62,-0.128,-4.177,2.6130000000000004,4.9146799120282605,,4.9146799120282605
452,,,,,,,,,,,,,,,,,,,,,,,,,,,,307,Emilio Pagan,CIN| SDN| MIN,RIGHT,RP,38.0,1,38,40,20,19,6,11,44,4,5,1,0,0,4.5,1.342,4,2,0.105,-1.251,-1.978,-0.413,-0.271,-0.269,-4.183,2.607,4.9033947687170585,,4.9033947687170585
453,,,,,,,,,,,,,,,,,,,,,,,,,,,,308,Shane Bieber,TOR| CLE,RIGHT,P,12.0,2,2,10,0,0,0,1,20,2,0,0,0,0,0.0,0.917,0,0,0.0,-1.772,-2.495,-0.501,0.417,0.161,-4.19,2.6,4.890228768187322,,4.890228768187322
454,,,,,,,,,,,,,,,,,,,,,,,,,,,,309,Randy Rodriguez,SFN,RIGHT,RP,52.33333333333333,1,35,47,29,25,4,18,53,3,2,0,0,0,4.299,1.242,4,2,0.076,-1.511,-1.784,-0.501,-0.276,-0.119,-4.191,2.599,4.88834791096879,,4.88834791096879
455,,,,,,,,,,,,,,,,,,,,,,,,,,,,310,Seth Martinez,MIA| HOU,RIGHT,RP,52.66666666666667,0,44,49,24,21,7,18,36,3,2,1,0,0,3.589,1.272,4,1,0.076,-1.511,-2.15,-0.413,0.07,-0.196,-4.201,2.5890000000000004,4.869539338783454,,4.869539338783454
456,,,,,,,,,,,,,,,,,,,,,,,,,,,,311,Robbie Ray,SFN| ARI| TOR| SEA,LEFT,SP,30.666666666666668,7,7,20,16,16,6,15,43,3,2,0,0,0,4.696,1.141,9,3,0.293,-1.511,-1.999,-0.501,-0.275,0.079,-4.207,2.583,4.858254195472253,,4.858254195472253
457,,,,,,,,,,,,,,,,,,,,,,,,,,,,312,Ryan Feltner,COL,RIGHT,SP,162.33333333333331,30,30,165,94,81,20,52,138,3,10,0,0,0,4.491,1.337,29,7,0.179,-1.511,0.05,-0.501,-1.146,-1.109,-4.218,2.572,4.837564766068383,,4.837564766068383
458,,,,,,,,,,,,,,,,,,,,,,,,,,,,313,Michael Grove,LAN,RIGHT,RP,50.99999999999999,2,39,46,31,29,6,16,54,4,4,0,0,0,5.118,1.216,4,1,0.078,-1.251,-1.762,-0.501,-0.657,-0.051,-4.222,2.568,4.830041337194248,,4.830041337194248
459,140,Daulton Varsho,TOR| ARI,131,2,LEFT,513,459,98,71,18,58,48,10,2,0.214,CF| LF,-0.066,-0.24,-0.574,-0.146,-1.552,-2.578,1.81,4.388,4.814435562648648,,,,,,,,,,,,,,,,,,,,,,,,,,,,,,,,,,,4.814435562648648
460,,,,,,,,,,,,,,,,,,,,,,,,,,,,314,Jordan Hicks,BOS| SFN| SLN| TOR,RIGHT,SP| RP,109.66666666666669,20,29,112,54,50,12,47,96,4,7,1,0,0,4.103,1.45,11,0,0.1,-1.251,-0.856,-0.413,-0.379,-1.347,-4.247,2.543,4.783019906730909,,4.783019906730909
461,,,,,,,,,,,,,,,,,,,,,,,,,,,,315,Seth Halvorsen,COL,RIGHT,RP,12.333333333333332,0,12,8,3,2,2,2,13,2,1,2,0,0,1.46,0.811,4,1,0.324,-1.772,-2.646,-0.326,0.261,0.228,-4.255,2.535,4.767973048982641,,4.767973048982641
462,135,Brendan Rodgers,HOU| COL,132,5,RIGHT,539,501,134,66,13,54,31,1,0,0.267,2B,-0.341,-0.798,-0.774,-0.915,0.385,-2.444,1.7809999999999997,4.225,4.737298197280244,,,,,,,,,,,,,,,,,,,,,,,,,,,,,,,,,,,4.737298197280244
463,,,,,,,,,,,,,,,,,,,,,,,,,,,,316,Edward Cabrera,MIA,RIGHT,SP,96.33333333333331,20,20,82,60,53,15,50,107,4,8,0,0,0,4.952,1.37,20,5,0.208,-1.251,-0.619,-0.501,-1.093,-0.814,-4.278,2.5120000000000005,4.724713332956369,,4.724713332956369
464,,,,,,,,,,,,,,,,,,,,,,,,,,,,317,Josh Winckowski,BOS,RIGHT,SP| RP,75.99999999999999,6,40,81,44,35,10,26,60,4,2,2,0,0,4.145,1.408,4,0,0.053,-1.251,-1.633,-0.326,-0.292,-0.78,-4.281,2.5090000000000003,4.719070761300768,,4.719070761300768
465,131,Austin Riley,ATL,110,3,RIGHT,469,425,109,63,19,56,37,0,0,0.256,3B,-0.507,-0.128,-0.674,-1.0,-0.033,-2.341,1.7649999999999997,4.106,4.69473965087009,,,,,,,,,,,,,,,,,,,,,,,,,,,,,,,,,,,4.69473965087009
466,,,,,,,,,,,,,,,,,,,,,,,,,,,,318,Hunter Stratton,ATL| PIT,RIGHT,RP,37.66666666666666,0,36,37,17,15,3,7,33,2,1,1,0,0,3.584,1.168,2,0,0.053,-1.772,-2.215,-0.413,0.052,0.049,-4.299,2.491,4.685215331367162,,4.685215331367162
467,,,,,,,,,,,,,,,,,,,,,,,,,,,,319,Nate Pearson,CHN| TOR,RIGHT,RP,66.33333333333333,1,60,67,34,33,12,21,74,2,2,2,0,0,4.477,1.327,7,2,0.106,-1.772,-1.331,-0.326,-0.46,-0.421,-4.309,2.481,4.666406759181826,,4.666406759181826
468,,,,,,,,,,,,,,,,,,,,,,,,,,,,320,Trevor Richards,ARI| KCA| TBA| MIL| TOR| MIN,RIGHT,RP,65.33333333333334,2,55,44,36,33,7,35,62,2,2,1,0,0,4.546,1.209,5,2,0.077,-1.772,-1.589,-0.413,-0.495,-0.045,-4.314,2.476,4.657002473089158,,4.657002473089158
469,,,,,,,,,,,,,,,,,,,,,,,,,,,,321,John Means,BAL,LEFT,SP,20.666666666666668,4,4,16,6,6,2,2,16,2,0,0,0,0,2.613,0.871,0,0,0.0,-1.772,-2.582,-0.501,0.215,0.323,-4.316,2.474,4.653240758652092,,4.653240758652092
470,,,,,,,,,,,,,,,,,,,,,,,,,,,,322,Aaron Ashby,MIL,LEFT,RP,28.33333333333333,2,14,20,13,9,2,10,33,1,2,0,0,0,2.859,1.059,5,0,0.176,-2.032,-2.215,-0.501,0.23,0.186,-4.332,2.458,4.623147043155554,,4.623147043155554
471,,,,,,,,,,,,,,,,,,,,,,,,,,,,323,Cam Booser,CHA| BOS,LEFT,RP,42.66666666666667,0,43,41,17,16,5,16,43,2,3,1,0,0,3.375,1.336,1,1,0.023,-1.772,-1.999,-0.413,0.142,-0.29,-4.333,2.457,4.62126618593702,,4.62126618593702
472,,,,,,,,,,,,,,,,,,,,,,,,,,,,324,Valente Bellozo,MIA,RIGHT,SP,68.66666666666667,13,13,69,31,28,15,21,44,3,4,0,0,0,3.67,1.311,2,1,0.029,-1.511,-1.978,-0.501,0.04,-0.383,-4.333,2.457,4.62126618593702,,4.62126618593702
473,112,Rhys Hoskins,MIL| PHI,131,6,RIGHT,517,449,96,59,26,82,53,3,0,0.214,DH| 1B,-0.727,0.655,0.63,-0.744,-1.508,-1.694,1.7360000000000002,3.43,4.617602285501687,,,,,,,,,,,,,,,,,,,,,,,,,,,,,,,,,,,4.617602285501687
474,,,,,,,,,,,,,,,,,,,,,,,,,,,,325,Robert Gasser,MIL,LEFT,SP,28.0,5,5,28,9,8,2,1,16,2,0,0,0,0,2.571,1.036,2,0,0.071,-1.772,-2.582,-0.501,0.302,0.215,-4.337,2.4530000000000003,4.613742757062886,,4.613742757062886
475,,,,,,,,,,,,,,,,,,,,,,,,,,,,326,Max Scherzer,TOR| WAS| LAN| NYN| TEX,RIGHT,SP,43.33333333333333,9,9,40,20,19,7,10,40,2,4,0,0,0,3.946,1.154,3,2,0.069,-1.772,-2.064,-0.501,-0.086,0.086,-4.337,2.4530000000000003,4.613742757062886,,4.613742757062886
476,,,,,,,,,,,,,,,,,,,,,,,,,,,,327,Brenan Hanifee,DET,RIGHT,SP| RP,29.33333333333333,3,21,27,7,6,2,6,23,1,1,0,0,0,1.841,1.125,3,0,0.102,-2.032,-2.431,-0.501,0.516,0.099,-4.349,2.441,4.591172470440483,,4.591172470440483
477,219,Jonah Heim,TEX| OAK,131,7,SWITCH,491,459,101,45,13,59,26,1,1,0.22,CC,-1.498,-0.798,-0.524,-0.915,-1.321,-5.056,1.726,6.782,4.59100319399534,,,,,,,,,,,,,,,,,,,,,,,,,,,,,,,,,,,4.59100319399534
478,,,,,,,,,,,,,,,,,,,,,,,,,,,,328,Tayler Saucedo,SEA| TOR,LEFT,RP,38.66666666666668,0,53,35,15,15,3,18,38,2,0,3,0,0,3.491,1.371,6,0,0.155,-1.772,-2.107,-0.238,0.087,-0.327,-4.358,2.4320000000000004,4.574244755473682,,4.574244755473682
479,,,,,,,,,,,,,,,,,,,,,,,,,,,,329,Scott Alexander,COL| SFN| LAN| OAK,LEFT,RP,38.66666666666666,0,45,31,14,11,3,15,31,1,3,0,0,0,2.56,1.19,3,1,0.078,-2.032,-2.258,-0.501,0.421,0.01,-4.36,2.43,4.5704830410366135,,4.5704830410366135
480,,,,,,,,,,,,,,,,,,,,,,,,,,,,330,Luke Little,CHN,LEFT,RP,26.0,1,30,15,11,10,1,18,28,3,1,0,0,0,3.462,1.269,3,1,0.115,-1.511,-2.323,-0.501,0.065,-0.093,-4.363,2.427,4.5648404693810125,,4.5648404693810125
481,,,,,,,,,,,,,,,,,,,,,,,,,,,,331,Bryan King,HOU,LEFT,RP,26.33333333333333,0,28,20,7,7,1,10,32,1,0,0,0,0,2.392,1.139,0,0,0.0,-2.032,-2.236,-0.501,0.328,0.071,-4.371,2.419,4.549793611632744,,4.549793611632744
482,,,,,,,,,,,,,,,,,,,,,,,,,,,,332,Matt Moore,PHI| TEX| ANA| CLE| MIA,LEFT,RP,48.33333333333334,0,51,39,31,27,11,26,41,5,3,1,0,0,5.028,1.345,9,2,0.186,-0.991,-2.042,-0.413,-0.583,-0.349,-4.378,2.412,4.536627611103009,,4.536627611103009
483,,,,,,,,,,,,,,,,,,,,,,,,,,,,333,Austin Gomber,COL| SLN,LEFT,SP,165.0,30,30,178,89,87,30,38,116,5,12,0,0,0,4.745,1.309,13,2,0.079,-0.991,-0.425,-0.501,-1.556,-0.907,-4.38,2.41,4.532865896665943,,4.532865896665943
484,,,,,,,,,,,,,,,,,,,,,,,,,,,,334,Michel Otanez,ATH| OAK,RIGHT,RP,34.0,0,36,27,15,13,2,20,55,1,0,1,0,0,3.441,1.382,3,0,0.088,-2.032,-1.74,-0.413,0.092,-0.307,-4.401,2.389,4.493367895076737,,4.493367895076737
485,138,Colt Keith,DET,148,5,LEFT,556,516,134,54,13,61,36,7,1,0.26,2B,-1.003,-0.798,-0.423,-0.403,0.088,-2.539,1.6859999999999995,4.225,4.484606827969955,,,,,,,,,,,,,,,,,,,,,,,,,,,,,,,,,,,4.484606827969955
486,,,,,,,,,,,,,,,,,,,,,,,,,,,,335,Kyle Leahy,SLN,RIGHT,RP,48.66666666666667,0,33,40,23,22,4,10,33,1,1,1,0,0,4.069,1.027,0,2,0.0,-2.032,-2.215,-0.413,-0.152,0.393,-4.419,2.3710000000000004,4.459512465143133,,4.459512465143133
487,,,,,,,,,,,,,,,,,,,,,,,,,,,,336,Genesis Cabrera,CHN| MIN| NYN| PIT| SLN| TOR,LEFT,RP,62.66666666666668,0,69,63,31,25,10,29,50,3,3,2,0,0,3.59,1.468,14,2,0.223,-1.511,-1.848,-0.326,0.083,-0.825,-4.428,2.362,4.44258475017633,,4.44258475017633
488,,,,,,,,,,,,,,,,,,,,,,,,,,,,337,Huascar Brazoban,NYN| MIA,RIGHT,RP,51.66666666666667,0,39,38,26,22,2,25,51,1,3,0,0,0,3.832,1.219,4,1,0.077,-2.032,-1.827,-0.501,-0.048,-0.061,-4.469,2.321,4.365469604216452,,4.365469604216452
489,,,,,,,,,,,,,,,,,,,,,,,,,,,,338,Enoli Paredes,HOU| CHN| MIL,RIGHT,RP,21.666666666666664,0,18,13,4,4,0,10,16,1,0,1,0,0,1.661,1.062,3,0,0.138,-2.032,-2.582,-0.413,0.417,0.139,-4.47,2.3200000000000003,4.36358874699792,,4.36358874699792
490,,,,,,,,,,,,,,,,,,,,,,,,,,,,339,Jose Ferrer,WAS,LEFT,RP,32.0,0,31,27,12,12,1,6,25,1,0,1,0,0,3.375,1.031,0,0,0.0,-2.032,-2.387,-0.413,0.106,0.253,-4.474,2.316,4.356065318123784,,4.356065318123784
491,,,,,,,,,,,,,,,,,,,,,,,,,,,,340,Drew Rasmussen,TBA| MIL,RIGHT,SP| RP,28.666666666666668,4,16,25,10,9,0,6,35,0,2,1,0,0,2.826,1.081,4,1,0.14,-2.292,-2.172,-0.413,0.242,0.157,-4.479,2.311,4.3466610320311165,,4.3466610320311165
492,144,Michael Conforto,LAN| NYN| SFN,130,4,LEFT,488,438,104,56,20,66,42,0,1,0.237,LF| DH,-0.892,-0.016,-0.172,-1.0,-0.675,-2.755,1.633,4.388,4.343631642986321,,,,,,,,,,,,,,,,,,,,,,,,,,,,,,,,,,,4.343631642986321
493,,,,,,,,,,,,,,,,,,,,,,,,,,,,341,Brent Honeywell,TBA| CHA| SDN| LAN| PIT,RIGHT,RP,37.66666666666667,1,20,32,12,11,3,11,18,1,1,1,0,0,2.628,1.142,4,0,0.106,-2.032,-2.538,-0.413,0.387,0.097,-4.5,2.29,4.307163030441912,,4.307163030441912
494,,,,,,,,,,,,,,,,,,,,,,,,,,,,342,T. J. McFarland,ATH| OAK| SLN| NYN,LEFT,RP,56.66666666666667,0,79,53,28,24,4,17,39,2,4,0,0,0,3.812,1.235,6,0,0.106,-1.772,-2.085,-0.501,-0.042,-0.11,-4.51,2.28,4.288354458256577,,4.288354458256577
495,,,,,,,,,,,,,,,,,,,,,,,,,,,,343,Erasmo Ramirez,MIN| NYN| DET| WAS| TBA,RIGHT,RP,20.666666666666668,0,13,12,12,10,5,10,15,3,0,1,0,0,4.355,1.065,1,0,0.048,-1.511,-2.603,-0.413,-0.12,0.13,-4.518,2.272,4.273307600508308,,4.273307600508308
496,145,Trevor Larnach,MIN,112,2,LEFT,400,355,92,59,15,52,40,4,1,0.259,DH| LF,-0.727,-0.575,-0.875,-0.659,0.046,-2.789,1.5989999999999998,4.388,4.2531947318647445,,,,,,,,,,,,,,,,,,,,,,,,,,,,,,,,,,,4.2531947318647445
497,,,,,,,,,,,,,,,,,,,,,,,,,,,,344,Jeffrey Springs,ATH| BOS| TBA,LEFT,SP,33.0,7,7,34,12,12,5,11,37,2,2,0,0,0,3.273,1.364,4,1,0.121,-1.772,-2.129,-0.501,0.141,-0.268,-4.529,2.261,4.252618171104438,,4.252618171104438
498,,,,,,,,,,,,,,,,,,,,,,,,,,,,345,Erik Sabrowski,CLE,LEFT,RP,12.666666666666668,0,8,6,0,0,0,4,19,0,0,1,0,0,0.0,0.789,2,0,0.158,-2.292,-2.517,-0.413,0.44,0.248,-4.535,2.255,4.241333027793236,,4.241333027793236
499,,,,,,,,,,,,,,,,,,,,,,,,,,,,346,Colin Poche,NYN| WAS| TBA,LEFT,RP,37.333333333333336,0,43,30,16,16,7,13,33,1,2,2,0,0,3.857,1.152,3,0,0.08,-2.032,-2.215,-0.326,-0.043,0.078,-4.538,2.252,4.235690456137635,,4.235690456137635
500,,,,,,,,,,,,,,,,,,,,,,,,,,,,347,Tim Hill,NYA| SDN| CHA,LEFT,RP,67.00000000000001,0,62,77,32,25,2,19,31,4,0,0,0,0,3.358,1.433,3,0,0.045,-1.251,-2.258,-0.501,0.233,-0.768,-4.545,2.245,4.222524455607901,,4.222524455607901
501,,,,,,,,,,,,,,,,,,,,,,,,,,,,348,Sean Reid-Foley,TOR| NYN,RIGHT,RP,21.666666666666664,0,23,13,10,4,0,14,25,1,2,0,0,0,1.661,1.246,3,1,0.138,-2.032,-2.387,-0.501,0.417,-0.053,-4.557,2.233,4.199954168985497,,4.199954168985497
502,,,,,,,,,,,,,,,,,,,,,,,,,,,,349,John McMillon,KCA| MIA,RIGHT,RP,12.0,0,10,7,4,2,1,5,13,2,1,0,0,0,1.5,1.0,1,0,0.083,-1.772,-2.646,-0.501,0.249,0.113,-4.557,2.233,4.199954168985497,,4.199954168985497
503,,,,,,,,,,,,,,,,,,,,,,,,,,,,350,Ryan Brasier,CHN| BOS| LAN,RIGHT,SP| RP,28.000000000000004,4,29,22,12,11,3,5,25,1,0,0,0,0,3.536,0.964,2,0,0.071,-2.032,-2.387,-0.501,0.051,0.311,-4.558,2.232,4.198073311766964,,4.198073311766964
504,118,Yandy Diaz,TBA,145,1,RIGHT,621,563,158,55,14,65,50,0,0,0.281,DH| 1B,-0.947,-0.687,-0.222,-1.0,1.003,-1.853,1.5770000000000002,3.43,4.194676730550784,,,,,,,,,,,,,,,,,,,,,,,,,,,,,,,,,,,4.194676730550784
505,146,Jo Adell,ANA,127,7,RIGHT,451,405,84,53,20,62,35,14,10,0.207,RF,-1.058,-0.016,-0.373,0.195,-1.559,-2.811,1.577,4.388,4.194676730550784,,,,,,,,,,,,,,,,,,,,,,,,,,,,,,,,,,,4.194676730550784
506,,,,,,,,,,,,,,,,,,,,,,,,,,,,351,Declan Cronin,CHA| MIA,RIGHT,RP,70.33333333333333,0,56,75,41,34,1,25,72,3,4,0,0,0,4.351,1.422,8,2,0.114,-1.511,-1.374,-0.501,-0.405,-0.769,-4.56,2.2300000000000004,4.1943115973298974,,4.1943115973298974
507,,,,,,,,,,,,,,,,,,,,,,,,,,,,352,Wandy Peralta,SDN| SFN| NYA,LEFT,RP,38.33333333333333,0,46,33,19,17,6,13,22,3,2,0,0,0,3.991,1.2,1,0,0.026,-1.511,-2.452,-0.501,-0.092,-0.009,-4.566,2.224,4.183026454018695,,4.183026454018695
508,147,Victor Robles,SEA| WAS,80,1,RIGHT,295,254,78,41,4,28,21,33,2,0.307,CF| RF,-1.719,-1.804,-2.079,1.817,0.969,-2.816,1.572,4.388,4.18137718479761,,,,,,,,,,,,,,,,,,,,,,,,,,,,,,,,,,,4.18137718479761
509,,,,,,,,,,,,,,,,,,,,,,,,,,,,353,Hunter Harvey,KCA| BAL| WAS,RIGHT,RP,50.66666666666666,0,49,51,28,25,5,16,55,2,4,1,0,0,4.441,1.322,13,2,0.257,-1.772,-1.74,-0.413,-0.334,-0.311,-4.571,2.2190000000000003,4.173622167926028,,4.173622167926028
510,,,,,,,,,,,,,,,,,,,,,,,,,,,,354,Eduard Bazardo,SEA| BOS| BAL,RIGHT,RP,27.666666666666668,0,23,20,15,15,2,9,33,2,0,0,0,0,4.88,1.048,2,2,0.072,-1.772,-2.215,-0.501,-0.295,0.196,-4.587,2.2030000000000003,4.14352845242949,,4.14352845242949
511,,,,,,,,,,,,,,,,,,,,,,,,,,,,355,Chris Paddack,DET| MIN| SDN,RIGHT,SP,88.33333333333333,17,17,102,50,49,14,21,79,5,3,0,0,0,4.992,1.393,3,1,0.034,-0.991,-1.223,-0.501,-1.036,-0.841,-4.591,2.199,4.136005023555355,,4.136005023555355
512,,,,,,,,,,,,,,,,,,,,,,,,,,,,356,River Ryan,LAN,RIGHT,SP,20.333333333333336,4,4,15,4,3,1,9,18,1,0,0,0,0,1.328,1.18,4,0,0.197,-2.032,-2.538,-0.501,0.455,0.014,-4.602,2.188,4.115315594151485,,4.115315594151485
513,141,Zack Gelof,ATH| OAK,137,6,RIGHT,547,497,105,60,17,49,38,25,3,0.211,2B,-0.672,-0.351,-1.025,1.134,-1.766,-2.681,1.5439999999999996,4.225,4.10689972857984,,,,,,,,,,,,,,,,,,,,,,,,,,,,,,,,,,,4.10689972857984
514,,,,,,,,,,,,,,,,,,,,,,,,,,,,357,Fraser Ellard,CHA,LEFT,RP,24.0,0,25,18,12,10,3,12,26,2,3,1,0,0,3.75,1.25,0,0,0.0,-1.772,-2.366,-0.413,-0.004,-0.064,-4.619,2.1710000000000003,4.083341021436415,,4.083341021436415
515,,,,,,,,,,,,,,,,,,,,,,,,,,,,358,Richard Lovelady,NYN| TOR| KCA| OAK| CHN| TBA,LEFT,RP,34.33333333333333,0,35,34,18,17,3,11,26,3,6,2,0,0,4.456,1.311,4,0,0.117,-1.511,-2.366,-0.326,-0.231,-0.191,-4.626,2.164,4.070175020906679,,4.070175020906679
516,,,,,,,,,,,,,,,,,,,,,,,,,,,,359,David Festa,MIN,RIGHT,SP,64.33333333333333,13,14,62,36,35,9,23,77,2,6,0,0,0,4.896,1.321,10,0,0.155,-1.772,-1.266,-0.501,-0.697,-0.392,-4.627,2.1630000000000003,4.068294163688146,,4.068294163688146
517,,,,,,,,,,,,,,,,,,,,,,,,,,,,360,Jesus Luzardo,PHI| OAK| MIA,LEFT,SP,66.66666666666667,12,12,61,37,37,9,22,58,3,6,0,0,0,4.995,1.245,5,4,0.075,-1.511,-1.676,-0.501,-0.783,-0.161,-4.632,2.1580000000000004,4.058889877595479,,4.058889877595479
518,,,,,,,,,,,,,,,,,,,,,,,,,,,,361,Gregory Soto,BAL| NYN| DET| PHI,LEFT,RP,53.00000000000001,0,66,56,30,26,4,27,65,3,5,2,0,0,4.415,1.566,2,1,0.038,-1.511,-1.525,-0.326,-0.337,-0.948,-4.647,2.143,4.030677019317475,,4.030677019317475
519,,,,,,,,,,,,,,,,,,,,,,,,,,,,362,Gavin Williams,CLE,RIGHT,SP,76.0,16,16,72,42,41,7,32,79,3,10,0,0,0,4.855,1.368,4,0,0.053,-1.511,-1.223,-0.501,-0.794,-0.635,-4.665,2.125,3.99682158938387,,3.99682158938387
520,,,,,,,,,,,,,,,,,,,,,,,,,,,,363,Xzavion Curry,MIA| CLE,RIGHT,SP| RP,42.66666666666666,5,16,38,23,22,8,7,28,2,2,0,0,0,4.641,1.055,2,0,0.047,-1.772,-2.323,-0.501,-0.361,0.289,-4.668,2.122,3.991179017728269,,3.991179017728269
521,,,,,,,,,,,,,,,,,,,,,,,,,,,,364,Bryan Sammons,DET,LEFT,RP,27.33333333333333,0,6,16,11,11,6,9,18,1,1,0,0,0,3.622,0.915,0,1,0.0,-2.032,-2.538,-0.501,0.028,0.369,-4.674,2.116,3.9798938744170673,,3.9798938744170673
522,,,,,,,,,,,,,,,,,,,,,,,,,,,,365,Nick Anderson,COL| TBA| ATL| KCA,RIGHT,RP,35.666666666666664,0,37,35,17,16,6,15,29,3,1,1,0,0,4.037,1.402,1,1,0.028,-1.511,-2.301,-0.413,-0.101,-0.356,-4.683,2.107,3.962966159450266,,3.962966159450266
523,,,,,,,,,,,,,,,,,,,,,,,,,,,,366,Alek Manoah,TOR,RIGHT,SP,24.333333333333336,5,5,17,16,10,5,8,26,1,2,0,0,0,3.699,1.027,2,1,0.082,-2.032,-2.366,-0.501,0.008,0.197,-4.695,2.095,3.940395872827862,,3.940395872827862
524,227,Gabriel Moreno,ARI| TOR,95,8,RIGHT,351,305,81,39,5,45,41,3,1,0.266,CC,-1.829,-1.693,-1.226,-0.744,0.19,-5.301,1.481,6.782,3.939325452089861,,,,,,,,,,,,,,,,,,,,,,,,,,,,,,,,,,,3.939325452089861
525,121,Josh Bell,WAS| PIT| SDN| CLE| MIA| ARI,145,3,SWITCH,603,538,134,62,19,71,51,0,1,0.249,1B| DH,-0.562,-0.128,0.079,-1.0,-0.348,-1.959,1.471,3.43,3.9127263605835143,,,,,,,,,,,,,,,,,,,,,,,,,,,,,,,,,,,3.9127263605835143
526,,,,,,,,,,,,,,,,,,,,,,,,,,,,367,Alex Cobb,BAL| ANA| SFN| CLE,RIGHT,SP,16.333333333333336,3,3,14,7,5,1,3,10,2,1,0,0,0,2.755,1.041,1,0,0.061,-1.772,-2.711,-0.501,0.148,0.121,-4.714,2.076,3.904659585675724,,3.904659585675724
527,,,,,,,,,,,,,,,,,,,,,,,,,,,,368,Yariel Rodriguez,TOR,RIGHT,SP,86.66666666666664,21,21,74,46,43,11,40,85,1,8,0,0,0,4.465,1.315,8,2,0.092,-2.032,-1.093,-0.501,-0.591,-0.503,-4.721,2.069,3.891493585145989,,3.891493585145989
528,,,,,,,,,,,,,,,,,,,,,,,,,,,,369,Victor Gonzalez,LAN| NYA,LEFT,RP,23.333333333333336,0,27,13,12,10,3,13,11,2,1,2,0,0,3.857,1.114,0,1,0.0,-1.772,-2.689,-0.326,-0.027,0.091,-4.723,2.067,3.8877318707089215,,3.8877318707089215
529,,,,,,,,,,,,,,,,,,,,,,,,,,,,370,Ryan Zeferjahn,ANA,RIGHT,RP,17.0,0,12,7,4,4,0,6,18,0,0,0,0,0,2.118,0.765,0,0,0.0,-2.292,-2.538,-0.501,0.255,0.353,-4.724,2.066,3.885851013490388,,3.885851013490388
530,,,,,,,,,,,,,,,,,,,,,,,,,,,,371,Sam Hentges,CLE,LEFT,RP,23.666666666666675,0,25,18,8,8,3,5,27,0,0,0,0,0,3.042,0.972,0,0,0.0,-2.292,-2.344,-0.501,0.152,0.255,-4.731,2.059,3.8726850129606536,,3.8726850129606536
531,,,,,,,,,,,,,,,,,,,,,,,,,,,,372,Scott Blewett,ATL| BAL| MIN| KCA,RIGHT,RP,20.33333333333333,0,12,17,5,4,2,8,18,1,1,0,0,0,1.77,1.23,2,0,0.098,-2.032,-2.538,-0.501,0.371,-0.034,-4.734,2.056,3.8670424413050526,,3.8670424413050526
532,,,,,,,,,,,,,,,,,,,,,,,,,,,,373,Burch Smith,OAK| BAL| MIA,RIGHT,RP,56.333333333333314,0,50,64,34,31,6,12,46,4,1,0,0,0,4.953,1.349,6,0,0.107,-1.251,-1.934,-0.501,-0.64,-0.419,-4.745,2.045,3.846353011901183,,3.846353011901183
533,,,,,,,,,,,,,,,,,,,,,,,,,,,,374,Garrett Whitlock,BOS,RIGHT,SP,18.33333333333333,4,4,14,4,4,1,7,17,1,0,0,0,0,1.964,1.145,2,1,0.109,-2.032,-2.56,-0.501,0.302,0.044,-4.748,2.042,3.840710440245582,,3.840710440245582
534,229,Patrick Bailey,SFN,120,8,SWITCH,448,401,94,46,8,46,39,4,0,0.234,CC,-1.443,-1.357,-1.176,-0.659,-0.711,-5.346,1.436,6.782,3.819629540311303,,,,,,,,,,,,,,,,,,,,,,,,,,,,,,,,,,,3.819629540311303
535,,,,,,,,,,,,,,,,,,,,,,,,,,,,375,Cristian Javier,HOU,RIGHT,SP,34.666666666666664,7,7,30,16,15,4,19,27,3,1,0,0,0,3.894,1.413,5,1,0.144,-1.511,-2.344,-0.501,-0.052,-0.365,-4.774,2.016,3.791808152563709,,3.791808152563709
536,,,,,,,,,,,,,,,,,,,,,,,,,,,,376,Luke Jackson,DET| SEA| TEX| ATL| SFN,RIGHT,RP,53.0,0,52,52,33,30,7,26,59,4,3,0,0,0,5.094,1.472,4,1,0.075,-1.251,-1.654,-0.501,-0.672,-0.707,-4.785,2.005,3.77111872315984,,3.77111872315984
537,,,,,,,,,,,,,,,,,,,,,,,,,,,,377,Landen Roupp,SFN,RIGHT,SP| RP,50.333333333333336,4,23,43,21,20,2,26,47,1,2,0,0,0,3.576,1.371,3,0,0.06,-2.032,-1.913,-0.501,0.073,-0.427,-4.8,1.99,3.742905864881836,,3.742905864881836
538,231,Francisco Alvarez,NYN,91,8,RIGHT,342,308,73,39,11,47,30,1,1,0.237,CC,-1.829,-1.022,-1.126,-0.915,-0.485,-5.376,1.4059999999999997,6.782,3.739832265792264,,,,,,,,,,,,,,,,,,,,,,,,,,,,,,,,,,,3.739832265792264
539,,,,,,,,,,,,,,,,,,,,,,,,,,,,378,Roansy Contreras,BAL| COL| PIT| ANA,RIGHT,SP| RP,68.33333333333333,3,49,63,36,33,11,31,56,2,4,2,0,0,4.346,1.376,10,1,0.146,-1.772,-1.719,-0.326,-0.391,-0.595,-4.802,1.9880000000000004,3.7391441504447696,,3.7391441504447696
540,151,Harrison Bader,MIN| PHI| SLN| NYA| CIN| NYN,133,9,RIGHT,437,402,95,55,12,51,21,17,8,0.236,CF,-0.947,-0.91,-0.925,0.451,-0.654,-2.986,1.4019999999999997,4.388,3.7291926291897255,,,,,,,,,,,,,,,,,,,,,,,,,,,,,,,,,,,3.7291926291897255
541,201,Miguel Rojas,LAN| MIA,99,8,RIGHT,337,307,87,41,6,36,23,8,2,0.283,SS,-1.719,-1.581,-1.677,-0.317,0.612,-4.682,1.3979999999999997,6.08,3.718552992587187,,,,,,,,,,,,,,,,,,,,,,,,,,,,,,,,,,,3.718552992587187
542,,,,,,,,,,,,,,,,,,,,,,,,,,,,380,Jack Kochanowicz,ANA,RIGHT,SP,65.33333333333334,11,11,68,30,29,7,10,25,2,6,0,0,0,3.995,1.194,2,2,0.031,-1.772,-2.387,-0.501,-0.16,0.004,-4.816,1.974,3.712812149385299,,3.712812149385299
543,,,,,,,,,,,,,,,,,,,,,,,,,,,,379,Yency Almonte,COL| LAN| CHN,RIGHT,RP,15.666666666666666,0,17,9,7,6,1,8,20,1,0,1,0,0,3.447,1.085,2,0,0.128,-2.032,-2.495,-0.413,0.042,0.083,-4.816,1.974,3.712812149385299,,3.712812149385299
544,,,,,,,,,,,,,,,,,,,,,,,,,,,,381,Emerson Hancock,SEA,RIGHT,SP,60.66666666666666,12,12,62,37,32,12,19,39,4,4,0,0,0,4.747,1.335,3,0,0.049,-1.251,-2.085,-0.501,-0.573,-0.41,-4.821,1.9690000000000003,3.703407863292631,,3.703407863292631
545,,,,,,,,,,,,,,,,,,,,,,,,,,,,382,Alek Jacob,SDN,RIGHT,RP,14.666666666666666,0,7,9,4,4,1,2,19,0,0,0,0,0,2.454,0.75,0,0,0.0,-2.292,-2.517,-0.501,0.174,0.315,-4.821,1.9690000000000003,3.703407863292631,,3.703407863292631
546,,,,,,,,,,,,,,,,,,,,,,,,,,,,383,Joey Cantillo,CLE,LEFT,SP,38.66666666666666,8,9,35,22,21,6,15,44,2,4,0,0,0,4.888,1.293,1,0,0.026,-1.772,-1.978,-0.501,-0.416,-0.183,-4.849,1.941,3.65074386117369,,3.65074386117369
547,152,Alex Verdugo,ATL| BOS| NYA,148,4,LEFT,621,559,130,74,13,61,49,2,1,0.233,LF,0.099,-0.798,-0.423,-0.829,-1.071,-3.023,1.3649999999999998,4.388,3.630775990616245,,,,,,,,,,,,,,,,,,,,,,,,,,,,,,,,,,,3.630775990616245
548,,,,,,,,,,,,,,,,,,,,,,,,,,,,384,Brendon Little,TOR| CHN,LEFT,RP,45.66666666666667,0,49,41,21,19,7,19,36,1,2,1,0,0,3.744,1.314,5,0,0.109,-2.032,-2.15,-0.413,-0.005,-0.262,-4.863,1.927,3.6244118601142192,,3.6244118601142192
549,,,,,,,,,,,,,,,,,,,,,,,,,,,,385,Angel Zerpa,KCA,LEFT,RP,53.66666666666667,0,60,59,24,23,6,19,49,2,0,0,0,0,3.857,1.453,1,1,0.019,-1.772,-1.87,-0.501,-0.062,-0.669,-4.874,1.9160000000000004,3.6037224307103513,,3.6037224307103513
550,,,,,,,,,,,,,,,,,,,,,,,,,,,,386,Josh Sborz,LAN| TEX,RIGHT,RP,16.333333333333332,0,17,16,8,7,1,4,17,2,2,0,0,0,3.857,1.224,7,0,0.429,-1.772,-2.56,-0.501,-0.019,-0.023,-4.875,1.915,3.601841573491817,,3.601841573491817
551,,,,,,,,,,,,,,,,,,,,,,,,,,,,387,Jose Quijada,ANA,LEFT,RP,19.33333333333333,0,22,12,9,7,1,17,24,2,2,0,0,0,3.259,1.5,0,0,0.0,-1.772,-2.409,-0.501,0.085,-0.284,-4.881,1.909,3.590556430180615,,3.590556430180615
552,153,Charlie Blackmon,COL,124,1,LEFT,499,449,115,59,12,52,43,6,2,0.256,DH| RF,-0.727,-0.91,-0.875,-0.488,-0.047,-3.046,1.342,4.388,3.56959808015165,,,,,,,,,,,,,,,,,,,,,,,,,,,,,,,,,,,3.56959808015165
553,,,,,,,,,,,,,,,,,,,,,,,,,,,,388,Angel Chivilli,COL,RIGHT,RP,31.66666666666667,0,30,31,17,16,7,10,28,2,3,1,0,0,4.547,1.295,1,0,0.032,-1.772,-2.323,-0.413,-0.24,-0.152,-4.9,1.89,3.554820143028477,,3.554820143028477
554,123,Michael Toglia,COL,115,6,SWITCH,458,399,87,62,25,55,54,10,1,0.218,1B,-0.562,0.543,-0.724,-0.146,-1.21,-2.099,1.331,3.43,3.5403390794946685,,,,,,,,,,,,,,,,,,,,,,,,,,,,,,,,,,,3.5403390794946685
555,,,,,,,,,,,,,,,,,,,,,,,,,,,,389,Cole Sulser,TBA| BAL| MIA| ARI| NYN,RIGHT,RP,16.333333333333336,2,10,9,5,5,1,9,15,1,0,0,0,0,2.755,1.102,1,0,0.061,-2.032,-2.603,-0.501,0.148,0.073,-4.915,1.875,3.5266072847504737,,3.5266072847504737
556,,,,,,,,,,,,,,,,,,,,,,,,,,,,390,Ryan Burr,TOR| CHA,RIGHT,SP| RP,32.666666666666664,4,34,29,16,15,4,12,47,0,2,0,0,0,4.133,1.255,2,0,0.061,-2.292,-1.913,-0.501,-0.122,-0.095,-4.923,1.867,3.511560427002205,,3.511560427002205
557,,,,,,,,,,,,,,,,,,,,,,,,,,,,391,Kyle Nicolas,PIT,RIGHT,RP,54.66666666666667,0,51,51,30,24,4,31,55,2,2,0,0,0,3.951,1.5,0,2,0.0,-1.772,-1.74,-0.501,-0.111,-0.804,-4.928,1.862,3.502156140909537,,3.502156140909537
558,,,,,,,,,,,,,,,,,,,,,,,,,,,,392,Luis Peralta,COL,LEFT,RP,12.333333333333334,0,15,7,1,1,0,5,14,0,0,0,0,0,0.73,0.973,0,0,0.0,-2.292,-2.625,-0.501,0.344,0.132,-4.942,1.848,3.4758241398500664,,3.4758241398500664
559,,,,,,,,,,,,,,,,,,,,,,,,,,,,393,Austin Adams,SDN| ARI| OAK,RIGHT,RP,41.33333333333333,0,56,38,20,18,4,23,53,1,2,0,0,0,3.919,1.476,4,2,0.097,-2.032,-1.784,-0.501,-0.072,-0.56,-4.948,1.842,3.4645389965388644,,3.4645389965388644
560,,,,,,,,,,,,,,,,,,,,,,,,,,,,395,Ron Marinaccio,SDN| NYA,RIGHT,RP,23.33333333333333,0,16,18,11,10,4,10,25,1,0,0,0,0,3.857,1.2,7,0,0.3,-2.032,-2.387,-0.501,-0.027,-0.006,-4.953,1.837,3.4551347104461967,,3.4551347104461967
561,,,,,,,,,,,,,,,,,,,,,,,,,,,,394,Cionel Perez,BAL| HOU| CIN,LEFT,RP,53.66666666666666,0,62,47,29,27,0,28,46,2,0,2,0,0,4.528,1.397,2,0,0.037,-1.772,-1.934,-0.326,-0.397,-0.524,-4.953,1.837,3.4551347104461967,,3.4551347104461967
562,,,,,,,,,,,,,,,,,,,,,,,,,,,,396,Drew Smith,NYN,RIGHT,RP,17.666666666666668,0,19,18,7,6,2,9,23,1,1,2,0,0,3.057,1.528,0,0,0.0,-2.032,-2.431,-0.326,0.111,-0.284,-4.961,1.829,3.440087852697928,,3.440087852697928
563,,,,,,,,,,,,,,,,,,,,,,,,,,,,397,Jeff Criswell,COL,RIGHT,RP,19.666666666666664,0,13,20,6,6,4,9,27,1,0,0,0,0,2.746,1.475,5,1,0.254,-2.032,-2.344,-0.501,0.18,-0.265,-4.962,1.8280000000000003,3.4382069954793955,,3.4382069954793955
564,,,,,,,,,,,,,,,,,,,,,,,,,,,,398,Jake Diekman,OAK| BOS| CHA| TBA| NYN,LEFT,RP,32.0,0,43,23,24,20,7,24,40,2,3,4,0,0,5.625,1.469,5,2,0.156,-1.772,-2.064,-0.151,-0.564,-0.422,-4.972,1.818,3.419398423294058,,3.419398423294058
565,,,,,,,,,,,,,,,,,,,,,,,,,,,,399,Dane Dunning,ATL| TEX| CHA,RIGHT,SP| RP,95.0,15,26,97,60,56,18,40,91,5,7,0,0,0,5.305,1.442,9,2,0.095,-0.991,-0.964,-0.501,-1.39,-1.132,-4.978,1.8120000000000005,3.408113279982858,,3.408113279982858
566,,,,,,,,,,,,,,,,,,,,,,,,,,,,400,Martin Perez,CHA| BOS| TEX| PIT| SDN,LEFT,SP,135.0,26,26,151,71,68,22,49,107,5,6,0,0,0,4.533,1.482,4,4,0.03,-0.991,-0.619,-0.501,-1.006,-1.864,-4.981,1.809,3.4024707083272574,,3.4024707083272574
567,239,Kyle Higashioka,TEX| NYA| SDN,79,9,RIGHT,263,246,54,29,17,45,15,2,0,0.22,CC,-2.38,-0.351,-1.226,-0.829,-0.718,-5.505,1.277,6.782,3.3967039853604,,,,,,,,,,,,,,,,,,,,,,,,,,,,,,,,,,,3.3967039853604
568,,,,,,,,,,,,,,,,,,,,,,,,,,,,401,Luis Guerrero,BOS,RIGHT,RP,10.0,0,9,6,1,0,0,2,9,0,0,0,0,0,0.0,0.8,0,1,0.0,-2.292,-2.733,-0.501,0.347,0.19,-4.988,1.802,3.389304707797521,,3.389304707797521
569,,,,,,,,,,,,,,,,,,,,,,,,,,,,402,Kevin Herget,ATL| NYN| TBA| CIN| MIL,RIGHT,RP,11.333333333333332,0,7,6,2,2,1,3,9,0,0,1,0,0,1.588,0.794,0,0,0.0,-2.292,-2.733,-0.413,0.226,0.219,-4.993,1.7969999999999997,3.3799004217048534,,3.3799004217048534
570,,,,,,,,,,,,,,,,,,,,,,,,,,,,404,Hunter Bigge,TBA| CHN,RIGHT,RP,17.333333333333336,1,19,17,5,5,2,5,24,0,0,1,0,0,2.596,1.269,1,1,0.058,-2.292,-2.409,-0.413,0.183,-0.062,-4.994,1.7960000000000005,3.378019564486321,,3.378019564486321
571,,,,,,,,,,,,,,,,,,,,,,,,,,,,403,Jacob Latz,TEX,LEFT,RP,43.66666666666666,0,46,39,20,18,6,27,40,2,3,0,0,0,3.71,1.512,1,1,0.023,-1.772,-2.064,-0.501,0.009,-0.666,-4.994,1.7960000000000005,3.378019564486321,,3.378019564486321
572,,,,,,,,,,,,,,,,,,,,,,,,,,,,405,Braxton Garrett,MIA,LEFT,SP,37.0,7,7,40,24,22,5,4,34,2,2,0,0,0,5.351,1.189,3,0,0.081,-1.772,-2.193,-0.501,-0.557,0.01,-5.013,1.777,3.3422832773341824,,3.3422832773341824
573,,,,,,,,,,,,,,,,,,,,,,,,,,,,406,Bryce Jarvis,ARI,RIGHT,RP,59.33333333333334,0,44,52,25,21,6,33,38,1,2,0,0,0,3.185,1.433,2,0,0.034,-2.032,-2.107,-0.501,0.302,-0.68,-5.018,1.7720000000000002,3.3328789912415147,,3.3328789912415147
574,,,,,,,,,,,,,,,,,,,,,,,,,,,,407,Jordan Romano,PHI| TOR,RIGHT,RP,13.666666666666668,0,15,16,10,10,4,4,13,1,2,8,0,0,6.585,1.463,1,0,0.073,-2.032,-2.646,0.2,-0.363,-0.177,-5.018,1.7720000000000002,3.3328789912415147,,3.3328789912415147
575,157,Leody Taveras,SEA| TEX,148,9,SWITCH,529,480,110,58,12,44,42,22,6,0.229,CF,-0.782,-0.91,-1.276,0.878,-1.045,-3.136,1.2519999999999998,4.388,3.330206256594534,,,,,,,,,,,,,,,,,,,,,,,,,,,,,,,,,,,3.330206256594534
576,,,,,,,,,,,,,,,,,,,,,,,,,,,,408,Erik Swanson,TOR| SEA,RIGHT,RP,39.33333333333333,0,45,36,22,22,11,14,37,2,2,0,0,0,5.034,1.271,2,0,0.051,-1.772,-2.129,-0.501,-0.476,-0.144,-5.022,1.7679999999999998,3.3253555623673794,,3.3253555623673794
577,158,Mike Yastrzemski,KCA| SFN,136,7,LEFT,474,428,99,60,18,57,38,3,2,0.231,RF,-0.672,-0.24,-0.624,-0.744,-0.861,-3.141,1.247,4.388,3.316906710841361,,,,,,,,,,,,,,,,,,,,,,,,,,,,,,,,,,,3.316906710841361
578,,,,,,,,,,,,,,,,,,,,,,,,,,,,409,Kyle Muller,ATL| OAK,LEFT,RP,49.33333333333334,0,21,48,25,22,6,10,36,0,1,0,0,0,4.013,1.176,6,2,0.122,-2.292,-2.15,-0.501,-0.129,0.046,-5.027,1.763,3.315951276274712,,3.315951276274712
579,,,,,,,,,,,,,,,,,,,,,,,,,,,,410,Troy Taylor,SEA,RIGHT,RP,19.33333333333333,0,21,15,8,8,4,7,25,0,0,1,0,0,3.724,1.138,1,0,0.052,-2.292,-2.387,-0.413,0.001,0.053,-5.039,1.7510000000000003,3.2933809896523094,,3.2933809896523094
580,,,,,,,,,,,,,,,,,,,,,,,,,,,,411,Sean Reynolds,SDN,RIGHT,RP,10.999999999999998,0,9,10,1,1,0,5,21,0,0,0,0,0,0.818,1.364,2,0,0.182,-2.292,-2.474,-0.501,0.298,-0.089,-5.058,1.7320000000000002,3.257644702500172,,3.257644702500172
581,,,,,,,,,,,,,,,,,,,,,,,,,,,,412,Tristan Beck,SFN,RIGHT,RP,16.0,1,7,14,3,3,2,4,14,0,0,0,0,0,1.688,1.125,0,0,0.0,-2.292,-2.625,-0.501,0.304,0.054,-5.06,1.7300000000000004,3.2538829880631046,,3.2538829880631046
582,242,Ivan Herrera,SLN,71,6,RIGHT,259,229,69,37,5,27,25,5,0,0.301,CC,-1.939,-1.693,-2.129,-0.573,0.772,-5.562,1.2199999999999998,6.782,3.2450891637742263,,,,,,,,,,,,,,,,,,,,,,,,,,,,,,,,,,,3.2450891637742263
583,,,,,,,,,,,,,,,,,,,,,,,,,,,,413,Ian Hamilton,NYA| CHA| MIN,RIGHT,RP,37.66666666666666,0,35,37,17,16,2,14,41,0,1,1,0,0,3.823,1.354,3,0,0.08,-2.292,-2.042,-0.413,-0.032,-0.289,-5.069,1.721,3.2369552730963016,,3.2369552730963016
584,,,,,,,,,,,,,,,,,,,,,,,,,,,,414,Prelander Berroa,SEA| CHA,RIGHT,RP,19.000000000000004,0,17,15,7,7,2,13,26,1,0,0,0,0,3.316,1.474,2,2,0.105,-2.032,-2.366,-0.501,0.074,-0.255,-5.081,1.7089999999999996,3.2143849864738976,,3.2143849864738976
585,,,,,,,,,,,,,,,,,,,,,,,,,,,,415,Steven Okert,HOU| MIA| MIN,LEFT,RP,35.33333333333333,1,44,37,22,20,6,16,33,3,2,1,0,0,5.094,1.5,6,1,0.17,-1.511,-2.215,-0.413,-0.448,-0.519,-5.107,1.6829999999999998,3.1654826987920246,,3.1654826987920246
586,,,,,,,,,,,,,,,,,,,,,,,,,,,,416,Justin Verlander,SFN| HOU| NYN,RIGHT,SP,90.33333333333334,17,17,98,56,55,15,27,74,5,6,0,0,0,5.48,1.384,8,3,0.089,-0.991,-1.331,-0.501,-1.469,-0.822,-5.113,1.6769999999999996,3.1541975554808226,,3.1541975554808226
587,,,,,,,,,,,,,,,,,,,,,,,,,,,,417,Gus Varland,LAN| MIL| CHA,RIGHT,RP,26.33333333333333,0,26,30,12,10,2,8,27,1,0,0,0,0,3.418,1.443,5,1,0.19,-2.032,-2.344,-0.501,0.077,-0.315,-5.115,1.6749999999999998,3.150435841043756,,3.150435841043756
588,245,Freddy Fermin,KCA| SDN,100,8,RIGHT,368,339,92,38,6,36,23,2,0,0.271,CC| DH,-1.884,-1.581,-1.677,-0.829,0.363,-5.609,1.173,6.782,3.1200734336944,,,,,,,,,,,,,,,,,,,,,,,,,,,,,,,,,,,3.1200734336944
589,,,,,,,,,,,,,,,,,,,,,,,,,,,,418,Ronny Henriquez,MIA| MIN,RIGHT,RP,19.33333333333333,1,16,20,8,7,2,5,15,1,1,0,0,0,3.259,1.293,1,0,0.052,-2.032,-2.603,-0.501,0.085,-0.091,-5.142,1.6479999999999997,3.099652696143349,,3.099652696143349
590,,,,,,,,,,,,,,,,,,,,,,,,,,,,419,Carson Fulmer,ANA| BAL| DET| CIN,RIGHT,SP| RP,86.66666666666667,8,37,81,45,40,11,40,81,0,5,0,0,0,4.154,1.396,4,2,0.046,-2.292,-1.18,-0.501,-0.34,-0.84,-5.153,1.6370000000000005,3.078963266739481,,3.078963266739481
591,,,,,,,,,,,,,,,,,,,,,,,,,,,,420,Chris Stratton,KCA| LAN| PIT| SLN| TEX,RIGHT,RP,58.333333333333336,0,57,53,38,36,5,33,44,4,3,4,0,0,5.554,1.474,3,1,0.051,-1.251,-1.978,-0.151,-0.989,-0.785,-5.154,1.636,3.077082409520947,,3.077082409520947
592,,,,,,,,,,,,,,,,,,,,,,,,,,,,421,Josh Staumont,KCA| MIN,RIGHT,RP,24.333333333333336,0,25,17,12,10,0,14,18,1,0,0,0,0,3.699,1.274,2,1,0.082,-2.032,-2.538,-0.501,0.008,-0.093,-5.157,1.633,3.071439837865346,,3.071439837865346
593,,,,,,,,,,,,,,,,,,,,,,,,,,,,422,Caleb Ferguson,PIT| SEA| LAN| HOU| NYA,LEFT,RP,54.333333333333336,0,62,56,34,28,6,25,67,1,4,1,0,0,4.638,1.491,1,0,0.018,-2.032,-1.482,-0.413,-0.458,-0.775,-5.16,1.63,3.065797266209745,,3.065797266209745
594,128,Ryan O'Hearn,BAL| SDN| KCA,141,3,LEFT,494,443,117,60,15,59,46,3,1,0.264,1B| DH,-0.672,-0.575,-0.524,-0.744,0.226,-2.288,1.1420000000000003,3.43,3.037616250024728,,,,,,,,,,,,,,,,,,,,,,,,,,,,,,,,,,,3.037616250024728
595,,,,,,,,,,,,,,,,,,,,,,,,,,,,423,Brady Basso,ATH| OAK,LEFT,SP| RP,22.33333333333333,4,7,23,10,10,3,5,19,1,1,0,0,0,4.03,1.254,2,1,0.09,-2.032,-2.517,-0.501,-0.062,-0.063,-5.175,1.6150000000000002,3.0375844079317416,,3.0375844079317416
596,,,,,,,,,,,,,,,,,,,,,,,,,,,,424,Cole Irvin,PHI| OAK| BAL| MIN,LEFT,SP| RP,111.0,16,29,132,71,63,18,29,78,6,6,1,0,0,5.108,1.45,2,2,0.018,-0.731,-1.244,-0.413,-1.421,-1.367,-5.176,1.614,3.0357035507132077,,3.0357035507132077
597,,,,,,,,,,,,,,,,,,,,,,,,,,,,425,Jacob deGrom,TEX| NYN,RIGHT,SP,10.666666666666666,3,3,11,2,2,1,1,14,0,0,0,0,0,1.688,1.125,3,0,0.281,-2.292,-2.625,-0.501,0.203,0.036,-5.179,1.6109999999999998,3.0300609790576063,,3.0300609790576063
598,,,,,,,,,,,,,,,,,,,,,,,,,,,,426,Vinny Nittoli,SEA| PHI| NYN| BAL| OAK,RIGHT,RP,12.0,0,9,10,2,2,1,2,8,0,1,0,0,0,1.5,1.0,2,0,0.167,-2.292,-2.754,-0.501,0.249,0.113,-5.185,1.6050000000000004,3.018775835746406,,3.018775835746406
599,,,,,,,,,,,,,,,,,,,,,,,,,,,,427,Adbert Alzolay,CHN,RIGHT,RP,17.333333333333336,0,18,19,13,9,6,6,13,1,4,4,0,0,4.673,1.442,4,0,0.231,-2.032,-2.646,-0.151,-0.152,-0.207,-5.187,1.6029999999999998,3.015014121309337,,3.015014121309337
600,150,Joey Ortiz,MIL| BAL,137,8,RIGHT,511,440,105,58,11,60,56,11,6,0.239,3B,-0.782,-1.022,-0.473,-0.061,-0.637,-2.976,1.13,4.106,3.0056973402171114,,,,,,,,,,,,,,,,,,,,,,,,,,,,,,,,,,,3.0056973402171114
601,,,,,,,,,,,,,,,,,,,,,,,,,,,,428,Lucas Sims,WAS| CIN| BOS,RIGHT,RP,49.33333333333334,0,58,41,24,24,8,30,49,1,6,1,0,0,4.378,1.439,3,1,0.061,-2.032,-1.87,-0.413,-0.297,-0.581,-5.193,1.5970000000000004,3.0037289779981373,,3.0037289779981373
602,,,,,,,,,,,,,,,,,,,,,,,,,,,,429,Quinn Priester,MIL| PIT| BOS,RIGHT,SP| RP,49.66666666666667,7,11,56,30,26,7,14,33,3,6,0,0,0,4.711,1.409,4,0,0.081,-1.511,-2.215,-0.501,-0.453,-0.513,-5.193,1.5970000000000004,3.0037289779981373,,3.0037289779981373
603,160,Kerry Carpenter,DET,87,4,LEFT,296,264,75,37,18,57,22,0,2,0.284,RF| DH,-1.939,-0.24,-0.624,-1.0,0.541,-3.262,1.126,4.388,2.995057703614573,,,,,,,,,,,,,,,,,,,,,,,,,,,,,,,,,,,2.995057703614573
604,,,,,,,,,,,,,,,,,,,,,,,,,,,,430,Bryan Baker,BAL| TBA| TOR,RIGHT,RP,23.33333333333333,0,19,20,14,13,3,7,23,1,1,0,0,0,5.014,1.157,4,0,0.171,-2.032,-2.431,-0.501,-0.278,0.043,-5.199,1.5910000000000002,2.9924438346869358,,2.9924438346869358
605,,,,,,,,,,,,,,,,,,,,,,,,,,,,432,J. T. Ginn,ATH| OAK,RIGHT,SP,34.0,6,8,36,16,16,4,9,29,1,1,0,0,0,4.235,1.323,0,2,0.0,-2.032,-2.301,-0.501,-0.159,-0.211,-5.204,1.5860000000000003,2.983039548594268,,2.983039548594268
606,,,,,,,,,,,,,,,,,,,,,,,,,,,,431,Shawn Armstrong,TEX| BAL| TBA| MIA| CHN| SLN,RIGHT,SP| RP,66.66666666666667,7,57,77,38,36,6,25,66,3,3,1,0,0,4.86,1.53,9,2,0.135,-1.511,-1.503,-0.413,-0.7,-1.077,-5.204,1.5860000000000003,2.983039548594268,,2.983039548594268
607,,,,,,,,,,,,,,,,,,,,,,,,,,,,433,Richard Fitts,BOS,RIGHT,SP,20.666666666666668,4,4,19,6,4,0,7,9,0,1,0,0,0,1.742,1.258,0,0,0.0,-2.292,-2.733,-0.501,0.383,-0.063,-5.206,1.5839999999999996,2.9792778341571995,,2.9792778341571995
608,,,,,,,,,,,,,,,,,,,,,,,,,,,,434,Jose Marte,ANA,RIGHT,RP,19.333333333333336,0,14,14,6,5,1,10,14,0,0,0,0,0,2.328,1.241,1,0,0.052,-2.292,-2.625,-0.501,0.253,-0.043,-5.209,1.5810000000000004,2.9736352625016003,,2.9736352625016003
609,,,,,,,,,,,,,,,,,,,,,,,,,,,,435,Carlos Hernandez,CLE| DET| PHI| KCA,RIGHT,RP,30.000000000000004,0,27,24,14,11,1,16,27,0,1,0,0,0,3.3,1.333,8,1,0.267,-2.292,-2.344,-0.501,0.121,-0.2,-5.217,1.5730000000000004,2.9585884047533315,,2.9585884047533315
610,,,,,,,,,,,,,,,,,,,,,,,,,,,,436,Shawn Dubin,BAL| HOU,RIGHT,RP,45.333333333333336,2,31,45,25,21,3,26,49,1,1,2,0,0,4.169,1.566,2,0,0.044,-2.032,-1.87,-0.326,-0.184,-0.811,-5.223,1.5670000000000002,2.947303261442129,,2.947303261442129
611,,,,,,,,,,,,,,,,,,,,,,,,,,,,437,Chris Roycroft,SLN,RIGHT,RP,34.33333333333333,0,27,31,19,16,2,17,33,1,2,0,0,0,4.194,1.398,4,0,0.117,-2.032,-2.215,-0.501,-0.148,-0.336,-5.232,1.5579999999999998,2.9303755464753265,,2.9303755464753265
612,,,,,,,,,,,,,,,,,,,,,,,,,,,,438,Matthew Bowman,BAL| NYA| ARI| MIN| SEA,RIGHT,RP,30.66666666666666,1,25,26,15,15,5,13,24,1,0,0,0,0,4.402,1.272,3,0,0.098,-2.032,-2.409,-0.501,-0.191,-0.113,-5.247,1.543,2.9021626881973237,,2.9021626881973237
613,,,,,,,,,,,,,,,,,,,,,,,,,,,,439,Justin Anderson,CHA,RIGHT,RP,53.333333333333336,0,56,48,29,26,5,32,57,1,2,1,0,0,4.388,1.5,8,1,0.15,-2.032,-1.697,-0.413,-0.325,-0.784,-5.252,1.5380000000000005,2.8927584021046555,,2.8927584021046555
614,,,,,,,,,,,,,,,,,,,,,,,,,,,,440,Anthony Veneziano,MIA| SLN| KCA,LEFT,RP,13.333333333333336,0,12,16,7,5,1,3,14,1,0,0,0,0,3.375,1.425,3,0,0.225,-2.032,-2.625,-0.501,0.044,-0.148,-5.261,1.529,2.8758306871378525,,2.8758306871378525
615,,,,,,,,,,,,,,,,,,,,,,,,,,,,441,Christian Scott,NYN,RIGHT,SP,47.333333333333336,9,9,45,24,24,8,12,39,0,3,0,0,0,4.563,1.204,1,2,0.021,-2.292,-2.085,-0.501,-0.366,-0.021,-5.266,1.524,2.8664264010451848,,2.8664264010451848
616,,,,,,,,,,,,,,,,,,,,,,,,,,,,442,Drew Thorpe,CHA,RIGHT,SP,44.333333333333336,9,9,35,29,27,8,21,25,3,3,0,0,0,5.481,1.263,9,0,0.203,-1.511,-2.387,-0.501,-0.721,-0.146,-5.267,1.5229999999999997,2.864545543826651,,2.864545543826651
617,,,,,,,,,,,,,,,,,,,,,,,,,,,,443,Eduardo Rodriguez,ARI| BOS| DET,LEFT,SP,49.99999999999999,10,10,56,29,28,8,19,47,3,4,0,0,0,5.04,1.5,2,2,0.04,-1.511,-1.913,-0.501,-0.608,-0.735,-5.269,1.521,2.860783829389584,,2.860783829389584
618,161,Andrew Benintendi,CHA| BOS| KCA| NYA,135,3,LEFT,522,477,109,50,20,64,41,3,2,0.229,LF,-1.223,-0.016,-0.273,-0.744,-1.062,-3.318,1.0699999999999998,4.388,2.8461027911790344,,,,,,,,,,,,,,,,,,,,,,,,,,,,,,,,,,,2.8461027911790344
619,,,,,,,,,,,,,,,,,,,,,,,,,,,,444,Cal Quantrill,ATL| MIA| CLE| SDN| COL,RIGHT,SP,148.33333333333331,29,29,156,83,82,23,69,110,8,11,0,0,0,4.975,1.517,14,9,0.094,-0.21,-0.554,-0.501,-1.716,-2.301,-5.282,1.508,2.836332685548648,,2.836332685548648
620,,,,,,,,,,,,,,,,,,,,,,,,,,,,445,Joey Wentz,ATL| MIN| PIT| DET,LEFT,RP,67.33333333333334,0,46,66,37,35,8,33,73,1,2,1,0,0,4.678,1.47,14,2,0.208,-2.032,-1.352,-0.413,-0.593,-0.894,-5.284,1.5060000000000002,2.832570971111581,,2.832570971111581
621,162,Pete Crow-Armstrong,CHN,115,8,LEFT,410,372,88,46,10,47,21,23,3,0.237,CF,-1.443,-1.134,-1.126,0.963,-0.598,-3.338,1.0499999999999998,4.388,2.7929046081663422,,,,,,,,,,,,,,,,,,,,,,,,,,,,,,,,,,,2.7929046081663422
622,,,,,,,,,,,,,,,,,,,,,,,,,,,,446,Jared Shuster,CHA| ATL,LEFT,SP| RP,73.33333333333334,4,39,74,38,35,9,33,56,2,5,0,0,0,4.295,1.459,7,2,0.095,-1.772,-1.719,-0.501,-0.384,-0.934,-5.31,1.4800000000000004,2.783668683429708,,2.783668683429708
623,,,,,,,,,,,,,,,,,,,,,,,,,,,,447,Yilber Diaz,ARI,RIGHT,SP| RP,28.333333333333336,4,7,27,13,12,3,12,19,1,1,0,0,0,3.812,1.377,2,0,0.071,-2.032,-2.517,-0.501,-0.021,-0.248,-5.319,1.471,2.766740968462905,,2.766740968462905
624,133,Ryan Mountcastle,BAL,124,3,RIGHT,507,473,128,54,13,63,27,3,0,0.271,1B,-1.003,-0.798,-0.323,-0.744,0.478,-2.39,1.04,3.43,2.766305516659997,,,,,,,,,,,,,,,,,,,,,,,,,,,,,,,,,,,2.766305516659997
625,,,,,,,,,,,,,,,,,,,,,,,,,,,,448,Jhony Brito,NYA| SDN,RIGHT,RP,43.66666666666667,0,26,49,23,20,4,10,29,1,2,0,0,0,4.122,1.351,6,0,0.137,-2.032,-2.301,-0.501,-0.158,-0.329,-5.321,1.4690000000000003,2.762979254025838,,2.762979254025838
626,134,Andrew Vaughn,CHA| MIL,149,4,RIGHT,619,570,140,55,19,70,38,2,0,0.246,1B| DH,-0.947,-0.128,0.028,-0.829,-0.52,-2.396,1.0340000000000005,3.43,2.75034606175619,,,,,,,,,,,,,,,,,,,,,,,,,,,,,,,,,,,2.75034606175619
627,,,,,,,,,,,,,,,,,,,,,,,,,,,,449,Ethan Roberts,CHN,RIGHT,RP,26.666666666666668,0,21,31,11,11,3,10,26,1,1,0,0,0,3.712,1.538,1,1,0.037,-2.032,-2.366,-0.501,0.005,-0.44,-5.334,1.4560000000000004,2.7385281101849017,,2.7385281101849017
628,,,,,,,,,,,,,,,,,,,,,,,,,,,,450,Caleb Thielbar,CHN| MIN,LEFT,RP,47.33333333333333,0,59,50,33,28,6,24,53,2,4,3,0,0,5.324,1.563,7,1,0.148,-1.772,-1.784,-0.238,-0.701,-0.841,-5.335,1.455,2.7366472529663675,,2.7366472529663675
629,,,,,,,,,,,,,,,,,,,,,,,,,,,,451,Clayton Kershaw,LAN,LEFT,SP,30.0,7,7,36,19,15,2,9,24,2,2,0,0,0,4.5,1.5,0,3,0.0,-1.772,-2.409,-0.501,-0.214,-0.441,-5.337,1.4530000000000003,2.7328855385293007,,2.7328855385293007
630,,,,,,,,,,,,,,,,,,,,,,,,,,,,452,Dillon Tate,TOR| BAL,RIGHT,RP,36.66666666666666,0,33,42,21,19,2,12,27,2,1,1,0,0,4.664,1.473,4,3,0.109,-1.772,-2.344,-0.413,-0.318,-0.491,-5.338,1.452,2.7310046813107665,,2.7310046813107665
631,,,,,,,,,,,,,,,,,,,,,,,,,,,,453,Nick Vespi,BAL,LEFT,RP,12.333333333333334,0,11,10,4,4,1,3,9,0,0,0,0,0,2.919,1.054,0,0,0.0,-2.292,-2.733,-0.501,0.093,0.084,-5.349,1.4409999999999998,2.710315251906897,,2.710315251906897
632,,,,,,,,,,,,,,,,,,,,,,,,,,,,454,Kyle Freeland,COL,LEFT,SP,113.33333333333331,21,21,134,73,66,22,26,85,5,8,0,0,0,5.241,1.412,9,5,0.079,-0.991,-1.093,-0.501,-1.591,-1.184,-5.361,1.4290000000000005,2.687744965284495,,2.687744965284495
633,,,,,,,,,,,,,,,,,,,,,,,,,,,,455,Brandon Williamson,CIN,LEFT,SP,14.333333333333334,3,4,10,7,6,4,5,12,0,0,0,0,0,3.767,1.046,1,0,0.07,-2.292,-2.668,-0.501,-0.005,0.103,-5.363,1.4269999999999996,2.6839832508474264,,2.6839832508474264
634,,,,,,,,,,,,,,,,,,,,,,,,,,,,456,Griffin Canning,NYN| ANA,RIGHT,SP,171.66666666666663,31,32,174,105,99,31,66,130,6,13,0,0,0,5.19,1.398,6,3,0.035,-0.731,-0.123,-0.501,-2.329,-1.68,-5.364,1.4260000000000002,2.682102393628894,,2.682102393628894
635,,,,,,,,,,,,,,,,,,,,,,,,,,,,457,Michael Soroka,CHN| WAS| ATL| CHA,RIGHT,SP| RP,79.66666666666666,9,25,66,49,42,13,44,84,0,10,0,0,0,4.745,1.381,13,4,0.163,-2.292,-1.115,-0.501,-0.751,-0.713,-5.372,1.418,2.667055535880625,,2.667055535880625
636,,,,,,,,,,,,,,,,,,,,,,,,,,,,458,Peter Strzelecki,MIL| ARI| CLE,RIGHT,RP,11.666666666666666,0,10,11,3,3,1,3,9,0,0,0,0,0,2.314,1.2,0,0,0.0,-2.292,-2.733,-0.501,0.154,-0.003,-5.375,1.415,2.661412964225024,,2.661412964225024
637,,,,,,,,,,,,,,,,,,,,,,,,,,,,459,Walter Pennington,KCA| TEX,LEFT,RP,18.000000000000004,1,16,19,7,6,1,11,17,1,0,0,0,0,3.0,1.667,4,0,0.222,-2.032,-2.56,-0.501,0.123,-0.409,-5.38,1.41,2.6520086781323564,,2.6520086781323564
638,,,,,,,,,,,,,,,,,,,,,,,,,,,,460,Blake Walston,ARI,LEFT,RP,18.33333333333333,2,7,16,12,9,4,10,18,1,0,0,0,0,4.418,1.418,0,0,0.0,-2.032,-2.538,-0.501,-0.117,-0.197,-5.386,1.404,2.6407235348211544,,2.6407235348211544
639,,,,,,,,,,,,,,,,,,,,,,,,,,,,461,Enyel De Los Santos,ATL| HOU| PHI| PIT| CLE| CHA| NYA| SDN,RIGHT,RP,64.0,0,64,65,38,37,17,25,66,1,2,2,0,0,5.203,1.406,3,0,0.047,-2.032,-1.503,-0.326,-0.876,-0.652,-5.389,1.4009999999999998,2.6350809631655534,,2.6350809631655534
640,,,,,,,,,,,,,,,,,,,,,,,,,,,,462,Graham Ashcraft,CIN,RIGHT,SP,77.33333333333334,15,15,89,50,45,11,27,57,5,5,0,0,0,5.237,1.5,4,1,0.052,-0.991,-1.697,-0.501,-1.083,-1.137,-5.409,1.3810000000000002,2.5974638187948824,,2.5974638187948824
641,,,,,,,,,,,,,,,,,,,,,,,,,,,,463,Tommy Nance,TOR| CHN| MIA,RIGHT,RP,22.0,0,20,18,12,10,2,9,19,0,3,0,0,0,4.091,1.227,5,0,0.227,-2.292,-2.517,-0.501,-0.073,-0.034,-5.418,1.372,2.58053610382808,,2.58053610382808
642,,,,,,,,,,,,,,,,,,,,,,,,,,,,464,Austin Warren,NYN| ANA| SFN,RIGHT,RP,10.666666666666668,0,6,9,2,2,1,5,7,0,0,0,0,0,1.688,1.312,0,0,0.0,-2.292,-2.776,-0.501,0.203,-0.06,-5.427,1.3630000000000004,2.563608388861278,,2.563608388861278
643,,,,,,,,,,,,,,,,,,,,,,,,,,,,465,Alex Young,ARI| CLE| SFN| CIN| NYN,LEFT,RP,15.666666666666666,0,17,15,5,5,2,7,15,0,0,0,0,0,2.872,1.404,1,0,0.064,-2.292,-2.603,-0.501,0.125,-0.158,-5.429,1.3609999999999998,2.55984667442421,,2.55984667442421
644,,,,,,,,,,,,,,,,,,,,,,,,,,,,466,Joe Kelly,LAN| CHA,RIGHT,RP,32.0,0,35,31,19,17,4,16,35,1,1,0,0,0,4.781,1.469,1,1,0.031,-2.032,-2.172,-0.501,-0.312,-0.422,-5.439,1.351,2.5410381022388746,,2.5410381022388746
645,,,,,,,,,,,,,,,,,,,,,,,,,,,,467,Cade Povich,BAL,LEFT,SP,79.66666666666669,16,16,80,49,46,12,34,69,3,9,0,0,0,5.197,1.431,6,1,0.075,-1.511,-1.438,-0.501,-1.085,-0.906,-5.443,1.3470000000000004,2.533514673364741,,2.533514673364741
646,,,,,,,,,,,,,,,,,,,,,,,,,,,,468,Michael Petersen,ATL| MIA| LAN,RIGHT,RP,19.666666666666664,0,16,21,14,13,3,11,14,3,1,0,0,0,5.949,1.627,2,0,0.102,-1.511,-2.625,-0.501,-0.406,-0.41,-5.453,1.3369999999999995,2.514706101179404,,2.514706101179404
647,167,Blake Perkins,MIL,118,9,SWITCH,434,383,92,54,6,43,42,23,4,0.24,CF,-1.003,-1.581,-1.326,0.963,-0.509,-3.455,0.9329999999999998,4.388,2.481695237542093,,,,,,,,,,,,,,,,,,,,,,,,,,,,,,,,,,,2.481695237542093
648,,,,,,,,,,,,,,,,,,,,,,,,,,,,469,Stephen Kolek,KCA| SDN,RIGHT,RP,46.66666666666666,0,42,59,30,27,4,12,39,3,0,0,0,0,5.207,1.521,2,1,0.043,-1.511,-2.085,-0.501,-0.64,-0.734,-5.473,1.3170000000000002,2.477088956808733,,2.477088956808733
649,,,,,,,,,,,,,,,,,,,,,,,,,,,,470,Ty Madden,DET,RIGHT,RP,23.0,1,6,25,12,11,2,8,17,1,1,0,0,0,4.304,1.435,4,0,0.174,-2.032,-2.56,-0.501,-0.122,-0.266,-5.481,1.3090000000000002,2.462042099060464,,2.462042099060464
650,,,,,,,,,,,,,,,,,,,,,,,,,,,,471,Kolby Allard,CLE| TEX| ATL| PHI,LEFT,SP| RP,27.0,4,7,34,15,15,5,8,23,2,0,0,0,0,5.0,1.556,0,0,0.0,-1.772,-2.431,-0.501,-0.318,-0.469,-5.491,1.2990000000000004,2.4432335268751286,,2.4432335268751286
651,,,,,,,,,,,,,,,,,,,,,,,,,,,,472,Joel Kuhnel,CIN| HOU| TBA,RIGHT,RP,10.0,0,6,8,5,5,1,0,5,0,0,0,0,0,4.5,0.8,1,0,0.1,-2.292,-2.819,-0.501,-0.071,0.19,-5.493,1.2969999999999997,2.4394718124380605,,2.4394718124380605
652,,,,,,,,,,,,,,,,,,,,,,,,,,,,473,Eduardo Salazar,WAS| CIN| LAN,RIGHT,RP,29.33333333333333,0,26,34,11,9,2,14,27,0,1,0,0,0,2.761,1.636,4,2,0.136,-2.292,-2.344,-0.501,0.265,-0.624,-5.497,1.293,2.431948383563927,,2.431948383563927
653,,,,,,,,,,,,,,,,,,,,,,,,,,,,474,Grant Holman,ATH| OAK,RIGHT,RP,15.666666666666666,0,18,17,8,7,1,9,16,1,1,0,0,0,4.021,1.66,0,0,0.0,-2.032,-2.582,-0.501,-0.042,-0.351,-5.508,1.282,2.4112589541600573,,2.4112589541600573
654,,,,,,,,,,,,,,,,,,,,,,,,,,,,475,Nick Robertson,BOS| LAN| SLN| TOR,RIGHT,RP,13.333333333333332,0,9,15,6,6,3,2,14,0,0,0,0,0,4.05,1.275,1,0,0.075,-2.292,-2.625,-0.501,-0.039,-0.051,-5.509,1.2809999999999997,2.409378096941523,,2.409378096941523
655,,,,,,,,,,,,,,,,,,,,,,,,,,,,476,Mike Baumann,BAL| ANA| MIA| SEA| SFN,RIGHT,RP,58.333333333333336,0,57,59,40,36,9,28,58,3,1,0,0,0,5.554,1.491,7,3,0.12,-1.511,-1.676,-0.501,-0.989,-0.834,-5.511,1.279,2.4056163825044563,,2.4056163825044563
656,,,,,,,,,,,,,,,,,,,,,,,,,,,,477,Adam Cimber,CLE| MIA| TOR| ANA,RIGHT,RP,24.33333333333333,0,28,20,19,19,1,14,19,3,0,0,0,0,7.027,1.397,2,2,0.082,-1.511,-2.517,-0.501,-0.746,-0.237,-5.513,1.277,2.4018546680673896,,2.4018546680673896
657,,,,,,,,,,,,,,,,,,,,,,,,,,,,478,Jimmy Herget,COL| TEX| ANA| ATL,RIGHT,RP,12.333333333333332,0,8,13,6,6,2,3,15,0,1,0,0,0,4.378,1.297,2,0,0.162,-2.292,-2.603,-0.501,-0.074,-0.061,-5.531,1.2590000000000003,2.3679992381337853,,2.3679992381337853
658,,,,,,,,,,,,,,,,,,,,,,,,,,,,479,Abner Uribe,MIL,RIGHT,RP,14.333333333333334,0,14,15,11,11,1,12,14,2,2,3,0,0,6.907,1.884,0,0,0.0,-1.772,-2.625,-0.238,-0.423,-0.476,-5.534,1.2560000000000002,2.3623566664781843,,2.3623566664781843
659,,,,,,,,,,,,,,,,,,,,,,,,,,,,480,Zach Pop,NYN| SEA| MIA| TOR,RIGHT,RP,48.33333333333332,0,58,45,36,30,9,19,33,2,4,1,0,0,5.586,1.324,3,0,0.062,-1.772,-2.215,-0.413,-0.834,-0.301,-5.535,1.255,2.36047580925965,,2.36047580925965
660,,,,,,,,,,,,,,,,,,,,,,,,,,,,481,Tyler Phillips,MIA| PHI,RIGHT,SP,36.66666666666666,7,8,45,28,28,9,7,28,4,1,0,0,0,6.873,1.418,4,0,0.109,-1.251,-2.323,-0.501,-1.071,-0.394,-5.541,1.2489999999999997,2.349190665948448,,2.349190665948448
661,,,,,,,,,,,,,,,,,,,,,,,,,,,,482,Mason Englert,TBA| DET,RIGHT,RP,21.666666666666668,1,12,23,15,13,4,5,16,1,0,0,0,0,5.4,1.292,1,1,0.046,-2.032,-2.582,-0.501,-0.336,-0.102,-5.552,1.2380000000000004,2.32850123654458,,2.32850123654458
662,163,Luis Rengifo,ANA,77,2,SWITCH,304,283,85,40,6,30,16,24,7,0.3,2B| 3B,-1.774,-1.581,-1.978,1.049,0.933,-3.351,0.8739999999999997,4.225,2.32476059765465,,,,,,,,,,,,,,,,,,,,,,,,,,,,,,,,,,,2.32476059765465
663,139,Nolan Schanuel,ANA,146,1,LEFT,607,519,130,62,13,54,68,10,1,0.25,1B,-0.562,-0.798,-0.774,-0.146,-0.279,-2.56,0.8700000000000001,3.43,2.314120961052113,,,,,,,,,,,,,,,,,,,,,,,,,,,,,,,,,,,2.314120961052113
664,,,,,,,,,,,,,,,,,,,,,,,,,,,,483,Kyle Nelson,ARI| CLE,LEFT,RP,10.666666666666666,0,11,8,5,5,2,4,8,0,0,0,0,0,4.219,1.125,0,0,0.0,-2.292,-2.754,-0.501,-0.048,0.036,-5.56,1.2300000000000004,2.3134543787963118,,2.3134543787963118
665,,,,,,,,,,,,,,,,,,,,,,,,,,,,484,Logan Allen,CLE,LEFT,SP,97.33333333333331,20,20,113,63,62,22,41,79,8,5,0,0,0,5.733,1.582,3,2,0.031,-0.21,-1.223,-0.501,-1.812,-1.817,-5.562,1.2279999999999998,2.309692664359243,,2.309692664359243
666,,,,,,,,,,,,,,,,,,,,,,,,,,,,485,Dany Jimenez,SFN| OAK,RIGHT,RP,25.666666666666664,0,25,21,18,14,6,19,25,1,3,1,0,0,4.909,1.558,0,0,0.0,-2.032,-2.387,-0.413,-0.281,-0.45,-5.564,1.226,2.305930949922176,,2.305930949922176
667,,,,,,,,,,,,,,,,,,,,,,,,,,,,486,Casey Mize,DET,RIGHT,SP,102.33333333333331,20,22,121,57,51,11,29,78,2,6,0,0,0,4.485,1.466,11,4,0.107,-1.772,-1.244,-0.501,-0.717,-1.336,-5.57,1.2199999999999998,2.2946458066109745,,2.2946458066109745
668,,,,,,,,,,,,,,,,,,,,,,,,,,,,488,Max Lazar,PHI,RIGHT,RP,13.666666666666664,0,11,13,7,7,2,2,9,0,0,0,0,0,4.61,1.098,0,0,0.0,-2.292,-2.733,-0.501,-0.112,0.064,-5.573,1.2169999999999996,2.289003234955373,,2.289003234955373
669,,,,,,,,,,,,,,,,,,,,,,,,,,,,487,Brock Burke,ANA| TEX,LEFT,RP,34.0,1,34,37,22,22,4,16,41,2,1,0,0,0,5.824,1.559,2,0,0.059,-1.772,-2.042,-0.501,-0.662,-0.596,-5.573,1.2169999999999996,2.289003234955373,,2.289003234955373
670,,,,,,,,,,,,,,,,,,,,,,,,,,,,489,Justin Wilson,BOS| NYN| CIN| NYA,LEFT,RP,46.66666666666666,0,60,55,30,29,10,13,51,1,5,2,0,0,5.593,1.457,4,2,0.086,-2.032,-1.827,-0.326,-0.808,-0.59,-5.582,1.2080000000000002,2.2720755199885723,,2.2720755199885723
671,,,,,,,,,,,,,,,,,,,,,,,,,,,,490,Yosver Zulueta,CIN,RIGHT,RP,16.333333333333332,0,12,15,10,9,2,7,20,0,0,0,0,0,4.959,1.347,0,0,0.0,-2.292,-2.495,-0.501,-0.186,-0.12,-5.595,1.1950000000000005,2.247624376147636,,2.247624376147636
672,,,,,,,,,,,,,,,,,,,,,,,,,,,,491,Josh Fleming,TBA| PIT,LEFT,SP| RP,31.33333333333333,3,25,34,18,14,3,14,17,1,1,1,0,0,4.021,1.532,2,2,0.064,-2.032,-2.56,-0.413,-0.084,-0.509,-5.599,1.1909999999999998,2.2401009472735005,,2.2401009472735005
673,,,,,,,,,,,,,,,,,,,,,,,,,,,,492,Jonathan Hernandez,TEX| SEA,RIGHT,RP,43.33333333333334,1,29,41,28,26,6,28,39,3,1,0,0,0,5.4,1.592,4,1,0.092,-1.511,-2.085,-0.501,-0.672,-0.83,-5.6,1.1900000000000004,2.238220090054968,,2.238220090054968
674,,,,,,,,,,,,,,,,,,,,,,,,,,,,493,Joe La Sorsa,CIN| TBA| WAS,LEFT,RP,17.666666666666668,0,16,17,9,9,4,5,14,0,0,0,0,0,4.585,1.245,4,1,0.226,-2.292,-2.625,-0.501,-0.14,-0.043,-5.601,1.189,2.2363392328364338,,2.2363392328364338
675,,,,,,,,,,,,,,,,,,,,,,,,,,,,494,Max Meyer,MIA,RIGHT,SP,57.0,11,11,62,38,36,14,19,46,3,5,0,0,0,5.684,1.421,3,2,0.053,-1.511,-1.934,-0.501,-1.035,-0.621,-5.603,1.1870000000000005,2.232577518399367,,2.232577518399367
676,,,,,,,,,,,,,,,,,,,,,,,,,,,,495,Davis Martin,CHA,RIGHT,SP,49.99999999999999,10,11,50,25,24,5,23,47,0,5,0,0,0,4.32,1.46,2,3,0.04,-2.292,-1.913,-0.501,-0.274,-0.639,-5.618,1.1719999999999997,2.204364660121362,,2.204364660121362
677,,,,,,,,,,,,,,,,,,,,,,,,,,,,496,John Brebbia,ATL| DET| SFN| CHA,RIGHT,RP,55.33333333333333,0,59,56,36,36,11,19,67,0,6,2,0,0,5.855,1.355,4,1,0.072,-2.292,-1.482,-0.326,-1.093,-0.428,-5.621,1.1689999999999996,2.198722088465761,,2.198722088465761
678,,,,,,,,,,,,,,,,,,,,,,,,,,,,497,Kumar Rocker,TEX,RIGHT,SP,11.666666666666668,3,3,12,6,5,1,6,14,0,2,0,0,0,3.857,1.543,1,0,0.086,-2.292,-2.625,-0.501,-0.014,-0.196,-5.627,1.1630000000000005,2.1874369451545608,,2.1874369451545608
679,,,,,,,,,,,,,,,,,,,,,,,,,,,,498,Carson Spiers,CIN,RIGHT,SP| RP,90.66666666666666,10,22,112,59,55,20,27,80,5,7,0,0,0,5.46,1.533,2,2,0.022,-0.991,-1.201,-0.501,-1.457,-1.478,-5.628,1.162,2.1855560879360265,,2.1855560879360265
680,223,Max Schuemann,ATH| OAK,129,9,RIGHT,459,396,87,53,7,34,47,14,1,0.22,SS| 3B,-1.058,-1.469,-1.778,0.195,-1.151,-5.26,0.8200000000000003,6.08,2.181125503520383,,,,,,,,,,,,,,,,,,,,,,,,,,,,,,,,,,,2.181125503520383
681,224,Orlando Arcia,ATL| COL| MIL,157,9,RIGHT,602,551,120,50,17,46,41,2,0,0.218,SS,-1.223,-0.351,-1.176,-0.829,-1.682,-5.261,0.819,6.08,2.1784655943697477,,,,,,,,,,,,,,,,,,,,,,,,,,,,,,,,,,,2.1784655943697477
682,170,Andy Pages,LAN,115,5,RIGHT,443,403,100,65,13,46,29,1,2,0.248,RF| CF,-0.397,-0.798,-1.176,-0.915,-0.289,-3.575,0.8129999999999997,4.388,2.162506139465939,,,,,,,,,,,,,,,,,,,,,,,,,,,,,,,,,,,2.162506139465939
683,165,Otto Lopez,MIA| TOR,113,6,RIGHT,434,403,109,48,6,39,25,19,4,0.27,2B,-1.333,-1.581,-1.527,0.622,0.403,-3.416,0.8089999999999997,4.225,2.1518665028634003,,,,,,,,,,,,,,,,,,,,,,,,,,,,,,,,,,,2.1518665028634003
684,,,,,,,,,,,,,,,,,,,,,,,,,,,,499,Giovanny Gallegos,SLN,RIGHT,RP,20.666666666666668,0,21,24,15,15,6,10,21,2,1,1,0,0,6.532,1.645,2,0,0.097,-1.772,-2.474,-0.413,-0.538,-0.448,-5.646,1.144,2.1517006580024227,,2.1517006580024227
685,,,,,,,,,,,,,,,,,,,,,,,,,,,,500,Triston McKenzie,CLE,RIGHT,SP,75.66666666666666,16,16,69,46,43,19,49,74,3,5,0,0,0,5.114,1.56,9,0,0.119,-1.511,-1.331,-0.501,-0.973,-1.329,-5.646,1.144,2.1517006580024227,,2.1517006580024227
686,,,,,,,,,,,,,,,,,,,,,,,,,,,,501,Guillo Zuniga,SLN| ANA,RIGHT,RP,17.666666666666664,0,15,16,10,10,5,8,12,0,0,2,0,0,5.094,1.359,2,0,0.113,-2.292,-2.668,-0.326,-0.224,-0.139,-5.649,1.141,2.1460580863468217,,2.1460580863468217
687,,,,,,,,,,,,,,,,,,,,,,,,,,,,502,Patrick Sandoval,ANA,LEFT,SP,79.66666666666666,16,16,85,49,45,8,35,81,2,8,0,0,0,5.084,1.506,4,2,0.05,-1.772,-1.18,-0.501,-1.002,-1.195,-5.65,1.1399999999999997,2.1441772291282875,,2.1441772291282875
688,,,,,,,,,,,,,,,,,,,,,,,,,,,,503,Josh Rogers,WAS| COL,LEFT,RP,11.0,0,6,15,8,8,1,3,3,2,0,0,0,0,6.545,1.636,0,0,0.0,-1.772,-2.862,-0.501,-0.288,-0.234,-5.657,1.133,2.131011228598553,,2.131011228598553
689,,,,,,,,,,,,,,,,,,,,,,,,,,,,504,Gabe Speier,SEA| KCA,LEFT,RP,23.666666666666668,0,29,19,15,15,2,14,33,0,2,0,0,0,5.704,1.394,5,0,0.211,-2.292,-2.215,-0.501,-0.434,-0.227,-5.67,1.12,2.1065600847576165,,2.1065600847576165
690,,,,,,,,,,,,,,,,,,,,,,,,,,,,505,Jacob Lopez,ATH| TBA,LEFT,RP,10.333333333333332,1,4,5,7,6,2,7,8,0,0,0,0,0,5.226,1.161,4,0,0.387,-2.292,-2.754,-0.501,-0.144,0.017,-5.674,1.1159999999999997,2.099036655883481,,2.099036655883481
691,,,,,,,,,,,,,,,,,,,,,,,,,,,,506,Gerson Garabito,TEX,RIGHT,RP,26.33333333333333,2,18,23,15,14,4,12,22,0,2,0,0,0,4.785,1.329,3,0,0.114,-2.292,-2.452,-0.501,-0.258,-0.17,-5.674,1.1159999999999997,2.099036655883481,,2.099036655883481
692,,,,,,,,,,,,,,,,,,,,,,,,,,,,507,Cody Bolton,CLE| PIT| SEA,RIGHT,RP,18.666666666666664,0,17,18,11,9,3,9,17,0,0,0,0,0,4.339,1.446,1,1,0.054,-2.292,-2.56,-0.501,-0.105,-0.226,-5.685,1.1050000000000004,2.078347226479613,,2.078347226479613
693,,,,,,,,,,,,,,,,,,,,,,,,,,,,508,Jaden Hill,COL,RIGHT,RP,10.666666666666668,0,9,8,7,6,2,4,6,0,0,0,0,0,5.062,1.125,5,0,0.469,-2.292,-2.797,-0.501,-0.132,0.036,-5.687,1.1029999999999998,2.0745855120425447,,2.0745855120425447
694,,,,,,,,,,,,,,,,,,,,,,,,,,,,509,Diego Castillo,TBA| SEA| MIN,RIGHT,RP,10.0,0,7,8,3,3,0,8,6,0,0,0,0,0,2.7,1.6,1,0,0.1,-2.292,-2.797,-0.501,0.096,-0.195,-5.69,1.0999999999999996,2.068942940386944,,2.068942940386944
695,,,,,,,,,,,,,,,,,,,,,,,,,,,,510,Rafael Montero,ATL| DET| HOU| TEX| SEA,RIGHT,RP,38.33333333333333,0,41,35,21,20,8,19,23,1,2,0,0,0,4.696,1.409,8,2,0.209,-2.032,-2.431,-0.501,-0.344,-0.395,-5.702,1.088,2.046372653764541,,2.046372653764541
696,,,,,,,,,,,,,,,,,,,,,,,,,,,,511,Jake Bird,COL| NYA,RIGHT,RP,39.99999999999999,0,35,43,21,20,5,25,31,2,2,1,0,0,4.5,1.7,4,2,0.1,-1.772,-2.258,-0.413,-0.286,-0.974,-5.703,1.0869999999999995,2.044491796546007,,2.044491796546007
697,,,,,,,,,,,,,,,,,,,,,,,,,,,,512,Brock Stewart,LAN| MIN,RIGHT,RP,15.666666666666666,0,16,15,9,9,2,8,20,0,0,0,0,0,5.17,1.468,2,0,0.128,-2.292,-2.495,-0.501,-0.21,-0.206,-5.704,1.0860000000000003,2.0426109393274747,,2.0426109393274747
698,,,,,,,,,,,,,,,,,,,,,,,,,,,,513,Alex Lange,DET,RIGHT,RP,18.666666666666664,0,21,16,16,9,0,17,21,0,3,2,0,0,4.339,1.768,1,1,0.054,-2.292,-2.474,-0.326,-0.105,-0.515,-5.713,1.077,2.025683224360672,,2.025683224360672
699,,,,,,,,,,,,,,,,,,,,,,,,,,,,514,Ryder Ryan,SEA| PIT,RIGHT,RP,20.666666666666668,0,15,21,14,13,2,9,17,1,0,0,0,0,5.661,1.452,3,0,0.145,-2.032,-2.56,-0.501,-0.371,-0.256,-5.72,1.0700000000000005,2.012517223830937,,2.012517223830937
700,,,,,,,,,,,,,,,,,,,,,,,,,,,,515,Ray Kerr,SDN| ATL,LEFT,RP,22.33333333333333,2,10,29,14,14,4,7,27,1,2,0,0,0,5.642,1.612,5,1,0.224,-2.032,-2.344,-0.501,-0.397,-0.449,-5.723,1.0670000000000002,2.0068746521753367,,2.0068746521753367
701,,,,,,,,,,,,,,,,,,,,,,,,,,,,516,Julian Aguiar,CIN,RIGHT,SP,31.666666666666668,7,7,30,22,22,8,12,19,2,1,0,0,0,6.253,1.326,1,0,0.032,-1.772,-2.517,-0.501,-0.743,-0.2,-5.733,1.0570000000000004,1.988066079990001,,1.988066079990001
702,,,,,,,,,,,,,,,,,,,,,,,,,,,,517,Anthony Maldonado,ATH| MIA,RIGHT,RP,19.0,1,16,21,12,12,1,7,11,1,1,1,0,0,5.684,1.474,2,1,0.105,-2.032,-2.689,-0.413,-0.345,-0.255,-5.735,1.0549999999999995,1.9843043655529329,,1.9843043655529329
703,,,,,,,,,,,,,,,,,,,,,,,,,,,,518,Adam Oller,OAK| MIA,RIGHT,SP,42.333333333333336,8,8,43,25,25,7,22,36,2,4,0,0,0,5.315,1.535,1,2,0.024,-1.772,-2.15,-0.501,-0.623,-0.695,-5.741,1.0490000000000004,1.973019222241732,,1.973019222241732
704,,,,,,,,,,,,,,,,,,,,,,,,,,,,519,Yoendrys Gomez,CHA| LAN| NYA,RIGHT,RP,11.333333333333334,0,5,11,5,5,2,7,10,0,0,0,0,0,3.971,1.588,0,0,0.0,-2.292,-2.711,-0.501,-0.025,-0.215,-5.744,1.0460000000000005,1.9673766505861316,,1.9673766505861316
705,,,,,,,,,,,,,,,,,,,,,,,,,,,,520,Humberto Castellanos,HOU| ARI,RIGHT,RP,10.333333333333334,0,7,11,6,6,0,4,7,0,0,1,0,0,5.226,1.452,1,0,0.097,-2.292,-2.776,-0.413,-0.144,-0.128,-5.753,1.037,1.9504489356193284,,1.9504489356193284
706,174,Sal Frelick,MIL,143,7,LEFT,524,475,123,66,2,32,39,18,3,0.259,RF| CF| LF,-0.341,-2.028,-1.878,0.536,0.054,-3.657,0.7309999999999999,4.388,1.9443935891139013,,,,,,,,,,,,,,,,,,,,,,,,,,,,,,,,,,,1.9443935891139013
707,,,,,,,,,,,,,,,,,,,,,,,,,,,,521,Chase Anderson,TOR| PHI| CIN| COL| TBA| BOS| TEX,RIGHT,RP,58.333333333333336,1,29,55,41,35,12,21,42,0,2,3,0,0,5.4,1.303,7,1,0.12,-2.292,-2.021,-0.238,-0.905,-0.303,-5.76,1.0300000000000002,1.937282935089594,,1.937282935089594
708,,,,,,,,,,,,,,,,,,,,,,,,,,,,522,Luis Medina,OAK,RIGHT,SP,40.0,8,8,43,24,23,4,20,32,2,4,0,0,0,5.175,1.575,1,1,0.025,-1.772,-2.236,-0.501,-0.537,-0.733,-5.779,1.011,1.901546647937456,,1.901546647937456
709,,,,,,,,,,,,,,,,,,,,,,,,,,,,523,Tyler Mahle,TEX| CIN| MIN,RIGHT,SP,12.666666666666668,3,3,14,7,7,1,4,10,0,1,0,0,0,4.974,1.421,2,0,0.158,-2.292,-2.711,-0.501,-0.146,-0.138,-5.789,1.0010000000000003,1.88273807575212,,1.88273807575212
710,,,,,,,,,,,,,,,,,,,,,,,,,,,,524,Sean Newcomb,ATH| BOS| ATL| CHN| OAK,LEFT,RP,10.0,0,7,9,7,7,2,8,7,1,0,0,0,0,6.3,1.7,3,2,0.3,-2.032,-2.776,-0.501,-0.239,-0.243,-5.791,0.9989999999999996,1.878976361315052,,1.878976361315052
711,,,,,,,,,,,,,,,,,,,,,,,,,,,,525,Justin Wrobleski,LAN,LEFT,SP,36.33333333333333,6,8,34,24,23,9,16,26,1,2,1,0,0,5.697,1.376,3,2,0.083,-2.032,-2.366,-0.413,-0.664,-0.317,-5.793,0.997,1.875214646877985,,1.875214646877985
712,,,,,,,,,,,,,,,,,,,,,,,,,,,,526,Nick Mears,MIL| PIT| COL,RIGHT,RP,57.66666666666664,0,54,61,40,38,7,24,75,1,5,0,0,0,5.931,1.474,4,1,0.069,-2.032,-1.309,-0.501,-1.179,-0.776,-5.797,0.9930000000000004,1.8676912180038516,,1.8676912180038516
713,,,,,,,,,,,,,,,,,,,,,,,,,,,,527,Ryan Miller,ANA,RIGHT,RP,12.999999999999998,0,13,13,7,6,2,8,11,0,1,0,0,0,4.154,1.615,1,1,0.077,-2.292,-2.689,-0.501,-0.051,-0.263,-5.797,0.9930000000000004,1.8676912180038516,,1.8676912180038516
714,263,Jacob Stallings,BAL| COL| PIT| MIA,79,6,RIGHT,281,243,64,31,9,36,27,0,0,0.263,CC,-2.27,-1.246,-1.677,-1.0,0.11,-6.083,0.6989999999999998,6.782,1.8592764962935933,,,,,,,,,,,,,,,,,,,,,,,,,,,,,,,,,,,1.8592764962935933
715,,,,,,,,,,,,,,,,,,,,,,,,,,,,528,George Soriano,MIA,RIGHT,RP,29.33333333333333,0,22,27,23,22,7,13,29,1,1,1,0,0,6.75,1.364,2,0,0.068,-2.032,-2.301,-0.413,-0.824,-0.238,-5.809,0.981,1.845120931381448,,1.845120931381448
716,,,,,,,,,,,,,,,,,,,,,,,,,,,,529,Caleb Kilian,CHN,RIGHT,P,10.666666666666668,1,2,11,6,5,2,6,7,0,1,0,0,0,4.219,1.594,2,0,0.187,-2.292,-2.776,-0.501,-0.048,-0.205,-5.822,0.968,1.8206697875405111,,1.8206697875405111
717,,,,,,,,,,,,,,,,,,,,,,,,,,,,530,Steven Matz,BOS| SLN| NYN| TOR,LEFT,SP| RP,44.33333333333333,7,12,49,28,25,7,15,33,1,2,0,0,0,5.075,1.444,2,1,0.045,-2.032,-2.215,-0.501,-0.554,-0.531,-5.833,0.957,1.7999803581366414,,1.7999803581366414
718,,,,,,,,,,,,,,,,,,,,,,,,,,,,531,Sam Aldegheri,ANA,LEFT,SP,13.0,3,3,15,12,7,2,10,10,1,2,0,0,0,4.846,1.923,1,0,0.077,-2.032,-2.711,-0.501,-0.135,-0.456,-5.835,0.955,1.7962186436995746,,1.7962186436995746
719,,,,,,,,,,,,,,,,,,,,,,,,,,,,532,Josh Walker,TOR| NYN,LEFT,RP,12.333333333333334,0,10,13,7,7,1,6,11,0,0,0,0,0,5.108,1.54,1,0,0.081,-2.292,-2.689,-0.501,-0.158,-0.205,-5.846,0.944,1.775529214295705,,1.775529214295705
720,,,,,,,,,,,,,,,,,,,,,,,,,,,,533,Randy Vasquez,SDN| NYA,RIGHT,SP,98.0,20,20,119,56,53,13,29,62,4,7,0,0,0,4.867,1.51,12,4,0.122,-1.251,-1.589,-0.501,-1.035,-1.489,-5.866,0.9240000000000004,1.737912069925034,,1.737912069925034
721,,,,,,,,,,,,,,,,,,,,,,,,,,,,534,Tyler Wells,BAL,RIGHT,SP,15.333333333333332,3,3,18,11,10,3,3,13,0,2,0,0,0,5.87,1.37,1,0,0.065,-2.292,-2.646,-0.501,-0.305,-0.129,-5.874,0.9160000000000004,1.7228652121767654,,1.7228652121767654
722,,,,,,,,,,,,,,,,,,,,,,,,,,,,535,DL Hall,MIL| BAL,LEFT,SP| RP,43.0,7,13,48,26,24,6,21,44,1,2,0,0,0,5.023,1.605,2,0,0.047,-2.032,-1.978,-0.501,-0.517,-0.849,-5.876,0.9139999999999996,1.7191034977396968,,1.7191034977396968
723,,,,,,,,,,,,,,,,,,,,,,,,,,,,536,Carlos Carrasco,ATL| NYA| CLE| NYN,RIGHT,SP,103.66666666666666,21,21,112,68,65,19,33,89,3,10,0,0,0,5.643,1.399,7,4,0.068,-1.511,-1.007,-0.501,-1.843,-1.018,-5.881,0.9089999999999998,1.709699211647029,,1.709699211647029
724,,,,,,,,,,,,,,,,,,,,,,,,,,,,537,Marco Gonzales,SEA| PIT,LEFT,SP,33.666666666666664,7,7,43,17,17,5,11,23,1,1,0,0,0,4.545,1.604,2,0,0.059,-2.032,-2.431,-0.501,-0.254,-0.664,-5.882,0.9080000000000004,1.7078183544284966,,1.7078183544284966
725,,,,,,,,,,,,,,,,,,,,,,,,,,,,538,Joey Lucchesi,SFN| SDN| NYN,LEFT,P,10.333333333333332,2,2,8,6,6,1,8,7,0,2,0,0,0,5.226,1.548,0,0,0.0,-2.292,-2.776,-0.501,-0.144,-0.176,-5.889,0.9009999999999998,1.6946523538987606,,1.6946523538987606
726,171,Ozzie Albies,ATL,99,2,SWITCH,435,399,100,52,10,53,27,8,1,0.251,2B,-1.113,-1.134,-0.825,-0.317,-0.21,-3.598,0.6269999999999998,4.225,1.667763037447901,,,,,,,,,,,,,,,,,,,,,,,,,,,,,,,,,,,1.667763037447901
727,,,,,,,,,,,,,,,,,,,,,,,,,,,,539,Chris Devenski,NYN| HOU| ARI| PHI| ANA| TBA,RIGHT,RP,26.66666666666667,0,19,28,25,20,9,14,24,2,1,0,0,0,6.75,1.575,6,0,0.225,-1.772,-2.409,-0.501,-0.749,-0.488,-5.919,0.8710000000000004,1.638226637342754,,1.638226637342754
728,,,,,,,,,,,,,,,,,,,,,,,,,,,,540,Colten Brewer,BOS| NYA| CHN,RIGHT,RP,20.666666666666668,0,16,24,16,13,1,9,22,0,0,1,0,0,5.661,1.597,7,2,0.339,-2.292,-2.452,-0.413,-0.371,-0.4,-5.929,0.8609999999999998,1.619418065157417,,1.619418065157417
729,,,,,,,,,,,,,,,,,,,,,,,,,,,,541,Elieser Hernandez,MIA| LAN| MIL,RIGHT,RP,15.666666666666666,1,9,14,11,11,5,5,8,0,1,0,0,0,6.319,1.213,0,1,0.0,-2.292,-2.754,-0.501,-0.377,-0.013,-5.938,0.8520000000000003,1.6024903501906158,,1.6024903501906158
730,178,Starling Marte,NYN| ARI| MIA| OAK,92,2,RIGHT,370,335,90,45,7,40,27,16,1,0.269,RF,-1.498,-1.469,-1.477,0.366,0.288,-3.79,0.5979999999999999,4.388,1.5906256720794978,,,,,,,,,,,,,,,,,,,,,,,,,,,,,,,,,,,1.5906256720794978
731,,,,,,,,,,,,,,,,,,,,,,,,,,,,542,Kirby Snead,TOR| OAK| SEA,LEFT,RP,10.333333333333332,0,11,12,5,5,0,7,7,0,0,0,0,0,4.355,1.839,2,2,0.194,-2.292,-2.776,-0.501,-0.06,-0.321,-5.95,0.8399999999999999,1.5799200635682118,,1.5799200635682118
732,270,Bo Naylor,CLE,118,8,LEFT,389,354,71,39,13,39,29,6,3,0.201,CC,-1.829,-0.798,-1.527,-0.488,-1.549,-6.192,0.5899999999999999,6.782,1.5693463988744207,,,,,,,,,,,,,,,,,,,,,,,,,,,,,,,,,,,1.5693463988744207
733,,,,,,,,,,,,,,,,,,,,,,,,,,,,543,Chad Kuhl,PIT| COL| WAS| CHA,RIGHT,RP,53.33333333333333,1,31,56,33,30,5,25,54,0,2,1,0,0,5.062,1.519,1,1,0.019,-2.292,-1.762,-0.413,-0.66,-0.832,-5.96,0.8300000000000001,1.5611114913828763,,1.5611114913828763
734,,,,,,,,,,,,,,,,,,,,,,,,,,,,544,Joely Rodriguez,TEX| NYA| NYN| BOS,LEFT,RP,13.666666666666666,0,14,19,13,9,3,2,12,0,1,0,0,0,5.927,1.537,2,0,0.146,-2.292,-2.668,-0.501,-0.279,-0.225,-5.965,0.8250000000000002,1.5517072052902088,,1.5517072052902088
735,173,Gavin Lux,CIN| LAN,138,8,LEFT,487,439,110,59,10,50,44,5,2,0.251,2B,-0.727,-1.134,-0.975,-0.573,-0.233,-3.642,0.5829999999999997,4.225,1.5507270348199782,,,,,,,,,,,,,,,,,,,,,,,,,,,,,,,,,,,1.5507270348199782
736,,,,,,,,,,,,,,,,,,,,,,,,,,,,545,Nick Avila,SFN,RIGHT,RP,11.666666666666668,0,8,17,12,11,2,3,14,1,0,0,0,0,8.486,1.714,1,1,0.086,-2.032,-2.625,-0.501,-0.516,-0.292,-5.966,0.8239999999999998,1.5498263480716743,,1.5498263480716743
737,180,Jake Meyers,HOU,138,7,RIGHT,513,461,101,51,13,61,35,11,2,0.219,CF,-1.168,-0.798,-0.423,-0.061,-1.361,-3.811,0.577,4.388,1.534767579916171,,,,,,,,,,,,,,,,,,,,,,,,,,,,,,,,,,,1.534767579916171
738,,,,,,,,,,,,,,,,,,,,,,,,,,,,546,Deivi Garcia,NYA| CHA,RIGHT,RP,14.0,0,14,16,16,11,2,11,15,1,2,1,0,0,7.071,1.929,1,1,0.071,-2.032,-2.603,-0.413,-0.435,-0.495,-5.979,0.8109999999999999,1.525375204230738,,1.525375204230738
739,,,,,,,,,,,,,,,,,,,,,,,,,,,,547,Davis Daniel,ATL| ANA,RIGHT,SP,30.33333333333333,6,6,39,22,21,5,6,28,1,4,0,0,0,6.231,1.484,2,2,0.066,-2.032,-2.323,-0.501,-0.705,-0.422,-5.983,0.8070000000000004,1.5178517753566043,,1.5178517753566043
740,,,,,,,,,,,,,,,,,,,,,,,,,,,,548,Tanner Rainey,DET| PIT| WAS,RIGHT,RP,50.99999999999999,0,50,47,28,27,8,29,44,0,0,0,0,0,4.765,1.49,4,1,0.078,-2.292,-1.978,-0.501,-0.49,-0.726,-5.987,0.8029999999999999,1.5103283464824693,,1.5103283464824693
741,,,,,,,,,,,,,,,,,,,,,,,,,,,,549,Julian Merryweather,CHN| TOR,RIGHT,RP,15.0,0,15,18,11,11,0,9,14,1,1,0,0,0,6.6,1.8,3,0,0.2,-2.032,-2.625,-0.501,-0.4,-0.437,-5.995,0.7949999999999999,1.4952814887342007,,1.4952814887342007
742,,,,,,,,,,,,,,,,,,,,,,,,,,,,550,Matt Manning,DET,RIGHT,SP,27.666666666666668,5,5,31,15,15,3,12,23,0,1,0,0,0,4.88,1.554,2,1,0.072,-2.292,-2.431,-0.501,-0.295,-0.479,-5.998,0.7919999999999998,1.4896389170785995,,1.4896389170785995
743,,,,,,,,,,,,,,,,,,,,,,,,,,,,551,Logan Gillaspie,SDN| BAL,RIGHT,RP,11.333333333333332,0,9,15,9,9,2,0,7,0,0,0,0,0,7.147,1.323,0,0,0.0,-2.292,-2.776,-0.501,-0.36,-0.07,-5.999,0.7910000000000004,1.487758059860067,,1.487758059860067
744,,,,,,,,,,,,,,,,,,,,,,,,,,,,552,Jordan Wicks,CHN,LEFT,SP,46.0,10,11,55,31,28,9,20,42,2,4,0,0,0,5.478,1.63,5,1,0.109,-1.772,-2.021,-0.501,-0.747,-0.966,-6.006,0.7839999999999998,1.474592059330331,,1.474592059330331
745,,,,,,,,,,,,,,,,,,,,,,,,,,,,553,Steven Wilson,CHA| SDN,RIGHT,RP,34.666666666666664,0,40,29,29,22,8,26,34,1,6,0,0,0,5.712,1.587,3,1,0.087,-2.032,-2.193,-0.501,-0.638,-0.654,-6.019,0.7709999999999999,1.4501409154893945,,1.4501409154893945
746,,,,,,,,,,,,,,,,,,,,,,,,,,,,554,Daniel Palencia,CHN,RIGHT,RP,14.666666666666666,0,10,14,11,10,0,12,16,0,1,1,0,0,6.136,1.773,0,0,0.0,-2.292,-2.582,-0.413,-0.328,-0.408,-6.024,0.766,1.4407366293967268,,1.4407366293967268
747,,,,,,,,,,,,,,,,,,,,,,,,,,,,555,Jay Jackson,SFN| ATL| TOR| MIN,RIGHT,RP,26.33333333333333,0,20,28,24,22,7,9,29,1,2,0,0,0,7.519,1.405,3,1,0.114,-2.032,-2.301,-0.501,-0.928,-0.267,-6.029,0.7610000000000001,1.431332343304059,,1.431332343304059
748,,,,,,,,,,,,,,,,,,,,,,,,,,,,556,J. P. Feyereisen,ARI| LAN| MIL| TBA,RIGHT,RP,11.0,0,10,11,10,10,3,5,9,0,1,1,0,0,8.182,1.454,0,0,0.0,-2.292,-2.733,-0.413,-0.455,-0.138,-6.031,0.7590000000000003,1.4275706288669925,,1.4275706288669925
749,182,Luis Robert,CHA,100,3,RIGHT,425,393,88,47,14,35,28,23,6,0.224,CF,-1.388,-0.687,-1.728,0.963,-1.014,-3.854,0.5339999999999998,4.388,1.4203914864388825,,,,,,,,,,,,,,,,,,,,,,,,,,,,,,,,,,,1.4203914864388825
750,,,,,,,,,,,,,,,,,,,,,,,,,,,,557,Logan Allen,CLE| BAL| ARI,LEFT,RP,28.000000000000004,0,12,32,17,17,3,10,21,0,1,1,0,0,5.464,1.5,3,0,0.107,-2.292,-2.474,-0.413,-0.451,-0.412,-6.042,0.7480000000000002,1.4068811994631227,,1.4068811994631227
751,,,,,,,,,,,,,,,,,,,,,,,,,,,,558,Ryan Borucki,PIT| TOR| SEA,LEFT,RP,11.000000000000002,0,14,14,10,9,2,4,13,0,0,0,0,0,7.364,1.636,1,0,0.091,-2.292,-2.646,-0.501,-0.372,-0.234,-6.045,0.7450000000000001,1.4012386278075215,,1.4012386278075215
752,,,,,,,,,,,,,,,,,,,,,,,,,,,,559,Joan Adon,WAS,RIGHT,RP,10.666666666666668,1,8,12,8,8,2,4,6,0,0,0,0,0,6.75,1.5,1,0,0.094,-2.292,-2.797,-0.501,-0.299,-0.157,-6.047,0.7430000000000003,1.397476913370455,,1.397476913370455
753,,,,,,,,,,,,,,,,,,,,,,,,,,,,560,Tyler Beede,SFN| PIT| CLE,RIGHT,RP,14.000000000000002,0,13,16,14,13,2,9,18,1,0,0,0,0,8.357,1.786,5,0,0.357,-2.032,-2.538,-0.501,-0.602,-0.399,-6.072,0.718,1.3504554829071147,,1.3504554829071147
754,,,,,,,,,,,,,,,,,,,,,,,,,,,,561,Matt Barnes,BOS| MIA| WAS,RIGHT,RP,13.333333333333332,0,14,16,11,10,1,4,10,0,0,0,0,0,6.75,1.5,4,0,0.3,-2.292,-2.711,-0.501,-0.374,-0.196,-6.075,0.7149999999999999,1.3448129112515137,,1.3448129112515137
755,,,,,,,,,,,,,,,,,,,,,,,,,,,,562,Jake Bloss,HOU,RIGHT,SP,11.666666666666666,3,3,16,9,9,5,3,11,0,1,0,0,0,6.943,1.629,5,0,0.429,-2.292,-2.689,-0.501,-0.348,-0.244,-6.075,0.7149999999999999,1.3448129112515137,,1.3448129112515137
756,,,,,,,,,,,,,,,,,,,,,,,,,,,,564,Zach Plesac,CLE| ANA,RIGHT,SP,12.0,3,3,12,11,11,4,7,5,1,1,0,0,0,8.25,1.583,1,0,0.083,-2.032,-2.819,-0.501,-0.504,-0.225,-6.081,0.7089999999999996,1.3335277679403117,,1.3335277679403117
757,,,,,,,,,,,,,,,,,,,,,,,,,,,,563,Parker Mushinski,HOU,LEFT,RP,11.0,0,10,11,10,8,1,5,3,0,0,0,0,0,6.545,1.454,2,0,0.182,-2.292,-2.862,-0.501,-0.288,-0.138,-6.081,0.7089999999999996,1.3335277679403117,,1.3335277679403117
758,,,,,,,,,,,,,,,,,,,,,,,,,,,,565,Emmanuel Ramirez,MIA,RIGHT,RP,20.666666666666664,0,15,21,17,16,3,8,21,0,1,0,0,0,6.968,1.403,1,1,0.048,-2.292,-2.474,-0.501,-0.622,-0.207,-6.097,0.6929999999999996,1.3034340524437742,,1.3034340524437742
759,273,Alejandro Kirk,TOR,101,6,RIGHT,386,340,86,23,5,54,35,0,0,0.253,CC,-2.711,-1.693,-0.774,-1.0,-0.118,-6.296,0.4859999999999997,6.782,1.2927158472084208,,,,,,,,,,,,,,,,,,,,,,,,,,,,,,,,,,,1.2927158472084208
760,,,,,,,,,,,,,,,,,,,,,,,,,,,,566,Sammy Peralta,ANA| CHA,LEFT,RP,15.0,0,9,21,9,8,2,7,11,0,0,0,0,0,4.8,1.867,1,1,0.067,-2.292,-2.689,-0.501,-0.149,-0.486,-6.117,0.673,1.2658169080731034,,1.2658169080731034
761,,,,,,,,,,,,,,,,,,,,,,,,,,,,567,Johnny Cueto,SFN| CHA| MIA| ANA,RIGHT,P,11.333333333333332,2,2,14,9,9,4,3,6,0,2,0,0,0,7.147,1.5,0,0,0.0,-2.292,-2.797,-0.501,-0.36,-0.167,-6.117,0.673,1.2658169080731034,,1.2658169080731034
762,,,,,,,,,,,,,,,,,,,,,,,,,,,,568,Joe Boyle,TBA| OAK,RIGHT,SP| RP,47.66666666666666,10,13,42,35,34,4,40,56,3,6,0,0,0,6.42,1.72,10,1,0.21,-1.511,-1.719,-0.501,-1.192,-1.207,-6.13,0.6600000000000001,1.241365764232167,,1.241365764232167
763,,,,,,,,,,,,,,,,,,,,,,,,,,,,569,Cole Winn,TEX,RIGHT,RP,17.333333333333336,0,13,18,15,15,2,4,14,0,1,0,0,0,7.788,1.269,2,0,0.115,-2.292,-2.625,-0.501,-0.654,-0.062,-6.134,0.6559999999999997,1.2338423353580317,,1.2338423353580317
764,183,James Wood,WAS,79,2,LEFT,336,295,78,43,9,41,39,14,8,0.264,LF,-1.609,-1.246,-1.427,0.195,0.157,-3.928,0.4599999999999999,4.388,1.2235582092919215,,,,,,,,,,,,,,,,,,,,,,,,,,,,,,,,,,,1.2235582092919215
765,,,,,,,,,,,,,,,,,,,,,,,,,,,,570,Keaton Winn,SFN,RIGHT,SP,55.33333333333333,12,12,56,44,44,9,20,48,3,8,0,0,0,7.157,1.373,7,3,0.127,-1.511,-1.891,-0.501,-1.763,-0.476,-6.143,0.6470000000000002,1.2169146203912304,,1.2169146203912304
766,,,,,,,,,,,,,,,,,,,,,,,,,,,,571,Brett de Geus,PHI| ARI| TEX| MIA| SEA| TOR,RIGHT,RP,11.333333333333332,0,13,14,10,9,0,4,7,0,2,0,0,0,7.147,1.588,1,1,0.088,-2.292,-2.776,-0.501,-0.36,-0.215,-6.144,0.6459999999999999,1.2150337631726964,,1.2150337631726964
767,,,,,,,,,,,,,,,,,,,,,,,,,,,,572,Miguel Castro,CHA| BAL| NYN| NYA| ARI,RIGHT,RP,13.666666666666668,0,11,20,9,9,3,3,8,0,0,0,0,0,5.927,1.683,0,0,0.0,-2.292,-2.754,-0.501,-0.279,-0.321,-6.148,0.6420000000000003,1.2075103342985627,,1.2075103342985627
768,,,,,,,,,,,,,,,,,,,,,,,,,,,,573,Bailey Horn,DET| BOS,LEFT,RP,18.0,0,18,22,14,13,5,10,13,1,1,0,0,0,6.5,1.778,2,0,0.111,-2.032,-2.646,-0.501,-0.464,-0.506,-6.148,0.6420000000000003,1.2075103342985627,,1.2075103342985627
769,,,,,,,,,,,,,,,,,,,,,,,,,,,,574,Thyago Vieira,MIL| ARI| BAL,RIGHT,RP,38.00000000000001,0,28,37,23,22,8,26,39,0,1,1,0,0,5.21,1.658,2,0,0.053,-2.292,-2.085,-0.413,-0.523,-0.848,-6.162,0.6280000000000001,1.1811783332390922,,1.1811783332390922
770,248,Edmundo Sosa,PHI| SLN,87,8,RIGHT,274,249,64,39,7,31,13,7,1,0.257,SS| 2B| 3B,-1.829,-1.469,-1.928,-0.403,-0.008,-5.637,0.4430000000000005,6.08,1.1783397537311346,,,,,,,,,,,,,,,,,,,,,,,,,,,,,,,,,,,1.1783397537311346
771,,,,,,,,,,,,,,,,,,,,,,,,,,,,575,Jose Cisnero,DET| ANA,RIGHT,RP,15.666666666666666,0,15,18,15,12,4,8,17,0,0,0,0,0,6.894,1.66,1,0,0.064,-2.292,-2.56,-0.501,-0.461,-0.351,-6.165,0.625,1.1755357615834912,,1.1755357615834912
772,,,,,,,,,,,,,,,,,,,,,,,,,,,,576,Jacob Waguespack,TOR| TBA,RIGHT,RP,10.0,1,4,13,7,6,1,10,11,0,0,0,0,0,5.4,2.3,3,0,0.3,-2.292,-2.689,-0.501,-0.155,-0.533,-6.171,0.6189999999999998,1.1642506182722892,,1.1642506182722892
773,275,Miguel Amaya,CHN,108,9,RIGHT,363,328,76,32,8,47,23,0,0,0.232,CC,-2.215,-1.357,-1.126,-1.0,-0.65,-6.348,0.4340000000000001,6.782,1.1544005713754222,,,,,,,,,,,,,,,,,,,,,,,,,,,,,,,,,,,1.1544005713754222
774,,,,,,,,,,,,,,,,,,,,,,,,,,,,577,Kenny Rosenberg,ANA,LEFT,RP,24.0,1,7,28,17,16,5,8,17,0,1,0,0,0,6.0,1.5,2,1,0.083,-2.292,-2.56,-0.501,-0.506,-0.353,-6.213,0.577,1.0852546150938789,,1.0852546150938789
775,,,,,,,,,,,,,,,,,,,,,,,,,,,,578,Kent Emanuel,HOU| MIA,LEFT,RP,17.666666666666664,0,12,20,14,13,4,7,12,0,0,0,0,0,6.623,1.528,0,0,0.0,-2.292,-2.668,-0.501,-0.475,-0.284,-6.22,0.5700000000000003,1.0720886145641444,,1.0720886145641444
776,,,,,,,,,,,,,,,,,,,,,,,,,,,,579,Aaron Brooks,SLN| OAK,RIGHT,SP,26.666666666666664,4,5,33,19,15,4,8,12,0,2,0,0,0,5.062,1.538,2,1,0.075,-2.292,-2.668,-0.501,-0.33,-0.44,-6.231,0.5590000000000002,1.0513991851602749,,1.0513991851602749
777,125,Giancarlo Stanton,NYA,114,5,RIGHT,459,417,97,49,27,72,38,0,0,0.233,DH,-1.278,0.766,0.129,-1.0,-0.797,-2.18,0.3925,2.5725,1.0440143416240857,,,,,,,,,,,,,,,,,,,,,,,,,,,,,,,,,,,1.0440143416240857
778,250,Kevin Newman,ANA| PIT| CIN| ARI,94,9,RIGHT,311,288,80,39,3,28,15,8,1,0.278,SS| 2B,-1.829,-1.916,-2.079,-0.317,0.45,-5.691,0.3890000000000002,6.08,1.0347046595968648,,,,,,,,,,,,,,,,,,,,,,,,,,,,,,,,,,,1.0347046595968648
779,,,,,,,,,,,,,,,,,,,,,,,,,,,,580,Brad Keller,CHN| KCA| BOS| CHA,RIGHT,RP,41.333333333333336,2,16,48,28,25,9,15,32,0,4,1,0,0,5.444,1.524,1,0,0.024,-2.292,-2.236,-0.413,-0.658,-0.656,-6.256,0.5339999999999998,1.0043777546969346,,1.0043777546969346
780,,,,,,,,,,,,,,,,,,,,,,,,,,,,581,Reid Detmers,ANA,LEFT,SP,87.33333333333333,17,17,98,67,65,18,38,109,4,9,0,0,0,6.699,1.557,14,3,0.16,-1.251,-0.576,-0.501,-2.41,-1.525,-6.263,0.5270000000000001,0.9912117541672,,0.9912117541672
781,,,,,,,,,,,,,,,,,,,,,,,,,,,,582,Caden Dana,ANA,RIGHT,SP,10.333333333333334,3,3,14,12,11,5,7,8,1,2,0,0,0,9.581,2.032,1,0,0.097,-2.032,-2.754,-0.501,-0.562,-0.417,-6.266,0.524,0.9855691825115992,,0.9855691825115992
782,280,Luis Campusano,SDN,87,8,RIGHT,299,277,63,37,8,40,20,0,0,0.227,CC,-1.939,-1.357,-1.477,-1.0,-0.64,-6.413,0.3689999999999998,6.782,0.9815064765841712,,,,,,,,,,,,,,,,,,,,,,,,,,,,,,,,,,,0.9815064765841712
783,,,,,,,,,,,,,,,,,,,,,,,,,,,,583,Kody Funderburk,MIN,LEFT,RP,34.66666666666667,0,27,41,26,25,4,15,32,1,0,1,0,0,6.49,1.615,5,1,0.144,-2.032,-2.236,-0.413,-0.89,-0.703,-6.274,0.516,0.9705223247633304,,0.9705223247633304
784,,,,,,,,,,,,,,,,,,,,,,,,,,,,584,Dallas Keuchel,CHA| ARI| TEX| MIN| MIL,LEFT,SP,16.666666666666664,4,4,23,10,10,3,8,11,0,0,0,0,0,5.4,1.86,4,0,0.24,-2.292,-2.689,-0.501,-0.259,-0.534,-6.276,0.5140000000000002,0.9667606103262636,,0.9667606103262636
785,281,Elias Diaz,SDN| COL,92,4,RIGHT,351,325,86,27,6,39,20,0,0,0.265,CC,-2.49,-1.581,-1.527,-1.0,0.179,-6.419,0.3630000000000004,6.782,0.9655470216803652,,,,,,,,,,,,,,,,,,,,,,,,,,,,,,,,,,,0.9655470216803652
786,,,,,,,,,,,,,,,,,,,,,,,,,,,,585,Yohan Ramirez,PIT| SEA| CLE| CHA| BAL| BOS| LAN| NYN,RIGHT,RP,45.0,0,38,49,35,31,4,17,45,0,5,1,0,0,6.2,1.467,3,0,0.067,-2.292,-1.956,-0.413,-1.033,-0.589,-6.284,0.5060000000000002,0.9517137525779948,,0.9517137525779948
787,,,,,,,,,,,,,,,,,,,,,,,,,,,,586,Carlos Rodriguez,MIL,RIGHT,SP,12.333333333333334,3,3,19,11,10,3,3,9,0,3,0,0,0,7.297,1.784,0,0,0.0,-2.292,-2.733,-0.501,-0.409,-0.35,-6.285,0.5049999999999999,0.9498328953594608,,0.9498328953594608
788,,,,,,,,,,,,,,,,,,,,,,,,,,,,587,Antonio Senzatela,COL,RIGHT,SP,12.333333333333332,3,3,15,10,9,3,8,7,0,1,0,0,0,6.568,1.865,2,1,0.162,-2.292,-2.776,-0.501,-0.325,-0.398,-6.293,0.4969999999999999,0.934786037611192,,0.934786037611192
789,282,Victor Caratini,HOU| CHN| SDN| MIL,86,9,SWITCH,274,245,66,30,8,30,23,0,1,0.269,CC,-2.325,-1.357,-1.978,-1.0,0.225,-6.436,0.3460000000000001,6.782,0.920328566119576,,,,,,,,,,,,,,,,,,,,,,,,,,,,,,,,,,,0.920328566119576
790,,,,,,,,,,,,,,,,,,,,,,,,,,,,588,Jose Suarez,ATL| ANA,LEFT,SP| RP,52.33333333333333,3,22,57,38,35,7,27,56,1,2,1,0,0,6.019,1.605,2,2,0.038,-2.032,-1.719,-0.413,-1.113,-1.035,-6.312,0.4779999999999997,0.8990497504590536,,0.8990497504590536
791,,,,,,,,,,,,,,,,,,,,,,,,,,,,589,Kenta Maeda,DET| MIN,RIGHT,SP| RP,112.33333333333336,17,29,124,80,76,22,31,96,3,7,0,0,0,6.089,1.38,11,4,0.098,-1.511,-0.856,-0.501,-2.463,-1.001,-6.333,0.4569999999999998,0.8595517488698484,,0.8595517488698484
792,,,,,,,,,,,,,,,,,,,,,,,,,,,,590,Nick Ramirez,DET| SDN| NYA| LAN,LEFT,RP,13.333333333333334,0,8,18,11,9,0,7,5,0,0,0,0,0,6.075,1.875,2,1,0.15,-2.292,-2.819,-0.501,-0.291,-0.437,-6.34,0.4500000000000002,0.846385748340114,,0.846385748340114
793,283,Korey Lee,CHA| HOU,117,9,RIGHT,394,377,79,35,12,37,17,6,3,0.21,CC,-2.049,-0.91,-1.627,-0.488,-1.39,-6.464,0.3179999999999996,6.782,0.8458511099018057,,,,,,,,,,,,,,,,,,,,,,,,,,,,,,,,,,,0.8458511099018057
794,,,,,,,,,,,,,,,,,,,,,,,,,,,,591,Jordan Leasure,CHA,RIGHT,RP,31.33333333333333,0,33,32,22,22,6,18,26,0,2,2,0,0,6.319,1.596,0,0,0.0,-2.292,-2.366,-0.326,-0.754,-0.605,-6.343,0.447,0.840743176684513,,0.840743176684513
795,,,,,,,,,,,,,,,,,,,,,,,,,,,,592,Brandon Bielak,HOU| OAK,RIGHT,RP,29.66666666666667,0,16,39,17,17,5,13,14,1,0,0,0,0,5.157,1.753,1,0,0.034,-2.032,-2.625,-0.501,-0.393,-0.798,-6.349,0.4409999999999998,0.829458033373311,,0.829458033373311
796,179,Jeimer Candelario,CIN| DET| CHN| WAS,112,3,SWITCH,463,427,96,47,20,56,27,4,3,0.225,1B| 3B| DH,-1.388,-0.016,-0.674,-0.659,-1.072,-3.809,0.2969999999999997,4.106,0.7899930177384791,,,,,,,,,,,,,,,,,,,,,,,,,,,,,,,,,,,0.7899930177384791
797,,,,,,,,,,,,,,,,,,,,,,,,,,,,593,Zebby Matthews,MIN,RIGHT,SP,37.66666666666666,9,9,51,31,28,11,11,43,1,4,0,0,0,6.69,1.646,1,0,0.027,-2.032,-1.999,-0.501,-1.037,-0.819,-6.388,0.4020000000000001,0.7561046018505018,,0.7561046018505018
798,284,Carson Kelly,CHN| ARI| DET| TEX,85,9,RIGHT,313,281,67,32,9,37,25,0,0,0.238,CC,-2.215,-1.246,-1.627,-1.0,-0.411,-6.499,0.2830000000000003,6.782,0.7527542896295962,,,,,,,,,,,,,,,,,,,,,,,,,,,,,,,,,,,0.7527542896295962
799,181,Jose Miranda,MIN,121,4,RIGHT,429,401,114,44,9,49,18,2,2,0.284,3B| DH,-1.554,-1.246,-1.025,-0.829,0.827,-3.826,0.2799999999999998,4.106,0.7447745621776909,,,,,,,,,,,,,,,,,,,,,,,,,,,,,,,,,,,0.7447745621776909
800,,,,,,,,,,,,,,,,,,,,,,,,,,,,594,Dominic Leone,CLE| SFN| ANA| NYN| SEA| CHA,RIGHT,RP,19.0,0,23,20,17,14,4,14,17,0,2,0,0,0,6.632,1.79,8,0,0.421,-2.292,-2.56,-0.501,-0.513,-0.544,-6.41,0.3799999999999999,0.7147257430427625,,0.7147257430427625
801,,,,,,,,,,,,,,,,,,,,,,,,,,,,595,Jose Cuas,KCA| CHN| TOR,RIGHT,RP,16.333333333333332,0,13,19,15,14,4,10,17,0,0,0,0,0,7.714,1.776,0,0,0.0,-2.292,-2.56,-0.501,-0.605,-0.457,-6.415,0.375,0.7053214569500947,,0.7053214569500947
802,,,,,,,,,,,,,,,,,,,,,,,,,,,,596,Alex Wood,LAN| SFN| OAK,LEFT,SP,39.333333333333336,9,9,51,27,23,6,19,33,1,3,0,0,0,5.263,1.78,3,3,0.076,-2.032,-2.215,-0.501,-0.56,-1.109,-6.417,0.3730000000000002,0.701559742513028,,0.701559742513028
803,,,,,,,,,,,,,,,,,,,,,,,,,,,,598,Mike Clevinger,CHA| CLE| SDN,RIGHT,SP,16.0,4,4,22,13,12,4,9,15,0,3,0,0,0,6.75,1.938,5,0,0.312,-2.292,-2.603,-0.501,-0.449,-0.573,-6.418,0.3719999999999999,0.6996788852944937,,0.6996788852944937
804,,,,,,,,,,,,,,,,,,,,,,,,,,,,597,Tyler Matzek,NYA| ATL,LEFT,RP,10.0,0,11,16,11,11,3,3,10,0,0,0,0,0,9.9,1.9,0,0,0.0,-2.292,-2.711,-0.501,-0.574,-0.34,-6.418,0.3719999999999999,0.6996788852944937,,0.6996788852944937
805,,,,,,,,,,,,,,,,,,,,,,,,,,,,599,Noah Davis,LAN| MIN| COL,RIGHT,RP,20.333333333333336,0,9,31,15,13,3,7,15,0,0,0,0,0,5.754,1.869,0,2,0.0,-2.292,-2.603,-0.501,-0.382,-0.66,-6.439,0.351,0.6601808837052886,,0.6601808837052886
806,,,,,,,,,,,,,,,,,,,,,,,,,,,,600,Mitch White,LAN| TOR| MIL| SFN,RIGHT,RP,23.666666666666664,0,13,26,21,19,4,13,13,1,1,0,0,0,7.225,1.648,2,0,0.085,-2.032,-2.646,-0.501,-0.769,-0.517,-6.465,0.3250000000000002,0.6112785960234157,,0.6112785960234157
807,187,Josh Lowe,TBA,106,4,LEFT,387,353,85,37,10,34,32,25,1,0.241,RF,-1.939,-1.134,-1.778,1.134,-0.453,-4.17,0.2179999999999999,4.388,0.5798601948383454,,,,,,,,,,,,,,,,,,,,,,,,,,,,,,,,,,,0.5798601948383454
808,,,,,,,,,,,,,,,,,,,,,,,,,,,,601,Kyle Tyler,ANA| SDN| MIA,RIGHT,SP,31.666666666666668,7,8,37,19,19,4,18,25,0,2,0,0,0,5.4,1.737,3,3,0.095,-2.292,-2.387,-0.501,-0.491,-0.827,-6.499,0.2910000000000003,0.5473294505932742,,0.5473294505932742
809,,,,,,,,,,,,,,,,,,,,,,,,,,,,602,Ky Bush,CHA,LEFT,SP,17.666666666666668,4,4,20,11,11,2,16,11,0,3,0,0,0,5.604,2.038,2,1,0.113,-2.292,-2.689,-0.501,-0.308,-0.718,-6.508,0.282,0.5304017356264713,,0.5304017356264713
810,188,Jake Fraley,ATL| CIN| SEA,112,5,LEFT,382,350,97,44,5,26,26,20,5,0.277,RF,-1.554,-1.693,-2.179,0.707,0.53,-4.189,0.1989999999999998,4.388,0.5293219209762874,,,,,,,,,,,,,,,,,,,,,,,,,,,,,,,,,,,0.5293219209762874
811,189,Randal Grichuk,ARI| KCA| TOR| COL| ANA,103,5,RIGHT,279,254,74,40,12,46,20,0,0,0.291,RF| DH,-1.774,-0.91,-1.176,-1.0,0.662,-4.198,0.1899999999999995,4.388,0.505382738620575,,,,,,,,,,,,,,,,,,,,,,,,,,,,,,,,,,,0.505382738620575
812,,,,,,,,,,,,,,,,,,,,,,,,,,,,603,Bradley Blalock,COL| MIL,RIGHT,SP,30.666666666666668,6,7,35,22,20,4,20,20,1,3,0,0,0,5.87,1.794,5,0,0.163,-2.032,-2.495,-0.501,-0.61,-0.885,-6.523,0.2670000000000003,0.5021888773484681,,0.5021888773484681
813,,,,,,,,,,,,,,,,,,,,,,,,,,,,604,Walker Buehler,BOS| PHI| LAN,RIGHT,SP,75.33333333333333,16,16,89,52,45,16,28,64,1,6,0,0,0,5.376,1.553,12,2,0.159,-2.032,-1.546,-0.501,-1.152,-1.3,-6.532,0.258,0.4852611623816651,,0.4852611623816651
814,,,,,,,,,,,,,,,,,,,,,,,,,,,,605,Bryce Elder,ATL,RIGHT,SP,49.66666666666667,10,10,64,37,36,8,17,46,2,5,0,0,0,6.524,1.631,9,1,0.181,-1.772,-1.934,-0.501,-1.29,-1.044,-6.541,0.2489999999999996,0.4683334474148622,,0.4683334474148622
815,,,,,,,,,,,,,,,,,,,,,,,,,,,,606,Mason Black,SFN,RIGHT,SP,36.33333333333333,8,9,46,26,26,7,15,31,1,5,0,0,0,6.44,1.679,2,2,0.055,-2.032,-2.258,-0.501,-0.915,-0.848,-6.554,0.2359999999999997,0.4438823035739258,,0.4438823035739258
816,,,,,,,,,,,,,,,,,,,,,,,,,,,,607,Darius Vines,ATL,RIGHT,P,13.666666666666668,2,4,21,14,13,4,4,9,0,1,0,0,0,8.561,1.829,2,1,0.146,-2.292,-2.733,-0.501,-0.614,-0.418,-6.558,0.2320000000000002,0.4363588746997923,,0.4363588746997923
817,,,,,,,,,,,,,,,,,,,,,,,,,,,,608,Michael Mercado,PHI,RIGHT,RP,13.000000000000002,2,5,16,16,16,9,9,10,1,2,0,0,0,11.077,1.923,1,1,0.077,-2.032,-2.711,-0.501,-0.888,-0.456,-6.589,0.2009999999999996,0.37805230092525,,0.37805230092525
818,,,,,,,,,,,,,,,,,,,,,,,,,,,,609,Easton Lucas,TOR| OAK| DET,LEFT,RP,11.666666666666666,0,8,17,15,14,1,9,10,1,0,0,0,0,10.8,2.229,0,0,0.0,-2.032,-2.711,-0.501,-0.767,-0.581,-6.592,0.1980000000000004,0.3724097292696507,,0.3724097292696507
819,,,,,,,,,,,,,,,,,,,,,,,,,,,,610,Will Smith,ATL| HOU| TEX| KCA,LEFT,RP,41.333333333333336,0,45,45,31,30,7,15,29,0,4,1,0,0,6.532,1.452,4,1,0.097,-2.292,-2.301,-0.413,-1.077,-0.511,-6.595,0.1950000000000002,0.3667671576140497,,0.3667671576140497
820,,,,,,,,,,,,,,,,,,,,,,,,,,,,611,Chris Flexen,CHN| SEA| COL| CHA,RIGHT,SP| RP,160.00000000000003,30,33,180,95,88,24,63,123,3,15,0,0,0,4.95,1.519,6,4,0.037,-1.511,-0.274,-0.501,-1.813,-2.497,-6.596,0.1939999999999999,0.3648863003955155,,0.3648863003955155
821,,,,,,,,,,,,,,,,,,,,,,,,,,,,612,Brandon Hughes,CHN| ARI,LEFT,RP,17.666666666666668,2,15,24,16,16,8,10,21,0,0,0,0,0,8.151,1.925,1,0,0.057,-2.292,-2.474,-0.501,-0.726,-0.621,-6.615,0.1749999999999998,0.3291500132433771,,0.3291500132433771
822,185,Christopher Morel,TBA| CHN,152,4,RIGHT,611,535,105,56,21,60,61,8,7,0.196,DH| 3B| 2B,-0.892,0.096,-0.473,-0.317,-2.519,-4.106,0.1189999999999997,4.225,0.3165291889255182,,,,,,,,,,,,,,,,,,,,,,,,,,,,,,,,,,,0.3165291889255182
823,,,,,,,,,,,,,,,,,,,,,,,,,,,,613,Grant Anderson,MIL| TEX,RIGHT,RP,26.666666666666668,0,23,33,24,24,11,10,29,0,1,1,0,0,8.1,1.613,4,0,0.15,-2.292,-2.301,-0.413,-1.084,-0.537,-6.627,0.1630000000000002,0.306579726620975,,0.306579726620975
824,258,Brayan Rocchio,CLE,131,9,SWITCH,442,383,79,49,8,36,44,10,6,0.206,SS,-1.278,-1.357,-1.677,-0.146,-1.508,-5.968,0.1120000000000001,6.08,0.2979098248710768,,,,,,,,,,,,,,,,,,,,,,,,,,,,,,,,,,,0.2979098248710768
825,287,Gary Sanchez,BAL| NYA| MIN| NYN| SDN| MIL,88,6,RIGHT,280,245,54,30,11,37,27,0,0,0.22,DH| CC,-2.325,-1.022,-1.627,-1.0,-0.698,-6.673,0.1089999999999999,6.782,0.2899300974191727,,,,,,,,,,,,,,,,,,,,,,,,,,,,,,,,,,,0.2899300974191727
826,,,,,,,,,,,,,,,,,,,,,,,,,,,,614,Peter Lambert,COL,RIGHT,SP| RP,61.33333333333334,3,28,73,42,39,7,29,50,2,5,0,0,0,5.723,1.663,6,1,0.098,-1.772,-1.848,-0.501,-1.136,-1.384,-6.641,0.149,0.2802477255615043,,0.2802477255615043
827,,,,,,,,,,,,,,,,,,,,,,,,,,,,615,Kai-Wei Teng,SFN,RIGHT,RP,11.0,0,4,15,12,12,2,8,7,0,0,0,0,0,9.818,2.091,0,0,0.0,-2.292,-2.776,-0.501,-0.623,-0.475,-6.667,0.1230000000000002,0.2313454378796314,,0.2313454378796314
828,,,,,,,,,,,,,,,,,,,,,,,,,,,,616,Spencer Howard,PHI| TEX| CLE| SFN,RIGHT,SP| RP,29.000000000000007,3,9,44,24,20,5,14,27,1,2,0,0,0,6.207,2.0,3,2,0.103,-2.032,-2.344,-0.501,-0.668,-1.125,-6.67,0.1200000000000001,0.2257028662240305,,0.2257028662240305
829,192,Jarred Kelenic,ATL| SEA,128,1,LEFT,449,412,95,49,15,45,32,7,2,0.231,LF| CF,-1.278,-0.575,-1.226,-0.403,-0.852,-4.333,0.0549999999999997,4.388,0.1462950032849029,,,,,,,,,,,,,,,,,,,,,,,,,,,,,,,,,,,0.1462950032849029
830,,,,,,,,,,,,,,,,,,,,,,,,,,,,617,Ricardo Pinto,PHI,RIGHT,RP,10.666666666666666,0,6,19,14,13,2,5,8,0,0,1,0,0,10.969,2.25,0,0,0.0,-2.292,-2.754,-0.413,-0.718,-0.542,-6.72,0.0700000000000002,0.1316600052973515,,0.1316600052973515
831,,,,,,,,,,,,,,,,,,,,,,,,,,,,618,Yerry Rodriguez,TEX| TOR,RIGHT,RP,21.666666666666668,0,16,26,22,21,7,13,17,1,0,0,0,0,8.723,1.8,1,0,0.046,-2.032,-2.56,-0.501,-1.006,-0.632,-6.731,0.0590000000000001,0.1109705758934818,,0.1109705758934818
832,,,,,,,,,,,,,,,,,,,,,,,,,,,,619,Justin Lawrence,PIT| COL,RIGHT,RP,59.666666666666686,0,56,73,52,43,9,33,45,4,4,2,0,0,6.486,1.776,8,2,0.134,-1.251,-1.956,-0.326,-1.529,-1.673,-6.734,0.056,0.1053280042378809,,0.1053280042378809
833,,,,,,,,,,,,,,,,,,,,,,,,,,,,620,Slade Cecconi,CLE| ARI,RIGHT,SP| RP,77.0,13,20,92,57,57,16,17,64,2,7,0,0,0,6.662,1.416,6,5,0.078,-1.772,-1.546,-0.501,-2.099,-0.819,-6.737,0.0529999999999999,0.0996854325822799,,0.0996854325822799
834,,,,,,,,,,,,,,,,,,,,,,,,,,,,621,J. P. France,HOU,RIGHT,SP,25.333333333333336,5,5,31,21,21,5,12,22,0,3,0,0,0,7.46,1.697,1,1,0.039,-2.292,-2.452,-0.501,-0.879,-0.613,-6.738,0.0519999999999996,0.0978045753637457,,0.0978045753637457
835,,,,,,,,,,,,,,,,,,,,,,,,,,,,622,Ben Heller,NYA| ATL| PIT,RIGHT,RP,11.999999999999998,0,8,19,16,15,1,6,15,0,1,0,0,0,11.25,2.083,4,1,0.333,-2.292,-2.603,-0.501,-0.839,-0.514,-6.75,0.04,0.0752342887413435,,0.0752342887413435
836,,,,,,,,,,,,,,,,,,,,,,,,,,,,623,Tommy Henry,ARI,LEFT,SP,38.33333333333333,7,9,49,31,30,9,18,30,2,3,0,0,0,7.043,1.748,1,2,0.026,-1.772,-2.28,-0.501,-1.181,-1.022,-6.755,0.0350000000000001,0.0658300026486757,,0.0658300026486757
837,,,,,,,,,,,,,,,,,,,,,,,,,,,,624,Domingo German,NYA| PIT,RIGHT,RP,20.666666666666664,2,7,25,19,18,4,13,18,0,1,0,0,0,7.839,1.839,7,0,0.339,-2.292,-2.538,-0.501,-0.79,-0.641,-6.763,0.0270000000000001,0.050783144900407,,0.050783144900407
838,,,,,,,,,,,,,,,,,,,,,,,,,,,,626,Darren McCaughan,MIN| SEA| CLE| MIA,RIGHT,SP| RP,42.0,5,12,53,32,29,9,15,28,0,0,2,0,0,6.214,1.619,5,3,0.119,-2.292,-2.323,-0.326,-0.97,-0.859,-6.769,0.0209999999999999,0.0394980015892051,,0.0394980015892051
839,,,,,,,,,,,,,,,,,,,,,,,,,,,,625,Zack Thompson,SLN,LEFT,RP,17.0,2,5,24,18,18,6,8,20,0,2,0,0,0,9.529,1.882,3,0,0.176,-2.292,-2.495,-0.501,-0.917,-0.563,-6.769,0.0209999999999999,0.0394980015892051,,0.0394980015892051
840,,,,,,,,,,,,,,,,,,,,,,,,,,,,627,Trevor Rogers,BAL| MIA,LEFT,SP,124.33333333333331,25,25,140,74,68,14,56,97,2,11,0,0,0,4.922,1.576,14,6,0.113,-1.772,-0.834,-0.501,-1.377,-2.286,-6.77,0.0200000000000004,0.0376171443706725,,0.0376171443706725
841,,,,,,,,,,,,,,,,,,,,,,,,,,,,628,Patrick Corbin,TEX| WAS,LEFT,SP,174.66666666666669,32,32,208,114,109,25,54,139,6,13,0,0,0,5.616,1.5,24,9,0.137,-0.731,0.071,-0.501,-3.062,-2.568,-6.79,0.0,0.0,,0.0
842,262,J. P. Crawford,SEA,105,1,LEFT,451,392,79,55,9,37,52,5,0,0.202,SS,-0.947,-1.246,-1.627,-0.573,-1.687,-6.08,0.0,6.08,0.0,,,,,,,,,,,,,,,,,,,,,,,,,,,,,,,,,,,0.0
843,193,Kyle Isbel,KCA,132,9,LEFT,426,384,88,60,8,42,27,10,2,0.229,CF,-0.672,-1.357,-1.376,-0.146,-0.836,-4.388,0.0,4.388,0.0,,,,,,,,,,,,,,,,,,,,,,,,,,,,,,,,,,,0.0
844,190,Jeff McNeil,NYN,124,8,LEFT,472,424,101,57,12,44,35,5,1,0.238,2B,-0.837,-0.91,-1.276,-0.573,-0.628,-4.225,0.0,4.225,0.0,,,,,,,,,,,,,,,,,,,,,,,,,,,,,,,,,,,0.0
845,291,Jake Rogers,DET,97,9,RIGHT,337,310,61,43,10,36,22,1,0,0.197,CC,-1.609,-1.134,-1.677,-0.915,-1.447,-6.782,0.0,6.782,0.0,,,,,,,,,,,,,,,,,,,,,,,,,,,,,,,,,,,0.0
846,166,Justin Turner,CHN| LAN| BOS| SEA| TOR,139,4,RIGHT,539,460,119,59,11,55,59,0,2,0.259,1B| DH,-0.727,-1.022,-0.724,-1.0,0.043,-3.43,0.0,3.43,0.0,,,,,,,,,,,,,,,,,,,,,,,,,,,,,,,,,,,0.0
847,,,,,,,,,,,,,,,,,,,,,,,,,,,,629,Daulton Jefferies,OAK| PIT| SFN,RIGHT,RP,14.666666666666666,1,6,24,20,16,4,4,12,0,2,0,0,0,9.818,1.909,1,0,0.068,-2.292,-2.668,-0.501,-0.83,-0.505,-6.796,-0.0060000000000002,-0.0112851433112019,,-0.0112851433112019
848,,,,,,,,,,,,,,,,,,,,,,,,,,,,630,Scott McGough,ARI| ATH,RIGHT,RP,32.666666666666664,2,26,34,30,27,6,21,25,1,3,0,0,0,7.439,1.684,4,0,0.122,-2.032,-2.387,-0.501,-1.126,-0.77,-6.816,-0.0259999999999998,-0.0489022876818728,,-0.0489022876818728
849,,,,,,,,,,,,,,,,,,,,,,,,,,,,631,Sixto Sanchez,MIA,RIGHT,SP| RP,35.66666666666667,7,14,43,29,24,3,14,17,0,3,0,0,0,6.056,1.598,4,1,0.112,-2.292,-2.56,-0.501,-0.771,-0.693,-6.818,-0.0279999999999995,-0.0526640021189396,,-0.0526640021189396
850,,,,,,,,,,,,,,,,,,,,,,,,,,,,632,Matt Sauer,LAN| KCA,RIGHT,RP,16.333333333333336,0,14,23,14,14,3,11,9,0,0,0,0,0,7.714,2.082,0,0,0.0,-2.292,-2.733,-0.501,-0.605,-0.698,-6.829,-0.0389999999999997,-0.0733534315228092,,-0.0733534315228092
851,,,,,,,,,,,,,,,,,,,,,,,,,,,,633,Yunior Marte,SFN| PHI,RIGHT,RP,26.000000000000004,0,23,34,22,20,5,15,23,0,0,0,0,0,6.923,1.885,5,0,0.192,-2.292,-2.431,-0.501,-0.772,-0.864,-6.86,-0.0700000000000002,-0.1316600052973515,,-0.1316600052973515
852,266,Romy Gonzalez,BOS| CHA,87,2,RIGHT,216,199,53,25,6,29,12,11,2,0.266,1B| SS| 2B,-2.6,-1.581,-2.029,-0.061,0.136,-6.135,-0.0549999999999997,6.08,-0.1462950032849029,,,,,,,,,,,,,,,,,,,,,,,,,,,,,,,,,,,-0.1462950032849029
853,,,,,,,,,,,,,,,,,,,,,,,,,,,,634,Yonny Chirinos,TBA| ATL| MIA,RIGHT,SP,30.0,6,6,43,21,21,7,13,25,0,2,0,0,0,6.3,1.867,7,1,0.233,-2.292,-2.387,-0.501,-0.717,-0.971,-6.869,-0.0789999999999997,-0.1485877202641528,,-0.1485877202641528
854,191,Michael Massey,KCA,100,5,LEFT,356,332,86,45,14,45,15,1,0,0.259,2B,-1.498,-0.687,-1.226,-0.915,0.04,-4.286,-0.0609999999999999,4.225,-0.1622544581887112,,,,,,,,,,,,,,,,,,,,,,,,,,,,,,,,,,,-0.1622544581887112
855,,,,,,,,,,,,,,,,,,,,,,,,,,,,635,Adrian Houser,CHA| TBA| MIL| NYN,RIGHT,SP| RP,69.33333333333333,7,23,74,48,45,8,32,45,1,5,1,0,0,5.841,1.529,8,4,0.115,-2.032,-1.956,-0.413,-1.361,-1.116,-6.878,-0.088,-0.1655154352309557,,-0.1655154352309557
856,294,Mitch Garver,SEA| MIN| TEX,113,7,RIGHT,430,367,63,37,15,51,53,0,0,0.172,CC| DH,-1.939,-0.575,-0.925,-1.0,-2.422,-6.861,-0.0789999999999997,6.782,-0.2101328229001336,,,,,,,,,,,,,,,,,,,,,,,,,,,,,,,,,,,-0.2101328229001336
857,,,,,,,,,,,,,,,,,,,,,,,,,,,,636,Touki Toussaint,ANA| ATL| CHA| CLE,RIGHT,RP,23.0,0,11,35,19,19,3,18,26,1,2,0,0,0,7.435,2.304,2,1,0.087,-2.032,-2.366,-0.501,-0.792,-1.23,-6.921,-0.1310000000000002,-0.2463922956279002,,-0.2463922956279002
858,,,,,,,,,,,,,,,,,,,,,,,,,,,,637,Shaun Anderson,ANA| SFN| BAL| MIN| SDN| TOR| MIA| TEX,RIGHT,RP,16.333333333333332,2,6,34,19,15,3,1,10,0,2,0,0,0,8.265,2.143,0,0,0.0,-2.292,-2.711,-0.501,-0.689,-0.746,-6.939,-0.149,-0.2802477255615043,,-0.2802477255615043
859,,,,,,,,,,,,,,,,,,,,,,,,,,,,638,Jordan Weems,HOU| OAK| ARI| WAS,RIGHT,RP,41.66666666666666,0,41,49,35,31,7,24,35,1,1,0,0,0,6.696,1.752,6,1,0.144,-2.032,-2.172,-0.501,-1.149,-1.119,-6.972,-0.1820000000000003,-0.3423160137731134,,-0.3423160137731134
860,196,TJ Friedl,CIN,85,4,LEFT,341,297,67,35,13,55,26,9,1,0.226,CF,-2.049,-0.798,-0.724,-0.232,-0.728,-4.532,-0.1440000000000001,4.388,-0.3830269176913844,,,,,,,,,,,,,,,,,,,,,,,,,,,,,,,,,,,-0.3830269176913844
861,,,,,,,,,,,,,,,,,,,,,,,,,,,,639,Tim Mayza,PHI| PIT| TOR| NYA,LEFT,RP,42.66666666666667,0,50,54,34,30,5,15,28,0,2,0,0,0,6.328,1.617,9,2,0.211,-2.292,-2.323,-0.501,-1.03,-0.868,-7.015,-0.2249999999999996,-0.4231928741700561,,-0.4231928741700561
862,,,,,,,,,,,,,,,,,,,,,,,,,,,,640,Tom Cosgrove,CHN| SDN,LEFT,RP,14.666666666666668,0,18,23,19,19,3,6,15,0,1,0,0,0,11.659,1.977,0,0,0.0,-2.292,-2.603,-0.501,-1.082,-0.553,-7.031,-0.2409999999999996,-0.4532865896665936,,-0.4532865896665936
863,,,,,,,,,,,,,,,,,,,,,,,,,,,,641,Jordan Montgomery,NYA| SLN| TEX| ARI,LEFT,SP| RP,117.0,21,25,149,83,81,14,44,83,8,7,1,0,0,6.231,1.65,14,4,0.12,-0.21,-1.136,-0.413,-2.72,-2.564,-7.044,-0.2539999999999995,-0.47773773350753,,-0.47773773350753
864,,,,,,,,,,,,,,,,,,,,,,,,,,,,642,Kyle Hendricks,ANA| CHN,RIGHT,SP| RP,130.66666666666669,24,29,147,88,86,21,43,87,4,12,0,0,0,5.923,1.454,14,7,0.107,-1.251,-1.05,-0.501,-2.664,-1.632,-7.098,-0.3079999999999998,-0.5793040233083442,,-0.5793040233083442
865,195,Nick Gonzales,PIT,93,5,RIGHT,387,359,97,42,7,49,18,4,3,0.27,2B,-1.664,-1.469,-1.025,-0.659,0.351,-4.465,-0.2400000000000002,4.225,-0.6383781961523075,,,,,,,,,,,,,,,,,,,,,,,,,,,,,,,,,,,-0.6383781961523075
866,199,Jose Siri,NYN| HOU| TBA,125,7,RIGHT,448,402,75,49,18,47,31,14,7,0.187,CF,-1.278,-0.24,-1.126,0.195,-2.192,-4.64,-0.2519999999999998,4.388,-0.6702971059599216,,,,,,,,,,,,,,,,,,,,,,,,,,,,,,,,,,,-0.6702971059599216
867,,,,,,,,,,,,,,,,,,,,,,,,,,,,643,Adam Mazur,MIA| SDN,RIGHT,SP,33.666666666666664,8,8,40,28,28,6,21,22,1,3,0,0,0,7.485,1.812,2,0,0.059,-2.032,-2.452,-0.501,-1.175,-1.001,-7.162,-0.3719999999999999,-0.6996788852944937,,-0.6996788852944937
868,200,Mickey Moniak,COL| PHI| ANA,123,7,LEFT,418,392,86,45,14,49,21,8,4,0.219,CF,-1.498,-0.687,-1.025,-0.317,-1.148,-4.676,-0.2880000000000002,4.388,-0.7660538353827689,,,,,,,,,,,,,,,,,,,,,,,,,,,,,,,,,,,-0.7660538353827689
869,202,Johan Rojas,PHI,110,9,RIGHT,363,338,82,44,3,32,13,24,3,0.243,CF,-1.554,-1.916,-1.878,1.049,-0.387,-4.686,-0.298,4.388,-0.7926529268891146,,,,,,,,,,,,,,,,,,,,,,,,,,,,,,,,,,,-0.7926529268891146
870,303,James McCann,ARI| CHA| NYN| BAL,64,9,RIGHT,233,214,50,27,8,31,13,1,0,0.234,CC,-2.49,-1.357,-1.928,-0.915,-0.392,-7.083,-0.3010000000000001,6.782,-0.8006326543410187,,,,,,,,,,,,,,,,,,,,,,,,,,,,,,,,,,,-0.8006326543410187
871,194,Max Muncy,LAN,73,5,LEFT,293,237,55,47,15,48,45,1,0,0.232,3B,-1.388,-0.575,-1.075,-0.915,-0.463,-4.416,-0.3100000000000005,4.106,-0.8245718366967311,,,,,,,,,,,,,,,,,,,,,,,,,,,,,,,,,,,-0.8245718366967311
872,,,,,,,,,,,,,,,,,,,,,,,,,,,,644,Will Warren,NYA,RIGHT,SP,22.666666666666664,5,6,33,27,26,5,10,29,0,3,0,0,0,10.323,1.897,1,2,0.044,-2.292,-2.301,-0.501,-1.39,-0.767,-7.251,-0.4610000000000003,-0.8670751777439837,,-0.8670751777439837
873,204,Lars Nootbaar,SLN,106,6,LEFT,405,348,85,39,12,45,52,7,3,0.244,RF| LF| CF,-1.829,-0.91,-1.226,-0.403,-0.354,-4.721,-0.3330000000000002,4.388,-0.8857497471613264,,,,,,,,,,,,,,,,,,,,,,,,,,,,,,,,,,,-0.8857497471613264
874,,,,,,,,,,,,,,,,,,,,,,,,,,,,645,Jake Woodford,ARI| SLN| CHA| PIT,RIGHT,SP,35.0,7,9,48,37,31,6,9,26,0,6,0,0,0,7.971,1.629,3,0,0.086,-2.292,-2.366,-0.501,-1.38,-0.732,-7.271,-0.4809999999999998,-0.9046923221146546,,-0.9046923221146546
875,205,Wenceel Perez,DET,110,3,SWITCH,425,389,94,51,9,37,32,9,5,0.242,RF| CF,-1.168,-1.246,-1.627,-0.232,-0.474,-4.746,-0.3580000000000005,4.388,-0.9522474759271926,,,,,,,,,,,,,,,,,,,,,,,,,,,,,,,,,,,-0.9522474759271926
876,306,Hunter Goodman,COL,69,8,RIGHT,224,211,40,24,13,36,8,1,1,0.19,RF| CC,-2.656,-0.798,-1.677,-0.915,-1.102,-7.148,-0.3659999999999996,6.782,-0.9735267491322672,,,,,,,,,,,,,,,,,,,,,,,,,,,,,,,,,,,-0.9735267491322672
877,149,Andrew McCutchen,PIT| PHI| MIL,120,1,RIGHT,515,448,104,66,20,50,58,3,2,0.232,DH,-0.341,-0.016,-0.975,-0.744,-0.873,-2.949,-0.3764999999999996,2.5725,-1.0014557952139305,,,,,,,,,,,,,,,,,,,,,,,,,,,,,,,,,,,-1.0014557952139305
878,208,Hunter Renfroe,KCA| TBA| BOS| MIL| ANA| CIN,116,5,RIGHT,424,385,88,44,15,52,36,1,1,0.229,RF,-1.554,-0.575,-0.875,-0.915,-0.856,-4.774,-0.3860000000000001,4.388,-1.0267249321449603,,,,,,,,,,,,,,,,,,,,,,,,,,,,,,,,,,,-1.0267249321449603
879,209,Tommy Pham,PIT| SDN| BOS| CIN| ARI| NYN| CHA| KCA| SLN,116,1,RIGHT,478,440,109,49,9,39,35,7,3,0.248,RF| LF| CF,-1.278,-1.246,-1.527,-0.403,-0.33,-4.783,-0.3950000000000004,4.388,-1.050664114500673,,,,,,,,,,,,,,,,,,,,,,,,,,,,,,,,,,,-1.050664114500673
880,,,,,,,,,,,,,,,,,,,,,,,,,,,,646,Ross Stripling,LAN| TOR| SFN| OAK,RIGHT,SP| RP,85.33333333333333,14,22,109,65,57,7,22,49,2,11,0,0,0,6.012,1.535,7,1,0.082,-1.772,-1.87,-0.501,-1.81,-1.399,-7.352,-0.5620000000000003,-1.057041756815876,,-1.057041756815876
881,,,,,,,,,,,,,,,,,,,,,,,,,,,,647,Anthony Molina,COL,RIGHT,RP,59.66666666666666,1,35,72,46,45,5,22,41,1,1,0,0,0,6.788,1.575,6,2,0.101,-2.032,-2.042,-0.501,-1.696,-1.094,-7.366,-0.5759999999999996,-1.0833737578753448,,-1.0833737578753448
882,198,Spencer Horwitz,PIT| TOR,96,4,LEFT,381,328,87,46,12,40,42,0,0,0.265,1B| 2B,-1.443,-0.91,-1.477,-1.0,0.196,-4.634,-0.4090000000000007,4.225,-1.0879028426095585,,,,,,,,,,,,,,,,,,,,,,,,,,,,,,,,,,,-1.0879028426095585
883,,,,,,,,,,,,,,,,,,,,,,,,,,,,648,Roddery Munoz,SLN| MIA,RIGHT,SP,82.66666666666666,17,18,89,66,60,26,42,70,2,7,0,0,0,6.532,1.585,6,5,0.073,-1.772,-1.417,-0.501,-2.154,-1.553,-7.396,-0.6059999999999999,-1.1397994744313529,,-1.1397994744313529
884,,,,,,,,,,,,,,,,,,,,,,,,,,,,649,Nick Nastrini,CHA,RIGHT,SP,35.66666666666667,8,9,32,33,28,7,36,26,0,7,0,0,0,7.065,1.907,15,0,0.421,-2.292,-2.366,-0.501,-1.106,-1.223,-7.489,-0.6989999999999998,-1.3147191957549762,,-1.3147191957549762
885,206,Jose Iglesias,SDN| BAL| ANA| BOS| COL| NYN,75,7,RIGHT,291,270,91,37,4,26,12,6,2,0.337,2B| 3B,-1.939,-1.804,-2.179,-0.488,1.652,-4.758,-0.5330000000000004,4.225,-1.4177315772882493,,,,,,,,,,,,,,,,,,,,,,,,,,,,,,,,,,,-1.4177315772882493
886,308,Yasmani Grandal,CHA| PIT,68,7,SWITCH,243,215,49,26,9,27,24,1,0,0.228,CC,-2.545,-1.246,-2.129,-0.915,-0.489,-7.323,-0.5410000000000004,6.782,-1.439010850493326,,,,,,,,,,,,,,,,,,,,,,,,,,,,,,,,,,,-1.439010850493326
887,210,Nolan Gorman,SLN,105,8,LEFT,402,365,74,42,19,50,34,6,1,0.203,2B,-1.664,-0.128,-0.975,-0.488,-1.536,-4.791,-0.5660000000000007,4.225,-1.5055085792591925,,,,,,,,,,,,,,,,,,,,,,,,,,,,,,,,,,,-1.5055085792591925
888,,,,,,,,,,,,,,,,,,,,,,,,,,,,650,Tanner Gordon,COL,RIGHT,SP,34.333333333333336,8,8,53,34,33,10,6,26,0,6,0,0,0,8.65,1.718,1,0,0.029,-2.292,-2.366,-0.501,-1.571,-0.866,-7.596,-0.806,-1.5159709181380705,,-1.5159709181380705
889,,,,,,,,,,,,,,,,,,,,,,,,,,,,651,Jack Leiter,TEX,RIGHT,SP| RP,35.666666666666664,6,9,44,39,35,7,17,31,0,3,0,0,0,8.832,1.71,4,0,0.112,-2.292,-2.258,-0.501,-1.692,-0.886,-7.629,-0.8389999999999995,-1.5780392063496778,,-1.5780392063496778
890,,,,,,,,,,,,,,,,,,,,,,,,,,,,652,Louie Varland,MIN| TOR,RIGHT,SP| RP,49.66666666666668,7,16,68,44,42,12,16,49,0,6,0,0,0,7.611,1.691,1,0,0.02,-2.292,-1.87,-0.501,-1.792,-1.188,-7.643,-0.8529999999999998,-1.6043712074091483,,-1.6043712074091483
891,216,Mauricio Dubon,HOU| SFN,127,9,RIGHT,428,402,108,42,4,47,16,3,2,0.269,LF| 2B| CF,-1.664,-1.804,-1.126,-0.744,0.346,-4.992,-0.6040000000000001,4.388,-1.606585126983306,,,,,,,,,,,,,,,,,,,,,,,,,,,,,,,,,,,-1.606585126983306
892,217,Rob Refsnyder,BOS| TEX| MIN,91,2,RIGHT,307,272,77,32,11,40,28,2,2,0.283,RF| LF,-2.215,-1.022,-1.477,-0.829,0.536,-5.007,-0.6189999999999998,4.388,-1.6464837642428245,,,,,,,,,,,,,,,,,,,,,,,,,,,,,,,,,,,-1.6464837642428245
893,316,Christian Vazquez,MIN| BOS| HOU,90,9,RIGHT,315,294,65,29,7,27,11,3,1,0.221,CC,-2.38,-1.469,-2.129,-0.744,-0.823,-7.545,-0.7629999999999999,6.782,-2.029510681934209,,,,,,,,,,,,,,,,,,,,,,,,,,,,,,,,,,,-2.029510681934209
894,220,Mark Canha,KCA| OAK| NYN| MIL| DET| SFN,124,2,RIGHT,462,393,95,46,7,42,51,7,0,0.242,1B| DH| LF,-1.443,-1.469,-1.376,-0.403,-0.476,-5.167,-0.7789999999999999,4.388,-2.0720692283443625,,,,,,,,,,,,,,,,,,,,,,,,,,,,,,,,,,,-2.0720692283443625
895,318,Jose Trevino,CIN| TEX| NYA,71,8,RIGHT,234,209,45,26,8,28,20,1,0,0.215,CC,-2.545,-1.357,-2.079,-0.915,-0.678,-7.574,-0.7919999999999998,6.782,-2.1066480473026123,,,,,,,,,,,,,,,,,,,,,,,,,,,,,,,,,,,-2.1066480473026123
896,213,Royce Lewis,MIN,82,3,RIGHT,325,292,68,40,16,47,28,0,0,0.233,3B| DH,-1.774,-0.463,-1.126,-1.0,-0.552,-4.915,-0.8090000000000002,4.106,-2.1518665028634016,,,,,,,,,,,,,,,,,,,,,,,,,,,,,,,,,,,-2.1518665028634016
897,218,Santiago Espinal,CIN| TOR,115,8,RIGHT,391,357,88,32,9,45,24,11,1,0.246,3B| 2B,-2.215,-1.246,-1.226,-0.061,-0.301,-5.049,-0.8240000000000007,4.225,-2.1917651401229223,,,,,,,,,,,,,,,,,,,,,,,,,,,,,,,,,,,-2.1917651401229223
898,221,Kevin Pillar,TEX| BOS| COL| NYN| LAN| ATL| ANA| CHA,94,4,RIGHT,314,284,65,35,8,45,16,12,3,0.229,CF,-2.049,-1.357,-1.226,0.024,-0.625,-5.233,-0.8449999999999998,4.388,-2.2476232322862466,,,,,,,,,,,,,,,,,,,,,,,,,,,,,,,,,,,-2.2476232322862466
899,222,Ramon Laureano,BAL| SDN| OAK| CLE| ATL,91,6,RIGHT,309,286,74,34,11,33,15,8,3,0.259,RF| LF,-2.105,-1.022,-1.828,-0.317,0.028,-5.244,-0.8559999999999999,4.388,-2.276882232943228,,,,,,,,,,,,,,,,,,,,,,,,,,,,,,,,,,,-2.276882232943228
900,,,,,,,,,,,,,,,,,,,,,,,,,,,,653,Ty Blach,COL,LEFT,SP| RP,71.33333333333334,12,20,103,55,55,17,18,36,3,8,0,0,0,6.939,1.696,1,0,0.014,-1.511,-2.15,-0.501,-2.128,-1.724,-8.015,-1.2250000000000003,-2.304050092703644,,-2.304050092703644
901,326,Pedro Pages,SLN,65,8,RIGHT,218,202,48,19,7,27,13,2,0,0.238,CC,-2.931,-1.469,-2.129,-0.829,-0.308,-7.667,-0.8849999999999998,6.782,-2.3540195983116314,,,,,,,,,,,,,,,,,,,,,,,,,,,,,,,,,,,-2.3540195983116314
902,169,Masataka Yoshida,BOS,108,6,LEFT,421,378,106,45,10,56,27,2,0,0.28,DH,-1.498,-1.134,-0.674,-0.829,0.667,-3.468,-0.8954999999999997,2.5725,-2.3819486443932947,,,,,,,,,,,,,,,,,,,,,,,,,,,,,,,,,,,-2.3819486443932947
903,226,Will Benson,CIN| CLE,123,9,LEFT,388,343,64,40,14,43,40,16,7,0.187,RF| CF| LF,-1.774,-0.687,-1.326,0.366,-1.87,-5.291,-0.9030000000000004,4.388,-2.401897963023056,,,,,,,,,,,,,,,,,,,,,,,,,,,,,,,,,,,-2.401897963023056
904,327,Danny Jansen,MIL| TBA| TOR| BOS,85,7,RIGHT,324,278,57,35,9,24,40,0,0,0.205,CC,-2.049,-1.246,-2.28,-1.0,-1.121,-7.696,-0.9139999999999996,6.782,-2.4311569636800345,,,,,,,,,,,,,,,,,,,,,,,,,,,,,,,,,,,-2.4311569636800345
905,228,Tyrone Taylor,NYN| MIL,111,6,RIGHT,345,319,79,44,7,35,19,8,1,0.248,RF| CF| LF,-1.554,-1.469,-1.728,-0.317,-0.241,-5.308,-0.92,4.388,-2.447116418583843,,,,,,,,,,,,,,,,,,,,,,,,,,,,,,,,,,,-2.447116418583843
906,,,,,,,,,,,,,,,,,,,,,,,,,,,,654,Bobby Miller,LAN,RIGHT,SP,56.0,13,13,69,53,53,17,30,52,2,4,0,0,0,8.518,1.768,5,1,0.089,-1.772,-1.805,-0.501,-2.493,-1.546,-8.118,-1.3280000000000003,-2.4977783862126026,,-2.4977783862126026
907,301,Zach McKinstry,DET| LAN| CHN,111,7,LEFT,325,297,64,30,4,23,24,16,0,0.215,SS| 3B,-2.325,-1.804,-2.33,0.366,-0.959,-7.052,-0.9719999999999996,6.08,-2.5854316944168416,,,,,,,,,,,,,,,,,,,,,,,,,,,,,,,,,,,-2.5854316944168416
908,232,Max Kepler,PHI| MIN,104,4,LEFT,399,368,93,43,8,42,22,1,0,0.253,RF,-1.609,-1.357,-1.376,-0.915,-0.135,-5.392,-1.0040000000000004,4.388,-2.670548787237152,,,,,,,,,,,,,,,,,,,,,,,,,,,,,,,,,,,-2.670548787237152
909,,,,,,,,,,,,,,,,,,,,,,,,,,,,655,Dakota Hudson,SLN| COL,RIGHT,SP,89.0,18,18,99,66,61,11,50,49,2,12,0,0,0,6.168,1.674,6,5,0.067,-1.772,-1.87,-0.501,-2.017,-2.056,-8.216,-1.4259999999999993,-2.682102393628892,,-2.682102393628892
910,234,Mike Tauchman,CHA| NYA| SFN| CHN,105,1,LEFT,350,298,74,50,7,29,47,6,2,0.248,RF| DH,-1.223,-1.469,-2.029,-0.488,-0.21,-5.418,-1.0300000000000002,4.388,-2.739706425153652,,,,,,,,,,,,,,,,,,,,,,,,,,,,,,,,,,,-2.739706425153652
911,236,MJ Melendez,KCA,134,5,LEFT,451,412,85,44,17,44,35,4,4,0.206,LF,-1.554,-0.351,-1.276,-0.659,-1.621,-5.461,-1.0730000000000004,4.388,-2.85408251863094,,,,,,,,,,,,,,,,,,,,,,,,,,,,,,,,,,,-2.85408251863094
912,175,J. D. Martinez,BOS| LAN| NYN,120,3,RIGHT,495,434,102,46,16,69,49,0,0,0.235,DH,-1.443,-0.463,-0.022,-1.0,-0.749,-3.678,-1.1054999999999997,2.5725,-2.940529566026563,,,,,,,,,,,,,,,,,,,,,,,,,,,,,,,,,,,-2.940529566026563
913,335,Ben Rortvedt,LAN| TBA| MIN| NYA,105,8,LEFT,328,290,66,27,3,31,34,1,0,0.228,CC,-2.49,-1.916,-1.928,-0.915,-0.667,-7.916,-1.1340000000000003,6.782,-3.0163369768196517,,,,,,,,,,,,,,,,,,,,,,,,,,,,,,,,,,,-3.0163369768196517
914,230,Jorge Polanco,SEA| MIN,118,5,SWITCH,469,417,89,43,16,45,46,4,2,0.213,2B,-1.609,-0.463,-1.226,-0.659,-1.413,-5.369,-1.144,4.225,-3.0429360683259965,,,,,,,,,,,,,,,,,,,,,,,,,,,,,,,,,,,-3.0429360683259965
915,,,,,,,,,,,,,,,,,,,,,,,,,,,,656,Taijuan Walker,PHI| SEA| TOR| NYN,RIGHT,SP| RP,83.66666666666666,15,19,107,68,66,24,37,58,3,7,0,0,0,7.1,1.721,6,4,0.072,-1.511,-1.676,-0.501,-2.621,-2.122,-8.431,-1.6409999999999991,-3.0864866956136128,,-3.0864866956136128
916,243,Jake Cave,MIN| PHI| COL,110,7,LEFT,346,323,81,42,7,37,18,4,2,0.251,LF| RF,-1.664,-1.469,-1.627,-0.659,-0.166,-5.585,-1.197,4.388,-3.1839112533096308,,,,,,,,,,,,,,,,,,,,,,,,,,,,,,,,,,,-3.1839112533096308
917,244,Seth Brown,ATH| OAK,120,5,LEFT,400,372,86,32,14,44,25,4,2,0.231,1B| LF| RF,-2.215,-0.687,-1.276,-0.659,-0.752,-5.588,-1.2000000000000002,4.388,-3.191890980761535,,,,,,,,,,,,,,,,,,,,,,,,,,,,,,,,,,,-3.191890980761535
918,247,Amed Rosario,NYA| WAS| NYN| CLE| LAN| CIN| TBA,99,5,RIGHT,346,332,93,28,3,32,9,12,5,0.28,RF| DH| 2B,-2.435,-1.916,-1.878,0.024,0.578,-5.627,-1.239,4.388,-3.295627437636284,,,,,,,,,,,,,,,,,,,,,,,,,,,,,,,,,,,-3.295627437636284
919,339,Nick Fortes,MIA| TBA,101,9,RIGHT,335,308,70,27,4,29,11,0,1,0.227,CC,-2.49,-1.804,-2.029,-1.0,-0.715,-8.039,-1.2569999999999997,6.782,-3.3435058023477064,,,,,,,,,,,,,,,,,,,,,,,,,,,,,,,,,,,-3.3435058023477064
920,203,Rowdy Tellez,SEA| TEX| TOR| MIL| PIT,126,5,LEFT,421,383,93,38,13,56,31,1,0,0.243,1B,-1.884,-0.798,-0.674,-0.915,-0.432,-4.703,-1.273,3.43,-3.386064348757862,,,,,,,,,,,,,,,,,,,,,,,,,,,,,,,,,,,-3.386064348757862
921,249,Matt Wallner,MIN,75,4,LEFT,261,220,57,26,13,37,24,3,0,0.259,RF| LF,-2.545,-0.798,-1.627,-0.744,0.027,-5.688,-1.2999999999999998,4.388,-3.4578818958249955,,,,,,,,,,,,,,,,,,,,,,,,,,,,,,,,,,,-3.4578818958249955
922,235,Oswaldo Cabrera,NYA,93,9,SWITCH,326,299,74,45,8,36,21,4,1,0.247,3B,-1.498,-1.357,-1.677,-0.659,-0.23,-5.421,-1.3150000000000004,4.106,-3.497780533084516,,,,,,,,,,,,,,,,,,,,,,,,,,,,,,,,,,,-3.497780533084516
923,237,Ramon Urias,BAL| HOU,93,9,RIGHT,301,272,69,39,11,37,23,1,1,0.254,3B,-1.829,-1.022,-1.627,-0.915,-0.079,-5.472,-1.3660000000000003,4.106,-3.633435899766882,,,,,,,,,,,,,,,,,,,,,,,,,,,,,,,,,,,-3.633435899766882
924,238,Gio Urshela,ATH| NYA| MIN| ANA| ATL| DET,125,8,RIGHT,461,432,108,34,9,52,23,0,0,0.25,3B,-2.105,-1.246,-0.875,-1.0,-0.248,-5.473,-1.367,4.106,-3.636095808917515,,,,,,,,,,,,,,,,,,,,,,,,,,,,,,,,,,,-3.636095808917515
925,251,Parker Meadows,DET,75,1,LEFT,298,270,66,37,9,28,25,9,3,0.244,CF,-1.939,-1.246,-2.079,-0.232,-0.271,-5.766,-1.378,4.388,-3.665354809574496,,,,,,,,,,,,,,,,,,,,,,,,,,,,,,,,,,,-3.665354809574496
926,313,Bo Bichette,TOR,81,4,RIGHT,336,311,70,29,4,31,20,5,1,0.225,SS,-2.38,-1.804,-1.928,-0.573,-0.775,-7.461,-1.3810000000000002,6.08,-3.6733345370264,,,,,,,,,,,,,,,,,,,,,,,,,,,,,,,,,,,-3.6733345370264
927,253,Will Brennan,CLE,113,5,LEFT,353,330,87,37,8,30,19,4,2,0.264,RF,-1.939,-1.357,-1.978,-0.659,0.156,-5.777,-1.3890000000000002,4.388,-3.694613810231477,,,,,,,,,,,,,,,,,,,,,,,,,,,,,,,,,,,-3.694613810231477
928,314,Nicky Lopez,ANA| CHN| KCA| ATL| CHA,120,1,LEFT,445,398,96,39,1,21,37,5,7,0.241,SS| 2B,-1.829,-2.14,-2.43,-0.573,-0.498,-7.47,-1.3899999999999997,6.08,-3.69727371938211,,,,,,,,,,,,,,,,,,,,,,,,,,,,,,,,,,,-3.69727371938211
929,254,Davis Schneider,TOR,129,1,RIGHT,454,397,76,48,13,46,47,6,0,0.191,LF| 2B,-1.333,-0.798,-1.176,-0.488,-2.016,-5.812,-1.4240000000000004,4.388,-3.787710630503689,,,,,,,,,,,,,,,,,,,,,,,,,,,,,,,,,,,-3.787710630503689
930,356,Adrian Del Castillo,ARI,25,6,LEFT,87,80,25,12,4,19,7,1,1,0.312,CC,-3.317,-1.804,-2.53,-0.915,0.339,-8.228,-1.4459999999999995,6.782,-3.846228631817648,,,,,,,,,,,,,,,,,,,,,,,,,,,,,,,,,,,-3.846228631817648
931,241,Donovan Solano,SEA| TEX| SFN| CIN| MIN| SDN,95,5,RIGHT,309,283,81,31,8,35,22,2,1,0.286,1B| DH| 3B,-2.27,-1.357,-1.728,-0.829,0.626,-5.558,-1.452,4.106,-3.862188086721457,,,,,,,,,,,,,,,,,,,,,,,,,,,,,,,,,,,-3.862188086721457
932,256,Connor Joe,CIN| SDN| COL| PIT,120,3,RIGHT,416,364,83,49,9,36,44,2,2,0.228,1B| RF,-1.278,-1.246,-1.677,-0.829,-0.824,-5.855,-1.4670000000000003,4.388,-3.9020867239809776,,,,,,,,,,,,,,,,,,,,,,,,,,,,,,,,,,,-3.9020867239809776
933,246,Enrique Hernandez,LAN| BOS,121,8,RIGHT,393,362,83,44,12,42,27,0,0,0.229,3B,-1.554,-0.91,-1.376,-1.0,-0.785,-5.625,-1.519,4.106,-4.040401999813977,,,,,,,,,,,,,,,,,,,,,,,,,,,,,,,,,,,-4.040401999813977
934,214,Ty France,MIN| TOR| SDN| SEA| CIN,139,6,RIGHT,535,479,112,46,13,51,38,1,1,0.234,1B,-1.443,-0.798,-0.925,-0.915,-0.871,-4.953,-1.523,3.43,-4.051041636416515,,,,,,,,,,,,,,,,,,,,,,,,,,,,,,,,,,,-4.051041636416515
935,252,Jared Triolo,PIT,119,8,RIGHT,446,394,85,40,9,46,42,8,1,0.216,2B| 3B,-1.774,-1.246,-1.176,-0.317,-1.265,-5.777,-1.5520000000000005,4.225,-4.128179001784919,,,,,,,,,,,,,,,,,,,,,,,,,,,,,,,,,,,-4.128179001784919
936,215,Jake Bauers,MIL| CLE| SEA| NYA,112,5,LEFT,346,302,60,45,12,43,39,13,1,0.199,1B,-1.498,-0.91,-1.326,0.11,-1.366,-4.991,-1.5609999999999995,3.43,-4.152118184140629,,,,,,,,,,,,,,,,,,,,,,,,,,,,,,,,,,,-4.152118184140629
937,322,Brett Wisely,ATL| SFN,84,9,LEFT,272,252,60,23,4,31,13,2,3,0.238,2B| SS,-2.711,-1.804,-1.928,-0.829,-0.376,-7.648,-1.5679999999999996,6.08,-4.170737548195071,,,,,,,,,,,,,,,,,,,,,,,,,,,,,,,,,,,-4.170737548195071
938,325,Javier Baez,DET| CHN| NYN,79,8,RIGHT,289,272,50,25,6,37,12,8,1,0.184,SS,-2.6,-1.581,-1.627,-0.317,-1.541,-7.666,-1.5860000000000003,6.08,-4.218615912906496,,,,,,,,,,,,,,,,,,,,,,,,,,,,,,,,,,,-4.218615912906496
939,360,Christian Bethancourt,OAK| TBA| CHN| MIA,46,9,RIGHT,147,139,29,17,5,22,5,3,0,0.209,CC,-3.041,-1.693,-2.38,-0.744,-0.522,-8.38,-1.5980000000000008,6.782,-4.250534822714112,,,,,,,,,,,,,,,,,,,,,,,,,,,,,,,,,,,-4.250534822714112
940,259,Richie Palacios,TBA| CLE| SLN,89,6,LEFT,316,264,59,42,5,21,45,17,1,0.223,RF| 2B| LF,-1.664,-1.693,-2.43,0.451,-0.69,-6.025,-1.6370000000000005,4.388,-4.354271279588861,,,,,,,,,,,,,,,,,,,,,,,,,,,,,,,,,,,-4.354271279588861
941,260,Garrett Mitchell,MIL,67,3,LEFT,224,196,50,33,8,21,25,11,3,0.255,RF| CF,-2.16,-1.357,-2.43,-0.061,-0.036,-6.044,-1.6559999999999997,4.388,-4.404809553450917,,,,,,,,,,,,,,,,,,,,,,,,,,,,,,,,,,,-4.404809553450917
942,362,Sean Murphy,ATL| OAK,71,7,RIGHT,264,233,45,19,10,25,27,0,0,0.193,CC,-2.931,-1.134,-2.229,-1.0,-1.153,-8.447,-1.6649999999999991,6.782,-4.428748735806627,,,,,,,,,,,,,,,,,,,,,,,,,,,,,,,,,,,-4.428748735806627
943,261,Stuart Fairchild,ATL| ARI| CIN| SEA| SFN,85,9,RIGHT,233,209,45,33,8,30,17,13,1,0.215,CF| RF,-2.16,-1.357,-1.978,0.11,-0.678,-6.064,-1.6760000000000002,4.388,-4.45800773646361,,,,,,,,,,,,,,,,,,,,,,,,,,,,,,,,,,,-4.45800773646361
944,264,Gavin Sheets,SDN| CHA,139,4,LEFT,501,451,105,35,10,45,43,2,2,0.233,1B| DH| RF,-2.049,-1.134,-1.226,-0.829,-0.855,-6.094,-1.7060000000000004,4.388,-4.537805010982649,,,,,,,,,,,,,,,,,,,,,,,,,,,,,,,,,,,-4.537805010982649
945,255,Josh Rojas,CHA| ARI| SEA,138,9,LEFT,476,422,95,48,8,31,46,10,4,0.225,3B,-1.333,-1.357,-1.928,-0.146,-1.05,-5.815,-1.7090000000000003,4.106,-4.545784738434554,,,,,,,,,,,,,,,,,,,,,,,,,,,,,,,,,,,-4.545784738434554
946,257,Thairo Estrada,COL| NYA| SFN,96,7,RIGHT,381,364,79,43,9,47,10,2,2,0.217,2B,-1.609,-1.246,-1.126,-0.829,-1.132,-5.941,-1.7160000000000002,4.225,-4.564404102488995,,,,,,,,,,,,,,,,,,,,,,,,,,,,,,,,,,,-4.564404102488995
947,265,Tyler Freeman,COL| CLE,112,8,RIGHT,383,330,69,47,7,32,28,10,6,0.209,CF,-1.388,-1.469,-1.878,-0.146,-1.228,-6.11,-1.7220000000000004,4.388,-4.580363557392803,,,,,,,,,,,,,,,,,,,,,,,,,,,,,,,,,,,-4.580363557392803
948,267,David Peralta,ARI| TBA| LAN| SDN,89,7,LEFT,260,236,63,35,8,28,22,2,0,0.267,RF,-2.049,-1.357,-2.079,-0.829,0.172,-6.143,-1.755,4.388,-4.668140559363744,,,,,,,,,,,,,,,,,,,,,,,,,,,,,,,,,,,-4.668140559363744
949,268,Miguel Andujar,ATH| CIN| NYA| PIT| OAK,75,2,RIGHT,319,302,86,31,4,30,13,3,2,0.285,LF,-2.27,-1.804,-1.978,-0.744,0.634,-6.163,-1.7750000000000004,4.388,-4.721338742376438,,,,,,,,,,,,,,,,,,,,,,,,,,,,,,,,,,,-4.721338742376438
950,269,Ronald Acuna,ATL,49,1,RIGHT,222,192,48,38,4,15,27,16,3,0.25,RF,-1.884,-1.804,-2.731,0.366,-0.11,-6.164,-1.7759999999999998,4.388,-4.72399865152707,,,,,,,,,,,,,,,,,,,,,,,,,,,,,,,,,,,-4.72399865152707
951,225,Jon Singleton,HOU| MIL,119,6,LEFT,405,355,83,46,13,42,47,0,0,0.234,1B,-1.443,-0.798,-1.376,-1.0,-0.646,-5.264,-1.834,3.43,-4.878273382263879,,,,,,,,,,,,,,,,,,,,,,,,,,,,,,,,,,,-4.878273382263879
952,274,Mitch Haniger,SEA| SFN,121,7,RIGHT,423,380,79,42,12,44,40,0,0,0.208,DH| RF,-1.664,-0.91,-1.276,-1.0,-1.449,-6.299,-1.9110000000000005,4.388,-5.083086386862745,,,,,,,,,,,,,,,,,,,,,,,,,,,,,,,,,,,-5.083086386862745
953,233,LaMonte Wade,ANA| SFN| MIN,116,2,LEFT,401,331,86,45,8,34,62,2,1,0.26,1B,-1.498,-1.357,-1.778,-0.829,0.06,-5.403,-1.9729999999999996,3.43,-5.248000754202089,,,,,,,,,,,,,,,,,,,,,,,,,,,,,,,,,,,-5.248000754202089
954,278,Jason Heyward,SDN| CHN| LAN| HOU,84,8,LEFT,258,228,48,32,10,37,22,5,0,0.211,RF,-2.215,-1.134,-1.627,-0.573,-0.823,-6.372,-1.984,4.388,-5.27725975485907,,,,,,,,,,,,,,,,,,,,,,,,,,,,,,,,,,,-5.27725975485907
955,346,Blaze Alexander,ARI,54,8,RIGHT,185,166,41,19,3,21,15,3,0,0.247,SS,-2.931,-1.916,-2.43,-0.744,-0.134,-8.155,-2.0749999999999997,6.08,-5.519311487566818,,,,,,,,,,,,,,,,,,,,,,,,,,,,,,,,,,,-5.519311487566818
956,349,Vidal Brujan,ATL| BAL| CHN| TBA| MIA,92,8,SWITCH,278,248,55,32,2,16,25,5,5,0.222,2B| SS,-2.215,-2.028,-2.681,-0.573,-0.681,-8.178,-2.0980000000000008,6.08,-5.5804893980314185,,,,,,,,,,,,,,,,,,,,,,,,,,,,,,,,,,,-5.5804893980314185
957,240,Jonah Bride,MIA| MIN| OAK,67,4,RIGHT,272,232,64,30,11,39,30,0,1,0.276,1B,-2.325,-1.022,-1.527,-1.0,0.328,-5.546,-2.116,3.43,-5.62836776274284,,,,,,,,,,,,,,,,,,,,,,,,,,,,,,,,,,,-5.62836776274284
958,285,Michael Siani,SLN| CIN,107,9,LEFT,334,298,68,35,2,20,21,20,3,0.228,CF,-2.049,-2.028,-2.48,0.707,-0.671,-6.522,-2.1340000000000003,4.388,-5.676246127454263,,,,,,,,,,,,,,,,,,,,,,,,,,,,,,,,,,,-5.676246127454263
959,392,Kyle McCann,OAK,52,7,LEFT,157,140,33,13,5,15,16,0,0,0.236,CC,-3.262,-1.693,-2.731,-1.0,-0.234,-8.92,-2.138,6.782,-5.6868857640568,,,,,,,,,,,,,,,,,,,,,,,,,,,,,,,,,,,-5.6868857640568
960,277,Lenyn Sosa,CHA,98,7,RIGHT,369,351,89,28,8,35,12,3,1,0.254,2B| 3B,-2.435,-1.357,-1.728,-0.744,-0.106,-6.37,-2.1450000000000005,4.225,-5.705505128111245,,,,,,,,,,,,,,,,,,,,,,,,,,,,,,,,,,,-5.705505128111245
961,410,Austin Barnes,LAN,51,9,RIGHT,156,140,37,12,1,11,14,3,0,0.264,CC,-3.317,-2.14,-2.932,-0.744,0.073,-9.059,-2.2769999999999992,6.782,-6.05661313599501,,,,,,,,,,,,,,,,,,,,,,,,,,,,,,,,,,,-6.05661313599501
962,288,Jonny DeLuca,TBA| LAN,99,6,RIGHT,362,332,72,28,6,31,24,15,6,0.217,RF| CF,-2.435,-1.581,-1.928,0.28,-1.037,-6.701,-2.313,4.388,-6.152369865417858,,,,,,,,,,,,,,,,,,,,,,,,,,,,,,,,,,,-6.152369865417858
963,414,Luis Torrens,NYN| SDN| SEA| CHN,42,8,RIGHT,130,118,27,14,3,15,9,0,1,0.229,CC,-3.207,-1.916,-2.731,-1.0,-0.26,-9.114,-2.3320000000000007,6.782,-6.202908139279917,,,,,,,,,,,,,,,,,,,,,,,,,,,,,,,,,,,-6.202908139279917
964,363,Daniel Schneemann,CLE,73,7,LEFT,221,193,42,17,5,22,25,3,2,0.218,SS,-3.041,-1.693,-2.38,-0.744,-0.592,-8.449,-2.369,6.08,-6.301324777853396,,,,,,,,,,,,,,,,,,,,,,,,,,,,,,,,,,,-6.301324777853396
965,290,Sam Hilliard,COL| ATL,47,9,LEFT,158,138,33,24,10,27,14,4,1,0.239,LF,-2.656,-1.134,-2.129,-0.659,-0.195,-6.772,-2.3840000000000003,4.388,-6.341223415112917,,,,,,,,,,,,,,,,,,,,,,,,,,,,,,,,,,,-6.341223415112917
966,417,Reese McGuire,CHN| TOR| BOS| CHA,51,8,LEFT,158,139,29,10,3,18,13,3,0,0.209,CC,-3.427,-1.916,-2.581,-0.744,-0.522,-9.19,-2.4079999999999995,6.782,-6.405061234728144,,,,,,,,,,,,,,,,,,,,,,,,,,,,,,,,,,,-6.405061234728144
967,292,Nick Gordon,MIN| MIA,92,7,LEFT,275,260,59,29,8,32,11,5,5,0.227,LF,-2.38,-1.357,-1.878,-0.573,-0.611,-6.8,-2.412,4.388,-6.415700871330684,,,,,,,,,,,,,,,,,,,,,,,,,,,,,,,,,,,-6.415700871330684
968,366,Taylor Walls,TBA,74,9,SWITCH,252,218,40,26,1,14,31,14,3,0.183,SS,-2.545,-2.14,-2.781,0.195,-1.241,-8.512,-2.4320000000000004,6.08,-6.468899054343378,,,,,,,,,,,,,,,,,,,,,,,,,,,,,,,,,,,-6.468899054343378
969,293,Whit Merrifield,KCA| TOR| ATL| PHI,89,9,RIGHT,335,293,65,40,4,15,35,15,2,0.222,2B| LF,-1.774,-1.804,-2.731,0.28,-0.803,-6.832,-2.444,4.388,-6.500817964150992,,,,,,,,,,,,,,,,,,,,,,,,,,,,,,,,,,,-6.500817964150992
970,422,Garrett Stubbs,PHI| HOU,52,9,LEFT,187,164,34,18,1,11,17,5,0,0.207,CC,-2.986,-2.14,-2.932,-0.573,-0.633,-9.263,-2.481,6.782,-6.599234602724472,,,,,,,,,,,,,,,,,,,,,,,,,,,,,,,,,,,-6.599234602724472
971,295,Manuel Margot,DET| TBA| MIN,116,1,RIGHT,343,315,75,34,4,31,21,5,0,0.238,RF| LF| CF,-2.105,-1.804,-1.928,-0.573,-0.469,-6.88,-2.492,4.388,-6.628493603381454,,,,,,,,,,,,,,,,,,,,,,,,,,,,,,,,,,,-6.628493603381454
972,423,Matt Thaiss,CHA| TBA| ANA,57,6,LEFT,186,157,32,14,2,16,28,3,0,0.204,CC,-3.207,-2.028,-2.681,-0.744,-0.648,-9.307,-2.5250000000000004,6.782,-6.716270605352396,,,,,,,,,,,,,,,,,,,,,,,,,,,,,,,,,,,-6.716270605352396
973,286,Ke'Bryan Hayes,CIN| PIT,96,3,RIGHT,396,365,85,38,4,25,23,11,2,0.233,3B,-1.884,-1.804,-2.229,-0.061,-0.69,-6.669,-2.563,4.106,-6.81734715307651,,,,,,,,,,,,,,,,,,,,,,,,,,,,,,,,,,,-6.81734715307651
974,378,Leo Jimenez,TOR,61,9,RIGHT,210,179,41,18,4,19,12,0,0,0.229,SS| 2B,-2.986,-1.804,-2.53,-1.0,-0.391,-8.712,-2.632,6.08,-7.000880884470298,,,,,,,,,,,,,,,,,,,,,,,,,,,,,,,,,,,-7.000880884470298
975,382,Brooks Lee,MIN,50,8,SWITCH,185,172,38,9,3,27,11,3,0,0.221,SS,-3.482,-1.916,-2.129,-0.744,-0.483,-8.755,-2.6750000000000007,6.08,-7.115256977947589,,,,,,,,,,,,,,,,,,,,,,,,,,,,,,,,,,,-7.115256977947589
976,302,Jhonkensy Noel,CLE,65,7,RIGHT,198,179,39,24,13,28,13,0,0,0.218,RF,-2.656,-0.798,-2.079,-1.0,-0.545,-7.078,-2.6900000000000004,4.388,-7.155155615207108,,,,,,,,,,,,,,,,,,,,,,,,,,,,,,,,,,,-7.155155615207108
977,305,Eddie Rosario,ATL| LAN| MIN| CLE| WAS,91,7,LEFT,319,297,52,33,10,35,16,9,1,0.175,LF| RF,-2.16,-1.134,-1.728,-0.232,-1.882,-7.135,-2.747,4.388,-7.306770436793279,,,,,,,,,,,,,,,,,,,,,,,,,,,,,,,,,,,-7.306770436793279
978,385,Nick Ahmed,TEX| ARI| LAN| SDN| SFN,68,9,RIGHT,228,210,48,20,2,17,11,2,1,0.229,SS,-2.876,-2.028,-2.631,-0.829,-0.467,-8.831,-2.7509999999999994,6.08,-7.317410073395816,,,,,,,,,,,,,,,,,,,,,,,,,,,,,,,,,,,-7.317410073395816
979,429,Tomas Nido,DET| NYN| CHN,45,9,RIGHT,140,130,25,14,4,12,5,0,0,0.192,CC,-3.207,-1.804,-2.882,-1.0,-0.652,-9.544,-2.7620000000000005,6.782,-7.3466690740528,,,,,,,,,,,,,,,,,,,,,,,,,,,,,,,,,,,-7.3466690740528
980,300,Andy Ibanez,DET| TEX,99,2,RIGHT,244,224,54,30,5,32,15,2,3,0.241,2B,-2.325,-1.693,-1.878,-0.829,-0.283,-7.008,-2.7830000000000004,4.225,-7.402527166216126,,,,,,,,,,,,,,,,,,,,,,,,,,,,,,,,,,,-7.402527166216126
981,430,Jose Herrera,ARI,39,9,SWITCH,114,97,22,11,1,13,9,0,0,0.227,CC,-3.372,-2.14,-2.831,-1.0,-0.229,-9.572,-2.789999999999999,6.782,-7.421146530270565,,,,,,,,,,,,,,,,,,,,,,,,,,,,,,,,,,,-7.421146530270565
982,272,Spencer Torkelson,DET,92,6,RIGHT,381,342,75,45,10,37,33,0,0,0.219,1B,-1.498,-1.134,-1.627,-1.0,-1.004,-6.264,-2.834,3.43,-7.5381825328984915,,,,,,,,,,,,,,,,,,,,,,,,,,,,,,,,,,,-7.5381825328984915
983,298,Abraham Toro,BOS| HOU| SEA| MIL| OAK,93,1,SWITCH,364,337,81,34,6,26,20,4,2,0.24,3B,-2.105,-1.581,-2.179,-0.659,-0.444,-6.967,-2.861,4.106,-7.610000079965625,,,,,,,,,,,,,,,,,,,,,,,,,,,,,,,,,,,-7.610000079965625
984,299,Connor Norby,MIA| BAL,45,2,RIGHT,194,178,42,32,9,20,15,3,3,0.236,3B,-2.215,-1.246,-2.48,-0.744,-0.295,-6.979,-2.873,4.106,-7.641918989773242,,,,,,,,,,,,,,,,,,,,,,,,,,,,,,,,,,,-7.641918989773242
985,304,Jorge Mateo,BAL| SDN,62,9,RIGHT,208,192,44,28,5,18,10,12,2,0.229,2B,-2.435,-1.693,-2.581,0.024,-0.418,-7.102,-2.8770000000000007,4.225,-7.652558626375781,,,,,,,,,,,,,,,,,,,,,,,,,,,,,,,,,,,-7.652558626375781
986,395,Trey Sweeney,DET,33,8,LEFT,119,110,24,11,4,17,7,2,0,0.218,SS,-3.372,-1.804,-2.631,-0.829,-0.332,-8.969,-2.889,6.08,-7.684477536183393,,,,,,,,,,,,,,,,,,,,,,,,,,,,,,,,,,,-7.684477536183393
987,307,Chas McCormick,HOU,84,9,RIGHT,267,242,51,31,5,27,17,8,2,0.211,RF| LF,-2.27,-1.693,-2.129,-0.317,-0.87,-7.278,-2.89,4.388,-7.687137445334028,,,,,,,,,,,,,,,,,,,,,,,,,,,,,,,,,,,-7.687137445334028
988,276,Juan Yepez,SLN| WAS,62,3,RIGHT,249,226,64,32,6,26,18,2,1,0.283,1B,-2.215,-1.581,-2.179,-0.829,0.447,-6.357,-2.927,3.43,-7.78555408390751,,,,,,,,,,,,,,,,,,,,,,,,,,,,,,,,,,,-7.78555408390751
989,279,Triston Casas,BOS,62,4,LEFT,243,212,51,28,13,32,30,0,1,0.241,1B,-2.435,-0.798,-1.878,-1.0,-0.276,-6.387,-2.9569999999999994,3.43,-7.865351358426547,,,,,,,,,,,,,,,,,,,,,,,,,,,,,,,,,,,-7.865351358426547
990,451,Riley Adams,WAS| TOR,39,8,RIGHT,130,116,26,10,2,8,10,1,0,0.224,CC,-3.427,-2.028,-3.082,-0.915,-0.297,-9.749,-2.9670000000000005,6.782,-7.891950449932896,,,,,,,,,,,,,,,,,,,,,,,,,,,,,,,,,,,-7.891950449932896
991,408,Trevor Story,BOS| COL,26,3,RIGHT,106,94,24,8,2,10,11,6,3,0.255,SS,-3.537,-2.028,-2.982,-0.488,-0.016,-9.05,-2.9700000000000006,6.08,-7.8999301773848,,,,,,,,,,,,,,,,,,,,,,,,,,,,,,,,,,,-7.8999301773848
992,310,Austin Martin,MIN,79,9,RIGHT,257,233,59,35,1,16,20,6,3,0.253,LF| CF,-2.049,-2.14,-2.681,-0.488,-0.076,-7.434,-3.0460000000000003,4.388,-8.10208327283303,,,,,,,,,,,,,,,,,,,,,,,,,,,,,,,,,,,-8.10208327283303
993,311,Derek Hill,CHA| MIA| DET| WAS| SFN| TEX,49,7,RIGHT,172,162,39,17,7,25,5,6,2,0.241,CF,-3.041,-1.469,-2.229,-0.488,-0.208,-7.436,-3.048,4.388,-8.107403091134298,,,,,,,,,,,,,,,,,,,,,,,,,,,,,,,,,,,-8.107403091134298
994,317,Jack Suwinski,PIT,83,8,LEFT,277,247,45,29,9,26,27,8,1,0.182,LF| CF,-2.38,-1.246,-2.179,-0.317,-1.43,-7.552,-3.164,4.388,-8.415952552607912,,,,,,,,,,,,,,,,,,,,,,,,,,,,,,,,,,,-8.415952552607912
995,309,Ildemaro Vargas,ARI| CHN| MIN| PIT| WAS,91,7,SWITCH,303,272,67,21,1,30,19,9,4,0.246,2B| 3B,-2.821,-2.14,-1.978,-0.232,-0.233,-7.404,-3.1790000000000003,4.225,-8.455851189867433,,,,,,,,,,,,,,,,,,,,,,,,,,,,,,,,,,,-8.455851189867433
996,319,Austin Hays,CIN| BAL| PHI,78,6,RIGHT,255,235,60,26,5,20,9,2,2,0.255,LF,-2.545,-1.693,-2.48,-0.829,-0.039,-7.586,-3.1980000000000004,4.388,-8.50638946372949,,,,,,,,,,,,,,,,,,,,,,,,,,,,,,,,,,,-8.50638946372949
997,473,Austin Hedges,CLE| SDN| PIT| TEX,51,9,RIGHT,146,132,20,12,2,15,6,2,0,0.152,CC,-3.317,-2.028,-2.731,-0.829,-1.076,-9.981,-3.199,6.782,-8.509049372880124,,,,,,,,,,,,,,,,,,,,,,,,,,,,,,,,,,,-8.509049372880124
998,312,Edouard Julien,MIN,91,1,LEFT,301,266,53,36,8,21,33,6,0,0.199,2B,-1.994,-1.357,-2.43,-0.488,-1.191,-7.461,-3.2360000000000007,4.225,-8.607466011453607,,,,,,,,,,,,,,,,,,,,,,,,,,,,,,,,,,,-8.607466011453607
999,321,Tommy Edman,LAN| SLN,37,6,SWITCH,153,139,33,20,6,20,11,6,0,0.237,CF,-2.876,-1.581,-2.48,-0.488,-0.214,-7.639,-3.2510000000000003,4.388,-8.647364648713125,,,,,,,,,,,,,,,,,,,,,,,,,,,,,,,,,,,-8.647364648713125
1000,484,Curt Casali,CIN| SFN| SEA,38,9,RIGHT,125,108,21,12,1,8,13,0,0,0.194,CC,-3.317,-2.14,-3.082,-1.0,-0.524,-10.062,-3.28,6.782,-8.724502014081526,,,,,,,,,,,,,,,,,,,,,,,,,,,,,,,,,,,-8.724502014081526
1001,289,Anthony Rizzo,CHN| NYA,92,6,LEFT,375,337,77,38,8,35,27,0,0,0.228,1B,-1.884,-1.357,-1.728,-1.0,-0.751,-6.72,-3.29,3.43,-8.751101105587873,,,,,,,,,,,,,,,,,,,,,,,,,,,,,,,,,,,-8.751101105587873
1002,491,Tucker Barnhart,TEX| CIN| DET| CHN| ARI,31,8,LEFT,96,81,14,13,0,6,13,1,0,0.173,CC,-3.262,-2.251,-3.183,-0.915,-0.527,-10.138,-3.356,6.782,-8.926655109529758,,,,,,,,,,,,,,,,,,,,,,,,,,,,,,,,,,,-8.926655109529758
1003,329,Nolan Jones,CLE| COL,76,7,LEFT,297,256,58,27,3,28,36,4,4,0.227,LF,-2.49,-1.916,-2.079,-0.659,-0.609,-7.752,-3.364,4.388,-8.947934382734836,,,,,,,,,,,,,,,,,,,,,,,,,,,,,,,,,,,-8.947934382734836
1004,330,Mike Trout,ANA,29,3,RIGHT,126,109,24,17,10,14,16,6,1,0.22,CF,-3.041,-1.134,-2.781,-0.488,-0.313,-7.757,-3.369,4.388,-8.961233928488008,,,,,,,,,,,,,,,,,,,,,,,,,,,,,,,,,,,-8.961233928488008
1005,331,Alex Call,LAN| WAS| CLE,29,1,RIGHT,113,99,34,15,3,14,12,5,1,0.343,RF,-3.151,-1.916,-2.781,-0.573,0.655,-7.768,-3.38,4.388,-8.990492929144988,,,,,,,,,,,,,,,,,,,,,,,,,,,,,,,,,,,-8.990492929144988
1006,497,Alex Jackson,BAL| ATL| MIA| MIL| TBA,53,9,RIGHT,155,139,17,17,3,12,12,1,0,0.122,CC,-3.041,-1.916,-2.882,-0.915,-1.445,-10.199,-3.417,6.782,-9.088909567718469,,,,,,,,,,,,,,,,,,,,,,,,,,,,,,,,,,,-9.088909567718469
1007,333,Dairon Blanco,KCA,45,9,RIGHT,132,120,31,17,4,13,8,10,3,0.258,LF,-3.041,-1.804,-2.831,-0.146,0.008,-7.816,-3.428,4.388,-9.11816856837545,,,,,,,,,,,,,,,,,,,,,,,,,,,,,,,,,,,-9.11816856837545
1008,334,Trent Grisham,NYA| SDN,67,9,LEFT,209,179,34,20,9,31,22,1,1,0.19,CF,-2.876,-1.246,-1.928,-0.915,-0.93,-7.894,-3.506,4.388,-9.32564148212495,,,,,,,,,,,,,,,,,,,,,,,,,,,,,,,,,,,-9.32564148212495
1009,508,Luke Maile,KCA| MIL| CLE| CIN,53,9,RIGHT,154,135,24,8,2,8,13,2,0,0.178,CC,-3.537,-2.028,-3.082,-0.829,-0.827,-10.304,-3.522,6.782,-9.368200028535105,,,,,,,,,,,,,,,,,,,,,,,,,,,,,,,,,,,-9.368200028535105
1010,297,Dominic Smith,SFN| NYN| WAS| BOS| CIN,92,6,LEFT,307,275,64,33,6,34,28,1,1,0.233,1B,-2.16,-1.581,-1.778,-0.915,-0.523,-6.956,-3.526,3.43,-9.378839665137644,,,,,,,,,,,,,,,,,,,,,,,,,,,,,,,,,,,-9.378839665137644
1011,323,Josh Jung,TEX,46,6,RIGHT,188,178,47,19,7,16,8,4,0,0.264,3B,-2.931,-1.469,-2.681,-0.659,0.09,-7.65,-3.5440000000000005,4.106,-9.426718029849066,,,,,,,,,,,,,,,,,,,,,,,,,,,,,,,,,,,-9.426718029849066
1012,324,Emmanuel Rivera,BAL| KCA| ARI| MIA,96,8,RIGHT,302,265,63,23,5,29,26,2,0,0.238,3B,-2.711,-1.693,-2.029,-0.829,-0.402,-7.663,-3.5570000000000004,4.106,-9.461296848807317,,,,,,,,,,,,,,,,,,,,,,,,,,,,,,,,,,,-9.461296848807317
1013,338,Kevin Kiermaier,TBA| TOR| LAN,89,9,LEFT,281,259,51,28,5,26,12,6,2,0.197,CF,-2.435,-1.693,-2.179,-0.488,-1.206,-8.001,-3.613,4.388,-9.610251761242854,,,,,,,,,,,,,,,,,,,,,,,,,,,,,,,,,,,-9.610251761242854
1014,341,Michael Taylor,CHA| WAS| KCA| MIN| PIT,89,9,RIGHT,300,269,52,32,5,21,23,7,1,0.193,CF,-2.215,-1.693,-2.43,-0.403,-1.327,-8.067,-3.679,4.388,-9.78580576518474,,,,,,,,,,,,,,,,,,,,,,,,,,,,,,,,,,,-9.78580576518474
1015,532,Yan Gomes,WAS| OAK| CHN,30,9,RIGHT,96,91,14,7,2,7,2,0,0,0.154,CC,-3.592,-2.028,-3.132,-1.0,-0.725,-10.478,-3.696,6.782,-9.831024220745526,,,,,,,,,,,,,,,,,,,,,,,,,,,,,,,,,,,-9.831024220745526
1016,537,Andrew Knizner,SFN| SLN| TEX,32,8,RIGHT,93,90,15,5,1,9,1,0,0,0.167,CC,-3.702,-2.14,-3.032,-1.0,-0.629,-10.503,-3.721,6.782,-9.897521949511392,,,,,,,,,,,,,,,,,,,,,,,,,,,,,,,,,,,-9.897521949511392
1017,337,Enmanuel Valdez,PIT| BOS,72,7,LEFT,223,201,43,23,6,28,17,1,1,0.214,2B,-2.711,-1.581,-2.079,-0.915,-0.673,-7.958,-3.733000000000001,4.225,-9.929440859319008,,,,,,,,,,,,,,,,,,,,,,,,,,,,,,,,,,,-9.929440859319008
1018,542,Dillon Dingler,DET,24,9,RIGHT,87,84,14,2,1,11,3,0,0,0.167,CC,-3.868,-2.14,-2.932,-1.0,-0.587,-10.526,-3.744,6.782,-9.958699859975988,,,,,,,,,,,,,,,,,,,,,,,,,,,,,,,,,,,-9.958699859975988
1019,458,Leo Rivas,SEA,29,9,SWITCH,86,73,17,8,0,8,10,2,0,0.233,SS,-3.537,-2.251,-3.082,-0.829,-0.138,-9.838,-3.757999999999999,6.08,-9.99593858808487,,,,,,,,,,,,,,,,,,,,,,,,,,,,,,,,,,,-9.99593858808487
1020,344,Edward Olivares,KCA| SDN| PIT,55,5,RIGHT,196,174,39,22,5,23,16,1,0,0.224,RF,-2.766,-1.693,-2.33,-0.915,-0.446,-8.149,-3.7609999999999992,4.388,-10.003918315536774,,,,,,,,,,,,,,,,,,,,,,,,,,,,,,,,,,,-10.003918315536774
1021,345,Adam Duvall,ATL| MIA| BOS,100,6,RIGHT,330,303,55,29,11,30,21,0,0,0.182,LF| RF,-2.38,-1.022,-1.978,-1.0,-1.77,-8.151,-3.763,4.388,-10.009238133838046,,,,,,,,,,,,,,,,,,,,,,,,,,,,,,,,,,,-10.009238133838046
1022,347,Dane Myers,MIA,41,6,RIGHT,108,95,25,16,3,19,8,4,1,0.263,RF,-3.096,-1.916,-2.53,-0.659,0.042,-8.16,-3.772,4.388,-10.033177316193758,,,,,,,,,,,,,,,,,,,,,,,,,,,,,,,,,,,-10.033177316193758
1023,466,Tim Anderson,ANA| CHA| MIA,64,6,RIGHT,241,234,50,15,0,9,7,4,4,0.214,SS,-3.151,-2.251,-3.032,-0.659,-0.788,-9.882,-3.802,6.08,-10.112974590712794,,,,,,,,,,,,,,,,,,,,,,,,,,,,,,,,,,,-10.112974590712794
1024,351,Adam Frazier,KCA| PIT| SDN| SEA| BAL,101,7,LEFT,294,262,53,33,4,22,22,3,0,0.202,2B| RF,-2.16,-1.804,-2.38,-0.744,-1.112,-8.2,-3.812,4.388,-10.13957368221914,,,,,,,,,,,,,,,,,,,,,,,,,,,,,,,,,,,-10.13957368221914
1025,340,Kyle Farmer,COL| CIN| MIN,95,8,RIGHT,242,215,46,24,5,25,19,3,5,0.214,2B| 3B,-2.656,-1.693,-2.229,-0.744,-0.72,-8.041,-3.8160000000000007,4.225,-10.150213318821685,,,,,,,,,,,,,,,,,,,,,,,,,,,,,,,,,,,-10.150213318821685
1026,352,Joey Loperfido,TOR| HOU,76,8,LEFT,262,243,52,23,4,25,13,4,1,0.214,LF| CF,-2.711,-1.804,-2.229,-0.659,-0.813,-8.216,-3.828,4.388,-10.182132228629294,,,,,,,,,,,,,,,,,,,,,,,,,,,,,,,,,,,-10.182132228629294
1027,354,Chris Taylor,ANA| LAN,80,9,RIGHT,246,213,43,25,4,23,28,5,1,0.202,2B| LF| 3B,-2.6,-1.804,-2.33,-0.573,-0.911,-8.219,-3.831,4.388,-10.190111956081198,,,,,,,,,,,,,,,,,,,,,,,,,,,,,,,,,,,-10.190111956081198
1028,353,Addison Barger,TOR,67,7,LEFT,225,208,41,20,7,28,14,2,0,0.197,RF| 3B,-2.876,-1.469,-2.079,-0.829,-0.966,-8.219,-3.831,4.388,-10.190111956081198,,,,,,,,,,,,,,,,,,,,,,,,,,,,,,,,,,,-10.190111956081198
1029,553,Martin Maldonado,SDN| HOU| CHA,48,9,RIGHT,147,135,16,9,4,11,8,0,0,0.119,CC,-3.482,-1.804,-2.932,-1.0,-1.443,-10.661,-3.879,6.782,-10.31778759531166,,,,,,,,,,,,,,,,,,,,,,,,,,,,,,,,,,,-10.31778759531166
1030,556,Ali Sanchez,BOS| TOR| NYN| SLN| MIA,30,9,RIGHT,96,84,14,4,0,4,4,2,1,0.167,CC,-3.758,-2.251,-3.283,-0.829,-0.587,-10.708,-3.926,6.782,-10.442803325391488,,,,,,,,,,,,,,,,,,,,,,,,,,,,,,,,,,,-10.442803325391488
1031,476,Jacob Wilson,ATH| OAK,27,9,RIGHT,103,92,23,11,0,3,8,0,0,0.25,SS,-3.372,-2.251,-3.333,-1.0,-0.053,-10.009,-3.929,6.08,-10.450783052843391,,,,,,,,,,,,,,,,,,,,,,,,,,,,,,,,,,,-10.450783052843391
1032,348,Jackson Holliday,BAL,60,9,LEFT,208,190,36,27,5,23,15,4,0,0.189,2B,-2.49,-1.693,-2.33,-0.659,-0.994,-8.165,-3.94,4.225,-10.480042053500371,,,,,,,,,,,,,,,,,,,,,,,,,,,,,,,,,,,-10.480042053500371
1033,481,Nasim Nunez,WAS,32,9,SWITCH,78,61,15,6,0,1,12,4,2,0.246,SS,-3.647,-2.251,-3.433,-0.659,-0.054,-10.045,-3.965,6.08,-10.546539782266237,,,,,,,,,,,,,,,,,,,,,,,,,,,,,,,,,,,-10.546539782266237
1034,561,Omar Narvaez,CHA| MIL| NYN,23,9,LEFT,69,65,10,4,0,5,3,0,0,0.154,CC,-3.758,-2.251,-3.233,-1.0,-0.518,-10.76,-3.978,6.782,-10.581118601224489,,,,,,,,,,,,,,,,,,,,,,,,,,,,,,,,,,,-10.581118601224489
1035,343,Noelvi Marte,CIN,65,9,RIGHT,242,229,48,24,4,18,9,9,3,0.21,3B,-2.656,-1.804,-2.581,-0.232,-0.843,-8.115,-4.009,4.106,-10.663575784894162,,,,,,,,,,,,,,,,,,,,,,,,,,,,,,,,,,,-10.663575784894162
1036,566,Henry Davis,PIT,34,9,RIGHT,122,104,15,8,1,5,13,0,0,0.144,CC,-3.537,-2.14,-3.233,-1.0,-0.906,-10.815,-4.033,6.782,-10.72741360450939,,,,,,,,,,,,,,,,,,,,,,,,,,,,,,,,,,,-10.72741360450939
1037,567,Brian Serven,COL| TOR,23,9,RIGHT,71,63,10,4,0,3,5,0,0,0.159,CC,-3.758,-2.251,-3.333,-1.0,-0.478,-10.821,-4.039,6.782,-10.743373059413198,,,,,,,,,,,,,,,,,,,,,,,,,,,,,,,,,,,-10.743373059413198
1038,350,Ezequiel Duran,TEX,87,8,RIGHT,285,268,66,24,3,20,14,1,1,0.246,3B,-2.656,-1.916,-2.48,-0.915,-0.231,-8.197,-4.090999999999999,4.106,-10.881688335246196,,,,,,,,,,,,,,,,,,,,,,,,,,,,,,,,,,,-10.881688335246196
1039,355,Jose Tena,WAS| CLE,44,5,LEFT,168,161,43,14,3,15,7,6,1,0.267,3B,-3.207,-1.916,-2.731,-0.488,0.119,-8.223,-4.117000000000001,4.106,-10.9508459731627,,,,,,,,,,,,,,,,,,,,,,,,,,,,,,,,,,,-10.9508459731627
1040,368,Justyn-Henry Malloy,DET,69,7,RIGHT,230,202,41,18,8,21,23,1,1,0.203,DH| LF,-2.986,-1.357,-2.43,-0.915,-0.847,-8.535,-4.147,4.388,-11.030643247681738,,,,,,,,,,,,,,,,,,,,,,,,,,,,,,,,,,,-11.030643247681738
1041,357,Junior Caminero,TBA,43,3,RIGHT,177,165,41,15,6,18,11,2,0,0.248,3B,-3.151,-1.581,-2.581,-0.829,-0.114,-8.256,-4.15,4.106,-11.038622975133642,,,,,,,,,,,,,,,,,,,,,,,,,,,,,,,,,,,-11.038622975133642
1042,369,Dominic Canzone,SEA| ARI,62,7,LEFT,188,168,33,20,8,17,18,1,0,0.196,LF| RF,-2.876,-1.357,-2.631,-0.915,-0.789,-8.567,-4.179,4.388,-11.115760340502044,,,,,,,,,,,,,,,,,,,,,,,,,,,,,,,,,,,-11.115760340502044
1043,370,Daz Cameron,MIL| DET| OAK,58,6,RIGHT,186,170,34,21,5,15,13,5,0,0.2,RF| LF,-2.821,-1.693,-2.731,-0.573,-0.751,-8.569,-4.181000000000001,4.388,-11.121080158803316,,,,,,,,,,,,,,,,,,,,,,,,,,,,,,,,,,,-11.121080158803316
1044,320,Joey Meneses,WAS,76,4,RIGHT,313,281,65,19,3,42,21,2,0,0.231,1B| DH,-2.931,-1.916,-1.376,-0.829,-0.565,-7.618,-4.188000000000001,3.43,-11.139699522857756,,,,,,,,,,,,,,,,,,,,,,,,,,,,,,,,,,,-11.139699522857756
1045,372,Dylan Crews,WAS,31,1,RIGHT,132,119,26,12,3,8,11,12,3,0.218,RF,-3.317,-1.916,-3.082,0.024,-0.357,-8.648,-4.26,4.388,-11.331212981703448,,,,,,,,,,,,,,,,,,,,,,,,,,,,,,,,,,,-11.331212981703448
1046,516,Ryan Kreidler,DET,26,9,RIGHT,65,59,7,8,1,2,6,4,2,0.119,SS,-3.537,-2.14,-3.383,-0.659,-0.63,-10.349,-4.269,6.08,-11.35515216405916,,,,,,,,,,,,,,,,,,,,,,,,,,,,,,,,,,,-11.35515216405916
1047,367,Cavan Biggio,KCA| TOR| ATL| LAN,69,9,LEFT,224,188,37,25,5,19,24,2,0,0.197,2B,-2.6,-1.693,-2.53,-0.829,-0.877,-8.53,-4.305,4.225,-11.450908893482003,,,,,,,,,,,,,,,,,,,,,,,,,,,,,,,,,,,-11.450908893482003
1048,376,Luis Matos,SFN,44,1,RIGHT,156,150,32,13,5,25,5,0,0,0.213,RF,-3.262,-1.693,-2.229,-1.0,-0.509,-8.693,-4.305,4.388,-11.450908893482003,,,,,,,,,,,,,,,,,,,,,,,,,,,,,,,,,,,-11.450908893482003
1049,379,Weston Wilson,PHI,39,8,RIGHT,98,88,25,13,3,10,8,3,0,0.284,LF,-3.262,-1.916,-2.982,-0.744,0.18,-8.723,-4.335000000000001,4.388,-11.530706168001046,,,,,,,,,,,,,,,,,,,,,,,,,,,,,,,,,,,-11.530706168001046
1050,332,Tyler Soderstrom,ATH| OAK,60,5,LEFT,213,189,44,18,9,26,20,0,0,0.233,1B,-2.986,-1.246,-2.179,-1.0,-0.359,-7.769,-4.339,3.43,-11.541345804603584,,,,,,,,,,,,,,,,,,,,,,,,,,,,,,,,,,,-11.541345804603584
1051,380,Alex Kirilloff,MIN,57,3,LEFT,178,159,32,20,5,20,15,0,0,0.201,LF,-2.876,-1.693,-2.48,-1.0,-0.687,-8.736,-4.348000000000001,4.388,-11.565284986959297,,,,,,,,,,,,,,,,,,,,,,,,,,,,,,,,,,,-11.565284986959297
1052,381,Evan Carter,TEX,45,3,LEFT,162,144,27,23,5,15,15,2,0,0.188,LF,-2.711,-1.693,-2.731,-0.829,-0.775,-8.739,-4.351000000000001,4.388,-11.5732647144112,,,,,,,,,,,,,,,,,,,,,,,,,,,,,,,,,,,-11.5732647144112
1053,296,Harold Ramirez,MIA| CLE| TBA| WAS,73,3,RIGHT,246,238,62,28,2,29,5,6,2,0.261,DH,-2.435,-2.028,-2.029,-0.488,0.056,-6.924,-4.3515,2.5725,-11.574594668986514,,,,,,,,,,,,,,,,,,,,,,,,,,,,,,,,,,,-11.574594668986514
1054,383,Austin Slater,CHA| NYA| SFN| BAL| CIN,78,1,RIGHT,212,177,37,22,2,18,26,3,2,0.209,LF| RF,-2.766,-2.028,-2.581,-0.744,-0.659,-8.777,-4.388999999999999,4.388,-11.67434126213531,,,,,,,,,,,,,,,,,,,,,,,,,,,,,,,,,,,-11.67434126213531
1055,388,Jordan Walker,SLN,50,7,RIGHT,178,164,33,16,5,20,10,1,0,0.201,RF,-3.096,-1.693,-2.48,-0.915,-0.71,-8.893,-4.505000000000001,4.388,-11.98289072360893,,,,,,,,,,,,,,,,,,,,,,,,,,,,,,,,,,,-11.98289072360893
1056,391,Dylan Carlson,BAL| SLN| TBA,86,7,SWITCH,265,235,49,17,3,25,22,2,1,0.209,LF| RF| CF,-3.041,-1.916,-2.229,-0.829,-0.885,-8.901,-4.513,4.388,-12.004169996814005,,,,,,,,,,,,,,,,,,,,,,,,,,,,,,,,,,,-12.004169996814005
1057,578,Chuckie Robinson,LAN| CIN| CHA,25,9,RIGHT,76,70,9,2,0,0,5,0,0,0.129,CC,-3.868,-2.251,-3.484,-1.0,-0.694,-11.297,-4.515000000000001,6.782,-12.009489815115275,,,,,,,,,,,,,,,,,,,,,,,,,,,,,,,,,,,-12.009489815115275
1058,371,Tyler Nevin,BAL| DET| OAK,86,5,RIGHT,278,245,50,22,7,20,25,1,0,0.204,3B| 1B,-2.766,-1.469,-2.48,-0.915,-1.006,-8.636,-4.529999999999999,4.106,-12.049388452374792,,,,,,,,,,,,,,,,,,,,,,,,,,,,,,,,,,,-12.049388452374792
1059,377,Nick Senzel,CIN| CHA| WAS,74,7,RIGHT,267,236,46,25,7,18,28,1,3,0.195,3B,-2.6,-1.469,-2.581,-0.915,-1.135,-8.7,-4.593999999999999,4.106,-12.219622638015409,,,,,,,,,,,,,,,,,,,,,,,,,,,,,,,,,,,-12.219622638015409
1060,401,Corey Julks,CHA| HOU,58,1,RIGHT,189,173,37,15,3,14,15,5,1,0.214,LF| RF,-3.151,-1.916,-2.781,-0.573,-0.58,-9.002,-4.614000000000001,4.388,-12.272820821028104,,,,,,,,,,,,,,,,,,,,,,,,,,,,,,,,,,,-12.272820821028104
1061,404,Jung Hoo Lee,SFN,36,1,LEFT,158,145,38,15,2,8,10,2,3,0.262,CF,-3.151,-2.028,-3.082,-0.829,0.051,-9.04,-4.651999999999999,4.388,-12.373897368752214,,,,,,,,,,,,,,,,,,,,,,,,,,,,,,,,,,,-12.373897368752214
1062,406,Angel Martinez,CLE,42,2,SWITCH,169,151,35,15,3,11,15,3,1,0.232,CF,-3.151,-1.916,-2.932,-0.744,-0.298,-9.042,-4.654,4.388,-12.379217187053484,,,,,,,,,,,,,,,,,,,,,,,,,,,,,,,,,,,-12.379217187053484
1063,405,Grant McCray,SFN,36,8,LEFT,130,124,25,13,5,10,6,5,0,0.202,CF,-3.262,-1.693,-2.982,-0.573,-0.533,-9.042,-4.654,4.388,-12.379217187053484,,,,,,,,,,,,,,,,,,,,,,,,,,,,,,,,,,,-12.379217187053484
1064,558,Jacob Amaya,CHA| MIA| HOU,23,9,RIGHT,72,68,12,3,0,3,4,1,0,0.176,SS,-3.813,-2.251,-3.333,-0.915,-0.424,-10.736,-4.656000000000001,6.08,-12.384537005354757,,,,,,,,,,,,,,,,,,,,,,,,,,,,,,,,,,,-12.384537005354757
1065,407,Travis Jankowski,CHA| NYN| TBA| CIN| PHI| SEA| TEX,77,8,LEFT,207,190,38,17,1,12,12,10,0,0.2,DH| RF,-3.041,-2.14,-2.882,-0.146,-0.84,-9.049,-4.661,4.388,-12.397836551107927,,,,,,,,,,,,,,,,,,,,,,,,,,,,,,,,,,,-12.397836551107927
1066,411,Kyle Stowers,MIA| BAL,63,8,LEFT,209,192,40,15,3,24,13,0,1,0.208,LF,-3.151,-1.916,-2.28,-1.0,-0.726,-9.073,-4.6850000000000005,4.388,-12.46167437072316,,,,,,,,,,,,,,,,,,,,,,,,,,,,,,,,,,,-12.46167437072316
1067,564,Nick Allen,ATL| OAK,35,9,RIGHT,105,97,17,4,1,4,5,0,0,0.175,SS,-3.758,-2.14,-3.283,-1.0,-0.613,-10.794,-4.714,6.08,-12.538811736091564,,,,,,,,,,,,,,,,,,,,,,,,,,,,,,,,,,,-12.538811736091564
1068,413,Alek Thomas,ARI,30,8,LEFT,103,95,18,12,3,17,7,3,0,0.189,CF,-3.317,-1.916,-2.631,-0.744,-0.497,-9.104,-4.715999999999999,4.388,-12.544131554392829,,,,,,,,,,,,,,,,,,,,,,,,,,,,,,,,,,,-12.544131554392829
1069,415,Garrett Hampson,ARI| CIN| SLN| COL| MIA| KCA,91,9,RIGHT,231,213,49,13,0,16,14,6,2,0.23,CF| 2B| LF,-3.262,-2.251,-2.681,-0.488,-0.449,-9.131,-4.743,4.388,-12.615949101459966,,,,,,,,,,,,,,,,,,,,,,,,,,,,,,,,,,,-12.615949101459966
1070,398,Andruw Monasterio,MIL,54,9,RIGHT,142,125,26,14,1,16,16,6,2,0.208,2B| 3B,-3.207,-2.14,-2.681,-0.488,-0.476,-8.991,-4.766,4.225,-12.67712701192456,,,,,,,,,,,,,,,,,,,,,,,,,,,,,,,,,,,-12.67712701192456
1071,390,Trey Lipscomb,WAS,60,8,RIGHT,211,190,38,20,1,10,16,11,2,0.2,3B,-2.876,-2.14,-2.982,-0.061,-0.84,-8.899,-4.792999999999999,4.106,-12.748944558991694,,,,,,,,,,,,,,,,,,,,,,,,,,,,,,,,,,,-12.748944558991694
1072,419,DJ Stewart,BAL| NYN,73,5,LEFT,194,158,28,16,5,19,31,1,0,0.177,DH| RF,-3.096,-1.693,-2.53,-0.915,-0.975,-9.209,-4.821,4.388,-12.823422015209465,,,,,,,,,,,,,,,,,,,,,,,,,,,,,,,,,,,-12.823422015209465
1073,393,Anthony Rendon,ANA,56,1,RIGHT,238,206,45,21,0,14,23,6,1,0.218,3B,-2.821,-2.251,-2.781,-0.488,-0.618,-8.96,-4.854000000000001,4.106,-12.91119901718041,,,,,,,,,,,,,,,,,,,,,,,,,,,,,,,,,,,-12.91119901718041
1074,394,DJ LeMahieu,NYA,63,9,RIGHT,228,201,41,19,2,26,19,0,1,0.204,3B| 1B,-2.931,-2.028,-2.179,-1.0,-0.827,-8.965,-4.859,4.106,-12.92449856293358,,,,,,,,,,,,,,,,,,,,,,,,,,,,,,,,,,,-12.92449856293358
1075,396,Brett Baty,NYN,50,8,LEFT,171,153,35,15,4,16,16,0,0,0.229,3B,-3.151,-1.804,-2.681,-1.0,-0.338,-8.975,-4.869,4.106,-12.951097654439929,,,,,,,,,,,,,,,,,,,,,,,,,,,,,,,,,,,-12.951097654439929
1076,421,Jordan Beck,COL,53,8,RIGHT,184,170,32,14,3,13,12,7,1,0.188,LF,-3.207,-1.916,-2.831,-0.403,-0.905,-9.262,-4.8740000000000006,4.388,-12.9643972001931,,,,,,,,,,,,,,,,,,,,,,,,,,,,,,,,,,,-12.9643972001931
1077,358,Joey Gallo,TEX| NYA| LAN| MIN| WAS,74,8,LEFT,260,223,36,24,10,27,32,3,1,0.161,1B,-2.656,-1.134,-2.129,-0.744,-1.647,-8.309,-4.879,3.43,-12.977696745946272,,,,,,,,,,,,,,,,,,,,,,,,,,,,,,,,,,,-12.977696745946272
1078,402,Tyler Wade,SDN| NYA| ANA| OAK,63,9,LEFT,156,138,30,19,0,8,11,8,0,0.217,3B,-2.931,-2.251,-3.082,-0.317,-0.425,-9.007,-4.901,4.106,-13.036214747260232,,,,,,,,,,,,,,,,,,,,,,,,,,,,,,,,,,,-13.036214747260232
1079,315,Nelson Velazquez,CHN| KCA,64,5,RIGHT,230,205,41,31,8,27,19,2,0,0.2,DH,-2.27,-1.357,-2.129,-0.829,-0.906,-7.492,-4.919499999999999,2.5725,-13.085423066546973,,,,,,,,,,,,,,,,,,,,,,,,,,,,,,,,,,,-13.085423066546973
1080,359,Jonathan Aranda,TBA,44,4,LEFT,143,128,30,22,6,14,12,0,0,0.234,1B,-2.766,-1.581,-2.781,-1.0,-0.227,-8.355,-4.925000000000001,3.43,-13.100052566875467,,,,,,,,,,,,,,,,,,,,,,,,,,,,,,,,,,,-13.100052566875467
1081,418,Will Wagner,SDN| TOR,23,6,LEFT,86,82,25,8,2,11,4,0,0,0.305,2B,-3.537,-2.028,-2.932,-1.0,0.299,-9.198,-4.973000000000001,4.225,-13.227728206105928,,,,,,,,,,,,,,,,,,,,,,,,,,,,,,,,,,,-13.227728206105928
1082,361,Patrick Wisdom,CHN,73,2,RIGHT,174,158,27,16,8,23,10,5,0,0.171,1B,-3.096,-1.357,-2.33,-0.573,-1.052,-8.409,-4.979000000000001,3.43,-13.243687661009735,,,,,,,,,,,,,,,,,,,,,,,,,,,,,,,,,,,-13.243687661009735
1083,427,Ben Gamel,MIL| CLE| PIT| SDN| HOU| NYN,32,7,LEFT,99,81,20,19,1,4,18,0,0,0.247,RF,-2.931,-2.14,-3.283,-1.0,-0.066,-9.419,-5.031000000000001,4.388,-13.382002936842737,,,,,,,,,,,,,,,,,,,,,,,,,,,,,,,,,,,-13.382002936842737
1084,365,Elehuris Montero,COL,65,8,RIGHT,247,224,46,23,4,28,20,0,0,0.205,1B,-2.711,-1.804,-2.079,-1.0,-0.898,-8.492,-5.062000000000001,3.43,-13.46446012051241,,,,,,,,,,,,,,,,,,,,,,,,,,,,,,,,,,,-13.46446012051241
1085,328,Eloy Jimenez,CHA| BAL,98,4,RIGHT,349,324,77,25,6,23,22,3,0,0.238,DH,-2.6,-1.581,-2.33,-0.744,-0.494,-7.749,-5.176499999999999,2.5725,-13.769019718260068,,,,,,,,,,,,,,,,,,,,,,,,,,,,,,,,,,,-13.769019718260068
1086,433,Miguel Vargas,CHA| LAN,71,8,RIGHT,237,206,31,22,5,16,25,3,1,0.15,3B| LF,-2.766,-1.693,-2.681,-0.744,-1.695,-9.578,-5.19,4.388,-13.804928491793635,,,,,,,,,,,,,,,,,,,,,,,,,,,,,,,,,,,-13.804928491793635
1087,424,Luis Urias,ATH| MIL| BOS| SEA,40,8,RIGHT,109,94,18,11,4,16,9,0,0,0.191,3B,-3.372,-1.804,-2.681,-1.0,-0.477,-9.334,-5.228,4.106,-13.906005039517751,,,,,,,,,,,,,,,,,,,,,,,,,,,,,,,,,,,-13.906005039517751
1088,375,Ben Rice,NYA,47,8,LEFT,178,152,26,20,7,23,20,0,1,0.171,1B,-2.876,-1.469,-2.33,-1.0,-1.01,-8.685,-5.255000000000001,3.43,-13.977822586584889,,,,,,,,,,,,,,,,,,,,,,,,,,,,,,,,,,,-13.977822586584889
1089,425,Danny Mendick,CHA| NYN,46,8,RIGHT,141,132,26,13,3,8,6,6,0,0.197,3B,-3.262,-1.916,-3.082,-0.488,-0.614,-9.362,-5.256,4.106,-13.980482495735522,,,,,,,,,,,,,,,,,,,,,,,,,,,,,,,,,,,-13.980482495735522
1090,440,Victor Scott,SLN,46,9,LEFT,155,145,26,14,2,10,6,5,1,0.179,CF,-3.207,-2.028,-2.982,-0.573,-0.872,-9.661,-5.273,4.388,-14.02570095129631,,,,,,,,,,,,,,,,,,,,,,,,,,,,,,,,,,,-14.02570095129631
1091,437,Ryan Bliss,SEA,25,9,RIGHT,71,63,14,8,2,9,5,2,2,0.222,2B,-3.537,-2.028,-3.032,-0.829,-0.171,-9.597,-5.372,4.225,-14.289031957209136,,,,,,,,,,,,,,,,,,,,,,,,,,,,,,,,,,,-14.289031957209136
1092,336,Willie Calhoun,TEX| SFN| NYA| ANA,68,4,LEFT,254,229,56,26,5,20,23,0,1,0.245,DH,-2.545,-1.693,-2.48,-1.0,-0.228,-7.946,-5.3735,2.5725,-14.293021820935088,,,,,,,,,,,,,,,,,,,,,,,,,,,,,,,,,,,-14.293021820935088
1093,384,Wilmer Flores,SFN,70,2,RIGHT,242,214,44,18,4,26,20,0,0,0.206,1B,-2.986,-1.804,-2.179,-1.0,-0.854,-8.823,-5.393000000000001,3.43,-14.344890049372465,,,,,,,,,,,,,,,,,,,,,,,,,,,,,,,,,,,-14.344890049372465
1094,441,Brooks Baldwin,CHA,33,9,SWITCH,121,114,24,9,2,8,6,4,0,0.211,2B,-3.482,-2.028,-3.082,-0.659,-0.412,-9.662,-5.437000000000001,4.225,-14.46192605200039,,,,,,,,,,,,,,,,,,,,,,,,,,,,,,,,,,,-14.46192605200039
1095,457,Cristian Pache,ATL| OAK| PHI| BAL| MIA,66,8,RIGHT,183,165,33,11,1,16,17,1,0,0.2,CF,-3.372,-2.14,-2.681,-0.915,-0.729,-9.836,-5.448,4.388,-14.491185052657368,,,,,,,,,,,,,,,,,,,,,,,,,,,,,,,,,,,-14.491185052657368
1096,461,Dominic Fletcher,CHA| ARI,70,7,LEFT,241,223,46,14,1,17,11,0,0,0.206,RF| CF,-3.207,-2.14,-2.631,-1.0,-0.878,-9.855,-5.4670000000000005,4.388,-14.541723326519426,,,,,,,,,,,,,,,,,,,,,,,,,,,,,,,,,,,-14.541723326519426
1097,448,Curtis Mead,CHA| TBA,38,6,RIGHT,132,122,29,10,1,7,6,2,0,0.238,2B,-3.427,-2.14,-3.132,-0.829,-0.185,-9.714,-5.489000000000001,4.225,-14.600241327833388,,,,,,,,,,,,,,,,,,,,,,,,,,,,,,,,,,,-14.600241327833388
1098,465,Trey Cabbage,ANA| HOU,36,9,LEFT,91,86,18,10,1,8,4,1,1,0.209,RF,-3.427,-2.14,-3.082,-0.915,-0.319,-9.882,-5.494,4.388,-14.613540873586558,,,,,,,,,,,,,,,,,,,,,,,,,,,,,,,,,,,-14.613540873586558
1099,450,Luis Guillorme,HOU| NYN| ANA| ARI| ATL,65,9,LEFT,187,161,33,14,0,10,23,4,2,0.205,2B,-3.207,-2.251,-2.982,-0.659,-0.65,-9.749,-5.524000000000001,4.225,-14.6933381481056,,,,,,,,,,,,,,,,,,,,,,,,,,,,,,,,,,,-14.6933381481056
1100,342,Nick Martini,COL| CHN| CIN,47,7,LEFT,163,146,31,23,5,24,9,1,3,0.212,DH,-2.711,-1.693,-2.28,-0.915,-0.507,-8.104,-5.531499999999999,2.5725,-14.713287466735355,,,,,,,,,,,,,,,,,,,,,,,,,,,,,,,,,,,-14.713287466735355
1101,453,Nick Loftin,KCA,54,6,RIGHT,171,148,28,15,1,14,19,1,0,0.189,2B,-3.151,-2.14,-2.781,-0.915,-0.777,-9.764,-5.539,4.225,-14.733236785365117,,,,,,,,,,,,,,,,,,,,,,,,,,,,,,,,,,,-14.733236785365117
1102,439,Oliver Dunn,MIL,39,8,LEFT,104,95,21,11,1,7,6,3,0,0.221,3B,-3.372,-2.14,-3.132,-0.744,-0.266,-9.654,-5.548,4.106,-14.757175967720828,,,,,,,,,,,,,,,,,,,,,,,,,,,,,,,,,,,-14.757175967720828
1103,480,James Outman,LAN| MIN,51,7,LEFT,156,136,20,12,4,11,16,2,1,0.147,CF,-3.317,-1.804,-2.932,-0.829,-1.155,-10.037,-5.649000000000001,4.388,-15.025826791934929,,,,,,,,,,,,,,,,,,,,,,,,,,,,,,,,,,,-15.025826791934929
1104,456,Brett Harris,ATH| OAK,33,8,RIGHT,123,103,15,15,3,12,17,0,3,0.146,3B,-3.151,-1.916,-2.882,-1.0,-0.886,-9.835,-5.729000000000001,4.106,-15.238619523985696,,,,,,,,,,,,,,,,,,,,,,,,,,,,,,,,,,,-15.238619523985696
1105,459,Eguy Rosario,SDN,29,8,RIGHT,57,53,13,5,3,6,2,0,0,0.245,3B,-3.702,-1.916,-3.183,-1.0,-0.05,-9.851,-5.745000000000001,4.106,-15.28117807039585,,,,,,,,,,,,,,,,,,,,,,,,,,,,,,,,,,,-15.28117807039585
1106,468,Jace Jung,DET,34,7,LEFT,94,79,19,14,0,3,15,0,1,0.241,3B,-3.207,-2.251,-3.333,-1.0,-0.103,-9.894,-5.788,4.106,-15.395554163873136,,,,,,,,,,,,,,,,,,,,,,,,,,,,,,,,,,,-15.395554163873136
1107,495,Jose Azocar,ATL| NYN| SDN,39,8,RIGHT,79,73,16,7,0,2,5,3,0,0.219,LF,-3.592,-2.251,-3.383,-0.744,-0.215,-10.186,-5.798,4.388,-15.42215325537948,,,,,,,,,,,,,,,,,,,,,,,,,,,,,,,,,,,-15.42215325537948
1108,486,Brandon Drury,TOR| NYN| CIN| SDN| ANA,96,5,RIGHT,360,325,55,28,4,15,27,1,0,0.169,2B,-2.435,-1.804,-2.731,-0.915,-2.206,-10.091,-5.866,4.225,-15.603027077622636,,,,,,,,,,,,,,,,,,,,,,,,,,,,,,,,,,,-15.603027077622636
1109,489,Alika Williams,PIT,34,9,RIGHT,96,87,18,11,0,5,3,1,0,0.207,2B,-3.372,-2.251,-3.233,-0.915,-0.338,-10.109,-5.884,4.225,-15.65090544233406,,,,,,,,,,,,,,,,,,,,,,,,,,,,,,,,,,,-15.65090544233406
1110,521,Bryce Johnson,SDN| SFN,30,9,SWITCH,73,63,13,7,0,4,7,0,0,0.206,RF,-3.592,-2.251,-3.283,-1.0,-0.248,-10.374,-5.986000000000001,4.388,-15.922216175698791,,,,,,,,,,,,,,,,,,,,,,,,,,,,,,,,,,,-15.922216175698791
1111,487,Nick Madrigal,CHA| CHN,36,7,RIGHT,94,86,19,5,0,10,4,1,0,0.221,3B,-3.702,-2.251,-2.982,-0.915,-0.242,-10.092,-5.986000000000001,4.106,-15.922216175698791,,,,,,,,,,,,,,,,,,,,,,,,,,,,,,,,,,,-15.922216175698791
1112,498,Vaughn Grissom,ATL| BOS,31,7,RIGHT,114,105,20,10,0,6,7,2,0,0.19,2B,-3.427,-2.251,-3.183,-0.829,-0.541,-10.231,-6.006,4.225,-15.97541435871148,,,,,,,,,,,,,,,,,,,,,,,,,,,,,,,,,,,-15.97541435871148
1113,503,Michael Stefanic,TOR| ANA,38,9,RIGHT,124,110,24,7,0,8,10,0,0,0.218,2B,-3.592,-2.251,-3.082,-1.0,-0.332,-10.258,-6.033,4.225,-16.047231905778613,,,,,,,,,,,,,,,,,,,,,,,,,,,,,,,,,,,-16.047231905778613
1114,529,Akil Baddoo,DET,29,8,LEFT,82,73,10,7,2,5,8,1,0,0.137,LF,-3.592,-2.028,-3.233,-0.915,-0.676,-10.444,-6.056000000000001,4.388,-16.108409816243213,,,,,,,,,,,,,,,,,,,,,,,,,,,,,,,,,,,-16.108409816243213
1115,496,Darell Hernaiz,ATH| OAK,42,8,RIGHT,135,120,23,6,1,12,11,1,1,0.192,3B,-3.647,-2.14,-2.882,-0.915,-0.607,-10.191,-6.085000000000001,4.106,-16.185547181611618,,,,,,,,,,,,,,,,,,,,,,,,,,,,,,,,,,,-16.185547181611618
1116,432,Christian Encarnacion-Strand,CIN,29,3,RIGHT,123,116,22,13,2,16,4,0,0,0.19,1B,-3.262,-2.028,-2.681,-1.0,-0.605,-9.576,-6.146000000000001,3.43,-16.347801639800327,,,,,,,,,,,,,,,,,,,,,,,,,,,,,,,,,,,-16.347801639800327
1117,442,J. D. Davis,ANA| NYN| SFN| NYA| OAK,46,6,RIGHT,157,142,31,13,4,6,12,0,0,0.218,1B,-3.262,-1.804,-3.183,-1.0,-0.428,-9.676,-6.246,3.43,-16.61379255486379,,,,,,,,,,,,,,,,,,,,,,,,,,,,,,,,,,,-16.61379255486379
1118,271,Pavin Smith,ARI,56,5,LEFT,158,137,37,26,9,36,18,1,0,0.27,,-2.545,-1.246,-1.677,-0.915,0.133,-6.25,-6.25,0.0,-16.624432191466326,,,,,,,,,,,,,,,,,,,,,,,,,,,,,,,,,,,-16.624432191466326
1119,389,Robbie Grossman,OAK| DET| ATL| TEX| CHA| KCA,87,6,SWITCH,245,208,44,21,3,16,34,3,0,0.212,DH,-2.821,-1.916,-2.681,-0.744,-0.735,-8.897,-6.3245000000000005,2.5725,-16.822595423188606,,,,,,,,,,,,,,,,,,,,,,,,,,,,,,,,,,,-16.822595423188606
1120,400,Matt Carpenter,SLN| NYA| SDN,57,7,LEFT,157,137,32,14,4,15,15,0,2,0.234,DH,-3.207,-1.804,-2.731,-1.0,-0.252,-8.994,-6.4215,2.5725,-17.080606610800164,,,,,,,,,,,,,,,,,,,,,,,,,,,,,,,,,,,-17.080606610800164
1121,460,Bligh Madris,PIT| HOU| DET,21,5,LEFT,75,67,18,8,1,5,6,0,0,0.269,1B,-3.537,-2.14,-3.233,-1.0,0.058,-9.852,-6.422000000000001,3.43,-17.081936565375482,,,,,,,,,,,,,,,,,,,,,,,,,,,,,,,,,,,-17.081936565375482
1122,409,Kyle Manzardo,CLE,52,6,LEFT,156,145,34,11,5,15,9,0,0,0.234,DH,-3.372,-1.693,-2.731,-1.0,-0.256,-9.052,-6.4795,2.5725,-17.23488134153697,,,,,,,,,,,,,,,,,,,,,,,,,,,,,,,,,,,-17.23488134153697
1123,416,Andres Chaparro,WAS,33,4,RIGHT,132,121,26,12,4,15,7,1,1,0.215,DH,-3.317,-1.804,-2.731,-0.915,-0.396,-9.163,-6.5905000000000005,2.5725,-17.530131257257413,,,,,,,,,,,,,,,,,,,,,,,,,,,,,,,,,,,-17.530131257257413
1124,447,Niko Kavadas,ANA,30,8,LEFT,106,93,17,11,4,8,11,1,0,0.183,DH,-3.372,-1.804,-3.082,-0.915,-0.534,-9.707,-7.134500000000001,2.5725,-18.97712183520264,,,,,,,,,,,,,,,,,,,,,,,,,,,,,,,,,,,-18.97712183520264
1125,560,Jose Abreu,CHA| HOU,34,8,RIGHT,120,113,14,10,2,7,4,0,0,0.124,1B,-3.427,-2.028,-3.132,-1.0,-1.161,-10.748,-7.318,3.43,-19.46521516434409,,,,,,,,,,,,,,,,,,,,,,,,,,,,,,,,,,,-19.46521516434409
1126,569,Ryan Noda,BAL| CHA| OAK,35,1,LEFT,111,95,13,8,1,4,14,0,0,0.137,1B,-3.537,-2.14,-3.283,-1.0,-0.881,-10.841,-7.411,3.43,-19.71258671535311,,,,,,,,,,,,,,,,,,,,,,,,,,,,,,,,,,,-19.71258671535311
1127,510,Dan Vogelbach,MIL| SEA| TOR| NYN| PIT,31,5,LEFT,79,70,13,5,1,8,9,0,0,0.186,DH,-3.702,-2.14,-3.082,-1.0,-0.386,-10.311,-7.7385,2.5725,-20.583706962185943,,,,,,,,,,,,,,,,,,,,,,,,,,,,,,,,,,,-20.583706962185943
1128,364,Jerar Encarnacion,SFN| MIA,34,6,RIGHT,119,113,28,13,5,19,5,1,0,0.248,,-3.262,-1.693,-2.53,-0.915,-0.084,-8.483,-8.483,0.0,-22.564009324833417,,,,,,,,,,,,,,,,,,,,,,,,,,,,,,,,,,,-22.564009324833417
1129,373,Kody Clemens,MIN| PHI| DET,42,6,LEFT,120,114,25,17,5,18,5,0,0,0.219,,-3.041,-1.693,-2.581,-1.0,-0.335,-8.649,-8.649,0.0,-23.00555424383876,,,,,,,,,,,,,,,,,,,,,,,,,,,,,,,,,,,-23.00555424383876
1130,374,Casey Schmitt,SFN,38,8,RIGHT,113,107,27,11,6,16,4,0,0,0.252,,-3.372,-1.581,-2.681,-1.0,-0.042,-8.676,-8.676,0.0,-23.077371790905897,,,,,,,,,,,,,,,,,,,,,,,,,,,,,,,,,,,-23.077371790905897
1131,386,Gabriel Arias,CLE,48,7,RIGHT,161,153,34,14,3,15,6,5,2,0.222,,-3.207,-1.916,-2.731,-0.573,-0.415,-8.842,-8.842,0.0,-23.51891670991124,,,,,,,,,,,,,,,,,,,,,,,,,,,,,,,,,,,-23.51891670991124
1132,387,Eric Haase,MIL| DET| CLE,22,9,RIGHT,69,66,18,9,5,14,3,0,0,0.273,,-3.482,-1.693,-2.781,-1.0,0.077,-8.878,-8.878,0.0,-23.614673439334087,,,,,,,,,,,,,,,,,,,,,,,,,,,,,,,,,,,-23.614673439334087
1133,397,Rece Hinds,CIN,20,8,RIGHT,51,46,12,8,5,11,4,2,0,0.261,,-3.537,-1.693,-2.932,-0.829,0.012,-8.979,-8.979,0.0,-23.883324263548182,,,,,,,,,,,,,,,,,,,,,,,,,,,,,,,,,,,-23.883324263548182
1134,399,Griffin Conine,MIA,30,6,LEFT,89,82,22,13,3,12,6,0,0,0.268,,-3.262,-1.916,-2.882,-1.0,0.068,-8.991,-8.991,0.0,-23.9152431733558,,,,,,,,,,,,,,,,,,,,,,,,,,,,,,,,,,,-23.9152431733558
1135,403,Nathan Lukes,TOR,21,2,LEFT,91,76,23,13,1,10,10,1,0,0.303,,-3.262,-2.14,-2.982,-0.915,0.264,-9.034,-9.034,0.0,-24.029619266833087,,,,,,,,,,,,,,,,,,,,,,,,,,,,,,,,,,,-24.029619266833087
1136,412,Heston Kjerstad,BAL,39,5,LEFT,114,99,25,8,4,14,10,1,0,0.253,,-3.537,-1.804,-2.781,-0.915,-0.038,-9.075,-9.075,0.0,-24.138675542009103,,,,,,,,,,,,,,,,,,,,,,,,,,,,,,,,,,,-24.138675542009103
1137,420,Nick Sogard,BOS,24,7,SWITCH,86,77,21,13,0,8,7,3,0,0.273,,-3.262,-2.251,-3.082,-0.744,0.09,-9.249,-9.249,0.0,-24.60149973421953,,,,,,,,,,,,,,,,,,,,,,,,,,,,,,,,,,,-24.60149973421953
1138,426,Jon Berti,CHN| MIA| NYA,21,9,RIGHT,74,66,18,7,1,6,6,5,1,0.273,,-3.592,-2.14,-3.183,-0.573,0.077,-9.41,-9.41,0.0,-25.0297451074717,,,,,,,,,,,,,,,,,,,,,,,,,,,,,,,,,,,-25.0297451074717
1139,428,Rafael Marchan,PHI,15,9,SWITCH,56,51,15,8,3,6,3,0,0,0.294,,-3.537,-1.916,-3.183,-1.0,0.144,-9.492,-9.492,0.0,-25.24785765782374,,,,,,,,,,,,,,,,,,,,,,,,,,,,,,,,,,,-25.24785765782374
1140,431,Joshua Palacios,CHA| TOR| WAS| PIT,23,6,LEFT,78,67,15,10,2,9,10,1,0,0.224,,-3.427,-2.028,-3.032,-0.915,-0.173,-9.575,-9.575,0.0,-25.46863011732641,,,,,,,,,,,,,,,,,,,,,,,,,,,,,,,,,,,-25.46863011732641
1141,434,Sean Bouchard,COL,31,9,RIGHT,108,91,17,14,1,8,12,4,0,0.187,,-3.207,-2.14,-3.082,-0.659,-0.495,-9.582,-9.582,0.0,-25.487249481380857,,,,,,,,,,,,,,,,,,,,,,,,,,,,,,,,,,,-25.487249481380857
1142,435,Bryan Ramos,CHA,30,6,RIGHT,108,99,20,12,3,11,7,0,2,0.202,,-3.317,-1.916,-2.932,-1.0,-0.422,-9.587,-9.587,0.0,-25.500549027134028,,,,,,,,,,,,,,,,,,,,,,,,,,,,,,,,,,,-25.500549027134028
1143,436,Jose Acuna,NYN,11,9,RIGHT,40,39,12,6,3,6,1,0,1,0.308,,-3.647,-1.916,-3.183,-1.0,0.151,-9.595,-9.595,0.0,-25.521828300339106,,,,,,,,,,,,,,,,,,,,,,,,,,,,,,,,,,,-25.521828300339106
1144,438,Kris Bryant,COL| CHN| SFN,37,5,RIGHT,155,133,29,9,2,15,13,0,0,0.218,,-3.482,-2.028,-2.731,-1.0,-0.403,-9.644,-9.644,0.0,-25.6521638487202,,,,,,,,,,,,,,,,,,,,,,,,,,,,,,,,,,,-25.6521638487202
1145,443,Estevan Florial,NYA| CLE,35,7,LEFT,111,98,17,11,3,11,11,2,1,0.173,,-3.372,-1.916,-2.932,-0.829,-0.633,-9.682,-9.682,0.0,-25.75324039644432,,,,,,,,,,,,,,,,,,,,,,,,,,,,,,,,,,,-25.75324039644432
1146,444,Esteury Ruiz,LAN| MIL| SDN| OAK,24,1,RIGHT,65,55,11,7,2,8,4,3,3,0.2,,-3.592,-2.028,-3.082,-0.744,-0.243,-9.689,-9.689,0.0,-25.77185976049876,,,,,,,,,,,,,,,,,,,,,,,,,,,,,,,,,,,-25.77185976049876
1147,445,Eric Wagaman,MIA| ANA,18,6,RIGHT,74,72,18,6,2,10,2,0,0,0.25,,-3.647,-2.028,-2.982,-1.0,-0.041,-9.699,-9.699,0.0,-25.798458852005105,,,,,,,,,,,,,,,,,,,,,,,,,,,,,,,,,,,-25.798458852005105
1148,446,Aaron Schunk,COL,34,9,RIGHT,98,94,22,11,2,7,4,0,1,0.234,,-3.372,-2.028,-3.132,-1.0,-0.169,-9.702,-9.702,0.0,-25.80643857945701,,,,,,,,,,,,,,,,,,,,,,,,,,,,,,,,,,,-25.80643857945701
1149,449,Billy Cook,PIT,14,9,RIGHT,49,49,11,5,3,8,0,1,0,0.224,,-3.702,-1.916,-3.082,-0.915,-0.124,-9.74,-9.74,0.0,-25.907515127181124,,,,,,,,,,,,,,,,,,,,,,,,,,,,,,,,,,,-25.907515127181124
1150,452,Jasson Dominguez,NYA,18,6,SWITCH,67,56,10,8,2,4,11,5,0,0.179,,-3.537,-2.028,-3.283,-0.573,-0.34,-9.761,-9.761,0.0,-25.963373219344447,,,,,,,,,,,,,,,,,,,,,,,,,,,,,,,,,,,-25.963373219344447
1151,454,Gustavo Campero,ANA,13,8,SWITCH,48,46,11,6,1,6,0,3,0,0.239,,-3.647,-2.14,-3.183,-0.744,-0.065,-9.778,-9.778,0.0,-26.00859167490524,,,,,,,,,,,,,,,,,,,,,,,,,,,,,,,,,,,-26.00859167490524
1152,455,Eli White,ATL| TEX,23,2,RIGHT,42,39,11,8,1,4,1,1,1,0.282,,-3.537,-2.14,-3.283,-0.915,0.074,-9.801,-9.801,0.0,-26.069769585369837,,,,,,,,,,,,,,,,,,,,,,,,,,,,,,,,,,,-26.069769585369837
1153,462,David Dahl,COL| TEX| SDN| PHI,19,8,LEFT,62,58,12,6,3,8,3,0,0,0.207,,-3.647,-1.916,-3.082,-1.0,-0.226,-9.871,-9.871,0.0,-26.255963225914257,,,,,,,,,,,,,,,,,,,,,,,,,,,,,,,,,,,-26.255963225914257
1154,463,Ji Hwan Bae,PIT,24,9,LEFT,81,74,14,9,0,6,6,5,2,0.189,,-3.482,-2.251,-3.183,-0.573,-0.389,-9.878,-9.878,0.0,-26.2745825899687,,,,,,,,,,,,,,,,,,,,,,,,,,,,,,,,,,,-26.2745825899687
1155,464,Jared Walsh,ANA| TEX,16,7,LEFT,60,53,12,9,1,7,7,0,0,0.226,,-3.482,-2.14,-3.132,-1.0,-0.127,-9.881,-9.881,0.0,-26.2825623174206,,,,,,,,,,,,,,,,,,,,,,,,,,,,,,,,,,,-26.2825623174206
1156,467,Zach Dezenzo,HOU,18,7,RIGHT,65,62,15,5,2,8,3,0,0,0.242,,-3.702,-2.028,-3.082,-1.0,-0.074,-9.887,-9.887,0.0,-26.298521772324413,,,,,,,,,,,,,,,,,,,,,,,,,,,,,,,,,,,-26.298521772324413
1157,469,Cesar Salazar,HOU,12,9,LEFT,32,25,8,5,0,8,2,0,0,0.32,,-3.702,-2.251,-3.082,-1.0,0.12,-9.916,-9.916,0.0,-26.37565913769281,,,,,,,,,,,,,,,,,,,,,,,,,,,,,,,,,,,-26.37565913769281
1158,470,Drew Millas,WAS,18,8,SWITCH,62,57,14,6,1,1,5,4,0,0.246,,-3.647,-2.14,-3.433,-0.659,-0.052,-9.931,-9.931,0.0,-26.415557774952333,,,,,,,,,,,,,,,,,,,,,,,,,,,,,,,,,,,-26.415557774952333
1159,471,Jonatan Clase,TOR| SEA,21,9,SWITCH,66,61,15,5,1,5,3,2,1,0.246,,-3.702,-2.14,-3.233,-0.829,-0.054,-9.958,-9.958,0.0,-26.487375322019467,,,,,,,,,,,,,,,,,,,,,,,,,,,,,,,,,,,-26.487375322019467
1160,472,Nick Yorke,PIT,11,8,RIGHT,42,37,8,4,2,5,4,2,0,0.216,,-3.758,-2.028,-3.233,-0.829,-0.117,-9.965,-9.965,0.0,-26.50599468607391,,,,,,,,,,,,,,,,,,,,,,,,,,,,,,,,,,,-26.50599468607391
1161,474,Luken Baker,SLN,21,2,RIGHT,49,40,7,3,2,10,7,1,0,0.175,,-3.813,-2.028,-2.982,-0.915,-0.254,-9.991,-9.991,0.0,-26.57515232399041,,,,,,,,,,,,,,,,,,,,,,,,,,,,,,,,,,,-26.57515232399041
1162,475,David Hensley,HOU| MIA,23,8,RIGHT,58,52,11,9,1,4,6,1,0,0.212,,-3.482,-2.14,-3.283,-0.915,-0.184,-10.003,-10.003,0.0,-26.607071233798028,,,,,,,,,,,,,,,,,,,,,,,,,,,,,,,,,,,-26.607071233798028
1163,477,Yuli Gurriel,SDN| HOU| MIA| KCA,18,4,RIGHT,65,54,13,7,0,6,9,1,0,0.241,,-3.592,-2.251,-3.183,-0.915,-0.069,-10.01,-10.01,0.0,-26.62569059785247,,,,,,,,,,,,,,,,,,,,,,,,,,,,,,,,,,,-26.62569059785247
1164,478,David Bote,CHN,23,7,RIGHT,48,46,14,4,0,6,2,0,0,0.304,,-3.758,-2.251,-3.183,-1.0,0.166,-10.026,-10.026,0.0,-26.66824914426262,,,,,,,,,,,,,,,,,,,,,,,,,,,,,,,,,,,-26.66824914426262
1165,479,Miguel Sano,MIN| ANA,27,4,RIGHT,95,83,17,9,2,6,9,0,0,0.205,,-3.482,-2.028,-3.183,-1.0,-0.336,-10.029,-10.029,0.0,-26.676228871714525,,,,,,,,,,,,,,,,,,,,,,,,,,,,,,,,,,,-26.676228871714525
1166,482,Zach DeLoach,CHA,22,2,LEFT,75,67,14,10,1,5,8,0,1,0.209,,-3.427,-2.14,-3.233,-1.0,-0.25,-10.049,-10.049,0.0,-26.729427054727218,,,,,,,,,,,,,,,,,,,,,,,,,,,,,,,,,,,-26.729427054727218
1167,483,Rene Pinto,TBA,17,9,RIGHT,49,42,9,5,2,6,4,0,0,0.214,,-3.702,-2.028,-3.183,-1.0,-0.14,-10.052,-10.052,0.0,-26.73740678217912,,,,,,,,,,,,,,,,,,,,,,,,,,,,,,,,,,,-26.73740678217912
1168,485,Jordyn Adams,BAL| ANA,10,8,RIGHT,38,35,8,4,1,4,3,2,0,0.229,,-3.758,-2.14,-3.283,-0.829,-0.078,-10.087,-10.087,0.0,-26.830503602451333,,,,,,,,,,,,,,,,,,,,,,,,,,,,,,,,,,,-26.830503602451333
1169,488,Jack Lopez,BOS| ANA,25,9,RIGHT,71,67,17,4,1,6,2,0,1,0.254,,-3.758,-2.14,-3.183,-1.0,-0.019,-10.099,-10.099,0.0,-26.86242251225895,,,,,,,,,,,,,,,,,,,,,,,,,,,,,,,,,,,-26.86242251225895
1170,490,Jahmai Jones,DET| ANA| BAL| MIL| NYA,19,9,RIGHT,47,42,10,6,1,4,2,0,1,0.238,,-3.647,-2.14,-3.283,-1.0,-0.063,-10.133,-10.133,0.0,-26.952859423380524,,,,,,,,,,,,,,,,,,,,,,,,,,,,,,,,,,,-26.952859423380524
1171,492,Garrett Cooper,MIA| SDN| BOS| CHN,36,6,RIGHT,116,107,22,6,1,11,7,0,0,0.206,,-3.647,-2.14,-2.932,-1.0,-0.427,-10.146,-10.146,0.0,-26.987438242338776,,,,,,,,,,,,,,,,,,,,,,,,,,,,,,,,,,,-26.987438242338776
1172,493,Alexander Canario,PIT| CHN,12,9,RIGHT,28,25,7,4,1,2,2,1,0,0.28,,-3.758,-2.14,-3.383,-0.915,0.043,-10.152,-10.152,0.0,-27.00339769724258,,,,,,,,,,,,,,,,,,,,,,,,,,,,,,,,,,,-27.00339769724258
1173,494,Armando Alvarez,OAK,15,7,RIGHT,39,37,9,7,0,2,2,1,0,0.243,,-3.592,-2.251,-3.383,-0.915,-0.04,-10.182,-10.182,0.0,-27.08319497176162,,,,,,,,,,,,,,,,,,,,,,,,,,,,,,,,,,,-27.08319497176162
1174,499,Avisail Garcia,MIL| MIA,18,6,RIGHT,51,50,12,4,2,2,1,0,0,0.24,,-3.758,-2.028,-3.383,-1.0,-0.067,-10.236,-10.236,0.0,-27.226830065895893,,,,,,,,,,,,,,,,,,,,,,,,,,,,,,,,,,,-27.226830065895893
1175,500,David Villar,SFN,11,8,RIGHT,37,35,9,3,1,4,1,0,0,0.257,,-3.813,-2.14,-3.283,-1.0,-0.001,-10.236,-10.236,0.0,-27.226830065895893,,,,,,,,,,,,,,,,,,,,,,,,,,,,,,,,,,,-27.226830065895893
1176,501,Jamie Westbrook,BOS,21,7,RIGHT,48,40,6,4,2,7,4,0,0,0.15,,-3.758,-2.028,-3.132,-1.0,-0.331,-10.249,-10.249,0.0,-27.26140888485414,,,,,,,,,,,,,,,,,,,,,,,,,,,,,,,,,,,-27.26140888485414
1177,502,Blake Dunn,CIN,16,9,RIGHT,29,26,4,6,1,1,2,2,0,0.154,,-3.647,-2.14,-3.433,-0.829,-0.207,-10.257,-10.257,0.0,-27.282688158059216,,,,,,,,,,,,,,,,,,,,,,,,,,,,,,,,,,,-27.282688158059216
1178,504,Forrest Wall,ATL| MIA,13,8,LEFT,35,32,8,3,0,1,3,3,3,0.25,,-3.813,-2.251,-3.433,-0.744,-0.018,-10.26,-10.26,0.0,-27.29066788551112,,,,,,,,,,,,,,,,,,,,,,,,,,,,,,,,,,,-27.29066788551112
1179,505,Steward Berroa,MIL| TOR,17,9,SWITCH,45,37,7,6,0,1,8,3,1,0.189,,-3.647,-2.251,-3.433,-0.744,-0.194,-10.271,-10.271,0.0,-27.319926886168105,,,,,,,,,,,,,,,,,,,,,,,,,,,,,,,,,,,-27.319926886168105
1180,506,Chadwick Tromp,ATL| BAL| SFN,18,9,RIGHT,54,52,13,3,0,6,1,0,0,0.25,,-3.813,-2.251,-3.183,-1.0,-0.03,-10.277,-10.277,0.0,-27.33588634107191,,,,,,,,,,,,,,,,,,,,,,,,,,,,,,,,,,,-27.33588634107191
1181,507,Mason McCoy,SDN| TOR,17,9,RIGHT,57,49,10,7,0,3,5,1,0,0.204,,-3.592,-2.251,-3.333,-0.915,-0.201,-10.293,-10.293,0.0,-27.37844488748206,,,,,,,,,,,,,,,,,,,,,,,,,,,,,,,,,,,-27.37844488748206
1182,509,Jacob Hurtubise,CIN,24,1,LEFT,68,54,10,6,0,4,6,2,0,0.185,,-3.647,-2.251,-3.283,-0.829,-0.3,-10.311,-10.311,0.0,-27.426323252193487,,,,,,,,,,,,,,,,,,,,,,,,,,,,,,,,,,,-27.426323252193487
1183,511,Miles Mastrobuoni,SEA| TBA| CHN,46,8,LEFT,106,98,19,9,0,4,7,2,0,0.194,,-3.482,-2.251,-3.283,-0.829,-0.479,-10.325,-10.325,0.0,-27.46356198030237,,,,,,,,,,,,,,,,,,,,,,,,,,,,,,,,,,,-27.46356198030237
1184,512,Thomas Saggese,SLN,14,7,RIGHT,52,49,10,5,1,4,2,0,0,0.204,,-3.702,-2.14,-3.283,-1.0,-0.201,-10.326,-10.326,0.0,-27.466221889453006,,,,,,,,,,,,,,,,,,,,,,,,,,,,,,,,,,,-27.466221889453006
1185,513,Tyler Black,MIL,17,3,LEFT,57,49,10,4,0,2,7,3,0,0.204,,-3.758,-2.251,-3.383,-0.744,-0.201,-10.337,-10.337,0.0,-27.495480890109985,,,,,,,,,,,,,,,,,,,,,,,,,,,,,,,,,,,-27.495480890109985
1186,514,Marco Luciano,SFN,25,8,RIGHT,81,76,16,9,0,3,5,0,1,0.211,,-3.482,-2.251,-3.333,-1.0,-0.274,-10.341,-10.341,0.0,-27.50612052671252,,,,,,,,,,,,,,,,,,,,,,,,,,,,,,,,,,,-27.50612052671252
1187,515,Graham Pauley,MIA| SDN,13,8,LEFT,32,32,4,4,2,5,0,0,0,0.125,,-3.758,-2.028,-3.233,-1.0,-0.326,-10.344,-10.344,0.0,-27.514100254164426,,,,,,,,,,,,,,,,,,,,,,,,,,,,,,,,,,,-27.514100254164426
1188,517,Ryan Vilade,CIN| SLN| COL| DET,16,9,RIGHT,49,45,8,5,1,5,2,0,0,0.178,,-3.702,-2.14,-3.233,-1.0,-0.276,-10.351,-10.351,0.0,-27.532719618218877,,,,,,,,,,,,,,,,,,,,,,,,,,,,,,,,,,,-27.532719618218877
1189,518,Yoan Moncada,ANA| CHA,12,2,SWITCH,45,40,11,4,0,0,5,1,0,0.275,,-3.758,-2.251,-3.484,-0.915,0.054,-10.353,-10.353,0.0,-27.53803943652014,,,,,,,,,,,,,,,,,,,,,,,,,,,,,,,,,,,-27.53803943652014
1190,519,Blake Sabol,BOS| SFN,11,7,LEFT,38,32,10,3,0,1,5,0,0,0.312,,-3.813,-2.251,-3.433,-1.0,0.135,-10.362,-10.362,0.0,-27.56197861887585,,,,,,,,,,,,,,,,,,,,,,,,,,,,,,,,,,,-27.56197861887585
1191,520,Luke Williams,ATL| PHI| MIA| SFN| LAN,21,9,RIGHT,52,46,9,2,0,4,4,3,0,0.196,,-3.868,-2.251,-3.283,-0.744,-0.219,-10.365,-10.365,0.0,-27.56995834632776,,,,,,,,,,,,,,,,,,,,,,,,,,,,,,,,,,,-27.56995834632776
1192,522,Braden Shewmake,ATL| CHA,23,9,LEFT,67,64,8,4,1,4,1,5,0,0.125,,-3.758,-2.14,-3.283,-0.573,-0.652,-10.405,-10.405,0.0,-27.676354712353135,,,,,,,,,,,,,,,,,,,,,,,,,,,,,,,,,,,-27.676354712353135
1193,523,Ehire Adrianza,MIN| ATL| WAS| ANA,8,8,SWITCH,28,26,5,4,1,2,2,0,0,0.192,,-3.758,-2.14,-3.383,-1.0,-0.13,-10.411,-10.411,0.0,-27.692314167256946,,,,,,,,,,,,,,,,,,,,,,,,,,,,,,,,,,,-27.692314167256946
1194,524,Oscar Colas,CHA,13,6,LEFT,38,33,9,1,0,4,4,0,1,0.273,,-3.923,-2.251,-3.283,-1.0,0.039,-10.419,-10.419,0.0,-27.713593440462027,,,,,,,,,,,,,,,,,,,,,,,,,,,,,,,,,,,-27.713593440462027
1195,525,Austin Shenton,TBA,19,5,LEFT,50,42,9,3,1,3,8,0,0,0.214,,-3.813,-2.14,-3.333,-1.0,-0.14,-10.425,-10.425,0.0,-27.729552895365835,,,,,,,,,,,,,,,,,,,,,,,,,,,,,,,,,,,-27.729552895365835
1196,526,Johnathan Rodriguez,CLE,12,6,RIGHT,40,31,4,6,0,5,9,0,0,0.129,,-3.647,-2.251,-3.233,-1.0,-0.306,-10.438,-10.438,0.0,-27.764131714324083,,,,,,,,,,,,,,,,,,,,,,,,,,,,,,,,,,,-27.764131714324083
1197,527,Cole Tucker,PIT| COL| ANA,20,8,SWITCH,57,50,9,3,0,3,6,3,1,0.18,,-3.813,-2.251,-3.333,-0.744,-0.298,-10.439,-10.439,0.0,-27.76679162347472,,,,,,,,,,,,,,,,,,,,,,,,,,,,,,,,,,,-27.76679162347472
1198,528,Tyler Locklear,ARI| SEA,14,7,RIGHT,49,45,7,3,2,3,3,1,0,0.156,,-3.813,-2.028,-3.333,-0.915,-0.353,-10.441,-10.441,0.0,-27.772111441775987,,,,,,,,,,,,,,,,,,,,,,,,,,,,,,,,,,,-27.772111441775987
1199,530,Zach Remillard,CHA,13,7,RIGHT,39,33,8,3,0,1,5,1,0,0.242,,-3.813,-2.251,-3.433,-0.915,-0.038,-10.45,-10.45,0.0,-27.79605062413169,,,,,,,,,,,,,,,,,,,,,,,,,,,,,,,,,,,-27.79605062413169
1200,531,Logan Driscoll,TBA,13,8,LEFT,37,35,6,2,1,5,1,0,0,0.171,,-3.868,-2.14,-3.233,-1.0,-0.232,-10.472,-10.472,0.0,-27.85456862544566,,,,,,,,,,,,,,,,,,,,,,,,,,,,,,,,,,,-27.85456862544566
1201,533,Jhonny Pereda,ATH| MIN| MIA,15,9,RIGHT,40,39,9,2,0,4,0,0,0,0.231,,-3.868,-2.251,-3.283,-1.0,-0.08,-10.482,-10.482,0.0,-27.881167716952003,,,,,,,,,,,,,,,,,,,,,,,,,,,,,,,,,,,-27.881167716952003
1202,534,Zack Short,HOU| DET| ATL| BOS| NYN,31,9,RIGHT,88,70,9,9,0,5,14,2,0,0.129,,-3.482,-2.251,-3.233,-0.829,-0.694,-10.49,-10.49,0.0,-27.90244699015708,,,,,,,,,,,,,,,,,,,,,,,,,,,,,,,,,,,-27.90244699015708
1203,535,Bobby Dalbec,CHA| BOS,33,7,RIGHT,93,83,11,6,1,8,8,2,0,0.133,,-3.647,-2.14,-3.082,-0.829,-0.798,-10.496,-10.496,0.0,-27.91840644506089,,,,,,,,,,,,,,,,,,,,,,,,,,,,,,,,,,,-27.91840644506089
1204,536,Pablo Reyes,NYA| MIL| BOS| NYN,21,2,RIGHT,64,60,11,4,0,5,3,1,2,0.183,,-3.758,-2.251,-3.233,-0.915,-0.342,-10.499,-10.499,0.0,-27.9263861725128,,,,,,,,,,,,,,,,,,,,,,,,,,,,,,,,,,,-27.9263861725128
1205,538,Billy McKinney,TEX| TOR| LAN| MIL| NYN| OAK| NYA| PIT,10,7,LEFT,28,25,5,4,0,2,2,0,0,0.2,,-3.758,-2.251,-3.383,-1.0,-0.111,-10.503,-10.503,0.0,-27.937025809115333,,,,,,,,,,,,,,,,,,,,,,,,,,,,,,,,,,,-27.937025809115333
1206,539,Drew Romo,COL,16,9,SWITCH,53,51,9,4,0,6,2,0,1,0.176,,-3.758,-2.251,-3.183,-1.0,-0.318,-10.509,-10.509,0.0,-27.95298526401914,,,,,,,,,,,,,,,,,,,,,,,,,,,,,,,,,,,-27.95298526401914
1207,540,Joey Wendle,TBA| MIA| NYN,15,9,LEFT,37,36,8,3,0,1,1,1,0,0.222,,-3.813,-2.251,-3.433,-0.915,-0.098,-10.51,-10.51,0.0,-27.95564517316977,,,,,,,,,,,,,,,,,,,,,,,,,,,,,,,,,,,-27.95564517316977
1208,541,Javier Sanoja,MIA,15,8,RIGHT,36,35,8,3,0,2,1,0,0,0.229,,-3.813,-2.251,-3.383,-1.0,-0.078,-10.525,-10.525,0.0,-27.995543810429293,,,,,,,,,,,,,,,,,,,,,,,,,,,,,,,,,,,-27.995543810429293
1209,543,Shay Whitcomb,HOU,18,8,RIGHT,46,41,9,1,0,5,5,0,0,0.22,,-3.923,-2.251,-3.233,-1.0,-0.12,-10.527,-10.527,0.0,-28.00086362873056,,,,,,,,,,,,,,,,,,,,,,,,,,,,,,,,,,,-28.00086362873056
1210,544,Aaron Hicks,NYA| BAL| ANA,17,5,SWITCH,63,57,8,6,1,5,6,0,0,0.14,,-3.647,-2.14,-3.233,-1.0,-0.513,-10.533,-10.533,0.0,-28.016823083634367,,,,,,,,,,,,,,,,,,,,,,,,,,,,,,,,,,,-28.016823083634367
1211,545,Jose Fermin,SLN,37,8,RIGHT,79,71,11,6,0,4,7,2,0,0.155,,-3.647,-2.251,-3.283,-0.829,-0.56,-10.571,-10.571,0.0,-28.117899631358483,,,,,,,,,,,,,,,,,,,,,,,,,,,,,,,,,,,-28.117899631358483
1212,546,Seby Zavala,CHA| ARI| SEA,16,9,RIGHT,43,39,6,4,1,2,3,0,0,0.154,,-3.758,-2.14,-3.383,-1.0,-0.311,-10.591,-10.591,0.0,-28.171097814371176,,,,,,,,,,,,,,,,,,,,,,,,,,,,,,,,,,,-28.171097814371176
1213,547,Kyren Paris,ANA,20,9,RIGHT,59,51,6,4,1,5,7,1,0,0.118,,-3.758,-2.14,-3.233,-0.915,-0.548,-10.593,-10.593,0.0,-28.176417632672447,,,,,,,,,,,,,,,,,,,,,,,,,,,,,,,,,,,-28.176417632672447
1214,548,Brandon Crawford,SFN| SLN,27,8,LEFT,80,71,12,5,1,4,8,0,0,0.169,,-3.702,-2.14,-3.283,-1.0,-0.483,-10.608,-10.608,0.0,-28.21631626993197,,,,,,,,,,,,,,,,,,,,,,,,,,,,,,,,,,,-28.21631626993197
1215,549,Jason Vosler,SFN| CIN| SEA,9,6,LEFT,30,28,5,2,0,3,2,0,0,0.179,,-3.868,-2.251,-3.333,-1.0,-0.17,-10.622,-10.622,0.0,-28.25355499804085,,,,,,,,,,,,,,,,,,,,,,,,,,,,,,,,,,,-28.25355499804085
1216,550,Jonathan Ornelas,ATL| TEX,16,9,RIGHT,40,37,8,1,0,3,2,0,0,0.216,,-3.923,-2.251,-3.333,-1.0,-0.117,-10.625,-10.625,0.0,-28.261534725492755,,,,,,,,,,,,,,,,,,,,,,,,,,,,,,,,,,,-28.261534725492755
1217,551,Travis Blankenhorn,MIN| NYN| WAS,13,6,LEFT,32,31,4,2,0,5,1,0,0,0.129,,-3.868,-2.251,-3.233,-1.0,-0.306,-10.658,-10.658,0.0,-28.349311727463697,,,,,,,,,,,,,,,,,,,,,,,,,,,,,,,,,,,-28.349311727463697
1218,552,Owen Miller,COL| CLE| MIL,12,7,RIGHT,27,27,5,1,0,3,0,0,0,0.185,,-3.923,-2.251,-3.333,-1.0,-0.15,-10.658,-10.658,0.0,-28.349311727463697,,,,,,,,,,,,,,,,,,,,,,,,,,,,,,,,,,,-28.349311727463697
1219,554,Trenton Brooks,SDN| SFN,12,9,LEFT,29,25,3,3,0,1,4,1,0,0.12,,-3.813,-2.251,-3.433,-0.915,-0.264,-10.677,-10.677,0.0,-28.399850001325756,,,,,,,,,,,,,,,,,,,,,,,,,,,,,,,,,,,-28.399850001325756
1220,555,Tom Murphy,SEA| SFN,12,8,RIGHT,38,34,4,3,1,2,4,0,0,0.118,,-3.813,-2.14,-3.383,-1.0,-0.366,-10.701,-10.701,0.0,-28.463687820940983,,,,,,,,,,,,,,,,,,,,,,,,,,,,,,,,,,,-28.463687820940983
1221,557,Joey Wiemer,MIA| MIL| CIN,13,9,RIGHT,28,26,4,2,0,0,2,1,1,0.154,,-3.868,-2.251,-3.484,-0.915,-0.207,-10.725,-10.725,0.0,-28.527525640556213,,,,,,,,,,,,,,,,,,,,,,,,,,,,,,,,,,,-28.527525640556213
1222,559,Luis De Los Santos,TOR,11,8,RIGHT,31,29,5,2,0,1,2,0,0,0.172,,-3.868,-2.251,-3.433,-1.0,-0.19,-10.742,-10.742,0.0,-28.57274409611701,,,,,,,,,,,,,,,,,,,,,,,,,,,,,,,,,,,-28.57274409611701
1223,562,Mike Ford,NYA| ANA| ATL| SEA| SFN| CIN,17,3,LEFT,62,60,9,2,1,4,2,0,0,0.15,,-3.868,-2.14,-3.283,-1.0,-0.496,-10.786,-10.786,0.0,-28.68978009874493,,,,,,,,,,,,,,,,,,,,,,,,,,,,,,,,,,,-28.68978009874493
1224,563,Matt Mervis,MIA| CHN,9,7,LEFT,28,26,3,1,0,3,1,0,0,0.115,,-3.923,-2.251,-3.333,-1.0,-0.284,-10.792,-10.792,0.0,-28.705739553648733,,,,,,,,,,,,,,,,,,,,,,,,,,,,,,,,,,,-28.705739553648733
1225,565,Adael Amador,COL,10,9,SWITCH,36,35,6,1,0,0,1,1,0,0.171,,-3.923,-2.251,-3.484,-0.915,-0.232,-10.804,-10.804,0.0,-28.737658463456352,,,,,,,,,,,,,,,,,,,,,,,,,,,,,,,,,,,-28.737658463456352
1226,568,Keston Hiura,COL| MIL| ANA,9,9,RIGHT,27,27,4,1,0,1,0,0,1,0.148,,-3.923,-2.251,-3.433,-1.0,-0.227,-10.835,-10.835,0.0,-28.820115647126027,,,,,,,,,,,,,,,,,,,,,,,,,,,,,,,,,,,-28.820115647126027
1227,570,Davis Wendzel,TEX,20,8,RIGHT,49,47,6,2,1,2,1,0,0,0.128,,-3.868,-2.14,-3.383,-1.0,-0.469,-10.86,-10.86,0.0,-28.886613375891887,,,,,,,,,,,,,,,,,,,,,,,,,,,,,,,,,,,-28.886613375891887
1228,571,Niko Goodrum,DET| HOU| ANA| TBA,11,6,SWITCH,33,29,3,2,0,0,3,1,1,0.103,,-3.868,-2.251,-3.484,-0.915,-0.344,-10.861,-10.861,0.0,-28.889273285042524,,,,,,,,,,,,,,,,,,,,,,,,,,,,,,,,,,,-28.889273285042524
1229,572,Aledmys Diaz,HOU| OAK,12,8,RIGHT,34,33,3,2,0,1,1,0,0,0.091,,-3.868,-2.251,-3.433,-1.0,-0.423,-10.975,-10.975,0.0,-29.192502928214868,,,,,,,,,,,,,,,,,,,,,,,,,,,,,,,,,,,-29.192502928214868
1230,573,Coby Mayo,BAL,17,7,RIGHT,46,41,4,4,0,0,4,0,0,0.098,,-3.758,-2.251,-3.484,-1.0,-0.504,-10.997,-10.997,0.0,-29.25102092952883,,,,,,,,,,,,,,,,,,,,,,,,,,,,,,,,,,,-29.25102092952883
1231,574,Nacho Alvarez,ATL,8,8,RIGHT,32,30,3,1,0,0,0,0,0,0.1,,-3.923,-2.251,-3.484,-1.0,-0.363,-11.021,-11.021,0.0,-29.31485874914406,,,,,,,,,,,,,,,,,,,,,,,,,,,,,,,,,,,-29.31485874914406
1232,575,Tristan Gray,TBA| MIA| OAK,13,7,LEFT,31,28,3,0,0,0,3,0,0,0.107,,-3.978,-2.251,-3.484,-1.0,-0.324,-11.037,-11.037,0.0,-29.357417295554217,,,,,,,,,,,,,,,,,,,,,,,,,,,,,,,,,,,-29.357417295554217
1233,576,Alan Trejo,COL,23,9,RIGHT,67,63,9,3,0,1,2,0,0,0.143,,-3.813,-2.251,-3.433,-1.0,-0.555,-11.053,-11.053,0.0,-29.39997584196437,,,,,,,,,,,,,,,,,,,,,,,,,,,,,,,,,,,-29.39997584196437
1234,577,Justin Foscue,TEX,15,8,RIGHT,44,42,2,3,0,1,2,0,0,0.048,,-3.813,-2.251,-3.433,-1.0,-0.678,-11.175,-11.175,0.0,-29.72448475834179,,,,,,,,,,,,,,,,,,,,,,,,,,,,,,,,,,,-29.72448475834179
