TRank,H-Unnamed: 0,H-Name,H-Team,H-GP,H-BO,H-L/R,H-PA,H-AB,H-H,H-R,H-HR,H-RBI,H-BB,H-SB,H-CS,H-AVG,H-POS,H-R-Z,H-HR-Z,H-RBI-Z,H-SB-Z,H-AVG-Z,H-SUM-Z,H-SUM-Z-A,H-Adj-Val,H-ACV,H-Unnamed: 26,P-Unnamed: 0,P-Name,P-Team,P-L/R,P-POS,P-IP,P-GS,P-GP,P-HA,P-R,P-ER,P-HR,P-BB,P-K,P-W,P-L,P-S,P-HD,P-BS,P-ERA,P-WHIP,P-SB,P-CS,P-SBP,P-W-Z,P-K-Z,P-S-Z,P-ERA-Z,P-WHIP-Z,P-Z-SUM,P-Z-SUM-A,P-ACV,P-Unnamed: 32,ACV
1,3,Jose Ramirez,CLE,58,2,SWITCH,254,219,64,45,17,46,31,10,3,0.292,3B,1.985,2.017,1.954,1.842,0.899,8.698,13.762,5.064,37.337456190085845,,,,,,,,,,,,,,,,,,,,,,,,,,,,,,,,,,,37.337456190085845
2,,,,,,,,,,,,,,,,,,,,,,,,,,,,1,Shane Bieber,TOR| CLE,RIGHT,SP,77.33333333333334,12,12,46,15,14,7,21,122,8,1,0,0,0,1.629,0.866,2,3,0.026,2.828,3.273,-0.503,2.583,2.301,10.482,16.466,35.12879474261981,,35.12879474261981
3,8,Manny Machado,SDN,60,3,RIGHT,254,224,68,44,16,47,26,6,3,0.304,3B,1.858,1.773,2.062,0.705,1.282,7.68,12.744,5.064,34.57553710844746,,,,,,,,,,,,,,,,,,,,,,,,,,,,,,,,,,,34.57553710844746
4,6,Mookie Betts,LAN,53,1,RIGHT,246,219,64,47,16,39,24,10,2,0.292,RF,2.24,1.773,1.203,1.842,0.899,7.957,12.693,4.736,34.43716984600782,,,,,,,,,,,,,,,,,,,,,,,,,,,,,,,,,,,34.43716984600782
5,1,Trea Turner,PHI| WAS| LAN,59,1,RIGHT,259,233,78,46,12,41,22,12,4,0.335,SS,2.113,0.795,1.417,2.411,2.371,9.107,12.6,3.493,34.18485307332376,,,,,,,,,,,,,,,,,,,,,,,,,,,,,,,,,,,34.18485307332376
6,7,Marcell Ozuna,ATL,60,4,RIGHT,267,228,77,38,18,56,38,0,0,0.338,DH| LF,1.095,2.262,3.028,-1.0,2.417,7.802,12.538,4.736,34.01664189153439,,,,,,,,,,,,,,,,,,,,,,,,,,,,,,,,,,,34.01664189153439
7,2,Fernando Tatis,SDN,59,1,RIGHT,257,224,62,50,17,45,27,11,3,0.277,SS,2.621,2.017,1.847,2.127,0.425,9.037,12.53,3.493,33.99493722291641,,,,,,,,,,,,,,,,,,,,,,,,,,,,,,,,,,,33.99493722291641
8,4,Jose Abreu,CHA| HOU,60,3,RIGHT,262,240,76,43,19,60,18,0,0,0.317,1B,1.731,2.506,3.457,-1.0,1.822,8.517,12.058,3.541,32.71436177445539,,,,,,,,,,,,,,,,,,,,,,,,,,,,,,,,,,,32.71436177445539
9,5,Freddie Freeman,LAN| ATL,60,3,LEFT,262,214,73,51,13,53,45,2,0,0.341,1B,2.748,1.039,2.706,-0.432,2.372,8.434,11.975,3.541,32.48917583754381,,,,,,,,,,,,,,,,,,,,,,,,,,,,,,,,,,,32.48917583754381
10,,,,,,,,,,,,,,,,,,,,,,,,,,,,2,Yu Darvish,SDN| CHN,RIGHT,SP,76.0,12,12,59,18,17,5,14,93,8,3,0,0,0,2.013,0.961,4,0,0.053,2.828,1.923,-0.503,2.098,1.638,7.984,13.968,29.79952659813637,,29.79952659813637
11,,,,,,,,,,,,,,,,,,,,,,,,,,,,3,Trevor Bauer,CIN| LAN,RIGHT,SP,73.0,11,11,41,17,14,9,17,100,5,4,0,0,0,1.726,0.794,6,2,0.082,1.095,2.249,-0.503,2.332,2.629,7.802,13.786,29.411245252141185,,29.411245252141185
12,11,Juan Soto,NYN| WAS| SDN| NYA,47,3,LEFT,196,154,54,39,13,37,41,6,2,0.351,LF,1.222,1.039,0.988,0.705,1.917,5.872,10.608,4.736,28.78039058744591,,,,,,,,,,,,,,,,,,,,,,,,,,,,,,,,,,,28.78039058744591
13,9,Luke Voit,NYA| SDN| WAS| MIL,56,2,RIGHT,234,213,59,41,22,52,17,0,0,0.277,1B| DH,1.477,3.24,2.598,-1.0,0.411,6.726,10.267,3.541,27.855229087604368,,,,,,,,,,,,,,,,,,,,,,,,,,,,,,,,,,,27.855229087604368
14,12,Mike Trout,ANA,53,3,RIGHT,241,199,56,41,17,46,35,1,1,0.281,CF,1.477,2.017,1.954,-0.716,0.509,5.242,9.978,4.736,27.07114793377972,,,,,,,,,,,,,,,,,,,,,,,,,,,,,,,,,,,27.07114793377972
15,,,,,,,,,,,,,,,,,,,,,,,,,,,,4,Gerrit Cole,NYA,RIGHT,SP,73.0,12,12,53,27,23,14,17,94,7,3,0,0,0,2.836,0.959,1,1,0.014,2.251,1.97,-0.503,1.107,1.584,6.408,12.392,26.4372661514967,,26.4372661514967
16,10,Trevor Story,BOS| COL,59,2,RIGHT,259,235,68,41,11,28,24,15,3,0.289,SS,1.477,0.55,0.022,3.264,0.868,6.18,9.673,3.493,26.24365744271911,,,,,,,,,,,,,,,,,,,,,,,,,,,,,,,,,,,26.24365744271911
17,,,,,,,,,,,,,,,,,,,,,,,,,,,,5,Kenta Maeda,DET| MIN,RIGHT,SP,66.66666666666667,11,11,40,20,20,9,10,80,6,1,0,0,0,2.7,0.75,3,1,0.045,1.673,1.319,-0.503,1.148,2.659,6.295,12.279,26.196190370741444,,26.196190370741444
18,19,DJ LeMahieu,NYA,50,1,RIGHT,216,195,71,41,10,27,18,3,0,0.364,2B| 1B| 3B,1.477,0.306,-0.086,-0.147,2.802,4.351,9.415,5.064,25.54368187978914,,,,,,,,,,,,,,,,,,,,,,,,,,,,,,,,,,,25.54368187978914
19,44,J. T. Realmuto,PHI,47,4,RIGHT,195,173,46,33,11,32,16,4,1,0.266,CC| DH,0.459,0.55,0.451,0.137,0.059,1.657,9.307,7.65,25.25066885344637,,,,,,,,,,,,,,,,,,,,,,,,,,,,,,,,,,,25.25066885344637
20,15,Ronald Acuna,ATL,46,1,RIGHT,202,160,40,46,14,29,38,8,1,0.25,RF| CF,2.113,1.284,0.129,1.274,-0.308,4.491,9.227,4.736,25.033622167266536,,,,,,,,,,,,,,,,,,,,,,,,,,,,,,,,,,,25.033622167266536
21,16,Bryce Harper,PHI,58,3,LEFT,244,190,51,41,13,33,49,8,2,0.268,RF| DH,1.477,1.039,0.559,1.274,0.134,4.482,9.218,4.736,25.009204415071306,,,,,,,,,,,,,,,,,,,,,,,,,,,,,,,,,,,25.009204415071306
22,17,Whit Merrifield,KCA| TOR| ATL| PHI,60,1,RIGHT,265,248,70,38,9,30,12,12,3,0.282,CF| RF| 2B,1.095,0.061,0.236,2.411,0.664,4.468,9.204,4.736,24.971221244989835,,,,,,,,,,,,,,,,,,,,,,,,,,,,,,,,,,,24.971221244989835
23,20,Teoscar Hernandez,LAN| TOR| SEA,50,4,RIGHT,207,190,55,33,16,34,14,6,1,0.289,RF| CF,0.459,1.773,0.666,0.705,0.705,4.309,9.045,4.736,24.539840956207414,,,,,,,,,,,,,,,,,,,,,,,,,,,,,,,,,,,24.539840956207414
24,,,,,,,,,,,,,,,,,,,,,,,,,,,,6,Jacob deGrom,TEX| NYN,RIGHT,SP,68.0,12,12,47,21,18,7,18,104,4,2,0,0,0,2.382,0.956,13,2,0.191,0.518,2.435,-0.503,1.497,1.493,5.44,11.424,24.372121410159643,,24.372121410159643
25,,,,,,,,,,,,,,,,,,,,,,,,,,,,7,Dinelson Lamet,SDN| COL| BOS| LAN,RIGHT,SP,69.00000000000001,12,12,39,18,16,5,20,93,3,1,0,0,0,2.087,0.855,4,1,0.058,-0.06,1.923,-0.503,1.827,2.121,5.309,11.293,24.092644177602665,,24.092644177602665
26,,,,,,,,,,,,,,,,,,,,,,,,,,,,8,Clayton Kershaw,LAN,LEFT,SP,58.333333333333336,10,10,41,18,14,8,8,62,6,2,0,0,0,2.16,0.84,1,1,0.017,1.673,0.481,-0.503,1.481,1.869,5.001,10.985,23.43555266899542,,23.43555266899542
27,52,Salvador Perez,KCA,37,3,RIGHT,156,150,50,22,11,32,3,1,0,0.333,CC,-0.939,0.55,0.451,-0.716,1.496,0.842,8.492,7.65,23.03950573798932,,,,,,,,,,,,,,,,,,,,,,,,,,,,,,,,,,,23.03950573798932
28,23,Wil Myers,SDN| CIN,55,6,RIGHT,218,198,57,34,15,40,18,2,1,0.288,RF,0.587,1.528,1.31,-0.432,0.689,3.683,8.419,4.736,22.84145063685022,,,,,,,,,,,,,,,,,,,,,,,,,,,,,,,,,,,22.84145063685022
29,,,,,,,,,,,,,,,,,,,,,,,,,,,,9,Marco Gonzales,SEA| PIT,LEFT,SP,69.66666666666666,11,11,59,27,24,8,7,64,7,2,0,0,0,3.1,0.947,0,0,0.0,2.251,0.574,-0.503,0.777,1.581,4.68,10.664,22.750726778531376,,22.750726778531376
30,,,,,,,,,,,,,,,,,,,,,,,,,,,,10,Lance Lynn,TEX| CHA| LAN| SLN,RIGHT,SP,84.0,13,13,64,34,31,13,25,89,6,3,0,0,0,3.321,1.06,6,0,0.071,1.673,1.737,-0.503,0.656,1.086,4.65,10.634,22.68672435886184,,22.68672435886184
31,13,Adalberto Mondesi,KCA,59,2,SWITCH,233,219,56,33,6,22,11,24,8,0.256,SS,0.459,-0.672,-0.622,5.822,-0.244,4.743,8.236,3.493,22.34495634221385,,,,,,,,,,,,,,,,,,,,,,,,,,,,,,,,,,,22.34495634221385
32,24,Kyle Tucker,CHN| HOU,58,5,LEFT,228,209,56,33,9,42,18,8,1,0.268,DH| LF| RF,0.459,0.061,1.525,1.274,0.133,3.452,8.187999999999999,4.736,22.214728330505945,,,,,,,,,,,,,,,,,,,,,,,,,,,,,,,,,,,22.214728330505945
33,,,,,,,,,,,,,,,,,,,,,,,,,,,,11,Kyle Hendricks,ANA| CHN,RIGHT,SP,81.33333333333334,12,12,73,26,26,10,8,64,6,5,0,0,0,2.877,0.996,0,4,0.0,1.673,0.574,-0.503,1.182,1.502,4.428,10.412,22.213106453307265,,22.213106453307265
34,,,,,,,,,,,,,,,,,,,,,,,,,,,,12,Liam Hendriks,BOS| OAK| CHA,RIGHT,RP,25.33333333333333,0,24,14,6,5,1,3,37,3,1,14,0,0,1.776,0.671,2,0,0.079,-0.06,-0.682,3.183,0.79,1.185,4.416,10.4,22.18750548543945,,22.18750548543945
35,14,Corey Seager,TEX| LAN,52,2,LEFT,232,212,65,38,15,41,17,1,0,0.307,SS| DH,1.095,1.528,1.417,-0.716,1.305,4.63,8.123,3.493,22.038377897984837,,,,,,,,,,,,,,,,,,,,,,,,,,,,,,,,,,,22.038377897984837
36,,,,,,,,,,,,,,,,,,,,,,,,,,,,13,Zach Davies,SDN| CHN| ARI,RIGHT,SP,69.33333333333334,12,12,55,26,21,9,19,63,7,4,0,0,0,2.726,1.067,2,0,0.029,2.251,0.528,-0.503,1.166,0.849,4.291,10.275,21.920828736816382,,21.920828736816382
37,,,,,,,,,,,,,,,,,,,,,,,,,,,,14,Corbin Burnes,ARI| MIL| BAL,RIGHT,SP| RP,59.66666666666666,9,12,37,15,14,2,24,88,4,1,0,0,0,2.112,1.022,9,1,0.151,0.518,1.691,-0.503,1.558,0.965,4.228,10.212,21.786423655510355,,21.786423655510355
38,25,Michael Conforto,LAN| NYN| SFN,54,2,LEFT,233,202,65,40,9,31,24,3,3,0.322,RF,1.35,0.061,0.344,-0.147,1.681,3.289,8.025,4.736,21.77249570741454,,,,,,,,,,,,,,,,,,,,,,,,,,,,,,,,,,,21.77249570741454
39,26,Trent Grisham,NYA| SDN,59,1,LEFT,252,215,54,42,10,26,31,10,1,0.251,CF,1.604,0.306,-0.193,1.842,-0.379,3.18,7.916,4.736,21.47676959749452,,,,,,,,,,,,,,,,,,,,,,,,,,,,,,,,,,,21.47676959749452
40,,,,,,,,,,,,,,,,,,,,,,,,,,,,15,Aaron Nola,PHI,RIGHT,SP,71.33333333333334,12,12,54,31,26,9,23,96,5,5,0,0,0,3.28,1.079,7,2,0.098,1.095,2.063,-0.503,0.602,0.799,4.056,10.04,21.419476449405007,,21.419476449405007
41,27,Brandon Lowe,TBA,56,2,LEFT,224,193,52,36,14,37,25,3,0,0.269,2B| RF,0.841,1.284,0.988,-0.147,0.164,3.129,7.865,4.736,21.338402335054877,,,,,,,,,,,,,,,,,,,,,,,,,,,,,,,,,,,21.338402335054877
42,18,Dansby Swanson,CHN| ATL,60,2,RIGHT,264,237,65,49,10,35,22,5,0,0.274,SS,2.494,0.306,0.773,0.421,0.364,4.358,7.850999999999999,3.493,21.3004191649734,,,,,,,,,,,,,,,,,,,,,,,,,,,,,,,,,,,21.3004191649734
43,66,Travis d'Arnaud,ANA| ATL,44,4,RIGHT,184,165,53,19,9,34,16,1,0,0.321,CC| DH,-1.321,0.061,0.666,-0.716,1.36,0.05,7.7,7.65,20.890743544808966,,,,,,,,,,,,,,,,,,,,,,,,,,,,,,,,,,,20.890743544808966
44,,,,,,,,,,,,,,,,,,,,,,,,,,,,16,Dylan Bundy,ANA| MIN,RIGHT,SP,65.66666666666667,11,11,51,27,24,5,17,72,6,3,0,0,0,3.289,1.036,10,1,0.152,1.673,0.946,-0.503,0.545,0.986,3.647,9.631,20.546910127910323,,20.546910127910323
45,,,,,,,,,,,,,,,,,,,,,,,,,,,,17,Max Fried,NYA| ATL,LEFT,SP,56.0,11,11,42,14,14,2,19,50,7,0,0,0,0,2.25,1.089,3,1,0.054,2.251,-0.077,-0.503,1.345,0.579,3.594,9.578,20.43383918649414,,20.43383918649414
46,,,,,,,,,,,,,,,,,,,,,,,,,,,,18,Lucas Giolito,BOS| CHA| ANA| CLE,RIGHT,SP,72.33333333333333,12,12,47,31,28,8,28,97,4,3,0,0,0,3.484,1.037,1,1,0.014,0.518,2.11,-0.503,0.387,1.078,3.59,9.574,20.425305530538203,,20.425305530538203
47,29,Mike Yastrzemski,KCA| SFN,54,1,LEFT,225,192,57,39,10,35,30,2,1,0.297,RF| CF| LF,1.222,0.306,0.773,-0.432,0.915,2.785,7.521,4.736,20.40510158448159,,,,,,,,,,,,,,,,,,,,,,,,,,,,,,,,,,,20.40510158448159
48,,,,,,,,,,,,,,,,,,,,,,,,,,,,19,Zach Plesac,CLE| ANA,RIGHT,SP,55.33333333333333,8,8,38,14,14,8,6,57,4,2,0,0,0,2.277,0.795,1,1,0.018,0.518,0.248,-0.503,1.306,1.989,3.559,9.543,20.35916969687968,,20.35916969687968
49,,,,,,,,,,,,,,,,,,,,,,,,,,,,20,Brandon Woodruff,MIL,RIGHT,SP,73.66666666666667,13,13,55,26,25,9,18,91,3,5,0,0,0,3.054,0.991,3,1,0.041,-0.06,1.83,-0.503,0.873,1.392,3.533,9.517,20.30370093316608,,20.30370093316608
50,,,,,,,,,,,,,,,,,,,,,,,,,,,,21,Brad Hand,CLE| NYN| TOR| WAS| PHI| ATL| COL,LEFT,RP,22.0,0,23,13,8,5,0,4,29,2,1,16,0,0,2.046,0.773,0,0,0.0,-0.638,-1.054,3.71,0.596,0.834,3.448,9.432,20.122360744102394,,20.122360744102394
51,21,Xander Bogaerts,SDN| BOS,56,4,RIGHT,225,203,61,36,11,28,21,8,0,0.3,SS,0.841,0.55,0.022,1.274,1.073,3.759,7.252,3.493,19.675282102201898,,,,,,,,,,,,,,,,,,,,,,,,,,,,,,,,,,,19.675282102201898
52,31,Starling Marte,NYN| ARI| MIA| OAK,61,3,RIGHT,250,228,64,36,6,27,12,10,2,0.281,CF,0.841,-0.672,-0.086,1.842,0.56,2.485,7.221,4.736,19.59117651130721,,,,,,,,,,,,,,,,,,,,,,,,,,,,,,,,,,,19.59117651130721
53,22,Tim Anderson,ANA| CHA| MIA,49,1,RIGHT,221,208,67,45,10,21,10,5,2,0.322,SS,1.985,0.306,-0.73,0.421,1.741,3.724,7.217,3.493,19.58032417699822,,,,,,,,,,,,,,,,,,,,,,,,,,,,,,,,,,,19.58032417699822
54,,,,,,,,,,,,,,,,,,,,,,,,,,,,22,Dallas Keuchel,CHA| ARI| TEX| MIN| MIL,LEFT,SP,63.33333333333333,11,11,52,15,14,2,17,42,6,2,0,0,0,1.99,1.089,1,1,0.016,1.673,-0.449,-0.503,1.771,0.654,3.145,9.129,19.475936305440072,,19.475936305440072
55,32,Eddie Rosario,ATL| LAN| MIN| CLE| WAS,57,4,LEFT,231,210,54,31,13,42,19,3,1,0.257,LF,0.205,1.039,1.525,-0.147,-0.191,2.431,7.167,4.736,19.444669998135826,,,,,,,,,,,,,,,,,,,,,,,,,,,,,,,,,,,19.444669998135826
56,33,AJ Pollock,LAN| CHA| SEA| SFN,55,6,RIGHT,210,196,54,30,16,34,12,2,2,0.276,DH| LF| CF,0.078,1.773,0.666,-0.432,0.336,2.421,7.157,4.736,19.417539162363347,,,,,,,,,,,,,,,,,,,,,,,,,,,,,,,,,,,19.417539162363347
57,,,,,,,,,,,,,,,,,,,,,,,,,,,,23,Hyun Jin Ryu,TOR,LEFT,SP,67.0,12,12,60,22,20,6,17,72,5,2,0,0,0,2.687,1.149,1,1,0.015,1.095,0.946,-0.503,1.167,0.343,3.048,9.032,19.26899514850857,,19.26899514850857
58,34,Eloy Jimenez,CHA| BAL,54,5,RIGHT,226,213,63,26,14,41,12,0,0,0.296,LF,-0.431,1.284,1.417,-1.0,0.982,2.252,6.988,4.736,18.959028037808448,,,,,,,,,,,,,,,,,,,,,,,,,,,,,,,,,,,18.959028037808448
59,35,Randal Grichuk,ARI| KCA| TOR| COL| ANA,55,2,RIGHT,231,216,59,38,12,35,13,1,1,0.273,CF| DH,1.095,0.795,0.773,-0.716,0.298,2.245,6.981,4.736,18.940036452767718,,,,,,,,,,,,,,,,,,,,,,,,,,,,,,,,,,,18.940036452767718
60,,,,,,,,,,,,,,,,,,,,,,,,,,,,24,Devin Williams,NYA| MIL,RIGHT,RP,27.0,0,22,8,4,1,1,9,53,4,1,0,0,0,0.333,0.63,0,1,0.0,0.518,0.062,-0.503,1.431,1.36,2.868,8.852,18.88498063049135,,18.88498063049135
61,41,Kyle Seager,SEA,60,4,LEFT,248,203,49,35,9,40,32,5,0,0.241,3B,0.714,0.061,1.31,0.421,-0.641,1.865,6.929,5.064,18.798956106750826,,,,,,,,,,,,,,,,,,,,,,,,,,,,,,,,,,,18.798956106750826
62,36,Lourdes Gurriel,ARI| TOR,56,5,RIGHT,224,208,64,28,11,33,14,3,1,0.308,LF,-0.176,0.55,0.559,-0.147,1.313,2.098,6.834,4.736,18.541213166912268,,,,,,,,,,,,,,,,,,,,,,,,,,,,,,,,,,,18.541213166912268
63,37,Kole Calhoun,ARI| TEX| CLE,54,1,LEFT,228,190,43,35,16,40,28,1,1,0.226,RF,0.714,1.773,1.31,-0.716,-1.009,2.072,6.808,4.736,18.470672993903825,,,,,,,,,,,,,,,,,,,,,,,,,,,,,,,,,,,18.470672993903825
64,,,,,,,,,,,,,,,,,,,,,,,,,,,,25,Zac Gallen,ARI,RIGHT,SP,72.0,12,12,55,24,22,9,25,82,3,2,0,0,0,2.75,1.111,7,1,0.097,-0.06,1.412,-0.503,1.185,0.608,2.641,8.625,18.400695654991853,,18.400695654991853
65,38,Luis Robert,CHA,56,7,RIGHT,227,202,47,33,11,31,20,9,2,0.233,CF,0.459,0.55,0.344,1.558,-0.889,2.022,6.757999999999999,4.736,18.335018815041423,,,,,,,,,,,,,,,,,,,,,,,,,,,,,,,,,,,18.335018815041423
66,39,George Springer,TOR| HOU,50,1,RIGHT,222,189,50,37,14,32,24,1,2,0.265,CF| RF,0.968,1.284,0.451,-0.716,0.028,2.016,6.752,4.736,18.31874031357794,,,,,,,,,,,,,,,,,,,,,,,,,,,,,,,,,,,18.31874031357794
67,90,Willson Contreras,SLN| CHN,57,5,RIGHT,225,189,46,37,7,26,20,1,2,0.243,CC| DH,0.968,-0.428,-0.193,-0.716,-0.543,-0.911,6.739000000000001,7.65,18.28347022707372,,,,,,,,,,,,,,,,,,,,,,,,,,,,,,,,,,,18.28347022707372
68,,,,,,,,,,,,,,,,,,,,,,,,,,,,26,Tyler Glasnow,LAN| TBA,RIGHT,SP,57.333333333333336,11,11,43,26,26,11,22,91,5,1,0,0,0,4.081,1.134,9,2,0.157,1.095,1.83,-0.503,-0.211,0.371,2.582,8.565999999999999,18.27482422964176,,18.27482422964176
69,,,,,,,,,,,,,,,,,,,,,,,,,,,,27,Framber Valdez,HOU,LEFT,SP,70.66666666666666,10,11,63,32,28,5,16,76,5,3,0,0,0,3.566,1.118,6,1,0.085,1.095,1.133,-0.503,0.291,0.554,2.57,8.554,18.24922326177395,,18.24922326177395
70,,,,,,,,,,,,,,,,,,,,,,,,,,,,28,Chris Bassitt,TOR| OAK| NYN,RIGHT,SP,63.0,11,11,56,18,16,6,17,55,5,2,0,0,0,2.286,1.159,2,1,0.032,1.095,0.155,-0.503,1.479,0.27,2.497,8.481,18.09348404057808,,18.09348404057808
71,45,Cavan Biggio,KCA| TOR| ATL| LAN,59,1,LEFT,265,220,55,41,8,28,41,6,0,0.25,2B| RF| 3B,1.477,-0.183,0.022,0.705,-0.424,1.596,6.66,5.064,18.06913662447113,,,,,,,,,,,,,,,,,,,,,,,,,,,,,,,,,,,18.06913662447113
72,40,Charlie Blackmon,COL,59,3,LEFT,247,221,67,31,6,42,19,2,1,0.303,RF| DH,0.205,-0.672,1.525,-0.432,1.252,1.878,6.614,4.736,17.944334779917728,,,,,,,,,,,,,,,,,,,,,,,,,,,,,,,,,,,17.944334779917728
73,42,Dominic Smith,SFN| NYN| WAS| BOS| CIN,50,4,LEFT,199,177,56,27,10,42,14,0,0,0.316,LF| 1B,-0.304,0.306,1.525,-1.0,1.337,1.864,6.6,4.736,17.906351609836257,,,,,,,,,,,,,,,,,,,,,,,,,,,,,,,,,,,17.906351609836257
74,46,Rafael Devers,BOS| SFN,57,2,LEFT,248,232,61,32,11,43,13,0,0,0.263,3B,0.332,0.55,1.632,-1.0,-0.019,1.496,6.5600000000000005,5.064,17.79782826674634,,,,,,,,,,,,,,,,,,,,,,,,,,,,,,,,,,,17.79782826674634
75,43,Kyle Lewis,SEA| ARI,58,3,RIGHT,242,206,54,36,11,28,34,5,1,0.262,CF,0.841,0.55,0.022,0.421,-0.04,1.794,6.529999999999999,4.736,17.7164357594289,,,,,,,,,,,,,,,,,,,,,,,,,,,,,,,,,,,17.7164357594289
76,,,,,,,,,,,,,,,,,,,,,,,,,,,,29,Luis Castillo,SEA| CIN,RIGHT,SP,70.0,12,12,62,31,25,5,24,89,4,6,0,0,0,3.214,1.229,2,2,0.029,0.518,1.737,-0.503,0.66,-0.125,2.287,8.271,17.64546710289132,,17.64546710289132
77,,,,,,,,,,,,,,,,,,,,,,,,,,,,30,Adam Wainwright,SLN,RIGHT,SP,65.66666666666667,10,10,54,25,23,9,15,54,5,3,0,0,0,3.152,1.051,0,1,0.0,1.095,0.109,-0.503,0.681,0.899,2.281,8.265,17.632666618957412,,17.632666618957412
78,102,Christian Vazquez,MIN| BOS| HOU,46,5,RIGHT,189,173,49,22,7,23,16,4,3,0.283,CC,-0.939,-0.428,-0.515,0.137,0.488,-1.258,6.392,7.65,17.34203022576869,,,,,,,,,,,,,,,,,,,,,,,,,,,,,,,,,,,17.34203022576869
79,,,,,,,,,,,,,,,,,,,,,,,,,,,,31,Raisel Iglesias,ATL| CIN| ANA,RIGHT,RP,23.000000000000004,0,22,16,11,7,1,5,31,4,3,8,0,0,2.739,0.913,1,0,0.043,0.518,-0.961,1.603,0.382,0.591,2.133,8.117,17.316921348587698,,17.316921348587698
80,,,,,,,,,,,,,,,,,,,,,,,,,,,,32,Cristian Javier,HOU,RIGHT,SP| RP,54.333333333333336,10,12,36,21,21,11,18,54,5,2,0,0,0,3.478,0.994,1,2,0.018,1.095,0.109,-0.503,0.295,1.013,2.01,7.994,17.054511427942593,,17.054511427942593
81,,,,,,,,,,,,,,,,,,,,,,,,,,,,33,Trevor Rosenthal,KCA| SDN,RIGHT,RP,23.666666666666668,0,23,12,6,5,2,8,38,1,0,11,0,0,1.901,0.845,0,0,0.0,-1.215,-0.636,2.393,0.693,0.748,1.984,7.968,16.999042664228995,,16.999042664228995
82,,,,,,,,,,,,,,,,,,,,,,,,,,,,34,Alex Colome,CHA| MIN| COL,RIGHT,RP,22.33333333333333,0,21,13,3,2,0,8,16,2,0,12,0,0,0.806,0.94,2,0,0.09,-0.638,-1.659,2.657,1.024,0.521,1.905,7.889,16.830502959099217,,16.830502959099217
83,47,Cody Bellinger,NYA| LAN| CHN,56,4,LEFT,243,213,51,33,12,30,30,6,1,0.239,CF| 1B,0.459,0.795,0.236,0.705,-0.732,1.464,6.199999999999999,4.736,16.821118178937088,,,,,,,,,,,,,,,,,,,,,,,,,,,,,,,,,,,16.821118178937088
84,30,Didi Gregorius,PHI,60,5,LEFT,237,215,61,34,10,40,15,3,2,0.284,SS,0.587,0.306,1.31,-0.147,0.621,2.676,6.1690000000000005,3.493,16.737012588042404,,,,,,,,,,,,,,,,,,,,,,,,,,,,,,,,,,,16.737012588042404
85,,,,,,,,,,,,,,,,,,,,,,,,,,,,35,Jeremy Jeffress,CHN,RIGHT,RP,23.33333333333333,0,22,10,5,4,1,12,17,4,1,8,0,0,1.543,0.943,0,0,0.0,0.518,-1.613,1.603,0.81,0.539,1.857,7.841,16.728099087627957,,16.728099087627957
86,,,,,,,,,,,,,,,,,,,,,,,,,,,,36,Brad Keller,CHN| KCA| BOS| CHA,RIGHT,SP,54.66666666666666,9,9,39,16,15,2,17,35,5,3,0,0,0,2.47,1.024,0,0,0.0,1.095,-0.775,-0.503,1.132,0.874,1.823,7.807,16.65556301200248,,16.65556301200248
87,,,,,,,,,,,,,,,,,,,,,,,,,,,,37,Pablo Lopez,MIN| MIA,RIGHT,SP,57.33333333333333,11,11,50,27,23,4,18,59,6,4,0,0,0,3.611,1.186,5,1,0.087,1.673,0.342,-0.503,0.197,0.11,1.818,7.802,16.644895942057556,,16.644895942057556
88,,,,,,,,,,,,,,,,,,,,,,,,,,,,38,Carlos Carrasco,ATL| NYA| CLE| NYN,RIGHT,SP,68.0,12,12,55,22,22,8,27,82,3,4,0,0,0,2.912,1.206,2,2,0.029,-0.06,1.412,-0.503,0.953,0.013,1.814,7.798,16.63636228610162,,16.63636228610162
89,,,,,,,,,,,,,,,,,,,,,,,,,,,,39,Kenley Jansen,ANA| LAN| ATL| BOS,RIGHT,RP,24.33333333333333,0,27,19,11,9,2,9,33,3,1,11,0,0,3.329,1.151,2,0,0.082,-0.06,-0.868,2.393,0.187,0.121,1.774,7.758,16.55102572654224,,16.55102572654224
90,,,,,,,,,,,,,,,,,,,,,,,,,,,,40,Matt Foster,CHA,RIGHT,SP| RP,28.66666666666667,2,23,16,8,7,2,9,31,6,1,0,0,0,2.198,0.872,0,0,0.0,1.673,-0.961,-0.503,0.711,0.839,1.758,7.742,16.516891102718485,,16.516891102718485
91,,,,,,,,,,,,,,,,,,,,,,,,,,,,41,Sonny Gray,SLN| CIN| MIN,RIGHT,SP,56.00000000000001,11,11,42,26,23,4,26,72,5,3,0,0,0,3.696,1.214,1,1,0.018,1.095,0.946,-0.503,0.12,-0.031,1.628,7.612,16.23954728415049,,16.23954728415049
92,48,Adam Duvall,ATL| MIA| BOS,54,7,RIGHT,209,190,45,34,16,33,15,0,0,0.237,RF| LF,0.587,1.773,0.559,-1.0,-0.723,1.195,5.931,4.736,16.0912986966574,,,,,,,,,,,,,,,,,,,,,,,,,,,,,,,,,,,16.0912986966574
93,,,,,,,,,,,,,,,,,,,,,,,,,,,,42,Max Scherzer,TOR| WAS| LAN| NYN| TEX,RIGHT,SP,67.33333333333333,12,12,70,30,28,10,23,92,5,4,0,0,0,3.743,1.381,7,0,0.104,1.095,1.877,-0.503,0.097,-1.016,1.551,7.535,16.07527440699868,,16.07527440699868
94,,,,,,,,,,,,,,,,,,,,,,,,,,,,43,Greg Holland,KCA| TEX,RIGHT,RP,28.33333333333333,0,28,20,8,6,1,7,31,3,0,6,0,0,1.906,0.953,2,0,0.071,-0.06,-0.961,1.077,0.828,0.629,1.513,7.497,15.994204675417269,,15.994204675417269
95,49,Andrew McCutchen,PIT| PHI| MIL,57,1,RIGHT,241,217,55,32,10,34,22,4,0,0.253,LF| DH,0.332,0.306,0.666,0.137,-0.311,1.13,5.866,4.736,15.914948264136283,,,,,,,,,,,,,,,,,,,,,,,,,,,,,,,,,,,15.914948264136283
96,,,,,,,,,,,,,,,,,,,,,,,,,,,,44,Kevin Gausman,TOR| SFN,RIGHT,SP| RP,59.66666666666666,10,12,50,26,24,8,16,79,3,3,0,0,0,3.62,1.106,5,1,0.084,-0.06,1.272,-0.503,0.197,0.529,1.435,7.419,15.827798384276472,,15.827798384276472
97,119,Austin Nola,COL| SDN| SEA,48,5,RIGHT,184,161,44,24,7,28,18,0,0,0.273,CC,-0.685,-0.428,0.022,-1.0,0.225,-1.866,5.784000000000001,7.65,15.692475410801958,,,,,,,,,,,,,,,,,,,,,,,,,,,,,,,,,,,15.692475410801958
98,122,Will Smith,LAN,36,9,RIGHT,137,114,33,23,8,25,20,0,0,0.289,CC,-0.812,-0.183,-0.3,-1.0,0.423,-1.873,5.777,7.65,15.67348382576122,,,,,,,,,,,,,,,,,,,,,,,,,,,,,,,,,,,15.67348382576122
99,,,,,,,,,,,,,,,,,,,,,,,,,,,,45,Zack Wheeler,PHI,RIGHT,SP,71.0,11,11,67,26,23,3,16,53,4,2,0,0,0,2.916,1.169,1,0,0.014,0.518,0.062,-0.503,0.991,0.241,1.309,7.293,15.558988221664416,,15.558988221664416
100,,,,,,,,,,,,,,,,,,,,,,,,,,,,46,Josh Hader,HOU| MIL| SDN,LEFT,RP,19.0,0,21,8,8,8,3,10,31,1,2,13,0,0,3.789,0.947,0,0,0.0,-1.215,-0.961,2.92,0.014,0.431,1.189,7.173,15.302978542986269,,15.302978542986269
101,,,,,,,,,,,,,,,,,,,,,,,,,,,,47,Tony Gonsolin,LAN,RIGHT,SP,46.66666666666667,8,9,32,13,12,2,7,46,2,2,0,0,0,2.314,0.836,2,1,0.043,-0.638,-0.263,-0.503,1.076,1.513,1.184,7.168,15.292311473041346,,15.292311473041346
102,51,Kevin Pillar,TEX| BOS| COL| NYN| LAN| ATL| ANA| CHA,54,5,RIGHT,223,208,60,34,6,26,13,5,2,0.288,RF| CF,0.587,-0.672,-0.193,0.421,0.742,0.884,5.62,4.736,15.247529704133298,,,,,,,,,,,,,,,,,,,,,,,,,,,,,,,,,,,15.247529704133298
103,,,,,,,,,,,,,,,,,,,,,,,,,,,,48,Edwin Diaz,NYN,RIGHT,RP,25.666666666666668,0,26,18,6,5,2,14,50,2,1,6,0,0,1.753,1.247,2,0,0.078,-0.638,-0.077,1.077,0.809,-0.087,1.085,7.069,15.081103488131872,,15.081103488131872
104,,,,,,,,,,,,,,,,,,,,,,,,,,,,49,Nick Anderson,COL| TBA| ATL| KCA,RIGHT,RP,16.333333333333332,0,19,5,2,1,1,3,26,2,1,6,0,0,0.551,0.49,0,0,0.0,-0.638,-1.194,1.077,0.812,1.022,1.079,7.063,15.068303004197965,,15.068303004197965
105,,,,,,,,,,,,,,,,,,,,,,,,,,,,50,Taijuan Walker,PHI| SEA| TOR| NYN,RIGHT,SP,53.33333333333333,11,11,43,23,16,8,19,50,4,3,0,0,0,2.7,1.163,7,1,0.131,0.518,-0.077,-0.503,0.918,0.211,1.067,7.051,15.042702036330152,,15.042702036330152
106,,,,,,,,,,,,,,,,,,,,,,,,,,,,51,Blake Snell,LAN| TBA| SDN| SFN,LEFT,SP,50.00000000000001,11,11,42,19,18,10,18,63,4,2,0,0,0,3.24,1.2,1,3,0.02,0.518,0.528,-0.503,0.452,0.035,1.029,7.013,14.961632304748738,,14.961632304748738
107,59,Eugenio Suarez,ARI| SEA| CIN,57,4,RIGHT,231,198,40,29,15,38,30,2,0,0.202,3B,-0.049,1.528,1.095,-0.432,-1.738,0.405,5.469,5.064,14.837854083968862,,,,,,,,,,,,,,,,,,,,,,,,,,,,,,,,,,,14.837854083968862
108,55,Nick Castellanos,PHI| CIN,60,2,RIGHT,242,218,49,37,14,34,19,0,2,0.225,RF,0.968,1.284,0.666,-1.0,-1.206,0.712,5.448,4.736,14.780879328846654,,,,,,,,,,,,,,,,,,,,,,,,,,,,,,,,,,,14.780879328846654
109,28,Nelson Cruz,MIN| TBA| WAS| SDN,53,3,RIGHT,214,185,56,33,16,33,25,0,0,0.303,DH,0.459,1.773,0.559,-1.0,1.036,2.827,5.44675,2.61975,14.777487974375097,,,,,,,,,,,,,,,,,,,,,,,,,,,,,,,,,,,14.777487974375097
110,,,,,,,,,,,,,,,,,,,,,,,,,,,,52,David Peterson,NYN,LEFT,SP,49.66666666666667,9,10,36,20,19,5,24,40,6,2,0,0,0,3.443,1.208,0,0,0.0,1.673,-0.542,-0.503,0.297,-0.0,0.924,6.908,14.73762383590536,,14.73762383590536
111,,,,,,,,,,,,,,,,,,,,,,,,,,,,53,Richard Rodriguez,PIT| ATL,RIGHT,RP,23.33333333333333,0,24,15,8,7,3,5,34,3,2,4,0,0,2.7,0.857,3,0,0.129,-0.06,-0.822,0.55,0.402,0.713,0.783,6.767,14.436812463458535,,14.436812463458535
112,134,Yasmani Grandal,CHA| PIT,46,3,SWITCH,194,161,37,27,8,27,30,0,0,0.23,CC| DH,-0.304,-0.183,-0.086,-1.0,-0.774,-2.347,5.303000000000001,7.65,14.38748221014571,,,,,,,,,,,,,,,,,,,,,,,,,,,,,,,,,,,14.38748221014571
113,,,,,,,,,,,,,,,,,,,,,,,,,,,,54,German Marquez,COL,RIGHT,SP,81.66666666666667,13,13,78,41,34,6,25,73,4,6,0,0,0,3.747,1.261,4,0,0.049,0.518,0.993,-0.503,0.112,-0.379,0.741,6.725,14.347209075921183,,14.347209075921183
114,,,,,,,,,,,,,,,,,,,,,,,,,,,,55,Dustin May,BOS| LAN,RIGHT,SP| RP,56.0,10,12,45,18,16,9,16,44,3,1,0,0,0,2.571,1.089,5,2,0.089,-0.06,-0.356,-0.503,1.073,0.579,0.732,6.716,14.328008350020324,,14.328008350020324
115,,,,,,,,,,,,,,,,,,,,,,,,,,,,56,Brandon Kintzler,MIA| PHI,RIGHT,RP,24.33333333333333,0,24,21,7,6,3,11,14,2,3,12,0,0,2.219,1.315,3,0,0.123,-0.638,-1.752,2.657,0.596,-0.227,0.636,6.62,14.123200607077806,,14.123200607077806
116,,,,,,,,,,,,,,,,,,,,,,,,,,,,57,Pete Fairbanks,TBA,RIGHT,SP| RP,26.66666666666667,2,27,23,9,8,2,14,39,6,3,0,0,0,2.7,1.387,7,1,0.262,1.673,-0.589,-0.503,0.459,-0.417,0.623,6.607,14.095466225221006,,14.095466225221006
117,58,Jurickson Profar,ATL| SDN| COL,55,9,SWITCH,202,180,50,28,7,25,15,7,1,0.278,LF| 2B,-0.176,-0.428,-0.3,0.99,0.367,0.452,5.188,4.736,14.075477598762197,,,,,,,,,,,,,,,,,,,,,,,,,,,,,,,,,,,14.075477598762197
118,,,,,,,,,,,,,,,,,,,,,,,,,,,,58,Jose Berrios,TOR| MIN,RIGHT,SP,63.0,12,12,57,28,28,8,26,68,5,4,0,0,0,4.0,1.317,3,0,0.048,1.095,0.76,-0.503,-0.154,-0.601,0.598,6.582,14.042130875496392,,14.042130875496392
119,64,Brian Anderson,MIA| MIL| ATL,59,5,RIGHT,229,200,51,27,11,38,22,0,0,0.255,3B,-0.304,0.55,1.095,-1.0,-0.243,0.099,5.163,5.064,14.007650509331,,,,,,,,,,,,,,,,,,,,,,,,,,,,,,,,,,,14.007650509331
120,,,,,,,,,,,,,,,,,,,,,,,,,,,,59,Mike Mayers,ANA| KCA,RIGHT,RP,30.0,0,29,18,10,7,2,9,43,2,0,2,0,0,2.1,0.9,0,1,0.0,-0.638,-0.403,0.023,0.789,0.805,0.576,6.56,13.99519576773873,,13.99519576773873
121,,,,,,,,,,,,,,,,,,,,,,,,,,,,60,Jonathan Hernandez,TEX| SEA,RIGHT,RP,31.0,0,27,24,10,10,2,8,31,5,1,0,0,0,2.903,1.032,1,0,0.032,1.095,-0.961,-0.503,0.438,0.474,0.544,6.5280000000000005,13.926926520091229,,13.926926520091229
122,60,Chris Taylor,ANA| LAN,56,7,RIGHT,214,185,50,30,8,32,26,3,2,0.27,LF| 2B| SS,0.078,-0.183,0.451,-0.147,0.179,0.377,5.113,4.736,13.8719963304686,,,,,,,,,,,,,,,,,,,,,,,,,,,,,,,,,,,13.8719963304686
123,,,,,,,,,,,,,,,,,,,,,,,,,,,,61,Antonio Senzatela,COL,RIGHT,SP,73.33333333333333,12,12,71,29,28,9,18,41,5,3,0,0,0,3.436,1.214,4,0,0.055,1.095,-0.496,-0.503,0.445,-0.036,0.506,6.49,13.845856788509812,,13.845856788509812
124,,,,,,,,,,,,,,,,,,,,,,,,,,,,62,Brady Singer,CIN| KCA,RIGHT,SP,64.33333333333334,12,12,52,29,29,8,23,61,4,5,0,0,0,4.057,1.166,0,1,0.0,0.518,0.435,-0.503,-0.213,0.236,0.472,6.456,13.773320712884336,,13.773320712884336
125,,,,,,,,,,,,,,,,,,,,,,,,,,,,63,Zach Eflin,BAL| PHI| TBA,RIGHT,SP,58.99999999999999,10,11,60,28,26,8,15,70,4,2,0,0,0,3.966,1.271,1,1,0.017,0.518,0.853,-0.503,-0.114,-0.325,0.429,6.413,13.681583911358,,13.681583911358
126,69,Jeimer Candelario,CIN| DET| CHN| WAS,52,4,SWITCH,206,185,55,30,7,29,20,1,1,0.297,3B| 1B,0.078,-0.428,0.129,-0.716,0.893,-0.044,5.0200000000000005,5.064,13.619679557784549,,,,,,,,,,,,,,,,,,,,,,,,,,,,,,,,,,,13.619679557784549
127,70,Anthony Rendon,ANA,52,4,RIGHT,232,189,54,29,9,31,38,0,0,0.286,3B,-0.049,0.061,0.344,-1.0,0.6,-0.045,5.019,5.064,13.6169664742073,,,,,,,,,,,,,,,,,,,,,,,,,,,,,,,,,,,13.6169664742073
128,,,,,,,,,,,,,,,,,,,,,,,,,,,,64,Zack Greinke,HOU| KCA,RIGHT,SP,67.0,12,12,67,30,30,6,9,67,3,3,0,0,0,4.03,1.134,1,0,0.015,-0.06,0.714,-0.503,-0.194,0.43,0.386,6.37,13.589847109831664,,13.589847109831664
129,,,,,,,,,,,,,,,,,,,,,,,,,,,,65,Kwang Hyun Kim,SLN,LEFT,SP,39.0,7,8,28,9,7,3,12,24,3,0,1,0,0,1.615,1.026,0,0,0.0,-0.06,-1.287,-0.24,1.311,0.619,0.344,6.328,13.500243722294313,,13.500243722294313
130,62,Jackie Bradley,BOS| MIL| TOR| KCA,54,8,LEFT,217,191,54,32,7,22,23,5,2,0.283,CF,0.332,-0.428,-0.622,0.421,0.524,0.228,4.964,4.736,13.467746877458662,,,,,,,,,,,,,,,,,,,,,,,,,,,,,,,,,,,13.467746877458662
131,,,,,,,,,,,,,,,,,,,,,,,,,,,,66,Daniel Bard,COL,RIGHT,RP,24.666666666666668,0,23,22,10,10,2,10,27,4,2,6,0,0,3.649,1.297,2,0,0.081,0.518,-1.147,1.077,0.071,-0.192,0.326,6.31,13.461842270492587,,13.461842270492587
132,63,Alex Verdugo,ATL| BOS| NYA,52,1,LEFT,221,201,62,36,6,15,17,4,0,0.308,LF| RF,0.841,-0.672,-1.374,0.137,1.291,0.222,4.958,4.736,13.451468375995177,,,,,,,,,,,,,,,,,,,,,,,,,,,,,,,,,,,13.451468375995177
133,,,,,,,,,,,,,,,,,,,,,,,,,,,,67,Ryan Pressly,CHN| HOU,RIGHT,RP,21.0,0,23,21,10,8,2,7,29,1,3,12,0,0,3.429,1.333,0,0,0.0,-1.215,-1.054,2.657,0.13,-0.229,0.288,6.272,13.380772538911176,,13.380772538911176
134,74,Maikel Franco,KCA| BAL| WAS,60,5,RIGHT,243,223,62,23,8,38,16,1,0,0.278,3B| DH,-0.812,-0.183,1.095,-0.716,0.463,-0.153,4.9110000000000005,5.064,13.323953447864524,,,,,,,,,,,,,,,,,,,,,,,,,,,,,,,,,,,13.323953447864524
135,,,,,,,,,,,,,,,,,,,,,,,,,,,,68,Tyler Matzek,NYA| ATL,LEFT,RP,29.0,0,21,23,9,9,1,10,43,4,3,0,0,0,2.793,1.138,2,0,0.069,0.518,-0.403,-0.503,0.458,0.177,0.247,6.231,13.29330256536281,,13.29330256536281
136,,,,,,,,,,,,,,,,,,,,,,,,,,,,69,Mark Melancon,ATL| SDN| ARI,RIGHT,RP,22.666666666666664,0,23,22,8,7,1,7,14,2,1,11,0,0,2.779,1.279,1,1,0.044,-0.638,-1.752,2.393,0.363,-0.141,0.226,6.21,13.248500871594134,,13.248500871594134
137,,,,,,,,,,,,,,,,,,,,,,,,,,,,70,Josh Fleming,TBA| PIT,LEFT,SP| RP,32.33333333333333,5,7,28,10,10,5,7,25,5,0,0,0,0,2.784,1.083,0,1,0.0,1.095,-1.24,-0.503,0.516,0.353,0.221,6.205,13.237833801649211,,13.237833801649211
138,,,,,,,,,,,,,,,,,,,,,,,,,,,,71,Ian Anderson,ANA| ATL,RIGHT,SP,32.333333333333336,6,6,21,11,7,1,14,41,3,2,0,0,0,1.948,1.083,1,0,0.031,-0.06,-0.496,-0.503,0.924,0.353,0.218,6.202,13.231433559682255,,13.231433559682255
139,,,,,,,,,,,,,,,,,,,,,,,,,,,,72,Daniel Hudson,WAS| SDN| LAN,RIGHT,RP,20.666666666666664,0,21,15,15,14,6,11,28,3,2,10,0,0,6.097,1.258,0,0,0.0,-0.06,-1.101,2.13,-0.706,-0.09,0.173,6.157,13.135429930177953,,13.135429930177953
140,,,,,,,,,,,,,,,,,,,,,,,,,,,,73,Nathan Eovaldi,TEX| BOS,RIGHT,SP,48.33333333333333,9,9,51,20,20,8,7,52,4,2,0,0,0,3.724,1.2,1,1,0.021,0.518,0.016,-0.503,0.083,0.034,0.147,6.131,13.079961166464354,,13.079961166464354
141,,,,,,,,,,,,,,,,,,,,,,,,,,,,74,Diego Castillo,TBA| SEA| MIN,RIGHT,RP,21.666666666666664,0,22,12,4,4,3,11,23,3,0,4,0,0,1.661,1.062,0,0,0.0,-0.06,-1.333,0.55,0.713,0.276,0.146,6.13,13.077827752475368,,13.077827752475368
142,65,Dylan Moore,SEA| TEX,36,2,RIGHT,159,137,35,25,8,17,14,11,5,0.255,LF| RF| 2B,-0.558,-0.183,-1.159,2.127,-0.157,0.069,4.805,4.736,13.036366588676245,,,,,,,,,,,,,,,,,,,,,,,,,,,,,,,,,,,13.036366588676245
143,,,,,,,,,,,,,,,,,,,,,,,,,,,,75,Andrew Heaney,LAN| PIT| ANA| NYA| TEX,LEFT,SP,66.66666666666667,12,12,63,35,33,9,19,70,4,3,0,0,0,4.455,1.23,6,2,0.09,0.518,0.853,-0.503,-0.622,-0.128,0.118,6.102,13.018092160783802,,13.018092160783802
144,,,,,,,,,,,,,,,,,,,,,,,,,,,,76,John Curtiss,ARI| TBA| MIA| MIL| NYN| COL,RIGHT,SP| RP,25.0,3,17,21,7,5,3,3,25,3,0,2,0,0,1.8,0.96,1,1,0.04,-0.06,-1.24,0.023,0.771,0.54,0.034,6.018,12.838885385709098,,12.838885385709098
145,,,,,,,,,,,,,,,,,,,,,,,,,,,,77,Alec Mills,CHN| CIN,RIGHT,SP,62.333333333333336,11,11,53,31,31,13,19,46,5,5,0,0,0,4.476,1.155,1,2,0.016,1.095,-0.263,-0.503,-0.601,0.287,0.015,5.999,12.79835051991839,,12.79835051991839
146,,,,,,,,,,,,,,,,,,,,,,,,,,,,78,Rafael Dolis,TOR,RIGHT,RP,24.0,0,24,16,9,4,1,14,31,2,2,5,0,0,1.5,1.25,2,0,0.083,-0.638,-0.961,0.813,0.849,-0.088,-0.024,5.96,12.715147374347994,,12.715147374347994
147,,,,,,,,,,,,,,,,,,,,,,,,,,,,79,Codi Heuer,DET| TEX| CHA| CHN,RIGHT,RP,23.666666666666664,0,21,12,4,4,1,9,25,3,0,1,0,0,1.521,0.887,0,0,0.0,-0.06,-1.24,-0.24,0.829,0.661,-0.05,5.934,12.659678610634396,,12.659678610634396
148,,,,,,,,,,,,,,,,,,,,,,,,,,,,80,Genesis Cabrera,CHN| MIN| NYN| PIT| SLN| TOR,LEFT,RP,22.33333333333333,0,19,10,9,6,3,16,32,4,1,1,0,0,2.418,1.164,1,0,0.045,0.518,-0.915,-0.24,0.48,0.085,-0.072,5.912,12.612743502876734,,12.612743502876734
149,,,,,,,,,,,,,,,,,,,,,,,,,,,,82,Julio Urias,LAN,LEFT,SP,55.0,10,11,45,20,20,5,18,45,3,0,0,0,0,3.273,1.145,6,1,0.109,-0.06,-0.31,-0.503,0.47,0.3,-0.103,5.881,12.546607669218211,,12.546607669218211
150,,,,,,,,,,,,,,,,,,,,,,,,,,,,81,Darren O'Day,ATL| NYA,RIGHT,RP,16.333333333333336,0,19,8,3,2,1,5,22,4,0,0,0,0,1.102,0.796,3,0,0.184,0.518,-1.38,-0.503,0.676,0.586,-0.103,5.881,12.546607669218211,,12.546607669218211
151,50,Pete Alonso,NYN,57,6,RIGHT,239,208,48,31,16,35,24,1,0,0.231,DH| 1B,0.205,1.773,0.773,-0.716,-0.972,1.063,4.604,3.541,12.491036789649414,,,,,,,,,,,,,,,,,,,,,,,,,,,,,,,,,,,12.491036789649414
152,73,Christian Yelich,MIL,58,2,LEFT,247,200,41,39,12,22,46,4,2,0.205,DH| LF,1.222,0.795,-0.622,0.137,-1.671,-0.139,4.597,4.736,12.472045204608676,,,,,,,,,,,,,,,,,,,,,,,,,,,,,,,,,,,12.472045204608676
153,,,,,,,,,,,,,,,,,,,,,,,,,,,,83,Anthony Bass,TOR| MIA,RIGHT,RP,25.666666666666664,0,26,17,13,10,2,9,21,2,3,7,0,0,3.506,1.013,1,2,0.039,-0.638,-1.427,1.34,0.129,0.436,-0.159,5.825,12.427136485835078,,12.427136485835078
154,,,,,,,,,,,,,,,,,,,,,,,,,,,,84,Dakota Hudson,SLN| COL,RIGHT,SP,39.0,8,8,24,13,12,5,15,31,3,2,0,0,0,2.769,1.0,1,1,0.026,-0.06,-0.961,-0.503,0.63,0.706,-0.187,5.797,12.36740089414351,,12.36740089414351
155,,,,,,,,,,,,,,,,,,,,,,,,,,,,85,Chad Green,TOR| NYA,RIGHT,RP,25.66666666666666,0,22,13,13,10,5,8,32,3,3,1,0,0,3.506,0.818,3,0,0.117,-0.06,-0.915,-0.24,0.129,0.871,-0.215,5.769,12.307665302451944,,12.307665302451944
156,,,,,,,,,,,,,,,,,,,,,,,,,,,,86,Lance McCullers,HOU,RIGHT,SP,54.99999999999999,11,11,44,29,24,5,20,56,3,3,0,0,0,3.927,1.164,2,1,0.036,-0.06,0.202,-0.503,-0.074,0.212,-0.223,5.761,12.290597990540066,,12.290597990540066
157,77,Alex Dickerson,SFN| ATL,52,2,LEFT,170,151,45,28,10,27,16,0,0,0.298,LF,-0.176,0.306,-0.086,-1.0,0.744,-0.212,4.524,4.736,12.27399010346958,,,,,,,,,,,,,,,,,,,,,,,,,,,,,,,,,,,12.27399010346958
158,,,,,,,,,,,,,,,,,,,,,,,,,,,,87,Lucas Sims,WAS| CIN| BOS,RIGHT,RP,25.66666666666666,0,20,13,10,7,3,11,34,3,0,0,0,0,2.454,0.935,0,0,0.0,-0.06,-0.822,-0.503,0.537,0.61,-0.238,5.746,12.258596780705298,,12.258596780705298
159,,,,,,,,,,,,,,,,,,,,,,,,,,,,88,Victor Gonzalez,LAN| NYA,LEFT,RP,20.333333333333336,1,15,13,3,3,0,2,23,3,0,0,0,0,1.328,0.738,1,0,0.049,-0.06,-1.333,-0.503,0.772,0.833,-0.292,5.692,12.143392425300132,,12.143392425300132
160,,,,,,,,,,,,,,,,,,,,,,,,,,,,89,Tyler Mahle,TEX| CIN| MIN,RIGHT,SP,47.66666666666666,9,10,34,21,19,6,21,60,2,2,0,0,0,3.587,1.154,1,1,0.021,-0.638,0.388,-0.503,0.181,0.225,-0.347,5.6370000000000005,12.02605465590598,,12.02605465590598
161,,,,,,,,,,,,,,,,,,,,,,,,,,,,90,Zack Britton,NYA,LEFT,RP,19.0,0,20,12,6,4,0,7,16,1,2,8,0,0,1.895,1.0,0,1,0.0,-1.215,-1.659,1.603,0.558,0.344,-0.368,5.616,11.981252962137305,,11.981252962137305
162,,,,,,,,,,,,,,,,,,,,,,,,,,,,91,Justus Sheffield,SEA,LEFT,SP,55.333333333333336,10,10,52,23,22,2,20,48,4,3,0,0,0,3.578,1.301,6,2,0.108,0.518,-0.17,-0.503,0.217,-0.449,-0.388,5.596,11.938584682357613,,11.938584682357613
163,,,,,,,,,,,,,,,,,,,,,,,,,,,,92,Mike Clevinger,CHA| CLE| SDN,RIGHT,SP,41.66666666666667,8,8,34,14,14,6,14,40,3,2,0,0,0,3.024,1.152,1,4,0.024,-0.06,-0.542,-0.503,0.513,0.203,-0.389,5.595,11.936451268368629,,11.936451268368629
164,,,,,,,,,,,,,,,,,,,,,,,,,,,,93,Triston McKenzie,CLE,RIGHT,SP| RP,33.33333333333333,6,8,21,12,12,6,9,42,2,1,0,0,0,3.24,0.9,1,2,0.03,-0.638,-0.449,-0.503,0.301,0.894,-0.395,5.589,11.923650784434722,,11.923650784434722
165,,,,,,,,,,,,,,,,,,,,,,,,,,,,94,Jake McGee,LAN| SFN| MIL| WAS,LEFT,RP,20.33333333333333,0,24,14,6,6,2,3,33,3,1,0,0,0,2.656,0.836,0,0,0.0,-0.06,-0.868,-0.503,0.364,0.659,-0.409,5.575,11.893782988588937,,11.893782988588937
166,81,Mark Canha,KCA| OAK| NYN| MIL| DET| SFN,59,5,RIGHT,243,191,47,32,5,33,37,4,0,0.246,DH| LF| RF| CF,0.332,-0.917,0.559,0.137,-0.475,-0.364,4.372,4.736,11.861601399727896,,,,,,,,,,,,,,,,,,,,,,,,,,,,,,,,,,,11.861601399727896
167,,,,,,,,,,,,,,,,,,,,,,,,,,,,95,Merrill Kelly,ARI| TEX,RIGHT,SP,31.333333333333336,5,5,26,9,9,5,5,29,3,2,0,0,0,2.585,0.989,3,0,0.096,-0.06,-1.054,-0.503,0.594,0.597,-0.427,5.557,11.855381536787217,,11.855381536787217
168,82,Ian Happ,CHN,56,1,SWITCH,231,198,51,27,12,28,30,1,3,0.258,CF| LF| RF,-0.304,0.795,0.022,-0.716,-0.167,-0.37,4.366,4.736,11.845322898264408,,,,,,,,,,,,,,,,,,,,,,,,,,,,,,,,,,,11.845322898264408
169,54,Wilmer Flores,SFN,55,5,RIGHT,213,198,53,30,12,32,13,1,0,0.268,DH| 2B| 1B,0.078,0.795,0.451,-0.716,0.118,0.726,4.334,3.608,11.758504223792476,,,,,,,,,,,,,,,,,,,,,,,,,,,,,,,,,,,11.758504223792476
170,,,,,,,,,,,,,,,,,,,,,,,,,,,,96,Jake Diekman,OAK| BOS| CHA| TBA| NYN,LEFT,RP,21.33333333333333,0,21,8,2,1,1,12,31,2,0,0,0,0,0.422,0.938,0,0,0.0,-0.638,-0.961,-0.503,1.102,0.503,-0.497,5.487,11.706042557558296,,11.706042557558296
171,165,James McCann,ARI| CHA| NYN| BAL,30,6,RIGHT,111,97,28,20,7,15,8,1,1,0.289,CC,-1.194,-0.428,-1.374,-0.716,0.349,-3.363,4.287000000000001,7.65,11.630989295661823,,,,,,,,,,,,,,,,,,,,,,,,,,,,,,,,,,,11.630989295661823
172,53,Eric Hosmer,SDN| BOS| CHN,38,4,LEFT,156,143,41,23,9,36,9,4,0,0.287,1B,-0.812,0.061,0.881,0.137,0.474,0.741,4.282,3.541,11.617423877775582,,,,,,,,,,,,,,,,,,,,,,,,,,,,,,,,,,,11.617423877775582
173,,,,,,,,,,,,,,,,,,,,,,,,,,,,97,Masahiro Tanaka,NYA,RIGHT,SP,48.0,10,10,48,25,19,9,8,44,3,3,0,0,0,3.562,1.167,0,2,0.0,-0.06,-0.356,-0.503,0.2,0.173,-0.547,5.437,11.599371858109068,,11.599371858109068
174,,,,,,,,,,,,,,,,,,,,,,,,,,,,98,Chris Paddack,DET| MIN| SDN,RIGHT,SP,59.0,12,12,60,33,31,14,12,58,4,5,0,0,0,4.729,1.22,2,3,0.034,0.518,0.295,-0.503,-0.795,-0.063,-0.549,5.435,11.595105030131098,,11.595105030131098
175,,,,,,,,,,,,,,,,,,,,,,,,,,,,99,Sandy Alcantara,MIA,RIGHT,SP,42.00000000000001,7,7,35,22,14,4,15,39,3,2,0,0,0,3.0,1.19,3,2,0.071,-0.06,-0.589,-0.503,0.532,0.064,-0.556,5.428,11.580171132208209,,11.580171132208209
176,,,,,,,,,,,,,,,,,,,,,,,,,,,,100,Caleb Baragar,SFN,LEFT,RP,22.33333333333333,1,24,17,10,10,3,5,19,5,1,0,0,0,4.03,0.985,2,0,0.09,1.095,-1.52,-0.503,-0.065,0.434,-0.559,5.425,11.573770890241253,,11.573770890241253
177,,,,,,,,,,,,,,,,,,,,,,,,,,,,101,Stefan Crichton,ARI,RIGHT,RP,26.0,0,26,22,7,7,1,9,23,2,2,5,0,0,2.423,1.192,4,1,0.154,-0.638,-1.333,0.813,0.556,0.036,-0.566,5.418,11.55883699231836,,11.55883699231836
178,,,,,,,,,,,,,,,,,,,,,,,,,,,,102,Adam Kolarek,LAN| OAK| NYN,LEFT,RP,19.0,0,20,11,2,2,1,4,13,3,0,1,0,0,0.947,0.789,0,0,0.0,-0.06,-1.799,-0.24,0.831,0.693,-0.575,5.409,11.5396362664175,,11.5396362664175
179,,,,,,,,,,,,,,,,,,,,,,,,,,,,103,Taylor Rogers,CHN| CIN| MIN| MIL| SDN| SFN,LEFT,RP,20.0,0,21,26,14,9,2,4,24,2,4,9,0,0,4.05,1.5,1,0,0.05,-0.638,-1.287,1.867,-0.064,-0.509,-0.631,5.353,11.420165083034364,,11.420165083034364
180,,,,,,,,,,,,,,,,,,,,,,,,,,,,104,Aaron Loup,TBA| NYN| ANA,LEFT,RP,25.0,0,24,17,9,7,3,4,22,3,2,0,0,0,2.52,0.84,0,1,0.0,-0.06,-1.38,-0.503,0.498,0.801,-0.644,5.34,11.392430701177563,,11.392430701177563
181,,,,,,,,,,,,,,,,,,,,,,,,,,,,105,J. A. Happ,NYA| MIN| SLN,LEFT,SP,49.33333333333333,9,9,37,19,19,8,15,42,2,2,0,0,0,3.466,1.054,1,2,0.02,-0.638,-0.449,-0.503,0.277,0.661,-0.651,5.333,11.377496803254672,,11.377496803254672
182,,,,,,,,,,,,,,,,,,,,,,,,,,,,106,Tanner Houck,BOS,RIGHT,SP,17.0,3,3,6,2,1,1,9,21,3,0,0,0,0,0.529,0.882,0,0,0.0,-0.06,-1.427,-0.503,0.851,0.482,-0.657,5.327,11.364696319320766,,11.364696319320766
183,,,,,,,,,,,,,,,,,,,,,,,,,,,,107,James Karinchak,CLE,RIGHT,RP,27.0,0,27,14,9,8,1,16,53,1,2,1,0,0,2.667,1.111,1,2,0.037,-1.215,0.062,-0.24,0.478,0.228,-0.687,5.297,11.300693899651227,,11.300693899651227
184,,,,,,,,,,,,,,,,,,,,,,,,,,,,108,Archie Bradley,ARI| CIN| PHI| ANA| MIA,RIGHT,RP,18.33333333333333,0,16,17,6,6,1,3,18,2,0,6,0,0,2.946,1.091,0,0,0.0,-0.638,-1.566,1.077,0.248,0.187,-0.693,5.291,11.287893415717322,,11.287893415717322
185,,,,,,,,,,,,,,,,,,,,,,,,,,,,109,Randy Dobnak,MIN,RIGHT,SP,46.66666666666666,10,10,50,21,21,3,13,27,6,4,0,0,0,4.05,1.35,2,1,0.043,1.673,-1.147,-0.503,-0.15,-0.577,-0.704,5.28,11.264425861838491,,11.264425861838491
186,,,,,,,,,,,,,,,,,,,,,,,,,,,,110,Freddy Peralta,MIL,RIGHT,RP,29.33333333333333,1,15,22,14,13,2,12,47,3,1,0,0,0,3.989,1.159,3,0,0.102,-0.06,-0.217,-0.503,-0.067,0.125,-0.722,5.2620000000000005,11.22602441003677,,11.22602441003677
187,,,,,,,,,,,,,,,,,,,,,,,,,,,,111,Yimi Garcia,TOR| MIA| HOU| SEA,RIGHT,RP,15.0,0,14,9,1,1,0,5,19,3,0,1,0,0,0.6,0.933,0,0,0.0,-0.06,-1.52,-0.24,0.735,0.359,-0.726,5.258,11.217490754080831,,11.217490754080831
188,,,,,,,,,,,,,,,,,,,,,,,,,,,,112,Drew Pomeranz,CHN| SDN,LEFT,RP,18.666666666666668,0,20,9,3,3,1,10,29,1,0,4,0,0,1.446,1.018,1,0,0.054,-1.215,-1.054,0.55,0.675,0.309,-0.735,5.249,11.198290028179969,,11.198290028179969
189,,,,,,,,,,,,,,,,,,,,,,,,,,,,113,Jose Cisnero,DET| ANA,RIGHT,RP,29.666666666666664,0,29,23,10,10,1,10,34,3,3,0,0,0,3.034,1.112,1,0,0.034,-0.06,-0.822,-0.503,0.361,0.247,-0.777,5.207,11.108686640642617,,11.108686640642617
190,,,,,,,,,,,,,,,,,,,,,,,,,,,,115,Spencer Turnbull,TOR| DET| PHI,RIGHT,SP,56.66666666666667,11,11,47,25,25,2,29,51,4,4,0,0,0,3.971,1.341,11,2,0.194,0.518,-0.031,-0.503,-0.114,-0.657,-0.787,5.197,11.087352500752772,,11.087352500752772
191,,,,,,,,,,,,,,,,,,,,,,,,,,,,114,Jack Flaherty,DET| SLN| BAL| LAN,RIGHT,SP,40.33333333333333,9,9,33,22,22,6,16,49,4,3,0,0,0,4.909,1.215,0,1,0.0,0.518,-0.124,-0.503,-0.653,-0.024,-0.787,5.197,11.087352500752772,,11.087352500752772
192,,,,,,,,,,,,,,,,,,,,,,,,,,,,116,Jesus Luzardo,PHI| OAK| MIA,LEFT,SP| RP,58.99999999999999,9,12,58,27,27,9,17,59,3,2,0,0,0,4.119,1.271,1,1,0.017,-0.06,0.342,-0.503,-0.25,-0.325,-0.797,5.187,11.066018360862929,,11.066018360862929
193,,,,,,,,,,,,,,,,,,,,,,,,,,,,117,Jesse Hahn,SEA| KCA,RIGHT,RP,17.333333333333332,0,18,4,1,1,0,8,19,1,0,3,0,0,0.519,0.692,2,0,0.115,-1.215,-1.52,0.287,0.87,0.778,-0.8,5.184,11.059618118895973,,11.059618118895973
194,,,,,,,,,,,,,,,,,,,,,,,,,,,,118,Sean Manaea,NYN| OAK| SDN| SFN,LEFT,SP,53.99999999999999,11,11,57,32,27,7,8,45,4,3,0,0,0,4.5,1.204,2,1,0.037,0.518,-0.31,-0.503,-0.541,0.02,-0.816,5.168,11.02548349507222,,11.02548349507222
195,,,,,,,,,,,,,,,,,,,,,,,,,,,,119,Matt Barnes,BOS| MIA| WAS,RIGHT,RP,23.0,0,24,18,13,11,4,14,31,1,3,9,0,0,4.304,1.391,6,0,0.261,-1.215,-0.961,1.867,-0.162,-0.367,-0.839,5.145,10.976414973325577,,10.976414973325577
196,84,Raimel Tapia,COL| TOR| BOS| MIL| TBA,49,1,LEFT,206,184,59,26,1,17,14,8,2,0.321,LF| DH,-0.431,-1.895,-1.159,1.274,1.502,-0.709,4.027,4.736,10.925587565577365,,,,,,,,,,,,,,,,,,,,,,,,,,,,,,,,,,,10.925587565577365
197,93,David Fletcher,ANA| ATL,49,1,RIGHT,230,207,66,31,3,18,20,2,1,0.319,3B| SS| 2B,0.205,-1.406,-1.052,-0.432,1.636,-1.048,4.016,5.064,10.895743646227636,,,,,,,,,,,,,,,,,,,,,,,,,,,,,,,,,,,10.895743646227636
198,85,Anthony Santander,TOR| BAL,37,2,SWITCH,165,153,40,24,11,32,10,0,1,0.261,RF,-0.685,0.55,0.451,-1.0,-0.045,-0.729,4.007,4.736,10.871325894032404,,,,,,,,,,,,,,,,,,,,,,,,,,,,,,,,,,,10.871325894032404
199,56,Christian Walker,HOU| ARI,57,3,RIGHT,243,218,59,35,7,34,19,1,1,0.271,DH| 1B,0.714,-0.428,0.666,-0.716,0.222,0.458,3.999,3.541,10.849621225414422,,,,,,,,,,,,,,,,,,,,,,,,,,,,,,,,,,,10.849621225414422
200,57,Vladimir Guerrero,TOR,60,5,RIGHT,243,221,58,34,9,33,20,1,0,0.262,1B| DH,0.587,0.061,0.559,-0.716,-0.033,0.457,3.998,3.541,10.846908141837174,,,,,,,,,,,,,,,,,,,,,,,,,,,,,,,,,,,10.846908141837174
201,95,Gio Urshela,ATH| NYA| MIN| ANA| ATL| DET,43,5,RIGHT,174,151,45,24,6,30,18,1,0,0.298,3B,-0.685,-0.672,0.236,-0.716,0.744,-1.092,3.972,5.064,10.776367968828728,,,,,,,,,,,,,,,,,,,,,,,,,,,,,,,,,,,10.776367968828728
202,,,,,,,,,,,,,,,,,,,,,,,,,,,,120,Aaron Civale,CHA| CHN| MIL| CLE| TBA,RIGHT,SP,74.0,12,12,82,39,39,11,16,69,4,6,0,0,0,4.743,1.324,5,3,0.068,0.518,0.807,-0.503,-1.013,-0.75,-0.941,5.043,10.75880674644915,,10.75880674644915
203,86,Robbie Grossman,OAK| DET| ATL| TEX| CHA| KCA,51,6,SWITCH,192,166,40,23,8,23,21,8,1,0.241,LF,-0.812,-0.183,-0.515,1.274,-0.534,-0.771,3.965,4.736,10.757376383787992,,,,,,,,,,,,,,,,,,,,,,,,,,,,,,,,,,,10.757376383787992
204,,,,,,,,,,,,,,,,,,,,,,,,,,,,121,Giovanny Gallegos,SLN,RIGHT,RP,15.0,0,16,9,6,6,1,4,21,2,2,4,0,0,3.6,0.867,1,0,0.067,-0.638,-1.427,0.55,0.054,0.446,-1.014,4.97,10.603067525253277,,10.603067525253277
205,,,,,,,,,,,,,,,,,,,,,,,,,,,,122,Mike Fiers,OAK,RIGHT,SP,59.0,11,11,65,31,30,9,16,37,6,3,0,0,0,4.576,1.373,7,2,0.119,1.673,-0.682,-0.503,-0.659,-0.847,-1.018,4.966,10.594533869297338,,10.594533869297338
206,,,,,,,,,,,,,,,,,,,,,,,,,,,,123,Yency Almonte,COL| LAN| CHN,RIGHT,RP,27.666666666666664,0,24,25,13,9,2,6,23,3,0,1,0,0,2.928,1.121,3,1,0.108,-0.06,-1.333,-0.24,0.381,0.211,-1.041,4.943,10.545465347550692,,10.545465347550692
207,,,,,,,,,,,,,,,,,,,,,,,,,,,,124,Jordan Romano,PHI| TOR,RIGHT,RP,14.666666666666666,0,15,8,3,2,2,5,21,2,1,2,0,0,1.227,0.886,2,0,0.136,-0.638,-1.427,0.023,0.579,0.411,-1.051,4.933,10.524131207660847,,10.524131207660847
208,98,Joey Wendle,TBA| MIA| NYN,48,6,LEFT,184,168,48,24,4,17,10,8,2,0.286,2B| 3B| SS,-0.685,-1.162,-1.159,1.274,0.533,-1.199,3.865,5.064,10.486068026063204,,,,,,,,,,,,,,,,,,,,,,,,,,,,,,,,,,,10.486068026063204
209,,,,,,,,,,,,,,,,,,,,,,,,,,,,125,Dylan Cease,SDN| CHA,RIGHT,SP,58.33333333333333,12,12,50,30,26,12,34,44,5,4,0,0,0,4.011,1.44,3,1,0.051,1.095,-0.356,-0.503,-0.153,-1.179,-1.096,4.888,10.428127578156545,,10.428127578156545
210,,,,,,,,,,,,,,,,,,,,,,,,,,,,126,Tyler Duffey,MIN| CHN| KCA,RIGHT,RP,24.0,0,22,13,6,5,2,6,31,1,1,0,0,0,1.875,0.792,0,0,0.0,-1.215,-0.961,-0.503,0.713,0.87,-1.097,4.8870000000000005,10.42599416416756,,10.42599416416756
211,89,Victor Reyes,DET,55,1,SWITCH,213,202,56,30,4,14,9,8,2,0.277,RF| LF| CF,0.078,-1.162,-1.481,1.274,0.396,-0.895,3.841,4.736,10.420954020209251,,,,,,,,,,,,,,,,,,,,,,,,,,,,,,,,,,,10.420954020209251
212,,,,,,,,,,,,,,,,,,,,,,,,,,,,127,Cal Quantrill,ATL| MIA| CLE| SDN| COL,RIGHT,SP| RP,32.0,3,18,31,12,8,4,8,31,2,0,1,0,0,2.25,1.219,2,0,0.062,-0.638,-0.961,-0.24,0.769,-0.03,-1.1,4.884,10.419593922200605,,10.419593922200605
213,61,Francisco Lindor,NYN| CLE,60,3,SWITCH,266,236,61,30,8,27,24,6,2,0.258,SS,0.078,-0.183,-0.086,0.705,-0.169,0.345,3.838,3.493,10.412814769477508,,,,,,,,,,,,,,,,,,,,,,,,,,,,,,,,,,,10.412814769477508
214,100,Max Muncy,LAN,58,4,LEFT,248,203,39,36,12,27,39,1,0,0.192,1B| 2B| 3B,0.841,0.795,-0.086,-0.716,-2.069,-1.235,3.829,5.064,10.388397017282276,,,,,,,,,,,,,,,,,,,,,,,,,,,,,,,,,,,10.388397017282276
215,91,Jesse Winker,NYN| CIN| SEA| MIL| WAS,54,3,LEFT,183,149,38,27,12,23,28,1,0,0.255,DH| LF,-0.304,0.795,-0.515,-0.716,-0.18,-0.92,3.816,4.736,10.353126930778052,,,,,,,,,,,,,,,,,,,,,,,,,,,,,,,,,,,10.353126930778052
216,,,,,,,,,,,,,,,,,,,,,,,,,,,,128,Walker Buehler,BOS| PHI| LAN,RIGHT,SP,36.66666666666666,8,8,24,18,14,7,11,42,1,0,0,0,0,3.436,0.955,5,1,0.136,-1.215,-0.449,-0.503,0.223,0.809,-1.136,4.848,10.34279101859716,,10.34279101859716
217,,,,,,,,,,,,,,,,,,,,,,,,,,,,129,Brent Suter,CIN| MIL| COL,LEFT,SP| RP,31.666666666666664,4,16,30,13,11,4,5,38,2,0,0,0,0,3.126,1.105,0,0,0.0,-0.638,-0.636,-0.503,0.341,0.283,-1.152,4.832,10.308656394773406,,10.308656394773406
218,103,Jean Segura,PHI| MIA,54,5,RIGHT,217,192,51,28,7,25,23,2,2,0.266,3B| 2B,-0.176,-0.428,-0.3,-0.432,0.058,-1.278,3.786,5.064,10.271734423460616,,,,,,,,,,,,,,,,,,,,,,,,,,,,,,,,,,,10.271734423460616
219,,,,,,,,,,,,,,,,,,,,,,,,,,,,130,Tyler Clippard,MIN| ARI| WAS,RIGHT,SP| RP,26.000000000000007,2,26,19,9,8,2,4,26,2,1,0,0,0,2.769,0.885,5,0,0.192,-0.638,-1.194,-0.503,0.42,0.732,-1.182,4.802,10.24465397510387,,10.24465397510387
220,,,,,,,,,,,,,,,,,,,,,,,,,,,,131,Sixto Sanchez,MIA,RIGHT,SP,39.0,7,7,36,15,15,3,11,33,3,2,0,0,0,3.462,1.205,2,1,0.051,-0.06,-0.868,-0.503,0.222,0.01,-1.199,4.785,10.208385937291132,,10.208385937291132
221,,,,,,,,,,,,,,,,,,,,,,,,,,,,132,John Means,BAL,LEFT,SP,43.66666666666666,10,10,36,22,22,12,7,42,2,4,0,0,0,4.534,0.985,2,1,0.046,-0.638,-0.449,-0.503,-0.46,0.849,-1.201,4.783,10.204119109313162,,10.204119109313162
222,92,Byron Buxton,MIN,37,8,RIGHT,135,130,33,19,13,27,2,2,1,0.254,CF,-1.321,1.039,-0.086,-0.432,-0.179,-0.978,3.758,4.736,10.195768083297674,,,,,,,,,,,,,,,,,,,,,,,,,,,,,,,,,,,10.195768083297674
223,,,,,,,,,,,,,,,,,,,,,,,,,,,,133,Seth Lugo,KCA| NYN| SDN,RIGHT,SP| RP,36.66666666666667,7,16,40,22,21,8,10,47,3,4,3,0,0,5.154,1.364,0,0,0.0,-0.06,-0.217,0.287,-0.73,-0.497,-1.217,4.767,10.16998448548941,,10.16998448548941
224,,,,,,,,,,,,,,,,,,,,,,,,,,,,134,Chris Martin,TEX| ATL| CHN| LAN| BOS,RIGHT,RP,18.0,0,19,8,3,2,1,3,20,1,1,1,0,0,1.0,0.611,0,0,0.0,-1.215,-1.473,-0.24,0.773,0.936,-1.22,4.764,10.163584243522456,,10.163584243522456
225,,,,,,,,,,,,,,,,,,,,,,,,,,,,135,Matt Andriese,ANA| BOS| SEA| MIA,RIGHT,RP,32.0,1,16,21,17,16,5,11,33,2,4,2,0,0,4.5,1.0,2,0,0.062,-0.638,-0.868,0.023,-0.32,0.58,-1.223,4.761,10.157184001555503,,10.157184001555503
226,,,,,,,,,,,,,,,,,,,,,,,,,,,,136,Danny Duffy,KCA,LEFT,SP,56.33333333333333,11,12,53,33,31,10,22,57,4,4,0,0,0,4.953,1.331,0,0,0.0,0.518,0.248,-0.503,-0.95,-0.605,-1.292,4.692,10.009978436315569,,10.009978436315569
227,,,,,,,,,,,,,,,,,,,,,,,,,,,,137,Daniel Norris,DET| MIL| CHN| CLE,LEFT,RP,27.666666666666664,1,14,25,10,10,2,7,28,3,1,0,0,0,3.253,1.157,3,0,0.108,-0.06,-1.101,-0.503,0.245,0.124,-1.295,4.689,10.003578194348616,,10.003578194348616
228,106,Alec Bohm,PHI,44,8,RIGHT,180,160,54,24,4,23,16,1,1,0.338,3B| 1B,-0.685,-1.162,-0.515,-0.716,1.691,-1.386,3.678,5.064,9.97872139711784,,,,,,,,,,,,,,,,,,,,,,,,,,,,,,,,,,,9.97872139711784
229,94,Brandon Nimmo,NYN,51,1,LEFT,225,186,52,33,8,18,33,1,2,0.28,LF| CF| RF,0.459,-0.183,-1.052,-0.716,0.427,-1.065,3.671,4.736,9.959729812077104,,,,,,,,,,,,,,,,,,,,,,,,,,,,,,,,,,,9.959729812077104
230,,,,,,,,,,,,,,,,,,,,,,,,,,,,138,Scott Barlow,CIN| KCA| SDN| CLE,RIGHT,RP,30.0,0,32,27,14,14,4,9,39,2,1,2,0,0,4.2,1.2,3,0,0.1,-0.638,-0.589,0.023,-0.164,0.021,-1.347,4.6370000000000005,9.892640666921418,,9.892640666921418
231,,,,,,,,,,,,,,,,,,,,,,,,,,,,139,Pierce Johnson,ATL| SDN| COL,RIGHT,RP,20.0,0,24,15,7,6,2,9,27,3,1,0,0,0,2.7,1.2,0,1,0.0,-0.06,-1.147,-0.503,0.344,0.014,-1.352,4.632,9.881973596976492,,9.881973596976492
232,,,,,,,,,,,,,,,,,,,,,,,,,,,,140,Evan Marshall,CHA,RIGHT,RP,22.666666666666664,0,23,17,6,6,1,7,30,2,1,0,0,0,2.382,1.059,0,0,0.0,-0.638,-1.008,-0.503,0.499,0.294,-1.355,4.629,9.87557335500954,,9.87557335500954
233,,,,,,,,,,,,,,,,,,,,,,,,,,,,141,Bryan Garcia,DET,RIGHT,RP,21.666666666666668,0,26,18,6,4,0,10,12,2,1,4,0,0,1.661,1.292,1,1,0.046,-0.638,-1.845,0.55,0.713,-0.159,-1.379,4.605,9.824371419273913,,9.824371419273913
234,,,,,,,,,,,,,,,,,,,,,,,,,,,,142,Thomas Hatch,KCA| MIN| TOR| PIT,RIGHT,RP,26.33333333333333,1,17,18,11,8,2,13,23,3,1,0,0,0,2.734,1.177,2,1,0.076,-0.06,-1.333,-0.503,0.44,0.071,-1.386,4.598,9.809437521351018,,9.809437521351018
235,68,Robinson Cano,NYN| ATL| SDN,49,5,LEFT,182,171,54,23,10,30,9,0,0,0.316,2B| DH,-0.812,0.306,0.236,-1.0,1.277,0.007,3.615,3.608,9.807797131751222,,,,,,,,,,,,,,,,,,,,,,,,,,,,,,,,,,,9.807797131751222
236,96,Clint Frazier,NYA| CHN| CHA,39,4,RIGHT,160,131,35,24,8,26,25,3,0,0.267,RF| LF,-0.685,-0.183,-0.193,-0.147,0.069,-1.14,3.596,4.736,9.756248543783512,,,,,,,,,,,,,,,,,,,,,,,,,,,,,,,,,,,9.756248543783512
237,192,Martin Maldonado,SDN| HOU| CHA,47,9,RIGHT,165,135,29,19,6,24,27,1,0,0.215,CC,-1.321,-0.672,-0.408,-0.716,-0.939,-4.055,3.5950000000000006,7.65,9.753535460206264,,,,,,,,,,,,,,,,,,,,,,,,,,,,,,,,,,,9.753535460206264
238,,,,,,,,,,,,,,,,,,,,,,,,,,,,143,Dylan Floro,LAN| MIA| MIN| ARI| WAS,RIGHT,RP,24.33333333333333,0,25,23,7,7,1,4,19,3,0,0,0,0,2.589,1.11,0,0,0.0,-0.06,-1.52,-0.503,0.46,0.209,-1.414,4.57,9.749701929659452,,9.749701929659452
239,,,,,,,,,,,,,,,,,,,,,,,,,,,,144,Felix Pena,ANA,RIGHT,RP,26.666666666666668,0,25,27,12,12,2,8,29,3,0,2,0,0,4.05,1.312,2,1,0.075,-0.06,-1.054,0.023,-0.086,-0.243,-1.419,4.565,9.739034859714527,,9.739034859714527
240,,,,,,,,,,,,,,,,,,,,,,,,,,,,145,Grant Dayton,ATL,LEFT,RP,27.333333333333336,0,18,22,9,7,4,11,32,2,1,0,0,0,2.305,1.207,2,0,0.073,-0.638,-0.915,-0.503,0.634,0.002,-1.42,4.564,9.736901445725543,,9.736901445725543
241,67,Jesus Aguilar,MIA| BAL| OAK,51,3,RIGHT,216,188,52,31,8,34,23,0,1,0.277,1B| DH,0.205,-0.183,0.666,-1.0,0.352,0.039,3.58,3.541,9.712839206547546,,,,,,,,,,,,,,,,,,,,,,,,,,,,,,,,,,,9.712839206547546
242,,,,,,,,,,,,,,,,,,,,,,,,,,,,146,Tanner Rainey,DET| PIT| WAS,RIGHT,RP,20.33333333333333,0,20,8,6,6,4,7,32,1,1,0,0,0,2.656,0.738,1,1,0.049,-1.215,-0.915,-0.503,0.364,0.833,-1.437,4.547,9.700633407912806,,9.700633407912806
243,,,,,,,,,,,,,,,,,,,,,,,,,,,,147,Brett Anderson,MIL,LEFT,SP,47.0,10,10,50,24,22,6,10,32,4,4,0,0,0,4.213,1.277,0,2,0.0,0.518,-0.915,-0.503,-0.266,-0.281,-1.447,4.537,9.67929926802296,,9.67929926802296
244,,,,,,,,,,,,,,,,,,,,,,,,,,,,148,Tejay Antone,CIN,RIGHT,SP| RP,35.33333333333333,4,13,20,11,11,4,16,45,0,3,0,0,0,2.802,1.019,2,1,0.057,-1.793,-0.31,-0.503,0.554,0.582,-1.47,4.514,9.630230746276316,,9.630230746276316
245,,,,,,,,,,,,,,,,,,,,,,,,,,,,149,Tyler Rogers,NYN| SFN,RIGHT,RP,28.0,0,29,31,16,14,2,6,27,3,3,3,0,0,4.5,1.321,0,1,0.0,-0.06,-1.147,0.287,-0.28,-0.277,-1.477,4.507,9.615296848353424,,9.615296848353424
246,,,,,,,,,,,,,,,,,,,,,,,,,,,,150,Rich Hill,KCA| MIN| NYN| TBA| BOS| PIT| SDN,LEFT,SP,38.66666666666666,8,8,28,13,13,3,17,31,2,2,0,0,0,3.026,1.164,4,1,0.103,-0.638,-0.961,-0.503,0.475,0.149,-1.478,4.506,9.61316343436444,,9.61316343436444
247,,,,,,,,,,,,,,,,,,,,,,,,,,,,151,Rafael Montero,ATL| DET| HOU| TEX| SEA,RIGHT,RP,17.666666666666664,0,17,12,11,8,2,6,19,0,1,8,0,0,4.075,1.019,0,0,0.0,-1.793,-1.52,1.603,-0.063,0.291,-1.482,4.502,9.6046297784085,,9.6046297784085
248,,,,,,,,,,,,,,,,,,,,,,,,,,,,152,A. J. Cole,TOR,RIGHT,RP,23.33333333333333,0,24,19,9,8,3,9,20,3,0,1,0,0,3.086,1.2,0,0,0.0,-0.06,-1.473,-0.24,0.266,0.016,-1.491,4.493,9.58542905250764,,9.58542905250764
249,99,David Peralta,ARI| TBA| LAN| SDN,54,4,LEFT,218,203,61,19,5,34,13,1,0,0.3,LF| DH,-1.321,-0.917,0.666,-0.716,1.073,-1.215,3.521,4.736,9.552767275489918,,,,,,,,,,,,,,,,,,,,,,,,,,,,,,,,,,,9.552767275489918
250,,,,,,,,,,,,,,,,,,,,,,,,,,,,153,Justin Dunn,SEA| CIN,RIGHT,SP,45.66666666666666,10,10,31,23,22,10,31,38,4,1,0,0,0,4.336,1.358,13,1,0.285,0.518,-0.636,-0.503,-0.344,-0.595,-1.56,4.424,9.438223487267704,,9.438223487267704
251,,,,,,,,,,,,,,,,,,,,,,,,,,,,154,Cesar Valdez,BAL| ANA,RIGHT,RP,14.333333333333332,0,9,7,3,2,0,3,12,1,1,3,0,0,1.256,0.698,1,0,0.07,-1.215,-1.845,0.287,0.56,0.637,-1.577,4.407,9.401955449454968,,9.401955449454968
252,,,,,,,,,,,,,,,,,,,,,,,,,,,,155,Jarlin Garcia,SFN,LEFT,RP,18.33333333333333,0,19,11,6,1,0,7,14,2,1,0,0,0,0.491,0.982,0,0,0.0,-0.638,-1.752,-0.503,0.928,0.361,-1.604,4.38,9.344353271752384,,9.344353271752384
253,,,,,,,,,,,,,,,,,,,,,,,,,,,,156,Matt Wisler,MIN| SFN| TBA,RIGHT,SP| RP,25.33333333333333,4,18,15,3,3,2,14,35,0,1,1,0,0,1.066,1.145,3,0,0.118,-1.793,-0.775,-0.24,1.062,0.14,-1.606,4.378,9.340086443774416,,9.340086443774416
254,75,Keston Hiura,COL| MIL| ANA,59,2,RIGHT,246,217,46,30,13,32,16,3,2,0.212,2B| DH,0.078,1.039,0.451,-0.147,-1.596,-0.175,3.4330000000000003,3.608,9.314015920692102,,,,,,,,,,,,,,,,,,,,,,,,,,,,,,,,,,,9.314015920692102
255,71,Renato Nunez,BAL| DET,52,4,RIGHT,216,195,50,29,12,31,17,0,0,0.256,1B| DH,-0.049,0.795,0.344,-1.0,-0.197,-0.108,3.433,3.541,9.3140159206921,,,,,,,,,,,,,,,,,,,,,,,,,,,,,,,,,,,9.3140159206921
256,,,,,,,,,,,,,,,,,,,,,,,,,,,,157,Joakim Soria,OAK| ARI| TOR,RIGHT,RP,22.333333333333336,0,22,18,8,7,1,10,24,2,2,2,0,0,2.821,1.254,1,1,0.045,-0.638,-1.287,0.023,0.344,-0.089,-1.646,4.338,9.254749884215034,,9.254749884215034
257,72,Matt Olson,ATL| OAK,60,4,LEFT,245,210,41,28,14,42,34,1,0,0.195,1B,-0.176,1.284,1.525,-0.716,-2.047,-0.131,3.41,3.541,9.2516149984154,,,,,,,,,,,,,,,,,,,,,,,,,,,,,,,,,,,9.2516149984154
258,198,Pedro Severino,BAL| MIL,48,5,RIGHT,178,160,40,17,5,21,16,1,0,0.25,CC| DH,-1.575,-0.917,-0.73,-0.716,-0.308,-4.246,3.404,7.65,9.235336496951913,,,,,,,,,,,,,,,,,,,,,,,,,,,,,,,,,,,9.235336496951913
259,,,,,,,,,,,,,,,,,,,,,,,,,,,,158,Joe Musgrove,PIT| SDN,RIGHT,SP,39.66666666666667,8,8,33,17,17,5,16,55,1,5,0,0,0,3.857,1.235,1,2,0.025,-1.215,0.155,-0.503,-0.011,-0.094,-1.669,4.315,9.205681362468386,,9.205681362468386
260,105,Nick Solak,PIT| TEX| ATL| DET,58,2,RIGHT,233,209,56,27,2,23,18,7,1,0.268,LF| CF| 2B,-0.304,-1.651,-0.515,0.99,0.133,-1.347,3.389,4.736,9.194640243293192,,,,,,,,,,,,,,,,,,,,,,,,,,,,,,,,,,,9.194640243293192
261,,,,,,,,,,,,,,,,,,,,,,,,,,,,159,Blake Treinen,LAN,RIGHT,RP,25.666666666666664,0,27,23,15,11,1,8,22,3,3,1,0,0,3.857,1.208,6,2,0.234,-0.06,-1.38,-0.24,-0.007,0.0,-1.687,4.297,9.167279910666664,,9.167279910666664
262,,,,,,,,,,,,,,,,,,,,,,,,,,,,160,Nick Wittgren,CLE| SLN| KCA,RIGHT,RP,23.666666666666668,0,25,18,9,9,4,6,28,2,0,0,0,0,3.422,1.014,0,0,0.0,-0.638,-1.101,-0.503,0.149,0.4,-1.693,4.291,9.15447942673276,,9.15447942673276
263,,,,,,,,,,,,,,,,,,,,,,,,,,,,161,Sergio Romo,MIN| OAK| SEA| TOR,RIGHT,RP,20.0,0,24,16,9,9,3,7,23,1,2,5,0,0,4.05,1.15,4,0,0.2,-1.215,-1.333,0.813,-0.064,0.101,-1.698,4.286,9.143812356787835,,9.143812356787835
264,,,,,,,,,,,,,,,,,,,,,,,,,,,,162,Blake Parker,PHI| CLE,RIGHT,RP,16.0,1,14,12,7,5,2,9,25,3,0,0,0,0,2.812,1.312,1,1,0.062,-0.06,-1.24,-0.503,0.248,-0.146,-1.701,4.283,9.13741211482088,,9.13741211482088
265,112,Willi Castro,CHN| MIN| DET,35,2,SWITCH,140,129,45,20,6,24,7,0,1,0.349,3B| SS,-1.194,-0.672,-0.408,-1.0,1.572,-1.702,3.362,5.064,9.1213869867075,,,,,,,,,,,,,,,,,,,,,,,,,,,,,,,,,,,9.1213869867075
266,,,,,,,,,,,,,,,,,,,,,,,,,,,,163,Caleb Ferguson,PIT| SEA| LAN| HOU| NYA,LEFT,RP,18.666666666666668,1,21,16,7,6,4,3,27,2,1,0,0,0,2.893,1.018,3,0,0.161,-0.638,-1.147,-0.503,0.267,0.309,-1.712,4.272,9.113944560942052,,9.113944560942052
267,201,Max Stassi,ANA,30,8,RIGHT,105,90,25,12,7,20,11,0,0,0.278,CC,-2.211,-0.428,-0.837,-1.0,0.184,-4.292,3.3580000000000005,7.65,9.110534652398508,,,,,,,,,,,,,,,,,,,,,,,,,,,,,,,,,,,9.110534652398508
268,,,,,,,,,,,,,,,,,,,,,,,,,,,,164,Dane Dunning,ATL| TEX| CHA,RIGHT,SP,34.0,7,7,25,17,15,4,13,35,2,0,0,0,0,3.971,1.118,3,0,0.088,-0.638,-0.775,-0.503,-0.068,0.268,-1.717,4.267,9.103277490997128,,9.103277490997128
269,,,,,,,,,,,,,,,,,,,,,,,,,,,,165,J. B. Wendelken,OAK| ARI,RIGHT,RP,25.0,0,21,17,8,5,2,11,31,1,1,0,0,0,1.8,1.12,0,0,0.0,-1.215,-0.961,-0.503,0.771,0.192,-1.718,4.266,9.101144077008144,,9.101144077008144
270,,,,,,,,,,,,,,,,,,,,,,,,,,,,166,Josh Staumont,KCA| MIN,RIGHT,RP,25.666666666666668,0,26,20,8,7,2,16,37,2,1,0,0,0,2.454,1.403,1,1,0.039,-0.638,-0.682,-0.503,0.537,-0.435,-1.721,4.263,9.094743835041193,,9.094743835041193
271,,,,,,,,,,,,,,,,,,,,,,,,,,,,167,Garrett Richards,SDN| BOS| TEX,RIGHT,SP| RP,51.333333333333336,10,14,47,23,23,7,17,46,2,2,0,0,0,4.032,1.247,2,1,0.039,-0.638,-0.263,-0.503,-0.151,-0.173,-1.728,4.256,9.0798099371183,,9.0798099371183
272,,,,,,,,,,,,,,,,,,,,,,,,,,,,168,Ryan Yarbrough,NYA| TBA| KCA| LAN| TOR,LEFT,SP| RP,55.66666666666666,9,11,54,22,22,5,12,44,1,4,0,0,0,3.557,1.186,2,1,0.036,-1.215,-0.356,-0.503,0.237,0.108,-1.73,4.254,9.075543109140328,,9.075543109140328
273,,,,,,,,,,,,,,,,,,,,,,,,,,,,169,Trevor May,MIN| NYN| OAK,RIGHT,RP,23.33333333333333,0,24,20,11,10,5,7,38,1,0,2,0,0,3.857,1.157,1,0,0.043,-1.215,-0.636,0.023,-0.007,0.103,-1.731,4.253,9.073409695151346,,9.073409695151346
274,113,Isiah Kiner-Falefa,PIT| TOR| TEX| NYA,58,2,RIGHT,228,211,59,28,3,10,14,8,5,0.28,SS| 3B,-0.176,-1.406,-1.911,1.274,0.486,-1.733,3.331,5.064,9.037281395812814,,,,,,,,,,,,,,,,,,,,,,,,,,,,,,,,,,,9.037281395812814
275,,,,,,,,,,,,,,,,,,,,,,,,,,,,170,Travis Lakins,BAL,RIGHT,RP,25.666666666666664,0,22,25,11,8,2,13,25,3,2,1,0,0,2.805,1.48,2,0,0.078,-0.06,-1.24,-0.24,0.401,-0.609,-1.748,4.236,9.037141657338609,,9.037141657338609
276,,,,,,,,,,,,,,,,,,,,,,,,,,,,171,Taylor Clarke,KCA| ARI,RIGHT,SP| RP,43.33333333333333,5,12,35,23,21,8,21,40,3,0,0,0,0,4.362,1.292,1,0,0.023,-0.06,-0.542,-0.503,-0.343,-0.318,-1.767,4.2170000000000005,8.996606791547903,,8.996606791547903
277,,,,,,,,,,,,,,,,,,,,,,,,,,,,172,Kyle Zimmer,KCA,RIGHT,RP,23.0,1,16,14,4,4,0,10,26,1,0,0,0,0,1.565,1.044,0,0,0.0,-1.215,-1.194,-0.503,0.791,0.33,-1.792,4.192,8.943271441823287,,8.943271441823287
278,,,,,,,,,,,,,,,,,,,,,,,,,,,,173,Amir Garrett,CIN| KCA| ANA,LEFT,RP,18.33333333333333,0,21,10,5,5,4,7,26,1,0,1,0,0,2.454,0.927,1,0,0.055,-1.215,-1.194,-0.24,0.384,0.448,-1.817,4.167,8.889936092098672,,8.889936092098672
279,,,,,,,,,,,,,,,,,,,,,,,,,,,,174,Aroldis Chapman,BOS| NYA| KCA| TEX| PIT,LEFT,RP,11.666666666666666,0,13,6,4,4,2,4,22,1,1,3,0,0,3.086,0.857,4,1,0.343,-1.215,-1.38,0.287,0.133,0.356,-1.819,4.165,8.885669264120704,,8.885669264120704
280,,,,,,,,,,,,,,,,,,,,,,,,,,,,175,Burch Smith,OAK| BAL| MIA,RIGHT,RP,12.0,0,6,7,3,3,1,1,13,2,0,1,0,0,2.25,0.667,1,0,0.083,-0.638,-1.799,-0.24,0.288,0.566,-1.822,4.162,8.87926902215375,,8.87926902215375
281,,,,,,,,,,,,,,,,,,,,,,,,,,,,176,A. J. Minter,NYN| ATL,LEFT,RP,21.666666666666664,0,22,15,3,2,1,9,24,1,1,0,0,0,0.831,1.108,1,0,0.046,-1.215,-1.287,-0.503,0.986,0.189,-1.831,4.1530000000000005,8.86006829625289,,8.86006829625289
282,,,,,,,,,,,,,,,,,,,,,,,,,,,,177,Elieser Hernandez,MIA| LAN| MIL,RIGHT,SP,25.666666666666664,6,6,21,10,9,5,5,34,1,0,0,0,0,3.156,1.013,1,0,0.039,-1.215,-0.822,-0.503,0.265,0.436,-1.839,4.145,8.843000984341012,,8.843000984341012
283,79,Rhys Hoskins,MIL| PHI,41,2,RIGHT,185,151,37,35,10,26,29,1,0,0.245,1B,0.714,0.306,-0.193,-0.716,-0.398,-0.287,3.254,3.541,8.828373960364724,,,,,,,,,,,,,,,,,,,,,,,,,,,,,,,,,,,8.828373960364724
284,,,,,,,,,,,,,,,,,,,,,,,,,,,,178,Jorge Alcala,BOS| MIN| SLN,RIGHT,RP,24.000000000000007,0,16,21,8,7,3,8,27,2,1,0,0,0,2.625,1.208,1,2,0.042,-0.638,-1.147,-0.503,0.44,-0.001,-1.849,4.135,8.821666844451165,,8.821666844451165
285,,,,,,,,,,,,,,,,,,,,,,,,,,,,179,Yusmeiro Petit,OAK,RIGHT,RP,21.66666666666666,0,26,19,4,4,3,5,17,2,1,0,0,0,1.661,1.108,1,0,0.046,-0.638,-1.613,-0.503,0.713,0.189,-1.851,4.133,8.817400016473197,,8.817400016473197
286,,,,,,,,,,,,,,,,,,,,,,,,,,,,180,Griffin Canning,NYN| ANA,RIGHT,SP,56.333333333333336,11,11,54,29,25,8,23,56,2,3,0,0,0,3.994,1.367,4,5,0.071,-0.638,0.202,-0.503,-0.133,-0.779,-1.851,4.133,8.817400016473197,,8.817400016473197
287,,,,,,,,,,,,,,,,,,,,,,,,,,,,181,Jonathan Loaisiga,NYA,RIGHT,SP| RP,23.0,3,12,21,11,9,3,7,22,3,0,0,0,0,3.522,1.217,0,1,0.0,-0.06,-1.38,-0.503,0.11,-0.019,-1.852,4.132,8.815266602484213,,8.815266602484213
288,80,Brandon Belt,SFN| TOR,48,4,LEFT,179,149,46,25,9,30,30,0,0,0.309,1B,-0.558,0.061,0.236,-1.0,0.962,-0.298,3.243,3.541,8.798530041014997,,,,,,,,,,,,,,,,,,,,,,,,,,,,,,,,,,,8.798530041014997
289,,,,,,,,,,,,,,,,,,,,,,,,,,,,182,Riley Smith,ARI,RIGHT,RP,18.333333333333336,0,6,15,3,3,1,5,18,2,0,0,0,0,1.473,1.091,0,1,0.0,-0.638,-1.566,-0.503,0.656,0.187,-1.864,4.12,8.789665634616398,,8.789665634616398
290,,,,,,,,,,,,,,,,,,,,,,,,,,,,183,Shawn Armstrong,TEX| BAL| TBA| MIA| CHN| SLN,RIGHT,RP,15.000000000000002,0,14,9,6,3,1,3,14,2,0,0,0,0,1.8,0.8,2,0,0.133,-0.638,-1.752,-0.503,0.462,0.533,-1.898,4.086,8.717129558990925,,8.717129558990925
291,,,,,,,,,,,,,,,,,,,,,,,,,,,,184,Austin Gomber,COL| SLN,LEFT,SP| RP,29.0,4,14,19,6,6,1,15,27,1,1,0,0,0,1.862,1.172,0,1,0.0,-1.215,-1.147,-0.503,0.867,0.09,-1.909,4.075,8.693662005112094,,8.693662005112094
292,,,,,,,,,,,,,,,,,,,,,,,,,,,,185,Tyler Anderson,ANA| SFN| PIT| SEA| LAN,LEFT,SP| RP,59.66666666666666,11,13,58,32,29,5,25,41,4,3,0,0,0,4.374,1.391,2,1,0.034,0.518,-0.496,-0.503,-0.484,-0.951,-1.917,4.067,8.676594693200217,,8.676594693200217
293,120,Rio Ruiz,BAL| COL,53,8,LEFT,204,185,41,25,9,32,17,1,2,0.222,3B,-0.558,0.061,0.451,-0.716,-1.106,-1.868,3.196,5.064,8.671015112884344,,,,,,,,,,,,,,,,,,,,,,,,,,,,,,,,,,,8.671015112884344
294,,,,,,,,,,,,,,,,,,,,,,,,,,,,186,Eric Yardley,MIL,RIGHT,RP,23.33333333333333,0,24,19,6,4,2,10,19,2,0,0,0,0,1.543,1.243,0,0,0.0,-0.638,-1.52,-0.503,0.81,-0.071,-1.921,4.063,8.668061037244277,,8.668061037244277
295,,,,,,,,,,,,,,,,,,,,,,,,,,,,187,Caleb Thielbar,CHN| MIN,LEFT,RP,20.0,0,17,14,6,5,0,9,22,2,1,0,0,0,2.25,1.15,1,0,0.05,-0.638,-1.38,-0.503,0.48,0.101,-1.939,4.045,8.629659585442555,,8.629659585442555
296,123,Justin Turner,CHN| LAN| BOS| SEA| TOR,42,3,RIGHT,175,150,46,26,4,23,18,1,0,0.307,3B| DH,-0.431,-1.162,-0.515,-0.716,0.925,-1.898,3.1660000000000004,5.064,8.589622605566909,,,,,,,,,,,,,,,,,,,,,,,,,,,,,,,,,,,8.589622605566909
297,205,Sean Murphy,ATL| OAK,41,9,RIGHT,140,116,27,21,7,14,24,0,0,0.233,CC,-1.066,-0.428,-1.481,-1.0,-0.509,-4.485,3.165,7.65,8.586909521989659,,,,,,,,,,,,,,,,,,,,,,,,,,,,,,,,,,,8.586909521989659
298,,,,,,,,,,,,,,,,,,,,,,,,,,,,188,Phil Maton,SLN| TEX| CLE| HOU| NYN| TBA,RIGHT,RP,21.666666666666664,0,23,23,14,11,1,6,32,3,3,0,0,0,4.569,1.339,1,0,0.046,-0.06,-0.915,-0.503,-0.24,-0.246,-1.964,4.02,8.57632423571794,,8.57632423571794
299,,,,,,,,,,,,,,,,,,,,,,,,,,,,189,Andrew Miller,SLN,LEFT,RP,12.999999999999998,0,16,9,4,4,0,5,16,1,1,4,0,0,2.769,1.077,0,0,0.0,-1.215,-1.659,0.55,0.21,0.148,-1.966,4.018,8.572057407739972,,8.572057407739972
300,,,,,,,,,,,,,,,,,,,,,,,,,,,,190,James Hoyt,MIA| ANA,RIGHT,RP,14.666666666666666,0,24,9,2,2,1,8,20,2,0,0,0,0,1.227,1.159,2,0,0.136,-0.638,-1.473,-0.503,0.579,0.062,-1.972,4.0120000000000005,8.559256923806066,,8.559256923806066
301,,,,,,,,,,,,,,,,,,,,,,,,,,,,191,Blake Taylor,HOU,LEFT,RP,20.666666666666664,0,22,13,7,5,2,12,17,2,1,1,0,0,2.177,1.21,1,0,0.048,-0.638,-1.613,-0.24,0.519,-0.003,-1.974,4.01,8.554990095828096,,8.554990095828096
302,,,,,,,,,,,,,,,,,,,,,,,,,,,,192,Deivi Garcia,NYA| CHA,RIGHT,SP,34.333333333333336,6,6,35,20,19,6,6,33,3,2,0,0,0,4.981,1.194,2,1,0.058,-0.06,-0.868,-0.503,-0.593,0.041,-1.983,4.001,8.535789369927235,,8.535789369927235
303,,,,,,,,,,,,,,,,,,,,,,,,,,,,193,Chris Stratton,KCA| LAN| PIT| SLN| TEX,RIGHT,RP,30.000000000000004,0,27,26,19,13,3,13,39,2,1,0,0,0,3.9,1.3,4,1,0.133,-0.638,-0.589,-0.503,-0.028,-0.24,-1.998,3.986,8.503788160092466,,8.503788160092466
304,,,,,,,,,,,,,,,,,,,,,,,,,,,,194,Steven Brault,PIT| CHN,LEFT,SP,42.66666666666667,10,11,29,17,16,2,22,38,1,3,0,0,0,3.375,1.195,0,1,0.0,-1.215,-0.636,-0.503,0.299,0.047,-2.008,3.976,8.48245402020262,,8.48245402020262
305,,,,,,,,,,,,,,,,,,,,,,,,,,,,195,Tony Watson,SFN| ANA,LEFT,RP,18.0,0,21,13,8,5,3,3,15,1,0,2,0,0,2.5,0.889,1,1,0.056,-1.215,-1.706,0.023,0.364,0.5,-2.033,3.951,8.429118670478008,,8.429118670478008
306,124,Tommy Edman,LAN| SLN,55,2,SWITCH,227,204,51,29,5,26,16,2,4,0.25,3B| SS| LF| 2B| RF,-0.049,-0.917,-0.193,-0.432,-0.393,-1.984,3.08,5.064,8.356297417923587,,,,,,,,,,,,,,,,,,,,,,,,,,,,,,,,,,,8.356297417923587
307,,,,,,,,,,,,,,,,,,,,,,,,,,,,196,Michael Lorenzen,KCA| CIN| ANA| DET| PHI| TEX,RIGHT,SP| RP,33.666666666666664,2,18,30,17,16,3,17,35,3,1,0,0,0,4.277,1.396,2,2,0.059,-0.06,-0.775,-0.503,-0.224,-0.551,-2.113,3.871,8.258445551359243,,8.258445551359243
308,,,,,,,,,,,,,,,,,,,,,,,,,,,,197,Enoli Paredes,HOU| CHN| MIL,RIGHT,RP,20.66666666666666,0,22,18,9,7,1,11,20,3,3,0,0,0,3.048,1.403,0,1,0.0,-0.06,-1.473,-0.503,0.247,-0.351,-2.141,3.843,8.198709959667674,,8.198709959667674
309,,,,,,,,,,,,,,,,,,,,,,,,,,,,198,Martin Perez,CHA| BOS| TEX| PIT| SDN,LEFT,SP,62.0,12,12,55,33,31,8,28,46,3,5,0,0,0,4.5,1.339,1,2,0.016,-0.06,-0.263,-0.503,-0.621,-0.706,-2.153,3.831,8.17310899179986,,8.17310899179986
310,,,,,,,,,,,,,,,,,,,,,,,,,,,,199,Hector Neris,ANA| ATL| HOU| PHI| CHN,RIGHT,RP,21.666666666666664,0,24,24,15,11,0,13,27,2,2,5,0,0,4.569,1.708,2,0,0.092,-0.638,-1.147,0.813,-0.24,-0.943,-2.154,3.83,8.170975577810875,,8.170975577810875
311,,,,,,,,,,,,,,,,,,,,,,,,,,,,200,Michael Pineda,MIN| DET,RIGHT,SP,26.666666666666668,5,5,25,10,10,0,7,25,2,0,0,0,0,3.375,1.2,1,0,0.037,-0.638,-1.24,-0.503,0.187,0.019,-2.176,3.808,8.124040470053215,,8.124040470053215
312,,,,,,,,,,,,,,,,,,,,,,,,,,,,201,Alex Reyes,SLN,RIGHT,RP,19.666666666666668,1,15,14,10,7,1,14,27,2,1,1,0,0,3.203,1.424,1,0,0.051,-0.638,-1.147,-0.24,0.189,-0.369,-2.206,3.778,8.060038050383678,,8.060038050383678
313,,,,,,,,,,,,,,,,,,,,,,,,,,,,202,Tyler Webb,SLN,LEFT,RP,21.666666666666668,0,21,17,5,5,2,7,19,1,1,1,0,0,2.077,1.108,1,0,0.046,-1.215,-1.52,-0.24,0.577,0.189,-2.208,3.776,8.055771222405708,,8.055771222405708
314,115,Max Kepler,PHI| MIN,47,1,LEFT,196,171,39,27,9,23,22,3,0,0.228,RF,-0.304,0.061,-0.515,-0.147,-0.865,-1.77,2.966,4.736,8.047005890117322,,,,,,,,,,,,,,,,,,,,,,,,,,,,,,,,,,,8.047005890117322
315,116,Michael Brantley,HOU,46,3,LEFT,187,170,51,24,5,22,17,2,0,0.3,DH| LF,-0.685,-0.917,-0.622,-0.432,0.886,-1.77,2.966,4.736,8.047005890117322,,,,,,,,,,,,,,,,,,,,,,,,,,,,,,,,,,,8.047005890117322
316,128,Evan Longoria,SFN| ARI,51,5,RIGHT,209,193,49,26,7,28,11,0,1,0.254,3B,-0.431,-0.428,0.022,-1.0,-0.265,-2.102,2.962,5.064,8.036153555808333,,,,,,,,,,,,,,,,,,,,,,,,,,,,,,,,,,,8.036153555808333
317,,,,,,,,,,,,,,,,,,,,,,,,,,,,203,Craig Stammen,SDN,RIGHT,RP,24.0,0,24,27,16,15,2,4,20,4,2,0,0,0,5.625,1.292,2,1,0.083,0.518,-1.473,-0.503,-0.649,-0.175,-2.282,3.702,7.897898587220851,,7.897898587220851
318,,,,,,,,,,,,,,,,,,,,,,,,,,,,204,Cam Hill,CLE,RIGHT,RP,18.33333333333333,0,18,11,11,10,4,5,16,2,0,1,0,0,4.909,0.873,0,0,0.0,-0.638,-1.659,-0.24,-0.297,0.535,-2.298,3.686,7.863763963397098,,7.863763963397098
319,,,,,,,,,,,,,,,,,,,,,,,,,,,,205,Josh Lindblom,MIL,RIGHT,SP| RP,45.333333333333336,10,12,42,26,26,6,16,52,2,4,0,0,0,5.162,1.279,4,3,0.088,-0.638,0.016,-0.503,-0.908,-0.282,-2.315,3.669,7.827495925584361,,7.827495925584361
320,,,,,,,,,,,,,,,,,,,,,,,,,,,,206,Tanner Scott,LAN| BAL| MIA| SDN,LEFT,RP,20.666666666666664,0,25,12,5,3,1,10,23,0,0,1,0,0,1.306,1.065,0,0,0.0,-1.793,-1.333,-0.24,0.791,0.258,-2.317,3.667,7.823229097606391,,7.823229097606391
321,,,,,,,,,,,,,,,,,,,,,,,,,,,,207,Tim Hill,NYA| SDN| CHA,LEFT,RP,18.0,0,23,17,9,9,3,6,20,3,0,0,0,0,4.5,1.278,0,0,0.0,-0.06,-1.473,-0.503,-0.18,-0.109,-2.326,3.658,7.80402837170553,,7.80402837170553
322,,,,,,,,,,,,,,,,,,,,,,,,,,,,208,Jose Urquidy,DET| HOU,RIGHT,SP,29.666666666666664,5,5,22,9,9,4,8,17,1,1,0,0,0,2.73,1.011,2,1,0.067,-1.215,-1.613,-0.503,0.497,0.508,-2.326,3.658,7.80402837170553,,7.80402837170553
323,83,Nick Ahmed,TEX| ARI| LAN| SDN| SFN,57,7,RIGHT,217,199,53,29,5,29,18,4,0,0.266,SS,-0.049,-0.917,0.129,0.137,0.081,-0.62,2.873,3.493,7.794689117433267,,,,,,,,,,,,,,,,,,,,,,,,,,,,,,,,,,,7.794689117433267
324,,,,,,,,,,,,,,,,,,,,,,,,,,,,209,Drew Smyly,SFN| ATL| CHN,LEFT,SP| RP,26.33333333333333,5,7,20,11,10,2,9,42,0,1,0,0,0,3.418,1.101,7,0,0.266,-1.793,-0.449,-0.503,0.167,0.245,-2.333,3.651,7.789094473782637,,7.789094473782637
325,,,,,,,,,,,,,,,,,,,,,,,,,,,,210,Sam Howard,PIT,LEFT,RP,21.0,0,22,17,10,9,4,9,27,2,3,0,0,0,3.857,1.238,2,1,0.095,-0.638,-1.147,-0.503,-0.006,-0.055,-2.349,3.635,7.754959849958885,,7.754959849958885
326,,,,,,,,,,,,,,,,,,,,,,,,,,,,211,Tom Eshelman,BAL,RIGHT,SP| RP,34.666666666666664,4,12,34,17,15,7,9,16,3,1,0,0,0,3.894,1.24,1,2,0.029,-0.06,-1.659,-0.503,-0.029,-0.098,-2.35,3.634,7.752826435969901,,7.752826435969901
327,,,,,,,,,,,,,,,,,,,,,,,,,,,,212,Wander Suero,ATL| WAS| LAN| HOU,RIGHT,RP,23.666666666666668,0,22,20,10,10,1,10,28,2,0,0,0,0,3.803,1.268,5,0,0.211,-0.638,-1.101,-0.503,0.013,-0.123,-2.352,3.632,7.748559607991932,,7.748559607991932
328,131,Asdrubal Cabrera,WAS| ARI| CIN,52,4,SWITCH,213,190,46,23,8,31,19,0,0,0.242,3B| DH| 1B,-0.812,-0.183,0.344,-1.0,-0.58,-2.232,2.832,5.064,7.683452690766102,,,,,,,,,,,,,,,,,,,,,,,,,,,,,,,,,,,7.683452690766102
329,,,,,,,,,,,,,,,,,,,,,,,,,,,,213,Tyler Alexander,CHA| MIL| DET| TBA,LEFT,SP| RP,36.333333333333336,2,14,39,16,16,8,9,34,2,3,0,0,0,3.963,1.321,2,4,0.055,-0.638,-0.822,-0.503,-0.069,-0.358,-2.389,3.595,7.669623290399503,,7.669623290399503
330,,,,,,,,,,,,,,,,,,,,,,,,,,,,214,Taylor Williams,SDN| SEA| MIA,RIGHT,RP,14.666666666666666,0,15,14,10,10,1,7,20,1,1,6,0,0,6.136,1.432,0,0,0.0,-1.215,-1.473,1.077,-0.51,-0.286,-2.407,3.577,7.631221838597781,,7.631221838597781
331,,,,,,,,,,,,,,,,,,,,,,,,,,,,215,Aaron Slegers,TBA| ANA,RIGHT,RP,26.0,1,11,18,10,10,1,5,19,0,0,2,0,0,3.462,0.885,0,0,0.0,-1.793,-1.52,0.023,0.148,0.732,-2.409,3.575,7.626955010619812,,7.626955010619812
332,,,,,,,,,,,,,,,,,,,,,,,,,,,,216,Chad Kuhl,PIT| COL| WAS| CHA,RIGHT,SP| RP,46.333333333333336,9,11,35,26,22,8,28,44,2,3,0,0,0,4.273,1.36,2,2,0.043,-0.638,-0.356,-0.503,-0.305,-0.612,-2.414,3.57,7.616287940674889,,7.616287940674889
333,,,,,,,,,,,,,,,,,,,,,,,,,,,,217,Shane Greene,ATL| LAN| NYA| CHN,RIGHT,RP,27.66666666666667,0,28,22,9,8,2,9,21,1,0,0,0,0,2.602,1.121,2,1,0.072,-1.215,-1.427,-0.503,0.517,0.211,-2.417,3.567,7.609887698707936,,7.609887698707936
334,,,,,,,,,,,,,,,,,,,,,,,,,,,,218,Adbert Alzolay,CHN,RIGHT,SP| RP,21.33333333333333,4,6,12,8,7,1,13,29,1,1,0,0,0,2.953,1.172,2,1,0.094,-1.215,-1.054,-0.503,0.286,0.067,-2.42,3.564,7.603487456740981,,7.603487456740981
335,,,,,,,,,,,,,,,,,,,,,,,,,,,,219,Josh Tomlin,ATL,RIGHT,SP| RP,39.66666666666667,5,17,40,22,21,6,8,36,2,2,0,0,0,4.765,1.21,5,1,0.126,-0.638,-0.729,-0.503,-0.556,-0.007,-2.433,3.551,7.575753074884182,,7.575753074884182
336,,,,,,,,,,,,,,,,,,,,,,,,,,,,220,Trevor Cahill,SFN| PIT,RIGHT,SP| RP,25.0,6,11,16,10,9,3,14,31,1,2,0,0,0,3.24,1.2,6,2,0.24,-1.215,-0.961,-0.503,0.226,0.017,-2.436,3.548,7.569352832917229,,7.569352832917229
337,,,,,,,,,,,,,,,,,,,,,,,,,,,,221,Oliver Perez,CLE| ARI,LEFT,RP,18.000000000000004,0,21,13,5,4,0,6,14,1,1,1,0,0,2.0,1.056,0,0,0.0,-1.215,-1.752,-0.24,0.5,0.239,-2.468,3.516,7.501083585269723,,7.501083585269723
338,88,Hanser Alberto,BAL| KCA| LAN| CHA,54,1,RIGHT,231,219,62,35,3,22,5,3,0,0.283,2B,0.714,-1.406,-0.622,-0.147,0.613,-0.849,2.7590000000000003,3.608,7.485397589627006,,,,,,,,,,,,,,,,,,,,,,,,,,,,,,,,,,,7.485397589627006
339,,,,,,,,,,,,,,,,,,,,,,,,,,,,222,Chasen Shreve,NYN| PIT| CIN| DET| COL,LEFT,RP,25.0,0,17,17,12,11,4,12,34,1,0,0,0,0,3.96,1.16,1,1,0.04,-1.215,-0.822,-0.503,-0.046,0.105,-2.482,3.502,7.471215789423938,,7.471215789423938
340,,,,,,,,,,,,,,,,,,,,,,,,,,,,223,Will Smith,ATL| HOU| TEX| KCA,LEFT,RP,16.0,0,18,11,8,8,7,4,18,2,2,0,0,0,4.5,0.938,0,0,0.0,-0.638,-1.566,-0.503,-0.16,0.377,-2.49,3.494,7.454148477512062,,7.454148477512062
341,,,,,,,,,,,,,,,,,,,,,,,,,,,,224,Jaime Barria,ANA,RIGHT,SP| RP,32.33333333333333,5,7,27,13,13,3,9,27,1,0,0,0,0,3.619,1.113,1,2,0.031,-1.215,-1.147,-0.503,0.107,0.266,-2.492,3.492,7.449881649534093,,7.449881649534093
342,,,,,,,,,,,,,,,,,,,,,,,,,,,,225,Jason Adam,SDN| CHN| TBA,RIGHT,RP,13.666666666666668,0,13,9,7,5,2,8,21,2,1,0,0,0,3.293,1.244,2,1,0.146,-0.638,-1.427,-0.503,0.113,-0.043,-2.497,3.487,7.43921457958917,,7.43921457958917
343,,,,,,,,,,,,,,,,,,,,,,,,,,,,226,Nick Margevicius,SEA,LEFT,SP| RP,41.333333333333336,7,10,38,21,21,6,14,36,2,3,0,0,0,4.573,1.258,2,1,0.048,-0.638,-0.729,-0.503,-0.459,-0.18,-2.509,3.475,7.413613611721355,,7.413613611721355
344,87,Paul Goldschmidt,NYA| SLN,58,3,RIGHT,231,191,58,31,6,21,37,1,0,0.304,1B,0.205,-0.672,-0.73,-0.716,1.096,-0.817,2.724,3.541,7.390439664423328,,,,,,,,,,,,,,,,,,,,,,,,,,,,,,,,,,,7.390439664423328
345,,,,,,,,,,,,,,,,,,,,,,,,,,,,227,Nick Tropeano,PIT| NYN| SFN,RIGHT,RP,15.666666666666666,0,7,14,2,2,1,4,19,1,0,0,0,0,1.149,1.149,0,0,0.0,-1.215,-1.52,-0.503,0.637,0.081,-2.52,3.464,7.390146057842525,,7.390146057842525
346,,,,,,,,,,,,,,,,,,,,,,,,,,,,228,Mychal Givens,BAL| COL| CIN| CHN| NYN,RIGHT,RP,22.33333333333333,0,22,16,10,9,5,10,25,1,1,1,0,0,3.627,1.164,3,1,0.134,-1.215,-1.24,-0.24,0.071,0.085,-2.539,3.445,7.349611192051818,,7.349611192051818
347,,,,,,,,,,,,,,,,,,,,,,,,,,,,229,Jordan Montgomery,NYA| SLN| TEX| ARI,LEFT,SP,44.0,10,10,48,27,25,7,9,47,2,3,0,0,0,5.114,1.296,4,0,0.091,-0.638,-0.217,-0.503,-0.849,-0.335,-2.542,3.442,7.343210950084865,,7.343210950084865
348,,,,,,,,,,,,,,,,,,,,,,,,,,,,230,Miguel Castro,CHA| BAL| NYN| NYA| ARI,RIGHT,RP,24.66666666666666,0,26,28,12,11,4,13,38,2,2,1,0,0,4.013,1.662,5,0,0.203,-0.638,-0.636,-0.24,-0.065,-0.976,-2.554,3.43,7.31760998221705,,7.31760998221705
349,,,,,,,,,,,,,,,,,,,,,,,,,,,,231,Kyle Cody,TEX,RIGHT,SP| RP,22.666666666666668,5,8,15,5,4,1,13,18,1,1,0,0,0,1.588,1.235,2,0,0.088,-1.215,-1.566,-0.503,0.771,-0.054,-2.567,3.417,7.289875600360251,,7.289875600360251
350,,,,,,,,,,,,,,,,,,,,,,,,,,,,232,Andre Scrubb,HOU,RIGHT,RP,23.666666666666668,0,20,15,5,5,1,20,24,1,0,1,0,0,1.901,1.479,1,1,0.042,-1.215,-1.287,-0.24,0.693,-0.558,-2.607,3.377,7.204539040800868,,7.204539040800868
351,,,,,,,,,,,,,,,,,,,,,,,,,,,,233,Jalen Beeks,ARI| TBA| COL| PIT,LEFT,RP,19.33333333333333,0,12,21,9,7,1,4,26,1,1,1,0,0,3.259,1.293,0,0,0.0,-1.215,-1.194,-0.24,0.169,-0.143,-2.623,3.361,7.170404416977115,,7.170404416977115
352,227,Gary Sanchez,BAL| NYA| MIN| NYN| SDN| MIL,49,7,RIGHT,178,156,23,19,10,24,18,0,0,0.147,CC| DH,-1.321,0.306,-0.408,-1.0,-2.586,-5.008,2.6420000000000003,7.65,7.167966811088999,,,,,,,,,,,,,,,,,,,,,,,,,,,,,,,,,,,7.167966811088999
353,,,,,,,,,,,,,,,,,,,,,,,,,,,,234,Brusdar Graterol,LAN,RIGHT,SP| RP,23.33333333333333,2,23,18,9,8,1,3,13,1,2,0,0,0,3.086,0.9,1,0,0.043,-1.215,-1.799,-0.503,0.266,0.626,-2.626,3.358,7.164004175010161,,7.164004175010161
354,,,,,,,,,,,,,,,,,,,,,,,,,,,,235,Ty Buttrey,ANA,RIGHT,RP,26.33333333333333,0,27,28,18,17,4,9,18,2,3,5,0,0,5.81,1.405,2,1,0.076,-0.638,-1.566,0.813,-0.785,-0.452,-2.628,3.356,7.159737347032192,,7.159737347032192
355,,,,,,,,,,,,,,,,,,,,,,,,,,,,236,Sam Selman,SFN| ANA| OAK,LEFT,RP,19.33333333333333,0,24,13,8,8,2,9,23,1,1,1,0,0,3.724,1.138,1,0,0.052,-1.215,-1.333,-0.24,0.033,0.118,-2.637,3.347,7.140536621131331,,7.140536621131331
356,,,,,,,,,,,,,,,,,,,,,,,,,,,,237,Yohan Ramirez,PIT| SEA| CLE| CHA| BAL| BOS| LAN| NYN,RIGHT,RP,20.666666666666664,0,16,9,6,6,3,20,26,0,0,3,0,0,2.613,1.403,2,0,0.097,-1.793,-1.194,0.287,0.383,-0.351,-2.668,3.316,7.074400787472809,,7.074400787472809
357,,,,,,,,,,,,,,,,,,,,,,,,,,,,238,Yusei Kikuchi,ANA| SEA| TOR| HOU,LEFT,SP,47.0,9,9,41,27,27,3,20,47,2,4,0,0,0,5.17,1.298,5,0,0.106,-0.638,-0.217,-0.503,-0.947,-0.368,-2.673,3.311,7.063733717527887,,7.063733717527887
358,,,,,,,,,,,,,,,,,,,,,,,,,,,,239,Adrian Morejon,SDN,LEFT,SP| RP,19.33333333333333,4,9,20,11,10,7,4,25,2,2,0,0,0,4.655,1.241,1,1,0.052,-0.638,-1.24,-0.503,-0.239,-0.056,-2.676,3.308,7.057333475560933,,7.057333475560933
359,139,Nolan Arenado,SLN| COL,48,4,RIGHT,201,182,46,23,8,26,15,0,0,0.253,3B,-0.812,-0.183,-0.193,-1.0,-0.279,-2.468,2.596,5.064,7.043164966535595,,,,,,,,,,,,,,,,,,,,,,,,,,,,,,,,,,,7.043164966535595
360,,,,,,,,,,,,,,,,,,,,,,,,,,,,240,Paul Fry,BAL| ARI,LEFT,RP,22.000000000000004,0,22,22,7,6,3,9,29,1,0,0,0,0,2.454,1.409,1,0,0.045,-1.215,-1.054,-0.503,0.46,-0.385,-2.698,3.286,7.010398367803273,,7.010398367803273
361,,,,,,,,,,,,,,,,,,,,,,,,,,,,241,Justin Wilson,BOS| NYN| CIN| NYA,LEFT,RP,19.666666666666668,0,23,18,10,8,1,9,23,2,1,0,0,0,3.661,1.373,2,0,0.102,-0.638,-1.333,-0.503,0.053,-0.282,-2.704,3.28,6.997597883869365,,6.997597883869365
362,,,,,,,,,,,,,,,,,,,,,,,,,,,,242,Charlie Morton,ATL| BAL| DET| TBA,RIGHT,SP,38.0,9,9,43,21,20,4,10,42,2,2,0,0,0,4.737,1.395,0,2,0.0,-0.638,-0.449,-0.503,-0.517,-0.618,-2.725,3.259,6.952796190100689,,6.952796190100689
363,,,,,,,,,,,,,,,,,,,,,,,,,,,,244,Alex Cobb,BAL| ANA| SFN| CLE,RIGHT,SP,52.33333333333333,10,10,52,27,25,8,18,38,2,5,0,0,0,4.299,1.338,1,2,0.019,-0.638,-0.636,-0.503,-0.365,-0.591,-2.732,3.252,6.9378622921777975,,6.9378622921777975
364,,,,,,,,,,,,,,,,,,,,,,,,,,,,243,Wandy Peralta,SDN| SFN| NYA,LEFT,RP,27.33333333333334,0,25,22,13,10,3,11,25,1,1,0,0,0,3.293,1.207,0,1,0.0,-1.215,-1.24,-0.503,0.225,0.002,-2.732,3.252,6.9378622921777975,,6.9378622921777975
365,230,Yan Gomes,WAS| OAK| CHN,30,6,RIGHT,119,109,31,14,4,13,6,1,0,0.284,CC,-1.957,-1.162,-1.589,-0.716,0.325,-5.097,2.553,7.65,6.926502372713934,,,,,,,,,,,,,,,,,,,,,,,,,,,,,,,,,,,6.926502372713934
366,,,,,,,,,,,,,,,,,,,,,,,,,,,,245,Cody Stashak,MIN,RIGHT,RP,15.000000000000002,0,11,11,5,5,2,3,17,1,0,0,0,0,3.0,0.933,2,0,0.133,-1.215,-1.613,-0.503,0.19,0.359,-2.782,3.202,6.83119159272857,,6.83119159272857
367,,,,,,,,,,,,,,,,,,,,,,,,,,,,246,Dillon Tate,TOR| BAL,RIGHT,RP,16.666666666666664,0,12,9,7,6,1,5,14,1,1,0,0,0,3.24,0.84,0,1,0.0,-1.215,-1.752,-0.503,0.151,0.534,-2.786,3.198,6.822657936772631,,6.822657936772631
368,,,,,,,,,,,,,,,,,,,,,,,,,,,,247,Rowan Wick,CHN,RIGHT,RP,17.33333333333333,0,19,18,6,6,1,6,20,0,1,4,0,0,3.115,1.385,1,0,0.058,-1.793,-1.473,0.55,0.189,-0.267,-2.793,3.191,6.807724038849739,,6.807724038849739
369,142,Matt Chapman,SFN| OAK| TOR,36,3,RIGHT,152,142,33,22,10,25,8,0,0,0.232,3B,-0.939,0.306,-0.3,-1.0,-0.631,-2.565,2.499,5.064,6.779995859542546,,,,,,,,,,,,,,,,,,,,,,,,,,,,,,,,,,,6.779995859542546
370,,,,,,,,,,,,,,,,,,,,,,,,,,,,248,Mike Minor,OAK| TEX| KCA| CIN,LEFT,SP,56.66666666666667,11,12,50,36,35,11,20,62,1,6,0,0,0,5.559,1.235,4,1,0.071,-1.215,0.481,-0.503,-1.475,-0.135,-2.847,3.137,6.692519683444573,,6.692519683444573
371,,,,,,,,,,,,,,,,,,,,,,,,,,,,249,Keury Mella,ARI,RIGHT,RP,10.0,0,11,10,3,2,1,3,10,2,0,0,0,0,1.8,1.3,2,1,0.2,-0.638,-1.938,-0.503,0.308,-0.08,-2.851,3.133,6.683986027488635,,6.683986027488635
372,144,Austin Riley,ATL,51,8,RIGHT,206,188,45,24,8,27,16,0,0,0.239,3B,-0.685,-0.183,-0.086,-1.0,-0.648,-2.602,2.462,5.064,6.679611767184373,,,,,,,,,,,,,,,,,,,,,,,,,,,,,,,,,,,6.679611767184373
373,,,,,,,,,,,,,,,,,,,,,,,,,,,,250,Erasmo Ramirez,MIN| NYN| DET| WAS| TBA,RIGHT,RP,14.333333333333334,0,6,8,1,1,1,4,9,0,0,1,0,0,0.628,0.837,0,0,0.0,-1.793,-1.985,-0.24,0.696,0.463,-2.859,3.125,6.666918715576759,,6.666918715576759
374,,,,,,,,,,,,,,,,,,,,,,,,,,,,251,David Phelps,MIL| PHI| TOR,RIGHT,RP,20.666666666666664,0,22,19,16,15,7,5,31,2,4,0,0,0,6.532,1.161,1,0,0.048,-0.638,-0.961,-0.503,-0.842,0.084,-2.86,3.124,6.664785301587775,,6.664785301587775
375,,,,,,,,,,,,,,,,,,,,,,,,,,,,252,Jon Lester,CHN| SLN| WAS,LEFT,SP,61.0,12,12,64,35,35,11,17,42,3,3,0,0,0,5.164,1.328,3,2,0.049,-0.06,-0.449,-0.503,-1.223,-0.637,-2.873,3.111,6.637050919730974,,6.637050919730974
376,,,,,,,,,,,,,,,,,,,,,,,,,,,,253,Chaz Roe,TBA,RIGHT,RP,9.333333333333334,0,10,10,4,3,0,3,9,2,0,1,0,0,2.893,1.393,2,0,0.214,-0.638,-1.985,-0.24,0.133,-0.15,-2.879,3.105,6.624250435797067,,6.624250435797067
377,,,,,,,,,,,,,,,,,,,,,,,,,,,,254,Ryan Sherriff,TBA| BOS,LEFT,RP,9.666666666666668,0,10,6,0,0,0,2,2,1,0,1,0,0,0.0,0.828,0,0,0.0,-1.215,-2.311,-0.24,0.561,0.32,-2.884,3.1,6.613583365852144,,6.613583365852144
378,,,,,,,,,,,,,,,,,,,,,,,,,,,,255,Kyle Finnegan,DET| WAS,RIGHT,RP,24.666666666666668,0,25,21,10,8,2,13,27,1,0,0,0,0,2.919,1.378,3,0,0.122,-1.215,-1.147,-0.503,0.343,-0.366,-2.889,3.095,6.602916295907222,,6.602916295907222
379,,,,,,,,,,,,,,,,,,,,,,,,,,,,256,Daniel Ponce de Leon,SLN,RIGHT,SP,32.666666666666664,8,9,23,18,18,8,20,45,1,3,0,0,0,4.959,1.316,2,0,0.061,-1.215,-0.31,-0.503,-0.554,-0.308,-2.89,3.094,6.600782881918237,,6.600782881918237
380,,,,,,,,,,,,,,,,,,,,,,,,,,,,257,Jake Arrieta,PHI| CHN| SDN,RIGHT,SP,44.33333333333333,9,9,51,25,25,6,16,32,4,4,0,0,0,5.075,1.511,0,0,0.0,0.518,-0.915,-0.503,-0.83,-1.171,-2.901,3.083,6.577315328039407,,6.577315328039407
381,76,Miguel Cabrera,DET,57,3,RIGHT,231,204,51,28,10,35,24,1,0,0.25,DH,-0.176,0.306,0.773,-0.716,-0.393,-0.206,2.41375,2.61975,6.548705484582161,,,,,,,,,,,,,,,,,,,,,,,,,,,,,,,,,,,6.548705484582161
382,,,,,,,,,,,,,,,,,,,,,,,,,,,,258,Nick Vincent,MIA| MIN,RIGHT,RP,22.333333333333336,0,21,23,11,11,5,6,17,1,2,3,0,0,4.433,1.298,0,0,0.0,-1.215,-1.613,0.287,-0.201,-0.176,-2.918,3.066,6.541047290226669,,6.541047290226669
383,233,Kurt Suzuki,WAS| ANA,33,5,RIGHT,129,111,30,15,2,17,11,1,0,0.27,CC,-1.829,-1.651,-1.159,-0.716,0.107,-5.248,2.402,7.65,6.516826752549498,,,,,,,,,,,,,,,,,,,,,,,,,,,,,,,,,,,6.516826752549498
384,78,Franmil Reyes,CLE| CHN| KCA,59,5,RIGHT,241,211,58,27,9,34,24,0,0,0.275,DH,-0.304,0.061,0.666,-1.0,0.343,-0.233,2.38675,2.61975,6.475452227996467,,,,,,,,,,,,,,,,,,,,,,,,,,,,,,,,,,,6.475452227996467
385,,,,,,,,,,,,,,,,,,,,,,,,,,,,259,Aaron Bummer,ATL| CHA,LEFT,RP,9.333333333333332,0,9,5,1,1,0,5,14,1,0,0,0,0,0.964,1.071,0,0,0.0,-1.215,-1.752,-0.503,0.406,0.111,-2.954,3.03,6.464244386623225,,6.464244386623225
386,135,Aaron Hicks,NYA| BAL| ANA,54,3,SWITCH,211,169,38,28,6,21,41,4,1,0.225,CF,-0.176,-0.672,-0.73,0.137,-0.933,-2.374,2.362,4.736,6.40830340945958,,,,,,,,,,,,,,,,,,,,,,,,,,,,,,,,,,,6.40830340945958
387,,,,,,,,,,,,,,,,,,,,,,,,,,,,260,Frankie Montas,NYN| OAK| NYA| CIN| MIL,RIGHT,SP,53.00000000000001,11,11,57,35,33,10,23,60,3,5,0,0,0,5.604,1.509,1,1,0.019,-0.06,0.388,-0.503,-1.416,-1.391,-2.982,3.002,6.404508794931656,,6.404508794931656
388,101,Tommy La Stella,ANA| OAK| SFN| SEA,55,2,LEFT,228,196,55,31,5,25,27,1,0,0.281,2B| 1B| DH,0.205,-0.917,-0.3,-0.716,0.479,-1.249,2.359,3.608,6.400164158727837,,,,,,,,,,,,,,,,,,,,,,,,,,,,,,,,,,,6.400164158727837
389,97,J. P. Crawford,SEA,53,1,LEFT,232,204,52,33,2,24,23,6,3,0.255,SS,0.459,-1.651,-0.408,0.705,-0.25,-1.144,2.349,3.493,6.373033322955359,,,,,,,,,,,,,,,,,,,,,,,,,,,,,,,,,,,6.373033322955359
390,,,,,,,,,,,,,,,,,,,,,,,,,,,,261,Richard Bleier,BAL| MIA| BOS,LEFT,RP,16.66666666666667,0,21,14,6,4,0,4,11,1,1,0,0,0,2.16,1.08,0,0,0.0,-1.215,-1.892,-0.503,0.423,0.186,-3.001,2.983,6.363973929140951,,6.363973929140951
391,,,,,,,,,,,,,,,,,,,,,,,,,,,,262,Emilio Pagan,CIN| SDN| MIN,RIGHT,RP,22.0,0,22,14,11,11,4,9,23,0,1,2,0,0,4.5,1.046,0,0,0.0,-1.793,-1.333,0.023,-0.22,0.311,-3.012,2.972,6.3405063752621205,,6.3405063752621205
392,,,,,,,,,,,,,,,,,,,,,,,,,,,,263,Matt Strahm,PHI| SDN| BOS,LEFT,RP,20.666666666666668,0,19,14,6,6,3,4,15,0,1,0,0,0,2.613,0.871,1,1,0.048,-1.793,-1.706,-0.503,0.383,0.607,-3.012,2.972,6.3405063752621205,,6.3405063752621205
393,,,,,,,,,,,,,,,,,,,,,,,,,,,,264,Jeurys Familia,NYN| BOS| PHI| OAK,RIGHT,RP,26.666666666666664,0,25,20,11,11,2,19,23,2,0,0,0,0,3.712,1.462,6,1,0.225,-0.638,-1.333,-0.503,0.051,-0.591,-3.015,2.969,6.334106133295166,,6.334106133295166
394,,,,,,,,,,,,,,,,,,,,,,,,,,,,265,Connor Brogdon,ANA| PHI| LAN,RIGHT,RP,11.333333333333334,0,9,5,5,5,3,5,17,1,0,0,0,0,3.971,0.882,0,0,0.0,-1.215,-1.613,-0.503,-0.023,0.321,-3.032,2.952,6.297838095482429,,6.297838095482429
395,147,Jeff McNeil,NYN,52,7,LEFT,209,183,57,19,4,23,20,0,2,0.311,3B| 2B| LF,-1.321,-1.162,-0.515,-1.0,1.254,-2.744,2.32,5.064,6.294353899215168,,,,,,,,,,,,,,,,,,,,,,,,,,,,,,,,,,,6.294353899215168
396,236,Danny Jansen,MIL| TBA| TOR| BOS,41,9,RIGHT,147,120,22,18,6,20,21,0,0,0.183,CC,-1.448,-0.672,-0.837,-1.0,-1.374,-5.331,2.319,7.65,6.291640815637921,,,,,,,,,,,,,,,,,,,,,,,,,,,,,,,,,,,6.291640815637921
397,,,,,,,,,,,,,,,,,,,,,,,,,,,,266,Brooks Raley,NYN| CIN| HOU| TBA,LEFT,RP,20.0,0,21,13,12,11,3,6,27,0,1,1,0,0,4.95,0.95,1,0,0.05,-1.793,-1.147,-0.24,-0.336,0.449,-3.067,2.917,6.223168605867969,,6.223168605867969
398,,,,,,,,,,,,,,,,,,,,,,,,,,,,267,Brandon Workman,BOS| PHI| CHN,RIGHT,RP,19.666666666666664,0,21,31,14,13,4,13,23,1,4,9,0,0,5.949,2.237,2,0,0.102,-1.215,-1.333,1.867,-0.628,-1.763,-3.073,2.911,6.210368121934062,,6.210368121934062
399,,,,,,,,,,,,,,,,,,,,,,,,,,,,268,Noe Ramirez,ANA| ARI,RIGHT,RP,21.0,0,21,15,7,7,2,9,14,1,0,0,0,0,3.0,1.143,6,1,0.286,-1.215,-1.752,-0.503,0.266,0.119,-3.085,2.899,6.184767154066248,,6.184767154066248
400,,,,,,,,,,,,,,,,,,,,,,,,,,,,269,Cole Sulser,TBA| BAL| MIA| ARI| NYN,RIGHT,RP,22.666666666666668,0,19,17,18,14,2,17,19,1,5,5,0,0,5.559,1.5,2,0,0.088,-1.215,-1.52,0.813,-0.59,-0.576,-3.088,2.896,6.1783669120992935,,6.1783669120992935
401,,,,,,,,,,,,,,,,,,,,,,,,,,,,270,Pedro Baez,LAN| HOU,RIGHT,RP,17.0,0,18,10,8,6,2,7,13,0,0,2,0,0,3.176,1.0,1,0,0.059,-1.793,-1.799,0.023,0.17,0.308,-3.09,2.894,6.174100084121324,,6.174100084121324
402,138,Aaron Judge,NYA,28,2,RIGHT,114,101,26,23,9,22,10,0,1,0.257,RF,-0.812,0.061,-0.622,-1.0,-0.088,-2.461,2.275,4.736,6.172265138239013,,,,,,,,,,,,,,,,,,,,,,,,,,,,,,,,,,,6.172265138239013
403,,,,,,,,,,,,,,,,,,,,,,,,,,,,271,Gregory Soto,BAL| NYN| DET| PHI,LEFT,RP,23.0,0,27,16,11,11,2,13,29,0,1,2,0,0,4.304,1.261,2,0,0.087,-1.793,-1.054,0.023,-0.162,-0.106,-3.092,2.892,6.169833256143355,,6.169833256143355
404,140,Manuel Margot,DET| TBA| MIN,44,7,RIGHT,159,145,39,19,1,11,13,12,4,0.269,CF| LF| RF,-1.321,-1.895,-1.803,2.411,0.113,-2.495,2.241,4.736,6.080020296612583,,,,,,,,,,,,,,,,,,,,,,,,,,,,,,,,,,,6.080020296612583
405,,,,,,,,,,,,,,,,,,,,,,,,,,,,272,Mitch Keller,PIT,RIGHT,SP,21.666666666666664,5,5,9,7,7,4,18,16,1,1,0,0,0,2.908,1.246,1,1,0.046,-1.215,-1.659,-0.503,0.305,-0.072,-3.145,2.839,6.056762314727173,,6.056762314727173
406,,,,,,,,,,,,,,,,,,,,,,,,,,,,273,Junior Guerra,ARI| ANA,RIGHT,RP,23.66666666666667,0,25,17,10,8,1,15,21,1,2,0,0,0,3.042,1.352,0,0,0.0,-1.215,-1.427,-0.503,0.285,-0.297,-3.157,2.827,6.031161346859359,,6.031161346859359
407,,,,,,,,,,,,,,,,,,,,,,,,,,,,274,Cody Ponce,PIT,RIGHT,SP| RP,17.0,3,5,12,7,6,5,6,12,1,1,0,0,0,3.176,1.059,0,1,0.0,-1.215,-1.845,-0.503,0.17,0.221,-3.173,2.811,5.997026723035606,,5.997026723035606
408,104,Willy Adames,SFN| TBA| MIL,53,7,RIGHT,205,185,48,29,8,23,20,2,1,0.259,SS,-0.049,-0.183,-0.515,-0.432,-0.107,-1.286,2.207,3.493,5.987775454986154,,,,,,,,,,,,,,,,,,,,,,,,,,,,,,,,,,,5.987775454986154
409,,,,,,,,,,,,,,,,,,,,,,,,,,,,275,Tommy Hunter,PHI| NYN,RIGHT,RP,24.66666666666667,0,24,22,11,11,2,6,25,0,1,1,0,0,4.013,1.135,2,1,0.081,-1.793,-1.24,-0.24,-0.065,0.157,-3.182,2.802,5.977825997134745,,5.977825997134745
410,,,,,,,,,,,,,,,,,,,,,,,,,,,,276,Ryan Brasier,CHN| BOS| LAN,RIGHT,RP,25.0,1,25,24,12,11,2,11,30,1,0,0,0,0,3.96,1.4,0,1,0.0,-1.215,-1.008,-0.503,-0.046,-0.418,-3.19,2.794,5.960758685222868,,5.960758685222868
411,141,Kyle Schwarber,PHI| CHN| BOS| WAS,59,4,LEFT,224,191,36,30,11,24,30,1,0,0.188,DH| LF,0.078,0.55,-0.408,-0.716,-2.046,-2.541,2.195,4.736,5.955218452059179,,,,,,,,,,,,,,,,,,,,,,,,,,,,,,,,,,,5.955218452059179
412,,,,,,,,,,,,,,,,,,,,,,,,,,,,277,Ryan Borucki,PIT| TOR| SEA,LEFT,RP,16.666666666666664,0,21,12,5,5,1,12,21,1,1,0,0,0,2.7,1.44,0,0,0.0,-1.215,-1.427,-0.503,0.287,-0.337,-3.195,2.789,5.9500916152779455,,5.9500916152779455
413,,,,,,,,,,,,,,,,,,,,,,,,,,,,278,Kyle Freeland,COL,LEFT,SP,70.66666666666667,13,13,77,34,34,9,23,46,2,3,0,0,0,4.33,1.415,3,0,0.042,-0.638,-0.263,-0.503,-0.526,-1.274,-3.205,2.779,5.9287574753881,,5.9287574753881
414,,,,,,,,,,,,,,,,,,,,,,,,,,,,279,Scott Alexander,COL| SFN| LAN| OAK,LEFT,RP,12.333333333333334,0,13,9,6,4,2,9,9,2,0,0,0,0,2.919,1.46,0,0,0.0,-0.638,-1.985,-0.503,0.171,-0.27,-3.224,2.76,5.888222609597393,,5.888222609597393
415,,,,,,,,,,,,,,,,,,,,,,,,,,,,280,Dan Altavilla,CHA| SDN| SEA| KCA,RIGHT,RP,20.33333333333333,0,22,18,14,13,3,12,24,2,3,1,0,0,5.754,1.475,3,0,0.148,-0.638,-1.287,-0.24,-0.589,-0.474,-3.227,2.757,5.88182236763044,,5.88182236763044
416,,,,,,,,,,,,,,,,,,,,,,,,,,,,281,Joe Jimenez,DET| ATL,RIGHT,RP,22.666666666666668,0,25,25,19,18,7,6,22,1,3,5,0,0,7.147,1.368,4,0,0.176,-1.215,-1.38,0.813,-1.134,-0.315,-3.231,2.753,5.873288711674501,,5.873288711674501
417,,,,,,,,,,,,,,,,,,,,,,,,,,,,282,Brett Martin,TEX,LEFT,RP,14.666666666666666,0,15,8,5,3,2,9,8,1,1,0,0,0,1.841,1.159,0,0,0.0,-1.215,-2.031,-0.503,0.443,0.062,-3.244,2.74,5.845554329817701,,5.845554329817701
418,,,,,,,,,,,,,,,,,,,,,,,,,,,,283,Wes Benjamin,TEX,LEFT,RP,22.33333333333333,1,8,24,12,12,4,7,21,2,1,0,0,0,4.836,1.388,1,0,0.045,-0.638,-1.427,-0.503,-0.337,-0.35,-3.255,2.729,5.822086775938872,,5.822086775938872
419,,,,,,,,,,,,,,,,,,,,,,,,,,,,284,Ross Detwiler,CHA| MIA| SDN| CIN,LEFT,RP,19.666666666666668,0,16,19,8,7,2,5,15,1,1,0,0,0,3.203,1.22,1,2,0.051,-1.215,-1.706,-0.503,0.189,-0.021,-3.257,2.727,5.817819947960902,,5.817819947960902
420,,,,,,,,,,,,,,,,,,,,,,,,,,,,285,Conner Menez,SFN| CHN,LEFT,RP,11.333333333333332,0,7,6,4,3,2,5,8,1,0,0,0,0,2.382,0.971,0,0,0.0,-1.215,-2.031,-0.503,0.25,0.234,-3.266,2.718,5.798619222060041,,5.798619222060041
421,,,,,,,,,,,,,,,,,,,,,,,,,,,,286,Keegan Akin,BAL,LEFT,SP| RP,25.666666666666664,6,8,27,17,13,3,10,35,1,2,0,0,0,4.558,1.442,0,0,0.0,-1.215,-0.775,-0.503,-0.28,-0.522,-3.295,2.689,5.736750216379489,,5.736750216379489
422,,,,,,,,,,,,,,,,,,,,,,,,,,,,287,Tarik Skubal,DET,LEFT,SP,32.0,7,8,28,21,20,9,11,37,1,4,0,0,0,5.625,1.219,3,0,0.094,-1.215,-0.682,-0.503,-0.865,-0.03,-3.295,2.689,5.736750216379489,,5.736750216379489
423,,,,,,,,,,,,,,,,,,,,,,,,,,,,288,Jake Newberry,KCA,RIGHT,RP,22.0,0,20,20,12,10,3,12,24,1,0,1,0,0,4.091,1.454,0,0,0.0,-1.215,-1.287,-0.24,-0.084,-0.472,-3.299,2.685,5.728216560423551,,5.728216560423551
424,,,,,,,,,,,,,,,,,,,,,,,,,,,,289,Erick Fedde,ATL| MIL| SLN| WAS| CHA,RIGHT,SP| RP,50.333333333333336,8,11,47,25,24,10,22,28,2,4,0,0,0,4.291,1.371,5,2,0.099,-0.638,-1.101,-0.503,-0.345,-0.714,-3.301,2.683,5.723949732445582,,5.723949732445582
425,,,,,,,,,,,,,,,,,,,,,,,,,,,,290,Lou Trivino,LAN| PHI| SFN| OAK| NYA,RIGHT,RP,23.333333333333336,0,20,16,10,10,3,10,26,0,0,0,0,0,3.857,1.114,1,1,0.043,-1.793,-1.194,-0.503,-0.007,0.19,-3.306,2.678,5.713282662500659,,5.713282662500659
426,109,Donovan Solano,SEA| TEX| SFN| CIN| MIN| SDN,51,3,RIGHT,203,190,62,22,3,29,10,0,0,0.326,2B,-0.939,-1.406,0.129,-1.0,1.704,-1.512,2.096,3.608,5.686623177911636,,,,,,,,,,,,,,,,,,,,,,,,,,,,,,,,,,,5.686623177911636
427,,,,,,,,,,,,,,,,,,,,,,,,,,,,291,Adam Plutko,CLE| BAL,RIGHT,SP| RP,27.666666666666664,4,10,30,15,15,5,7,15,2,2,1,0,0,4.88,1.337,1,0,0.036,-0.638,-1.706,-0.24,-0.436,-0.312,-3.331,2.653,5.659947312776045,,5.659947312776045
428,,,,,,,,,,,,,,,,,,,,,,,,,,,,292,Brad Boxberger,MIA| MIL| CHN,RIGHT,RP,18.000000000000004,0,23,17,7,6,3,8,18,1,0,0,0,0,3.0,1.389,0,0,0.0,-1.215,-1.566,-0.503,0.228,-0.284,-3.34,2.644,5.640746586875184,,5.640746586875184
429,242,Kevin Plawecki,BOS| TEX,23,5,RIGHT,89,82,28,8,1,17,5,1,0,0.341,CC,-2.72,-1.895,-1.159,-0.716,0.913,-5.577,2.0730000000000004,7.65,5.624222255634934,,,,,,,,,,,,,,,,,,,,,,,,,,,,,,,,,,,5.624222255634934
430,,,,,,,,,,,,,,,,,,,,,,,,,,,,293,Johnny Cueto,SFN| CHA| MIA| ANA,RIGHT,SP,63.333333333333336,12,12,61,41,38,9,26,56,2,3,0,0,0,5.4,1.374,2,0,0.032,-0.638,0.202,-0.503,-1.496,-0.914,-3.349,2.635,5.621545860974322,,5.621545860974322
431,,,,,,,,,,,,,,,,,,,,,,,,,,,,294,John Gant,SLN| MIN,RIGHT,RP,14.999999999999998,0,17,9,6,4,0,7,18,0,3,0,0,0,2.4,1.067,0,0,0.0,-1.793,-1.566,-0.503,0.326,0.185,-3.351,2.633,5.617279032996354,,5.617279032996354
432,,,,,,,,,,,,,,,,,,,,,,,,,,,,295,Kyle McGowin,WAS,RIGHT,RP,11.0,0,9,9,6,6,2,5,16,1,0,1,0,0,4.909,1.273,1,0,0.091,-1.215,-1.659,-0.24,-0.178,-0.062,-3.355,2.629,5.608745377040416,,5.608745377040416
433,,,,,,,,,,,,,,,,,,,,,,,,,,,,296,JT Brubaker,NYA| SFN| PIT,RIGHT,SP| RP,47.33333333333333,9,11,48,27,26,6,17,48,1,3,0,0,0,4.944,1.373,2,2,0.042,-1.215,-0.17,-0.503,-0.792,-0.681,-3.361,2.623,5.595944893106507,,5.595944893106507
434,107,Mitch Moreland,BOS| SDN| OAK,42,5,LEFT,152,136,36,22,10,29,15,0,0,0.265,1B,-0.939,0.306,0.129,-1.0,0.024,-1.481,2.06,3.541,5.588952169130709,,,,,,,,,,,,,,,,,,,,,,,,,,,,,,,,,,,5.588952169130709
435,,,,,,,,,,,,,,,,,,,,,,,,,,,,297,Joely Rodriguez,TEX| NYA| NYN| BOS,LEFT,RP,12.666666666666666,0,12,8,3,3,0,5,17,0,0,0,0,0,2.132,1.026,1,0,0.079,-1.793,-1.613,-0.503,0.327,0.2,-3.381,2.603,5.553276613326817,,5.553276613326817
436,,,,,,,,,,,,,,,,,,,,,,,,,,,,298,Buck Farmer,DET| CIN,RIGHT,RP,21.33333333333333,0,23,20,9,9,3,5,14,1,0,0,0,0,3.797,1.172,2,0,0.094,-1.215,-1.752,-0.503,0.013,0.067,-3.39,2.594,5.534075887425956,,5.534075887425956
437,,,,,,,,,,,,,,,,,,,,,,,,,,,,299,Kris Bubic,KCA,LEFT,SP,50.0,10,10,52,29,24,8,22,49,1,6,0,0,0,4.32,1.48,1,0,0.02,-1.215,-0.124,-0.503,-0.365,-1.184,-3.391,2.593,5.531942473436971,,5.531942473436971
438,,,,,,,,,,,,,,,,,,,,,,,,,,,,300,Jimmy Herget,COL| TEX| ANA| ATL,RIGHT,RP,19.666666666666668,1,20,13,7,7,2,14,17,1,0,0,0,0,3.203,1.373,1,0,0.051,-1.215,-1.613,-0.503,0.189,-0.282,-3.425,2.559,5.459406397811496,,5.459406397811496
439,146,Jon Berti,CHN| MIA| NYA,37,1,RIGHT,149,120,31,21,2,14,23,9,2,0.258,CF| RF| 2B,-1.066,-1.651,-1.481,1.558,-0.088,-2.729,2.007,4.736,5.44515873953657,,,,,,,,,,,,,,,,,,,,,,,,,,,,,,,,,,,5.44515873953657
440,,,,,,,,,,,,,,,,,,,,,,,,,,,,301,Justin Verlander,SFN| HOU| NYN,RIGHT,P,6.0,1,1,3,2,2,2,1,7,1,0,0,0,0,3.0,0.667,0,0,0.0,-1.215,-2.078,-0.503,0.076,0.283,-3.437,2.547,5.433805429943681,,5.433805429943681
441,108,Brandon Crawford,SFN| SLN,53,7,LEFT,193,172,44,26,8,28,15,1,2,0.256,SS,-0.431,-0.183,0.022,-0.716,-0.189,-1.497,1.996,3.493,5.415314820186843,,,,,,,,,,,,,,,,,,,,,,,,,,,,,,,,,,,5.415314820186843
442,249,Yadier Molina,SLN,42,6,RIGHT,156,145,38,12,4,16,6,0,0,0.262,CC,-2.211,-1.162,-1.267,-1.0,-0.03,-5.669,1.9810000000000008,7.65,5.374618566528127,,,,,,,,,,,,,,,,,,,,,,,,,,,,,,,,,,,5.374618566528127
443,,,,,,,,,,,,,,,,,,,,,,,,,,,,302,Ryan Thompson,ARI| TBA,RIGHT,RP,26.33333333333333,1,25,29,15,13,4,8,23,1,2,1,0,0,4.443,1.405,1,0,0.038,-1.215,-1.333,-0.24,-0.241,-0.452,-3.482,2.502,5.337801800439375,,5.337801800439375
444,,,,,,,,,,,,,,,,,,,,,,,,,,,,303,Craig Kimbrel,ATL| HOU| CHN| CHA| LAN| PHI| BAL,RIGHT,RP,15.333333333333334,0,18,10,9,9,2,12,28,0,1,2,0,0,5.283,1.435,2,0,0.13,-1.793,-1.101,0.023,-0.335,-0.303,-3.508,2.476,5.2823330367257775,,5.2823330367257775
445,157,Ryan McMahon,COL| NYA,52,6,LEFT,193,172,37,23,9,26,18,0,1,0.215,2B| 1B| 3B,-0.812,0.061,-0.193,-1.0,-1.188,-3.132,1.932,5.064,5.241677471242976,,,,,,,,,,,,,,,,,,,,,,,,,,,,,,,,,,,5.241677471242976
446,,,,,,,,,,,,,,,,,,,,,,,,,,,,304,Tyler Chatwood,CHN| SFN| TOR,RIGHT,SP,18.666666666666668,5,5,22,11,11,2,9,25,2,2,0,0,0,5.304,1.661,2,0,0.107,-0.638,-1.24,-0.503,-0.414,-0.736,-3.531,2.453,5.233264514979132,,5.233264514979132
447,,,,,,,,,,,,,,,,,,,,,,,,,,,,305,T. J. Zeuch,TOR| CIN,RIGHT,RP,11.333333333333334,1,3,9,2,2,1,4,3,1,0,0,0,0,1.588,1.147,0,0,0.0,-1.215,-2.264,-0.503,0.386,0.06,-3.537,2.447,5.220464031045225,,5.220464031045225
448,158,Brad Miller,SLN| PHI| TEX,48,4,LEFT,171,142,33,21,7,25,25,1,0,0.232,DH| 3B,-1.066,-0.428,-0.3,-0.716,-0.631,-3.141,1.923,5.064,5.217259719047746,,,,,,,,,,,,,,,,,,,,,,,,,,,,,,,,,,,5.217259719047746
449,,,,,,,,,,,,,,,,,,,,,,,,,,,,306,Phillips Valdez,BOS,RIGHT,RP,30.333333333333336,0,24,33,16,11,3,16,30,1,1,0,0,0,3.264,1.615,2,1,0.066,-1.215,-1.008,-0.503,0.263,-1.076,-3.539,2.445,5.216197203067256,,5.216197203067256
450,,,,,,,,,,,,,,,,,,,,,,,,,,,,307,Tyler Zuber,MIA| NYN| KCA| TBA,RIGHT,RP,22.0,0,23,15,11,10,4,20,30,1,2,0,0,0,4.091,1.591,0,0,0.0,-1.215,-1.008,-0.503,-0.084,-0.734,-3.544,2.44,5.205530133122333,,5.205530133122333
451,,,,,,,,,,,,,,,,,,,,,,,,,,,,308,Jonathan Holder,NYA,RIGHT,RP,21.666666666666664,0,18,25,13,12,3,11,14,3,0,0,0,0,4.985,1.661,0,0,0.0,-0.06,-1.752,-0.503,-0.376,-0.856,-3.547,2.437,5.199129891155379,,5.199129891155379
452,,,,,,,,,,,,,,,,,,,,,,,,,,,,309,Adam Ottavino,NYA| BOS| NYN,RIGHT,RP,18.33333333333333,0,24,20,12,12,2,9,25,2,3,0,0,0,5.891,1.582,4,0,0.218,-0.638,-1.24,-0.503,-0.569,-0.597,-3.547,2.437,5.199129891155379,,5.199129891155379
453,,,,,,,,,,,,,,,,,,,,,,,,,,,,310,Luis Cessa,NYA| CIN,RIGHT,RP,21.666666666666664,0,16,20,10,8,2,7,17,0,0,1,0,0,3.323,1.246,0,1,0.0,-1.793,-1.613,-0.24,0.169,-0.072,-3.549,2.435,5.194863063177411,,5.194863063177411
454,,,,,,,,,,,,,,,,,,,,,,,,,,,,311,Mike Morin,MIA,RIGHT,RP,4.0,0,3,1,0,0,0,1,2,1,0,0,0,0,0.0,0.5,0,1,0.0,-1.215,-2.311,-0.503,0.232,0.247,-3.55,2.434,5.192729649188426,,5.192729649188426
455,110,Miguel Sano,MIN| ANA,53,5,RIGHT,205,186,38,31,13,25,18,0,0,0.204,1B,0.205,1.039,-0.3,-1.0,-1.572,-1.628,1.913,3.541,5.190128883275267,,,,,,,,,,,,,,,,,,,,,,,,,,,,,,,,,,,5.190128883275267
456,,,,,,,,,,,,,,,,,,,,,,,,,,,,312,Matt Shoemaker,TOR| MIN,RIGHT,SP,28.666666666666668,6,6,22,16,15,8,9,26,0,1,0,0,0,4.709,1.081,2,0,0.07,-1.793,-1.194,-0.503,-0.378,0.316,-3.552,2.432,5.188462821210456,,5.188462821210456
457,,,,,,,,,,,,,,,,,,,,,,,,,,,,313,Ryan Buchter,ANA| ARI,LEFT,RP,6.0,0,10,5,4,3,2,6,8,2,0,0,0,0,4.5,1.833,1,0,0.167,-0.638,-2.031,-0.503,-0.06,-0.327,-3.559,2.425,5.173528923287564,,5.173528923287564
458,,,,,,,,,,,,,,,,,,,,,,,,,,,,314,Darwinzon Hernandez,BOS,LEFT,RP,8.333333333333334,0,7,5,2,2,0,8,13,1,0,0,0,0,2.16,1.56,0,0,0.0,-1.215,-1.799,-0.503,0.212,-0.255,-3.561,2.423,5.169262095309596,,5.169262095309596
459,111,Anthony Rizzo,CHN| NYA,58,2,LEFT,243,203,45,26,11,24,28,3,1,0.222,1B,-0.431,0.55,-0.408,-0.147,-1.212,-1.648,1.893,3.541,5.135867211730308,,,,,,,,,,,,,,,,,,,,,,,,,,,,,,,,,,,5.135867211730308
460,,,,,,,,,,,,,,,,,,,,,,,,,,,,315,Ross Stripling,LAN| TOR| SFN| OAK,RIGHT,SP| RP,49.33333333333334,9,12,56,37,32,13,18,40,3,3,1,0,0,5.838,1.5,2,0,0.041,-0.06,-0.542,-0.24,-1.492,-1.254,-3.589,2.395,5.109526503618028,,5.109526503618028
461,,,,,,,,,,,,,,,,,,,,,,,,,,,,316,Dan Winkler,CHN,RIGHT,RP,18.33333333333333,0,18,11,7,6,3,11,18,0,0,0,0,0,2.946,1.2,0,0,0.0,-1.793,-1.566,-0.503,0.248,0.013,-3.602,2.382,5.081792121761229,,5.081792121761229
462,,,,,,,,,,,,,,,,,,,,,,,,,,,,317,Garrett Crochet,BOS| CHA,LEFT,RP,6.0,0,5,3,0,0,0,0,8,0,0,0,0,0,0.0,0.5,0,0,0.0,-1.793,-2.031,-0.503,0.348,0.37,-3.609,2.375,5.066858223838336,,5.066858223838336
463,,,,,,,,,,,,,,,,,,,,,,,,,,,,318,Travis Bergen,ARI| TOR,LEFT,RP,8.333333333333334,0,8,5,3,3,1,9,11,1,0,1,0,0,3.24,1.68,0,1,0.0,-1.215,-1.892,-0.24,0.075,-0.343,-3.614,2.37,5.056191153893414,,5.056191153893414
464,149,Jason Heyward,SDN| CHN| LAN| HOU,50,6,LEFT,181,147,39,20,6,22,30,2,0,0.265,RF,-1.194,-0.672,-0.622,-0.432,0.038,-2.882,1.854,4.736,5.030056952217638,,,,,,,,,,,,,,,,,,,,,,,,,,,,,,,,,,,5.030056952217638
465,,,,,,,,,,,,,,,,,,,,,,,,,,,,319,Patrick Corbin,TEX| WAS,LEFT,SP,65.66666666666666,11,11,85,35,34,10,18,60,2,7,0,0,0,4.66,1.569,4,2,0.061,-0.638,0.388,-0.503,-0.816,-2.062,-3.631,2.353,5.019923116080676,,5.019923116080676
466,,,,,,,,,,,,,,,,,,,,,,,,,,,,320,Ryan Tepera,CHN| CHA| ANA| SLN,RIGHT,RP,20.666666666666668,0,21,17,9,9,2,12,31,0,1,0,0,0,3.919,1.403,0,0,0.0,-1.793,-0.961,-0.503,-0.025,-0.351,-3.634,2.35,5.013522874113723,,5.013522874113723
467,,,,,,,,,,,,,,,,,,,,,,,,,,,,321,Alex Young,ARI| CLE| SFN| CIN| NYN,LEFT,SP| RP,46.333333333333336,7,15,51,30,28,11,14,39,2,4,0,0,0,5.439,1.403,3,0,0.065,-0.638,-0.589,-0.503,-1.122,-0.786,-3.638,2.346,5.004989218157784,,5.004989218157784
468,,,,,,,,,,,,,,,,,,,,,,,,,,,,322,Jacob Webb,TEX| ATL| ANA| BAL,RIGHT,RP,10.0,0,8,7,2,0,0,5,10,0,0,0,0,0,0.0,1.2,1,0,0.1,-1.793,-1.938,-0.503,0.581,0.007,-3.647,2.337,4.985788492256924,,4.985788492256924
469,255,Jorge Alfaro,WAS| MIA| SDN| BOS| COL,29,9,RIGHT,100,93,21,12,3,16,4,2,0,0.226,CC,-2.211,-1.406,-1.267,-0.432,-0.501,-5.816,1.8340000000000003,7.65,4.975795280672682,,,,,,,,,,,,,,,,,,,,,,,,,,,,,,,,,,,4.975795280672682
470,,,,,,,,,,,,,,,,,,,,,,,,,,,,323,Daniel Castano,MIA,LEFT,SP,29.666666666666664,6,7,30,12,10,3,11,12,1,2,0,0,0,3.034,1.382,0,1,0.0,-1.215,-1.845,-0.503,0.361,-0.45,-3.652,2.332,4.975121422312,,4.975121422312
471,256,Jacob Stallings,BAL| COL| PIT| MIA,40,9,RIGHT,143,125,31,13,3,18,15,0,0,0.248,CC,-2.084,-1.406,-1.052,-1.0,-0.277,-5.818,1.8320000000000007,7.65,4.970369113518187,,,,,,,,,,,,,,,,,,,,,,,,,,,,,,,,,,,4.970369113518187
472,,,,,,,,,,,,,,,,,,,,,,,,,,,,324,Sean Reid-Foley,TOR| NYN,RIGHT,RP,6.666666666666667,0,5,3,3,1,0,6,6,1,0,0,0,0,1.35,1.35,3,0,0.45,-1.215,-2.124,-0.503,0.251,-0.082,-3.674,2.31,4.92818631455434,,4.92818631455434
473,,,,,,,,,,,,,,,,,,,,,,,,,,,,325,Homer Bailey,MIN,RIGHT,SP,8.0,2,2,6,3,3,1,3,7,1,0,0,0,0,3.375,1.125,0,0,0.0,-1.215,-2.078,-0.503,0.056,0.058,-3.683,2.301,4.908985588653479,,4.908985588653479
474,117,Jonathan Schoop,DET,44,2,RIGHT,177,162,45,26,8,23,8,0,0,0.278,2B,-0.431,-0.183,-0.515,-1.0,0.33,-1.799,1.809,3.608,4.907968191241483,,,,,,,,,,,,,,,,,,,,,,,,,,,,,,,,,,,4.907968191241483
475,,,,,,,,,,,,,,,,,,,,,,,,,,,,326,Nik Turley,PIT,LEFT,RP,21.66666666666667,0,25,13,13,12,1,11,20,0,3,1,0,0,4.985,1.108,0,0,0.0,-1.793,-1.473,-0.24,-0.376,0.189,-3.692,2.292,4.8897848627526175,,4.8897848627526175
476,114,Joey Votto,CIN,54,3,LEFT,223,186,42,32,11,22,37,0,0,0.226,1B,0.332,0.55,-0.622,-1.0,-1.001,-1.741,1.7999999999999998,3.541,4.883550439046251,,,,,,,,,,,,,,,,,,,,,,,,,,,,,,,,,,,4.883550439046251
477,,,,,,,,,,,,,,,,,,,,,,,,,,,,327,Tyler Kinley,ATL| COL,RIGHT,RP,23.666666666666668,0,24,13,15,14,2,12,26,0,2,0,0,0,5.324,1.056,0,0,0.0,-1.793,-1.194,-0.503,-0.532,0.313,-3.709,2.275,4.85351682493988,,4.85351682493988
478,259,Wilson Ramos,NYN| CLE| DET,45,8,RIGHT,155,142,34,13,5,15,10,0,0,0.239,CC,-2.084,-0.917,-1.374,-1.0,-0.488,-5.863,1.787,7.65,4.848280352542028,,,,,,,,,,,,,,,,,,,,,,,,,,,,,,,,,,,4.848280352542028
479,,,,,,,,,,,,,,,,,,,,,,,,,,,,328,Mitch White,LAN| TOR| MIL| SFN,RIGHT,RP,3.0,0,2,1,0,0,0,1,2,1,0,0,0,0,0.0,0.667,1,0,0.333,-1.215,-2.311,-0.503,0.174,0.141,-3.713,2.271,4.8449831689839415,,4.8449831689839415
480,,,,,,,,,,,,,,,,,,,,,,,,,,,,329,Edinson Volquez,TEX,RIGHT,RP,5.666666666666667,0,7,6,4,4,0,2,3,2,1,0,0,0,6.353,1.412,1,0,0.176,-0.638,-2.264,-0.503,-0.216,-0.101,-3.721,2.263,4.827915857072065,,4.827915857072065
481,,,,,,,,,,,,,,,,,,,,,,,,,,,,330,Cam Bedrosian,ANA| CIN| OAK| PHI,RIGHT,RP,14.66666666666667,0,11,10,4,4,0,6,11,0,0,0,0,0,2.454,1.091,3,2,0.205,-1.793,-1.892,-0.503,0.307,0.15,-3.731,2.253,4.80658171718222,,4.80658171718222
482,,,,,,,,,,,,,,,,,,,,,,,,,,,,331,Ben Braymer,WAS,LEFT,RP,7.333333333333333,1,3,7,1,1,0,5,8,1,0,0,0,0,1.227,1.636,0,0,0.0,-1.215,-2.031,-0.503,0.29,-0.274,-3.734,2.25,4.8001814752152665,,4.8001814752152665
483,,,,,,,,,,,,,,,,,,,,,,,,,,,,332,Jordan Weems,HOU| OAK| ARI| WAS,RIGHT,RP,14.0,0,9,10,5,5,1,7,18,0,0,0,0,0,3.214,1.214,0,0,0.0,-1.793,-1.566,-0.503,0.132,-0.008,-3.738,2.246,4.791647819259328,,4.791647819259328
484,,,,,,,,,,,,,,,,,,,,,,,,,,,,333,Ryan Weber,BOS| MIL| SEA| NYA,RIGHT,SP| RP,43.0,5,17,44,23,21,8,14,27,1,3,0,0,0,4.395,1.349,1,1,0.023,-1.215,-1.147,-0.503,-0.362,-0.527,-3.756,2.228,4.753246367457606,,4.753246367457606
485,,,,,,,,,,,,,,,,,,,,,,,,,,,,334,Anthony Misiewicz,MIN| SEA| KCA| ARI| DET| NYA,LEFT,RP,20.0,0,21,20,9,9,2,6,25,0,2,0,0,0,4.05,1.3,1,0,0.05,-1.793,-1.24,-0.503,-0.064,-0.16,-3.761,2.223,4.742579297512682,,4.742579297512682
486,,,,,,,,,,,,,,,,,,,,,,,,,,,,335,Dean Kremer,BAL,RIGHT,SP,18.666666666666668,4,4,15,10,10,0,12,22,1,1,0,0,0,4.821,1.446,0,0,0.0,-1.215,-1.38,-0.503,-0.278,-0.388,-3.764,2.22,4.73617905554573,,4.73617905554573
487,118,Colin Moran,PIT| CIN,52,4,LEFT,200,178,44,28,10,23,19,0,0,0.247,DH| 1B,-0.176,0.306,-0.515,-1.0,-0.414,-1.8,1.741,3.541,4.723478507988625,,,,,,,,,,,,,,,,,,,,,,,,,,,,,,,,,,,4.723478507988625
488,,,,,,,,,,,,,,,,,,,,,,,,,,,,336,Justin Topa,MIN| MIL| SEA,RIGHT,RP,7.666666666666666,0,6,7,3,2,1,0,12,0,1,0,0,0,2.348,0.913,1,0,0.13,-1.793,-1.845,-0.503,0.173,0.197,-3.772,2.212,4.719111743633853,,4.719111743633853
489,121,Cesar Hernandez,CLE| CHA| WAS,58,1,SWITCH,261,233,66,35,3,20,24,0,0,0.283,2B,0.714,-1.406,-0.837,-1.0,0.658,-1.872,1.736,3.608,4.709913090102385,,,,,,,,,,,,,,,,,,,,,,,,,,,,,,,,,,,4.709913090102385
490,,,,,,,,,,,,,,,,,,,,,,,,,,,,337,Ryan Helsley,NYN| SLN,RIGHT,RP,12.0,0,12,8,8,7,3,8,10,1,1,1,0,0,5.25,1.333,0,0,0.0,-1.215,-1.938,-0.24,-0.256,-0.131,-3.781,2.203,4.699911017732991,,4.699911017732991
491,,,,,,,,,,,,,,,,,,,,,,,,,,,,338,Dennis Santana,PIT| LAN| TEX| NYN| NYA,RIGHT,RP,17.0,0,12,15,11,10,4,7,18,1,2,0,0,0,5.294,1.294,1,0,0.059,-1.215,-1.566,-0.503,-0.374,-0.127,-3.786,2.198,4.689243947788069,,4.689243947788069
492,,,,,,,,,,,,,,,,,,,,,,,,,,,,339,Carl Edwards,ANA| TEX| SEA| ATL| TOR| WAS| SDN,RIGHT,RP,4.666666666666666,0,5,2,1,1,0,1,6,0,0,1,0,0,1.929,0.643,1,0,0.214,-1.793,-2.124,-0.24,0.135,0.23,-3.793,2.191,4.674310049865176,,4.674310049865176
493,151,Corey Dickerson,MIA| TOR| SLN| WAS,52,1,LEFT,210,194,50,25,7,17,15,1,1,0.258,LF,-0.558,-0.428,-1.159,-0.716,-0.16,-3.02,1.7159999999999995,4.736,4.655651418557426,,,,,,,,,,,,,,,,,,,,,,,,,,,,,,,,,,,4.655651418557426
494,266,Carson Kelly,CHN| ARI| DET| TEX,38,9,RIGHT,129,122,27,11,5,19,6,0,0,0.221,CC,-2.338,-0.917,-0.945,-1.0,-0.735,-5.935,1.7150000000000007,7.65,4.65293833498018,,,,,,,,,,,,,,,,,,,,,,,,,,,,,,,,,,,4.65293833498018
495,,,,,,,,,,,,,,,,,,,,,,,,,,,,340,Joey Gerber,TBA| SEA,RIGHT,RP,15.666666666666666,0,17,13,8,7,1,5,6,1,1,0,0,0,4.021,1.149,1,0,0.064,-1.215,-2.124,-0.503,-0.043,0.081,-3.806,2.178,4.646575668008378,,4.646575668008378
496,152,Ramon Laureano,BAL| SDN| OAK| CLE| ATL,54,2,RIGHT,222,183,39,27,6,25,24,2,1,0.213,CF,-0.304,-0.672,-0.3,-0.432,-1.317,-3.024,1.7119999999999995,4.736,4.644799084248434,,,,,,,,,,,,,,,,,,,,,,,,,,,,,,,,,,,4.644799084248434
497,163,Yoan Moncada,ANA| CHA,52,2,SWITCH,231,200,45,28,6,24,28,0,0,0.225,3B,-0.176,-0.672,-0.408,-1.0,-1.099,-3.356,1.7080000000000002,5.064,4.633946749939444,,,,,,,,,,,,,,,,,,,,,,,,,,,,,,,,,,,4.633946749939444
498,,,,,,,,,,,,,,,,,,,,,,,,,,,,341,T. J. McFarland,ATH| OAK| SLN| NYN,LEFT,RP,20.666666666666668,0,23,26,10,10,5,5,9,2,0,0,0,0,4.355,1.5,1,1,0.048,-0.638,-1.985,-0.503,-0.162,-0.526,-3.813,2.171,4.631641770085485,,4.631641770085485
499,,,,,,,,,,,,,,,,,,,,,,,,,,,,342,Caleb Smith,ARI| MIA,LEFT,SP,14.0,4,5,6,4,4,3,12,15,0,0,0,0,0,2.571,1.286,2,1,0.143,-1.793,-1.706,-0.503,0.268,-0.095,-3.828,2.156,4.599640560250718,,4.599640560250718
500,168,Yoshi Tsutsugo,TBA| LAN| PIT,51,4,LEFT,185,157,31,27,8,24,26,0,0,0.197,LF| 3B| DH,-0.304,-0.183,-0.408,-1.0,-1.481,-3.375,1.689,5.064,4.582398161971733,,,,,,,,,,,,,,,,,,,,,,,,,,,,,,,,,,,4.582398161971733
501,,,,,,,,,,,,,,,,,,,,,,,,,,,,343,Casey Sadler,CHN| SEA,RIGHT,RP,19.33333333333333,0,17,15,13,11,3,12,21,1,2,0,0,0,5.121,1.397,1,0,0.052,-1.215,-1.427,-0.503,-0.375,-0.317,-3.838,2.146,4.578306420360871,,4.578306420360871
502,,,,,,,,,,,,,,,,,,,,,,,,,,,,344,Taylor Hearn,TEX| ATL| KCA,LEFT,RP,17.333333333333332,0,14,13,8,7,2,11,23,0,0,0,0,0,3.635,1.385,2,1,0.115,-1.793,-1.333,-0.503,0.053,-0.267,-3.843,2.141,4.5676393504159485,,4.5676393504159485
503,,,,,,,,,,,,,,,,,,,,,,,,,,,,345,Pat Venditte,MIA,LEFT,RP,4.333333333333333,0,3,1,0,0,0,0,5,0,0,0,0,0,0.0,0.231,0,0,0.0,-1.793,-2.171,-0.503,0.252,0.369,-3.847,2.137,4.55910569446001,,4.55910569446001
504,,,,,,,,,,,,,,,,,,,,,,,,,,,,346,Logan Webb,SFN,RIGHT,SP| RP,54.33333333333334,11,13,61,38,33,4,24,46,3,4,0,0,0,5.466,1.564,7,4,0.129,-0.06,-0.263,-0.503,-1.338,-1.686,-3.851,2.133,4.550572038504073,,4.550572038504073
505,,,,,,,,,,,,,,,,,,,,,,,,,,,,347,Luis Garcia,HOU,RIGHT,RP,12.333333333333334,1,5,7,4,4,1,5,9,0,1,0,0,0,2.919,0.973,0,0,0.0,-1.793,-1.985,-0.503,0.171,0.252,-3.857,2.127,4.537771554570164,,4.537771554570164
506,,,,,,,,,,,,,,,,,,,,,,,,,,,,348,Anthony Kay,TOR| CHN| NYN,LEFT,RP,21.000000000000004,0,13,22,13,12,3,14,22,2,0,0,0,0,5.143,1.714,0,1,0.0,-0.638,-1.38,-0.503,-0.414,-0.926,-3.861,2.123,4.529237898614226,,4.529237898614226
507,154,Stephen Piscotty,OAK,44,7,RIGHT,171,159,36,17,5,29,9,4,0,0.226,RF,-1.575,-0.917,0.129,0.137,-0.842,-3.068,1.6679999999999997,4.736,4.525423406849526,,,,,,,,,,,,,,,,,,,,,,,,,,,,,,,,,,,4.525423406849526
508,,,,,,,,,,,,,,,,,,,,,,,,,,,,349,Geoff Hartlieb,DET| NYA| PIT| NYN| MIA| COL,RIGHT,RP,22.333333333333336,0,21,16,11,9,1,19,19,1,0,0,0,0,3.627,1.567,0,0,0.0,-1.215,-1.52,-0.503,0.071,-0.699,-3.865,2.119,4.520704242658288,,4.520704242658288
509,155,Hunter Dozier,KCA,44,2,RIGHT,186,158,36,29,6,12,27,4,0,0.228,RF| 1B,-0.049,-0.672,-1.696,0.137,-0.804,-3.085,1.6509999999999998,4.736,4.479300986036312,,,,,,,,,,,,,,,,,,,,,,,,,,,,,,,,,,,4.479300986036312
510,,,,,,,,,,,,,,,,,,,,,,,,,,,,350,Jake Woodford,ARI| SLN| CHA| PIT,RIGHT,RP,21.0,1,12,20,13,13,7,5,16,1,0,0,0,0,5.571,1.19,0,0,0.0,-1.215,-1.659,-0.503,-0.551,0.032,-3.896,2.088,4.454568408999768,,4.454568408999768
511,,,,,,,,,,,,,,,,,,,,,,,,,,,,351,Jace Fry,CHA,LEFT,RP,19.666666666666664,0,18,16,9,8,3,12,24,0,1,0,0,0,3.661,1.424,0,1,0.0,-1.793,-1.287,-0.503,0.053,-0.369,-3.9,2.084,4.446034753043829,,4.446034753043829
512,,,,,,,,,,,,,,,,,,,,,,,,,,,,352,Vince Velasquez,PHI| SDN| CHA| PIT,RIGHT,SP| RP,34.0,7,9,36,21,21,5,17,46,1,1,0,0,0,5.559,1.559,1,1,0.029,-1.215,-0.263,-0.503,-0.885,-1.039,-3.906,2.078,4.433234269109921,,4.433234269109921
513,,,,,,,,,,,,,,,,,,,,,,,,,,,,353,Bryse Wilson,CHA| ATL| PIT| MIL,RIGHT,SP| RP,15.666666666666668,2,6,18,7,7,2,9,15,1,0,1,0,0,4.021,1.723,0,0,0.0,-1.215,-1.706,-0.24,-0.043,-0.703,-3.907,2.077,4.4311008551209365,,4.4311008551209365
514,,,,,,,,,,,,,,,,,,,,,,,,,,,,354,Nick Pivetta,SDN| BOS| PHI,RIGHT,SP| RP,15.666666666666668,2,5,18,12,12,4,6,17,2,0,0,0,0,6.894,1.532,1,0,0.064,-0.638,-1.613,-0.503,-0.724,-0.442,-3.919,2.065,4.4054998872531215,,4.4054998872531215
515,,,,,,,,,,,,,,,,,,,,,,,,,,,,355,Kyle Ryan,CHN,LEFT,RP,15.666666666666668,0,18,16,9,9,5,6,11,1,0,1,0,0,5.17,1.404,1,0,0.064,-1.215,-1.892,-0.24,-0.316,-0.268,-3.93,2.054,4.382032333374291,,4.382032333374291
516,,,,,,,,,,,,,,,,,,,,,,,,,,,,356,Alex Claudio,MIL| ANA| NYN,LEFT,RP,19.0,0,20,18,10,9,2,6,15,0,0,1,0,0,4.263,1.263,0,0,0.0,-1.793,-1.706,-0.24,-0.122,-0.091,-3.952,2.032,4.335097225616631,,4.335097225616631
517,,,,,,,,,,,,,,,,,,,,,,,,,,,,357,Devin Smeltzer,MIN| MIA,LEFT,RP,16.0,1,7,19,12,12,2,5,15,2,0,0,0,0,6.75,1.5,0,1,0.0,-0.638,-1.706,-0.503,-0.705,-0.407,-3.958,2.026,4.322296741682724,,4.322296741682724
518,,,,,,,,,,,,,,,,,,,,,,,,,,,,358,Duane Underwood,CHN| PIT,RIGHT,RP,20.666666666666664,0,17,25,13,13,5,6,27,1,0,0,0,0,5.661,1.5,3,0,0.145,-1.215,-1.147,-0.503,-0.57,-0.526,-3.961,2.023,4.3158964997157705,,4.3158964997157705
519,173,J. D. Davis,ANA| NYN| SFN| NYA| OAK,56,3,RIGHT,229,190,47,26,6,19,31,0,0,0.247,3B| LF| DH,-0.431,-0.672,-0.945,-1.0,-0.438,-3.485,1.5790000000000002,5.064,4.283958968474463,,,,,,,,,,,,,,,,,,,,,,,,,,,,,,,,,,,4.283958968474463
520,,,,,,,,,,,,,,,,,,,,,,,,,,,,359,Nabil Crismatt,ARI| SLN| SDN| LAN,RIGHT,RP,8.333333333333332,0,6,6,3,3,2,1,8,0,0,0,0,0,3.24,0.84,0,0,0.0,-1.793,-2.031,-0.503,0.075,0.267,-3.985,1.999,4.264694563980141,,4.264694563980141
521,,,,,,,,,,,,,,,,,,,,,,,,,,,,360,Roberto Osuna,HOU,RIGHT,RP,4.333333333333333,0,4,3,1,1,0,0,3,0,0,1,0,0,2.077,0.692,0,0,0.0,-1.793,-2.264,-0.24,0.115,0.195,-3.987,1.997,4.260427736002171,,4.260427736002171
522,,,,,,,,,,,,,,,,,,,,,,,,,,,,361,Patrick Sandoval,ANA,LEFT,SP| RP,36.66666666666666,6,9,37,26,23,10,12,33,1,5,0,0,0,5.646,1.336,1,0,0.027,-1.215,-0.868,-0.503,-1.002,-0.41,-3.999,1.985,4.234826768134357,,4.234826768134357
523,,,,,,,,,,,,,,,,,,,,,,,,,,,,362,Will Harris,WAS,RIGHT,RP,17.666666666666664,0,20,21,9,6,3,9,21,0,1,1,0,0,3.057,1.698,3,0,0.17,-1.793,-1.427,-0.24,0.209,-0.754,-4.005,1.979,4.2220262842004495,,4.2220262842004495
524,,,,,,,,,,,,,,,,,,,,,,,,,,,,364,Jesus Tinoco,MIA| COL| TEX| CHN,RIGHT,RP,8.666666666666666,0,6,3,1,1,0,7,6,0,0,0,0,0,1.038,1.154,0,1,0.0,-1.793,-2.124,-0.503,0.367,0.041,-4.013,1.971,4.204958972288574,,4.204958972288574
525,,,,,,,,,,,,,,,,,,,,,,,,,,,,363,Kendall Graveman,ARI| SEA| HOU| CHA,RIGHT,SP| RP,18.666666666666668,2,11,15,13,12,2,8,15,1,3,0,0,0,5.786,1.232,1,0,0.054,-1.215,-1.706,-0.503,-0.55,-0.039,-4.013,1.971,4.204958972288574,,4.204958972288574
526,,,,,,,,,,,,,,,,,,,,,,,,,,,,365,Miguel Yajure,NYA| PIT,RIGHT,RP,7.0,0,3,3,1,1,1,5,8,0,0,0,0,0,1.286,1.143,0,0,0.0,-1.793,-2.031,-0.503,0.27,0.04,-4.018,1.966,4.19429190234365,,4.19429190234365
527,,,,,,,,,,,,,,,,,,,,,,,,,,,,366,Andrew Chafin,ANA| WAS| ARI| CHN| OAK| DET| MIL| TEX,LEFT,RP,9.666666666666668,0,15,11,7,7,2,5,13,1,2,1,0,0,6.517,1.655,0,1,0.0,-1.215,-1.799,-0.24,-0.392,-0.376,-4.022,1.962,4.185758246387712,,4.185758246387712
528,,,,,,,,,,,,,,,,,,,,,,,,,,,,367,Evan Phillips,LAN| BAL| TBA,RIGHT,RP,14.333333333333336,0,14,14,8,8,1,10,20,1,1,0,0,0,5.023,1.674,2,0,0.14,-1.215,-1.473,-0.503,-0.257,-0.582,-4.031,1.9530000000000003,4.166557520486852,,4.166557520486852
529,,,,,,,,,,,,,,,,,,,,,,,,,,,,368,Taylor Widener,ARI,RIGHT,RP,20.0,0,12,14,10,10,5,12,22,0,1,0,0,0,4.5,1.3,1,0,0.05,-1.793,-1.38,-0.503,-0.2,-0.16,-4.037,1.947,4.153757036552944,,4.153757036552944
530,,,,,,,,,,,,,,,,,,,,,,,,,,,,369,Seth Elledge,SLN,RIGHT,RP,11.666666666666666,0,12,11,6,6,2,8,14,1,0,0,0,0,4.629,1.629,0,2,0.0,-1.215,-1.752,-0.503,-0.14,-0.427,-4.038,1.946,4.1516236225639584,,4.1516236225639584
531,,,,,,,,,,,,,,,,,,,,,,,,,,,,370,Josh Osich,BOS| CHN| CIN,LEFT,RP,18.33333333333333,1,17,21,16,13,6,5,24,1,1,0,0,0,6.382,1.418,1,1,0.055,-1.215,-1.287,-0.503,-0.705,-0.336,-4.046,1.938,4.134556310652082,,4.134556310652082
532,271,Curt Casali,CIN| SFN| SEA,31,9,RIGHT,93,76,17,10,6,8,14,2,0,0.224,CC,-2.465,-0.672,-2.126,-0.432,-0.432,-6.127,1.5230000000000006,7.65,4.13202628814858,,,,,,,,,,,,,,,,,,,,,,,,,,,,,,,,,,,4.13202628814858
533,125,Jared Walsh,ANA| TEX,27,2,LEFT,108,99,29,19,9,26,5,0,0,0.293,1B,-1.321,0.061,-0.193,-1.0,0.416,-2.037,1.504,3.541,4.080477700180868,,,,,,,,,,,,,,,,,,,,,,,,,,,,,,,,,,,4.080477700180868
534,,,,,,,,,,,,,,,,,,,,,,,,,,,,371,Colin Rea,CHN| MIL,RIGHT,SP| RP,14.0,2,9,15,9,9,3,2,10,1,1,0,0,0,5.786,1.214,1,0,0.071,-1.215,-1.938,-0.503,-0.412,-0.008,-4.077,1.907,4.068420476993561,,4.068420476993561
535,,,,,,,,,,,,,,,,,,,,,,,,,,,,372,Kyle Wright,ATL,RIGHT,SP,38.0,8,8,35,23,22,7,24,30,2,4,0,0,0,5.21,1.553,6,0,0.158,-0.638,-1.008,-0.503,-0.789,-1.14,-4.078,1.906,4.066287063004576,,4.066287063004576
536,,,,,,,,,,,,,,,,,,,,,,,,,,,,373,Shaun Anderson,ANA| SFN| BAL| MIN| SDN| TOR| MIA| TEX,RIGHT,RP,15.333333333333334,0,18,10,6,6,3,12,18,0,0,0,0,0,3.522,1.435,0,1,0.0,-1.793,-1.566,-0.503,0.073,-0.303,-4.092,1.8920000000000003,4.036419267158793,,4.036419267158793
537,,,,,,,,,,,,,,,,,,,,,,,,,,,,374,Kodi Whitley,SLN,RIGHT,RP,4.666666666666667,0,4,2,1,1,1,1,5,0,0,0,0,0,1.929,0.643,0,0,0.0,-1.793,-2.171,-0.503,0.135,0.23,-4.103,1.881,4.012951713279963,,4.012951713279963
538,,,,,,,,,,,,,,,,,,,,,,,,,,,,375,Nick Nelson,NYA| PHI,RIGHT,RP,20.666666666666668,0,11,20,13,11,4,11,18,1,0,0,0,0,4.79,1.5,1,0,0.048,-1.215,-1.566,-0.503,-0.298,-0.526,-4.108,1.8760000000000003,4.002284643335041,,4.002284643335041
539,,,,,,,,,,,,,,,,,,,,,,,,,,,,376,Joel Kuhnel,CIN| HOU| TBA,RIGHT,RP,3.0,0,3,4,2,2,2,0,3,1,0,0,0,0,6.0,1.333,0,0,0.0,-1.215,-2.264,-0.503,-0.098,-0.033,-4.113,1.871,3.991617573390116,,3.991617573390116
540,,,,,,,,,,,,,,,,,,,,,,,,,,,,377,Jose Ruiz,ATL| PHI| CHA| ARI,RIGHT,RP,4.0,0,5,2,1,1,1,0,5,0,0,0,0,0,2.25,0.5,0,0,0.0,-1.793,-2.171,-0.503,0.096,0.247,-4.124,1.8600000000000003,3.9681500195112873,,3.9681500195112873
541,,,,,,,,,,,,,,,,,,,,,,,,,,,,378,Stephen Tarpley,MIA| NYN,LEFT,RP,11.0,0,12,11,12,11,2,8,11,2,2,1,0,0,9.0,1.727,1,0,0.091,-0.638,-1.892,-0.24,-0.859,-0.497,-4.126,1.858,3.963883191533317,,3.963883191533317
542,176,Andres Gimenez,TOR| NYN| CLE,43,8,LEFT,132,118,31,20,3,12,7,6,1,0.263,2B| 3B| SS,-1.194,-1.406,-1.696,0.705,-0.013,-3.604,1.46,5.064,3.96110202278196,,,,,,,,,,,,,,,,,,,,,,,,,,,,,,,,,,,3.96110202278196
543,,,,,,,,,,,,,,,,,,,,,,,,,,,,379,Branden Kline,BAL,RIGHT,RP,5.0,0,3,2,1,1,0,3,7,0,0,0,0,0,1.8,1.0,0,0,0.0,-1.793,-2.078,-0.503,0.154,0.091,-4.129,1.8550000000000004,3.957482949566365,,3.957482949566365
544,,,,,,,,,,,,,,,,,,,,,,,,,,,,380,Austin Brice,BOS| PIT,RIGHT,RP,19.666666666666664,1,21,17,13,13,3,13,25,1,0,0,0,0,5.949,1.525,2,1,0.102,-1.215,-1.24,-0.503,-0.628,-0.544,-4.131,1.853,3.9532161215883934,,3.9532161215883934
545,,,,,,,,,,,,,,,,,,,,,,,,,,,,381,Andrew Kittredge,BAL| CHN| TBA| SLN,RIGHT,RP,8.0,1,8,8,2,2,0,2,3,0,0,1,0,0,2.25,1.25,1,0,0.125,-1.793,-2.264,-0.24,0.192,-0.029,-4.134,1.85,3.94681587962144,,3.94681587962144
546,,,,,,,,,,,,,,,,,,,,,,,,,,,,382,Oliver Drake,TBA,RIGHT,RP,10.999999999999998,0,11,7,8,7,2,6,7,0,2,2,0,0,5.727,1.182,1,0,0.091,-1.793,-2.078,0.023,-0.314,0.025,-4.137,1.8470000000000004,3.940415637654488,,3.940415637654488
547,161,Garrett Hampson,ARI| CIN| SLN| COL| MIA| KCA,49,8,RIGHT,184,167,39,25,5,11,13,6,1,0.234,CF| LF| 2B,-0.558,-0.917,-1.803,0.705,-0.715,-3.287,1.4489999999999998,4.736,3.931258103432232,,,,,,,,,,,,,,,,,,,,,,,,,,,,,,,,,,,3.931258103432232
548,,,,,,,,,,,,,,,,,,,,,,,,,,,,383,Jacob Barnes,TOR| ANA| NYN| DET| NYA| SLN| WAS,RIGHT,RP,18.0,0,18,19,13,11,1,4,24,0,2,0,0,0,5.5,1.278,1,0,0.056,-1.793,-1.287,-0.503,-0.452,-0.109,-4.145,1.8390000000000004,3.923348325742612,,3.923348325742612
549,126,Miguel Rojas,LAN| MIA,39,7,RIGHT,143,125,38,20,4,20,16,5,1,0.304,SS,-1.194,-1.162,-0.837,0.421,0.723,-2.048,1.4449999999999998,3.493,3.92040576912324,,,,,,,,,,,,,,,,,,,,,,,,,,,,,,,,,,,3.92040576912324
550,129,Jake Cronenworth,SDN,53,7,LEFT,192,172,49,25,4,20,18,3,1,0.285,2B| 1B| SS,-0.558,-1.162,-0.837,-0.147,0.525,-2.178,1.4300000000000002,3.608,3.8797095154645223,,,,,,,,,,,,,,,,,,,,,,,,,,,,,,,,,,,3.8797095154645223
551,179,Ke'Bryan Hayes,CIN| PIT,24,2,RIGHT,95,85,32,17,5,11,9,1,0,0.376,3B,-1.575,-0.917,-1.803,-0.716,1.371,-3.64,1.424,5.064,3.8634310140010335,,,,,,,,,,,,,,,,,,,,,,,,,,,,,,,,,,,3.8634310140010335
552,,,,,,,,,,,,,,,,,,,,,,,,,,,,384,Julian Merryweather,CHN| TOR,RIGHT,SP| RP,13.0,3,8,11,6,6,0,6,15,0,0,0,0,0,4.154,1.308,0,0,0.0,-1.793,-1.706,-0.503,-0.062,-0.113,-4.177,1.8070000000000004,3.8550790780951054,,3.8550790780951054
553,127,Bo Bichette,TOR,29,2,RIGHT,128,123,37,18,5,23,5,4,1,0.301,SS,-1.448,-0.917,-0.515,0.137,0.655,-2.088,1.4049999999999998,3.493,3.811882426033324,,,,,,,,,,,,,,,,,,,,,,,,,,,,,,,,,,,3.811882426033324
554,,,,,,,,,,,,,,,,,,,,,,,,,,,,385,Matt Boyd,CHN| DET| SEA| CLE,LEFT,SP,60.333333333333336,12,12,67,46,45,15,22,60,3,7,0,0,0,6.713,1.475,1,1,0.017,-0.06,0.388,-0.503,-2.623,-1.404,-4.202,1.782,3.8017437283704902,,3.8017437283704902
555,,,,,,,,,,,,,,,,,,,,,,,,,,,,386,Alex McRae,CHA,RIGHT,RP,3.0,0,2,1,0,0,0,0,2,0,0,0,0,0,0.0,0.333,0,0,0.0,-1.793,-2.311,-0.503,0.174,0.229,-4.204,1.7800000000000002,3.797476900392522,,3.797476900392522
556,274,Austin Barnes,LAN,29,9,RIGHT,104,86,21,14,1,9,13,3,0,0.244,CC,-1.957,-1.895,-2.018,-0.147,-0.237,-6.254,1.3960000000000008,7.65,3.787464673838095,,,,,,,,,,,,,,,,,,,,,,,,,,,,,,,,,,,3.787464673838095
557,181,Jedd Gyorko,MIL,42,4,RIGHT,135,117,29,19,9,17,15,0,0,0.248,1B| 3B,-1.321,0.061,-1.159,-1.0,-0.261,-3.68,1.384,5.064,3.7549076709111175,,,,,,,,,,,,,,,,,,,,,,,,,,,,,,,,,,,3.7549076709111175
558,,,,,,,,,,,,,,,,,,,,,,,,,,,,387,Joe Kelly,LAN| CHA,RIGHT,RP,10.0,1,12,8,3,2,0,7,9,0,0,0,0,0,1.8,1.5,0,1,0.0,-1.793,-1.985,-0.503,0.308,-0.254,-4.227,1.7569999999999997,3.748408378645876,,3.748408378645876
559,,,,,,,,,,,,,,,,,,,,,,,,,,,,388,Brandon Leibrandt,MIA| CIN,LEFT,RP,9.0,0,5,3,2,2,0,7,3,0,0,0,0,0,2.0,1.111,0,0,0.0,-1.793,-2.264,-0.503,0.25,0.076,-4.234,1.75,3.7334744807229847,,3.7334744807229847
560,183,David Bote,CHN,42,8,RIGHT,145,125,25,15,7,29,17,2,0,0.2,3B| 2B,-1.829,-0.428,0.129,-0.432,-1.133,-3.693,1.371,5.064,3.719637584406895,,,,,,,,,,,,,,,,,,,,,,,,,,,,,,,,,,,3.719637584406895
561,166,Kevin Kiermaier,TBA| TOR| LAN,48,8,LEFT,159,138,30,16,3,22,20,8,0,0.217,CF,-1.702,-1.406,-0.622,1.274,-0.909,-3.365,1.3709999999999996,4.736,3.7196375844068936,,,,,,,,,,,,,,,,,,,,,,,,,,,,,,,,,,,3.7196375844068936
562,,,,,,,,,,,,,,,,,,,,,,,,,,,,389,Trevor Rogers,BAL| MIA,LEFT,SP,28.0,7,7,32,20,19,5,13,39,1,2,0,0,0,6.107,1.607,3,0,0.107,-1.215,-0.589,-0.503,-0.961,-0.973,-4.242,1.742,3.716407168811108,,3.716407168811108
563,,,,,,,,,,,,,,,,,,,,,,,,,,,,390,James Paxton,NYA| SEA| BOS| LAN,LEFT,SP,20.33333333333333,5,5,23,17,15,4,7,26,1,1,0,0,0,6.639,1.475,0,0,0.0,-1.215,-1.194,-0.503,-0.862,-0.474,-4.247,1.737,3.7057400988661855,,3.7057400988661855
564,167,Mauricio Dubon,HOU| SFN,50,9,RIGHT,177,157,43,21,4,19,15,2,3,0.274,CF| 2B| SS,-1.066,-1.162,-0.945,-0.432,0.233,-3.371,1.3649999999999998,4.736,3.703359082943407,,,,,,,,,,,,,,,,,,,,,,,,,,,,,,,,,,,3.703359082943407
565,,,,,,,,,,,,,,,,,,,,,,,,,,,,391,Demarcus Evans,TEX,RIGHT,RP,4.0,0,4,3,1,1,1,0,4,0,0,0,0,0,2.25,0.75,0,0,0.0,-1.793,-2.217,-0.503,0.096,0.16,-4.258,1.726,3.682272544987355,,3.682272544987355
566,169,Austin Slater,CHA| NYA| SFN| BAL| CIN,27,1,RIGHT,104,85,24,18,5,7,16,7,1,0.282,RF| DH,-1.448,-0.917,-2.233,0.99,0.229,-3.379,1.3569999999999998,4.736,3.681654414325424,,,,,,,,,,,,,,,,,,,,,,,,,,,,,,,,,,,3.681654414325424
567,,,,,,,,,,,,,,,,,,,,,,,,,,,,392,Drew Rasmussen,TBA| MIL,RIGHT,RP,15.333333333333332,0,12,17,10,10,3,9,21,1,0,0,0,0,5.87,1.696,0,0,0.0,-1.215,-1.427,-0.503,-0.471,-0.651,-4.267,1.7169999999999996,3.663071819086493,,3.663071819086493
568,170,Ryan Mountcastle,BAL,35,3,RIGHT,140,126,42,12,5,23,11,0,1,0.333,LF| 1B,-2.211,-0.917,-0.515,-1.0,1.257,-3.386,1.3499999999999996,4.736,3.662662829284688,,,,,,,,,,,,,,,,,,,,,,,,,,,,,,,,,,,3.662662829284688
569,,,,,,,,,,,,,,,,,,,,,,,,,,,,393,Kyle Gibson,BAL| TEX| PHI| SLN,RIGHT,SP,67.33333333333333,12,12,73,44,40,12,30,58,2,6,0,0,0,5.346,1.53,5,3,0.074,-0.638,0.295,-0.503,-1.536,-1.886,-4.269,1.715,3.658804991108525,,3.658804991108525
570,171,Joey Gallo,TEX| NYA| LAN| MIN| WAS,57,4,LEFT,226,193,35,23,10,26,29,2,0,0.181,RF,-0.812,0.306,-0.193,-0.432,-2.264,-3.395,1.3409999999999995,4.736,3.638245077089457,,,,,,,,,,,,,,,,,,,,,,,,,,,,,,,,,,,3.638245077089457
571,,,,,,,,,,,,,,,,,,,,,,,,,,,,394,Josh Sborz,LAN| TEX,RIGHT,RP,4.333333333333333,0,4,2,1,1,1,1,2,0,0,0,0,0,2.077,0.692,0,0,0.0,-1.793,-2.311,-0.503,0.115,0.195,-4.297,1.6870000000000005,3.599069399416958,,3.599069399416958
572,,,,,,,,,,,,,,,,,,,,,,,,,,,,395,Braxton Garrett,MIA,LEFT,SP,7.666666666666666,2,2,8,6,5,3,5,8,1,1,0,0,0,5.87,1.696,0,0,0.0,-1.215,-2.031,-0.503,-0.236,-0.326,-4.311,1.673,3.5692016035711736,,3.5692016035711736
573,,,,,,,,,,,,,,,,,,,,,,,,,,,,396,David Hale,NYA| PHI,RIGHT,SP| RP,17.0,2,11,23,7,7,2,4,14,0,0,1,0,0,3.706,1.588,1,0,0.059,-1.793,-1.752,-0.24,0.034,-0.563,-4.314,1.67,3.56280136160422,,3.56280136160422
574,,,,,,,,,,,,,,,,,,,,,,,,,,,,397,Carson Fulmer,ANA| BAL| DET| CIN,RIGHT,RP,10.333333333333334,0,10,8,5,5,1,5,11,0,0,0,0,0,4.355,1.258,0,0,0.0,-1.793,-1.892,-0.503,-0.081,-0.045,-4.314,1.67,3.56280136160422,,3.56280136160422
575,,,,,,,,,,,,,,,,,,,,,,,,,,,,398,Patrick Murphy,TOR| WAS,RIGHT,RP,6.0,0,4,6,1,1,0,2,5,0,0,0,0,0,1.5,1.333,0,0,0.0,-1.793,-2.171,-0.503,0.212,-0.065,-4.32,1.6639999999999997,3.550000877670312,,3.550000877670312
576,,,,,,,,,,,,,,,,,,,,,,,,,,,,399,Chris Mazza,BOS| TBA,RIGHT,SP| RP,30.0,6,9,34,18,16,3,15,29,1,2,0,0,0,4.8,1.633,4,1,0.133,-1.215,-1.054,-0.503,-0.437,-1.111,-4.321,1.6630000000000005,3.547867463681328,,3.547867463681328
577,,,,,,,,,,,,,,,,,,,,,,,,,,,,400,Jose Quintana,MIL| CHN| ANA| SFN| PIT| SLN| NYN,LEFT,RP,10.0,1,4,10,5,5,1,3,12,0,0,0,0,0,4.5,1.3,0,1,0.0,-1.793,-1.845,-0.503,-0.1,-0.08,-4.322,1.662,3.545734049692343,,3.545734049692343
578,,,,,,,,,,,,,,,,,,,,,,,,,,,,401,Ben Heller,NYA| ATL| PIT,RIGHT,RP,5.999999999999999,0,6,5,2,2,2,2,6,0,0,0,0,0,3.0,1.167,0,0,0.0,-1.793,-2.124,-0.503,0.076,0.022,-4.323,1.6609999999999996,3.5436006357033576,,3.5436006357033576
579,,,,,,,,,,,,,,,,,,,,,,,,,,,,402,Joe Harvey,COL,RIGHT,RP,3.333333333333333,0,4,3,0,0,0,0,2,0,0,0,0,0,0.0,0.9,0,0,0.0,-1.793,-2.311,-0.503,0.194,0.089,-4.324,1.66,3.5414672217143743,,3.5414672217143743
580,172,Brian Goodwin,ANA| CIN| CHA,48,6,LEFT,164,144,31,17,6,22,17,5,0,0.215,RF| CF| LF,-1.575,-0.672,-0.622,0.421,-0.992,-3.44,1.2959999999999998,4.736,3.516156316113301,,,,,,,,,,,,,,,,,,,,,,,,,,,,,,,,,,,3.516156316113301
581,,,,,,,,,,,,,,,,,,,,,,,,,,,,403,Walker Lockett,NYN| SEA,RIGHT,RP,16.333333333333336,1,7,21,9,9,2,4,11,1,0,0,0,0,4.959,1.531,0,1,0.0,-1.215,-1.892,-0.503,-0.277,-0.459,-4.346,1.638,3.4945321139567134,,3.4945321139567134
582,132,Carlos Santana,CHN| CLE| KCA| SEA| MIL| PIT| MIN,60,4,SWITCH,255,206,41,34,8,30,47,0,0,0.199,1B,0.587,-0.183,0.236,-1.0,-1.896,-2.257,1.2839999999999998,3.541,3.4835993131863257,,,,,,,,,,,,,,,,,,,,,,,,,,,,,,,,,,,3.4835993131863257
583,130,Marcus Semien,TEX| OAK| TOR,53,1,RIGHT,236,211,47,28,7,23,25,4,0,0.223,SS,-0.176,-0.428,-0.515,0.137,-1.228,-2.21,1.283,3.493,3.480886229609078,,,,,,,,,,,,,,,,,,,,,,,,,,,,,,,,,,,3.480886229609078
584,,,,,,,,,,,,,,,,,,,,,,,,,,,,404,Jared Hughes,NYN,RIGHT,RP,22.333333333333336,0,18,23,17,12,3,14,21,1,2,0,0,0,4.836,1.657,2,0,0.09,-1.215,-1.427,-0.503,-0.337,-0.873,-4.355,1.6289999999999996,3.475331388055852,,3.475331388055852
585,,,,,,,,,,,,,,,,,,,,,,,,,,,,405,Yonny Chirinos,TBA| ATL| MIA,RIGHT,SP,11.333333333333334,3,3,14,4,3,2,4,10,0,0,0,0,0,2.382,1.588,0,1,0.0,-1.793,-1.938,-0.503,0.25,-0.375,-4.36,1.6239999999999997,3.464664318110929,,3.464664318110929
586,,,,,,,,,,,,,,,,,,,,,,,,,,,,406,Rob Kaminsky,SLN,LEFT,RP,4.666666666666667,0,5,3,3,1,0,2,3,0,0,0,0,0,1.929,1.071,0,0,0.0,-1.793,-2.264,-0.503,0.135,0.056,-4.37,1.614,3.443330178221084,,3.443330178221084
587,,,,,,,,,,,,,,,,,,,,,,,,,,,,407,Brandon Bailey,HOU,RIGHT,RP,7.333333333333334,0,5,6,2,2,1,3,4,0,0,0,0,0,2.454,1.227,0,1,0.0,-1.793,-2.217,-0.503,0.153,-0.012,-4.373,1.6109999999999998,3.43692993625413,,3.43692993625413
588,,,,,,,,,,,,,,,,,,,,,,,,,,,,408,Trevor Gott,SFN| MIL| NYN| SEA,RIGHT,RP,11.666666666666666,0,15,13,13,13,7,8,8,1,2,4,0,0,10.029,1.8,0,0,0.0,-1.215,-2.031,0.55,-1.092,-0.601,-4.39,1.5940000000000003,3.4006618984413937,,3.4006618984413937
589,,,,,,,,,,,,,,,,,,,,,,,,,,,,409,Brady Lail,CHA| SEA,RIGHT,RP,16.333333333333332,0,8,14,8,8,5,7,12,0,0,0,0,0,4.408,1.286,2,0,0.122,-1.793,-1.845,-0.503,-0.141,-0.111,-4.393,1.5910000000000002,3.3942616564744394,,3.3942616564744394
590,,,,,,,,,,,,,,,,,,,,,,,,,,,,410,Jose Alvarez,PHI| SFN,LEFT,RP,6.333333333333333,0,8,7,1,1,0,3,6,0,0,0,0,0,1.421,1.579,1,1,0.158,-1.793,-2.124,-0.503,0.232,-0.205,-4.394,1.59,3.3921282424854544,,3.3921282424854544
591,,,,,,,,,,,,,,,,,,,,,,,,,,,,411,Corey Oswalt,NYN,RIGHT,RP,12.999999999999998,1,4,14,7,7,3,2,11,0,0,0,0,0,4.846,1.231,2,0,0.154,-1.793,-1.892,-0.503,-0.198,-0.026,-4.412,1.572,3.3537267906837327,,3.3537267906837327
592,,,,,,,,,,,,,,,,,,,,,,,,,,,,412,Hunter Harvey,KCA| BAL| WAS,RIGHT,RP,8.666666666666666,0,10,8,6,4,2,2,6,0,2,0,0,0,4.154,1.154,0,1,0.0,-1.793,-2.124,-0.503,-0.041,0.041,-4.421,1.5629999999999995,3.334526064782871,,3.334526064782871
593,136,Jonathan Villar,MIA| TOR| NYN| ANA| CHN,51,1,SWITCH,207,185,43,13,2,15,19,16,5,0.232,2B| SS,-2.084,-1.651,-1.374,3.548,-0.821,-2.381,1.2270000000000003,3.608,3.328953549283196,,,,,,,,,,,,,,,,,,,,,,,,,,,,,,,,,,,3.328953549283196
594,,,,,,,,,,,,,,,,,,,,,,,,,,,,413,Nate Pearson,CHN| TOR,RIGHT,SP,18.000000000000004,4,5,14,15,12,5,13,16,1,0,0,0,0,6.0,1.5,3,0,0.167,-1.215,-1.659,-0.503,-0.589,-0.458,-4.424,1.5599999999999996,3.328125822815917,,3.328125822815917
595,,,,,,,,,,,,,,,,,,,,,,,,,,,,414,Austin Adams,SDN| ARI| OAK,RIGHT,RP,4.0,0,3,3,2,2,1,2,7,0,0,0,0,0,4.5,1.25,0,0,0.0,-1.793,-2.078,-0.503,-0.04,-0.015,-4.429,1.5549999999999995,3.3174587528709942,,3.3174587528709942
596,,,,,,,,,,,,,,,,,,,,,,,,,,,,415,Nick Ramirez,DET| SDN| NYA| LAN,LEFT,RP,10.666666666666668,0,5,8,7,7,3,4,11,0,0,0,0,0,5.906,1.125,0,0,0.0,-1.793,-1.892,-0.503,-0.334,0.077,-4.445,1.5389999999999997,3.283324129047241,,3.283324129047241
597,,,,,,,,,,,,,,,,,,,,,,,,,,,,416,John King,SLN| TEX,LEFT,RP,10.333333333333334,0,6,13,8,7,2,4,9,1,0,0,0,0,6.097,1.645,1,0,0.097,-1.215,-1.985,-0.503,-0.353,-0.393,-4.45,1.5339999999999998,3.2726570591023187,,3.2726570591023187
598,,,,,,,,,,,,,,,,,,,,,,,,,,,,417,J. P. Feyereisen,ARI| LAN| MIL| TBA,RIGHT,RP,9.333333333333332,0,6,4,6,6,3,5,7,0,0,0,0,0,5.786,0.964,0,0,0.0,-1.793,-2.078,-0.503,-0.275,0.198,-4.451,1.5330000000000004,3.2705236451133355,,3.2705236451133355
599,133,Jose Iglesias,SDN| BAL| ANA| BOS| COL| NYN,39,3,RIGHT,150,142,53,16,3,24,3,0,0,0.373,SS| DH,-1.702,-1.406,-0.408,-1.0,2.225,-2.291,1.202,3.493,3.261126459851997,,,,,,,,,,,,,,,,,,,,,,,,,,,,,,,,,,,3.261126459851997
600,,,,,,,,,,,,,,,,,,,,,,,,,,,,418,Tyler Thornburg,CIN| ATL| MIN,RIGHT,RP,7.0,0,7,6,3,3,0,5,10,0,0,0,0,0,3.857,1.571,1,0,0.143,-1.793,-1.938,-0.503,-0.002,-0.222,-4.458,1.5259999999999998,3.255589747190442,,3.255589747190442
601,,,,,,,,,,,,,,,,,,,,,,,,,,,,419,Rico Garcia,BAL| NYA| NYN| SFN| OAK| WAS,RIGHT,RP,10.0,0,12,13,6,6,1,4,7,1,1,0,0,0,5.4,1.7,0,0,0.0,-1.215,-2.078,-0.503,-0.236,-0.428,-4.461,1.5229999999999997,3.2491895052234883,,3.2491895052234883
602,,,,,,,,,,,,,,,,,,,,,,,,,,,,420,Brad Brach,NYN| CIN,RIGHT,RP,12.333333333333334,0,14,8,8,8,2,14,14,1,0,0,0,0,5.838,1.784,0,1,0.0,-1.215,-1.752,-0.503,-0.373,-0.618,-4.462,1.5220000000000002,3.247056091234505,,3.247056091234505
603,,,,,,,,,,,,,,,,,,,,,,,,,,,,421,Luis Patino,SDN| TBA| CHA,RIGHT,RP,17.333333333333336,1,11,18,10,10,3,14,21,1,0,0,0,0,5.192,1.846,1,0,0.058,-1.215,-1.427,-0.503,-0.355,-0.963,-4.463,1.521,3.2449226772455195,,3.2449226772455195
604,,,,,,,,,,,,,,,,,,,,,,,,,,,,422,Domingo Tapia,BOS| KCA| SEA| OAK| SDN,RIGHT,RP,4.333333333333333,0,5,4,1,1,1,2,4,0,0,0,0,0,2.077,1.385,0,0,0.0,-1.793,-2.217,-0.503,0.115,-0.067,-4.465,1.519,3.240655849267551,,3.240655849267551
605,,,,,,,,,,,,,,,,,,,,,,,,,,,,423,Yoshihisa Hirano,SEA,RIGHT,RP,12.333333333333334,0,13,18,9,8,2,8,11,0,1,4,0,0,5.838,2.108,0,0,0.0,-1.793,-1.892,0.55,-0.373,-0.967,-4.474,1.5099999999999998,3.221455123366689,,3.221455123366689
606,,,,,,,,,,,,,,,,,,,,,,,,,,,,425,Blake Cederlind,PIT,RIGHT,RP,4.0,0,5,3,2,2,0,1,4,0,0,0,0,0,4.5,1.0,0,0,0.0,-1.793,-2.217,-0.503,-0.04,0.072,-4.481,1.503,3.206521225443798,,3.206521225443798
607,,,,,,,,,,,,,,,,,,,,,,,,,,,,424,Michael Soroka,CHN| WAS| ATL| CHA,RIGHT,SP,13.666666666666666,3,3,11,7,6,0,7,8,0,1,0,0,0,3.951,1.317,0,0,0.0,-1.793,-2.031,-0.503,-0.023,-0.13,-4.481,1.503,3.206521225443798,,3.206521225443798
608,,,,,,,,,,,,,,,,,,,,,,,,,,,,426,Heath Hembree,BOS| PHI| CIN| NYN| LAN| PIT| TBA,RIGHT,RP,18.999999999999996,0,22,26,19,19,9,8,20,3,0,0,0,0,9.0,1.79,5,0,0.263,-0.06,-1.473,-0.503,-1.483,-0.962,-4.482,1.5019999999999998,3.2043878114548128,,3.2043878114548128
609,282,Andrew Knapp,PHI| PIT| SEA| SFN,30,8,SWITCH,89,72,20,9,2,15,15,0,0,0.278,CC,-2.592,-1.651,-1.374,-1.0,0.147,-6.47,1.1800000000000006,7.65,3.2014386211525445,,,,,,,,,,,,,,,,,,,,,,,,,,,,,,,,,,,3.2014386211525445
610,,,,,,,,,,,,,,,,,,,,,,,,,,,,427,Jhoulys Chacin,ATL| COL,RIGHT,RP,5.0,0,2,6,4,4,1,3,3,1,0,0,0,0,7.2,1.8,1,0,0.2,-1.215,-2.264,-0.503,-0.254,-0.258,-4.495,1.489,3.1766534295980136,,3.1766534295980136
611,283,Austin Romine,DET| CHN| ANA| CIN| SLN,37,8,RIGHT,135,130,31,12,2,17,4,0,0,0.238,CC,-2.211,-1.651,-1.159,-1.0,-0.465,-6.486,1.1640000000000006,7.65,3.158029283916578,,,,,,,,,,,,,,,,,,,,,,,,,,,,,,,,,,,3.158029283916578
612,,,,,,,,,,,,,,,,,,,,,,,,,,,,428,Sam Freeman,WAS,LEFT,RP,5.0,0,7,2,1,1,0,7,6,0,0,0,0,0,1.8,1.8,0,0,0.0,-1.793,-2.124,-0.503,0.154,-0.258,-4.524,1.46,3.1147844239174614,,3.1147844239174614
613,,,,,,,,,,,,,,,,,,,,,,,,,,,,429,James Bourque,WAS,RIGHT,RP,4.0,0,6,3,3,3,1,5,1,1,0,0,0,0,6.75,2.0,0,0,0.0,-1.215,-2.357,-0.503,-0.176,-0.276,-4.528,1.4560000000000004,3.1062507679615243,,3.1062507679615243
614,,,,,,,,,,,,,,,,,,,,,,,,,,,,430,Kyle Crick,PIT| CHA,RIGHT,RP,5.666666666666667,0,7,7,6,1,0,4,7,0,1,0,0,0,1.588,1.941,1,0,0.176,-1.793,-2.078,-0.503,0.193,-0.362,-4.543,1.4409999999999998,3.0742495581267546,,3.0742495581267546
615,,,,,,,,,,,,,,,,,,,,,,,,,,,,431,Brandon Waddell,NYN| PIT| BAL| MIN| SLN,LEFT,RP,3.333333333333333,0,2,2,1,1,0,2,2,0,0,0,0,0,2.7,1.2,0,0,0.0,-1.793,-2.311,-0.503,0.057,0.002,-4.547,1.4370000000000005,3.065715902170817,,3.065715902170817
616,177,Adam Frazier,KCA| PIT| SDN| SEA| BAL,57,1,LEFT,230,209,48,22,7,23,17,1,3,0.23,2B| LF,-0.939,-0.428,-0.515,-0.716,-1.01,-3.608,1.1279999999999997,4.736,3.06035827513565,,,,,,,,,,,,,,,,,,,,,,,,,,,,,,,,,,,3.06035827513565
617,,,,,,,,,,,,,,,,,,,,,,,,,,,,432,Deolis Guerra,PHI| OAK,RIGHT,RP,7.333333333333333,0,9,10,9,7,3,2,8,1,3,0,0,0,8.591,1.636,0,0,0.0,-1.215,-2.031,-0.503,-0.527,-0.274,-4.551,1.4329999999999998,3.057182246214878,,3.057182246214878
618,178,Ryan Braun,MIL,39,3,RIGHT,141,129,30,14,8,26,7,1,0,0.233,RF| DH,-1.957,-0.183,-0.193,-0.716,-0.57,-3.619,1.1169999999999995,4.736,3.0305143557859227,,,,,,,,,,,,,,,,,,,,,,,,,,,,,,,,,,,3.0305143557859227
619,,,,,,,,,,,,,,,,,,,,,,,,,,,,433,Derek Holland,PIT| DET,LEFT,SP| RP,40.66666666666667,5,12,42,33,31,12,15,45,1,3,0,0,0,6.861,1.402,0,1,0.0,-1.215,-0.31,-0.503,-1.859,-0.686,-4.573,1.4109999999999996,3.010247138457217,,3.010247138457217
620,,,,,,,,,,,,,,,,,,,,,,,,,,,,434,Adam Cimber,CLE| MIA| TOR| ANA,RIGHT,RP,11.333333333333332,0,14,13,5,5,1,2,5,0,1,0,0,0,3.971,1.323,2,0,0.176,-1.793,-2.171,-0.503,-0.023,-0.114,-4.604,1.38,2.9441113047986964,,2.9441113047986964
621,,,,,,,,,,,,,,,,,,,,,,,,,,,,435,Drew Smith,NYN,RIGHT,RP,7.0,0,8,6,6,5,2,2,7,0,1,0,0,0,6.429,1.143,0,0,0.0,-1.793,-2.078,-0.503,-0.274,0.04,-4.609,1.375,2.933444234853773,,2.933444234853773
622,180,Cedric Mullins,BAL| NYN,41,9,LEFT,153,140,38,16,3,12,8,7,2,0.271,CF,-1.702,-1.406,-1.696,0.99,0.159,-3.656,1.0799999999999996,4.736,2.93013026342775,,,,,,,,,,,,,,,,,,,,,,,,,,,,,,,,,,,2.93013026342775
623,,,,,,,,,,,,,,,,,,,,,,,,,,,,436,Luis Perdomo,SDN| MIL,RIGHT,RP,17.333333333333332,1,10,13,12,11,3,10,16,0,0,0,0,0,5.712,1.327,1,0,0.058,-1.793,-1.659,-0.503,-0.491,-0.18,-4.626,1.3579999999999997,2.8971761970410355,,2.8971761970410355
624,,,,,,,,,,,,,,,,,,,,,,,,,,,,437,Rex Brothers,CHN,LEFT,RP,3.333333333333333,0,3,2,3,3,2,3,8,0,0,0,0,0,8.1,1.5,0,0,0.0,-1.793,-2.031,-0.503,-0.215,-0.085,-4.627,1.3570000000000002,2.895042783052052,,2.895042783052052
625,,,,,,,,,,,,,,,,,,,,,,,,,,,,438,Brandon Brennan,SEA| BOS,RIGHT,RP,7.333333333333333,0,5,7,3,3,2,5,7,0,0,0,0,0,3.682,1.636,1,0,0.136,-1.793,-2.078,-0.503,0.017,-0.274,-4.63,1.354,2.888642541085098,,2.888642541085098
626,,,,,,,,,,,,,,,,,,,,,,,,,,,,439,Ray Black,MIL,RIGHT,RP,3.0,0,3,2,1,1,0,3,3,0,0,0,0,0,3.0,1.667,0,0,0.0,-1.793,-2.264,-0.503,0.038,-0.12,-4.642,1.3419999999999996,2.8630415732172825,,2.8630415732172825
627,,,,,,,,,,,,,,,,,,,,,,,,,,,,440,Cody Reed,CIN| TBA,LEFT,RP,12.0,0,11,11,6,6,2,8,12,0,1,0,0,0,4.5,1.583,0,0,0.0,-1.793,-1.845,-0.503,-0.12,-0.392,-4.654,1.33,2.8374406053494687,,2.8374406053494687
628,,,,,,,,,,,,,,,,,,,,,,,,,,,,441,Adonis Medina,PHI| NYN,RIGHT,P,4.0,1,1,3,2,2,0,3,4,0,1,0,0,0,4.5,1.5,0,0,0.0,-1.793,-2.217,-0.503,-0.04,-0.102,-4.655,1.3289999999999995,2.8353071913604837,,2.8353071913604837
629,,,,,,,,,,,,,,,,,,,,,,,,,,,,442,Luke Bard,ANA| NYA| TBA,RIGHT,RP,5.333333333333333,0,6,7,4,4,2,0,7,0,0,0,0,0,6.75,1.312,1,0,0.188,-1.793,-2.078,-0.503,-0.235,-0.049,-4.658,1.3259999999999996,2.828906949393529,,2.828906949393529
630,,,,,,,,,,,,,,,,,,,,,,,,,,,,443,Sean Poppen,MIN| ARI| PIT| TBA,RIGHT,RP,7.666666666666667,0,6,9,4,4,0,4,10,0,0,0,0,0,4.696,1.696,2,0,0.261,-1.793,-1.938,-0.503,-0.099,-0.326,-4.66,1.3239999999999998,2.8246401214155608,,2.8246401214155608
631,,,,,,,,,,,,,,,,,,,,,,,,,,,,444,Mike Montgomery,KCA,LEFT,RP,5.333333333333334,1,3,6,5,3,1,1,4,0,0,0,0,0,5.062,1.312,1,0,0.187,-1.793,-2.217,-0.503,-0.099,-0.049,-4.661,1.3230000000000004,2.822506707426577,,2.822506707426577
632,,,,,,,,,,,,,,,,,,,,,,,,,,,,445,Taylor Guilbeau,SEA,LEFT,RP,7.666666666666666,0,8,8,1,1,0,6,3,0,0,0,0,0,1.174,1.826,1,0,0.13,-1.793,-2.264,-0.503,0.309,-0.413,-4.664,1.3200000000000005,2.8161064654596237,,2.8161064654596237
633,,,,,,,,,,,,,,,,,,,,,,,,,,,,446,Adam Morgan,PHI| CHN,LEFT,RP,13.0,0,17,14,8,8,3,6,16,0,1,0,0,0,5.538,1.538,0,0,0.0,-1.793,-1.659,-0.503,-0.334,-0.374,-4.664,1.3200000000000005,2.8161064654596237,,2.8161064654596237
634,,,,,,,,,,,,,,,,,,,,,,,,,,,,447,Paolo Espino,WAS| TOR,RIGHT,P,6.0,1,2,8,3,3,1,2,7,0,0,0,0,0,4.5,1.667,0,0,0.0,-1.793,-2.078,-0.503,-0.06,-0.24,-4.674,1.3099999999999996,2.7947723255697765,,2.7947723255697765
635,,,,,,,,,,,,,,,,,,,,,,,,,,,,448,Brandon Bielak,HOU| OAK,RIGHT,SP| RP,32.0,6,12,39,26,24,9,17,26,3,3,0,0,0,6.75,1.75,6,0,0.188,-0.06,-1.194,-0.503,-1.409,-1.51,-4.677,1.3070000000000004,2.788372083602824,,2.788372083602824
636,,,,,,,,,,,,,,,,,,,,,,,,,,,,449,Luis Avilan,NYA| WAS,LEFT,RP,8.333333333333332,0,10,9,4,4,2,5,9,0,0,0,0,0,4.32,1.68,1,0,0.12,-1.793,-1.985,-0.503,-0.061,-0.343,-4.684,1.2999999999999998,2.773438185679931,,2.773438185679931
637,,,,,,,,,,,,,,,,,,,,,,,,,,,,450,Austin Voth,WAS| BAL| SEA,RIGHT,SP,49.66666666666667,11,11,57,36,35,14,18,44,2,5,0,0,0,6.342,1.51,4,1,0.081,-0.638,-0.356,-0.503,-1.881,-1.307,-4.685,1.2990000000000004,2.771304771690948,,2.771304771690948
638,,,,,,,,,,,,,,,,,,,,,,,,,,,,451,Joel Payamps,ATL| MIL| ARI| KCA| TOR| OAK,RIGHT,RP,3.0,0,2,2,2,1,0,3,2,0,0,0,0,0,3.0,1.667,0,0,0.0,-1.793,-2.311,-0.503,0.038,-0.12,-4.689,1.295,2.762771115735009,,2.762771115735009
639,,,,,,,,,,,,,,,,,,,,,,,,,,,,452,Cionel Perez,BAL| HOU| CIN,LEFT,RP,6.333333333333334,0,7,7,2,2,0,6,8,0,0,0,0,0,2.842,2.053,0,0,0.0,-1.793,-2.031,-0.503,0.095,-0.466,-4.698,1.2859999999999996,2.743570389834147,,2.743570389834147
640,,,,,,,,,,,,,,,,,,,,,,,,,,,,453,Steve Cishek,CHA| ANA| WAS,RIGHT,RP,20.000000000000004,0,22,21,12,12,4,9,21,0,0,0,0,0,5.4,1.5,0,0,0.0,-1.793,-1.427,-0.503,-0.473,-0.509,-4.704,1.2800000000000002,2.7307699059002406,,2.7307699059002406
641,290,Daulton Varsho,TOR| ARI,32,8,LEFT,115,101,19,16,3,9,12,2,1,0.188,CF| CC,-1.702,-1.406,-2.018,-0.432,-1.087,-6.645,1.0050000000000008,7.65,2.7266489951341595,,,,,,,,,,,,,,,,,,,,,,,,,,,,,,,,,,,2.7266489951341595
642,,,,,,,,,,,,,,,,,,,,,,,,,,,,454,Anibal Sanchez,WAS,RIGHT,SP,53.00000000000001,11,11,70,40,39,11,18,43,4,5,0,0,0,6.623,1.66,11,2,0.208,0.518,-0.403,-0.503,-2.232,-2.088,-4.709,1.2750000000000004,2.720102835955318,,2.720102835955318
643,,,,,,,,,,,,,,,,,,,,,,,,,,,,455,Tyson Miller,CHN| TEX| LAN| MIL| NYN| SEA,RIGHT,P,5.0,1,2,2,3,3,1,3,0,0,0,0,0,0,5.4,1.0,0,0,0.0,-1.793,-2.404,-0.503,-0.118,0.091,-4.727,1.2569999999999997,2.6817013841535946,,2.6817013841535946
644,,,,,,,,,,,,,,,,,,,,,,,,,,,,456,Daniel Mengden,OAK| KCA,RIGHT,RP,12.333333333333334,1,4,14,5,5,2,7,10,0,1,0,0,0,3.649,1.703,1,0,0.081,-1.793,-1.938,-0.503,0.035,-0.531,-4.73,1.2539999999999996,2.675301142186641,,2.675301142186641
645,,,,,,,,,,,,,,,,,,,,,,,,,,,,457,Josh Taylor,BOS| KCA,LEFT,RP,7.333333333333333,0,8,7,8,8,2,5,7,1,1,0,0,0,9.818,1.636,0,0,0.0,-1.215,-2.078,-0.503,-0.663,-0.274,-4.733,1.2510000000000003,2.668900900219689,,2.668900900219689
646,,,,,,,,,,,,,,,,,,,,,,,,,,,,458,Adrian Houser,CHA| TBA| MIL| NYN,RIGHT,SP,56.0,11,12,63,41,33,8,21,44,1,6,0,0,0,5.304,1.5,4,5,0.071,-1.215,-0.356,-0.503,-1.241,-1.424,-4.74,1.2439999999999998,2.6539670022967954,,2.6539670022967954
647,,,,,,,,,,,,,,,,,,,,,,,,,,,,459,Andrew Suarez,SFN| SLN,LEFT,RP,9.666666666666666,0,6,9,4,4,1,6,5,0,0,0,0,0,3.724,1.552,0,0,0.0,-1.793,-2.171,-0.503,0.017,-0.289,-4.74,1.2439999999999998,2.6539670022967954,,2.6539670022967954
648,,,,,,,,,,,,,,,,,,,,,,,,,,,,460,Spencer Howard,PHI| TEX| CLE| SFN,RIGHT,SP,24.33333333333333,6,6,30,17,16,6,10,23,1,2,0,0,0,5.918,1.644,1,0,0.041,-1.215,-1.333,-0.503,-0.765,-0.924,-4.741,1.2430000000000003,2.651833588307812,,2.651833588307812
649,193,Alex Bregman,BOS| HOU,42,3,RIGHT,180,153,37,19,6,22,24,0,0,0.242,3B,-1.321,-0.672,-0.622,-1.0,-0.473,-4.089,0.9749999999999996,5.064,2.645256487816719,,,,,,,,,,,,,,,,,,,,,,,,,,,,,,,,,,,2.645256487816719
650,,,,,,,,,,,,,,,,,,,,,,,,,,,,461,Bruce Zimmermann,MIL| BAL,LEFT,P,7.0,1,2,6,6,6,2,2,7,0,0,0,0,0,7.714,1.143,0,0,0.0,-1.793,-2.078,-0.503,-0.41,0.04,-4.745,1.239,2.643299932351873,,2.643299932351873
651,,,,,,,,,,,,,,,,,,,,,,,,,,,,462,Jose Alvarado,PHI| TBA,LEFT,RP,8.999999999999998,0,9,9,7,6,2,6,13,0,0,0,0,0,6.0,1.667,1,0,0.111,-1.793,-1.799,-0.503,-0.294,-0.359,-4.749,1.2350000000000003,2.6347662763959354,,2.6347662763959354
652,,,,,,,,,,,,,,,,,,,,,,,,,,,,463,Keynan Middleton,ANA| SEA| ARI| CHA| NYA,RIGHT,RP,12.0,0,13,12,8,7,2,6,11,0,1,0,0,0,5.25,1.5,3,0,0.25,-1.793,-1.892,-0.503,-0.256,-0.305,-4.749,1.2350000000000003,2.6347662763959354,,2.6347662763959354
653,,,,,,,,,,,,,,,,,,,,,,,,,,,,464,Javy Guerra,WAS,RIGHT,RP,15.666666666666668,0,14,19,7,7,2,7,13,0,0,0,0,0,4.021,1.66,0,0,0.0,-1.793,-1.799,-0.503,-0.043,-0.616,-4.754,1.2300000000000004,2.624099206451013,,2.624099206451013
654,143,Rowdy Tellez,SEA| TEX| TOR| MIL| PIT,35,3,LEFT,127,113,32,20,8,23,11,0,1,0.283,DH| 1B,-1.194,-0.183,-0.515,-1.0,0.318,-2.574,0.967,3.541,2.6235518191987364,,,,,,,,,,,,,,,,,,,,,,,,,,,,,,,,,,,2.6235518191987364
655,,,,,,,,,,,,,,,,,,,,,,,,,,,,466,Matt Magill,SEA,RIGHT,RP,10.333333333333332,0,11,9,7,7,3,6,11,0,1,0,0,0,6.097,1.452,0,0,0.0,-1.793,-1.892,-0.503,-0.353,-0.219,-4.76,1.2240000000000002,2.6112987225171054,,2.6112987225171054
656,,,,,,,,,,,,,,,,,,,,,,,,,,,,465,Brian Moran,MIA| TOR| ANA,LEFT,RP,4.666666666666666,0,7,6,5,5,1,6,7,1,0,0,0,0,9.643,2.571,2,0,0.429,-1.215,-2.078,-0.503,-0.41,-0.554,-4.76,1.2240000000000002,2.6112987225171054,,2.6112987225171054
657,,,,,,,,,,,,,,,,,,,,,,,,,,,,467,Rick Porcello,NYN,RIGHT,SP,59.0,12,12,74,41,37,5,15,54,1,7,0,0,0,5.644,1.508,4,0,0.068,-1.215,0.109,-0.503,-1.612,-1.544,-4.765,1.2190000000000003,2.6006316525721824,,2.6006316525721824
658,,,,,,,,,,,,,,,,,,,,,,,,,,,,468,Ljay Newsome,SEA,RIGHT,SP,15.666666666666668,4,5,20,9,9,4,1,9,0,1,0,0,0,5.17,1.34,0,0,0.0,-1.793,-1.985,-0.503,-0.316,-0.181,-4.777,1.207,2.575030684704367,,2.575030684704367
659,,,,,,,,,,,,,,,,,,,,,,,,,,,,469,Ken Giles,TOR| SEA,RIGHT,RP,3.6666666666666665,0,4,4,4,4,2,4,6,0,0,1,0,0,9.818,2.182,0,0,0.0,-1.793,-2.124,-0.24,-0.332,-0.311,-4.8,1.1840000000000002,2.5259621629577227,,2.5259621629577227
660,,,,,,,,,,,,,,,,,,,,,,,,,,,,470,Beau Burrows,DET| MIN,RIGHT,RP,6.666666666666667,0,5,8,4,4,3,1,3,0,0,0,0,0,5.4,1.35,0,0,0.0,-1.793,-2.264,-0.503,-0.158,-0.082,-4.8,1.1840000000000002,2.5259621629577227,,2.5259621629577227
661,,,,,,,,,,,,,,,,,,,,,,,,,,,,471,Cole Hamels,ATL,LEFT,P,3.333333333333333,1,1,3,3,3,0,1,2,0,1,0,0,0,8.1,1.2,0,0,0.0,-1.793,-2.311,-0.503,-0.215,0.002,-4.819,1.165,2.4854272971670155,,2.4854272971670155
662,,,,,,,,,,,,,,,,,,,,,,,,,,,,472,Gio Gonzalez,CHA,LEFT,SP| RP,31.666666666666664,4,12,40,19,17,6,19,34,1,2,0,0,0,4.832,1.863,0,1,0.0,-1.215,-0.822,-0.503,-0.476,-1.807,-4.823,1.1609999999999996,2.476893641211076,,2.476893641211076
663,145,Ozzie Albies,ATL,29,2,SWITCH,124,118,32,21,6,19,5,3,1,0.271,2B,-1.066,-0.672,-0.945,-0.147,0.13,-2.701,0.907,3.608,2.4607668045638613,,,,,,,,,,,,,,,,,,,,,,,,,,,,,,,,,,,2.4607668045638613
664,,,,,,,,,,,,,,,,,,,,,,,,,,,,473,Logan Allen,CLE| BAL| ARI,LEFT,RP,10.666666666666668,0,3,12,4,4,1,7,7,0,0,0,0,0,3.375,1.781,1,0,0.094,-1.793,-2.078,-0.503,0.075,-0.532,-4.832,1.152,2.4576929153102167,,2.4576929153102167
665,186,Josh Reddick,HOU| ARI,56,7,LEFT,210,188,46,22,4,23,20,1,0,0.245,RF,-0.939,-1.162,-0.515,-0.716,-0.505,-3.837,0.8989999999999996,4.736,2.4390621359458766,,,,,,,,,,,,,,,,,,,,,,,,,,,,,,,,,,,2.4390621359458766
666,,,,,,,,,,,,,,,,,,,,,,,,,,,,474,James Kaprielian,OAK,RIGHT,RP,3.666666666666667,0,2,4,3,3,2,2,4,0,0,0,0,0,7.364,1.636,0,0,0.0,-1.793,-2.217,-0.503,-0.196,-0.137,-4.846,1.138,2.427825119464432,,2.427825119464432
667,,,,,,,,,,,,,,,,,,,,,,,,,,,,475,Bryan Abreu,HOU,RIGHT,RP,3.333333333333333,0,4,1,2,1,0,7,3,0,0,0,0,0,2.7,2.4,0,0,0.0,-1.793,-2.264,-0.503,0.057,-0.346,-4.849,1.1349999999999998,2.4214248774974783,,2.4214248774974783
668,,,,,,,,,,,,,,,,,,,,,,,,,,,,476,Jimmy Cordero,CHA| NYA,RIGHT,RP,26.666666666666664,0,30,33,21,18,2,9,22,1,2,0,0,0,6.075,1.575,2,2,0.075,-1.215,-1.38,-0.503,-0.902,-0.852,-4.853,1.1310000000000002,2.412891221541541,,2.412891221541541
669,,,,,,,,,,,,,,,,,,,,,,,,,,,,477,Kirby Yates,LAN| SDN| ATL| TEX,RIGHT,RP,4.333333333333333,0,6,7,6,6,1,4,8,0,1,2,0,0,12.461,2.538,0,0,0.0,-1.793,-2.031,0.023,-0.565,-0.502,-4.868,1.1159999999999997,2.380890011706771,,2.380890011706771
670,,,,,,,,,,,,,,,,,,,,,,,,,,,,478,Michael Wacha,KCA| NYN| TBA| BOS| SDN,RIGHT,SP,34.0,7,8,46,26,25,9,7,37,1,4,0,0,0,6.618,1.559,2,1,0.059,-1.215,-0.682,-0.503,-1.429,-1.039,-4.869,1.1150000000000002,2.378756597717788,,2.378756597717788
671,,,,,,,,,,,,,,,,,,,,,,,,,,,,479,Jorge Lopez,WAS| BAL| KCA| MIN| MIA| CHN| NYN,RIGHT,SP| RP,39.0,6,10,46,32,29,7,12,28,2,2,0,0,0,6.692,1.487,1,1,0.026,-0.638,-1.101,-0.503,-1.684,-0.948,-4.874,1.1100000000000003,2.3680895277728653,,2.3680895277728653
672,,,,,,,,,,,,,,,,,,,,,,,,,,,,480,Nick Neidert,MIA,RIGHT,RP,8.333333333333334,0,4,10,5,5,1,2,4,0,0,0,0,0,5.4,1.44,0,1,0.0,-1.793,-2.217,-0.503,-0.197,-0.168,-4.879,1.1050000000000004,2.357422457827943,,2.357422457827943
673,,,,,,,,,,,,,,,,,,,,,,,,,,,,481,Yacksel Rios,PIT| BOS| SEA| OAK,RIGHT,RP,4.0,0,3,3,4,4,0,2,3,0,0,0,0,0,9.0,1.25,0,0,0.0,-1.793,-2.264,-0.503,-0.312,-0.015,-4.887,1.0970000000000004,2.340355145916066,,2.340355145916066
674,,,,,,,,,,,,,,,,,,,,,,,,,,,,482,Artie Lewicki,ARI,RIGHT,RP,3.333333333333333,0,2,7,2,2,0,1,5,0,0,0,0,0,5.4,2.4,0,0,0.0,-1.793,-2.171,-0.503,-0.079,-0.346,-4.892,1.0919999999999996,2.329688075971142,,2.329688075971142
675,,,,,,,,,,,,,,,,,,,,,,,,,,,,483,Hunter Strickland,ANA| NYN| MIL| TBA| CIN,RIGHT,RP,3.333333333333333,0,4,5,4,3,0,1,4,0,1,0,0,0,8.1,1.8,0,1,0.0,-1.793,-2.217,-0.503,-0.215,-0.172,-4.9,1.0839999999999996,2.312620764059265,,2.312620764059265
676,,,,,,,,,,,,,,,,,,,,,,,,,,,,484,Matt Davidson,CIN| ARI| OAK,RIGHT,RP,3.333333333333333,0,3,4,2,2,1,2,1,0,0,0,0,0,5.4,1.8,0,0,0.0,-1.793,-2.357,-0.503,-0.079,-0.172,-4.904,1.08,2.304087108103328,,2.304087108103328
677,293,Tucker Barnhart,TEX| CIN| DET| CHN| ARI,37,9,LEFT,110,98,20,10,5,13,12,0,0,0.204,CC,-2.465,-0.917,-1.589,-1.0,-0.831,-6.802,0.8480000000000008,7.65,2.300694873506236,,,,,,,,,,,,,,,,,,,,,,,,,,,,,,,,,,,2.300694873506236
678,,,,,,,,,,,,,,,,,,,,,,,,,,,,485,Scott Blewett,ATL| BAL| MIN| KCA,RIGHT,RP,3.0,0,2,6,2,2,0,1,4,0,0,0,0,0,6.0,2.333,0,0,0.0,-1.793,-2.217,-0.503,-0.098,-0.294,-4.906,1.0780000000000003,2.2998202801253598,,2.2998202801253598
679,,,,,,,,,,,,,,,,,,,,,,,,,,,,486,Ian Hamilton,NYA| CHA| MIN,RIGHT,RP,4.0,0,4,4,2,2,0,5,4,0,0,0,0,0,4.5,2.25,0,0,0.0,-1.793,-2.217,-0.503,-0.04,-0.363,-4.917,1.0670000000000002,2.276352726246529,,2.276352726246529
680,,,,,,,,,,,,,,,,,,,,,,,,,,,,487,Nick Mears,MIL| PIT| COL,RIGHT,RP,5.0,0,4,4,3,3,1,7,7,0,0,0,0,0,5.4,2.2,0,0,0.0,-1.793,-2.078,-0.503,-0.118,-0.432,-4.924,1.0599999999999996,2.261418828323636,,2.261418828323636
681,,,,,,,,,,,,,,,,,,,,,,,,,,,,488,Anthony Banda,LAN| TBA| NYN| PIT| NYA| TOR| WAS,LEFT,RP,7.0,0,4,10,9,8,1,5,4,1,0,1,0,0,10.286,2.143,0,0,0.0,-1.215,-2.217,-0.24,-0.683,-0.57,-4.925,1.0590000000000002,2.259285414334652,,2.259285414334652
682,,,,,,,,,,,,,,,,,,,,,,,,,,,,489,Jake Odorizzi,MIN| HOU| ATL,RIGHT,SP,13.666666666666666,4,4,16,10,10,4,3,12,0,1,0,0,0,6.585,1.39,0,2,0.0,-1.793,-1.845,-0.503,-0.568,-0.217,-4.926,1.0579999999999998,2.257152000345667,,2.257152000345667
683,,,,,,,,,,,,,,,,,,,,,,,,,,,,490,Jose Quijada,ANA,LEFT,RP,3.666666666666667,0,6,6,4,3,1,2,6,0,1,0,0,0,7.364,2.182,0,0,0.0,-1.793,-2.124,-0.503,-0.196,-0.311,-4.927,1.0570000000000004,2.2550185863566834,,2.2550185863566834
684,,,,,,,,,,,,,,,,,,,,,,,,,,,,491,Johan Oviedo,PIT| SLN,RIGHT,SP,24.666666666666668,5,5,24,18,15,3,10,16,0,3,0,0,0,5.473,1.378,1,0,0.041,-1.793,-1.659,-0.503,-0.61,-0.366,-4.931,1.053,2.2464849304007446,,2.2464849304007446
685,,,,,,,,,,,,,,,,,,,,,,,,,,,,492,Michel Baez,SDN,RIGHT,RP,4.666666666666667,1,3,7,4,4,0,2,7,0,0,0,0,0,7.714,1.929,0,0,0.0,-1.793,-2.078,-0.503,-0.274,-0.293,-4.941,1.043,2.225150790510899,,2.225150790510899
686,,,,,,,,,,,,,,,,,,,,,,,,,,,,493,Mike Kickham,BOS| LAN,LEFT,SP| RP,14.0,2,6,21,12,12,6,5,17,1,1,0,0,0,7.714,1.857,0,1,0.0,-1.215,-1.613,-0.503,-0.821,-0.791,-4.943,1.0410000000000004,2.2208839625329304,,2.2208839625329304
687,187,Jorge Soler,ANA| KCA| ATL| MIA| SFN,43,2,RIGHT,174,149,34,17,8,24,19,0,0,0.228,DH| RF,-1.575,-0.183,-0.408,-1.0,-0.751,-3.918,0.8179999999999996,4.736,2.219302366188796,,,,,,,,,,,,,,,,,,,,,,,,,,,,,,,,,,,2.219302366188796
688,,,,,,,,,,,,,,,,,,,,,,,,,,,,494,Johan Quezada,MIA,RIGHT,RP,3.0,0,3,4,3,3,1,1,2,0,0,0,0,0,9.0,1.667,0,0,0.0,-1.793,-2.311,-0.503,-0.234,-0.12,-4.961,1.0229999999999997,2.182482510731207,,2.182482510731207
689,294,Chadwick Tromp,ATL| BAL| SFN,21,8,RIGHT,64,61,13,11,4,10,1,0,0,0.213,CC,-2.338,-1.162,-1.911,-1.0,-0.439,-6.849,0.8010000000000002,7.65,2.1731799453755825,,,,,,,,,,,,,,,,,,,,,,,,,,,,,,,,,,,2.1731799453755825
690,,,,,,,,,,,,,,,,,,,,,,,,,,,,495,Carlos Hernandez,CLE| DET| PHI| KCA,RIGHT,SP| RP,14.666666666666664,3,5,19,9,8,4,6,13,0,1,0,0,0,4.909,1.704,1,0,0.068,-1.793,-1.799,-0.503,-0.238,-0.634,-4.967,1.0170000000000003,2.169682026797301,,2.169682026797301
691,,,,,,,,,,,,,,,,,,,,,,,,,,,,496,Humberto Castellanos,HOU| ARI,RIGHT,RP,10.666666666666668,0,8,12,8,8,2,5,12,0,1,0,0,0,6.75,1.594,0,0,0.0,-1.793,-1.845,-0.503,-0.47,-0.358,-4.97,1.0140000000000002,2.163281784830347,,2.163281784830347
692,,,,,,,,,,,,,,,,,,,,,,,,,,,,497,Jon Gray,TEX| COL,RIGHT,SP,39.0,8,8,45,31,29,6,11,22,2,4,0,0,0,6.692,1.436,1,1,0.026,-0.638,-1.38,-0.503,-1.684,-0.774,-4.979,1.005,2.144081058929485,,2.144081058929485
693,,,,,,,,,,,,,,,,,,,,,,,,,,,,498,Trevor Williams,WAS| PIT| CHN| NYN,RIGHT,SP,55.333333333333336,11,11,66,42,38,15,21,49,2,8,0,0,0,6.181,1.572,4,0,0.072,-0.638,-0.124,-0.503,-1.961,-1.755,-4.981,1.003,2.1398142309515165,,2.1398142309515165
694,,,,,,,,,,,,,,,,,,,,,,,,,,,,499,Sean Doolittle,WAS| CIN| SEA,LEFT,RP,7.666666666666666,0,11,9,6,5,3,4,6,0,2,0,0,0,5.87,1.696,0,0,0.0,-1.793,-2.124,-0.503,-0.236,-0.326,-4.982,1.0019999999999998,2.1376808169625314,,2.1376808169625314
695,,,,,,,,,,,,,,,,,,,,,,,,,,,,500,John Schreiber,KCA| DET| BOS,RIGHT,RP,15.666666666666666,0,15,19,11,11,2,4,14,0,1,0,0,0,6.319,1.468,0,0,0.0,-1.793,-1.752,-0.503,-0.588,-0.355,-4.991,0.9930000000000004,2.1184800910616715,,2.1184800910616715
696,,,,,,,,,,,,,,,,,,,,,,,,,,,,501,Edgar Garcia,TBA| CIN| MIN,RIGHT,RP,3.333333333333333,0,4,3,4,4,2,4,1,0,0,1,0,0,10.8,2.1,0,0,0.0,-1.793,-2.357,-0.24,-0.351,-0.259,-5.0,0.984,2.0992793651608097,,2.0992793651608097
697,,,,,,,,,,,,,,,,,,,,,,,,,,,,502,Ian Gibaut,CIN| TEX| MIN| CLE,RIGHT,RP,12.333333333333332,0,14,11,10,9,2,9,14,0,1,0,0,0,6.568,1.622,1,0,0.081,-1.793,-1.752,-0.503,-0.509,-0.444,-5.002,0.9820000000000002,2.095012537182841,,2.095012537182841
698,,,,,,,,,,,,,,,,,,,,,,,,,,,,504,Josh James,HOU,RIGHT,SP| RP,17.333333333333332,2,13,15,14,14,4,17,21,1,0,0,0,0,7.269,1.846,2,1,0.115,-1.215,-1.427,-0.503,-0.9,-0.963,-5.008,0.976,2.082212053248933,,2.082212053248933
699,,,,,,,,,,,,,,,,,,,,,,,,,,,,503,Luke Farrell,TEX| MIN| CHN| CIN,RIGHT,RP,5.333333333333333,0,4,5,5,5,1,5,8,0,0,0,0,0,8.438,1.875,0,0,0.0,-1.793,-2.031,-0.503,-0.371,-0.31,-5.008,0.976,2.082212053248933,,2.082212053248933
700,,,,,,,,,,,,,,,,,,,,,,,,,,,,505,JoJo Romero,SLN| PHI,LEFT,RP,10.666666666666666,0,12,13,10,9,1,2,10,0,0,0,0,0,7.594,1.406,0,0,0.0,-1.793,-1.938,-0.503,-0.606,-0.184,-5.025,0.9589999999999996,2.045944015436195,,2.045944015436195
701,,,,,,,,,,,,,,,,,,,,,,,,,,,,506,Humberto Mejia,MIA| ARI,RIGHT,SP,10.0,3,3,13,8,6,3,6,11,0,2,0,0,0,5.4,1.9,1,1,0.1,-1.793,-1.892,-0.503,-0.236,-0.603,-5.027,0.957,2.0416771874582262,,2.0416771874582262
702,,,,,,,,,,,,,,,,,,,,,,,,,,,,507,Reynaldo Lopez,ATL| CHA| ANA| CLE,RIGHT,SP,26.33333333333333,8,8,28,21,19,9,15,24,1,3,0,0,0,6.494,1.633,1,1,0.038,-1.215,-1.287,-0.503,-1.058,-0.974,-5.038,0.9459999999999996,2.018209633579396,,2.018209633579396
703,,,,,,,,,,,,,,,,,,,,,,,,,,,,508,Ramon Rosso,PHI,RIGHT,RP,9.666666666666666,1,7,9,7,7,1,8,11,0,1,0,0,0,6.517,1.759,1,0,0.103,-1.793,-1.892,-0.503,-0.392,-0.464,-5.043,0.9409999999999998,2.0075425636344733,,2.0075425636344733
704,148,Pat Valaika,BAL,52,7,RIGHT,150,141,39,24,8,16,8,0,2,0.277,SS| 1B| 2B,-0.685,-0.183,-1.267,-1.0,0.264,-2.871,0.7370000000000001,3.608,1.9995425964317155,,,,,,,,,,,,,,,,,,,,,,,,,,,,,,,,,,,1.9995425964317155
705,189,Justin Upton,ANA| SEA,42,6,RIGHT,166,147,30,20,9,22,11,0,2,0.204,LF,-1.194,0.061,-0.622,-1.0,-1.247,-4.002,0.734,4.736,1.991403345699972,,,,,,,,,,,,,,,,,,,,,,,,,,,,,,,,,,,1.991403345699972
706,,,,,,,,,,,,,,,,,,,,,,,,,,,,509,Nate Jones,CIN| ATL| LAN,RIGHT,RP,18.666666666666664,0,21,25,13,13,5,6,23,0,1,0,0,0,6.268,1.661,1,0,0.054,-1.793,-1.333,-0.503,-0.686,-0.736,-5.052,0.9320000000000004,1.9883418377336133,,1.9883418377336133
707,,,,,,,,,,,,,,,,,,,,,,,,,,,,510,Corey Knebel,MIL| LAN| PHI,RIGHT,RP,13.333333333333332,0,15,15,9,9,4,8,15,0,0,0,0,0,6.075,1.725,1,1,0.075,-1.793,-1.706,-0.503,-0.451,-0.6,-5.053,0.931,1.986208423744628,,1.986208423744628
708,,,,,,,,,,,,,,,,,,,,,,,,,,,,511,Ricardo Sanchez,SLN,LEFT,RP,5.333333333333333,0,3,5,4,4,1,5,4,0,0,0,0,0,6.75,1.875,0,0,0.0,-1.793,-2.217,-0.503,-0.235,-0.31,-5.058,0.9260000000000002,1.9755413537997053,,1.9755413537997053
709,,,,,,,,,,,,,,,,,,,,,,,,,,,,512,Carlos Estevez,KCA| COL| ANA| PHI,RIGHT,RP,24.000000000000004,0,26,33,21,20,6,9,27,1,3,1,0,0,7.5,1.75,1,0,0.042,-1.215,-1.147,-0.24,-1.329,-1.133,-5.065,0.9189999999999996,1.9606074558768125,,1.9606074558768125
710,,,,,,,,,,,,,,,,,,,,,,,,,,,,513,Clarke Schmidt,NYA,RIGHT,RP,6.333333333333333,1,3,7,5,5,0,5,7,0,1,0,0,0,7.105,1.895,1,0,0.158,-1.793,-2.078,-0.503,-0.313,-0.379,-5.066,0.918,1.9584740418878288,,1.9584740418878288
711,,,,,,,,,,,,,,,,,,,,,,,,,,,,514,Glenn Sparkman,KCA,RIGHT,RP,5.0,0,4,9,6,3,0,1,2,0,0,0,0,0,5.4,2.0,0,0,0.0,-1.793,-2.311,-0.503,-0.118,-0.345,-5.07,0.9139999999999996,1.9499403859318896,,1.9499403859318896
712,,,,,,,,,,,,,,,,,,,,,,,,,,,,515,Kevin McCarthy,KCA,RIGHT,RP,6.0,0,5,10,3,3,1,2,2,0,0,0,0,0,4.5,2.0,0,0,0.0,-1.793,-2.311,-0.503,-0.06,-0.414,-5.081,0.9029999999999996,1.9264728320530595,,1.9264728320530595
713,,,,,,,,,,,,,,,,,,,,,,,,,,,,516,Sam Coonrod,SFN| PHI| NYN,RIGHT,RP,14.666666666666666,0,18,17,16,16,2,7,15,0,2,3,0,0,9.818,1.636,3,0,0.205,-1.793,-1.706,0.287,-1.327,-0.547,-5.086,0.8979999999999997,1.9158057621081368,,1.9158057621081368
714,,,,,,,,,,,,,,,,,,,,,,,,,,,,517,Robert Stock,BOS| CHN| NYN,RIGHT,RP,13.333333333333332,0,10,16,9,7,0,10,14,0,1,0,0,0,4.725,1.95,0,0,0.0,-1.793,-1.752,-0.503,-0.179,-0.862,-5.089,0.8949999999999996,1.9094055201411828,,1.9094055201411828
715,297,Francisco Cervelli,MIA,16,6,RIGHT,62,53,13,10,3,7,8,1,0,0.245,CC,-2.465,-1.406,-2.233,-0.716,-0.138,-6.958,0.6920000000000002,7.65,1.8774538354555597,,,,,,,,,,,,,,,,,,,,,,,,,,,,,,,,,,,1.8774538354555597
716,190,Leody Taveras,SEA| TEX,32,1,SWITCH,134,119,27,20,4,6,14,8,0,0.227,CF,-1.194,-1.162,-2.34,1.274,-0.622,-4.044,0.6920000000000002,4.736,1.8774538354555597,,,,,,,,,,,,,,,,,,,,,,,,,,,,,,,,,,,1.8774538354555597
717,191,Randy Arozarena,SEA| TBA,22,2,RIGHT,76,64,18,15,7,11,6,3,0,0.281,LF,-1.829,-0.428,-1.803,-0.147,0.162,-4.046,0.6899999999999995,4.736,1.8720276683010617,,,,,,,,,,,,,,,,,,,,,,,,,,,,,,,,,,,1.8720276683010617
718,,,,,,,,,,,,,,,,,,,,,,,,,,,,518,Wade Miley,CIN| CHN| MIL,LEFT,SP| RP,14.333333333333334,4,6,15,10,9,1,9,12,0,3,0,0,0,5.651,1.674,1,0,0.07,-1.793,-1.845,-0.503,-0.393,-0.582,-5.117,0.867,1.849669928449616,,1.849669928449616
719,,,,,,,,,,,,,,,,,,,,,,,,,,,,520,Ryne Harper,WAS,RIGHT,RP,23.666666666666664,0,23,29,21,20,5,9,25,1,0,0,0,0,7.606,1.606,1,0,0.042,-1.215,-1.24,-0.503,-1.349,-0.82,-5.127,0.8570000000000002,1.8283357885597704,,1.8283357885597704
720,,,,,,,,,,,,,,,,,,,,,,,,,,,,519,Yoan Lopez,ARI| NYN,RIGHT,RP,19.666666666666668,0,20,21,15,13,4,9,16,0,1,0,0,0,5.949,1.525,1,0,0.051,-1.793,-1.659,-0.503,-0.628,-0.544,-5.127,0.8570000000000002,1.8283357885597704,,1.8283357885597704
721,,,,,,,,,,,,,,,,,,,,,,,,,,,,521,Dylan Covey,BOS| LAN| PHI,RIGHT,RP,13.999999999999998,0,8,18,11,11,2,2,11,0,0,0,0,0,7.071,1.429,0,1,0.0,-1.793,-1.892,-0.503,-0.685,-0.269,-5.142,0.8419999999999996,1.796334578725001,,1.796334578725001
722,300,Jacob Nottingham,MIL| SEA,17,9,RIGHT,54,48,9,8,4,13,5,0,0,0.188,CC,-2.72,-1.162,-1.589,-1.0,-0.521,-6.991,0.6590000000000007,7.65,1.7879220774063795,,,,,,,,,,,,,,,,,,,,,,,,,,,,,,,,,,,1.7879220774063795
723,,,,,,,,,,,,,,,,,,,,,,,,,,,,522,Jose Urena,ANA| LAN| MIN| NYN| TOR| MIA| DET| COL| MIL| CHA| TEX,RIGHT,SP,23.33333333333333,5,5,22,15,14,4,13,15,0,3,0,0,0,5.4,1.5,3,0,0.129,-1.793,-1.706,-0.503,-0.551,-0.593,-5.146,0.8380000000000001,1.7878009227690637,,1.7878009227690637
724,301,Victor Caratini,HOU| CHN| SDN| MIL,43,8,SWITCH,132,116,28,10,1,16,12,0,1,0.241,DH| CC,-2.465,-1.895,-1.267,-1.0,-0.366,-6.993,0.657,7.65,1.782495910251882,,,,,,,,,,,,,,,,,,,,,,,,,,,,,,,,,,,1.782495910251882
725,,,,,,,,,,,,,,,,,,,,,,,,,,,,523,Tommy Milone,ATL| BAL| TOR| SEA,LEFT,SP,39.0,9,9,55,34,29,9,6,40,1,4,0,0,0,6.692,1.564,2,0,0.051,-1.215,-0.542,-0.503,-1.684,-1.209,-5.154,0.8300000000000001,1.7707336108571872,,1.7707336108571872
726,,,,,,,,,,,,,,,,,,,,,,,,,,,,524,Alex Wood,LAN| SFN| OAK,LEFT,SP| RP,12.666666666666666,2,9,17,11,9,2,6,15,0,1,0,0,0,6.395,1.816,0,1,0.0,-1.793,-1.706,-0.503,-0.49,-0.67,-5.162,0.8220000000000001,1.753666298945311,,1.753666298945311
727,,,,,,,,,,,,,,,,,,,,,,,,,,,,525,Carlos Rodon,NYA| CHA| SFN,LEFT,SP| RP,7.666666666666666,2,4,9,7,7,1,3,6,0,2,0,0,0,8.217,1.565,2,0,0.261,-1.793,-2.124,-0.503,-0.508,-0.238,-5.167,0.8170000000000002,1.7429992290003882,,1.7429992290003882
728,194,Shin-Soo Choo,TEX,33,1,LEFT,127,110,26,13,5,15,13,6,2,0.236,DH| LF,-2.084,-0.917,-1.374,0.705,-0.426,-4.095,0.641,4.736,1.7390865730159153,,,,,,,,,,,,,,,,,,,,,,,,,,,,,,,,,,,1.7390865730159153
729,303,Kyle Higashioka,TEX| NYA| SDN,16,8,RIGHT,48,48,12,7,4,10,0,0,0,0.25,CC,-2.847,-1.162,-1.911,-1.0,-0.093,-7.012,0.6380000000000008,7.65,1.7309473222841736,,,,,,,,,,,,,,,,,,,,,,,,,,,,,,,,,,,1.7309473222841736
730,,,,,,,,,,,,,,,,,,,,,,,,,,,,526,Cy Sneed,HOU,RIGHT,RP,17.333333333333336,0,18,22,15,11,3,10,21,0,3,0,0,0,5.712,1.846,0,0,0.0,-1.793,-1.427,-0.503,-0.491,-0.963,-5.177,0.8070000000000004,1.721665089110543,,1.721665089110543
731,,,,,,,,,,,,,,,,,,,,,,,,,,,,527,Robert Stephenson,ANA| CIN| COL| PIT| TBA,RIGHT,RP,10.0,0,10,11,11,11,8,3,13,0,0,0,0,0,9.9,1.4,0,2,0.0,-1.793,-1.799,-0.503,-0.917,-0.167,-5.179,0.8049999999999997,1.7173982611325724,,1.7173982611325724
732,,,,,,,,,,,,,,,,,,,,,,,,,,,,528,Ryan Castellani,COL| OAK,RIGHT,SP,43.333333333333336,9,10,37,30,28,12,26,25,1,4,0,0,0,5.815,1.454,2,1,0.046,-1.215,-1.24,-0.503,-1.296,-0.928,-5.183,0.8010000000000002,1.708864605176635,,1.708864605176635
733,,,,,,,,,,,,,,,,,,,,,,,,,,,,529,Phillip Diehl,COL| CIN,LEFT,RP,5.999999999999999,0,6,7,7,7,2,1,4,0,0,0,0,0,10.5,1.333,0,0,0.0,-1.793,-2.217,-0.503,-0.605,-0.065,-5.184,0.7999999999999998,1.7067311911876497,,1.7067311911876497
734,,,,,,,,,,,,,,,,,,,,,,,,,,,,530,Andrew Triggs,BOS| SFN,RIGHT,SP| RP,8.333333333333334,2,5,8,7,7,3,6,7,0,2,0,0,0,7.56,1.68,1,0,0.12,-1.793,-2.078,-0.503,-0.469,-0.343,-5.186,0.798,1.7024643632096812,,1.7024643632096812
735,,,,,,,,,,,,,,,,,,,,,,,,,,,,531,Reggie McClain,PHI,RIGHT,RP,5.333333333333334,0,5,9,6,3,1,3,2,0,0,0,0,0,5.062,2.25,0,0,0.0,-1.793,-2.311,-0.503,-0.099,-0.484,-5.189,0.7949999999999999,1.6960641212427272,,1.6960641212427272
736,,,,,,,,,,,,,,,,,,,,,,,,,,,,532,Shun Yamaguchi,TOR,RIGHT,RP,25.666666666666664,0,17,28,25,23,6,17,26,2,4,0,0,0,8.065,1.753,0,1,0.0,-0.638,-1.194,-0.503,-1.641,-1.219,-5.194,0.79,1.6853970512978047,,1.6853970512978047
737,,,,,,,,,,,,,,,,,,,,,,,,,,,,533,Hoby Milner,TEX| ANA| MIL,LEFT,RP,13.333333333333334,0,19,13,12,12,5,6,13,0,0,0,0,0,8.1,1.425,0,0,0.0,-1.793,-1.799,-0.503,-0.86,-0.252,-5.206,0.7779999999999996,1.659796083429989,,1.659796083429989
738,,,,,,,,,,,,,,,,,,,,,,,,,,,,534,Chris Rusin,ATL,LEFT,P,3.333333333333333,0,1,6,3,3,1,3,3,0,0,0,0,0,8.1,2.7,1,0,0.3,-1.793,-2.264,-0.503,-0.215,-0.433,-5.208,0.7759999999999998,1.6555292554520202,,1.6555292554520202
739,,,,,,,,,,,,,,,,,,,,,,,,,,,,535,Madison Bumgarner,ARI,LEFT,SP,41.66666666666666,9,9,47,31,30,13,13,30,1,4,0,0,0,6.48,1.44,4,0,0.096,-1.215,-1.008,-0.503,-1.665,-0.842,-5.233,0.7510000000000003,1.6021939057274073,,1.6021939057274073
740,,,,,,,,,,,,,,,,,,,,,,,,,,,,537,Hector Rondon,ARI,RIGHT,RP,20.0,0,23,25,18,17,6,11,23,1,0,0,0,0,7.65,1.8,2,0,0.1,-1.215,-1.333,-0.503,-1.153,-1.031,-5.236,0.7480000000000002,1.5957936637604533,,1.5957936637604533
741,,,,,,,,,,,,,,,,,,,,,,,,,,,,536,David Hess,BAL| MIA| TBA,RIGHT,RP,7.0,0,3,10,5,5,1,2,1,0,0,0,0,0,6.429,1.714,0,0,0.0,-1.793,-2.357,-0.503,-0.274,-0.309,-5.236,0.7480000000000002,1.5957936637604533,,1.5957936637604533
742,,,,,,,,,,,,,,,,,,,,,,,,,,,,538,Jairo Diaz,COL,RIGHT,RP,20.0,0,24,31,21,17,4,14,17,1,2,4,0,0,7.65,2.25,0,0,0.0,-1.215,-1.613,0.55,-1.153,-1.815,-5.246,0.7379999999999995,1.5744595238706065,,1.5744595238706065
743,,,,,,,,,,,,,,,,,,,,,,,,,,,,539,David Bednar,NYA| PIT| SDN,RIGHT,RP,6.333333333333333,0,4,11,6,5,1,2,5,0,0,0,0,0,7.105,2.053,1,0,0.158,-1.793,-2.171,-0.503,-0.313,-0.466,-5.246,0.7379999999999995,1.5744595238706065,,1.5744595238706065
744,,,,,,,,,,,,,,,,,,,,,,,,,,,,540,Randy Rosario,KCA,LEFT,RP,3.333333333333333,0,4,7,3,3,1,3,4,0,1,0,0,0,8.1,3.0,0,0,0.0,-1.793,-2.217,-0.503,-0.215,-0.52,-5.249,0.7350000000000003,1.5680592819036543,,1.5680592819036543
745,,,,,,,,,,,,,,,,,,,,,,,,,,,,541,Trevor Kelley,PHI| MIL| TBA,RIGHT,RP,3.333333333333333,0,4,8,4,4,2,1,5,0,0,0,0,0,10.8,2.7,0,0,0.0,-1.793,-2.171,-0.503,-0.351,-0.433,-5.251,0.7329999999999997,1.5637924539256838,,1.5637924539256838
746,,,,,,,,,,,,,,,,,,,,,,,,,,,,542,Dominic Leone,CLE| SFN| ANA| NYN| SEA| CHA,RIGHT,RP,9.666666666666668,0,12,14,9,9,3,5,16,0,0,0,0,0,8.379,1.966,0,0,0.0,-1.793,-1.659,-0.503,-0.664,-0.638,-5.257,0.7270000000000003,1.5509919699917778,,1.5509919699917778
747,,,,,,,,,,,,,,,,,,,,,,,,,,,,543,Mike King,SDN| NYA,RIGHT,SP| RP,26.666666666666668,4,9,30,23,23,5,11,26,1,2,0,0,0,7.763,1.538,0,0,0.0,-1.215,-1.194,-0.503,-1.583,-0.765,-5.26,0.7240000000000002,1.5445917280248238,,1.5445917280248238
748,,,,,,,,,,,,,,,,,,,,,,,,,,,,544,Sean Gilmartin,TBA,LEFT,RP,4.333333333333334,0,2,7,4,4,2,4,5,0,0,0,0,0,8.308,2.538,0,0,0.0,-1.793,-2.171,-0.503,-0.293,-0.502,-5.262,0.7220000000000004,1.540324900046855,,1.540324900046855
749,,,,,,,,,,,,,,,,,,,,,,,,,,,,545,Sam Gaviglio,TOR,RIGHT,RP,3.0,0,4,3,3,3,0,5,1,0,1,0,0,0,9.0,2.667,0,0,0.0,-1.793,-2.357,-0.503,-0.234,-0.381,-5.269,0.7149999999999999,1.525391002123962,,1.525391002123962
750,,,,,,,,,,,,,,,,,,,,,,,,,,,,546,Josh A. Smith,MIA,RIGHT,RP,26.33333333333333,1,16,33,21,20,3,11,18,1,1,1,0,0,6.835,1.671,1,0,0.038,-1.215,-1.566,-0.24,-1.194,-1.062,-5.277,0.7069999999999999,1.5083236902120856,,1.5083236902120856
751,,,,,,,,,,,,,,,,,,,,,,,,,,,,547,Tyler Bashlor,PIT,RIGHT,RP,8.333333333333332,0,8,9,8,8,2,4,6,0,0,0,0,0,8.64,1.56,2,0,0.24,-1.793,-2.124,-0.503,-0.605,-0.255,-5.281,0.7030000000000003,1.499790034256148,,1.499790034256148
752,310,Chance Sisco,BAL| NYN,35,5,LEFT,121,98,21,11,4,10,17,0,0,0.214,CC| DH,-2.338,-1.162,-1.911,-1.0,-0.689,-7.099,0.5510000000000002,7.65,1.494909051063603,,,,,,,,,,,,,,,,,,,,,,,,,,,,,,,,,,,1.494909051063603
753,,,,,,,,,,,,,,,,,,,,,,,,,,,,548,Ryne Stanek,NYN| MIA| HOU| SEA,RIGHT,RP,10.0,0,9,11,8,8,3,8,11,0,0,0,0,0,7.2,1.9,0,0,0.0,-1.793,-1.892,-0.503,-0.509,-0.603,-5.299,0.6849999999999996,1.4613885824544246,,1.4613885824544246
754,,,,,,,,,,,,,,,,,,,,,,,,,,,,549,Luke Weaver,NYA| ARI| KCA| CIN| SEA,RIGHT,SP,52.00000000000001,12,12,63,39,38,10,18,55,1,9,0,0,0,6.577,1.558,1,2,0.019,-1.215,0.155,-0.503,-2.154,-1.584,-5.301,0.6829999999999998,1.457121754476456,,1.457121754476456
755,,,,,,,,,,,,,,,,,,,,,,,,,,,,551,Jordan Zimmermann,DET| MIL,RIGHT,SP,5.666666666666667,2,3,11,6,5,0,2,6,0,0,0,0,0,7.941,2.294,0,1,0.0,-1.793,-2.124,-0.503,-0.352,-0.536,-5.308,0.6760000000000002,1.4421878565535646,,1.4421878565535646
756,,,,,,,,,,,,,,,,,,,,,,,,,,,,550,Gabe Speier,SEA| KCA,LEFT,RP,5.666666666666667,0,8,9,5,5,1,4,6,0,1,0,0,0,7.941,2.294,2,0,0.353,-1.793,-2.124,-0.503,-0.352,-0.536,-5.308,0.6760000000000002,1.4421878565535646,,1.4421878565535646
757,196,Roman Quinn,PHI| TBA,38,9,SWITCH,116,108,23,14,2,7,5,12,0,0.213,CF,-1.957,-1.651,-2.233,2.411,-0.779,-4.209,0.5270000000000001,4.736,1.4297950452096528,,,,,,,,,,,,,,,,,,,,,,,,,,,,,,,,,,,1.4297950452096528
758,150,Javier Baez,DET| CHN| NYN,58,3,RIGHT,235,222,45,27,8,24,7,3,0,0.203,SS,-0.304,-0.183,-0.408,-0.147,-1.927,-2.969,0.524,3.493,1.421655794477909,,,,,,,,,,,,,,,,,,,,,,,,,,,,,,,,,,,1.421655794477909
759,,,,,,,,,,,,,,,,,,,,,,,,,,,,552,Chase Anderson,TOR| PHI| CIN| COL| TBA| BOS| TEX,RIGHT,SP| RP,33.66666666666667,7,10,45,29,27,11,10,38,1,2,0,0,0,7.218,1.634,1,0,0.03,-1.215,-0.636,-0.503,-1.721,-1.248,-5.323,0.6609999999999996,1.4101866467187951,,1.4101866467187951
760,208,Edwin Rios,LAN| CHN| CIN,30,8,LEFT,83,76,19,13,8,17,4,0,0,0.25,3B,-2.084,-0.183,-1.159,-1.0,-0.146,-4.573,0.4909999999999996,5.064,1.3321240364287266,,,,,,,,,,,,,,,,,,,,,,,,,,,,,,,,,,,1.3321240364287266
761,199,Adam Eaton,WAS| ANA| CHA,41,2,LEFT,176,159,36,22,4,17,12,3,0,0.226,RF,-0.939,-1.162,-1.159,-0.147,-0.842,-4.249,0.4870000000000001,4.736,1.3212717021197362,,,,,,,,,,,,,,,,,,,,,,,,,,,,,,,,,,,1.3212717021197362
762,156,Kolten Wong,SLN| MIL| LAN| SEA,52,1,LEFT,208,181,48,26,1,16,20,5,2,0.265,2B,-0.431,-1.895,-1.267,0.421,0.044,-3.127,0.4810000000000003,3.608,1.3049932006562492,,,,,,,,,,,,,,,,,,,,,,,,,,,,,,,,,,,1.3049932006562492
763,,,,,,,,,,,,,,,,,,,,,,,,,,,,553,Chad Sobotka,ATL,RIGHT,RP,3.6666666666666665,0,4,6,5,5,0,2,2,0,0,0,0,0,12.273,2.182,0,0,0.0,-1.793,-2.311,-0.503,-0.468,-0.311,-5.385,0.5990000000000002,1.2779149794017537,,1.2779149794017537
764,,,,,,,,,,,,,,,,,,,,,,,,,,,,554,Stephen Strasburg,WAS,RIGHT,SP,5.0,2,2,8,6,6,1,1,2,0,1,0,0,0,10.8,1.8,0,0,0.0,-1.793,-2.311,-0.503,-0.527,-0.258,-5.391,0.593,1.2651144954678455,,1.2651144954678455
765,,,,,,,,,,,,,,,,,,,,,,,,,,,,555,Huascar Ynoa,ATL,RIGHT,SP| RP,21.666666666666668,5,9,23,14,14,2,13,17,0,0,0,0,0,5.815,1.661,4,0,0.185,-1.793,-1.613,-0.503,-0.648,-0.856,-5.413,0.5709999999999997,1.2181793877101847,,1.2181793877101847
766,160,Ty France,MIN| TOR| SDN| SEA| CIN,43,5,RIGHT,155,141,43,19,4,23,11,0,0,0.305,DH| 2B,-1.321,-1.162,-0.515,-1.0,0.835,-3.162,0.4460000000000002,3.608,1.2100352754525716,,,,,,,,,,,,,,,,,,,,,,,,,,,,,,,,,,,1.2100352754525716
767,,,,,,,,,,,,,,,,,,,,,,,,,,,,556,Brooks Kriske,CHN| MIN| NYA| BAL| KCA,RIGHT,RP,3.6666666666666665,0,4,3,6,6,1,7,8,0,0,0,0,0,14.727,2.727,0,0,0.0,-1.793,-2.031,-0.503,-0.604,-0.485,-5.417,0.5670000000000002,1.2096457317542475,,1.2096457317542475
768,,,,,,,,,,,,,,,,,,,,,,,,,,,,557,Ariel Jurado,NYN,RIGHT,P,4.0,1,1,9,5,5,1,0,2,0,0,0,0,0,11.25,2.25,0,0,0.0,-1.793,-2.311,-0.503,-0.448,-0.363,-5.418,0.5659999999999998,1.2075123177652622,,1.2075123177652622
769,,,,,,,,,,,,,,,,,,,,,,,,,,,,558,Jeff Hoffman,TOR| COL| CIN| PHI,RIGHT,RP,21.333333333333336,0,16,32,23,22,3,9,20,2,1,1,0,0,9.281,1.922,2,1,0.094,-0.638,-1.473,-0.24,-1.756,-1.326,-5.433,0.5510000000000002,1.1755111079304943,,1.1755111079304943
770,153,Jorge Polanco,SEA| MIN,55,2,SWITCH,226,209,54,22,4,19,13,4,2,0.258,SS,-0.939,-1.162,-0.945,0.137,-0.153,-3.061,0.4319999999999999,3.493,1.1720521053711002,,,,,,,,,,,,,,,,,,,,,,,,,,,,,,,,,,,1.1720521053711002
771,,,,,,,,,,,,,,,,,,,,,,,,,,,,559,Zack Burdi,CHA| BAL| TBA,RIGHT,RP,7.333333333333333,0,8,11,11,9,4,3,11,0,1,0,0,0,11.046,1.909,0,0,0.0,-1.793,-1.892,-0.503,-0.799,-0.448,-5.435,0.5490000000000004,1.1712442799525258,,1.1712442799525258
772,,,,,,,,,,,,,,,,,,,,,,,,,,,,560,Luis Garcia,ANA| LAN| WAS| TEX| SLN| SDN| BOS,RIGHT,SP| RP,8.333333333333332,2,11,10,9,7,1,9,11,0,2,0,0,0,7.56,2.28,0,0,0.0,-1.793,-1.892,-0.503,-0.469,-0.778,-5.435,0.5490000000000004,1.1712442799525258,,1.1712442799525258
773,,,,,,,,,,,,,,,,,,,,,,,,,,,,561,Jonathan Stiever,CHA,RIGHT,SP,6.333333333333333,2,2,7,7,7,4,4,3,0,1,0,0,0,9.947,1.737,0,0,0.0,-1.793,-2.264,-0.503,-0.585,-0.292,-5.437,0.5469999999999997,1.1669774519745553,,1.1669774519745553
774,,,,,,,,,,,,,,,,,,,,,,,,,,,,562,Jesse Chavez,ATL| TEX| ANA| CHN,RIGHT,RP,17.0,0,18,20,13,13,6,7,13,0,0,0,0,0,6.882,1.588,0,0,0.0,-1.793,-1.799,-0.503,-0.783,-0.563,-5.441,0.5430000000000001,1.1584437960186178,,1.1584437960186178
775,,,,,,,,,,,,,,,,,,,,,,,,,,,,563,Colten Brewer,BOS| NYA| CHN,RIGHT,SP| RP,25.666666666666668,4,11,31,17,16,6,14,25,0,3,0,0,0,5.61,1.753,3,0,0.117,-1.793,-1.24,-0.503,-0.688,-1.219,-5.443,0.5410000000000004,1.1541769680406493,,1.1541769680406493
776,,,,,,,,,,,,,,,,,,,,,,,,,,,,564,Nick Goody,TEX,RIGHT,RP,11.000000000000002,1,17,14,12,11,3,8,13,0,2,1,0,0,9.0,2.0,0,0,0.0,-1.793,-1.799,-0.24,-0.859,-0.759,-5.449,0.5350000000000001,1.1413764841067413,,1.1413764841067413
777,,,,,,,,,,,,,,,,,,,,,,,,,,,,565,Jeffrey Springs,ATH| BOS| TBA,LEFT,RP,20.33333333333333,0,16,30,18,16,5,7,28,0,2,0,0,0,7.082,1.82,1,0,0.049,-1.793,-1.101,-0.503,-0.998,-1.083,-5.478,0.5060000000000002,1.079507478426189,,1.079507478426189
778,317,Jose Trevino,CIN| TEX| NYA,22,5,RIGHT,83,76,19,10,2,9,3,0,0,0.25,CC,-2.465,-1.651,-2.018,-1.0,-0.146,-7.28,0.3700000000000001,7.65,1.0038409235817298,,,,,,,,,,,,,,,,,,,,,,,,,,,,,,,,,,,1.0038409235817298
779,,,,,,,,,,,,,,,,,,,,,,,,,,,,566,Kyle Funkhouser,DET,RIGHT,RP,17.333333333333336,0,13,22,14,14,3,11,12,1,1,0,0,0,7.269,1.904,2,0,0.115,-1.215,-1.845,-0.503,-0.9,-1.05,-5.514,0.4699999999999997,1.002704574822744,,1.002704574822744
780,,,,,,,,,,,,,,,,,,,,,,,,,,,,567,Casey Mize,DET,RIGHT,SP,28.333333333333336,7,7,29,25,22,7,13,26,0,3,0,0,0,6.988,1.482,4,0,0.141,-1.793,-1.194,-0.503,-1.35,-0.677,-5.517,0.4669999999999996,0.99630433285579,,0.99630433285579
781,202,JaCoby Jones,DET,30,9,RIGHT,108,97,26,19,5,14,7,1,1,0.268,CF,-1.321,-0.917,-1.481,-0.716,0.063,-4.372,0.3639999999999999,4.736,0.9875624221182416,,,,,,,,,,,,,,,,,,,,,,,,,,,,,,,,,,,0.9875624221182416
782,,,,,,,,,,,,,,,,,,,,,,,,,,,,569,Mike Foltynewicz,ATL| TEX,RIGHT,P,3.333333333333333,1,1,4,6,6,3,4,3,0,1,0,0,0,16.2,2.4,0,0,0.0,-1.793,-2.264,-0.503,-0.623,-0.346,-5.529,0.455,0.9707033649879762,,0.9707033649879762
783,,,,,,,,,,,,,,,,,,,,,,,,,,,,568,Joey Lucchesi,SFN| SDN| NYN,LEFT,SP,5.666666666666666,2,3,13,5,5,0,2,5,0,1,0,0,0,7.941,2.647,0,0,0.0,-1.793,-2.171,-0.503,-0.352,-0.71,-5.529,0.455,0.9707033649879762,,0.9707033649879762
784,,,,,,,,,,,,,,,,,,,,,,,,,,,,570,Dovydas Neverauskas,PIT,RIGHT,RP,19.0,0,17,24,17,15,5,10,23,0,3,0,0,0,7.105,1.79,2,0,0.105,-1.793,-1.333,-0.503,-0.939,-0.962,-5.531,0.4530000000000003,0.9664365370100076,,0.9664365370100076
785,203,Brett Gardner,NYA,44,9,LEFT,158,130,29,20,5,15,26,3,3,0.223,LF| CF,-1.194,-0.917,-1.374,-0.147,-0.75,-4.382,0.3540000000000001,4.736,0.9604315863457632,,,,,,,,,,,,,,,,,,,,,,,,,,,,,,,,,,,0.9604315863457632
786,,,,,,,,,,,,,,,,,,,,,,,,,,,,571,Chance Adams,KCA,RIGHT,RP,8.666666666666666,0,6,15,9,9,1,0,6,0,0,0,0,0,9.346,1.731,1,0,0.115,-1.793,-2.124,-0.503,-0.722,-0.395,-5.537,0.447,0.9536360530760996,,0.9536360530760996
787,159,Carlos Correa,HOU| MIN,58,6,RIGHT,221,201,53,22,5,25,16,0,0,0.264,SS,-0.939,-0.917,-0.3,-1.0,0.005,-3.151,0.3420000000000001,3.493,0.927874583418788,,,,,,,,,,,,,,,,,,,,,,,,,,,,,,,,,,,0.927874583418788
788,,,,,,,,,,,,,,,,,,,,,,,,,,,,572,Sterling Sharp,MIA,RIGHT,RP,5.333333333333333,0,4,7,7,6,1,5,3,0,0,0,0,0,10.125,2.25,0,0,0.0,-1.793,-2.264,-0.503,-0.507,-0.484,-5.551,0.4329999999999998,0.9237682572303152,,0.9237682572303152
789,,,,,,,,,,,,,,,,,,,,,,,,,,,,573,Chris Devenski,NYN| HOU| ARI| PHI| ANA| TBA,RIGHT,RP,3.6666666666666665,0,4,7,6,6,1,3,5,0,1,0,0,0,14.727,2.727,2,0,0.545,-1.793,-2.171,-0.503,-0.604,-0.485,-5.556,0.4279999999999999,0.9131011872853928,,0.9131011872853928
790,,,,,,,,,,,,,,,,,,,,,,,,,,,,574,Nivaldo Rodriguez,HOU,RIGHT,RP,8.666666666666666,0,5,15,7,6,3,6,8,0,1,0,0,0,6.231,2.423,2,0,0.231,-1.793,-2.031,-0.503,-0.314,-0.917,-5.558,0.4260000000000001,0.908834359307424,,0.908834359307424
791,,,,,,,,,,,,,,,,,,,,,,,,,,,,575,Luke Jackson,DET| SEA| TEX| ATL| SFN,RIGHT,RP,26.33333333333333,0,19,39,23,20,2,13,20,2,0,0,0,0,6.835,1.975,1,0,0.038,-0.638,-1.473,-0.503,-1.194,-1.758,-5.566,0.4180000000000001,0.8917670473955476,,0.8917670473955476
792,,,,,,,,,,,,,,,,,,,,,,,,,,,,576,Chi Chi Gonzalez,COL| MIL| MIN| NYA| MIA,RIGHT,SP| RP,19.666666666666668,4,6,22,16,15,3,10,16,0,2,0,0,0,6.864,1.627,0,0,0.0,-1.793,-1.659,-0.503,-0.9,-0.718,-5.573,0.4109999999999996,0.8768331494726543,,0.8768331494726543
793,,,,,,,,,,,,,,,,,,,,,,,,,,,,577,Kevin Ginkel,ARI,RIGHT,RP,16.0,0,19,21,13,12,3,13,18,0,2,1,0,0,6.75,2.125,5,1,0.312,-1.793,-1.566,-0.24,-0.705,-1.278,-5.581,0.4029999999999996,0.8597658375607778,,0.8597658375607778
794,162,Jose Altuve,HOU,48,2,RIGHT,210,192,42,32,5,18,17,2,3,0.219,2B,0.332,-0.917,-1.052,-0.432,-1.227,-3.295,0.3130000000000001,3.608,0.8491951596785987,,,,,,,,,,,,,,,,,,,,,,,,,,,,,,,,,,,0.8491951596785987
795,,,,,,,,,,,,,,,,,,,,,,,,,,,,578,Rony Garcia,DET,RIGHT,SP| RP,21.0,2,15,25,20,19,7,9,14,1,0,0,0,0,8.143,1.619,0,0,0.0,-1.215,-1.752,-0.503,-1.367,-0.752,-5.59,0.3940000000000001,0.840565111659918,,0.840565111659918
796,,,,,,,,,,,,,,,,,,,,,,,,,,,,579,Austin Davis,PHI| PIT| BOS| MIN| SDN,LEFT,RP,6.666666666666666,0,9,11,8,8,1,2,5,0,0,0,0,0,10.8,1.95,2,0,0.3,-1.793,-2.171,-0.503,-0.702,-0.431,-5.6,0.3840000000000003,0.8192309717700728,,0.8192309717700728
797,,,,,,,,,,,,,,,,,,,,,,,,,,,,580,Brett Eibner,MIA,RIGHT,RP,3.333333333333333,0,3,7,7,5,2,4,4,0,0,0,0,0,13.5,3.3,0,0,0.0,-1.793,-2.217,-0.503,-0.487,-0.607,-5.608,0.3760000000000003,0.8021636598581963,,0.8021636598581963
798,,,,,,,,,,,,,,,,,,,,,,,,,,,,581,Junior Fernandez,SLN| PIT,RIGHT,RP,3.0,0,3,6,6,6,1,2,2,0,0,0,0,0,18.0,2.667,0,0,0.0,-1.793,-2.311,-0.503,-0.643,-0.381,-5.63,0.3540000000000001,0.7552285521005354,,0.7552285521005354
799,,,,,,,,,,,,,,,,,,,,,,,,,,,,582,Wade LeBlanc,BAL| SLN,LEFT,SP,22.333333333333336,6,6,27,20,20,6,8,13,1,0,0,0,0,8.06,1.567,1,0,0.045,-1.215,-1.799,-0.503,-1.426,-0.699,-5.642,0.3419999999999996,0.7296275842327197,,0.7296275842327197
800,,,,,,,,,,,,,,,,,,,,,,,,,,,,583,Ronald Bolanos,KCA,RIGHT,SP,3.666666666666667,2,2,8,7,5,2,3,2,0,2,0,0,0,12.273,3.0,0,1,0.0,-1.793,-2.311,-0.503,-0.468,-0.572,-5.647,0.3369999999999997,0.7189605142877971,,0.7189605142877971
801,,,,,,,,,,,,,,,,,,,,,,,,,,,,584,Robbie Ray,SFN| ARI| TOR| SEA,LEFT,SP,51.66666666666667,11,12,53,40,38,13,45,68,2,5,0,0,0,6.619,1.897,6,1,0.116,-0.638,0.76,-0.503,-2.174,-3.099,-5.653,0.3310000000000004,0.7061600303538911,,0.7061600303538911
802,,,,,,,,,,,,,,,,,,,,,,,,,,,,585,Erik Swanson,TOR| SEA,RIGHT,RP,7.666666666666666,0,9,11,12,11,3,2,9,0,2,0,0,0,12.913,1.696,0,0,0.0,-1.793,-1.985,-0.503,-1.052,-0.326,-5.659,0.3250000000000002,0.6933595464199832,,0.6933595464199832
803,,,,,,,,,,,,,,,,,,,,,,,,,,,,586,Asher Wojciechowski,BAL| NYA,RIGHT,SP| RP,36.99999999999999,7,10,45,29,28,11,15,31,1,3,0,0,0,6.811,1.622,2,0,0.054,-1.215,-0.961,-0.503,-1.664,-1.333,-5.676,0.3079999999999998,0.657091508607245,,0.657091508607245
804,,,,,,,,,,,,,,,,,,,,,,,,,,,,587,Justin Shafer,MIA,RIGHT,RP,5.666666666666667,0,5,8,8,8,2,4,5,0,0,0,0,0,12.706,2.118,1,0,0.176,-1.793,-2.171,-0.503,-0.76,-0.449,-5.676,0.3079999999999998,0.657091508607245,,0.657091508607245
805,,,,,,,,,,,,,,,,,,,,,,,,,,,,588,Ashton Goudeau,COL| CIN,RIGHT,RP,8.333333333333334,0,4,15,7,7,3,2,2,0,0,0,0,0,7.56,2.04,0,1,0.0,-1.793,-2.311,-0.503,-0.469,-0.604,-5.68,0.3040000000000002,0.6485578526513076,,0.6485578526513076
806,,,,,,,,,,,,,,,,,,,,,,,,,,,,589,Jakob Junis,CLE| KCA| SFN| CIN| MIL,RIGHT,SP| RP,25.33333333333333,6,8,35,18,18,7,6,19,0,2,0,0,0,6.395,1.618,1,0,0.039,-1.793,-1.52,-0.503,-0.98,-0.905,-5.701,0.2830000000000003,0.603756158882632,,0.603756158882632
807,,,,,,,,,,,,,,,,,,,,,,,,,,,,590,Aaron Fletcher,SEA| PIT,LEFT,RP,4.333333333333334,0,6,7,6,6,1,7,7,0,0,0,0,0,12.461,3.231,0,0,0.0,-1.793,-2.078,-0.503,-0.565,-0.763,-5.703,0.2809999999999997,0.5994893309046615,,0.5994893309046615
808,137,Shohei Ohtani,LAN| ANA,43,5,LEFT,175,153,29,22,7,24,22,7,1,0.19,DH,-0.939,-0.428,-0.408,0.99,-1.616,-2.401,0.21875,2.61975,0.593487032522982,,,,,,,,,,,,,,,,,,,,,,,,,,,,,,,,,,,0.593487032522982
809,,,,,,,,,,,,,,,,,,,,,,,,,,,,591,Wade Davis,COL| KCA,RIGHT,RP,4.333333333333333,0,5,9,10,10,3,3,3,0,1,2,0,0,20.769,2.769,1,0,0.231,-1.793,-2.264,0.023,-1.11,-0.589,-5.732,0.2519999999999998,0.5376203252241093,,0.5376203252241093
810,206,Austin Hays,CIN| BAL| PHI,33,1,RIGHT,134,122,34,20,4,9,8,2,3,0.279,CF| LF,-1.194,-1.162,-2.018,-0.432,0.265,-4.54,0.1959999999999997,4.736,0.5317643811405911,,,,,,,,,,,,,,,,,,,,,,,,,,,,,,,,,,,0.5317643811405911
811,,,,,,,,,,,,,,,,,,,,,,,,,,,,592,Dellin Betances,NYN,RIGHT,RP,11.666666666666666,0,15,12,10,10,0,12,11,0,1,0,0,0,7.714,2.057,2,0,0.171,-1.793,-1.892,-0.503,-0.684,-0.863,-5.735,0.2489999999999996,0.5312200832571554,,0.5312200832571554
812,,,,,,,,,,,,,,,,,,,,,,,,,,,,593,Ivan Nova,DET,RIGHT,SP,19.0,4,4,22,18,18,4,9,9,1,1,0,0,0,8.526,1.632,0,0,0.0,-1.215,-1.985,-0.503,-1.347,-0.701,-5.752,0.2320000000000002,0.494952045444419,,0.494952045444419
813,164,Garrett Cooper,MIA| SDN| BOS| CHN,34,3,RIGHT,133,120,34,20,6,20,11,0,0,0.283,DH| 1B,-1.194,-0.672,-0.837,-1.0,0.34,-3.363,0.1779999999999999,3.541,0.4829288767501291,,,,,,,,,,,,,,,,,,,,,,,,,,,,,,,,,,,0.4829288767501291
814,224,Mike Brosseau,TBA| MIL,31,4,RIGHT,98,86,26,11,5,12,8,2,0,0.302,3B| 2B| 1B,-2.338,-0.917,-1.696,-0.432,0.477,-4.906,0.1580000000000003,5.064,0.428667205205172,,,,,,,,,,,,,,,,,,,,,,,,,,,,,,,,,,,0.428667205205172
815,,,,,,,,,,,,,,,,,,,,,,,,,,,,594,Zack Littell,CIN| TBA| MIN| SFN| BOS,RIGHT,RP,6.333333333333333,0,6,12,7,7,5,3,3,0,0,0,0,0,9.947,2.368,0,0,0.0,-1.793,-2.264,-0.503,-0.585,-0.64,-5.785,0.1989999999999998,0.4245493838079276,,0.4245493838079276
816,,,,,,,,,,,,,,,,,,,,,,,,,,,,595,Ian Kennedy,KCA| PHI| TEX| ARI,RIGHT,RP,14.0,1,15,20,17,14,7,5,15,0,2,0,0,0,9.0,1.786,1,0,0.071,-1.793,-1.706,-0.503,-1.093,-0.704,-5.799,0.1849999999999996,0.3946815879621432,,0.3946815879621432
817,,,,,,,,,,,,,,,,,,,,,,,,,,,,596,Jose Mujica,COL,RIGHT,RP,4.333333333333333,0,2,10,7,6,2,2,1,0,0,0,0,0,12.461,2.769,0,0,0.0,-1.793,-2.357,-0.503,-0.565,-0.589,-5.808,0.1760000000000001,0.3754808620612834,,0.3754808620612834
818,209,Enrique Hernandez,LAN| BOS,47,8,RIGHT,148,139,32,20,5,20,6,0,1,0.23,2B| RF,-1.194,-0.917,-0.837,-1.0,-0.661,-4.608,0.1280000000000001,4.736,0.3472746978877337,,,,,,,,,,,,,,,,,,,,,,,,,,,,,,,,,,,0.3472746978877337
819,225,Travis Shaw,TOR| BOS| MIL,48,3,LEFT,180,163,39,17,6,17,16,0,0,0.239,3B| 1B,-1.575,-0.672,-1.159,-1.0,-0.564,-4.971,0.0929999999999999,5.064,0.2523167726840563,,,,,,,,,,,,,,,,,,,,,,,,,,,,,,,,,,,0.2523167726840563
820,210,Tyler O'Neill,BAL| SLN| BOS,47,8,RIGHT,157,139,24,19,7,19,15,3,1,0.173,LF,-1.321,-0.428,-0.945,-0.147,-1.803,-4.644,0.0919999999999996,4.736,0.2496036891068074,,,,,,,,,,,,,,,,,,,,,,,,,,,,,,,,,,,0.2496036891068074
821,,,,,,,,,,,,,,,,,,,,,,,,,,,,597,Trevor Richards,ARI| KCA| TBA| MIL| TOR| MIN,RIGHT,SP| RP,32.0,4,9,44,24,21,6,11,27,0,0,0,0,0,5.906,1.719,1,0,0.031,-1.793,-1.147,-0.503,-1.001,-1.423,-5.868,0.1159999999999996,0.2474760227222085,,0.2474760227222085
822,,,,,,,,,,,,,,,,,,,,,,,,,,,,598,Dakota Bacus,WAS,RIGHT,RP,11.333333333333334,0,11,14,10,10,1,9,7,0,0,0,0,0,7.941,2.029,0,0,0.0,-1.793,-2.078,-0.503,-0.703,-0.811,-5.888,0.096,0.2048077429425182,,0.2048077429425182
823,,,,,,,,,,,,,,,,,,,,,,,,,,,,599,Franklyn Kilome,NYN,RIGHT,RP,11.333333333333334,0,4,14,14,14,5,9,13,0,1,1,0,0,11.118,2.029,1,0,0.088,-1.793,-1.799,-0.24,-1.248,-0.811,-5.89,0.0940000000000003,0.2005409149645495,,0.2005409149645495
824,,,,,,,,,,,,,,,,,,,,,,,,,,,,600,Hansel Robles,ANA| BOS| MIN,RIGHT,RP,16.666666666666664,0,18,19,20,19,4,10,20,0,2,1,0,0,10.26,1.74,2,0,0.12,-1.793,-1.473,-0.24,-1.619,-0.772,-5.897,0.0869999999999997,0.1856070170416564,,0.1856070170416564
825,,,,,,,,,,,,,,,,,,,,,,,,,,,,601,Dereck Rodriguez,SFN| MIN| ATL,RIGHT,RP,4.0,0,2,10,6,6,2,3,2,0,0,0,0,0,13.5,3.25,0,1,0.0,-1.793,-2.311,-0.503,-0.585,-0.711,-5.903,0.0810000000000004,0.1728065331077504,,0.1728065331077504
826,,,,,,,,,,,,,,,,,,,,,,,,,,,,602,Cole Irvin,PHI| OAK| BAL| MIN,LEFT,RP,3.666666666666667,0,3,11,7,7,1,1,4,0,1,0,0,0,17.182,3.273,0,0,0.0,-1.793,-2.217,-0.503,-0.74,-0.659,-5.913,0.0709999999999997,0.1514723932179033,,0.1514723932179033
827,,,,,,,,,,,,,,,,,,,,,,,,,,,,603,Robbie Erlin,ATL| PIT| LAN,LEFT,SP| RP,26.666666666666668,5,9,33,24,24,8,7,25,0,0,0,0,0,8.1,1.5,2,0,0.075,-1.793,-1.24,-0.503,-1.719,-0.678,-5.934,0.0499999999999998,0.1066706994492277,,0.1066706994492277
828,174,Orlando Arcia,ATL| COL| MIL,56,9,RIGHT,189,173,45,22,5,20,14,1,0,0.26,SS,-0.939,-0.917,-0.837,-0.716,-0.084,-3.493,0.0,3.493,0.0,,,,,,,,,,,,,,,,,,,,,,,,,,,,,,,,,,,0.0
829,228,Matt Carpenter,SLN| NYA| SDN,50,7,LEFT,169,140,26,22,4,24,23,0,0,0.186,DH| 3B,-0.939,-1.162,-0.408,-1.0,-1.555,-5.064,0.0,5.064,0.0,,,,,,,,,,,,,,,,,,,,,,,,,,,,,,,,,,,0.0
830,,,,,,,,,,,,,,,,,,,,,,,,,,,,604,Tanner Roark,TOR,RIGHT,SP,47.66666666666666,11,11,60,39,36,14,23,41,2,3,0,0,0,6.797,1.741,2,0,0.042,-0.638,-0.496,-0.503,-2.134,-2.214,-5.984,0.0,0.0,,0.0
831,213,Bryan Reynolds,PIT,55,5,SWITCH,208,185,35,24,7,19,21,1,1,0.189,LF| CF,-0.685,-0.428,-0.945,-0.716,-1.963,-4.736,0.0,4.736,0.0,,,,,,,,,,,,,,,,,,,,,,,,,,,,,,,,,,,0.0
832,175,Yuli Gurriel,SDN| HOU| MIA| KCA,57,5,RIGHT,230,211,49,27,6,22,12,0,1,0.232,1B,-0.304,-0.672,-0.622,-1.0,-0.942,-3.541,0.0,3.541,0.0,,,,,,,,,,,,,,,,,,,,,,,,,,,,,,,,,,,0.0
833,334,Joey Bart,PIT| SFN,32,8,RIGHT,111,103,24,15,0,7,3,0,0,0.233,CC,-1.829,-2.14,-2.233,-1.0,-0.448,-7.65,0.0,7.65,0.0,,,,,,,,,,,,,,,,,,,,,,,,,,,,,,,,,,,0.0
834,335,Sam Huff,SFN| TEX,9,6,RIGHT,33,31,11,5,3,4,2,0,0,0.355,CC,-3.101,-1.406,-2.555,-1.0,0.404,-7.658,-0.008,7.65,-0.0217046686179833,,,,,,,,,,,,,,,,,,,,,,,,,,,,,,,,,,,-0.0217046686179833
835,214,Joc Pederson,TEX| LAN| ATL| CHN| SFN| ARI,43,7,LEFT,138,121,23,21,7,16,11,1,0,0.19,LF| DH| RF,-1.066,-0.428,-1.267,-0.716,-1.269,-4.745,-0.0090000000000003,4.736,-0.0244177521952321,,,,,,,,,,,,,,,,,,,,,,,,,,,,,,,,,,,-0.0244177521952321
836,337,Ryan Jeffers,MIN,24,9,RIGHT,62,55,15,5,3,7,5,0,0,0.273,CC,-3.101,-1.406,-2.233,-1.0,0.073,-7.667,-0.0169999999999994,7.65,-0.0461224208132131,,,,,,,,,,,,,,,,,,,,,,,,,,,,,,,,,,,-0.0461224208132131
837,,,,,,,,,,,,,,,,,,,,,,,,,,,,605,Justin Grimm,MIL| OAK,RIGHT,RP,4.666666666666666,0,4,9,9,9,4,4,6,0,0,0,0,0,17.357,2.786,0,0,0.0,-1.793,-2.124,-0.503,-0.954,-0.641,-6.016,-0.032,-0.068269247647506,,-0.068269247647506
838,,,,,,,,,,,,,,,,,,,,,,,,,,,,606,Trent Thornton,SEA| TOR,RIGHT,SP,5.666666666666667,3,3,15,7,7,0,3,6,0,0,0,0,0,11.118,3.176,0,0,0.0,-1.793,-2.124,-0.503,-0.624,-0.971,-6.016,-0.032,-0.068269247647506,,-0.068269247647506
839,,,,,,,,,,,,,,,,,,,,,,,,,,,,607,Lewis Thorpe,MIN,LEFT,RP,16.333333333333332,1,7,24,12,11,4,10,10,0,1,0,0,0,6.061,2.082,0,1,0.0,-1.793,-1.938,-0.503,-0.549,-1.243,-6.026,-0.0419999999999998,-0.0896033875373512,,-0.0896033875373512
840,215,Michael Chavis,BOS| PIT| WAS,42,8,RIGHT,158,146,31,16,5,19,8,3,0,0.212,2B| 1B| LF,-1.702,-0.917,-0.945,-0.147,-1.067,-4.778,-0.0419999999999998,4.736,-0.113949510244412,,,,,,,,,,,,,,,,,,,,,,,,,,,,,,,,,,,-0.113949510244412
841,216,Mike Tauchman,CHA| NYA| SFN| CHN,38,6,LEFT,111,95,23,17,0,14,14,6,0,0.242,RF| LF,-1.575,-2.14,-1.481,0.705,-0.29,-4.781,-0.0449999999999999,4.736,-0.1220887609761561,,,,,,,,,,,,,,,,,,,,,,,,,,,,,,,,,,,-0.1220887609761561
842,,,,,,,,,,,,,,,,,,,,,,,,,,,,608,Javy Guerra,SDN| TBA| MIL,RIGHT,RP,13.333333333333332,0,14,25,16,15,1,5,12,1,0,0,0,0,10.125,2.25,1,0,0.075,-1.215,-1.845,-0.503,-1.268,-1.21,-6.042,-0.0579999999999998,-0.1237380113611042,,-0.1237380113611042
843,217,Hunter Renfroe,KCA| TBA| BOS| MIL| ANA| CIN,38,7,RIGHT,139,122,19,16,8,22,14,2,0,0.156,RF,-1.702,-0.183,-0.622,-0.432,-1.877,-4.817,-0.0810000000000004,4.736,-0.2197597697570824,,,,,,,,,,,,,,,,,,,,,,,,,,,,,,,,,,,-0.2197597697570824
844,231,Eduardo Escobar,ARI| MIL| NYN| ANA,54,5,SWITCH,222,203,43,22,4,20,15,1,0,0.212,3B,-0.939,-1.162,-0.837,-0.716,-1.498,-5.152,-0.088,5.064,-0.2387513547978169,,,,,,,,,,,,,,,,,,,,,,,,,,,,,,,,,,,-0.2387513547978169
845,,,,,,,,,,,,,,,,,,,,,,,,,,,,609,Anthony DeSclafani,ARI| CIN| SFN,RIGHT,SP| RP,33.66666666666667,7,9,41,27,27,7,16,25,1,2,0,0,0,7.218,1.693,3,0,0.089,-1.215,-1.24,-0.503,-1.721,-1.422,-6.102,-0.1180000000000003,-0.2517428507001791,,-0.2517428507001791
846,,,,,,,,,,,,,,,,,,,,,,,,,,,,610,Kolby Allard,CLE| TEX| ATL| PHI,LEFT,SP| RP,33.66666666666667,8,11,31,29,29,4,20,32,0,6,0,0,0,7.753,1.515,0,1,0.0,-1.793,-0.915,-0.503,-1.993,-0.9,-6.104,-0.1200000000000001,-0.2560096786781477,,-0.2560096786781477
847,218,Tim Lopes,SEA| MIL,45,7,RIGHT,151,143,34,16,2,15,6,5,0,0.238,DH| RF| LF,-1.702,-1.651,-1.374,0.421,-0.526,-4.831,-0.0950000000000006,4.736,-0.2577429398385539,,,,,,,,,,,,,,,,,,,,,,,,,,,,,,,,,,,-0.2577429398385539
848,,,,,,,,,,,,,,,,,,,,,,,,,,,,611,Chase De Jong,HOU| PIT,RIGHT,SP,7.333333333333333,2,3,12,12,12,2,4,9,0,1,0,0,0,14.727,2.182,1,0,0.136,-1.793,-1.985,-0.503,-1.208,-0.622,-6.111,-0.1269999999999997,-0.270943576601039,,-0.270943576601039
849,184,Mike Moustakas,CIN| ANA| COL,44,5,LEFT,163,139,32,13,8,27,18,1,0,0.23,2B| 1B,-2.084,-0.183,-0.086,-0.716,-0.661,-3.729,-0.121,3.608,-0.328283112846998,,,,,,,,,,,,,,,,,,,,,,,,,,,,,,,,,,,-0.328283112846998
850,221,Darin Ruf,SFN| NYN| MIL,40,7,RIGHT,100,87,24,11,5,18,13,1,0,0.276,LF| DH,-2.338,-0.917,-1.052,-0.716,0.154,-4.869,-0.133,4.736,-0.360840115773973,,,,,,,,,,,,,,,,,,,,,,,,,,,,,,,,,,,-0.360840115773973
851,222,Victor Robles,SEA| WAS,52,9,RIGHT,189,168,37,20,3,15,9,4,1,0.22,CF,-1.194,-1.406,-1.374,0.137,-1.038,-4.875,-0.1390000000000002,4.736,-0.3771186172374612,,,,,,,,,,,,,,,,,,,,,,,,,,,,,,,,,,,-0.3771186172374612
852,,,,,,,,,,,,,,,,,,,,,,,,,,,,612,Alex Vesia,LAN| MIA,LEFT,RP,4.333333333333333,0,5,7,10,9,3,7,5,0,1,0,0,0,18.692,3.231,0,0,0.0,-1.793,-2.171,-0.503,-0.974,-0.763,-6.204,-0.2199999999999997,-0.4693510775766032,,-0.4693510775766032
853,344,Anthony Bemboom,ANA| BAL,17,8,LEFT,60,48,10,9,3,5,7,0,1,0.208,CC,-2.592,-1.406,-2.448,-1.0,-0.378,-7.824,-0.1739999999999995,7.65,-0.4720765424411363,,,,,,,,,,,,,,,,,,,,,,,,,,,,,,,,,,,-0.4720765424411363
854,,,,,,,,,,,,,,,,,,,,,,,,,,,,613,Bryan Shaw,SEA| CLE| CHA,RIGHT,RP,6.000000000000001,0,6,13,12,12,1,6,4,1,0,0,0,0,18.0,3.167,0,0,0.0,-1.215,-2.217,-0.503,-1.285,-1.023,-6.245,-0.2610000000000001,-0.5568210511249712,,-0.5568210511249712
855,,,,,,,,,,,,,,,,,,,,,,,,,,,,614,Paul Sewald,CLE| DET| NYN| SEA| ARI,RIGHT,RP,6.0,0,5,12,9,9,1,4,2,0,0,0,0,0,13.5,2.667,1,0,0.167,-1.793,-2.311,-0.503,-0.877,-0.762,-6.246,-0.2620000000000004,-0.5589544651139564,,-0.5589544651139564
856,,,,,,,,,,,,,,,,,,,,,,,,,,,,615,Miguel Del Pozo,PIT| DET,LEFT,RP,3.6666666666666665,0,5,7,7,7,0,8,2,0,0,0,0,0,17.182,4.091,0,1,0.0,-1.793,-2.311,-0.503,-0.74,-0.921,-6.267,-0.2830000000000003,-0.603756158882632,,-0.603756158882632
857,348,Cam Gallagher,KCA| CLE,21,9,RIGHT,60,53,15,10,1,3,6,0,0,0.283,CC,-2.465,-1.895,-2.662,-1.0,0.148,-7.875,-0.2249999999999996,7.65,-0.6104438048807805,,,,,,,,,,,,,,,,,,,,,,,,,,,,,,,,,,,-0.6104438048807805
858,226,Harrison Bader,MIN| PHI| SLN| NYA| CIN| NYN,44,9,RIGHT,125,106,24,19,4,11,13,3,1,0.226,CF,-1.321,-1.162,-1.803,-0.147,-0.561,-4.994,-0.258,4.736,-0.6999755629299628,,,,,,,,,,,,,,,,,,,,,,,,,,,,,,,,,,,-0.6999755629299628
859,185,Josh Bell,WAS| PIT| SDN| CLE| MIA| ARI,57,4,SWITCH,223,195,44,22,8,22,22,0,0,0.226,DH| 1B,-0.939,-0.183,-0.622,-1.0,-1.054,-3.799,-0.258,3.541,-0.6999755629299628,,,,,,,,,,,,,,,,,,,,,,,,,,,,,,,,,,,-0.6999755629299628
860,,,,,,,,,,,,,,,,,,,,,,,,,,,,616,Jeff Samardzija,SFN,RIGHT,SP,16.666666666666668,4,4,21,19,18,7,4,6,0,2,0,0,0,9.72,1.5,0,0,0.0,-1.793,-2.124,-0.503,-1.483,-0.424,-6.327,-0.3429999999999999,-0.7317609982217049,,-0.7317609982217049
861,,,,,,,,,,,,,,,,,,,,,,,,,,,,617,Touki Toussaint,ANA| ATL| CHA| CLE,RIGHT,SP| RP,24.33333333333333,5,7,27,28,24,7,16,30,0,2,0,0,0,8.877,1.767,3,1,0.123,-1.793,-1.008,-0.503,-1.854,-1.185,-6.343,-0.359,-0.765895622045458,,-0.765895622045458
862,,,,,,,,,,,,,,,,,,,,,,,,,,,,618,Jose De Leon,BOS| CIN| MIN,RIGHT,RP,6.0,0,5,6,12,12,1,11,10,0,0,0,0,0,18.0,2.833,1,0,0.167,-1.793,-1.938,-0.503,-1.285,-0.849,-6.369,-0.3849999999999998,-0.8213643857590562,,-0.8213643857590562
863,,,,,,,,,,,,,,,,,,,,,,,,,,,,619,Wil Crowe,WAS| PIT,RIGHT,SP,8.333333333333334,3,3,14,13,11,5,8,8,0,2,0,0,0,11.88,2.64,0,1,0.0,-1.793,-2.031,-0.503,-1.014,-1.039,-6.38,-0.3959999999999999,-0.8448319396378866,,-0.8448319396378866
864,,,,,,,,,,,,,,,,,,,,,,,,,,,,620,Jacob Waguespack,TOR| TBA,RIGHT,RP,17.666666666666664,0,11,27,20,16,2,9,16,0,0,0,0,0,8.151,2.038,5,1,0.283,-1.793,-1.659,-0.503,-1.152,-1.277,-6.384,-0.4000000000000003,-0.8533655955938259,,-0.8533655955938259
865,,,,,,,,,,,,,,,,,,,,,,,,,,,,621,Joe Biagini,HOU| CHN,RIGHT,RP,4.333333333333333,0,4,10,10,10,1,4,4,0,0,0,0,0,20.769,3.231,0,0,0.0,-1.793,-2.217,-0.503,-1.11,-0.763,-6.387,-0.4029999999999996,-0.8597658375607778,,-0.8597658375607778
866,,,,,,,,,,,,,,,,,,,,,,,,,,,,622,Nestor Cortes,MIL| SDN| SEA| NYA,LEFT,RP,7.666666666666666,1,5,12,14,13,6,6,8,0,1,0,0,0,15.261,2.348,0,0,0.0,-1.793,-2.031,-0.503,-1.325,-0.761,-6.413,-0.4290000000000002,-0.915234601274378,,-0.915234601274378
867,,,,,,,,,,,,,,,,,,,,,,,,,,,,623,Wilmer Font,TOR,RIGHT,RP,16.333333333333336,0,21,28,19,18,2,9,15,1,3,0,0,0,9.918,2.265,1,0,0.061,-1.215,-1.706,-0.503,-1.502,-1.504,-6.43,-0.4459999999999997,-0.9515026390871144,,-0.9515026390871144
868,,,,,,,,,,,,,,,,,,,,,,,,,,,,624,Ranger Suarez,PHI,LEFT,RP,4.0,0,3,10,9,9,1,4,1,0,1,0,0,0,20.25,3.5,0,0,0.0,-1.793,-2.357,-0.503,-0.993,-0.798,-6.445,-0.4610000000000003,-0.983503848921884,,-0.983503848921884
869,,,,,,,,,,,,,,,,,,,,,,,,,,,,625,James Pazos,COL,LEFT,RP,5.333333333333333,0,6,10,10,10,3,5,1,0,0,0,0,0,16.875,2.812,4,0,0.75,-1.793,-2.357,-0.503,-1.052,-0.745,-6.45,-0.4660000000000002,-0.9941709188668066,,-0.9941709188668066
870,356,Jeff Mathis,TEX| ATL,23,9,RIGHT,68,62,10,6,3,9,5,1,0,0.161,CC,-2.974,-1.406,-2.018,-0.716,-0.905,-8.019,-0.3689999999999998,7.65,-1.001127840004481,,,,,,,,,,,,,,,,,,,,,,,,,,,,,,,,,,,-1.001127840004481
871,239,Yandy Diaz,TBA,34,3,RIGHT,138,114,35,16,2,11,23,0,0,0.307,DH| 3B,-1.702,-1.651,-1.803,-1.0,0.709,-5.448,-0.3840000000000003,5.064,-1.0418240936632013,,,,,,,,,,,,,,,,,,,,,,,,,,,,,,,,,,,-1.0418240936632013
872,358,Mike Zunino,TBA| CLE,28,9,RIGHT,84,75,11,8,4,10,6,0,0,0.147,CC,-2.72,-1.162,-1.911,-1.0,-1.251,-8.043,-0.3929999999999989,7.65,-1.0662418458584286,,,,,,,,,,,,,,,,,,,,,,,,,,,,,,,,,,,-1.0662418458584286
873,,,,,,,,,,,,,,,,,,,,,,,,,,,,626,Marcus Walden,BOS,RIGHT,RP,13.333333333333332,0,15,23,18,14,5,9,10,0,2,1,0,0,9.45,2.4,1,1,0.075,-1.793,-1.938,-0.24,-1.132,-1.384,-6.487,-0.5030000000000001,-1.0731072364592351,,-1.0731072364592351
874,,,,,,,,,,,,,,,,,,,,,,,,,,,,627,Sean Newcomb,ATH| BOS| ATL| CHN| OAK,LEFT,SP,13.666666666666666,4,4,20,17,17,4,6,10,0,2,0,0,0,11.195,1.902,1,0,0.073,-1.793,-1.938,-0.503,-1.521,-0.826,-6.582,-0.5979999999999999,-1.2757815654127682,,-1.2757815654127682
875,362,Tomas Nido,DET| NYN| CHN,7,9,RIGHT,26,24,7,4,2,6,2,0,0,0.292,CC,-3.228,-1.651,-2.34,-1.0,0.097,-8.122,-0.4719999999999995,7.65,-1.280575448461016,,,,,,,,,,,,,,,,,,,,,,,,,,,,,,,,,,,-1.280575448461016
876,,,,,,,,,,,,,,,,,,,,,,,,,,,,628,Antonio Santos,COL,RIGHT,RP,6.000000000000001,1,3,14,11,11,1,4,4,0,1,0,0,0,16.5,3.0,0,0,0.0,-1.793,-2.217,-0.503,-1.149,-0.936,-6.599,-0.6150000000000002,-1.3120496032255065,,-1.3120496032255065
877,367,Elias Diaz,SDN| COL,23,9,RIGHT,73,68,16,4,2,9,5,0,0,0.235,CC,-3.228,-1.651,-2.018,-1.0,-0.274,-8.171,-0.520999999999999,7.65,-1.4135165437461623,,,,,,,,,,,,,,,,,,,,,,,,,,,,,,,,,,,-1.4135165437461623
878,243,Erik Gonzalez,PIT| MIA,50,1,RIGHT,193,181,41,14,3,20,8,2,3,0.227,SS| 3B,-1.957,-1.406,-0.837,-0.432,-0.956,-5.587,-0.5229999999999997,5.064,-1.41894271090066,,,,,,,,,,,,,,,,,,,,,,,,,,,,,,,,,,,-1.41894271090066
879,,,,,,,,,,,,,,,,,,,,,,,,,,,,629,Robert Gsellman,NYN| CHN,RIGHT,SP| RP,14.0,4,6,22,15,15,4,8,9,0,0,0,0,0,9.643,2.143,1,0,0.071,-1.793,-1.985,-0.503,-1.229,-1.14,-6.65,-0.6660000000000004,-1.4208537166637196,,-1.4208537166637196
880,234,Shogo Akiyama,CIN,52,1,LEFT,183,155,38,16,0,9,25,7,3,0.245,CF| LF,-1.702,-2.14,-2.018,0.99,-0.406,-5.276,-0.54,4.736,-1.4650651317138756,,,,,,,,,,,,,,,,,,,,,,,,,,,,,,,,,,,-1.4650651317138756
881,372,Tony Wolters,COL| CHN| LAN,40,9,LEFT,109,100,23,10,0,8,6,0,0,0.23,CC,-2.465,-2.14,-2.126,-1.0,-0.478,-8.209,-0.5589999999999993,7.65,-1.516613719681584,,,,,,,,,,,,,,,,,,,,,,,,,,,,,,,,,,,-1.516613719681584
882,235,Tommy Pham,PIT| SDN| BOS| CIN| ARI| NYN| CHA| KCA| SLN,31,4,RIGHT,125,109,23,13,3,12,15,6,0,0.211,LF| DH,-2.084,-1.406,-1.696,0.705,-0.817,-5.297,-0.5609999999999999,4.736,-1.5220398868360816,,,,,,,,,,,,,,,,,,,,,,,,,,,,,,,,,,,-1.5220398868360816
883,195,Rougned Odor,TEX| NYA| BAL| SDN,38,6,LEFT,148,138,23,15,10,30,7,0,1,0.167,2B,-1.829,0.306,0.236,-1.0,-1.908,-4.196,-0.5879999999999996,3.608,-1.5952931434217743,,,,,,,,,,,,,,,,,,,,,,,,,,,,,,,,,,,-1.5952931434217743
884,250,Marwin Gonzalez,MIN| BOS| HOU| NYA,53,8,SWITCH,199,175,37,15,5,22,17,0,0,0.211,1B| 3B| RF| 2B,-1.829,-0.917,-0.622,-1.0,-1.301,-5.67,-0.6059999999999999,5.064,-1.6441286478122377,,,,,,,,,,,,,,,,,,,,,,,,,,,,,,,,,,,-1.6441286478122377
885,374,Jason Castro,ANA| SDN| HOU,27,8,LEFT,92,80,15,8,2,9,12,0,0,0.188,CC,-2.72,-1.651,-2.018,-1.0,-0.868,-8.257,-0.6069999999999993,7.65,-1.646841731389484,,,,,,,,,,,,,,,,,,,,,,,,,,,,,,,,,,,-1.646841731389484
886,,,,,,,,,,,,,,,,,,,,,,,,,,,,630,Robinson Leyer,BOS,RIGHT,RP,4.666666666666667,1,6,12,11,11,3,8,9,0,0,0,0,0,21.214,4.286,0,0,0.0,-1.793,-1.985,-0.503,-1.227,-1.251,-6.758,-0.774,-1.6512624274740515,,-1.6512624274740515
887,197,Ketel Marte,ARI,45,2,SWITCH,195,181,52,19,2,17,7,1,0,0.287,2B,-1.321,-1.651,-1.159,-0.716,0.615,-4.231,-0.6229999999999998,3.608,-1.6902510686254522,,,,,,,,,,,,,,,,,,,,,,,,,,,,,,,,,,,-1.6902510686254522
888,,,,,,,,,,,,,,,,,,,,,,,,,,,,631,Eric Lauer,TOR| MIL,LEFT,SP| RP,10.999999999999998,2,4,17,16,16,2,9,12,0,2,0,0,0,13.091,2.364,0,0,0.0,-1.793,-1.845,-0.503,-1.539,-1.107,-6.788,-0.8040000000000003,-1.715264847143589,,-1.715264847143589
889,378,Grayson Greiner,DET| ARI,16,8,RIGHT,55,51,6,8,3,8,3,0,0,0.118,CC,-2.72,-1.406,-2.126,-1.0,-1.062,-8.313,-0.6630000000000003,7.65,-1.79877441171537,,,,,,,,,,,,,,,,,,,,,,,,,,,,,,,,,,,-1.79877441171537
890,,,,,,,,,,,,,,,,,,,,,,,,,,,,632,Zac Grotz,SEA,RIGHT,RP,7.333333333333333,0,5,11,12,12,4,11,4,0,0,0,0,0,14.727,3.0,0,0,0.0,-1.793,-2.217,-0.503,-1.208,-1.144,-6.866,-0.8819999999999997,-1.881671138284384,,-1.881671138284384
891,,,,,,,,,,,,,,,,,,,,,,,,,,,,633,Robert Dugger,MIA| SEA| CIN| TBA,RIGHT,RP,10.666666666666668,1,4,21,16,15,5,3,4,0,0,0,0,0,12.656,2.25,0,0,0.0,-1.793,-2.217,-0.503,-1.423,-0.968,-6.904,-0.92,-1.962740869865797,,-1.962740869865797
892,384,Luis Torrens,NYN| SDN| SEA| CHN,24,9,RIGHT,78,70,18,5,1,6,7,0,0,0.257,CC,-3.101,-1.895,-2.34,-1.0,-0.064,-8.4,-0.75,7.65,-2.034812682935938,,,,,,,,,,,,,,,,,,,,,,,,,,,,,,,,,,,-2.034812682935938
893,204,Niko Goodrum,DET| HOU| ANA| TBA,43,1,SWITCH,179,158,29,15,5,20,18,7,1,0.184,SS| 2B,-1.829,-0.917,-0.837,0.99,-1.804,-4.398,-0.7899999999999996,3.608,-2.1433360260258536,,,,,,,,,,,,,,,,,,,,,,,,,,,,,,,,,,,-2.1433360260258536
894,,,,,,,,,,,,,,,,,,,,,,,,,,,,634,Jordan Lyles,TEX| BAL| KCA,RIGHT,SP| RP,57.66666666666666,9,12,67,49,45,12,23,36,1,6,0,0,0,7.023,1.561,2,1,0.035,-1.215,-0.729,-0.503,-2.778,-1.771,-6.996,-1.0120000000000005,-2.159014956852378,,-2.159014956852378
895,200,Paul DeJong,WAS| SLN| SFN| TOR| CHA| KCA,45,5,RIGHT,174,152,38,17,3,25,17,1,0,0.25,SS,-1.575,-1.406,-0.3,-0.716,-0.293,-4.29,-0.7970000000000002,3.493,-2.1623276110665905,,,,,,,,,,,,,,,,,,,,,,,,,,,,,,,,,,,-2.1623276110665905
896,389,Austin Hedges,CLE| SDN| PIT| TEX,33,8,RIGHT,83,69,10,7,3,6,6,1,1,0.145,CC,-2.847,-1.406,-2.34,-0.716,-1.168,-8.477,-0.827,7.65,-2.243720118384028,,,,,,,,,,,,,,,,,,,,,,,,,,,,,,,,,,,-2.243720118384028
897,,,,,,,,,,,,,,,,,,,,,,,,,,,,635,Steven Matz,BOS| SLN| NYN| TOR,LEFT,SP| RP,30.666666666666664,6,9,42,33,33,14,10,36,0,5,0,0,0,9.685,1.696,0,1,0.0,-1.793,-0.729,-0.503,-2.712,-1.302,-7.039,-1.0549999999999995,-2.250751758378713,,-2.250751758378713
898,262,Josh Harrison,WAS| OAK| CHA| PHI,31,6,RIGHT,91,79,22,10,3,14,6,1,2,0.278,2B| 3B,-2.465,-1.406,-1.481,-0.716,0.169,-5.899,-0.835,5.064,-2.265424787002011,,,,,,,,,,,,,,,,,,,,,,,,,,,,,,,,,,,-2.265424787002011
899,263,Todd Frazier,NYN| TEX| PIT,43,5,RIGHT,172,157,37,16,4,12,11,1,1,0.236,3B| 1B,-1.702,-1.162,-1.696,-0.716,-0.624,-5.9,-0.8360000000000003,5.064,-2.26813787057926,,,,,,,,,,,,,,,,,,,,,,,,,,,,,,,,,,,-2.26813787057926
900,391,Michael Perez,TBA| PIT| NYN,33,9,LEFT,93,84,14,7,1,13,7,0,0,0.167,CC,-2.847,-1.895,-1.589,-1.0,-1.162,-8.492,-0.8420000000000005,7.65,-2.284416372042748,,,,,,,,,,,,,,,,,,,,,,,,,,,,,,,,,,,-2.284416372042748
901,265,Josh Donaldson,MIN| NYA| MIL,28,2,RIGHT,102,81,18,14,6,11,18,0,0,0.222,3B,-1.957,-0.672,-1.803,-1.0,-0.477,-5.91,-0.8460000000000001,5.064,-2.2952687063517385,,,,,,,,,,,,,,,,,,,,,,,,,,,,,,,,,,,-2.2952687063517385
902,392,Manny Pina,MIL| ATL| OAK,15,6,RIGHT,45,39,9,4,2,5,3,0,0,0.231,CC,-3.228,-1.651,-2.448,-1.0,-0.182,-8.509,-0.859,7.65,-2.330538792855961,,,,,,,,,,,,,,,,,,,,,,,,,,,,,,,,,,,-2.330538792855961
903,244,Dexter Fowler,SLN| ANA,31,7,SWITCH,101,90,21,14,4,15,10,1,1,0.233,RF,-1.957,-1.162,-1.374,-0.716,-0.388,-5.596,-0.8600000000000003,4.736,-2.33325187643321,,,,,,,,,,,,,,,,,,,,,,,,,,,,,,,,,,,-2.33325187643321
904,245,Avisail Garcia,MIL| MIA,53,1,RIGHT,207,181,43,20,2,15,20,1,3,0.238,CF,-1.194,-1.651,-1.374,-0.716,-0.67,-5.604,-0.8680000000000003,4.736,-2.3549565450511936,,,,,,,,,,,,,,,,,,,,,,,,,,,,,,,,,,,-2.3549565450511936
905,246,Lewis Brinson,MIA| SFN,41,7,RIGHT,112,106,24,13,3,12,6,4,0,0.226,LF| RF| CF,-2.084,-1.406,-1.696,0.137,-0.561,-5.61,-0.8740000000000006,4.736,-2.3712350465146814,,,,,,,,,,,,,,,,,,,,,,,,,,,,,,,,,,,-2.3712350465146814
906,395,Kevan Smith,TBA| ATL,13,9,RIGHT,38,31,8,2,1,8,5,0,0,0.258,CC,-3.483,-1.895,-2.126,-1.0,-0.024,-8.527,-0.8769999999999989,7.65,-2.3793742972464207,,,,,,,,,,,,,,,,,,,,,,,,,,,,,,,,,,,-2.3793742972464207
907,247,Austin Meadows,TBA| DET,36,1,LEFT,152,132,27,19,4,13,17,2,1,0.205,DH| LF,-1.321,-1.162,-1.589,-0.432,-1.111,-5.614,-0.8780000000000001,4.736,-2.382087380823672,,,,,,,,,,,,,,,,,,,,,,,,,,,,,,,,,,,-2.382087380823672
908,248,Sam Hilliard,COL| ATL,35,8,LEFT,114,105,22,13,6,10,9,3,0,0.21,LF| RF| CF,-2.084,-0.672,-1.911,-0.147,-0.809,-5.624,-0.8879999999999999,4.736,-2.4092182165961504,,,,,,,,,,,,,,,,,,,,,,,,,,,,,,,,,,,-2.4092182165961504
909,,,,,,,,,,,,,,,,,,,,,,,,,,,,636,Zack Godley,BOS| MIL,RIGHT,SP,28.66666666666667,7,8,42,26,26,9,14,28,0,4,0,0,0,8.163,1.954,2,1,0.07,-1.793,-1.101,-0.503,-1.875,-1.861,-7.133,-1.149,-2.4512926733432625,,-2.4512926733432625
910,,,,,,,,,,,,,,,,,,,,,,,,,,,,637,Matt Harvey,KCA| BAL,RIGHT,SP| RP,11.666666666666666,4,7,27,15,15,6,5,10,0,3,0,0,0,11.571,2.743,1,0,0.086,-1.793,-1.938,-0.503,-1.365,-1.559,-7.159,-1.1749999999999998,-2.506761437056861,,-2.506761437056861
911,251,Tyler Naquin,CLE| CIN| NYN| CHA,39,6,LEFT,141,133,29,15,4,20,5,0,1,0.218,RF,-1.829,-1.162,-0.837,-1.0,-0.863,-5.691,-0.955,4.736,-2.590994816271761,,,,,,,,,,,,,,,,,,,,,,,,,,,,,,,,,,,-2.590994816271761
912,399,Omar Narvaez,CHA| MIL| NYN,39,6,LEFT,126,108,19,8,2,10,16,0,0,0.176,CC,-2.72,-1.651,-1.911,-1.0,-1.351,-8.632,-0.9819999999999992,7.65,-2.664248072857453,,,,,,,,,,,,,,,,,,,,,,,,,,,,,,,,,,,-2.664248072857453
913,207,Bobby Dalbec,CHA| BOS,23,7,RIGHT,92,80,21,13,8,16,10,0,0,0.263,1B,-2.084,-0.183,-1.267,-1.0,-0.011,-4.545,-1.004,3.541,-2.723935911556909,,,,,,,,,,,,,,,,,,,,,,,,,,,,,,,,,,,-2.723935911556909
914,252,Matt Joyce,MIA| PHI,46,4,LEFT,148,127,32,16,2,14,20,1,0,0.252,DH| RF| LF,-1.702,-1.651,-1.481,-0.716,-0.209,-5.759,-1.0230000000000006,4.736,-2.7754844995246213,,,,,,,,,,,,,,,,,,,,,,,,,,,,,,,,,,,-2.7754844995246213
915,,,,,,,,,,,,,,,,,,,,,,,,,,,,638,Carlos Martinez,SLN,RIGHT,SP,20.0,5,5,32,26,22,6,10,17,0,3,0,0,0,9.9,2.1,0,0,0.0,-1.793,-1.613,-0.503,-1.834,-1.554,-7.296,-1.3120000000000005,-2.799039153547747,,-2.799039153547747
916,253,DJ Stewart,BAL| NYN,31,6,LEFT,112,88,17,13,7,15,20,0,0,0.193,LF| RF,-2.084,-0.428,-1.374,-1.0,-0.884,-5.769,-1.0330000000000004,4.736,-2.8026153352971,,,,,,,,,,,,,,,,,,,,,,,,,,,,,,,,,,,-2.8026153352971
917,406,Chad Wallach,ANA| MIA,15,9,RIGHT,48,44,10,4,1,6,3,0,0,0.227,CC,-3.228,-1.895,-2.34,-1.0,-0.228,-8.691,-1.0410000000000004,7.65,-2.824320003915083,,,,,,,,,,,,,,,,,,,,,,,,,,,,,,,,,,,-2.824320003915083
918,182,J. D. Martinez,BOS| LAN| NYN,54,3,RIGHT,237,211,45,22,7,27,22,1,0,0.213,DH,-0.939,-0.428,-0.086,-0.716,-1.513,-3.682,-1.06225,2.61975,-2.8819730299316006,,,,,,,,,,,,,,,,,,,,,,,,,,,,,,,,,,,-2.8819730299316006
919,254,Andrew Stevenson,WAS| MIN,14,1,LEFT,47,41,15,11,2,12,5,1,0,0.366,LF,-2.338,-1.651,-1.696,-0.716,0.599,-5.801,-1.0650000000000004,4.736,-2.889434009769033,,,,,,,,,,,,,,,,,,,,,,,,,,,,,,,,,,,-2.889434009769033
920,257,Jose Marmolejos,SEA,34,6,LEFT,115,107,22,12,6,18,7,0,1,0.206,DH| LF,-2.211,-0.672,-1.052,-1.0,-0.885,-5.82,-1.0840000000000003,4.736,-2.940982597736744,,,,,,,,,,,,,,,,,,,,,,,,,,,,,,,,,,,-2.940982597736744
921,258,Tim Locastro,ARI| NYA| NYN,25,1,RIGHT,82,69,20,11,2,7,8,4,0,0.29,CF,-2.338,-1.651,-2.233,0.137,0.26,-5.825,-1.0890000000000004,4.736,-2.9545480156229837,,,,,,,,,,,,,,,,,,,,,,,,,,,,,,,,,,,-2.9545480156229837
922,211,Albert Pujols,ANA| LAN| SLN,39,5,RIGHT,163,152,34,15,6,25,9,0,0,0.224,1B| DH,-1.829,-0.672,-0.3,-1.0,-0.864,-4.666,-1.1250000000000004,3.541,-3.0522190244039087,,,,,,,,,,,,,,,,,,,,,,,,,,,,,,,,,,,-3.0522190244039087
923,260,Adam Engel,CHA| SDN,31,8,RIGHT,93,88,26,10,3,12,3,1,0,0.295,RF,-2.465,-1.406,-1.696,-0.716,0.402,-5.882,-1.146,4.736,-3.1091937795261133,,,,,,,,,,,,,,,,,,,,,,,,,,,,,,,,,,,-3.1091937795261133
924,212,Evan White,SEA,54,6,RIGHT,202,182,32,19,8,26,18,1,2,0.176,1B,-1.321,-0.183,-0.193,-0.716,-2.279,-4.692,-1.1510000000000002,3.541,-3.122759197412354,,,,,,,,,,,,,,,,,,,,,,,,,,,,,,,,,,,-3.122759197412354
925,261,Gregory Polanco,PIT,50,6,LEFT,174,157,24,12,7,22,13,3,1,0.153,RF| DH,-2.211,-0.428,-0.622,-0.147,-2.48,-5.889,-1.1530000000000005,4.736,-3.1281853645668503,,,,,,,,,,,,,,,,,,,,,,,,,,,,,,,,,,,-3.1281853645668503
926,413,Mitch Garver,SEA| MIN| TEX,22,1,RIGHT,81,72,12,8,2,5,7,0,0,0.167,CC,-2.72,-1.651,-2.448,-1.0,-0.996,-8.813,-1.1630000000000005,7.65,-3.1553162003393287,,,,,,,,,,,,,,,,,,,,,,,,,,,,,,,,,,,-3.1553162003393287
927,273,Kris Bryant,COL| CHN| SFN,34,1,RIGHT,147,131,27,20,4,11,12,0,0,0.206,3B,-1.194,-1.162,-1.803,-1.0,-1.074,-6.232,-1.168,5.064,-3.1688816182255684,,,,,,,,,,,,,,,,,,,,,,,,,,,,,,,,,,,-3.1688816182255684
928,219,Luis Garcia,WAS,39,7,LEFT,139,134,37,18,2,16,5,1,1,0.276,2B,-1.448,-1.651,-1.267,-0.716,0.242,-4.839,-1.2310000000000003,3.608,-3.339805883592188,,,,,,,,,,,,,,,,,,,,,,,,,,,,,,,,,,,-3.339805883592188
929,420,Tyler Flowers,ATL,22,8,RIGHT,80,69,15,5,1,5,8,0,0,0.217,CC,-3.101,-1.895,-2.448,-1.0,-0.454,-8.898,-1.247999999999999,7.65,-3.3859283044053994,,,,,,,,,,,,,,,,,,,,,,,,,,,,,,,,,,,-3.3859283044053994
930,220,Freddy Galvis,CIN| BAL| PHI,46,8,SWITCH,159,141,31,17,7,16,13,1,1,0.22,2B| SS,-1.575,-0.428,-1.267,-0.716,-0.879,-4.864,-1.2559999999999998,3.608,-3.407632973023384,,,,,,,,,,,,,,,,,,,,,,,,,,,,,,,,,,,-3.407632973023384
931,425,Erik Kratz,NYA,11,8,RIGHT,30,28,9,2,0,4,2,0,0,0.321,CC,-3.483,-2.14,-2.555,-1.0,0.232,-8.945,-1.295,7.65,-3.513443232536053,,,,,,,,,,,,,,,,,,,,,,,,,,,,,,,,,,,-3.513443232536053
932,,,,,,,,,,,,,,,,,,,,,,,,,,,,639,Matt Hall,BOS,LEFT,RP,8.666666666666666,1,4,17,18,18,2,10,9,0,3,0,0,0,18.692,3.115,2,0,0.231,-1.793,-1.985,-0.503,-1.947,-1.44,-7.668,-1.6840000000000002,-3.592669157450004,,-3.592669157450004
933,430,Jonah Heim,TEX| OAK,13,9,SWITCH,41,38,8,5,0,5,3,0,0,0.211,CC,-3.101,-2.14,-2.448,-1.0,-0.287,-8.976,-1.3260000000000003,7.65,-3.59754882343074,,,,,,,,,,,,,,,,,,,,,,,,,,,,,,,,,,,-3.59754882343074
934,223,Joshua Fuentes,COL,29,5,RIGHT,103,98,30,14,2,17,2,1,0,0.306,1B,-1.957,-1.651,-1.159,-0.716,0.597,-4.886,-1.3450000000000002,3.541,-3.64909741139845,,,,,,,,,,,,,,,,,,,,,,,,,,,,,,,,,,,-3.64909741139845
935,188,Matt Kemp,COL,43,6,RIGHT,132,117,28,18,6,21,15,1,0,0.239,DH,-1.448,-0.672,-0.73,-0.716,-0.404,-3.97,-1.3502500000000004,2.61975,-3.663341100179002,,,,,,,,,,,,,,,,,,,,,,,,,,,,,,,,,,,-3.663341100179002
936,437,Stephen Vogt,ARI| ATL| OAK,25,7,LEFT,81,72,12,6,1,7,8,0,0,0.167,CC,-2.974,-1.895,-2.233,-1.0,-0.996,-9.097,-1.4469999999999992,7.65,-3.9258319362777354,,,,,,,,,,,,,,,,,,,,,,,,,,,,,,,,,,,-3.9258319362777354
937,,,,,,,,,,,,,,,,,,,,,,,,,,,,640,Kyle Hart,SDN| BOS,LEFT,SP,11.0,3,4,24,21,19,4,10,13,0,1,0,0,0,15.546,3.091,0,0,0.0,-1.793,-1.799,-0.503,-1.948,-1.804,-7.846,-1.862,-3.972416847489256,,-3.972416847489256
938,,,,,,,,,,,,,,,,,,,,,,,,,,,,641,Michael Fulmer,BOS| CHN| DET| MIN,RIGHT,SP,27.666666666666664,10,10,45,27,27,8,12,20,0,2,0,0,0,8.783,2.06,3,0,0.108,-1.793,-1.473,-0.503,-2.069,-2.053,-7.892,-1.9080000000000004,-4.070553890982547,,-4.070553890982547
939,275,Nick Markakis,ATL,36,6,LEFT,141,130,33,15,1,15,10,0,1,0.254,RF| LF,-1.829,-1.895,-1.374,-1.0,-0.179,-6.278,-1.5419999999999998,4.736,-4.183574876116288,,,,,,,,,,,,,,,,,,,,,,,,,,,,,,,,,,,-4.183574876116288
940,443,Alex Avila,MIN| WAS,22,9,LEFT,62,49,9,6,1,2,11,0,0,0.184,CC,-2.974,-1.895,-2.77,-1.0,-0.559,-9.197,-1.5469999999999988,7.65,-4.1971402940025255,,,,,,,,,,,,,,,,,,,,,,,,,,,,,,,,,,,-4.1971402940025255
941,276,Jake Cave,MIN| PHI| COL,34,7,LEFT,123,113,25,13,4,15,5,0,2,0.221,CF| RF,-2.084,-1.162,-1.374,-1.0,-0.682,-6.301,-1.5650000000000004,4.736,-4.245975798392992,,,,,,,,,,,,,,,,,,,,,,,,,,,,,,,,,,,-4.245975798392992
942,446,Dustin Garneau,HOU| DET,15,9,RIGHT,46,38,6,4,1,4,6,0,0,0.158,CC,-3.228,-1.895,-2.555,-1.0,-0.573,-9.251,-1.600999999999999,7.65,-4.343646807173914,,,,,,,,,,,,,,,,,,,,,,,,,,,,,,,,,,,-4.343646807173914
943,229,Amed Rosario,NYA| WAS| NYN| CLE| LAN| CIN| TBA,43,9,RIGHT,147,143,36,19,4,15,4,0,1,0.252,SS,-1.321,-1.162,-1.374,-1.0,-0.24,-5.096,-1.6030000000000002,3.493,-4.349072974328412,,,,,,,,,,,,,,,,,,,,,,,,,,,,,,,,,,,-4.349072974328412
944,279,Phil Gosselin,PHI| ANA| ATL,37,7,RIGHT,102,92,23,13,3,12,10,0,0,0.25,DH| LF| RF| 1B,-2.084,-1.406,-1.696,-1.0,-0.177,-6.363,-1.627000000000001,4.736,-4.414186980182364,,,,,,,,,,,,,,,,,,,,,,,,,,,,,,,,,,,-4.414186980182364
945,280,Jay Bruce,PHI| NYA,32,7,LEFT,103,96,19,11,6,14,7,0,0,0.198,DH| LF,-2.338,-0.672,-1.481,-1.0,-0.899,-6.391,-1.6550000000000002,4.736,-4.490153320345304,,,,,,,,,,,,,,,,,,,,,,,,,,,,,,,,,,,-4.490153320345304
946,281,Michael Taylor,CHA| WAS| KCA| MIN| PIT,34,9,RIGHT,99,92,18,11,5,16,6,0,0,0.196,LF| RF| CF,-2.338,-0.917,-1.267,-1.0,-0.891,-6.413,-1.6770000000000005,4.736,-4.549841159044759,,,,,,,,,,,,,,,,,,,,,,,,,,,,,,,,,,,-4.549841159044759
947,457,Andrew Knizner,SFN| SLN| TEX,7,8,RIGHT,17,16,4,1,0,4,0,0,0,0.25,CC,-3.61,-2.14,-2.555,-1.0,-0.031,-9.335,-1.6850000000000005,7.65,-4.571545827662742,,,,,,,,,,,,,,,,,,,,,,,,,,,,,,,,,,,-4.571545827662742
948,460,Matt Wieters,SLN,17,8,SWITCH,41,35,7,3,0,4,3,0,0,0.2,CC,-3.355,-2.14,-2.555,-1.0,-0.317,-9.367,-1.7170000000000003,7.65,-4.658364502134676,,,,,,,,,,,,,,,,,,,,,,,,,,,,,,,,,,,-4.658364502134676
949,,,,,,,,,,,,,,,,,,,,,,,,,,,,642,Julio Teheran,ANA| DET| MIL| NYN,RIGHT,SP,31.333333333333336,9,10,39,35,35,12,16,20,0,4,0,0,0,10.053,1.755,3,1,0.096,-1.793,-1.473,-0.503,-2.946,-1.493,-8.208,-2.224,-4.744712711501668,,-4.744712711501668
950,232,Andrelton Simmons,ANA| MIN| CHN,30,9,RIGHT,127,118,35,19,0,10,8,2,0,0.297,SS,-1.321,-2.14,-1.911,-0.432,0.558,-5.245,-1.7520000000000002,3.493,-4.753322427338352,,,,,,,,,,,,,,,,,,,,,,,,,,,,,,,,,,,-4.753322427338352
951,466,Robinson Chirinos,NYN| TEX| CHN| BAL,25,9,RIGHT,82,74,12,4,1,7,6,0,0,0.162,CC,-3.228,-1.895,-2.233,-1.0,-1.071,-9.427,-1.7769999999999992,7.65,-4.821149516769547,,,,,,,,,,,,,,,,,,,,,,,,,,,,,,,,,,,-4.821149516769547
952,286,Taylor Ward,ANA,30,7,RIGHT,102,94,26,16,0,5,8,2,0,0.277,RF| LF,-1.702,-2.14,-2.448,-0.432,0.176,-6.545,-1.809,4.736,-4.907968191241483,,,,,,,,,,,,,,,,,,,,,,,,,,,,,,,,,,,-4.907968191241483
953,468,Austin Allen,OAK,12,9,LEFT,32,31,6,1,1,3,1,0,0,0.194,CC,-3.61,-1.895,-2.662,-1.0,-0.31,-9.477,-1.827,7.65,-4.956803695631946,,,,,,,,,,,,,,,,,,,,,,,,,,,,,,,,,,,-4.956803695631946
954,,,,,,,,,,,,,,,,,,,,,,,,,,,,643,Jordan Yamamoto,MIA| NYN,RIGHT,SP,11.333333333333334,3,4,27,24,23,8,7,13,0,1,0,0,0,18.265,3.0,3,0,0.265,-1.793,-1.799,-0.503,-2.473,-1.769,-8.337,-2.353,-5.019923116080675,,-5.019923116080675
955,288,Ender Inciarte,ATL| NYN,38,9,LEFT,131,116,22,16,1,10,12,4,1,0.19,CF,-1.702,-1.895,-1.911,0.137,-1.223,-6.594,-1.8580000000000003,4.736,-5.040909286526633,,,,,,,,,,,,,,,,,,,,,,,,,,,,,,,,,,,-5.040909286526633
956,237,Gleyber Torres,DET| NYA,42,5,RIGHT,160,136,33,17,3,16,22,1,0,0.243,SS,-1.575,-1.406,-1.267,-0.716,-0.405,-5.368,-1.8750000000000004,3.493,-5.087031707339847,,,,,,,,,,,,,,,,,,,,,,,,,,,,,,,,,,,-5.087031707339847
957,471,Tyler Heineman,TOR| SFN| PIT| BOS,15,8,SWITCH,50,42,8,3,0,1,4,1,0,0.19,CC,-3.355,-2.14,-2.877,-0.716,-0.438,-9.526,-1.8759999999999997,7.65,-5.089744790917092,,,,,,,,,,,,,,,,,,,,,,,,,,,,,,,,,,,-5.089744790917092
958,473,Drew Butera,COL| ANA,18,9,RIGHT,43,39,6,4,0,4,2,0,0,0.154,CC,-3.228,-2.14,-2.555,-1.0,-0.611,-9.534,-1.8840000000000003,7.65,-5.111449459535078,,,,,,,,,,,,,,,,,,,,,,,,,,,,,,,,,,,-5.111449459535078
959,240,Luis Arraez,SDN| MIN| MIA,32,6,LEFT,121,112,36,16,0,13,8,0,0,0.321,2B,-1.702,-2.14,-1.589,-1.0,0.927,-5.504,-1.8959999999999997,3.608,-5.14400646246205,,,,,,,,,,,,,,,,,,,,,,,,,,,,,,,,,,,-5.14400646246205
960,299,Johan Camargo,ATL| PHI| SFN,35,7,SWITCH,127,120,24,16,4,9,6,0,0,0.2,3B| 2B,-1.702,-1.162,-2.018,-1.0,-1.088,-6.97,-1.906,5.064,-5.17113729823453,,,,,,,,,,,,,,,,,,,,,,,,,,,,,,,,,,,-5.17113729823453
961,484,Bryan Holaday,BAL| ARI,16,9,RIGHT,33,31,5,2,0,4,2,0,0,0.161,CC,-3.483,-2.14,-2.555,-1.0,-0.452,-9.63,-1.9800000000000004,7.65,-5.371905482950878,,,,,,,,,,,,,,,,,,,,,,,,,,,,,,,,,,,-5.371905482950878
962,485,Sandy Leon,ATL| CLE| MIA| MIN| TEX,23,8,SWITCH,81,66,9,4,2,4,14,0,0,0.136,CC,-3.228,-1.651,-2.555,-1.0,-1.198,-9.632,-1.9819999999999995,7.65,-5.377331650105371,,,,,,,,,,,,,,,,,,,,,,,,,,,,,,,,,,,-5.377331650105371
963,291,Dylan Carlson,BAL| SLN| TBA,35,8,SWITCH,119,110,22,11,3,16,8,1,1,0.2,LF| CF| RF,-2.338,-1.406,-1.267,-0.716,-0.997,-6.724,-1.9880000000000004,4.736,-5.393610151568861,,,,,,,,,,,,,,,,,,,,,,,,,,,,,,,,,,,-5.393610151568861
964,487,Roberto Perez,CLE| PIT| SFN,31,8,RIGHT,110,97,16,6,1,5,11,0,0,0.165,CC,-2.974,-1.895,-2.448,-1.0,-1.365,-9.682,-2.032,7.65,-5.512985828967769,,,,,,,,,,,,,,,,,,,,,,,,,,,,,,,,,,,-5.512985828967769
965,311,Luis Urias,ATH| MIL| BOS| SEA,34,8,RIGHT,120,109,26,11,0,11,10,2,2,0.239,3B| 2B| SS,-2.338,-2.14,-1.803,-0.432,-0.389,-7.101,-2.037,5.064,-5.526551246854008,,,,,,,,,,,,,,,,,,,,,,,,,,,,,,,,,,,-5.526551246854008
966,495,John Ryan Murphy,PIT,21,9,RIGHT,63,58,10,5,0,2,4,0,0,0.172,CC,-3.101,-2.14,-2.77,-1.0,-0.754,-9.765,-2.115,7.65,-5.738171765879346,,,,,,,,,,,,,,,,,,,,,,,,,,,,,,,,,,,-5.738171765879346
967,295,Brett Phillips,KCA| TBA| BAL| ANA,25,8,LEFT,59,51,10,8,2,5,8,5,0,0.196,CF| RF,-2.72,-1.651,-2.448,0.421,-0.491,-6.888,-2.152,4.736,-5.838555858237519,,,,,,,,,,,,,,,,,,,,,,,,,,,,,,,,,,,-5.838555858237519
968,499,Francisco Mejia,SDN| TBA,16,8,SWITCH,42,39,3,5,1,2,1,0,0,0.077,CC,-3.101,-1.895,-2.77,-1.0,-1.039,-9.805,-2.155,7.65,-5.846695108969261,,,,,,,,,,,,,,,,,,,,,,,,,,,,,,,,,,,-5.846695108969261
969,313,Joe Panik,TOR| MIA,41,7,LEFT,141,120,27,18,1,7,20,0,0,0.225,3B| 2B| SS,-1.448,-1.895,-2.233,-1.0,-0.66,-7.236,-2.172,5.064,-5.8928175297824765,,,,,,,,,,,,,,,,,,,,,,,,,,,,,,,,,,,-5.8928175297824765
970,298,Sam Haggerty,TEX| SEA,13,2,SWITCH,54,50,13,7,1,6,4,4,0,0.26,LF,-2.847,-1.895,-2.34,0.137,-0.025,-6.97,-2.234,4.736,-6.061028711571848,,,,,,,,,,,,,,,,,,,,,,,,,,,,,,,,,,,-6.061028711571848
971,321,Phillip Evans,PIT,11,6,RIGHT,45,39,14,6,1,9,5,0,1,0.359,3B,-2.974,-1.895,-2.018,-1.0,0.532,-7.355,-2.2910000000000004,5.064,-6.21567447547498,,,,,,,,,,,,,,,,,,,,,,,,,,,,,,,,,,,-6.21567447547498
972,264,Jason Kipnis,CHN,43,9,LEFT,135,114,27,13,3,16,18,1,0,0.237,2B,-2.084,-1.406,-1.267,-0.716,-0.434,-5.906,-2.298,3.608,-6.234666060515713,,,,,,,,,,,,,,,,,,,,,,,,,,,,,,,,,,,-6.234666060515713
973,509,Meibrys Viloria,KCA| TEX| CLE,12,9,LEFT,24,21,4,1,0,0,2,0,0,0.19,CC,-3.61,-2.14,-2.984,-1.0,-0.219,-9.953,-2.302999999999999,7.65,-6.248231478401952,,,,,,,,,,,,,,,,,,,,,,,,,,,,,,,,,,,-6.248231478401952
974,305,Magneuris Sierra,MIA| ANA,14,9,LEFT,53,44,11,8,0,7,5,4,1,0.25,CF,-2.72,-2.14,-2.233,0.137,-0.085,-7.04,-2.3040000000000003,4.736,-6.250944561979203,,,,,,,,,,,,,,,,,,,,,,,,,,,,,,,,,,,-6.250944561979203
975,306,Nomar Mazara,CHA| DET| SDN,42,8,LEFT,149,136,31,13,1,15,10,0,1,0.228,RF,-2.084,-1.895,-1.374,-1.0,-0.691,-7.043,-2.3070000000000004,4.736,-6.259083812710947,,,,,,,,,,,,,,,,,,,,,,,,,,,,,,,,,,,-6.259083812710947
976,307,Jorge Bonifacio,DET| PHI,29,6,RIGHT,94,86,19,8,2,17,5,0,0,0.221,LF| RF,-2.72,-1.651,-1.159,-1.0,-0.523,-7.052,-2.316,4.736,-6.283501564906176,,,,,,,,,,,,,,,,,,,,,,,,,,,,,,,,,,,-6.283501564906176
977,308,Alex Gordon,KCA,50,6,LEFT,184,163,34,15,4,11,18,0,0,0.209,LF,-1.829,-1.162,-1.803,-1.0,-1.278,-7.072,-2.3360000000000003,4.736,-6.337763236451137,,,,,,,,,,,,,,,,,,,,,,,,,,,,,,,,,,,-6.337763236451137
978,267,Nico Hoerner,CHN,43,9,RIGHT,126,108,24,18,0,13,12,3,1,0.222,SS| 2B,-1.448,-2.14,-1.589,-0.147,-0.637,-5.96,-2.352,3.608,-6.381172573687102,,,,,,,,,,,,,,,,,,,,,,,,,,,,,,,,,,,-6.381172573687102
979,309,Ben Gamel,MIL| CLE| PIT| SDN| HOU| NYN,38,6,LEFT,127,114,27,11,3,10,13,0,2,0.237,RF| CF,-2.338,-1.406,-1.911,-1.0,-0.434,-7.089,-2.3530000000000006,4.736,-6.383885657264352,,,,,,,,,,,,,,,,,,,,,,,,,,,,,,,,,,,-6.383885657264352
980,269,Nick Madrigal,CHA| CHN,29,9,RIGHT,109,103,35,8,0,11,4,2,1,0.34,2B,-2.72,-2.14,-1.803,-0.432,1.122,-5.972,-2.3640000000000003,3.608,-6.413729576614078,,,,,,,,,,,,,,,,,,,,,,,,,,,,,,,,,,,-6.413729576614078
981,519,Joe Hudson,SEA| NYN,8,9,RIGHT,20,17,3,0,0,0,2,0,0,0.176,CC,-3.737,-2.14,-2.984,-1.0,-0.211,-10.072,-2.421999999999999,7.65,-6.571088424094453,,,,,,,,,,,,,,,,,,,,,,,,,,,,,,,,,,,-6.571088424094453
982,268,Ji Man Choi,TBA| PIT| SDN,42,4,LEFT,145,122,28,16,3,16,20,0,0,0.23,1B,-1.702,-1.406,-1.267,-1.0,-0.592,-5.967,-2.426,3.541,-6.581940758403447,,,,,,,,,,,,,,,,,,,,,,,,,,,,,,,,,,,-6.581940758403447
983,524,Joseph Odom,SEA| TBA,17,9,RIGHT,44,39,5,2,0,2,4,0,0,0.128,CC,-3.483,-2.14,-2.77,-1.0,-0.753,-10.145,-2.494999999999999,7.65,-6.769143525233552,,,,,,,,,,,,,,,,,,,,,,,,,,,,,,,,,,,-6.769143525233552
984,314,Edward Olivares,KCA| SDN| PIT,28,7,RIGHT,101,96,23,9,3,10,4,0,2,0.24,RF| LF| CF,-2.592,-1.406,-1.911,-1.0,-0.328,-7.237,-2.5010000000000003,4.736,-6.785422026697042,,,,,,,,,,,,,,,,,,,,,,,,,,,,,,,,,,,-6.785422026697042
985,315,Cole Tucker,PIT| COL| ANA,32,8,SWITCH,116,109,24,15,1,8,5,1,0,0.22,CF| RF,-1.829,-1.895,-2.126,-0.716,-0.674,-7.24,-2.5040000000000004,4.736,-6.793561277428787,,,,,,,,,,,,,,,,,,,,,,,,,,,,,,,,,,,-6.793561277428787
986,527,Beau Taylor,CLE,7,8,LEFT,24,21,1,1,0,2,2,0,0,0.048,CC,-3.61,-2.14,-2.77,-1.0,-0.647,-10.166,-2.516,7.65,-6.826118280355761,,,,,,,,,,,,,,,,,,,,,,,,,,,,,,,,,,,-6.826118280355761
987,316,Josh Naylor,ARI| SEA| CLE| SDN,40,7,LEFT,104,97,24,13,1,6,5,1,0,0.247,DH| LF,-2.084,-1.895,-2.34,-0.716,-0.223,-7.258,-2.522,4.736,-6.842396781819249,,,,,,,,,,,,,,,,,,,,,,,,,,,,,,,,,,,-6.842396781819249
988,332,Abraham Toro,BOS| HOU| SEA| MIL| OAK,32,7,SWITCH,97,87,13,13,3,9,3,1,1,0.149,DH| 3B,-2.084,-1.406,-2.018,-0.716,-1.417,-7.641,-2.577,5.064,-6.991616378567883,,,,,,,,,,,,,,,,,,,,,,,,,,,,,,,,,,,-6.991616378567883
989,272,Tyler Wade,SDN| NYA| ANA| OAK,39,9,LEFT,105,88,15,17,3,10,12,3,1,0.17,2B| SS,-1.575,-1.406,-1.911,-0.147,-1.169,-6.208,-2.6,3.608,-7.054017300844586,,,,,,,,,,,,,,,,,,,,,,,,,,,,,,,,,,,-7.054017300844586
990,323,Adam Haseley,PHI| CHA,34,9,LEFT,92,79,22,7,0,13,7,0,0,0.278,CF| RF| LF,-2.847,-2.14,-1.589,-1.0,0.169,-7.406,-2.67,4.736,-7.24393315125194,,,,,,,,,,,,,,,,,,,,,,,,,,,,,,,,,,,-7.24393315125194
991,324,Yairo Munoz,BOS| PHI,12,7,RIGHT,45,45,15,6,1,4,0,2,0,0.333,LF,-2.974,-1.895,-2.555,-0.432,0.449,-7.407,-2.6710000000000003,4.736,-7.246646234829188,,,,,,,,,,,,,,,,,,,,,,,,,,,,,,,,,,,-7.246646234829188
992,326,Delino DeShields,CLE| CIN,35,9,RIGHT,120,107,27,10,0,7,9,2,1,0.252,CF,-2.465,-2.14,-2.233,-0.432,-0.171,-7.44,-2.7040000000000006,4.736,-7.336177992878371,,,,,,,,,,,,,,,,,,,,,,,,,,,,,,,,,,,-7.336177992878371
993,238,Edwin Encarnacion,CHA,44,5,RIGHT,181,159,25,19,10,19,16,0,0,0.157,DH,-1.321,0.306,-0.945,-1.0,-2.413,-5.372,-2.75225,2.61975,-7.467084275480581,,,,,,,,,,,,,,,,,,,,,,,,,,,,,,,,,,,-7.467084275480581
994,346,Carter Kieboom,ANA| WAS,32,7,RIGHT,122,99,20,15,0,9,17,0,1,0.202,3B,-1.829,-2.14,-2.018,-1.0,-0.869,-7.856,-2.792,5.064,-7.574929347676186,,,,,,,,,,,,,,,,,,,,,,,,,,,,,,,,,,,-7.574929347676186
995,347,Chad Pinder,OAK,21,8,RIGHT,61,56,13,7,2,8,5,0,0,0.232,2B| 3B,-2.847,-1.651,-2.126,-1.0,-0.251,-7.874,-2.81,5.064,-7.623764852066647,,,,,,,,,,,,,,,,,,,,,,,,,,,,,,,,,,,-7.623764852066647
996,536,Reese McGuire,CHN| TOR| BOS| CHA,15,9,LEFT,45,41,3,1,1,1,0,0,0,0.073,CC,-3.61,-1.895,-2.877,-1.0,-1.114,-10.496,-2.846,7.65,-7.721435860847574,,,,,,,,,,,,,,,,,,,,,,,,,,,,,,,,,,,-7.721435860847574
997,330,Jose Osuna,PIT,25,8,RIGHT,82,78,16,6,4,11,4,0,1,0.205,1B| RF,-2.974,-1.162,-1.803,-1.0,-0.65,-7.589,-2.8530000000000006,4.736,-7.740427445888311,,,,,,,,,,,,,,,,,,,,,,,,,,,,,,,,,,,-7.740427445888311
998,278,Anderson Tejeda,TEX,21,7,SWITCH,77,75,19,7,3,8,2,4,1,0.253,SS,-2.847,-1.406,-2.126,0.137,-0.109,-6.35,-2.857,3.493,-7.7512797801973,,,,,,,,,,,,,,,,,,,,,,,,,,,,,,,,,,,-7.7512797801973
999,331,Cameron Maybin,CHN| DET| NYN,30,7,RIGHT,101,93,23,7,1,7,7,2,0,0.247,RF,-2.847,-1.895,-2.233,-0.432,-0.215,-7.621,-2.8850000000000007,4.736,-7.827246120360244,,,,,,,,,,,,,,,,,,,,,,,,,,,,,,,,,,,-7.827246120360244
1000,241,Dan Vogelbach,MIL| SEA| TOR| NYN| PIT,39,4,LEFT,136,115,24,16,6,16,20,0,0,0.209,DH,-1.702,-0.672,-1.267,-1.0,-0.9,-5.541,-2.921250000000001,2.61975,-7.925595400035481,,,,,,,,,,,,,,,,,,,,,,,,,,,,,,,,,,,-7.925595400035481
1001,338,Dwight Smith,BAL,20,6,LEFT,72,63,14,9,2,6,7,1,0,0.222,LF,-2.592,-1.651,-2.34,-0.716,-0.371,-7.67,-2.934,4.736,-7.960187215645391,,,,,,,,,,,,,,,,,,,,,,,,,,,,,,,,,,,-7.960187215645391
1002,284,Ryan McBroom,KCA,36,6,RIGHT,85,81,20,8,6,10,4,0,0,0.247,1B| DH,-2.72,-0.672,-1.911,-1.0,-0.192,-6.495,-2.954,3.541,-8.01444888719035,,,,,,,,,,,,,,,,,,,,,,,,,,,,,,,,,,,-8.01444888719035
1003,339,Nick Senzel,CIN| CHA| WAS,23,7,RIGHT,78,70,13,8,2,8,6,2,1,0.186,CF,-2.72,-1.651,-2.126,-0.432,-0.778,-7.705,-2.9690000000000003,4.736,-8.055145140849069,,,,,,,,,,,,,,,,,,,,,,,,,,,,,,,,,,,-8.055145140849069
1004,359,Jake Lamb,ARI| OAK| CHA| TOR| LAN| SEA| ANA,30,8,LEFT,99,88,17,7,3,10,8,0,1,0.193,1B| 3B,-2.847,-1.406,-1.911,-1.0,-0.884,-8.047,-2.9830000000000005,5.064,-8.09312831093054,,,,,,,,,,,,,,,,,,,,,,,,,,,,,,,,,,,-8.09312831093054
1005,285,Nathaniel Lowe,BOS| WAS| TBA| TEX,21,4,LEFT,76,67,15,10,4,11,9,1,0,0.224,1B,-2.465,-1.162,-1.803,-0.716,-0.379,-6.525,-2.9840000000000004,3.541,-8.095841394507787,,,,,,,,,,,,,,,,,,,,,,,,,,,,,,,,,,,-8.095841394507787
1006,340,Franchy Cordero,KCA| BOS| NYA,16,8,LEFT,42,38,8,7,2,7,4,1,0,0.211,RF,-2.847,-1.651,-2.233,-0.716,-0.287,-7.733,-2.997,4.736,-8.13111148101201,,,,,,,,,,,,,,,,,,,,,,,,,,,,,,,,,,,-8.13111148101201
1007,287,Ronald Guzman,TEX| NYA,25,7,LEFT,86,78,19,10,4,9,7,1,0,0.244,1B,-2.465,-1.162,-2.018,-0.716,-0.222,-6.582,-3.041,3.541,-8.250487158410918,,,,,,,,,,,,,,,,,,,,,,,,,,,,,,,,,,,-8.250487158410918
1008,289,Daniel Murphy,COL,39,5,LEFT,132,123,29,10,3,16,7,0,0,0.236,1B,-2.465,-1.406,-1.267,-1.0,-0.487,-6.625,-3.084,3.541,-8.367149752232578,,,,,,,,,,,,,,,,,,,,,,,,,,,,,,,,,,,-8.367149752232578
1009,345,Jarrod Dyson,CHA| PIT| KCA| TOR,22,8,LEFT,66,61,11,4,0,5,4,6,0,0.18,CF,-3.228,-2.14,-2.448,0.705,-0.724,-7.835,-3.099,4.736,-8.407846005891297,,,,,,,,,,,,,,,,,,,,,,,,,,,,,,,,,,,-8.407846005891297
1010,366,Eric Sogard,MIL| CHN,41,1,LEFT,128,115,24,10,1,10,11,0,0,0.209,3B| SS| 2B,-2.465,-1.895,-1.911,-1.0,-0.9,-8.171,-3.1069999999999998,5.064,-8.429550674509278,,,,,,,,,,,,,,,,,,,,,,,,,,,,,,,,,,,-8.429550674509278
1011,369,Greg Garcia,SDN,32,7,LEFT,71,60,12,6,0,11,7,1,0,0.2,DH| 2B| 3B,-2.974,-2.14,-1.803,-0.716,-0.544,-8.177,-3.1129999999999995,5.064,-8.445829175972767,,,,,,,,,,,,,,,,,,,,,,,,,,,,,,,,,,,-8.445829175972767
1012,373,Brock Holt,MIL| WAS| TEX,35,5,LEFT,106,95,20,12,0,5,9,1,0,0.211,3B| LF,-2.211,-2.14,-2.448,-0.716,-0.719,-8.233,-3.1690000000000005,5.064,-8.597761856298652,,,,,,,,,,,,,,,,,,,,,,,,,,,,,,,,,,,-8.597761856298652
1013,292,Justin Smoak,MIL| SFN,36,4,SWITCH,132,119,21,14,5,15,10,0,0,0.176,1B,-1.957,-0.917,-1.374,-1.0,-1.479,-6.726,-3.185,3.541,-8.641171193534618,,,,,,,,,,,,,,,,,,,,,,,,,,,,,,,,,,,-8.641171193534618
1014,352,Aristides Aquino,CIN,20,6,RIGHT,56,47,8,7,2,8,6,1,0,0.17,LF,-2.847,-1.651,-2.126,-0.716,-0.626,-7.965,-3.229,4.736,-8.760546870933526,,,,,,,,,,,,,,,,,,,,,,,,,,,,,,,,,,,-8.760546870933526
1015,354,Jake Marisnick,NYN| CHN| SDN| PIT| CHA| DET| LAN,14,6,RIGHT,34,33,11,4,2,5,1,0,0,0.333,CF,-3.228,-1.651,-2.448,-1.0,0.329,-7.997,-3.261,4.736,-8.84736554540546,,,,,,,,,,,,,,,,,,,,,,,,,,,,,,,,,,,-8.84736554540546
1016,355,Myles Straw,TOR| HOU| CLE,28,8,RIGHT,86,82,17,4,0,8,4,4,2,0.207,CF,-3.228,-2.14,-2.126,0.137,-0.658,-8.014,-3.278,4.736,-8.893487966218673,,,,,,,,,,,,,,,,,,,,,,,,,,,,,,,,,,,-8.893487966218673
1017,382,Wyatt Mathisen,ARI,9,8,RIGHT,33,27,6,5,2,5,5,0,0,0.222,3B,-3.101,-1.651,-2.448,-1.0,-0.159,-8.358,-3.2940000000000005,5.064,-8.936897303454641,,,,,,,,,,,,,,,,,,,,,,,,,,,,,,,,,,,-8.936897303454641
1018,361,Tyrone Taylor,NYN| MIL,18,8,RIGHT,41,38,9,6,2,6,2,0,0,0.237,CF| RF,-2.974,-1.651,-2.34,-1.0,-0.145,-8.109,-3.373,4.736,-9.151230906057227,,,,,,,,,,,,,,,,,,,,,,,,,,,,,,,,,,,-9.151230906057227
1019,302,Luis Guillorme,HOU| NYN| ANA| ARI| ATL,27,8,LEFT,68,57,19,6,0,9,10,2,0,0.333,2B,-2.974,-2.14,-2.018,-0.432,0.568,-6.995,-3.387,3.608,-9.189214076138695,,,,,,,,,,,,,,,,,,,,,,,,,,,,,,,,,,,-9.189214076138695
1020,304,Tony Kemp,OAK| BAL,40,8,LEFT,114,93,23,14,0,4,15,3,1,0.247,2B,-1.957,-2.14,-2.555,-0.147,-0.215,-7.013,-3.405,3.608,-9.23804958052916,,,,,,,,,,,,,,,,,,,,,,,,,,,,,,,,,,,-9.23804958052916
1021,270,Giancarlo Stanton,NYA,23,4,RIGHT,94,76,19,12,4,11,15,1,1,0.25,DH,-2.211,-1.162,-1.803,-0.716,-0.146,-6.038,-3.4182500000000005,2.61975,-9.273997937927696,,,,,,,,,,,,,,,,,,,,,,,,,,,,,,,,,,,-9.273997937927696
1022,365,Guillermo Heredia,NYN| PIT| ATL,12,8,RIGHT,36,33,7,5,2,5,3,1,0,0.212,CF,-3.101,-1.651,-2.448,-0.716,-0.242,-8.157,-3.4210000000000003,4.736,-9.281458917765129,,,,,,,,,,,,,,,,,,,,,,,,,,,,,,,,,,,-9.281458917765129
1023,371,Jace Peterson,MIL| ARI| OAK,24,7,LEFT,61,45,9,6,2,5,15,1,0,0.2,RF,-2.974,-1.651,-2.448,-0.716,-0.408,-8.196,-3.46,4.736,-9.387269177277794,,,,,,,,,,,,,,,,,,,,,,,,,,,,,,,,,,,-9.387269177277794
1024,375,Jordan Luplow,CLE| TBA| ARI| MIN| TOR,29,6,RIGHT,92,78,15,8,2,8,12,0,1,0.192,LF| RF,-2.72,-1.651,-2.126,-1.0,-0.793,-8.289,-3.553,4.736,-9.639585949961852,,,,,,,,,,,,,,,,,,,,,,,,,,,,,,,,,,,-9.639585949961852
1025,380,Dee Strange-Gordon,SEA| WAS,25,9,LEFT,82,75,15,8,0,3,5,3,2,0.2,2B| LF,-2.72,-2.14,-2.662,-0.147,-0.68,-8.349,-3.613,4.736,-9.802370964596728,,,,,,,,,,,,,,,,,,,,,,,,,,,,,,,,,,,-9.802370964596728
1026,407,Isaac Paredes,HOU| DET| TBA| CHN,32,9,RIGHT,108,100,22,7,1,6,8,0,0,0.22,3B,-2.847,-1.895,-2.34,-1.0,-0.621,-8.703,-3.6389999999999993,5.064,-9.87291113760517,,,,,,,,,,,,,,,,,,,,,,,,,,,,,,,,,,,-9.87291113760517
1027,383,Domingo Santana,CLE,24,7,RIGHT,84,70,11,6,2,12,13,0,0,0.157,RF| LF,-2.974,-1.651,-1.696,-1.0,-1.063,-8.384,-3.648000000000001,4.736,-9.897328889800406,,,,,,,,,,,,,,,,,,,,,,,,,,,,,,,,,,,-9.897328889800406
1028,312,Elvis Andrus,TEX| OAK| CHA,28,8,RIGHT,111,103,20,11,3,7,8,3,1,0.194,SS,-2.338,-1.406,-2.233,-0.147,-1.02,-7.144,-3.651,3.493,-9.905468140532149,,,,,,,,,,,,,,,,,,,,,,,,,,,,,,,,,,,-9.905468140532149
1029,318,Shed Long,SEA,34,8,LEFT,128,117,20,10,3,9,11,4,0,0.171,2B,-2.465,-1.406,-2.018,0.137,-1.546,-7.299,-3.691,3.608,-10.013991483622064,,,,,,,,,,,,,,,,,,,,,,,,,,,,,,,,,,,-10.013991483622064
1030,277,Howie Kendrick,WAS,25,3,RIGHT,100,91,25,11,2,14,7,0,0,0.275,DH,-2.338,-1.651,-1.481,-1.0,0.146,-6.324,-3.70425,2.61975,-10.0499398410206,,,,,,,,,,,,,,,,,,,,,,,,,,,,,,,,,,,-10.0499398410206
1031,416,Adeiny Hechavarria,ATL,24,9,RIGHT,63,59,15,7,0,2,4,0,0,0.254,2B| 3B,-2.847,-2.14,-2.77,-1.0,-0.078,-8.834,-3.77,5.064,-10.228325086224649,,,,,,,,,,,,,,,,,,,,,,,,,,,,,,,,,,,-10.228325086224649
1032,319,C. J. Cron,DET| COL| ANA,13,4,RIGHT,52,42,8,9,4,8,9,0,0,0.19,1B,-2.592,-1.162,-2.126,-1.0,-0.438,-7.317,-3.776,3.541,-10.244603587688138,,,,,,,,,,,,,,,,,,,,,,,,,,,,,,,,,,,-10.244603587688138
1033,393,Greg Allen,BAL| CLE| SDN| NYA| PIT,10,9,SWITCH,32,26,4,4,1,4,3,2,0,0.154,LF,-3.228,-1.895,-2.555,-0.432,-0.407,-8.517,-3.781,4.736,-10.258169005574375,,,,,,,,,,,,,,,,,,,,,,,,,,,,,,,,,,,-10.258169005574375
1034,394,Derek Fisher,TOR| MIL,15,9,LEFT,39,31,7,4,1,7,7,0,0,0.226,RF,-3.228,-1.895,-2.233,-1.0,-0.167,-8.523,-3.787,4.736,-10.274447507037864,,,,,,,,,,,,,,,,,,,,,,,,,,,,,,,,,,,-10.274447507037864
1035,322,Danny Mendick,CHA| NYN,31,9,RIGHT,114,107,26,11,3,6,6,0,1,0.243,2B,-2.338,-1.406,-2.34,-1.0,-0.313,-7.398,-3.79,3.608,-10.282586757769607,,,,,,,,,,,,,,,,,,,,,,,,,,,,,,,,,,,-10.282586757769607
1036,320,Eric Thames,WAS,41,5,LEFT,140,123,25,10,3,12,14,1,0,0.203,1B| DH,-2.465,-1.406,-1.696,-0.716,-1.058,-7.341,-3.8,3.541,-10.309717593542087,,,,,,,,,,,,,,,,,,,,,,,,,,,,,,,,,,,-10.309717593542087
1037,396,David Dahl,COL| TEX| SDN| PHI,24,1,LEFT,99,93,17,9,0,9,4,1,0,0.183,CF,-2.592,-2.14,-2.018,-0.716,-1.072,-8.538,-3.802000000000001,4.736,-10.315143760696584,,,,,,,,,,,,,,,,,,,,,,,,,,,,,,,,,,,-10.315143760696584
1038,325,Jose Peraza,BOS| NYN,33,9,RIGHT,120,111,25,13,1,8,5,1,1,0.225,2B,-2.084,-1.895,-2.126,-0.716,-0.607,-7.427,-3.819,3.608,-10.361266181509796,,,,,,,,,,,,,,,,,,,,,,,,,,,,,,,,,,,-10.361266181509796
1039,398,Scott Heineman,TEX| CIN,18,9,RIGHT,54,52,8,4,1,7,2,2,0,0.154,CF,-3.228,-1.895,-2.233,-0.432,-0.814,-8.602,-3.866000000000001,4.736,-10.48878110964045,,,,,,,,,,,,,,,,,,,,,,,,,,,,,,,,,,,-10.48878110964045
1040,328,Chris Owings,COL| BAL| PIT,14,8,RIGHT,44,41,11,8,2,5,3,1,0,0.268,2B,-2.72,-1.651,-2.448,-0.716,0.028,-7.505,-3.897,3.608,-10.572886700535134,,,,,,,,,,,,,,,,,,,,,,,,,,,,,,,,,,,-10.572886700535134
1041,400,Miguel Andujar,ATH| CIN| NYA| PIT| OAK,21,6,RIGHT,65,62,15,5,1,5,3,0,0,0.242,LF| DH,-3.101,-1.895,-2.448,-1.0,-0.191,-8.635,-3.899,4.736,-10.57831286768963,,,,,,,,,,,,,,,,,,,,,,,,,,,,,,,,,,,-10.57831286768963
1042,401,Scott Kingery,ANA| PHI,36,8,RIGHT,124,113,18,12,3,6,9,0,0,0.159,2B| CF,-2.211,-1.406,-2.34,-1.0,-1.682,-8.639,-3.903,4.736,-10.589165201998622,,,,,,,,,,,,,,,,,,,,,,,,,,,,,,,,,,,-10.589165201998622
1043,402,Christin Stewart,DET,34,6,LEFT,99,90,15,6,3,9,5,0,0,0.167,LF,-2.974,-1.406,-2.018,-1.0,-1.244,-8.643,-3.907000000000001,4.736,-10.600017536307616,,,,,,,,,,,,,,,,,,,,,,,,,,,,,,,,,,,-10.600017536307616
1044,429,Vimael Machin,BAL| OAK,24,8,LEFT,71,63,13,11,0,0,8,0,0,0.206,3B,-2.338,-2.14,-2.984,-1.0,-0.514,-8.976,-3.912000000000001,5.064,-10.613582954193856,,,,,,,,,,,,,,,,,,,,,,,,,,,,,,,,,,,-10.613582954193856
1045,405,Billy Hamilton,CHN| NYN| CHA| MIA| MIN,18,9,SWITCH,36,32,4,4,1,2,2,3,0,0.125,CF,-3.228,-1.895,-2.77,-0.147,-0.633,-8.673,-3.937,4.736,-10.681410043625052,,,,,,,,,,,,,,,,,,,,,,,,,,,,,,,,,,,-10.681410043625052
1046,329,Christian Arroyo,BOS| CLE,14,9,RIGHT,54,50,12,7,3,8,4,0,0,0.24,2B,-2.847,-1.406,-2.126,-1.0,-0.168,-7.546,-3.938,3.608,-10.6841231272023,,,,,,,,,,,,,,,,,,,,,,,,,,,,,,,,,,,-10.6841231272023
1047,327,Leury Garcia,CHA,16,8,SWITCH,63,59,16,6,3,8,4,0,0,0.271,SS,-2.974,-1.406,-2.126,-1.0,0.065,-7.441,-3.948,3.493,-10.711253962974778,,,,,,,,,,,,,,,,,,,,,,,,,,,,,,,,,,,-10.711253962974778
1048,333,Aledmys Diaz,HOU| OAK,17,8,RIGHT,59,58,14,8,3,6,1,0,0,0.241,2B,-2.72,-1.406,-2.34,-1.0,-0.183,-7.649,-4.041,3.608,-10.963570735658836,,,,,,,,,,,,,,,,,,,,,,,,,,,,,,,,,,,-10.963570735658836
1049,415,Mark Mathias,MIL| TEX| PIT| SFN,14,7,RIGHT,36,36,10,2,0,4,0,1,0,0.278,RF,-3.483,-2.14,-2.555,-0.716,0.073,-8.819,-4.083000000000001,4.736,-11.077520245903251,,,,,,,,,,,,,,,,,,,,,,,,,,,,,,,,,,,-11.077520245903251
1050,336,Ryan O'Hearn,BAL| SDN| KCA,42,4,LEFT,132,113,22,7,2,18,18,0,0,0.195,1B| DH,-2.847,-1.651,-1.052,-1.0,-1.11,-7.66,-4.119,3.541,-11.175191254684172,,,,,,,,,,,,,,,,,,,,,,,,,,,,,,,,,,,-11.175191254684172
1051,419,Willie Calhoun,TEX| SFN| NYA| ANA,29,3,LEFT,108,100,19,3,1,13,5,0,0,0.19,DH| LF,-3.355,-1.895,-1.589,-1.0,-1.05,-8.889,-4.153,4.736,-11.2674360963106,,,,,,,,,,,,,,,,,,,,,,,,,,,,,,,,,,,-11.2674360963106
1052,341,Gavin Lux,CIN| LAN,19,8,LEFT,69,63,11,8,3,8,6,1,0,0.175,2B,-2.72,-1.406,-2.126,-0.716,-0.8,-7.767,-4.159000000000001,3.608,-11.283714597774091,,,,,,,,,,,,,,,,,,,,,,,,,,,,,,,,,,,-11.283714597774091
1053,342,Starlin Castro,WAS,16,3,RIGHT,63,60,16,9,2,4,3,0,0,0.267,2B,-2.592,-1.651,-2.555,-1.0,0.027,-7.771,-4.163,3.608,-11.294566932083082,,,,,,,,,,,,,,,,,,,,,,,,,,,,,,,,,,,-11.294566932083082
1054,343,Nicky Lopez,ANA| CHN| KCA| ATL| CHA,55,9,LEFT,192,169,34,15,1,13,18,0,5,0.201,2B,-1.829,-1.895,-1.589,-1.0,-1.504,-7.817,-4.209,3.608,-11.419368776636484,,,,,,,,,,,,,,,,,,,,,,,,,,,,,,,,,,,-11.419368776636484
1055,448,Ehire Adrianza,MIN| ATL| WAS| ANA,36,9,SWITCH,101,89,17,7,0,3,11,1,0,0.191,3B| SS,-2.847,-2.14,-2.662,-0.716,-0.921,-9.286,-4.222,5.064,-11.454638863140708,,,,,,,,,,,,,,,,,,,,,,,,,,,,,,,,,,,-11.454638863140708
1056,428,Monte Harrison,MIA| ANA,19,9,RIGHT,51,47,8,3,1,3,4,2,0,0.17,CF,-3.355,-1.895,-2.662,-0.432,-0.626,-8.97,-4.234000000000001,4.736,-11.487195866067683,,,,,,,,,,,,,,,,,,,,,,,,,,,,,,,,,,,-11.487195866067683
1057,451,JT Riddle,PIT| MIN| CIN,22,8,LEFT,69,67,10,8,1,1,2,1,0,0.149,3B,-2.72,-1.895,-2.877,-0.716,-1.093,-9.301,-4.237,5.064,-11.495335116799428,,,,,,,,,,,,,,,,,,,,,,,,,,,,,,,,,,,-11.495335116799428
1058,349,Kevin Newman,ANA| PIT| CIN| ARI,44,2,RIGHT,172,156,35,12,1,10,12,0,1,0.224,2B| SS,-2.211,-1.895,-1.911,-1.0,-0.872,-7.889,-4.281000000000001,3.608,-11.614710794198336,,,,,,,,,,,,,,,,,,,,,,,,,,,,,,,,,,,-11.614710794198336
1059,432,Jo Adell,ANA,34,7,RIGHT,132,124,20,9,3,7,7,0,1,0.161,RF,-2.592,-1.406,-2.233,-1.0,-1.81,-9.041,-4.305000000000001,4.736,-11.679824800052288,,,,,,,,,,,,,,,,,,,,,,,,,,,,,,,,,,,-11.679824800052288
1060,296,Derek Dietrich,TEX,25,7,LEFT,75,61,12,9,5,8,9,1,1,0.197,DH,-2.592,-0.917,-2.126,-0.716,-0.582,-6.932,-4.312250000000001,2.61975,-11.699494655987332,,,,,,,,,,,,,,,,,,,,,,,,,,,,,,,,,,,-11.699494655987332
1061,436,Phillip Ervin,CIN| SEA,34,1,RIGHT,89,74,11,10,0,4,14,1,0,0.149,LF| CF| RF,-2.465,-2.14,-2.555,-0.716,-1.214,-9.089,-4.353000000000001,4.736,-11.810052811760189,,,,,,,,,,,,,,,,,,,,,,,,,,,,,,,,,,,-11.810052811760189
1062,351,Jazz Chisholm,NYA| MIA,18,8,LEFT,62,56,9,8,2,6,5,2,2,0.161,SS| 2B,-2.72,-1.651,-2.34,-0.432,-0.822,-7.964,-4.356,3.608,-11.818192062491928,,,,,,,,,,,,,,,,,,,,,,,,,,,,,,,,,,,-11.818192062491928
1063,439,Eli White,ATL| TEX,17,9,RIGHT,52,48,9,5,0,3,3,1,0,0.188,LF,-3.101,-2.14,-2.662,-0.716,-0.521,-9.14,-4.404000000000001,4.736,-11.94842007419983,,,,,,,,,,,,,,,,,,,,,,,,,,,,,,,,,,,-11.94842007419983
1064,357,Jonathan Arauz,BOS| BAL| NYN,24,9,SWITCH,80,72,18,6,1,9,8,0,0,0.25,2B,-2.974,-1.895,-2.018,-1.0,-0.139,-8.026,-4.417999999999999,3.608,-11.986403244281298,,,,,,,,,,,,,,,,,,,,,,,,,,,,,,,,,,,-11.986403244281298
1065,441,Bradley Zimmer,CLE| PHI| TOR,17,6,LEFT,50,37,6,3,1,3,7,1,1,0.162,LF| CF,-3.355,-1.895,-2.662,-0.716,-0.535,-9.164,-4.428,4.736,-12.01353408005378,,,,,,,,,,,,,,,,,,,,,,,,,,,,,,,,,,,-12.01353408005378
1066,480,Jack Mayfield,HOU| ANA| SEA,19,9,RIGHT,47,42,8,3,0,3,2,0,0,0.19,SS| 3B,-3.355,-2.14,-2.662,-1.0,-0.438,-9.595,-4.531000000000001,5.064,-12.292981688510316,,,,,,,,,,,,,,,,,,,,,,,,,,,,,,,,,,,-12.292981688510316
1067,449,Jon Jay,ARI| ANA,18,9,LEFT,57,50,8,5,1,4,3,0,0,0.16,RF,-3.101,-1.895,-2.555,-1.0,-0.739,-9.29,-4.553999999999999,4.736,-12.355382610787014,,,,,,,,,,,,,,,,,,,,,,,,,,,,,,,,,,,-12.355382610787014
1068,452,Oscar Mercado,CLE| PHI| SLN,31,9,RIGHT,93,86,11,6,1,6,5,2,0,0.128,CF| LF,-2.974,-1.895,-2.34,-0.432,-1.665,-9.306,-4.569999999999999,4.736,-12.398791948022982,,,,,,,,,,,,,,,,,,,,,,,,,,,,,,,,,,,-12.398791948022982
1069,454,Braden Bishop,SEA,11,8,RIGHT,34,30,5,2,0,4,2,1,0,0.167,RF,-3.483,-2.14,-2.555,-0.716,-0.415,-9.308,-4.572,4.736,-12.40421811517748,,,,,,,,,,,,,,,,,,,,,,,,,,,,,,,,,,,-12.40421811517748
1070,456,Daz Cameron,MIL| DET| OAK,17,9,RIGHT,59,57,11,4,0,3,2,1,0,0.193,RF,-3.228,-2.14,-2.662,-0.716,-0.574,-9.32,-4.5840000000000005,4.736,-12.436775118104457,,,,,,,,,,,,,,,,,,,,,,,,,,,,,,,,,,,-12.436775118104457
1071,363,Matt Beaty,LAN| SDN| KCA| SFN,20,8,LEFT,54,50,11,8,2,5,2,0,0,0.22,1B,-2.72,-1.651,-2.448,-1.0,-0.311,-8.128,-4.587,3.541,-12.444914368836198,,,,,,,,,,,,,,,,,,,,,,,,,,,,,,,,,,,-12.444914368836198
1072,459,Bubba Starling,KCA,26,8,RIGHT,64,59,10,4,1,5,4,0,0,0.169,CF,-3.228,-1.895,-2.448,-1.0,-0.792,-9.363,-4.627,4.736,-12.553437711926112,,,,,,,,,,,,,,,,,,,,,,,,,,,,,,,,,,,-12.553437711926112
1073,368,Santiago Espinal,CIN| TOR,21,9,RIGHT,66,60,16,8,0,6,4,0,0,0.267,SS,-2.72,-2.14,-2.34,-1.0,0.027,-8.172,-4.679,3.493,-12.694518057943007,,,,,,,,,,,,,,,,,,,,,,,,,,,,,,,,,,,-12.694518057943007
1074,376,Luis Rengifo,ANA,30,9,SWITCH,106,90,14,12,1,3,14,3,1,0.156,2B,-2.211,-1.895,-2.662,-0.147,-1.387,-8.303,-4.695,3.608,-12.737927395178971,,,,,,,,,,,,,,,,,,,,,,,,,,,,,,,,,,,-12.737927395178971
1075,474,Lane Thomas,CLE| SLN| WAS,15,9,RIGHT,40,36,4,5,1,2,4,0,0,0.111,RF,-3.101,-1.895,-2.77,-1.0,-0.783,-9.549,-4.813,4.736,-13.058071257294229,,,,,,,,,,,,,,,,,,,,,,,,,,,,,,,,,,,-13.058071257294229
1076,475,Mallex Smith,SEA,14,9,LEFT,47,45,6,2,0,3,2,2,0,0.133,RF,-3.483,-2.14,-2.662,-0.432,-0.836,-9.552,-4.816,4.736,-13.066210508025971,,,,,,,,,,,,,,,,,,,,,,,,,,,,,,,,,,,-13.066210508025971
1077,381,Andrew Velazquez,BAL| NYA| ANA,29,9,SWITCH,77,63,10,10,0,3,10,3,0,0.159,SS,-2.465,-2.14,-2.662,-0.147,-0.943,-8.357,-4.863999999999999,3.493,-13.196438519733867,,,,,,,,,,,,,,,,,,,,,,,,,,,,,,,,,,,-13.196438519733867
1078,388,Danny Santana,TEX| BOS,15,2,SWITCH,63,55,8,6,1,7,7,2,0,0.145,1B,-2.974,-1.895,-2.233,-0.432,-0.927,-8.461,-4.92,3.541,-13.348371200059754,,,,,,,,,,,,,,,,,,,,,,,,,,,,,,,,,,,-13.348371200059754
1079,488,Travis Demeritte,DET| ATL,15,6,RIGHT,33,29,5,1,0,4,3,0,0,0.172,RF,-3.61,-2.14,-2.555,-1.0,-0.377,-9.682,-4.946000000000001,4.736,-13.418911373068202,,,,,,,,,,,,,,,,,,,,,,,,,,,,,,,,,,,-13.418911373068202
1080,523,Brandon Drury,TOR| NYN| CIN| SDN| ANA,17,8,RIGHT,49,46,7,3,0,1,2,0,0,0.152,3B,-3.355,-2.14,-2.877,-1.0,-0.731,-10.103,-5.039,5.064,-13.671228145752256,,,,,,,,,,,,,,,,,,,,,,,,,,,,,,,,,,,-13.671228145752256
1081,404,Josh VanMeter,ARI| CIN| PIT,23,2,LEFT,79,70,9,9,2,6,7,1,0,0.129,2B,-2.592,-1.651,-2.34,-0.716,-1.349,-8.648,-5.039999999999999,3.608,-13.673941229329502,,,,,,,,,,,,,,,,,,,,,,,,,,,,,,,,,,,-13.673941229329502
1082,408,Eddy Alvarez,MIA| LAN| NYN,12,8,LEFT,41,37,7,6,0,2,3,2,0,0.189,2B,-2.974,-2.14,-2.77,-0.432,-0.393,-8.707,-5.099,3.608,-13.834013160387132,,,,,,,,,,,,,,,,,,,,,,,,,,,,,,,,,,,-13.834013160387132
1083,504,Andrew Benintendi,CHA| BOS| KCA| NYA,14,1,LEFT,52,39,4,4,0,1,11,1,2,0.103,LF,-3.228,-2.14,-2.877,-0.716,-0.896,-9.857,-5.121,4.736,-13.893700999086583,,,,,,,,,,,,,,,,,,,,,,,,,,,,,,,,,,,-13.893700999086583
1084,409,Kyle Farmer,COL| CIN| MIN,24,9,RIGHT,70,64,17,3,0,4,5,1,0,0.266,SS| 2B,-3.355,-2.14,-2.555,-0.716,0.019,-8.746,-5.138,3.608,-13.9398234198998,,,,,,,,,,,,,,,,,,,,,,,,,,,,,,,,,,,-13.9398234198998
1085,411,Thairo Estrada,COL| NYA| SFN,21,8,RIGHT,52,48,8,7,1,3,1,1,0,0.167,2B,-2.847,-1.895,-2.662,-0.716,-0.664,-8.784,-5.176,3.608,-14.042920595835222,,,,,,,,,,,,,,,,,,,,,,,,,,,,,,,,,,,-14.042920595835222
1086,511,Derek Hill,CHA| MIA| DET| WAS| SFN| TEX,9,1,RIGHT,12,11,1,1,0,0,1,0,0,0.091,CF,-3.61,-2.14,-2.984,-1.0,-0.271,-10.005,-5.269000000000001,4.736,-14.29523736851928,,,,,,,,,,,,,,,,,,,,,,,,,,,,,,,,,,,-14.29523736851928
1087,515,Albert Almora,CHN| NYN| CIN,16,4,RIGHT,34,30,5,1,0,1,3,0,0,0.167,CF,-3.61,-2.14,-2.877,-1.0,-0.415,-10.041,-5.305000000000001,4.736,-14.392908377300204,,,,,,,,,,,,,,,,,,,,,,,,,,,,,,,,,,,-14.392908377300204
1088,350,Khris Davis,OAK| TEX,30,7,RIGHT,99,85,17,9,2,10,10,0,0,0.2,DH,-2.592,-1.651,-1.911,-1.0,-0.771,-7.925,-5.30525,2.61975,-14.393586648194514,,,,,,,,,,,,,,,,,,,,,,,,,,,,,,,,,,,-14.393586648194514
1089,424,Josh Rojas,CHA| ARI| SEA,17,1,LEFT,70,61,11,9,0,2,7,1,1,0.18,2B,-2.592,-2.14,-2.77,-0.716,-0.724,-8.942,-5.334,3.608,-14.47158780104039,,,,,,,,,,,,,,,,,,,,,,,,,,,,,,,,,,,-14.47158780104039
1090,421,Mike Ford,NYA| ANA| ATL| SEA| SFN| CIN,29,5,LEFT,84,74,10,5,2,11,7,0,0,0.135,1B| DH,-3.101,-1.651,-1.803,-1.0,-1.356,-8.912,-5.371,3.541,-14.571971893398567,,,,,,,,,,,,,,,,,,,,,,,,,,,,,,,,,,,-14.571971893398567
1091,423,Pablo Sandoval,ATL| SFN,32,6,SWITCH,94,84,18,5,1,6,8,0,0,0.214,1B| DH,-3.101,-1.895,-2.34,-1.0,-0.59,-8.927,-5.385999999999999,3.541,-14.61266814705728,,,,,,,,,,,,,,,,,,,,,,,,,,,,,,,,,,,-14.61266814705728
1092,360,Jose Martinez,CHN| TBA,34,4,RIGHT,98,88,16,10,2,10,10,0,0,0.182,DH,-2.465,-1.651,-1.911,-1.0,-1.026,-8.053,-5.433250000000001,2.61975,-14.740861346082252,,,,,,,,,,,,,,,,,,,,,,,,,,,,,,,,,,,-14.740861346082252
1093,440,Ildemaro Vargas,ARI| CHN| MIN| PIT| WAS,20,8,SWITCH,54,51,10,5,1,3,2,0,0,0.196,2B,-3.101,-1.895,-2.662,-1.0,-0.491,-9.149,-5.540999999999999,3.608,-15.033196101530708,,,,,,,,,,,,,,,,,,,,,,,,,,,,,,,,,,,-15.033196101530708
1094,370,Matt Davidson,CIN| ARI| OAK,20,6,RIGHT,47,43,7,3,3,11,4,0,0,0.163,DH,-3.355,-1.406,-1.803,-1.0,-0.618,-8.183,-5.56325,2.61975,-15.093562211124478,,,,,,,,,,,,,,,,,,,,,,,,,,,,,,,,,,,-15.093562211124478
1095,534,Jesus Sanchez,HOU| MIA,10,6,LEFT,29,25,1,1,0,2,4,0,0,0.04,RF,-3.61,-2.14,-2.77,-1.0,-0.798,-10.317,-5.581,4.736,-15.141719444620628,,,,,,,,,,,,,,,,,,,,,,,,,,,,,,,,,,,-15.141719444620628
1096,445,Neil Walker,PHI,17,8,SWITCH,41,39,9,4,0,3,1,0,0,0.231,2B,-3.228,-2.14,-2.662,-1.0,-0.182,-9.212,-5.603999999999999,3.608,-15.204120366897328,,,,,,,,,,,,,,,,,,,,,,,,,,,,,,,,,,,-15.204120366897328
1097,387,Matt Adams,ATL| COL,16,5,LEFT,51,49,9,4,2,9,2,0,0,0.184,DH,-3.228,-1.651,-2.018,-1.0,-0.559,-8.455,-5.83525,2.61975,-15.831520944135912,,,,,,,,,,,,,,,,,,,,,,,,,,,,,,,,,,,-15.831520944135912
1098,483,Isan Diaz,MIA| DET| SFN,7,7,LEFT,22,22,4,3,0,1,0,0,0,0.182,2B,-3.355,-2.14,-2.877,-1.0,-0.257,-9.629,-6.020999999999999,3.608,-16.33547621860971,,,,,,,,,,,,,,,,,,,,,,,,,,,,,,,,,,,-16.33547621860971
1099,486,Jose Barrero,SLN| CIN,22,8,RIGHT,68,67,13,3,0,2,1,1,1,0.194,SS,-3.355,-2.14,-2.77,-0.716,-0.665,-9.645,-6.151999999999999,3.493,-16.69089016722919,,,,,,,,,,,,,,,,,,,,,,,,,,,,,,,,,,,-16.69089016722919
1100,507,Lewin Diaz,MIA,13,5,LEFT,41,39,6,2,0,3,2,0,0,0.154,1B,-3.483,-2.14,-2.662,-1.0,-0.611,-9.895,-6.353999999999999,3.541,-17.238933049833268,,,,,,,,,,,,,,,,,,,,,,,,,,,,,,,,,,,-17.238933049833268
1101,431,Yoenis Cespedes,NYN,8,6,RIGHT,34,31,5,3,2,4,2,0,0,0.161,DH,-3.355,-1.651,-2.555,-1.0,-0.452,-9.013,-6.39325,2.61975,-17.34542158024025,,,,,,,,,,,,,,,,,,,,,,,,,,,,,,,,,,,-17.34542158024025
1102,522,Tzu-Wei Lin,BOS| MIN,21,8,LEFT,57,52,8,2,0,3,2,0,0,0.154,SS,-3.483,-2.14,-2.662,-1.0,-0.814,-10.099,-6.606,3.493,-17.922630111299743,,,,,,,,,,,,,,,,,,,,,,,,,,,,,,,,,,,-17.922630111299743
1103,458,Josh Phegley,CHN,11,7,RIGHT,18,16,1,4,1,2,1,0,0,0.062,DH,-3.228,-1.895,-2.77,-1.0,-0.459,-9.352,-6.7322500000000005,2.61975,-18.265156912927296,,,,,,,,,,,,,,,,,,,,,,,,,,,,,,,,,,,-18.265156912927296
1104,470,Rob Refsnyder,BOS| TEX| MIN,14,8,RIGHT,34,30,6,4,0,1,2,0,0,0.2,DH,-3.228,-2.14,-2.877,-1.0,-0.272,-9.517,-6.89725,2.61975,-18.7128157031732,,,,,,,,,,,,,,,,,,,,,,,,,,,,,,,,,,,-18.7128157031732
1105,535,Chris Davis,BAL,15,8,LEFT,55,52,6,3,0,1,3,0,0,0.115,1B,-3.355,-2.14,-2.877,-1.0,-1.1,-10.472,-6.930999999999999,3.541,-18.804382273905315,,,,,,,,,,,,,,,,,,,,,,,,,,,,,,,,,,,-18.804382273905315
1106,353,Pavin Smith,ARI,11,7,LEFT,44,37,10,7,1,4,5,1,0,0.27,,-2.847,-1.895,-2.555,-0.716,0.036,-7.977,-7.977,0.0,-21.64226769570664,,,,,,,,,,,,,,,,,,,,,,,,,,,,,,,,,,,-21.64226769570664
1107,364,Tyler Stephenson,CIN,8,6,RIGHT,20,17,5,4,2,6,2,0,0,0.294,,-3.228,-1.651,-2.34,-1.0,0.074,-8.145,-8.145,0.0,-22.098065736684287,,,,,,,,,,,,,,,,,,,,,,,,,,,,,,,,,,,-22.098065736684287
1108,377,Anthony Alford,PIT| TOR,11,8,RIGHT,29,28,6,4,2,7,1,0,0,0.214,,-3.228,-1.651,-2.233,-1.0,-0.197,-8.308,-8.308,0.0,-22.540298359775697,,,,,,,,,,,,,,,,,,,,,,,,,,,,,,,,,,,-22.540298359775697
1109,379,Harold Castro,DET| COL,19,2,LEFT,54,49,17,5,0,3,5,0,0,0.347,,-3.101,-2.14,-2.662,-1.0,0.584,-8.319,-8.319,0.0,-22.570142279125427,,,,,,,,,,,,,,,,,,,,,,,,,,,,,,,,,,,-22.570142279125427
1110,385,Alejandro Kirk,TOR,8,8,RIGHT,25,24,9,4,1,3,1,0,0,0.375,,-3.228,-1.895,-2.662,-1.0,0.382,-8.403,-8.403,0.0,-22.79804129961425,,,,,,,,,,,,,,,,,,,,,,,,,,,,,,,,,,,-22.79804129961425
1111,386,Brent Rooker,ATH| MIN| KCA| SDN| OAK,7,4,RIGHT,21,19,6,4,1,5,0,0,0,0.316,,-3.228,-1.895,-2.448,-1.0,0.142,-8.429,-8.429,0.0,-22.868581472622697,,,,,,,,,,,,,,,,,,,,,,,,,,,,,,,,,,,-22.868581472622697
1112,390,Jonathan Davis,TOR| NYA| MIL| MIA,12,9,RIGHT,34,27,7,4,1,6,3,0,0,0.259,,-3.228,-1.895,-2.34,-1.0,-0.016,-8.48,-8.48,0.0,-23.00694873506234,,,,,,,,,,,,,,,,,,,,,,,,,,,,,,,,,,,-23.00694873506234
1113,397,Ramon Urias,BAL| HOU,9,8,RIGHT,27,25,9,3,1,3,2,0,0,0.36,,-3.355,-1.895,-2.662,-1.0,0.345,-8.568,-8.568,0.0,-23.24570008986016,,,,,,,,,,,,,,,,,,,,,,,,,,,,,,,,,,,-23.24570008986016
1114,403,Rafael Marchan,PHI,3,9,SWITCH,9,8,4,3,1,3,1,0,0,0.5,,-3.355,-1.895,-2.662,-1.0,0.27,-8.643,-8.643,0.0,-23.449181358153755,,,,,,,,,,,,,,,,,,,,,,,,,,,,,,,,,,,-23.449181358153755
1115,410,Yolmer Sanchez,CHA| BOS| NYN,6,8,SWITCH,21,16,5,5,1,1,5,0,0,0.312,,-3.101,-1.895,-2.877,-1.0,0.112,-8.761,-8.761,0.0,-23.769325220269003,,,,,,,,,,,,,,,,,,,,,,,,,,,,,,,,,,,-23.769325220269003
1116,412,Rangel Ravelo,SLN,13,6,RIGHT,41,35,6,5,1,6,4,0,0,0.171,,-3.101,-1.895,-2.34,-1.0,-0.46,-8.797,-8.797,0.0,-23.86699622904993,,,,,,,,,,,,,,,,,,,,,,,,,,,,,,,,,,,-23.86699622904993
1117,414,Willians Astudillo,MIN| MIA,7,9,RIGHT,16,16,4,4,1,3,0,0,0,0.25,,-3.228,-1.895,-2.662,-1.0,-0.031,-8.816,-8.816,0.0,-23.918544817017644,,,,,,,,,,,,,,,,,,,,,,,,,,,,,,,,,,,-23.918544817017644
1118,417,Yadiel Hernandez,WAS,10,4,LEFT,28,26,5,3,1,6,1,0,0,0.192,,-3.355,-1.895,-2.34,-1.0,-0.264,-8.855,-8.855,0.0,-24.024355076530316,,,,,,,,,,,,,,,,,,,,,,,,,,,,,,,,,,,-24.024355076530316
1119,418,Steven Souza,CHN| LAN| SEA,11,6,RIGHT,31,27,4,3,1,5,4,1,0,0.148,,-3.355,-1.895,-2.448,-0.716,-0.445,-8.859,-8.859,0.0,-24.035207410839305,,,,,,,,,,,,,,,,,,,,,,,,,,,,,,,,,,,-24.035207410839305
1120,422,Luis Alexander Basabe,SFN,6,9,SWITCH,18,14,2,4,0,1,4,2,0,0.143,,-3.228,-2.14,-2.877,-0.432,-0.241,-8.918,-8.918,0.0,-24.195279341896928,,,,,,,,,,,,,,,,,,,,,,,,,,,,,,,,,,,-24.195279341896928
1121,426,Yordan Alvarez,HOU,2,4,LEFT,9,8,2,2,1,4,0,0,0,0.25,,-3.483,-1.895,-2.555,-1.0,-0.015,-8.948,-8.948,0.0,-24.276671849214367,,,,,,,,,,,,,,,,,,,,,,,,,,,,,,,,,,,-24.276671849214367
1122,427,Lorenzo Cain,MIL,5,1,RIGHT,21,18,6,4,0,2,3,0,0,0.333,,-3.228,-2.14,-2.77,-1.0,0.18,-8.958,-8.958,0.0,-24.303802684986845,,,,,,,,,,,,,,,,,,,,,,,,,,,,,,,,,,,-24.303802684986845
1123,433,Jorge Ona,SDN,5,7,RIGHT,15,12,3,3,1,2,2,0,0,0.25,,-3.355,-1.895,-2.77,-1.0,-0.023,-9.043,-9.043,0.0,-24.53441478905292,,,,,,,,,,,,,,,,,,,,,,,,,,,,,,,,,,,-24.53441478905292
1124,434,Daniel Robertson,SFN| MIL,11,7,RIGHT,24,21,7,3,0,2,3,0,0,0.333,,-3.355,-2.14,-2.77,-1.0,0.209,-9.055,-9.055,0.0,-24.56697179197989,,,,,,,,,,,,,,,,,,,,,,,,,,,,,,,,,,,-24.56697179197989
1125,435,Andrew Young,ARI,11,7,RIGHT,34,26,5,3,1,4,5,0,0,0.192,,-3.355,-1.895,-2.555,-1.0,-0.264,-9.07,-9.07,0.0,-24.60766804563861,,,,,,,,,,,,,,,,,,,,,,,,,,,,,,,,,,,-24.60766804563861
1126,438,Taylor Jones,HOU,7,8,RIGHT,22,21,4,3,1,3,1,0,0,0.19,,-3.355,-1.895,-2.662,-1.0,-0.219,-9.132,-9.132,0.0,-24.775879227427986,,,,,,,,,,,,,,,,,,,,,,,,,,,,,,,,,,,-24.775879227427986
1127,442,Mike Freeman,CLE| CIN,20,2,LEFT,43,38,9,4,0,3,3,0,0,0.237,,-3.228,-2.14,-2.662,-1.0,-0.145,-9.175,-9.175,0.0,-24.892541821249647,,,,,,,,,,,,,,,,,,,,,,,,,,,,,,,,,,,-24.892541821249647
1128,444,Nick Heath,KCA| ARI,8,8,LEFT,18,13,2,2,0,3,2,1,1,0.154,,-3.483,-2.14,-2.662,-0.716,-0.204,-9.204,-9.204,0.0,-24.971221244989835,,,,,,,,,,,,,,,,,,,,,,,,,,,,,,,,,,,-24.971221244989835
1129,447,LaMonte Wade,ANA| SFN| MIN,14,1,LEFT,44,39,9,3,0,1,4,1,1,0.231,,-3.355,-2.14,-2.877,-0.716,-0.182,-9.27,-9.27,0.0,-25.150284761088194,,,,,,,,,,,,,,,,,,,,,,,,,,,,,,,,,,,-25.150284761088194
1130,450,Steven Duggar,SFN| ANA| TEX,13,9,LEFT,36,34,6,3,0,3,1,1,0,0.176,,-3.355,-2.14,-2.662,-0.716,-0.423,-9.296,-9.296,0.0,-25.22082493409664,,,,,,,,,,,,,,,,,,,,,,,,,,,,,,,,,,,-25.22082493409664
1131,453,Caleb Joseph,TOR,3,8,RIGHT,9,8,1,2,1,2,1,0,0,0.125,,-3.483,-1.895,-2.77,-1.0,-0.158,-9.306,-9.306,0.0,-25.24795576986912,,,,,,,,,,,,,,,,,,,,,,,,,,,,,,,,,,,-25.24795576986912
1132,455,Jake Fraley,ATL| CIN| SEA,7,7,LEFT,29,26,4,3,0,0,2,2,1,0.154,,-3.355,-2.14,-2.984,-0.432,-0.407,-9.318,-9.318,0.0,-25.280512772796094,,,,,,,,,,,,,,,,,,,,,,,,,,,,,,,,,,,-25.280512772796094
1133,461,Michael Hermosillo,ANA| CHN,6,4,RIGHT,10,8,2,0,0,2,1,1,0,0.25,,-3.737,-2.14,-2.77,-0.716,-0.015,-9.377,-9.377,0.0,-25.440584703853727,,,,,,,,,,,,,,,,,,,,,,,,,,,,,,,,,,,-25.440584703853727
1134,462,Jake Noll,WAS,6,6,RIGHT,17,17,6,2,0,0,0,0,0,0.353,,-3.483,-2.14,-2.984,-1.0,0.217,-9.389,-9.389,0.0,-25.473141706780694,,,,,,,,,,,,,,,,,,,,,,,,,,,,,,,,,,,-25.473141706780694
1135,463,Keibert Ruiz,WAS| LAN,2,9,SWITCH,8,8,2,1,1,1,0,0,0,0.25,,-3.61,-1.895,-2.877,-1.0,-0.015,-9.397,-9.397,0.0,-25.494846375398684,,,,,,,,,,,,,,,,,,,,,,,,,,,,,,,,,,,-25.494846375398684
1136,464,Christian Colon,CIN,9,6,RIGHT,24,23,3,3,0,2,1,1,0,0.13,,-3.355,-2.14,-2.77,-0.716,-0.437,-9.418,-9.418,0.0,-25.551821130520885,,,,,,,,,,,,,,,,,,,,,,,,,,,,,,,,,,,-25.551821130520885
1137,465,Jaylin Davis,SFN| BOS,4,7,RIGHT,12,12,2,2,1,1,0,0,0,0.167,,-3.483,-1.895,-2.877,-1.0,-0.166,-9.421,-9.421,0.0,-25.55996038125263,,,,,,,,,,,,,,,,,,,,,,,,,,,,,,,,,,,-25.55996038125263
1138,467,Hunter Pence,SFN,16,6,RIGHT,56,52,5,4,2,6,3,0,0,0.096,,-3.228,-1.651,-2.34,-1.0,-1.243,-9.462,-9.462,0.0,-25.671196807919795,,,,,,,,,,,,,,,,,,,,,,,,,,,,,,,,,,,-25.671196807919795
1139,469,Matt Thaiss,CHA| TBA| ANA,6,2,LEFT,25,21,3,3,1,1,4,0,0,0.143,,-3.355,-1.895,-2.877,-1.0,-0.362,-9.489,-9.489,0.0,-25.744450064505493,,,,,,,,,,,,,,,,,,,,,,,,,,,,,,,,,,,-25.744450064505493
1140,472,Logan Morrison,MIL,9,4,LEFT,28,25,3,3,1,2,3,0,0,0.12,,-3.355,-1.895,-2.77,-1.0,-0.512,-9.532,-9.532,0.0,-25.86111265832715,,,,,,,,,,,,,,,,,,,,,,,,,,,,,,,,,,,-25.86111265832715
1141,476,William Contreras,MIL| ATL,3,9,RIGHT,10,10,4,0,0,1,0,0,0,0.4,,-3.737,-2.14,-2.877,-1.0,0.195,-9.559,-9.559,0.0,-25.93436591491284,,,,,,,,,,,,,,,,,,,,,,,,,,,,,,,,,,,-25.93436591491284
1142,477,Mickey Moniak,COL| PHI| ANA,6,9,LEFT,18,14,3,3,0,0,4,0,0,0.214,,-3.355,-2.14,-2.984,-1.0,-0.098,-9.578,-9.578,0.0,-25.985914502880554,,,,,,,,,,,,,,,,,,,,,,,,,,,,,,,,,,,-25.985914502880554
1143,478,Harold Ramirez,MIA| CLE| TBA| WAS,3,4,RIGHT,11,10,2,2,0,1,1,0,1,0.2,,-3.483,-2.14,-2.877,-1.0,-0.091,-9.59,-9.59,0.0,-26.01847150580753,,,,,,,,,,,,,,,,,,,,,,,,,,,,,,,,,,,-26.01847150580753
1144,479,Max Schrock,SLN| CIN,10,6,LEFT,17,17,3,1,1,1,0,0,0,0.176,,-3.61,-1.895,-2.877,-1.0,-0.211,-9.593,-9.593,0.0,-26.026610756539277,,,,,,,,,,,,,,,,,,,,,,,,,,,,,,,,,,,-26.026610756539277
1145,481,Cesar Puello,BOS,5,3,RIGHT,11,8,3,1,0,0,2,0,0,0.375,,-3.61,-2.14,-2.984,-1.0,0.127,-9.606,-9.606,0.0,-26.061880843043497,,,,,,,,,,,,,,,,,,,,,,,,,,,,,,,,,,,-26.061880843043497
1146,482,Sergio Alcantara,SFN| DET| CHN| ARI| SDN,8,9,SWITCH,23,21,3,2,1,1,2,0,0,0.143,,-3.483,-1.895,-2.877,-1.0,-0.362,-9.616,-9.616,0.0,-26.08901167881597,,,,,,,,,,,,,,,,,,,,,,,,,,,,,,,,,,,-26.08901167881597
1147,489,Ryan Lavarnway,MIA| CLE,4,7,RIGHT,11,11,4,0,0,0,0,0,0,0.364,,-3.737,-2.14,-2.984,-1.0,0.157,-9.704,-9.704,0.0,-26.327763033613795,,,,,,,,,,,,,,,,,,,,,,,,,,,,,,,,,,,-26.327763033613795
1148,490,Dawel Lugo,DET,6,4,RIGHT,11,10,2,1,0,1,1,0,0,0.2,,-3.61,-2.14,-2.877,-1.0,-0.091,-9.717,-9.717,0.0,-26.36303312011802,,,,,,,,,,,,,,,,,,,,,,,,,,,,,,,,,,,-26.36303312011802
1149,491,Eric Haase,MIL| DET| CLE,6,7,RIGHT,19,17,3,1,0,2,1,0,0,0.176,,-3.61,-2.14,-2.77,-1.0,-0.211,-9.73,-9.73,0.0,-26.39830320662224,,,,,,,,,,,,,,,,,,,,,,,,,,,,,,,,,,,-26.39830320662224
1150,492,Donovan Walton,PHI| SEA| SFN,4,8,LEFT,14,13,2,0,0,3,1,0,1,0.154,,-3.737,-2.14,-2.662,-1.0,-0.204,-9.742,-9.742,0.0,-26.430860209549216,,,,,,,,,,,,,,,,,,,,,,,,,,,,,,,,,,,-26.430860209549216
1151,493,Jared Oliva,PIT,6,9,RIGHT,16,16,3,0,0,0,0,1,0,0.188,,-3.737,-2.14,-2.984,-0.716,-0.174,-9.75,-9.75,0.0,-26.4525648781672,,,,,,,,,,,,,,,,,,,,,,,,,,,,,,,,,,,-26.4525648781672
1152,494,Yu Chang,CLE| BOS| PIT| TBA,6,9,RIGHT,13,11,2,1,0,1,2,0,0,0.182,,-3.61,-2.14,-2.877,-1.0,-0.128,-9.755,-9.755,0.0,-26.46613029605344,,,,,,,,,,,,,,,,,,,,,,,,,,,,,,,,,,,-26.46613029605344
1153,496,Garrett Stubbs,PHI| HOU,9,9,LEFT,10,8,1,1,0,1,0,0,0,0.125,,-3.61,-2.14,-2.877,-1.0,-0.158,-9.785,-9.785,0.0,-26.547522803370875,,,,,,,,,,,,,,,,,,,,,,,,,,,,,,,,,,,-26.547522803370875
1154,497,Jordy Mercer,DET| NYA| WAS,9,5,RIGHT,22,20,4,2,0,0,2,0,0,0.2,,-3.483,-2.14,-2.984,-1.0,-0.181,-9.788,-9.788,0.0,-26.55566205410262,,,,,,,,,,,,,,,,,,,,,,,,,,,,,,,,,,,-26.55566205410262
1155,498,Jorge Mateo,BAL| SDN,13,9,RIGHT,28,26,4,2,0,2,1,0,0,0.154,,-3.483,-2.14,-2.77,-1.0,-0.407,-9.799,-9.799,0.0,-26.585505973452342,,,,,,,,,,,,,,,,,,,,,,,,,,,,,,,,,,,-26.585505973452342
1156,500,Mark Payton,CIN| CHA,8,7,LEFT,20,18,3,0,0,0,2,1,0,0.167,,-3.737,-2.14,-2.984,-0.716,-0.249,-9.826,-9.826,0.0,-26.65875923003804,,,,,,,,,,,,,,,,,,,,,,,,,,,,,,,,,,,-26.65875923003804
1157,501,Erick Mejia,KCA,7,8,SWITCH,16,14,1,1,0,0,0,1,0,0.071,,-3.61,-2.14,-2.984,-0.716,-0.384,-9.833,-9.833,0.0,-26.67775081507877,,,,,,,,,,,,,,,,,,,,,,,,,,,,,,,,,,,-26.67775081507877
1158,502,Abraham Almonte,SDN| ATL| BOS| NYN,5,7,SWITCH,13,11,1,0,0,0,2,1,1,0.091,,-3.737,-2.14,-2.984,-0.716,-0.271,-9.848,-9.848,0.0,-26.718447068737493,,,,,,,,,,,,,,,,,,,,,,,,,,,,,,,,,,,-26.718447068737493
1159,503,Logan Forsythe,MIA,12,8,RIGHT,38,34,4,2,1,2,4,0,0,0.118,,-3.483,-1.895,-2.77,-1.0,-0.708,-9.855,-9.855,0.0,-26.73743865377823,,,,,,,,,,,,,,,,,,,,,,,,,,,,,,,,,,,-26.73743865377823
1160,505,Nicky Delmonico,CHA,6,6,LEFT,22,20,3,0,0,3,2,0,0,0.15,,-3.737,-2.14,-2.662,-1.0,-0.324,-9.863,-9.863,0.0,-26.75914332239621,,,,,,,,,,,,,,,,,,,,,,,,,,,,,,,,,,,-26.75914332239621
1161,506,Travis Jankowski,CHA| NYN| TBA| CIN| PHI| SEA| TEX,10,7,LEFT,17,15,1,1,0,0,2,1,0,0.067,,-3.61,-2.14,-2.984,-0.716,-0.422,-9.871,-9.871,0.0,-26.780847991014195,,,,,,,,,,,,,,,,,,,,,,,,,,,,,,,,,,,-26.780847991014195
1162,508,Kyle Garlick,PHI| MIN,10,9,RIGHT,23,22,3,0,0,3,0,0,0,0.136,,-3.737,-2.14,-2.662,-1.0,-0.399,-9.938,-9.938,0.0,-26.962624590689806,,,,,,,,,,,,,,,,,,,,,,,,,,,,,,,,,,,-26.962624590689806
1163,510,Brandon Dixon,DET| SDN,5,6,RIGHT,14,13,1,0,0,2,1,0,0,0.077,,-3.737,-2.14,-2.77,-1.0,-0.346,-9.993,-9.993,0.0,-27.111844187438443,,,,,,,,,,,,,,,,,,,,,,,,,,,,,,,,,,,-27.111844187438443
1164,512,Wilmer Difo,WAS| PIT| ARI,9,1,SWITCH,18,14,1,1,0,1,3,0,0,0.071,,-3.61,-2.14,-2.877,-1.0,-0.384,-10.01,-10.01,0.0,-27.15796660825165,,,,,,,,,,,,,,,,,,,,,,,,,,,,,,,,,,,-27.15796660825165
1165,513,Brian Dozier,NYN,6,8,RIGHT,16,15,2,1,0,0,1,0,0,0.133,,-3.61,-2.14,-2.984,-1.0,-0.279,-10.013,-10.013,0.0,-27.1661058589834,,,,,,,,,,,,,,,,,,,,,,,,,,,,,,,,,,,-27.1661058589834
1166,514,Ryan Cordell,NYN,4,9,RIGHT,8,8,1,0,0,0,0,0,0,0.125,,-3.737,-2.14,-2.984,-1.0,-0.158,-10.019,-10.019,0.0,-27.18238436044689,,,,,,,,,,,,,,,,,,,,,,,,,,,,,,,,,,,-27.18238436044689
1167,517,Kelvin Gutierrez,KCA| BAL,3,7,RIGHT,12,9,1,0,0,0,3,0,0,0.111,,-3.737,-2.14,-2.984,-1.0,-0.196,-10.057,-10.057,0.0,-27.28548153638231,,,,,,,,,,,,,,,,,,,,,,,,,,,,,,,,,,,-27.28548153638231
1168,516,Ali Sanchez,BOS| TOR| NYN| SLN| MIA,5,9,RIGHT,10,9,1,0,0,0,1,0,0,0.111,,-3.737,-2.14,-2.984,-1.0,-0.196,-10.057,-10.057,0.0,-27.28548153638231,,,,,,,,,,,,,,,,,,,,,,,,,,,,,,,,,,,-27.28548153638231
1169,518,Sean Rodriguez,MIA,4,8,RIGHT,13,13,2,0,0,0,0,0,0,0.154,,-3.737,-2.14,-2.984,-1.0,-0.204,-10.064,-10.064,0.0,-27.304473121423044,,,,,,,,,,,,,,,,,,,,,,,,,,,,,,,,,,,-27.304473121423044
1170,520,Jason Martin,PIT| TEX,5,9,LEFT,11,9,0,1,0,0,2,0,0,0.0,,-3.61,-2.14,-2.984,-1.0,-0.339,-10.072,-10.072,0.0,-27.326177790041022,,,,,,,,,,,,,,,,,,,,,,,,,,,,,,,,,,,-27.326177790041022
1171,521,Franklin Barreto,ANA| OAK,13,6,RIGHT,28,27,2,0,0,2,0,1,0,0.074,,-3.737,-2.14,-2.77,-0.716,-0.73,-10.092,-10.092,0.0,-27.380439461585983,,,,,,,,,,,,,,,,,,,,,,,,,,,,,,,,,,,-27.380439461585983
1172,525,Matt Reynolds,KCA| CIN| NYN,3,6,RIGHT,11,11,0,1,0,0,0,0,0,0.0,,-3.61,-2.14,-2.984,-1.0,-0.414,-10.148,-10.148,0.0,-27.532372141911868,,,,,,,,,,,,,,,,,,,,,,,,,,,,,,,,,,,-27.532372141911868
1173,526,Brendan Rodgers,HOU| COL,7,7,RIGHT,21,21,2,0,0,2,0,0,0,0.095,,-3.737,-2.14,-2.77,-1.0,-0.505,-10.151,-10.151,0.0,-27.54051139264361,,,,,,,,,,,,,,,,,,,,,,,,,,,,,,,,,,,-27.54051139264361
1174,528,Daniel Johnson,BAL| SFN| CLE,4,6,LEFT,13,12,1,0,0,0,1,0,0,0.083,,-3.737,-2.14,-2.984,-1.0,-0.309,-10.17,-10.17,0.0,-27.59205998061132,,,,,,,,,,,,,,,,,,,,,,,,,,,,,,,,,,,-27.59205998061132
1175,529,Zack Collins,CHA| PIT| TOR| CLE,7,8,LEFT,18,16,1,1,0,0,2,0,0,0.062,,-3.61,-2.14,-2.984,-1.0,-0.459,-10.193,-10.193,0.0,-27.654460902888022,,,,,,,,,,,,,,,,,,,,,,,,,,,,,,,,,,,-27.654460902888022
1176,530,Ryan Goins,CHA,4,9,LEFT,10,9,0,0,0,0,1,0,0,0.0,,-3.737,-2.14,-2.984,-1.0,-0.339,-10.2,-10.2,0.0,-27.67345248792876,,,,,,,,,,,,,,,,,,,,,,,,,,,,,,,,,,,-27.67345248792876
1177,531,Sherten Apostel,TEX,6,8,RIGHT,21,20,2,1,0,0,1,0,0,0.1,,-3.61,-2.14,-2.984,-1.0,-0.467,-10.201,-10.201,0.0,-27.676165571506008,,,,,,,,,,,,,,,,,,,,,,,,,,,,,,,,,,,-27.676165571506008
1178,532,Joe McCarthy,SFN,3,8,LEFT,10,10,0,0,0,0,0,0,0,0.0,,-3.737,-2.14,-2.984,-1.0,-0.376,-10.237,-10.237,0.0,-27.77383658028693,,,,,,,,,,,,,,,,,,,,,,,,,,,,,,,,,,,-27.77383658028693
1179,533,Mason Williams,BAL| NYN,6,9,LEFT,18,18,2,0,0,0,0,0,1,0.111,,-3.737,-2.14,-2.984,-1.0,-0.392,-10.253,-10.253,0.0,-27.8172459175229,,,,,,,,,,,,,,,,,,,,,,,,,,,,,,,,,,,-27.8172459175229
1180,537,Kevin Cron,ARI,8,8,RIGHT,20,17,0,0,0,0,1,0,0,0.0,,-3.737,-2.14,-2.984,-1.0,-0.64,-10.501,-10.501,0.0,-28.490090644680382,,,,,,,,,,,,,,,,,,,,,,,,,,,,,,,,,,,-28.490090644680382
