TRank,H-Unnamed: 0,H-Name,H-Team,H-GP,H-BO,H-L/R,H-PA,H-AB,H-H,H-R,H-HR,H-RBI,H-BB,H-SB,H-CS,H-AVG,H-POS,H-R-Z,H-HR-Z,H-RBI-Z,H-SB-Z,H-AVG-Z,H-SUM-Z,H-SUM-Z-A,H-Adj-Val,H-ACV,H-Unnamed: 26,P-Unnamed: 0,P-Name,P-Team,P-L/R,P-POS,P-IP,P-GS,P-GP,P-HA,P-R,P-ER,P-HR,P-BB,P-K,P-W,P-L,P-S,P-HD,P-BS,P-ERA,P-WHIP,P-SB,P-CS,P-SBP,P-W-Z,P-K-Z,P-S-Z,P-ERA-Z,P-WHIP-Z,P-Z-SUM,P-Z-SUM-A,P-ACV,P-Unnamed: 32,ACV
1,1,Aaron Judge,NYA,157,2,RIGHT,696,570,177,133,62,131,111,16,3,0.311,RF| CF| DH,3.615,4.502,3.107,0.942,2.152,14.318,19.104,4.786,49.17937853323088,,,,,,,,,,,,,,,,,,,,,,,,,,,,,,,,,,,49.17937853323088
2,2,Paul Goldschmidt,NYA| SLN,151,3,RIGHT,651,561,178,106,35,115,79,7,0,0.317,1B| DH,2.071,1.69,2.334,-0.15,2.389,8.334,13.12,4.786,33.77478257726074,,,,,,,,,,,,,,,,,,,,,,,,,,,,,,,,,,,33.77478257726074
3,4,Trea Turner,PHI| WAS| LAN,160,2,RIGHT,708,652,194,101,21,100,45,27,3,0.298,SS,1.785,0.232,1.61,2.278,1.857,7.762,13.050999999999998,5.289,33.59715605303581,,,,,,,,,,,,,,,,,,,,,,,,,,,,,,,,,,,33.59715605303581
4,3,Freddie Freeman,LAN| ATL,159,2,LEFT,708,612,199,117,21,100,84,13,3,0.325,1B,2.7,0.232,1.61,0.578,2.949,8.07,12.856,4.786,33.09516804979147,,,,,,,,,,,,,,,,,,,,,,,,,,,,,,,,,,,33.09516804979147
5,6,Pete Alonso,NYN,160,4,RIGHT,685,597,162,95,40,131,67,5,1,0.271,1B| DH,1.442,2.211,3.107,-0.393,0.585,6.953,11.739,4.786,30.219677795309742,,,,,,,,,,,,,,,,,,,,,,,,,,,,,,,,,,,30.219677795309742
6,9,Francisco Lindor,NYN| CLE,161,3,SWITCH,706,630,170,98,26,107,59,16,6,0.27,SS,1.614,0.753,1.948,0.942,0.55,5.806,11.095,5.289,28.561830235877125,,,,,,,,,,,,,,,,,,,,,,,,,,,,,,,,,,,28.561830235877125
7,10,Dansby Swanson,CHN| ATL,162,2,RIGHT,696,640,177,99,25,96,49,18,7,0.277,SS,1.671,0.649,1.416,1.185,0.865,5.787,11.076,5.289,28.51291858427896,,,,,,,,,,,,,,,,,,,,,,,,,,,,,,,,,,,28.51291858427896
8,5,Jose Ramirez,CLE,157,3,SWITCH,685,601,168,90,29,126,69,20,7,0.28,3B| DH,1.156,1.066,2.866,1.428,0.94,7.455,11.016,3.561,28.35846073712685,,,,,,,,,,,,,,,,,,,,,,,,,,,,,,,,,,,28.35846073712685
9,8,Mookie Betts,LAN,141,1,RIGHT,639,572,154,117,35,82,55,12,2,0.269,RF,2.7,1.69,0.74,0.457,0.474,6.061,10.847,4.786,27.923404467648417,,,,,,,,,,,,,,,,,,,,,,,,,,,,,,,,,,,27.923404467648417
10,16,Bo Bichette,TOR,159,2,RIGHT,697,652,189,91,24,93,41,13,8,0.29,SS,1.214,0.545,1.271,0.578,1.501,5.109,10.398,5.289,26.76754491146015,,,,,,,,,,,,,,,,,,,,,,,,,,,,,,,,,,,26.76754491146015
11,11,Yordan Alvarez,HOU,135,3,LEFT,561,470,144,95,37,97,78,1,1,0.306,LF| DH,1.442,1.899,1.465,-0.879,1.635,5.562,10.348,4.786,26.638830038833397,,,,,,,,,,,,,,,,,,,,,,,,,,,,,,,,,,,26.638830038833397
12,7,Manny Machado,SDN,150,3,RIGHT,644,578,172,100,32,102,63,9,1,0.298,3B,1.728,1.378,1.706,0.093,1.648,6.553,10.114,3.561,26.03644443494018,,,,,,,,,,,,,,,,,,,,,,,,,,,,,,,,,,,26.03644443494018
13,26,J. T. Realmuto,PHI,139,5,RIGHT,562,504,139,75,22,84,41,21,1,0.276,CC,0.299,0.337,0.837,1.549,0.654,3.675,10.101,6.426,26.00297856805722,,,,,,,,,,,,,,,,,,,,,,,,,,,,,,,,,,,26.00297856805722
14,12,Adolis Garcia,TEX,156,4,RIGHT,657,605,151,88,27,101,40,25,6,0.25,DH| CF| RF,1.042,0.857,1.658,2.035,-0.347,5.245,10.031,4.786,25.82277774637976,,,,,,,,,,,,,,,,,,,,,,,,,,,,,,,,,,,25.82277774637976
15,13,Kyle Tucker,CHN| HOU,150,5,LEFT,609,544,140,71,30,107,59,25,4,0.257,RF,0.07,1.17,1.948,2.035,-0.01,5.212,9.998,4.786,25.737825930446103,,,,,,,,,,,,,,,,,,,,,,,,,,,,,,,,,,,25.737825930446103
16,15,Julio Rodriguez,SEA,132,1,RIGHT,560,511,145,84,28,75,40,25,7,0.284,CF,0.813,0.961,0.402,2.035,0.953,5.165,9.951,4.786,25.616833950176957,,,,,,,,,,,,,,,,,,,,,,,,,,,,,,,,,,,25.616833950176957
17,,,,,,,,,,,,,,,,,,,,,,,,,,,,1,Justin Verlander,SFN| HOU| NYN,RIGHT,SP,175.0,28,28,116,43,34,12,29,185,18,4,0,0,0,1.749,0.829,10,3,0.057,2.208,1.077,-0.492,2.333,2.376,7.503,15.268,25.10546756124808,,25.10546756124808
18,19,Vladimir Guerrero,TOR,160,3,RIGHT,706,638,175,90,32,97,58,8,3,0.274,1B| DH,1.156,1.378,1.465,-0.029,0.759,4.729,9.515,4.786,24.494440260871645,,,,,,,,,,,,,,,,,,,,,,,,,,,,,,,,,,,24.494440260871645
19,14,Jose Altuve,HOU,141,1,RIGHT,604,527,158,103,28,57,66,18,1,0.3,2B,1.9,0.961,-0.468,1.185,1.587,5.165,9.413,4.248,24.23186192071306,,,,,,,,,,,,,,,,,,,,,,,,,,,,,,,,,,,24.23186192071306
20,20,Kyle Schwarber,PHI| CHN| BOS| WAS,155,1,LEFT,669,577,126,100,46,94,86,10,1,0.218,LF,1.728,2.836,1.32,0.214,-1.616,4.482,9.268,4.786,23.85858879009547,,,,,,,,,,,,,,,,,,,,,,,,,,,,,,,,,,,23.85858879009547
21,21,Randy Arozarena,SEA| TBA,153,3,RIGHT,645,586,154,72,20,89,46,32,12,0.263,LF| RF| DH,0.127,0.128,1.078,2.885,0.217,4.435,9.221,4.786,23.73759680982632,,,,,,,,,,,,,,,,,,,,,,,,,,,,,,,,,,,23.73759680982632
22,24,Bobby Witt,KCA,150,2,RIGHT,632,591,150,81,20,80,30,30,7,0.254,3B| SS,0.642,0.128,0.643,2.642,-0.161,3.895,9.184,5.289,23.642347804082515,,,,,,,,,,,,,,,,,,,,,,,,,,,,,,,,,,,23.642347804082515
23,18,Marcus Semien,TEX| OAK| TOR,161,1,RIGHT,724,657,163,101,26,83,53,25,8,0.248,2B,1.785,0.753,0.788,2.035,-0.446,4.916,9.164,4.248,23.59086185503182,,,,,,,,,,,,,,,,,,,,,,,,,,,,,,,,,,,23.59086185503182
24,,,,,,,,,,,,,,,,,,,,,,,,,,,,2,Sandy Alcantara,MIA,RIGHT,SP,228.66666666666663,32,32,174,67,58,16,50,207,14,9,0,0,0,2.283,0.98,24,4,0.105,1.265,1.548,-0.492,2.113,1.728,6.162,13.927,22.90043533701218,,22.90043533701218
25,29,Tommy Edman,LAN| SLN,150,1,SWITCH,630,577,153,93,13,57,46,32,3,0.265,2B| SS,1.328,-0.601,-0.468,2.885,0.311,3.455,8.744,5.289,22.509656924967068,,,,,,,,,,,,,,,,,,,,,,,,,,,,,,,,,,,22.509656924967068
26,25,Cedric Mullins,BAL| NYN,153,1,LEFT,672,608,157,89,16,64,47,34,10,0.258,CF,1.099,-0.288,-0.129,3.127,0.026,3.835,8.620999999999999,4.786,22.193018338305244,,,,,,,,,,,,,,,,,,,,,,,,,,,,,,,,,,,22.193018338305244
27,,,,,,,,,,,,,,,,,,,,,,,,,,,,3,Alek Manoah,TOR,RIGHT,SP,196.66666666666663,31,31,144,55,49,16,51,180,16,7,0,0,0,2.242,0.992,8,5,0.041,1.737,0.97,-0.492,1.878,1.392,5.485,13.25,21.78723114923612,,21.78723114923612
28,27,Mike Trout,ANA,119,2,RIGHT,499,438,124,85,40,80,54,1,0,0.283,CF,0.871,2.211,0.643,-0.879,0.797,3.643,8.428999999999998,4.786,21.6987532274185,,,,,,,,,,,,,,,,,,,,,,,,,,,,,,,,,,,21.6987532274185
29,,,,,,,,,,,,,,,,,,,,,,,,,,,,4,Julio Urias,LAN,LEFT,SP,175.00000000000003,31,31,127,51,42,23,41,166,17,7,0,0,0,2.16,0.96,5,4,0.029,1.972,0.67,-0.492,1.782,1.459,5.391,13.156,21.63266513202644,,21.63266513202644
30,,,,,,,,,,,,,,,,,,,,,,,,,,,,5,Shohei Ohtani,LAN| ANA,RIGHT,SP,166.0,28,28,124,45,43,14,44,219,15,9,0,0,0,2.331,1.012,4,1,0.024,1.501,1.805,-0.492,1.472,1.039,5.326,13.091,21.525784375445284,,21.525784375445284
31,46,Daulton Varsho,TOR| ARI,149,1,LEFT,592,531,125,79,27,74,46,16,6,0.235,RF| CF| CC,0.527,0.857,0.354,0.942,-0.841,1.839,8.265,6.426,21.27656844520275,,,,,,,,,,,,,,,,,,,,,,,,,,,,,,,,,,,21.27656844520275
32,,,,,,,,,,,,,,,,,,,,,,,,,,,,6,Corbin Burnes,ARI| MIL| BAL,RIGHT,SP,202.0,33,33,144,73,66,23,51,243,12,8,0,0,0,2.941,0.965,5,4,0.025,0.794,2.319,-0.492,0.849,1.641,5.111,12.876,21.172255719061454,,21.172255719061454
33,,,,,,,,,,,,,,,,,,,,,,,,,,,,7,Dylan Cease,SDN| CHA,RIGHT,SP,184.00000000000003,32,32,126,55,45,16,78,227,14,8,0,0,0,2.201,1.109,10,5,0.054,1.265,1.977,-0.492,1.815,0.443,5.008,12.773,21.002890827863617,,21.002890827863617
34,,,,,,,,,,,,,,,,,,,,,,,,,,,,8,Yu Darvish,SDN| CHN,RIGHT,SP,194.66666666666663,30,30,148,67,67,22,37,197,16,8,0,0,0,3.098,0.95,14,2,0.072,1.737,1.334,-0.492,0.584,1.698,4.86,12.625,20.75953156672498,,20.75953156672498
35,30,George Springer,TOR| HOU,133,1,RIGHT,583,513,137,89,25,76,54,14,2,0.267,DH| CF| RF,1.099,0.649,0.45,0.7,0.346,3.244,8.03,4.786,20.67160854385699,,,,,,,,,,,,,,,,,,,,,,,,,,,,,,,,,,,20.67160854385699
36,,,,,,,,,,,,,,,,,,,,,,,,,,,,9,Carlos Rodon,NYA| CHA| SFN,LEFT,SP,178.00000000000003,31,31,131,59,57,12,52,237,14,8,0,0,0,2.882,1.028,18,2,0.101,1.265,2.191,-0.492,0.828,1.001,4.793,12.558,20.649362171479787,,20.649362171479787
37,32,Willy Adames,SFN| TBA| MIL,139,2,RIGHT,617,563,134,83,31,98,49,8,3,0.238,SS,0.756,1.274,1.513,-0.029,-0.787,2.727,8.016,5.289,20.6355683795215,,,,,,,,,,,,,,,,,,,,,,,,,,,,,,,,,,,20.6355683795215
38,,,,,,,,,,,,,,,,,,,,,,,,,,,,10,Zac Gallen,ARI,RIGHT,SP,184.00000000000003,31,31,121,56,52,15,47,192,12,4,0,0,0,2.543,0.913,6,3,0.033,0.794,1.227,-0.492,1.333,1.879,4.741,12.506,20.56385756621486,,20.56385756621486
39,34,Xander Bogaerts,SDN| BOS,150,3,RIGHT,631,557,171,84,15,73,57,8,2,0.307,SS,0.813,-0.392,0.305,-0.029,1.963,2.66,7.949,5.289,20.463090450201648,,,,,,,,,,,,,,,,,,,,,,,,,,,,,,,,,,,20.463090450201648
40,35,Amed Rosario,NYA| WAS| NYN| CLE| LAN| CIN| TBA,153,2,RIGHT,670,637,180,86,11,71,25,18,4,0.283,SS,0.928,-0.809,0.209,1.185,1.134,2.647,7.936,5.289,20.42962458331869,,,,,,,,,,,,,,,,,,,,,,,,,,,,,,,,,,,20.42962458331869
41,22,Austin Riley,ATL,159,3,RIGHT,693,615,168,90,38,93,57,2,0,0.273,3B,1.156,2.003,1.271,-0.757,0.683,4.356,7.917,3.561,20.380712931720524,,,,,,,,,,,,,,,,,,,,,,,,,,,,,,,,,,,20.380712931720524
42,,,,,,,,,,,,,,,,,,,,,,,,,,,,11,Shane McClanahan,TBA,LEFT,SP,166.33333333333334,28,28,116,52,47,19,38,194,12,8,0,0,0,2.543,0.926,6,1,0.036,0.794,1.27,-0.492,1.205,1.613,4.391,12.156,19.98834580000862,,19.98834580000862
43,17,Shohei Ohtani,LAN| ANA,157,3,LEFT,666,586,160,90,34,95,72,11,9,0.273,DH,1.156,1.586,1.368,0.335,0.645,5.091,7.76175,2.67075,19.981053252214448,,,,,,,,,,,,,,,,,,,,,,,,,,,,,,,,,,,19.981053252214448
44,,,,,,,,,,,,,,,,,,,,,,,,,,,,12,Gerrit Cole,NYA,RIGHT,SP,200.66666666666663,33,33,154,81,78,33,50,257,13,8,0,0,0,3.498,1.017,11,5,0.055,1.03,2.619,-0.492,-0.014,1.22,4.363,12.128,19.942304858712124,,19.942304858712124
45,,,,,,,,,,,,,,,,,,,,,,,,,,,,13,Aaron Nola,PHI,RIGHT,SP,205.0,32,32,168,75,74,19,29,235,11,13,0,0,0,3.249,0.961,11,8,0.054,0.559,2.148,-0.492,0.377,1.701,4.293,12.058,19.82720250547088,,19.82720250547088
46,23,Nolan Arenado,SLN| COL,148,4,RIGHT,620,557,163,73,30,103,52,5,3,0.293,3B,0.184,1.17,1.755,-0.393,1.392,4.107,7.668,3.561,19.73971286603928,,,,,,,,,,,,,,,,,,,,,,,,,,,,,,,,,,,19.73971286603928
47,,,,,,,,,,,,,,,,,,,,,,,,,,,,14,Max Fried,NYA| ATL,LEFT,SP,185.33333333333331,30,30,156,55,51,12,32,170,14,7,0,0,0,2.477,1.014,3,4,0.016,1.265,0.756,-0.492,1.437,1.143,4.109,11.874,19.5246477483796,,19.5246477483796
48,40,Corey Seager,TEX| LAN,151,2,LEFT,663,593,145,91,33,83,58,3,0,0.245,SS,1.214,1.482,0.788,-0.636,-0.554,2.294,7.583,5.289,19.520897582573795,,,,,,,,,,,,,,,,,,,,,,,,,,,,,,,,,,,19.520897582573795
49,31,Michael Harris,ATL,114,9,LEFT,441,414,123,75,19,64,21,20,2,0.297,CF,0.299,0.024,-0.129,1.428,1.166,2.788,7.574,4.786,19.497728905500978,,,,,,,,,,,,,,,,,,,,,,,,,,,,,,,,,,,19.497728905500978
50,33,Nathaniel Lowe,BOS| WAS| TBA| TEX,157,3,LEFT,645,593,179,74,27,76,48,2,2,0.302,1B,0.242,0.857,0.45,-0.757,1.872,2.664,7.449999999999999,4.786,19.178516021386624,,,,,,,,,,,,,,,,,,,,,,,,,,,,,,,,,,,19.178516021386624
51,,,,,,,,,,,,,,,,,,,,,,,,,,,,15,Framber Valdez,HOU,LEFT,SP,201.33333333333337,31,31,166,71,63,11,67,194,17,6,0,0,0,2.816,1.157,7,0,0.035,1.972,1.27,-0.492,1.038,0.094,3.882,11.647,19.151387260011557,,19.151387260011557
52,,,,,,,,,,,,,,,,,,,,,,,,,,,,16,Shane Bieber,TOR| CLE,RIGHT,SP,200.00000000000003,31,31,172,70,64,18,36,198,13,8,0,0,0,2.88,1.04,9,4,0.045,1.03,1.355,-0.492,0.933,1.029,3.856,11.621,19.108634957379085,,19.108634957379085
53,,,,,,,,,,,,,,,,,,,,,,,,,,,,17,Tony Gonsolin,LAN,RIGHT,SP,130.33333333333337,24,24,79,32,31,11,35,119,16,1,0,0,0,2.141,0.875,5,2,0.038,1.737,-0.337,-0.492,1.346,1.53,3.784,11.549,18.990243965473805,,18.990243965473805
54,,,,,,,,,,,,,,,,,,,,,,,,,,,,18,Kyle Wright,ATL,RIGHT,SP,180.33333333333331,30,30,156,67,64,19,53,174,21,5,0,0,0,3.194,1.159,3,2,0.017,2.915,0.841,-0.492,0.407,0.072,3.744,11.509,18.92447119219309,,18.92447119219309
55,,,,,,,,,,,,,,,,,,,,,,,,,,,,19,Nestor Cortes,MIL| SDN| SEA| NYA,LEFT,SP,158.33333333333334,28,28,108,44,43,16,38,163,12,4,0,0,0,2.444,0.922,3,2,0.019,0.794,0.606,-0.492,1.267,1.559,3.735,11.5,18.909672318204933,,18.909672318204933
56,,,,,,,,,,,,,,,,,,,,,,,,,,,,20,Max Scherzer,TOR| WAS| LAN| NYN| TEX,RIGHT,SP,145.33333333333334,23,23,108,39,37,13,24,173,11,5,0,0,0,2.291,0.908,4,4,0.028,0.559,0.82,-0.492,1.334,1.512,3.732,11.497,18.90473936020888,,18.90473936020888
57,,,,,,,,,,,,,,,,,,,,,,,,,,,,21,Cristian Javier,HOU,RIGHT,SP| RP,148.66666666666666,25,30,89,44,42,17,52,194,11,9,0,0,0,2.543,0.948,9,3,0.061,0.559,1.27,-0.492,1.078,1.308,3.722,11.487,18.8882961668887,,18.8882961668887
58,,,,,,,,,,,,,,,,,,,,,,,,,,,,22,Triston McKenzie,CLE,RIGHT,SP,191.3333333333333,30,31,138,65,63,25,44,190,11,11,0,0,0,2.963,0.951,6,5,0.031,0.559,1.184,-0.492,0.77,1.662,3.683,11.448,18.824167712940007,,18.824167712940007
59,37,Christian Walker,HOU| ARI,160,4,RIGHT,667,583,141,84,36,94,69,2,2,0.242,1B,0.813,1.794,1.32,-0.757,-0.656,2.515,7.301,4.786,18.79494570095889,,,,,,,,,,,,,,,,,,,,,,,,,,,,,,,,,,,18.79494570095889
60,38,Matt Olson,ATL| OAK,161,4,LEFT,699,616,148,86,34,103,75,0,0,0.24,1B,0.928,1.586,1.755,-1.0,-0.763,2.506,7.292,4.786,18.77177702388608,,,,,,,,,,,,,,,,,,,,,,,,,,,,,,,,,,,18.77177702388608
61,,,,,,,,,,,,,,,,,,,,,,,,,,,,23,Tyler Anderson,ANA| SFN| PIT| SEA| LAN,LEFT,SP,178.66666666666666,28,30,145,57,51,14,34,138,15,5,0,0,0,2.569,1.002,4,1,0.022,1.501,0.07,-0.492,1.259,1.191,3.53,11.295,18.57258685514128,,18.57258685514128
62,39,Brandon Drury,TOR| NYN| CIN| SDN| ANA,137,2,RIGHT,568,518,136,87,28,87,38,2,3,0.263,1B| 3B| 2B| DH,0.985,0.961,0.982,-0.757,0.182,2.353,7.138999999999999,4.786,18.3779095136482,,,,,,,,,,,,,,,,,,,,,,,,,,,,,,,,,,,18.3779095136482
63,28,Rafael Devers,BOS| SFN,141,2,LEFT,614,555,164,84,27,88,50,3,1,0.295,3B,0.813,0.857,1.03,-0.636,1.5,3.565,7.126,3.561,18.34444364676525,,,,,,,,,,,,,,,,,,,,,,,,,,,,,,,,,,,18.34444364676525
64,,,,,,,,,,,,,,,,,,,,,,,,,,,,24,Emmanuel Clase,CLE,RIGHT,RP,72.66666666666667,0,77,43,18,11,3,10,77,3,4,42,0,0,1.362,0.729,4,0,0.055,-1.327,-1.237,3.432,1.184,1.274,3.327,11.092,18.23879003074166,,18.23879003074166
65,41,C. J. Cron,DET| COL| ANA,150,4,RIGHT,632,575,148,79,29,102,43,0,0,0.257,1B| DH,0.527,1.066,1.706,-1.0,-0.009,2.29,7.076,4.786,18.21572877413849,,,,,,,,,,,,,,,,,,,,,,,,,,,,,,,,,,,18.21572877413849
66,63,Will Smith,LAN,137,4,RIGHT,578,508,132,68,24,87,56,1,0,0.26,CC| DH,-0.101,0.545,0.982,-0.879,0.081,0.627,7.053,6.426,18.156519932730184,,,,,,,,,,,,,,,,,,,,,,,,,,,,,,,,,,,18.156519932730184
67,,,,,,,,,,,,,,,,,,,,,,,,,,,,25,Spencer Strider,ATL,RIGHT,SP| RP,131.66666666666669,20,31,86,42,39,7,45,202,11,5,0,0,0,2.666,0.995,4,1,0.03,0.559,1.441,-0.492,0.83,0.914,3.252,11.017,18.115466080840324,,18.115466080840324
68,43,Starling Marte,NYN| ARI| MIA| OAK,117,2,RIGHT,505,466,136,75,16,63,26,18,9,0.292,RF,0.299,-0.288,-0.178,1.185,1.138,2.156,6.942,4.786,17.870772915498787,,,,,,,,,,,,,,,,,,,,,,,,,,,,,,,,,,,17.870772915498787
69,44,Steven Kwan,CLE,147,1,LEFT,638,563,168,89,6,52,62,19,5,0.298,LF| RF,1.099,-1.33,-0.709,1.306,1.638,2.005,6.791,4.786,17.48205400016598,,,,,,,,,,,,,,,,,,,,,,,,,,,,,,,,,,,17.48205400016598
70,36,Andres Gimenez,TOR| NYN| CLE,144,6,LEFT,557,491,146,66,17,69,34,20,3,0.297,2B,-0.216,-0.184,0.112,1.428,1.392,2.532,6.78,4.248,17.453736728188098,,,,,,,,,,,,,,,,,,,,,,,,,,,,,,,,,,,17.453736728188098
71,,,,,,,,,,,,,,,,,,,,,,,,,,,,26,Brandon Woodruff,MIL,RIGHT,SP,153.33333333333331,27,27,122,56,52,18,42,190,13,4,0,0,0,3.052,1.07,9,5,0.059,1.03,1.184,-0.492,0.513,0.608,2.843,10.608,17.442939474045037,,17.442939474045037
72,,,,,,,,,,,,,,,,,,,,,,,,,,,,27,Ryan Helsley,NYN| SLN,RIGHT,RP,64.66666666666667,0,54,28,11,9,6,20,94,9,1,19,0,0,1.253,0.742,1,0,0.015,0.087,-0.872,1.283,1.108,1.101,2.707,10.472,17.21931204489061,,17.21931204489061
73,45,Jose Abreu,CHA| HOU,157,4,RIGHT,679,601,183,85,15,75,62,0,0,0.304,1B| DH,0.871,-0.392,0.402,-1.0,2.01,1.89,6.675999999999999,4.786,17.18600979312444,,,,,,,,,,,,,,,,,,,,,,,,,,,,,,,,,,,17.18600979312444
74,,,,,,,,,,,,,,,,,,,,,,,,,,,,28,Edwin Diaz,NYN,RIGHT,RP,62.0,0,61,34,9,9,3,18,118,3,1,32,0,0,1.306,0.839,9,2,0.145,-1.327,-0.358,2.497,1.037,0.817,2.666,10.431,17.151894952277882,,17.151894952277882
75,,,,,,,,,,,,,,,,,,,,,,,,,,,,29,Clayton Kershaw,LAN,LEFT,SP,126.33333333333331,22,22,96,36,32,10,23,137,12,3,0,0,0,2.28,0.942,3,2,0.024,0.794,0.049,-0.492,1.17,1.144,2.665,10.43,17.150250632945863,,17.150250632945863
76,,,,,,,,,,,,,,,,,,,,,,,,,,,,30,Logan Webb,SFN,RIGHT,SP,192.3333333333333,32,32,174,76,62,11,49,163,15,9,0,0,0,2.901,1.159,14,5,0.073,1.501,0.606,-0.492,0.866,0.073,2.554,10.319,16.967731187091886,,16.967731187091886
77,,,,,,,,,,,,,,,,,,,,,,,,,,,,31,Zack Wheeler,PHI,RIGHT,SP,153.00000000000003,26,26,125,52,48,13,34,163,12,7,0,0,0,2.824,1.039,5,4,0.033,0.794,0.606,-0.492,0.78,0.792,2.48,10.245,16.846051556522568,,16.846051556522568
78,47,Christian Yelich,MIL,153,1,LEFT,671,575,145,98,14,57,88,19,3,0.252,LF| DH,1.614,-0.497,-0.468,1.306,-0.223,1.733,6.519,4.786,16.78184509307643,,,,,,,,,,,,,,,,,,,,,,,,,,,,,,,,,,,16.78184509307643
79,48,Ronald Acuna,ATL,119,1,RIGHT,533,467,124,71,15,50,53,29,11,0.266,RF| DH,0.07,-0.392,-0.806,2.52,0.264,1.656,6.441999999999999,4.786,16.583624189231223,,,,,,,,,,,,,,,,,,,,,,,,,,,,,,,,,,,16.583624189231223
80,,,,,,,,,,,,,,,,,,,,,,,,,,,,32,Joe Musgrove,PIT| SDN,RIGHT,SP,181.0,30,30,154,67,59,22,42,184,10,7,0,0,0,2.934,1.083,7,0,0.039,0.323,1.056,-0.492,0.77,0.622,2.278,10.043,16.513899051454967,,16.513899051454967
81,,,,,,,,,,,,,,,,,,,,,,,,,,,,33,Miles Mikolas,SLN,RIGHT,SP,202.3333333333333,32,33,170,81,74,25,39,153,12,13,0,0,0,3.292,1.033,3,3,0.015,0.794,0.391,-0.492,0.306,1.098,2.098,9.863,16.21792157169176,,16.21792157169176
82,,,,,,,,,,,,,,,,,,,,,,,,,,,,34,Chris Bassitt,TOR| OAK| NYN,RIGHT,SP,181.66666666666663,30,30,159,71,69,19,49,167,15,9,0,0,0,3.418,1.145,7,3,0.039,1.501,0.691,-0.492,0.098,0.174,1.973,9.738,16.012381655189532,,16.012381655189532
83,49,Brandon Nimmo,NYN,148,1,LEFT,673,580,159,101,16,64,71,3,2,0.274,CF,1.785,-0.288,-0.129,-0.636,0.684,1.416,6.202,4.786,15.9657928006228,,,,,,,,,,,,,,,,,,,,,,,,,,,,,,,,,,,15.9657928006228
84,,,,,,,,,,,,,,,,,,,,,,,,,,,,35,Merrill Kelly,ARI| TEX,RIGHT,SP,200.3333333333333,33,33,167,77,75,21,61,177,13,8,0,0,0,3.369,1.138,15,5,0.075,1.03,0.906,-0.492,0.184,0.247,1.874,9.639,15.849594041319769,,15.849594041319769
85,,,,,,,,,,,,,,,,,,,,,,,,,,,,36,Daniel Bard,COL,RIGHT,RP,60.333333333333336,0,57,35,15,12,3,25,69,6,4,34,0,0,1.79,0.995,5,0,0.083,-0.62,-1.408,2.684,0.785,0.42,1.862,9.627,15.829862209335554,,15.829862209335554
86,51,Anthony Santander,TOR| BAL,151,3,SWITCH,647,574,138,78,33,89,55,0,2,0.24,DH| LF| RF,0.47,1.482,1.078,-1.0,-0.704,1.326,6.112,4.786,15.734106029894638,,,,,,,,,,,,,,,,,,,,,,,,,,,,,,,,,,,15.734106029894638
87,,,,,,,,,,,,,,,,,,,,,,,,,,,,37,Kenley Jansen,ANA| LAN| ATL| BOS,RIGHT,RP,63.99999999999999,0,65,45,25,24,8,22,85,5,2,41,0,0,3.375,1.047,10,2,0.156,-0.855,-1.065,3.338,0.056,0.312,1.785,9.55,15.70324962077018,,15.70324962077018
88,60,Thairo Estrada,COL| NYA| SFN,138,6,RIGHT,541,488,127,70,14,62,33,20,6,0.26,2B| SS,0.013,-0.497,-0.226,1.428,0.092,0.81,6.099,5.289,15.700640163011682,,,,,,,,,,,,,,,,,,,,,,,,,,,,,,,,,,,15.700640163011682
89,,,,,,,,,,,,,,,,,,,,,,,,,,,,38,Jordan Romano,PHI| TOR,RIGHT,RP,64.00000000000001,0,63,44,18,15,4,21,73,5,4,36,0,0,2.109,1.016,6,0,0.094,-0.855,-1.322,2.871,0.676,0.392,1.762,9.527,15.665430276133772,,15.665430276133772
90,,,,,,,,,,,,,,,,,,,,,,,,,,,,39,Logan Gilbert,SEA,RIGHT,SP,185.66666666666669,32,32,170,71,66,19,49,174,13,6,0,0,0,3.199,1.179,6,5,0.032,1.03,0.841,-0.492,0.412,-0.078,1.713,9.478,15.5848586288649,,15.5848586288649
91,52,Teoscar Hernandez,LAN| TOR| SEA,131,5,RIGHT,535,499,133,71,25,77,34,6,3,0.267,RF,0.07,0.649,0.499,-0.272,0.317,1.264,6.05,4.786,15.57449958783746,,,,,,,,,,,,,,,,,,,,,,,,,,,,,,,,,,,15.57449958783746
92,53,Rhys Hoskins,MIL| PHI,156,2,RIGHT,672,589,145,81,30,79,72,2,1,0.246,1B,0.642,1.17,0.595,-0.757,-0.481,1.169,5.955,4.786,15.329941329846624,,,,,,,,,,,,,,,,,,,,,,,,,,,,,,,,,,,15.329941329846624
93,,,,,,,,,,,,,,,,,,,,,,,,,,,,40,Kevin Gausman,TOR| SFN,RIGHT,SP,174.66666666666669,31,31,188,72,65,15,28,205,12,10,0,0,0,3.349,1.237,18,4,0.103,0.794,1.505,-0.492,0.187,-0.471,1.523,9.288,15.272437955781514,,15.272437955781514
94,54,Juan Soto,NYN| WAS| SDN| NYA,153,2,LEFT,664,524,127,93,27,62,135,6,2,0.242,RF,1.328,0.857,-0.226,-0.272,-0.57,1.117,5.903,4.786,15.196077862314796,,,,,,,,,,,,,,,,,,,,,,,,,,,,,,,,,,,15.196077862314796
95,,,,,,,,,,,,,,,,,,,,,,,,,,,,41,Robbie Ray,SFN| ARI| TOR| SEA,LEFT,SP,189.0,32,32,163,80,78,32,62,212,12,12,0,0,0,3.714,1.19,17,9,0.09,0.794,1.655,-0.492,-0.326,-0.162,1.469,9.234,15.183644711852551,,15.183644711852551
96,,,,,,,,,,,,,,,,,,,,,,,,,,,,42,Luis Garcia,HOU,RIGHT,SP,157.33333333333331,28,28,131,70,65,23,47,157,15,8,0,0,0,3.718,1.131,5,0,0.032,1.501,0.477,-0.492,-0.276,0.236,1.446,9.211,15.145825367216142,,15.145825367216142
97,,,,,,,,,,,,,,,,,,,,,,,,,,,,43,Liam Hendriks,BOS| OAK| CHA,RIGHT,RP,57.66666666666666,0,58,44,22,18,7,16,85,4,4,37,0,0,2.809,1.04,7,0,0.121,-1.091,-1.065,2.965,0.3,0.296,1.404,9.169,15.076763955271394,,15.076763955271394
98,,,,,,,,,,,,,,,,,,,,,,,,,,,,44,Scott Barlow,CIN| KCA| SDN| CLE,RIGHT,RP,74.33333333333334,0,69,52,23,18,9,22,77,7,4,24,0,0,2.179,0.996,4,1,0.054,-0.384,-1.237,1.75,0.746,0.514,1.39,9.155,15.053743484623142,,15.053743484623142
99,,,,,,,,,,,,,,,,,,,,,,,,,,,,45,Jeffrey Springs,ATH| BOS| TBA,LEFT,SP| RP,135.33333333333334,25,33,114,42,37,14,31,144,9,5,0,0,0,2.461,1.071,4,4,0.03,0.087,0.199,-0.492,1.066,0.527,1.387,9.152,15.04881052662709,,15.04881052662709
100,55,Jeff McNeil,NYN,145,5,LEFT,589,533,174,73,9,62,40,4,0,0.326,2B| LF,0.184,-1.017,-0.226,-0.514,2.618,1.045,5.831,4.786,15.01072844573227,,,,,,,,,,,,,,,,,,,,,,,,,,,,,,,,,,,15.01072844573227
101,,,,,,,,,,,,,,,,,,,,,,,,,,,,46,Drew Rasmussen,TBA| MIL,RIGHT,SP,146.0,28,28,121,51,46,13,31,125,11,7,0,0,0,2.836,1.041,8,4,0.055,0.559,-0.208,-0.492,0.731,0.745,1.334,9.099,14.961661602030146,,14.961661602030146
102,42,Alex Bregman,BOS| HOU,155,3,RIGHT,656,548,142,93,23,93,87,1,2,0.259,3B,1.328,0.441,1.271,-0.879,0.059,2.22,5.781000000000001,3.561,14.882013573105516,,,,,,,,,,,,,,,,,,,,,,,,,,,,,,,,,,,14.882013573105516
103,65,Carlos Correa,HOU| MIN,136,2,RIGHT,590,522,152,70,22,64,61,0,1,0.291,SS,0.013,0.337,-0.129,-1.0,1.25,0.47,5.759,5.289,14.82537902914974,,,,,,,,,,,,,,,,,,,,,,,,,,,,,,,,,,,14.82537902914974
104,56,Taylor Ward,ANA,135,1,RIGHT,564,495,139,73,23,65,60,5,3,0.281,RF,0.184,0.441,-0.081,-0.393,0.819,0.97,5.755999999999999,4.786,14.817656136792134,,,,,,,,,,,,,,,,,,,,,,,,,,,,,,,,,,,14.817656136792134
105,,,,,,,,,,,,,,,,,,,,,,,,,,,,47,Martin Perez,CHA| BOS| TEX| PIT| SDN,LEFT,SP,196.33333333333331,32,32,178,70,63,11,69,169,12,8,0,0,0,2.888,1.258,10,1,0.051,0.794,0.734,-0.492,0.904,-0.698,1.243,9.008,14.812028542816522,,14.812028542816522
106,,,,,,,,,,,,,,,,,,,,,,,,,,,,48,Joe Ryan,MIN,RIGHT,SP,146.99999999999997,27,27,115,60,58,20,47,151,13,8,0,0,0,3.551,1.102,11,3,0.075,1.03,0.349,-0.492,-0.07,0.393,1.209,8.974,14.75612168552792,,14.75612168552792
107,68,Jeremy Pena,HOU,135,2,RIGHT,558,521,132,71,22,63,22,11,2,0.253,SS,0.07,0.337,-0.178,0.335,-0.158,0.406,5.694999999999999,5.289,14.660623992187492,,,,,,,,,,,,,,,,,,,,,,,,,,,,,,,,,,,14.660623992187492
108,,,,,,,,,,,,,,,,,,,,,,,,,,,,49,Luis Castillo,SEA| CIN,RIGHT,SP,150.33333333333334,25,25,118,56,50,13,45,167,8,6,0,0,0,2.993,1.084,11,1,0.073,-0.148,0.691,-0.492,0.571,0.508,1.13,8.895,14.62622045829851,,14.62622045829851
109,57,Bryan Reynolds,PIT,145,2,SWITCH,614,542,142,74,27,62,56,7,3,0.262,CF,0.242,0.857,-0.226,-0.15,0.169,0.892,5.678,4.786,14.616860935494396,,,,,,,,,,,,,,,,,,,,,,,,,,,,,,,,,,,14.616860935494396
110,58,Luis Arraez,SDN| MIN| MIA,144,1,LEFT,603,547,173,88,8,49,50,4,4,0.316,1B| DH| 2B,1.042,-1.121,-0.854,-0.514,2.289,0.841,5.627,4.786,14.485571765415106,,,,,,,,,,,,,,,,,,,,,,,,,,,,,,,,,,,14.485571765415106
111,59,Ian Happ,CHN,158,3,SWITCH,641,573,155,72,17,72,58,9,4,0.271,LF,0.127,-0.184,0.257,0.093,0.527,0.82,5.606,4.786,14.431511518911869,,,,,,,,,,,,,,,,,,,,,,,,,,,,,,,,,,,14.431511518911869
112,50,Gleyber Torres,DET| NYA,140,5,RIGHT,572,526,135,73,24,76,39,10,5,0.257,2B,0.184,0.545,0.45,0.214,-0.036,1.357,5.605,4.248,14.428937221459334,,,,,,,,,,,,,,,,,,,,,,,,,,,,,,,,,,,14.428937221459334
113,61,Anthony Rizzo,CHN| NYA,129,3,LEFT,548,465,104,77,32,75,58,6,5,0.224,1B,0.413,1.378,0.402,-0.272,-1.127,0.795,5.581,4.786,14.36715408259849,,,,,,,,,,,,,,,,,,,,,,,,,,,,,,,,,,,14.36715408259849
114,,,,,,,,,,,,,,,,,,,,,,,,,,,,50,Jameson Taillon,CHN| NYA,RIGHT,SP,177.33333333333337,32,32,168,78,77,26,32,151,14,5,0,0,0,3.908,1.128,6,2,0.034,1.265,0.349,-0.492,-0.569,0.291,0.844,8.609,14.155945129341417,,14.155945129341417
115,73,Nico Hoerner,CHN,133,5,RIGHT,517,481,135,60,10,55,28,20,2,0.281,SS,-0.559,-0.913,-0.564,1.428,0.791,0.183,5.472,5.289,14.08655566027216,,,,,,,,,,,,,,,,,,,,,,,,,,,,,,,,,,,14.08655566027216
116,,,,,,,,,,,,,,,,,,,,,,,,,,,,51,Cal Quantrill,ATL| MIA| CLE| SDN| COL,RIGHT,SP,186.33333333333331,32,32,178,78,70,21,47,128,15,5,0,0,0,3.381,1.208,16,4,0.086,1.501,-0.144,-0.492,0.154,-0.286,0.733,8.498,13.973425683487434,,13.973425683487434
117,,,,,,,,,,,,,,,,,,,,,,,,,,,,52,Ross Stripling,LAN| TOR| SFN| OAK,RIGHT,SP| RP,134.33333333333331,24,32,117,49,45,12,20,111,10,4,1,0,0,3.015,1.02,7,3,0.052,0.323,-0.508,-0.399,0.488,0.799,0.703,8.468,13.9240961035269,,13.9240961035269
118,,,,,,,,,,,,,,,,,,,,,,,,,,,,53,Jordan Montgomery,NYA| SLN| TEX| ARI,LEFT,SP,178.33333333333334,32,32,159,72,69,21,36,158,9,6,0,0,0,3.482,1.093,5,3,0.028,0.087,0.499,-0.492,0.009,0.537,0.64,8.405,13.820503985609776,,13.820503985609776
119,,,,,,,,,,,,,,,,,,,,,,,,,,,,54,Brady Singer,CIN| KCA,RIGHT,SP| RP,153.33333333333331,24,27,140,58,55,18,35,150,10,5,0,0,0,3.228,1.141,2,5,0.013,0.323,0.327,-0.492,0.306,0.169,0.634,8.399,13.81063806961767,,13.81063806961767
120,,,,,,,,,,,,,,,,,,,,,,,,,,,,55,Paul Sewald,CLE| DET| NYN| SEA| ARI,RIGHT,RP,64.0,0,65,32,21,19,10,17,72,5,4,20,0,0,2.672,0.766,4,2,0.062,-0.855,-1.344,1.376,0.401,1.03,0.608,8.373,13.767885766985207,,13.767885766985207
121,,,,,,,,,,,,,,,,,,,,,,,,,,,,56,Devin Williams,NYA| MIL,RIGHT,RP,60.66666666666666,0,65,31,17,13,2,30,96,6,4,15,0,0,1.929,1.006,6,2,0.099,-0.62,-0.83,0.909,0.725,0.396,0.581,8.346,13.723489145020729,,13.723489145020729
122,74,Elvis Andrus,TEX| OAK| CHA,148,6,RIGHT,577,535,133,66,17,58,39,18,4,0.249,SS,-0.216,-0.184,-0.419,1.185,-0.344,0.022,5.311,5.289,13.672093770414008,,,,,,,,,,,,,,,,,,,,,,,,,,,,,,,,,,,13.672093770414008
123,,,,,,,,,,,,,,,,,,,,,,,,,,,,57,Camilo Doval,NYA| SFN,RIGHT,RP,67.66666666666667,0,68,54,27,19,4,30,80,6,6,27,0,0,2.527,1.241,2,1,0.03,-0.62,-1.172,2.03,0.499,-0.195,0.542,8.307,13.659360691072033,,13.659360691072033
124,,,,,,,,,,,,,,,,,,,,,,,,,,,,58,Ryan Pressly,CHN| HOU,RIGHT,RP,48.33333333333333,0,50,30,17,16,4,13,65,3,3,33,0,0,2.979,0.89,0,1,0.0,-1.327,-1.494,2.591,0.189,0.539,0.498,8.263,13.587010640463248,,13.587010640463248
125,66,Jake Cronenworth,SDN,158,2,LEFT,684,587,140,88,17,88,70,3,0,0.239,2B| 1B,1.042,-0.184,1.03,-0.636,-0.801,0.452,5.238,4.786,13.484170056378945,,,,,,,,,,,,,,,,,,,,,,,,,,,,,,,,,,,13.484170056378945
126,77,Jorge Mateo,BAL| SDN,145,9,RIGHT,533,494,109,61,13,50,27,34,9,0.221,SS,-0.502,-0.601,-0.806,3.127,-1.303,-0.083,5.206,5.289,13.40179253789782,,,,,,,,,,,,,,,,,,,,,,,,,,,,,,,,,,,13.40179253789782
127,67,Rowdy Tellez,SEA| TEX| TOR| MIL| PIT,151,3,LEFT,599,529,116,67,35,89,62,2,1,0.219,1B,-0.159,1.69,1.078,-0.757,-1.447,0.406,5.191999999999999,4.786,13.365752373562328,,,,,,,,,,,,,,,,,,,,,,,,,,,,,,,,,,,13.365752373562328
128,,,,,,,,,,,,,,,,,,,,,,,,,,,,59,Clay Holmes,NYN| PIT| NYA,RIGHT,RP,63.66666666666666,0,62,45,21,18,2,20,65,7,4,20,0,0,2.545,1.021,1,0,0.016,-0.384,-1.494,1.376,0.461,0.376,0.335,8.1,13.318986589344345,,13.318986589344345
129,,,,,,,,,,,,,,,,,,,,,,,,,,,,60,Pablo Lopez,MIN| MIA,RIGHT,SP,179.99999999999994,32,32,157,78,75,21,53,174,10,10,0,0,0,3.75,1.167,6,2,0.033,0.323,0.841,-0.492,-0.36,0.017,0.329,8.094,13.309120673352236,,13.309120673352236
130,,,,,,,,,,,,,,,,,,,,,,,,,,,,61,Alexis Diaz,ATL| CIN| LAN,RIGHT,RP,63.66666666666667,0,59,28,18,13,5,33,83,7,3,10,0,0,1.838,0.958,8,0,0.126,-0.384,-1.108,0.442,0.805,0.536,0.291,8.056,13.246636538735558,,13.246636538735558
131,,,,,,,,,,,,,,,,,,,,,,,,,,,,62,Evan Phillips,LAN| BAL| TBA,RIGHT,RP,63.0,0,64,33,11,8,2,15,77,7,3,2,0,0,1.143,0.762,3,1,0.048,-0.384,-1.237,-0.305,1.132,1.023,0.23,7.995,13.146333059482473,,13.146333059482473
132,71,Ty France,MIN| TOR| SDN| SEA| CIN,140,2,RIGHT,613,551,151,65,20,83,35,0,0,0.274,1B,-0.273,0.128,0.788,-1.0,0.646,0.29,5.076,4.786,13.067133869068256,,,,,,,,,,,,,,,,,,,,,,,,,,,,,,,,,,,13.067133869068256
133,106,Alejandro Kirk,TOR,139,4,RIGHT,541,470,134,59,14,63,63,0,0,0.285,CC| DH,-0.616,-0.497,-0.178,-1.0,0.922,-1.368,5.058,6.426,13.020796514922624,,,,,,,,,,,,,,,,,,,,,,,,,,,,,,,,,,,13.020796514922624
134,,,,,,,,,,,,,,,,,,,,,,,,,,,,63,Felix Bautista,BAL,RIGHT,RP,65.66666666666669,0,65,38,18,16,7,23,88,4,4,15,0,0,2.193,0.929,6,2,0.091,-1.091,-1.001,0.909,0.652,0.629,0.098,7.862999999999999,12.92928290765612,,12.92928290765612
135,,,,,,,,,,,,,,,,,,,,,,,,,,,,64,Taijuan Walker,PHI| SEA| TOR| NYN,RIGHT,SP,157.33333333333334,29,29,143,63,61,15,45,132,12,5,0,0,0,3.489,1.195,8,2,0.051,0.794,-0.058,-0.492,-0.0,-0.163,0.081,7.846,12.901329479011816,,12.901329479011816
136,,,,,,,,,,,,,,,,,,,,,,,,,,,,65,Blake Snell,LAN| TBA| SDN| SFN,LEFT,SP,128.0,24,24,103,51,48,11,51,171,8,10,0,0,0,3.375,1.203,11,4,0.086,-0.148,0.777,-0.492,0.112,-0.174,0.074,7.838999999999999,12.889819243687691,,12.889819243687691
137,108,Willson Contreras,SLN| CHN,113,2,RIGHT,487,416,101,65,22,55,45,4,2,0.243,CC| DH,-0.273,0.337,-0.564,-0.514,-0.44,-1.455,4.971,6.426,12.796832636552068,,,,,,,,,,,,,,,,,,,,,,,,,,,,,,,,,,,12.796832636552068
138,110,Sean Murphy,ATL| OAK,148,3,RIGHT,612,537,134,67,18,66,56,1,0,0.25,CC| DH,-0.159,-0.08,-0.033,-0.879,-0.31,-1.46,4.966,6.426,12.783961149289391,,,,,,,,,,,,,,,,,,,,,,,,,,,,,,,,,,,12.783961149289391
139,111,Salvador Perez,KCA,114,3,RIGHT,473,445,113,48,23,76,18,0,0,0.254,DH| CC,-1.245,0.441,0.45,-1.0,-0.117,-1.471,4.955,6.426,12.755643877311508,,,,,,,,,,,,,,,,,,,,,,,,,,,,,,,,,,,12.755643877311508
140,,,,,,,,,,,,,,,,,,,,,,,,,,,,66,Eric Lauer,TOR| MIL,LEFT,SP,158.66666666666663,29,29,135,71,65,27,59,157,11,7,0,0,0,3.687,1.223,6,3,0.038,0.559,0.477,-0.492,-0.241,-0.34,-0.037,7.728,12.707299797833716,,12.707299797833716
141,,,,,,,,,,,,,,,,,,,,,,,,,,,,67,Jose Urquidy,DET| HOU,RIGHT,SP,164.33333333333334,28,29,154,74,72,29,38,134,13,8,0,0,0,3.943,1.168,11,3,0.067,1.03,-0.016,-0.492,-0.572,0.004,-0.045,7.72,12.694145243177571,,12.694145243177571
142,,,,,,,,,,,,,,,,,,,,,,,,,,,,68,Carlos Carrasco,ATL| NYA| CLE| NYN,RIGHT,SP,152.0,29,29,161,71,67,17,41,152,15,7,0,0,0,3.967,1.329,8,1,0.053,1.501,0.37,-0.492,-0.557,-0.97,-0.147,7.617999999999999,12.526424671311752,,12.526424671311752
143,,,,,,,,,,,,,,,,,,,,,,,,,,,,69,Michael Wacha,KCA| NYN| TBA| BOS| SDN,RIGHT,SP,127.33333333333334,23,23,111,49,47,18,31,104,11,2,0,0,0,3.322,1.115,4,0,0.031,0.559,-0.658,-0.492,0.163,0.273,-0.155,7.609999999999999,12.513270116655612,,12.513270116655612
144,116,Travis d'Arnaud,ANA| ATL,107,5,RIGHT,426,396,106,61,18,60,19,0,0,0.268,CC,-0.502,-0.08,-0.323,-1.0,0.284,-1.62,4.806,6.426,12.372073556883777,,,,,,,,,,,,,,,,,,,,,,,,,,,,,,,,,,,12.372073556883777
145,,,,,,,,,,,,,,,,,,,,,,,,,,,,70,A. J. Minter,NYN| ATL,LEFT,RP,70.0,0,75,49,21,16,5,15,94,5,4,5,0,0,2.057,0.914,7,3,0.1,-0.855,-0.872,-0.025,0.768,0.711,-0.274,7.491,12.317596116145491,,12.317596116145491
146,,,,,,,,,,,,,,,,,,,,,,,,,,,,71,Jorge Lopez,WAS| BAL| KCA| MIN| MIA| CHN| NYN,RIGHT,RP,71.0,0,67,53,26,20,4,31,72,4,7,23,0,0,2.535,1.183,6,1,0.085,-1.091,-1.344,1.657,0.519,-0.04,-0.299,7.465999999999999,12.276488132845044,,12.276488132845044
147,75,Ryan Mountcastle,BAL,145,4,RIGHT,609,555,139,62,22,85,43,4,1,0.25,1B| DH,-0.444,0.337,0.885,-0.514,-0.284,-0.021,4.765,4.786,12.266527361329834,,,,,,,,,,,,,,,,,,,,,,,,,,,,,,,,,,,12.266527361329834
148,,,,,,,,,,,,,,,,,,,,,,,,,,,,72,David Robertson,PHI| TBA| CHN| MIA| NYN| TEX,RIGHT,RP,63.66666666666666,0,58,39,18,17,6,35,81,4,3,20,0,0,2.403,1.162,1,1,0.016,-1.091,-1.151,1.376,0.53,0.017,-0.319,7.446,12.243601746204687,,12.243601746204687
149,,,,,,,,,,,,,,,,,,,,,,,,,,,,73,Rafael Montero,ATL| DET| HOU| TEX| SEA,RIGHT,RP,68.33333333333334,0,71,47,22,18,3,23,73,5,2,14,0,0,2.371,1.024,8,0,0.117,-0.855,-1.322,0.816,0.585,0.394,-0.382,7.383,12.140009628287569,,12.140009628287569
150,76,Hunter Renfroe,KCA| TBA| BOS| MIL| ANA| CIN,125,4,RIGHT,522,474,121,62,29,72,39,1,1,0.255,RF,-0.444,1.066,0.257,-0.879,-0.079,-0.08,4.706,4.786,12.11464381163026,,,,,,,,,,,,,,,,,,,,,,,,,,,,,,,,,,,12.11464381163026
151,78,Alex Verdugo,ATL| BOS| NYA,151,5,LEFT,644,593,166,75,11,74,42,1,3,0.28,RF| LF,0.299,-0.809,0.354,-0.879,0.944,-0.091,4.694999999999999,4.786,12.086326539652374,,,,,,,,,,,,,,,,,,,,,,,,,,,,,,,,,,,12.086326539652374
152,,,,,,,,,,,,,,,,,,,,,,,,,,,,74,Taylor Rogers,CHN| CIN| MIN| MIL| SDN| SFN,LEFT,RP,64.33333333333334,0,66,57,38,34,7,19,84,4,8,31,0,0,4.756,1.181,5,1,0.078,-1.091,-1.087,2.404,-0.625,-0.032,-0.43,7.335,12.06108230035071,,12.06108230035071
153,,,,,,,,,,,,,,,,,,,,,,,,,,,,75,Luis Severino,ATH| NYA| NYN,RIGHT,SP,102.0,19,19,72,37,36,14,30,112,7,3,0,0,0,3.176,1.0,1,4,0.01,-0.384,-0.487,-0.492,0.244,0.688,-0.431,7.334,12.059437981018691,,12.059437981018691
154,,,,,,,,,,,,,,,,,,,,,,,,,,,,76,Sonny Gray,SLN| CIN| MIN,RIGHT,SP,119.66666666666669,24,24,99,44,41,11,36,117,8,5,0,0,0,3.084,1.128,8,1,0.067,-0.148,-0.38,-0.492,0.372,0.195,-0.453,7.311999999999999,12.0232629557143,,12.0232629557143
155,,,,,,,,,,,,,,,,,,,,,,,,,,,,77,Charlie Morton,ATL| BAL| DET| TBA,RIGHT,SP,172.00000000000003,31,31,149,85,83,28,63,205,9,6,0,0,0,4.343,1.233,10,2,0.058,0.087,1.505,-0.492,-1.125,-0.436,-0.461,7.303999999999999,12.010108401058158,,12.010108401058158
156,79,Tommy Pham,PIT| SDN| BOS| CIN| ARI| NYN| CHA| KCA| SLN,144,3,RIGHT,622,554,131,89,17,63,56,8,3,0.236,LF,1.099,-0.184,-0.178,-0.029,-0.836,-0.128,4.658,4.786,11.991077533908577,,,,,,,,,,,,,,,,,,,,,,,,,,,,,,,,,,,11.991077533908577
157,69,Josh Rojas,CHA| ARI| SEA,124,1,LEFT,510,443,119,66,9,56,55,23,3,0.269,2B| 3B,-0.216,-1.017,-0.516,1.792,0.348,0.391,4.639,4.248,11.94216588231041,,,,,,,,,,,,,,,,,,,,,,,,,,,,,,,,,,,11.94216588231041
158,,,,,,,,,,,,,,,,,,,,,,,,,,,,78,Brock Burke,ANA| TEX,LEFT,RP,82.33333333333333,0,52,63,25,18,9,24,90,7,5,0,0,0,1.968,1.057,2,2,0.024,-0.384,-0.958,-0.492,0.96,0.369,-0.506,7.258999999999999,11.936114031117356,,11.936114031117356
159,80,Josh Bell,WAS| PIT| SDN| CLE| MIA| ARI,155,4,SWITCH,647,552,147,78,17,71,81,0,1,0.266,DH| 1B,0.47,-0.184,0.209,-1.0,0.342,-0.163,4.622999999999999,4.786,11.900977123069849,,,,,,,,,,,,,,,,,,,,,,,,,,,,,,,,,,,11.900977123069849
160,,,,,,,,,,,,,,,,,,,,,,,,,,,,79,Jason Adam,SDN| CHN| TBA,RIGHT,RP,63.33333333333333,0,67,31,12,11,5,17,75,2,3,8,0,0,1.563,0.758,12,0,0.189,-1.562,-1.279,0.255,0.934,1.039,-0.613,7.151999999999999,11.760171862591449,,11.760171862591449
161,,,,,,,,,,,,,,,,,,,,,,,,,,,,80,Jose Quintana,MIL| CHN| ANA| SFN| PIT| SLN| NYN,LEFT,SP,165.66666666666666,32,32,154,61,54,8,47,137,6,7,0,0,0,2.934,1.213,6,4,0.036,-0.62,0.049,-0.492,0.705,-0.293,-0.651,7.114,11.697687727974772,,11.697687727974772
162,,,,,,,,,,,,,,,,,,,,,,,,,,,,81,Raisel Iglesias,ATL| CIN| ANA,RIGHT,RP,61.99999999999999,0,67,46,20,17,5,14,78,2,6,17,0,0,2.468,0.968,1,0,0.016,-1.562,-1.215,1.096,0.485,0.498,-0.698,7.067,11.620404719369937,,11.620404719369937
163,,,,,,,,,,,,,,,,,,,,,,,,,,,,82,Josh Hader,HOU| MIL| SDN,LEFT,RP,49.99999999999999,0,56,43,30,29,8,21,81,2,5,36,0,0,5.22,1.28,5,0,0.1,-1.562,-1.151,2.871,-0.663,-0.221,-0.726,7.039,11.574363778073437,,11.574363778073437
164,,,,,,,,,,,,,,,,,,,,,,,,,,,,83,Jacob deGrom,TEX| NYN,RIGHT,SP,64.33333333333334,11,11,40,22,22,9,8,102,5,4,0,0,0,3.078,0.746,3,0,0.047,-0.855,-0.701,-0.492,0.203,1.085,-0.76,7.005,11.51845692078483,,11.51845692078483
165,,,,,,,,,,,,,,,,,,,,,,,,,,,,84,George Kirby,SEA,RIGHT,SP,130.0,25,25,135,54,49,13,22,133,8,5,0,0,0,3.392,1.208,10,5,0.077,-0.148,-0.037,-0.492,0.096,-0.201,-0.782,6.983,11.48228189548044,,11.48228189548044
166,81,Joc Pederson,TEX| LAN| ATL| CHN| SFN| ARI,134,4,LEFT,433,380,104,57,23,70,42,3,2,0.274,LF,-0.73,0.441,0.16,-0.636,0.436,-0.329,4.457,4.786,11.473643745949015,,,,,,,,,,,,,,,,,,,,,,,,,,,,,,,,,,,11.473643745949015
167,,,,,,,,,,,,,,,,,,,,,,,,,,,,85,Adam Ottavino,NYA| BOS| NYN,RIGHT,RP,65.66666666666666,0,66,48,15,15,6,16,79,6,3,3,0,0,2.056,0.975,19,3,0.289,-0.62,-1.194,-0.212,0.721,0.509,-0.795,6.97,11.460905744164206,,11.460905744164206
168,,,,,,,,,,,,,,,,,,,,,,,,,,,,86,Craig Kimbrel,ATL| HOU| CHN| CHA| LAN| PHI| BAL,RIGHT,RP,60.0,0,63,51,31,25,4,28,72,6,7,22,0,0,3.75,1.317,3,1,0.05,-0.62,-1.344,1.563,-0.12,-0.353,-0.874,6.891,11.3310045169348,,11.3310045169348
169,,,,,,,,,,,,,,,,,,,,,,,,,,,,87,Jhoan Duran,MIN| PHI,RIGHT,RP,67.66666666666666,0,57,50,15,14,6,16,89,2,4,8,0,0,1.862,0.975,4,2,0.059,-1.562,-0.98,0.255,0.843,0.523,-0.92,6.845,11.25536582766198,,11.25536582766198
170,,,,,,,,,,,,,,,,,,,,,,,,,,,,88,Adam Cimber,CLE| MIA| TOR| ANA,RIGHT,RP,70.66666666666666,0,77,66,28,22,6,13,58,10,6,4,0,0,2.802,1.118,7,0,0.099,0.323,-1.644,-0.118,0.372,0.144,-0.923,6.842,11.250432869665923,,11.250432869665923
171,94,Isiah Kiner-Falefa,PIT| TOR| TEX| NYA,140,8,RIGHT,531,483,126,65,4,48,35,22,4,0.261,SS,-0.273,-1.538,-0.902,1.671,0.112,-0.93,4.359,5.289,11.221362595600576,,,,,,,,,,,,,,,,,,,,,,,,,,,,,,,,,,,11.221362595600576
172,,,,,,,,,,,,,,,,,,,,,,,,,,,,89,Adam Wainwright,SLN,RIGHT,SP,191.66666666666663,32,32,192,80,79,16,54,143,11,12,0,0,0,3.71,1.284,8,6,0.042,0.559,0.177,-0.492,-0.324,-0.875,-0.955,6.81,11.197814651041355,,11.197814651041355
173,62,Eugenio Suarez,ARI| SEA| CIN,150,4,RIGHT,629,543,128,76,31,87,73,0,0,0.236,3B,0.356,1.274,0.982,-1.0,-0.848,0.763,4.324,3.561,11.131262184761848,,,,,,,,,,,,,,,,,,,,,,,,,,,,,,,,,,,11.131262184761848
174,,,,,,,,,,,,,,,,,,,,,,,,,,,,90,David Bednar,NYA| PIT| SDN,RIGHT,RP,51.66666666666666,0,45,42,19,15,4,16,69,3,4,19,0,0,2.613,1.123,4,0,0.077,-1.327,-1.408,1.283,0.347,0.096,-1.009,6.756,11.109021407112394,,11.109021407112394
175,,,,,,,,,,,,,,,,,,,,,,,,,,,,91,John Schreiber,KCA| DET| BOS,RIGHT,RP,65.0,0,64,45,19,16,3,19,74,4,4,8,0,0,2.215,0.985,1,2,0.015,-1.091,-1.301,0.255,0.634,0.478,-1.024,6.741,11.084356617132125,,11.084356617132125
176,,,,,,,,,,,,,,,,,,,,,,,,,,,,92,Patrick Sandoval,ANA,LEFT,SP,148.66666666666669,27,27,139,56,48,8,60,151,6,9,0,0,0,2.906,1.339,3,2,0.02,-0.62,0.349,-0.492,0.664,-1.006,-1.104,6.661,10.9528110705707,,10.9528110705707
177,,,,,,,,,,,,,,,,,,,,,,,,,,,,93,Matt Moore,PHI| TEX| ANA| CLE| MIA,LEFT,RP,74.0,0,63,49,20,16,3,38,83,5,2,5,0,0,1.946,1.176,8,2,0.108,-0.855,-1.108,-0.025,0.875,-0.02,-1.133,6.632,10.905125809942184,,10.905125809942184
178,,,,,,,,,,,,,,,,,,,,,,,,,,,,94,Jon Gray,TEX| COL,RIGHT,SP,127.33333333333331,24,24,105,61,56,17,39,134,7,7,0,0,0,3.958,1.131,15,2,0.118,-0.384,-0.016,-0.492,-0.458,0.194,-1.156,6.609,10.867306465305774,,10.867306465305774
179,84,Charlie Blackmon,COL,135,2,LEFT,577,530,140,60,16,78,32,4,1,0.264,DH| RF,-0.559,-0.288,0.547,-0.514,0.247,-0.567,4.218999999999999,4.786,10.86096095224566,,,,,,,,,,,,,,,,,,,,,,,,,,,,,,,,,,,10.86096095224566
180,,,,,,,,,,,,,,,,,,,,,,,,,,,,95,Cole Irvin,PHI| OAK| BAL| MIN,LEFT,SP,181.0,30,30,174,87,80,25,36,128,9,13,0,0,0,3.978,1.16,0,2,0.0,0.087,-0.144,-0.492,-0.678,0.063,-1.163,6.601999999999999,10.855796229981648,,10.855796229981648
181,,,,,,,,,,,,,,,,,,,,,,,,,,,,96,Lance Lynn,TEX| CHA| LAN| SLN,RIGHT,SP,121.66666666666666,21,21,119,65,54,19,19,124,8,7,0,0,0,3.994,1.134,1,2,0.008,-0.148,-0.23,-0.492,-0.471,0.169,-1.173,6.592,10.83935303666147,,10.83935303666147
182,85,Seth Brown,ATH| OAK,148,4,LEFT,555,500,115,54,25,73,51,11,2,0.23,1B| RF| LF,-0.902,0.649,0.305,0.335,-0.985,-0.597,4.189,4.786,10.783732028669608,,,,,,,,,,,,,,,,,,,,,,,,,,,,,,,,,,,10.783732028669608
183,86,Whit Merrifield,KCA| TOR| ATL| PHI,134,1,RIGHT,550,504,126,69,11,58,38,16,4,0.25,RF| 2B,-0.044,-0.809,-0.419,0.942,-0.274,-0.604,4.182,4.786,10.76571194650186,,,,,,,,,,,,,,,,,,,,,,,,,,,,,,,,,,,10.76571194650186
184,,,,,,,,,,,,,,,,,,,,,,,,,,,,97,Tarik Skubal,DET,LEFT,SP,117.66666666666669,21,21,104,53,46,9,32,117,7,8,0,0,0,3.518,1.156,2,5,0.017,-0.384,-0.38,-0.492,-0.027,0.062,-1.22,6.545,10.762070028056634,,10.762070028056634
185,125,William Contreras,MIL| ATL,97,7,RIGHT,376,334,93,51,20,45,39,2,0,0.278,CC| DH,-1.073,0.128,-1.047,-0.757,0.496,-2.253,4.173,6.426,10.742543269429046,,,,,,,,,,,,,,,,,,,,,,,,,,,,,,,,,,,10.742543269429046
186,,,,,,,,,,,,,,,,,,,,,,,,,,,,98,Jesus Luzardo,PHI| OAK| MIA,LEFT,SP,100.33333333333334,18,18,69,40,37,10,35,120,4,7,0,0,0,3.319,1.036,2,1,0.02,-1.091,-0.315,-0.492,0.131,0.53,-1.238,6.526999999999999,10.73247228008031,,10.73247228008031
187,,,,,,,,,,,,,,,,,,,,,,,,,,,,99,Gregory Soto,BAL| NYN| DET| PHI,LEFT,RP,60.33333333333333,0,64,49,32,22,2,34,60,2,11,30,0,0,3.282,1.376,3,0,0.05,-1.562,-1.601,2.311,0.096,-0.497,-1.254,6.510999999999999,10.706163170768026,,10.706163170768026
188,,,,,,,,,,,,,,,,,,,,,,,,,,,,100,Giovanny Gallegos,SLN,RIGHT,RP,59.00000000000001,0,57,42,23,20,6,18,73,3,6,14,0,0,3.051,1.017,3,0,0.051,-1.327,-1.322,0.816,0.198,0.358,-1.277,6.488,10.668343826131617,,10.668343826131617
189,,,,,,,,,,,,,,,,,,,,,,,,,,,,101,Andres Munoz,SEA,RIGHT,RP,65.00000000000001,0,64,43,20,18,5,15,96,2,5,4,0,0,2.492,0.892,5,1,0.077,-1.562,-0.83,-0.118,0.496,0.717,-1.296,6.468999999999999,10.637101758823276,,10.637101758823276
190,,,,,,,,,,,,,,,,,,,,,,,,,,,,102,Marcus Stroman,NYA| NYN| CHN,RIGHT,SP,138.66666666666669,25,25,123,61,54,16,36,119,6,7,0,0,0,3.505,1.147,7,5,0.05,-0.62,-0.337,-0.492,-0.017,0.124,-1.342,6.423,10.56146306955046,,10.56146306955046
191,,,,,,,,,,,,,,,,,,,,,,,,,,,,103,Keegan Thompson,CHN,RIGHT,SP| RP,115.0,17,29,103,54,48,16,43,108,10,5,1,0,0,3.756,1.27,1,3,0.009,0.323,-0.573,-0.399,-0.236,-0.461,-1.345,6.42,10.556530111554403,,10.556530111554403
192,100,Javier Baez,DET| CHN| NYN,144,3,RIGHT,590,555,132,64,17,67,26,9,2,0.238,SS,-0.33,-0.184,0.016,0.093,-0.783,-1.189,4.1,5.289,10.55461955539398,,,,,,,,,,,,,,,,,,,,,,,,,,,,,,,,,,,10.55461955539398
193,88,Randal Grichuk,ARI| KCA| TOR| COL| ANA,134,6,RIGHT,538,506,131,60,19,73,24,4,0,0.259,RF| CF,-0.559,0.024,0.305,-0.514,0.046,-0.698,4.087999999999999,4.786,10.52372798596356,,,,,,,,,,,,,,,,,,,,,,,,,,,,,,,,,,,10.52372798596356
194,,,,,,,,,,,,,,,,,,,,,,,,,,,,104,Kyle Finnegan,DET| WAS,RIGHT,RP,66.66666666666666,0,66,54,28,26,9,22,70,6,4,11,0,0,3.51,1.14,4,0,0.06,-0.62,-1.387,0.536,-0.011,0.077,-1.404,6.361,10.459515270965356,,10.459515270965356
195,,,,,,,,,,,,,,,,,,,,,,,,,,,,105,Anthony Bass,TOR| MIA,RIGHT,RP,70.33333333333336,0,73,51,15,12,6,20,73,4,3,0,0,0,1.536,1.01,3,3,0.043,-1.091,-1.322,-0.492,1.053,0.448,-1.405,6.359999999999999,10.457870951633335,,10.457870951633335
196,,,,,,,,,,,,,,,,,,,,,,,,,,,,106,Corey Kluber,TEX| NYA| TBA| BOS,RIGHT,SP,164.0,31,31,178,82,79,20,21,139,10,10,0,0,0,4.335,1.213,5,5,0.03,0.323,0.092,-0.492,-1.063,-0.291,-1.431,6.334,10.415118649000872,,10.415118649000872
197,103,Kyle Farmer,COL| CIN| MIN,145,3,RIGHT,583,526,134,58,14,78,33,4,3,0.255,3B| SS,-0.673,-0.497,0.547,-0.514,-0.107,-1.245,4.044,5.289,10.410458898052012,,,,,,,,,,,,,,,,,,,,,,,,,,,,,,,,,,,10.410458898052012
198,132,Adley Rutschman,BAL,113,2,SWITCH,470,398,101,70,13,42,65,4,0,0.254,CC| DH,0.013,-0.601,-1.192,-0.514,-0.109,-2.403,4.023,6.426,10.356398651548776,,,,,,,,,,,,,,,,,,,,,,,,,,,,,,,,,,,10.356398651548776
199,,,,,,,,,,,,,,,,,,,,,,,,,,,,107,Ranger Suarez,PHI,LEFT,SP,155.33333333333334,29,29,149,74,63,15,58,129,10,7,0,0,0,3.65,1.333,0,2,0.0,0.323,-0.123,-0.492,-0.192,-1.014,-1.497,6.268,10.306593573087698,,10.306593573087698
200,,,,,,,,,,,,,,,,,,,,,,,,,,,,108,Jimmy Herget,COL| TEX| ANA| ATL,RIGHT,RP,68.99999999999999,1,49,48,20,19,4,15,63,2,1,9,0,0,2.478,0.913,6,0,0.087,-1.562,-1.537,0.349,0.534,0.704,-1.511,6.254,10.283573102439448,,10.283573102439448
201,,,,,,,,,,,,,,,,,,,,,,,,,,,,109,Johnny Cueto,SFN| CHA| MIA| ANA,RIGHT,SP,158.33333333333331,24,25,161,66,59,15,33,102,8,10,0,0,0,3.354,1.225,4,2,0.025,-0.148,-0.701,-0.492,0.164,-0.355,-1.533,6.231999999999999,10.247398077135054,,10.247398077135054
202,,,,,,,,,,,,,,,,,,,,,,,,,,,,110,Cionel Perez,BAL| HOU| CIN,LEFT,RP,57.66666666666667,0,66,46,11,9,2,21,55,7,1,1,0,0,1.405,1.162,2,1,0.035,-0.384,-1.708,-0.399,0.921,0.016,-1.553,6.212,10.2145116904947,,10.2145116904947
203,91,Andrew Vaughn,CHA| MIL,134,2,RIGHT,555,510,138,60,17,76,31,0,0,0.271,LF| DH| RF| 1B,-0.559,-0.184,0.45,-1.0,0.472,-0.821,3.965,4.786,10.20708939930174,,,,,,,,,,,,,,,,,,,,,,,,,,,,,,,,,,,10.20708939930174
204,,,,,,,,,,,,,,,,,,,,,,,,,,,,111,Griffin Jax,MIN| TBA,RIGHT,RP,72.33333333333333,0,65,56,29,27,7,20,78,7,4,1,0,0,3.359,1.051,4,0,0.055,-0.384,-1.215,-0.399,0.072,0.341,-1.585,6.18,10.161893471870128,,10.161893471870128
205,,,,,,,,,,,,,,,,,,,,,,,,,,,,112,Trevor Stephan,CLE,RIGHT,RP,63.66666666666666,0,66,57,24,19,3,18,82,6,5,3,0,0,2.686,1.178,11,0,0.173,-0.62,-1.13,-0.212,0.392,-0.023,-1.592,6.173,10.150383236546004,,10.150383236546004
206,,,,,,,,,,,,,,,,,,,,,,,,,,,,113,Seranthony Dominguez,BAL| TOR| PHI,RIGHT,RP,50.99999999999999,0,54,36,18,17,4,22,61,6,5,9,0,0,3.0,1.137,3,1,0.059,-0.62,-1.579,0.349,0.191,0.065,-1.595,6.17,10.145450278549951,,10.145450278549951
207,,,,,,,,,,,,,,,,,,,,,,,,,,,,114,Alex Cobb,BAL| ANA| SFN| CLE,RIGHT,SP,149.66666666666666,28,28,152,72,62,9,43,151,7,8,0,0,0,3.728,1.303,15,2,0.1,-0.384,0.349,-0.492,-0.274,-0.799,-1.601,6.164,10.135584362557845,,10.135584362557845
208,,,,,,,,,,,,,,,,,,,,,,,,,,,,115,Reid Detmers,ANA,LEFT,SP,129.0,25,25,110,56,54,13,46,122,7,6,0,0,0,3.767,1.209,13,4,0.101,-0.384,-0.273,-0.492,-0.275,-0.207,-1.631,6.134,10.086254782597308,,10.086254782597308
209,,,,,,,,,,,,,,,,,,,,,,,,,,,,116,Erik Swanson,TOR| SEA,RIGHT,RP,53.66666666666667,1,57,39,11,10,3,10,70,3,2,3,0,0,1.677,0.913,3,1,0.056,-1.327,-1.387,-0.212,0.745,0.548,-1.632,6.133,10.08461046326529,,10.08461046326529
210,,,,,,,,,,,,,,,,,,,,,,,,,,,,117,Andrew Heaney,LAN| PIT| ANA| NYA| TEX,LEFT,SP,72.66666666666667,14,16,60,34,25,14,19,110,4,4,0,0,0,3.096,1.087,0,1,0.0,-1.091,-0.53,-0.492,0.219,0.237,-1.657,6.108,10.043502479964843,,10.043502479964843
211,,,,,,,,,,,,,,,,,,,,,,,,,,,,118,Garrett Whitlock,BOS,RIGHT,SP| RP,78.33333333333334,9,31,65,32,30,10,15,82,4,2,6,0,0,3.447,1.021,6,1,0.077,-1.091,-1.13,0.069,0.025,0.462,-1.665,6.1,10.030347925308703,,10.030347925308703
212,92,Josh Naylor,ARI| SEA| CLE| SDN,122,4,LEFT,498,449,115,47,20,79,38,6,1,0.256,DH| 1B,-1.302,0.128,0.595,-0.272,-0.048,-0.898,3.888,4.786,10.008868495456536,,,,,,,,,,,,,,,,,,,,,,,,,,,,,,,,,,,10.008868495456536
213,,,,,,,,,,,,,,,,,,,,,,,,,,,,119,Mike King,SDN| NYA,RIGHT,RP,51.0,0,34,35,15,13,3,16,66,6,3,1,0,0,2.294,1.0,2,0,0.039,-0.62,-1.472,-0.399,0.467,0.344,-1.68,6.085,10.005683135328436,,10.005683135328436
214,93,Cody Bellinger,NYA| LAN| CHN,142,7,LEFT,550,504,106,70,19,68,38,14,3,0.21,CF,0.013,0.024,0.064,0.7,-1.701,-0.9,3.886,4.786,10.003719900551465,,,,,,,,,,,,,,,,,,,,,,,,,,,,,,,,,,,10.003719900551465
215,,,,,,,,,,,,,,,,,,,,,,,,,,,,120,Bryan Abreu,HOU,RIGHT,RP,60.33333333333334,0,55,45,16,13,2,26,88,4,0,2,0,0,1.939,1.177,7,1,0.116,-1.091,-1.001,-0.305,0.716,-0.019,-1.699,6.066,9.974441068020097,,9.974441068020097
216,,,,,,,,,,,,,,,,,,,,,,,,,,,,121,Reynaldo Lopez,ATL| CHA| ANA| CLE,RIGHT,RP,65.33333333333331,1,61,51,24,20,1,11,63,6,4,0,0,0,2.755,0.949,7,1,0.107,-0.62,-1.537,-0.492,0.367,0.573,-1.707,6.058,9.961286513363955,,9.961286513363955
217,70,Alec Bohm,PHI,152,3,RIGHT,631,586,164,78,13,72,31,2,3,0.28,3B,0.47,-0.601,0.257,-0.757,0.93,0.3,3.861,3.561,9.939362464238087,,,,,,,,,,,,,,,,,,,,,,,,,,,,,,,,,,,9.939362464238087
218,,,,,,,,,,,,,,,,,,,,,,,,,,,,122,Hector Neris,ANA| ATL| HOU| PHI| CHN,RIGHT,RP,65.33333333333333,0,70,49,29,27,3,17,79,6,4,3,0,0,3.719,1.01,3,1,0.046,-0.62,-1.194,-0.212,-0.115,0.414,-1.727,6.037999999999999,9.928400126723597,,9.928400126723597
219,95,Jake McCarthy,ARI,93,6,LEFT,354,321,91,51,8,43,23,23,3,0.283,RF| LF,-1.073,-1.121,-1.144,1.792,0.593,-0.954,3.832,4.786,9.864707838114567,,,,,,,,,,,,,,,,,,,,,,,,,,,,,,,,,,,9.864707838114567
220,,,,,,,,,,,,,,,,,,,,,,,,,,,,123,Alex Vesia,LAN| MIA,LEFT,RP,54.333333333333336,0,63,37,14,13,2,24,79,5,0,1,0,0,2.153,1.123,3,1,0.055,-0.855,-1.194,-0.399,0.556,0.1,-1.791,5.974,9.82316368947446,,9.82316368947446
221,,,,,,,,,,,,,,,,,,,,,,,,,,,,124,Dean Kremer,BAL,RIGHT,SP,125.33333333333334,21,22,123,48,45,11,34,87,8,7,0,0,0,3.231,1.253,5,3,0.04,-0.148,-1.022,-0.492,0.247,-0.418,-1.834,5.930999999999999,9.75245795819769,,9.75245795819769
222,,,,,,,,,,,,,,,,,,,,,,,,,,,,125,Hunter Greene,CIN,RIGHT,SP,125.66666666666666,24,24,104,64,62,24,48,164,5,13,0,0,0,4.44,1.21,10,2,0.08,-0.855,0.627,-0.492,-0.916,-0.203,-1.839,5.926,9.744236361537602,,9.744236361537602
223,,,,,,,,,,,,,,,,,,,,,,,,,,,,126,Edward Cabrera,MIA,RIGHT,SP,71.66666666666667,14,14,44,24,24,10,33,75,6,4,0,0,0,3.014,1.074,4,1,0.056,-0.62,-1.279,-0.492,0.261,0.27,-1.86,5.904999999999999,9.709705655565228,,9.709705655565228
224,,,,,,,,,,,,,,,,,,,,,,,,,,,,127,Eli Morgan,CHN| CLE,RIGHT,RP,66.66666666666666,1,50,46,29,25,10,13,72,5,3,0,0,0,3.375,0.885,6,2,0.09,-0.855,-1.344,-0.492,0.058,0.755,-1.878,5.887,9.680107907588908,,9.680107907588908
225,72,Matt Chapman,SFN| OAK| TOR,154,7,RIGHT,621,538,123,83,27,76,68,2,2,0.229,3B,0.756,0.857,0.45,-0.757,-1.113,0.194,3.755,3.561,9.666486934269363,,,,,,,,,,,,,,,,,,,,,,,,,,,,,,,,,,,9.666486934269363
226,,,,,,,,,,,,,,,,,,,,,,,,,,,,128,Drew Smyly,SFN| ATL| CHN,LEFT,SP,106.33333333333331,22,22,101,46,41,16,26,91,7,8,0,0,0,3.47,1.194,9,1,0.085,-0.384,-0.937,-0.492,0.015,-0.108,-1.905,5.859999999999999,9.635711285624426,,9.635711285624426
227,,,,,,,,,,,,,,,,,,,,,,,,,,,,129,Dillon Tate,TOR| BAL,RIGHT,RP,73.66666666666664,0,67,57,29,25,6,16,60,4,4,5,0,0,3.054,0.991,4,1,0.054,-1.091,-1.601,-0.025,0.245,0.523,-1.948,5.817,9.56500555434766,,9.56500555434766
228,,,,,,,,,,,,,,,,,,,,,,,,,,,,130,Noah Syndergaard,NYN| ANA| PHI| CLE| LAN,RIGHT,SP,134.66666666666666,24,25,138,62,59,14,31,95,10,10,0,0,0,3.943,1.255,30,3,0.223,0.323,-0.851,-0.492,-0.468,-0.462,-1.95,5.815,9.561716915683624,,9.561716915683624
229,96,Andrew McCutchen,PIT| PHI| MIL,134,4,RIGHT,580,515,122,66,17,69,57,8,6,0.237,DH| LF,-0.216,-0.184,0.112,-0.029,-0.761,-1.078,3.7079999999999993,4.786,9.545494954000214,,,,,,,,,,,,,,,,,,,,,,,,,,,,,,,,,,,9.545494954000214
230,97,Jurickson Profar,ATL| SDN| COL,151,1,SWITCH,658,575,140,82,15,58,73,5,1,0.243,LF,0.699,-0.392,-0.419,-0.393,-0.58,-1.086,3.6999999999999993,4.786,9.524900574379933,,,,,,,,,,,,,,,,,,,,,,,,,,,,,,,,,,,9.524900574379933
231,,,,,,,,,,,,,,,,,,,,,,,,,,,,131,Penn Murfee,CHA| SEA,RIGHT,RP,69.33333333333333,1,64,48,23,23,7,18,76,4,0,0,0,0,2.986,0.952,3,0,0.043,-1.091,-1.258,-0.492,0.267,0.6,-1.973,5.792,9.523897571047216,,9.523897571047216
232,,,,,,,,,,,,,,,,,,,,,,,,,,,,132,Diego Castillo,TBA| SEA| MIN,RIGHT,RP,54.33333333333333,0,59,40,27,22,5,22,53,7,3,7,0,0,3.644,1.141,10,1,0.184,-0.384,-1.751,0.162,-0.065,0.06,-1.977,5.787999999999999,9.517320293719145,,9.517320293719145
233,,,,,,,,,,,,,,,,,,,,,,,,,,,,133,Collin McHugh,TBA| ATL,RIGHT,RP,69.33333333333333,0,58,51,20,20,5,14,75,3,2,0,0,0,2.596,0.938,1,0,0.014,-1.327,-1.279,-0.492,0.474,0.64,-1.984,5.781,9.50581005839502,,9.50581005839502
234,,,,,,,,,,,,,,,,,,,,,,,,,,,,134,Sam Hentges,CLE,LEFT,RP,62.0,0,57,41,17,16,3,19,72,3,2,1,0,0,2.323,0.968,6,1,0.097,-1.327,-1.344,-0.399,0.554,0.498,-2.017,5.747999999999999,9.45154752043843,,9.45154752043843
235,117,Ha-Seong Kim,ATL| TBA| SDN,148,7,RIGHT,582,517,130,58,11,59,51,12,2,0.251,SS| 3B,-0.673,-0.809,-0.371,0.457,-0.227,-1.624,3.665,5.289,9.434800163541205,,,,,,,,,,,,,,,,,,,,,,,,,,,,,,,,,,,9.434800163541205
236,99,Luis Robert,CHA,92,3,RIGHT,401,380,108,53,12,56,17,11,3,0.284,CF,-0.959,-0.705,-0.516,0.335,0.721,-1.123,3.663,4.786,9.429651568636134,,,,,,,,,,,,,,,,,,,,,,,,,,,,,,,,,,,9.429651568636134
237,,,,,,,,,,,,,,,,,,,,,,,,,,,,135,David Peterson,NYN,LEFT,SP| RP,105.66666666666666,19,28,93,50,45,11,48,126,7,5,0,0,0,3.833,1.334,1,0,0.009,-0.384,-0.187,-0.492,-0.278,-0.697,-2.038,5.727,9.417016814466058,,9.417016814466058
238,,,,,,,,,,,,,,,,,,,,,,,,,,,,136,Jose Suarez,ATL| ANA,LEFT,SP,109.0,20,22,103,49,48,14,33,103,8,8,0,0,0,3.963,1.248,1,2,0.009,-0.148,-0.68,-0.492,-0.396,-0.342,-2.058,5.707,9.3841304278257,,9.3841304278257
239,,,,,,,,,,,,,,,,,,,,,,,,,,,,137,Dylan Lee,ATL,LEFT,RP,50.66666666666668,0,46,40,16,12,5,10,59,5,1,0,0,0,2.132,0.987,1,0,0.02,-0.855,-1.622,-0.492,0.527,0.368,-2.074,5.691,9.357821318513414,,9.357821318513414
240,143,Cal Raleigh,SEA,116,9,SWITCH,415,370,78,46,27,63,38,1,0,0.211,CC,-1.359,0.857,-0.178,-0.879,-1.236,-2.794,3.632,6.426,9.349848347607546,,,,,,,,,,,,,,,,,,,,,,,,,,,,,,,,,,,9.349848347607546
241,,,,,,,,,,,,,,,,,,,,,,,,,,,,138,Chris Martin,TEX| ATL| CHN| LAN| BOS,RIGHT,RP,56.00000000000001,0,60,50,20,19,6,5,74,4,1,2,0,0,3.054,0.982,6,3,0.107,-1.091,-1.301,-0.305,0.187,0.417,-2.093,5.672,9.326579251205075,,9.326579251205075
242,,,,,,,,,,,,,,,,,,,,,,,,,,,,139,Chase De Jong,HOU| PIT,RIGHT,RP,71.66666666666667,0,42,52,24,21,10,30,59,6,3,1,0,0,2.637,1.144,3,2,0.042,-0.62,-1.622,-0.399,0.468,0.071,-2.102,5.663,9.311780377216916,,9.311780377216916
243,,,,,,,,,,,,,,,,,,,,,,,,,,,,140,Nick Lodolo,CIN,LEFT,SP,103.33333333333331,19,19,90,44,42,13,39,131,4,7,0,0,0,3.658,1.248,6,3,0.058,-1.091,-0.08,-0.492,-0.134,-0.327,-2.124,5.641,9.275605351912525,,9.275605351912525
244,,,,,,,,,,,,,,,,,,,,,,,,,,,,141,Alex Lange,DET,RIGHT,RP,63.333333333333336,0,71,47,30,24,5,31,82,7,4,0,0,0,3.41,1.232,6,1,0.095,-0.384,-1.13,-0.492,0.038,-0.158,-2.126,5.638999999999999,9.272316713248488,,9.272316713248488
245,,,,,,,,,,,,,,,,,,,,,,,,,,,,142,Michael Kopech,LAN| CHA,RIGHT,SP,119.33333333333331,25,25,85,53,47,15,57,105,5,9,0,0,0,3.545,1.19,15,4,0.126,-0.855,-0.637,-0.492,-0.051,-0.1,-2.135,5.63,9.257517839260329,,9.257517839260329
246,,,,,,,,,,,,,,,,,,,,,,,,,,,,143,Tim Mayza,PHI| PIT| TOR| NYA,LEFT,RP,48.66666666666668,0,63,42,19,17,7,12,44,8,1,2,0,0,3.144,1.11,2,0,0.041,-0.148,-1.944,-0.305,0.129,0.115,-2.153,5.612,9.227920091284007,,9.227920091284007
247,,,,,,,,,,,,,,,,,,,,,,,,,,,,144,Robert Suarez,SDN,RIGHT,RP,47.66666666666667,0,45,29,13,12,4,21,61,5,1,1,0,0,2.266,1.049,1,2,0.021,-0.855,-1.579,-0.399,0.447,0.228,-2.158,5.606999999999999,9.219698494623916,,9.219698494623916
248,,,,,,,,,,,,,,,,,,,,,,,,,,,,145,Tanner Houck,BOS,RIGHT,SP| RP,60.0,4,32,49,22,21,3,22,56,5,4,8,0,0,3.15,1.183,5,1,0.083,-0.855,-1.686,0.255,0.156,-0.034,-2.165,5.6,9.208188259299792,,9.208188259299792
249,102,Mark Canha,KCA| OAK| NYN| MIL| DET| SFN,136,7,RIGHT,542,462,123,70,13,61,48,3,1,0.266,LF,0.013,-0.601,-0.274,-0.636,0.284,-1.214,3.572,4.786,9.19539050045544,,,,,,,,,,,,,,,,,,,,,,,,,,,,,,,,,,,9.19539050045544
250,,,,,,,,,,,,,,,,,,,,,,,,,,,,146,Tanner Scott,LAN| BAL| MIA| SDN,LEFT,RP,62.66666666666666,0,67,55,34,30,5,46,90,4,5,20,0,0,4.309,1.612,1,1,0.016,-1.091,-0.958,1.376,-0.393,-1.107,-2.173,5.592,9.19503370464365,,9.19503370464365
251,,,,,,,,,,,,,,,,,,,,,,,,,,,,147,Nick Martinez,CIN| SDN,RIGHT,SP| RP,106.33333333333331,10,47,96,44,41,15,41,95,4,4,8,0,0,3.47,1.288,6,1,0.056,-1.091,-0.851,0.255,0.015,-0.506,-2.178,5.587,9.18681210798356,,9.18681210798356
252,,,,,,,,,,,,,,,,,,,,,,,,,,,,148,A. J. Puk,ARI| OAK| MIA,LEFT,RP,66.33333333333334,0,62,53,27,23,7,23,76,4,3,4,0,0,3.121,1.146,7,0,0.106,-1.091,-1.258,-0.118,0.187,0.062,-2.218,5.547,9.121039334702848,,9.121039334702848
253,,,,,,,,,,,,,,,,,,,,,,,,,,,,149,Frankie Montas,NYN| OAK| NYA| CIN| MIL,RIGHT,SP,144.33333333333331,27,27,137,72,65,18,43,142,5,12,0,0,0,4.053,1.247,3,3,0.021,-0.855,0.156,-0.492,-0.624,-0.45,-2.265,5.5,9.043756326098013,,9.043756326098013
254,,,,,,,,,,,,,,,,,,,,,,,,,,,,150,Freddy Peralta,MIL,RIGHT,SP,78.00000000000001,17,18,54,31,31,6,27,86,4,4,0,0,0,3.577,1.038,4,3,0.051,-1.091,-1.044,-0.492,-0.053,0.406,-2.273,5.491999999999999,9.030601771441868,,9.030601771441868
255,,,,,,,,,,,,,,,,,,,,,,,,,,,,151,Domingo Acevedo,OAK,RIGHT,RP,67.66666666666667,0,70,50,26,25,9,17,58,4,4,4,0,0,3.325,0.99,4,0,0.059,-1.091,-1.644,-0.118,0.085,0.483,-2.285,5.48,9.010869939457654,,9.010869939457654
256,89,Kolten Wong,SLN| MIL| LAN| SEA,133,5,LEFT,497,430,108,65,15,47,46,17,6,0.251,2B,-0.273,-0.392,-0.951,1.064,-0.198,-0.75,3.498,4.248,9.004892488967842,,,,,,,,,,,,,,,,,,,,,,,,,,,,,,,,,,,9.004892488967842
257,,,,,,,,,,,,,,,,,,,,,,,,,,,,152,Nick Pivetta,SDN| BOS| PHI,RIGHT,SP,179.66666666666669,33,33,175,91,91,27,73,175,10,12,0,0,0,4.558,1.38,19,6,0.106,0.323,0.863,-0.492,-1.472,-1.515,-2.293,5.472,8.997715384801511,,8.997715384801511
258,,,,,,,,,,,,,,,,,,,,,,,,,,,,153,Jordan Lyles,TEX| BAL| KCA,RIGHT,SP,178.99999999999997,32,32,196,94,88,26,52,144,12,11,0,0,0,4.425,1.385,7,1,0.039,0.794,0.199,-0.492,-1.283,-1.546,-2.328,5.436999999999999,8.940164208180887,,8.940164208180887
259,,,,,,,,,,,,,,,,,,,,,,,,,,,,154,Justin Steele,CHN,LEFT,SP,119.0,24,24,111,53,42,8,50,126,4,7,0,0,0,3.176,1.353,6,2,0.05,-1.091,-0.187,-0.492,0.285,-0.873,-2.358,5.407,8.890834628220354,,8.890834628220354
260,,,,,,,,,,,,,,,,,,,,,,,,,,,,155,Mychal Givens,BAL| COL| CIN| CHN| NYN,RIGHT,RP,61.33333333333332,1,59,56,27,23,8,25,71,7,3,2,0,0,3.375,1.321,3,3,0.049,-0.384,-1.365,-0.305,0.054,-0.371,-2.372,5.393,8.867814157572104,,8.867814157572104
261,,,,,,,,,,,,,,,,,,,,,,,,,,,,156,Tyler Mahle,TEX| CIN| MIN,RIGHT,SP,120.66666666666666,23,23,104,61,59,16,43,126,6,8,0,0,0,4.401,1.218,6,4,0.05,-0.62,-0.187,-0.492,-0.843,-0.237,-2.378,5.387,8.857948241579997,,8.857948241579997
262,,,,,,,,,,,,,,,,,,,,,,,,,,,,157,Nathan Eovaldi,TEX| BOS,RIGHT,SP,109.33333333333334,20,20,115,55,47,21,20,103,6,3,0,0,0,3.869,1.235,5,1,0.046,-0.62,-0.68,-0.492,-0.318,-0.287,-2.396,5.369,8.828350493603676,,8.828350493603676
263,,,,,,,,,,,,,,,,,,,,,,,,,,,,158,Brandon Hughes,CHN| ARI,LEFT,RP,57.66666666666667,0,57,42,22,20,11,21,68,2,3,8,0,0,3.121,1.093,0,0,0.0,-1.562,-1.429,0.255,0.162,0.176,-2.398,5.366999999999999,8.825061854939639,,8.825061854939639
264,,,,,,,,,,,,,,,,,,,,,,,,,,,,159,Carl Edwards,ANA| TEX| SEA| ATL| TOR| WAS| SDN,RIGHT,RP,62.00000000000001,0,57,51,22,19,8,25,56,6,3,2,0,0,2.758,1.226,1,3,0.016,-0.62,-1.686,-0.305,0.347,-0.14,-2.405,5.359999999999999,8.813551619615515,,8.813551619615515
265,,,,,,,,,,,,,,,,,,,,,,,,,,,,160,Keegan Akin,BAL,LEFT,RP,81.66666666666666,1,45,69,35,29,10,20,77,3,3,2,0,0,3.196,1.09,0,2,0.0,-1.327,-1.237,-0.305,0.183,0.258,-2.427,5.337999999999999,8.777376594311123,,8.777376594311123
266,,,,,,,,,,,,,,,,,,,,,,,,,,,,162,Enyel De Los Santos,ATL| HOU| PHI| PIT| CLE| CHA| NYA| SDN,RIGHT,RP,53.33333333333332,0,50,40,18,18,3,17,61,5,0,1,0,0,3.038,1.069,4,0,0.075,-0.855,-1.579,-0.399,0.184,0.213,-2.435,5.33,8.764222039654982,,8.764222039654982
267,,,,,,,,,,,,,,,,,,,,,,,,,,,,161,Chris Flexen,CHN| SEA| COL| CHA,RIGHT,SP| RP,137.66666666666666,22,33,132,61,57,17,51,95,8,9,2,0,0,3.726,1.329,6,0,0.044,-0.148,-0.851,-0.305,-0.25,-0.88,-2.435,5.33,8.764222039654982,,8.764222039654982
268,107,Byron Buxton,MIN,91,1,RIGHT,382,340,76,61,28,51,34,6,0,0.224,CF| DH,-0.502,0.961,-0.757,-0.272,-0.827,-1.396,3.39,4.786,8.726868364094047,,,,,,,,,,,,,,,,,,,,,,,,,,,,,,,,,,,8.726868364094047
269,,,,,,,,,,,,,,,,,,,,,,,,,,,,163,Erasmo Ramirez,MIN| NYN| DET| WAS| TBA,RIGHT,RP,86.33333333333336,2,60,79,31,28,11,14,61,4,2,0,0,0,2.919,1.077,1,0,0.012,-1.091,-1.579,-0.492,0.377,0.316,-2.469,5.295999999999999,8.708315182366375,,8.708315182366375
270,,,,,,,,,,,,,,,,,,,,,,,,,,,,164,Lucas Giolito,BOS| CHA| ANA| CLE,RIGHT,SP,161.66666666666666,30,30,171,92,88,24,61,177,11,9,0,0,0,4.899,1.435,6,1,0.037,0.559,0.906,-0.492,-1.746,-1.716,-2.49,5.275,8.673784476394001,,8.673784476394001
271,,,,,,,,,,,,,,,,,,,,,,,,,,,,165,Ryan Tepera,CHN| CHA| ANA| SLN,RIGHT,RP,57.33333333333334,0,59,42,27,23,7,20,47,5,4,6,0,0,3.611,1.081,6,1,0.105,-0.855,-1.879,0.069,-0.053,0.2,-2.519,5.246,8.626099215765484,,8.626099215765484
272,,,,,,,,,,,,,,,,,,,,,,,,,,,,166,Jose Alvarado,PHI| TBA,LEFT,RP,51.0,0,59,38,21,18,2,24,81,4,2,2,0,0,3.176,1.216,6,1,0.118,-1.091,-1.151,-0.305,0.122,-0.095,-2.52,5.244999999999999,8.624454896433466,,8.624454896433466
273,,,,,,,,,,,,,,,,,,,,,,,,,,,,167,Dylan Coleman,KCA| HOU,RIGHT,RP,68.00000000000001,0,68,47,26,21,5,37,71,5,2,0,0,0,2.779,1.235,2,3,0.029,-0.855,-1.365,-0.492,0.37,-0.18,-2.523,5.241999999999999,8.619521938437412,,8.619521938437412
274,,,,,,,,,,,,,,,,,,,,,,,,,,,,168,J. P. Feyereisen,ARI| LAN| MIL| TBA,RIGHT,RP,24.33333333333333,2,22,7,1,0,0,5,25,4,0,1,0,0,0.0,0.493,0,0,0.0,-1.091,-2.351,-0.399,0.65,0.656,-2.534,5.231,8.601434425785218,,8.601434425785218
275,,,,,,,,,,,,,,,,,,,,,,,,,,,,169,Brooks Raley,NYN| CIN| HOU| TBA,LEFT,RP,53.66666666666668,0,60,37,19,16,3,15,61,1,2,6,0,0,2.683,0.969,0,0,0.0,-1.798,-1.579,0.069,0.331,0.428,-2.549,5.215999999999999,8.576769635804949,,8.576769635804949
276,109,Giancarlo Stanton,NYA,110,4,RIGHT,452,398,84,53,31,78,50,0,0,0.211,DH| RF,-0.959,1.274,0.547,-1.0,-1.322,-1.46,3.326,4.786,8.562113327131799,,,,,,,,,,,,,,,,,,,,,,,,,,,,,,,,,,,8.562113327131799
277,,,,,,,,,,,,,,,,,,,,,,,,,,,,170,Nabil Crismatt,ARI| SLN| SDN| LAN,RIGHT,RP,67.33333333333331,1,50,57,29,22,5,22,65,5,2,0,0,0,2.941,1.173,9,0,0.134,-0.855,-1.494,-0.492,0.283,-0.011,-2.57,5.195,8.542238929832576,,8.542238929832576
278,153,MJ Melendez,KCA,128,1,LEFT,534,460,100,57,18,62,66,2,3,0.217,CC| LF| DH,-0.73,-0.08,-0.226,-0.757,-1.32,-3.114,3.3120000000000003,6.426,8.52607316279631,,,,,,,,,,,,,,,,,,,,,,,,,,,,,,,,,,,8.52607316279631
279,,,,,,,,,,,,,,,,,,,,,,,,,,,,171,Jaime Barria,ANA,RIGHT,RP,79.33333333333333,1,35,63,29,23,11,19,54,3,3,0,0,0,2.609,1.034,2,0,0.025,-1.327,-1.729,-0.492,0.535,0.428,-2.585,5.18,8.517574139852309,,8.517574139852309
280,,,,,,,,,,,,,,,,,,,,,,,,,,,,172,Rich Hill,KCA| MIN| NYN| TBA| BOS| PIT| SDN,LEFT,SP,124.33333333333334,26,26,125,67,59,15,37,109,8,7,0,0,0,4.271,1.303,7,2,0.056,-0.148,-0.551,-0.492,-0.745,-0.664,-2.6,5.164999999999999,8.49290934987204,,8.49290934987204
281,,,,,,,,,,,,,,,,,,,,,,,,,,,,173,Tyler Wells,BAL,RIGHT,SP,103.66666666666666,23,23,90,49,49,16,28,76,7,7,0,0,0,4.254,1.138,5,5,0.048,-0.384,-1.258,-0.492,-0.608,0.127,-2.615,5.15,8.468244559891772,,8.468244559891772
282,,,,,,,,,,,,,,,,,,,,,,,,,,,,174,Colin Poche,NYN| WAS| TBA,LEFT,RP,58.666666666666686,0,65,46,30,26,11,22,64,4,2,7,0,0,3.989,1.159,2,1,0.034,-1.091,-1.515,0.162,-0.225,0.023,-2.645,5.119999999999999,8.418914979931237,,8.418914979931237
283,,,,,,,,,,,,,,,,,,,,,,,,,,,,175,Caleb Thielbar,CHN| MIN,LEFT,RP,59.33333333333336,0,67,51,26,23,5,18,80,4,3,1,0,0,3.489,1.163,3,1,0.051,-1.091,-1.172,-0.399,0.0,0.014,-2.647,5.118,8.415626341267204,,8.415626341267204
284,,,,,,,,,,,,,,,,,,,,,,,,,,,,176,Yimi Garcia,TOR| MIA| HOU| SEA,RIGHT,RP,60.99999999999999,0,61,48,26,21,6,16,58,4,5,1,0,0,3.098,1.049,5,1,0.082,-1.091,-1.644,-0.399,0.183,0.292,-2.659,5.106,8.39589450928299,,8.39589450928299
285,,,,,,,,,,,,,,,,,,,,,,,,,,,,177,Ryne Stanek,NYN| MIA| HOU| SEA,RIGHT,RP,54.66666666666666,0,59,36,8,7,2,31,62,2,1,1,0,0,1.152,1.226,4,2,0.073,-1.562,-1.558,-0.399,0.979,-0.123,-2.664,5.100999999999999,8.3876729126229,,8.3876729126229
286,,,,,,,,,,,,,,,,,,,,,,,,,,,,178,Mike Clevinger,CHA| CLE| SDN,RIGHT,SP,114.33333333333331,22,23,102,56,55,20,35,91,7,7,0,0,0,4.329,1.198,13,1,0.114,-0.384,-0.937,-0.492,-0.736,-0.133,-2.682,5.083,8.35807516464658,,8.35807516464658
287,,,,,,,,,,,,,,,,,,,,,,,,,,,,179,Steven Okert,HOU| MIA| MIN,LEFT,RP,51.33333333333333,0,60,34,19,17,7,26,63,5,5,0,0,0,2.981,1.169,2,0,0.039,-0.855,-1.537,-0.492,0.2,0.0,-2.683,5.082,8.356430845314563,,8.356430845314563
288,113,Nick Castellanos,PHI| CIN,136,4,RIGHT,558,524,138,56,13,62,29,7,1,0.263,RF,-0.787,-0.601,-0.226,-0.15,0.215,-1.55,3.236,4.786,8.330426556403639,,,,,,,,,,,,,,,,,,,,,,,,,,,,,,,,,,,8.330426556403639
289,,,,,,,,,,,,,,,,,,,,,,,,,,,,180,Michael Lorenzen,KCA| CIN| ANA| DET| PHI| TEX,RIGHT,SP,97.66666666666669,18,18,81,48,46,11,44,85,8,6,0,0,0,4.239,1.28,4,1,0.041,-0.148,-1.065,-0.492,-0.561,-0.432,-2.699,5.066,8.330121736002276,,8.330121736002276
290,,,,,,,,,,,,,,,,,,,,,,,,,,,,181,Alex Wood,LAN| SFN| OAK,LEFT,SP,130.66666666666666,26,26,132,78,74,17,30,131,8,12,0,0,0,5.097,1.24,1,2,0.008,-0.148,-0.08,-0.492,-1.61,-0.369,-2.699,5.066,8.330121736002276,,8.330121736002276
291,,,,,,,,,,,,,,,,,,,,,,,,,,,,182,Joe Jimenez,DET| ATL,RIGHT,RP,56.66666666666665,0,62,49,24,22,4,13,77,3,2,2,0,0,3.494,1.094,6,1,0.106,-1.327,-1.237,-0.305,-0.002,0.169,-2.701,5.064,8.326833097338241,,8.326833097338241
292,,,,,,,,,,,,,,,,,,,,,,,,,,,,184,Matt Bush,TEX| MIL,RIGHT,SP| RP,59.66666666666668,6,65,43,31,23,11,18,74,2,3,3,0,0,3.469,1.022,5,0,0.084,-1.562,-1.301,-0.212,0.009,0.349,-2.717,5.048,8.300523988025956,,8.300523988025956
293,,,,,,,,,,,,,,,,,,,,,,,,,,,,183,Wandy Peralta,SDN| SFN| NYA,LEFT,RP,56.33333333333334,0,56,42,19,17,2,17,47,3,4,4,0,0,2.716,1.047,0,0,0.0,-1.327,-1.879,-0.118,0.334,0.273,-2.717,5.048,8.300523988025956,,8.300523988025956
294,64,Bryce Harper,PHI,99,3,LEFT,426,370,106,63,18,65,46,11,4,0.286,DH,-0.387,-0.08,-0.081,0.335,0.762,0.549,3.21975,2.67075,8.288594222799944,,,,,,,,,,,,,,,,,,,,,,,,,,,,,,,,,,,8.288594222799944
295,114,Albert Pujols,ANA| LAN| SLN,109,5,RIGHT,351,307,83,42,24,68,28,1,2,0.27,DH| 1B,-1.588,0.545,0.064,-0.879,0.279,-1.579,3.207,4.786,8.25577193028012,,,,,,,,,,,,,,,,,,,,,,,,,,,,,,,,,,,8.25577193028012
296,,,,,,,,,,,,,,,,,,,,,,,,,,,,185,Clarke Schmidt,NYA,RIGHT,SP| RP,57.66666666666667,3,29,46,23,20,5,23,56,5,5,2,0,0,3.121,1.196,1,2,0.017,-0.855,-1.686,-0.305,0.162,-0.063,-2.748,5.017,8.249550088733404,,8.249550088733404
297,,,,,,,,,,,,,,,,,,,,,,,,,,,,186,Sean Manaea,NYN| OAK| SDN| SFN,LEFT,SP,158.0,28,30,155,95,87,29,50,156,8,9,0,0,0,4.956,1.298,5,0,0.032,-0.148,0.456,-0.492,-1.775,-0.81,-2.77,4.994999999999999,8.21337506342901,,8.21337506342901
298,82,Justin Turner,CHN| LAN| BOS| SEA| TOR,128,5,RIGHT,532,468,130,61,13,81,50,3,0,0.278,DH| 3B,-0.502,-0.601,0.692,-0.636,0.673,-0.373,3.188,3.561,8.206860278681953,,,,,,,,,,,,,,,,,,,,,,,,,,,,,,,,,,,8.206860278681953
299,,,,,,,,,,,,,,,,,,,,,,,,,,,,187,Emilio Pagan,CIN| SDN| MIN,RIGHT,RP,63.0,0,59,60,36,31,12,26,84,4,6,9,0,0,4.429,1.365,1,1,0.016,-1.091,-1.087,0.349,-0.453,-0.493,-2.775,4.99,8.205153466768923,,8.205153466768923
300,115,Andrew Benintendi,CHA| BOS| KCA| NYA,125,2,LEFT,521,461,140,54,5,51,52,8,3,0.304,LF,-0.902,-1.434,-0.757,-0.029,1.515,-1.606,3.18,4.786,8.186265899061672,,,,,,,,,,,,,,,,,,,,,,,,,,,,,,,,,,,8.186265899061672
301,,,,,,,,,,,,,,,,,,,,,,,,,,,,188,Luis Garcia,ANA| LAN| WAS| TEX| SLN| SDN| BOS,RIGHT,RP,61.00000000000001,0,64,57,28,23,3,17,68,4,6,3,0,0,3.393,1.213,6,0,0.098,-1.091,-1.429,-0.212,0.045,-0.107,-2.795,4.97,8.172267080128567,,8.172267080128567
302,,,,,,,,,,,,,,,,,,,,,,,,,,,,189,Bailey Falter,KCA| PIT| PHI,LEFT,SP| RP,84.00000000000001,16,20,85,39,36,16,17,74,6,4,0,0,0,3.857,1.214,3,4,0.036,-0.62,-1.301,-0.492,-0.237,-0.152,-2.801,4.964,8.162401164136458,,8.162401164136458
303,,,,,,,,,,,,,,,,,,,,,,,,,,,,190,James Karinchak,CLE,RIGHT,RP,39.0,0,38,22,9,9,2,21,62,2,0,3,0,0,2.077,1.103,9,1,0.231,-1.562,-1.558,-0.212,0.422,0.103,-2.807,4.958,8.152535248144353,,8.152535248144353
304,,,,,,,,,,,,,,,,,,,,,,,,,,,,191,Scott Effross,NYA| CHN,RIGHT,RP,56.66666666666667,1,60,45,23,16,3,15,62,1,4,4,0,0,2.541,1.059,2,2,0.035,-1.798,-1.558,-0.118,0.411,0.249,-2.814,4.951,8.141025012820228,,8.141025012820228
305,,,,,,,,,,,,,,,,,,,,,,,,,,,,192,Brad Boxberger,MIA| MIL| CHN,RIGHT,RP,63.99999999999999,0,70,52,23,21,6,27,68,4,3,1,0,0,2.953,1.234,7,0,0.109,-1.091,-1.429,-0.399,0.263,-0.167,-2.823,4.942,8.126226138832068,,8.126226138832068
306,,,,,,,,,,,,,,,,,,,,,,,,,,,,193,Steven Wilson,CHA| SDN,RIGHT,RP,52.99999999999999,1,50,36,20,18,7,20,53,4,2,1,0,0,3.057,1.057,2,0,0.038,-1.091,-1.751,-0.399,0.176,0.238,-2.827,4.938,8.119648861503995,,8.119648861503995
307,,,,,,,,,,,,,,,,,,,,,,,,,,,,194,Trevor Williams,WAS| PIT| CHN| NYN,RIGHT,SP| RP,89.66666666666666,9,30,87,34,32,12,23,84,3,5,1,0,0,3.212,1.227,1,2,0.011,-1.327,-1.087,-0.399,0.19,-0.207,-2.828,4.936999999999999,8.118004542171978,,8.118004542171978
308,,,,,,,,,,,,,,,,,,,,,,,,,,,,195,Adrian Sampson,CHN,RIGHT,SP,104.33333333333334,19,21,101,40,36,10,27,73,4,5,0,0,0,3.105,1.227,3,2,0.029,-1.091,-1.322,-0.492,0.307,-0.241,-2.839,4.926,8.099917029519782,,8.099917029519782
309,,,,,,,,,,,,,,,,,,,,,,,,,,,,196,Chris Stratton,KCA| LAN| PIT| SLN| TEX,RIGHT,RP,63.33333333333333,1,60,72,34,30,4,25,60,10,4,2,0,0,4.263,1.532,1,0,0.016,0.323,-1.601,-0.305,-0.376,-0.916,-2.875,4.89,8.04072153356714,,8.04072153356714
310,,,,,,,,,,,,,,,,,,,,,,,,,,,,197,Andrew Bellatti,MIA| PHI,RIGHT,RP,54.33333333333333,1,59,47,25,20,5,25,78,4,4,2,0,0,3.313,1.325,3,2,0.055,-1.091,-1.215,-0.305,0.073,-0.338,-2.876,4.888999999999999,8.039077214235123,,8.039077214235123
311,,,,,,,,,,,,,,,,,,,,,,,,,,,,198,Nick Sandlin,TOR| CLE,RIGHT,RP,44.0,0,46,27,13,11,2,24,41,5,2,0,0,0,2.25,1.159,5,0,0.114,-0.855,-2.008,-0.492,0.418,0.017,-2.92,4.845,7.966727163626339,,7.966727163626339
312,,,,,,,,,,,,,,,,,,,,,,,,,,,,199,Jalen Beeks,ARI| TBA| COL| PIT,LEFT,SP| RP,61.00000000000001,7,42,49,22,19,7,22,70,2,3,2,0,0,2.803,1.164,0,0,0.0,-1.562,-1.387,-0.305,0.32,0.012,-2.921,4.843999999999999,7.96508284429432,,7.96508284429432
313,,,,,,,,,,,,,,,,,,,,,,,,,,,,200,Paul Blackburn,NYA| NYN| OAK,RIGHT,SP,111.33333333333331,21,21,110,53,53,15,30,89,7,6,0,0,0,4.284,1.258,13,2,0.117,-0.384,-0.98,-0.492,-0.678,-0.393,-2.927,4.837999999999999,7.955216928302213,,7.955216928302213
314,,,,,,,,,,,,,,,,,,,,,,,,,,,,201,Bryan Baker,BAL| TBA| TOR,RIGHT,RP,69.66666666666666,2,66,60,29,27,3,26,76,4,3,1,0,0,3.488,1.234,2,0,0.029,-1.091,-1.258,-0.399,0.001,-0.182,-2.929,4.836,7.951928289638179,,7.951928289638179
315,,,,,,,,,,,,,,,,,,,,,,,,,,,,202,Andrew Chafin,ANA| WAS| ARI| CHN| OAK| DET| MIL| TEX,LEFT,RP,57.33333333333334,0,64,48,26,18,5,19,67,2,3,3,0,0,2.826,1.169,2,1,0.035,-1.562,-1.451,-0.212,0.291,0.001,-2.932,4.833,7.946995331642126,,7.946995331642126
316,,,,,,,,,,,,,,,,,,,,,,,,,,,,203,Pete Fairbanks,TBA,RIGHT,RP,24.0,0,24,13,3,3,1,3,38,0,0,8,0,0,1.125,0.667,3,0,0.125,-2.033,-2.072,0.255,0.435,0.481,-2.935,4.83,7.942062373646071,,7.942062373646071
317,,,,,,,,,,,,,,,,,,,,,,,,,,,,204,Joe Mantiply,ARI,LEFT,RP,60.00000000000002,0,69,59,22,19,6,6,61,2,5,2,0,0,2.85,1.083,2,0,0.033,-1.562,-1.579,-0.305,0.294,0.205,-2.948,4.817,7.920686222329841,,7.920686222329841
318,,,,,,,,,,,,,,,,,,,,,,,,,,,,205,Marco Gonzales,SEA| PIT,LEFT,SP,183.00000000000003,32,32,194,97,84,30,50,103,10,15,0,0,0,4.131,1.333,9,2,0.049,0.323,-0.68,-0.492,-0.9,-1.2,-2.949,4.816,7.919041902997822,,7.919041902997822
319,,,,,,,,,,,,,,,,,,,,,,,,,,,,206,Joe Barlow,TEX,RIGHT,RP,34.99999999999999,0,35,27,18,15,5,13,28,3,1,13,0,0,3.857,1.143,1,1,0.029,-1.327,-2.286,0.722,-0.099,0.036,-2.953,4.811999999999999,7.91246462566975,,7.91246462566975
320,,,,,,,,,,,,,,,,,,,,,,,,,,,,207,Dany Jimenez,SFN| OAK,RIGHT,RP,34.333333333333336,0,34,23,16,13,2,18,34,3,4,11,0,0,3.408,1.194,9,0,0.262,-1.327,-2.158,0.536,0.021,-0.034,-2.962,4.802999999999999,7.897665751681589,,7.897665751681589
321,118,Tyler O'Neill,BAL| SLN| BOS,94,3,RIGHT,383,334,76,56,14,58,38,14,4,0.228,CF| LF,-0.787,-0.497,-0.419,0.7,-0.717,-1.72,3.066,4.786,7.89279598947267,,,,,,,,,,,,,,,,,,,,,,,,,,,,,,,,,,,7.89279598947267
322,119,Wilmer Flores,SFN,151,3,RIGHT,602,525,120,72,19,71,59,0,0,0.229,1B| 3B| DH| 2B,0.127,0.024,0.209,-1.0,-1.088,-1.728,3.058,4.786,7.872201609852389,,,,,,,,,,,,,,,,,,,,,,,,,,,,,,,,,,,7.872201609852389
323,101,Trevor Story,BOS| COL,94,6,RIGHT,396,357,85,53,16,66,32,13,0,0.238,2B,-0.959,-0.288,-0.033,0.578,-0.497,-1.199,3.0490000000000004,4.248,7.849032932779574,,,,,,,,,,,,,,,,,,,,,,,,,,,,,,,,,,,7.849032932779574
324,,,,,,,,,,,,,,,,,,,,,,,,,,,,208,Seth Lugo,KCA| NYN| SDN,RIGHT,RP,65.0,0,62,58,26,26,9,18,69,3,2,3,0,0,3.6,1.169,2,1,0.031,-1.327,-1.408,-0.212,-0.055,-0.001,-3.002,4.763,7.831892978400877,,7.831892978400877
325,,,,,,,,,,,,,,,,,,,,,,,,,,,,209,Roansy Contreras,BAL| COL| PIT| ANA,RIGHT,SP| RP,95.0,18,21,82,45,40,13,39,86,5,5,0,0,0,3.789,1.274,7,3,0.074,-0.855,-1.044,-0.492,-0.219,-0.397,-3.006,4.759,7.825315701072807,,7.825315701072807
326,,,,,,,,,,,,,,,,,,,,,,,,,,,,210,Dylan Floro,LAN| MIA| MIN| ARI| WAS,RIGHT,RP,53.66666666666666,0,56,48,23,18,4,15,48,1,3,10,0,0,3.019,1.174,1,0,0.019,-1.798,-1.858,0.442,0.193,-0.011,-3.031,4.734,7.784207717772361,,7.784207717772361
327,,,,,,,,,,,,,,,,,,,,,,,,,,,,211,Corey Knebel,MIL| LAN| PHI,RIGHT,RP,44.66666666666666,0,46,33,22,17,4,28,41,3,5,12,0,0,3.425,1.366,4,2,0.09,-1.327,-2.008,0.629,0.022,-0.35,-3.034,4.731,7.779274759776307,,7.779274759776307
328,,,,,,,,,,,,,,,,,,,,,,,,,,,,212,John Brebbia,ATL| DET| SFN| CHA,RIGHT,SP| RP,68.0,11,76,71,27,24,5,18,54,6,2,0,0,0,3.176,1.309,4,4,0.059,-0.62,-1.729,-0.492,0.163,-0.379,-3.057,4.708,7.741455415139898,,7.741455415139898
329,,,,,,,,,,,,,,,,,,,,,,,,,,,,213,Lance McCullers,HOU,RIGHT,SP,47.66666666666667,8,8,37,12,12,4,22,50,4,2,0,0,0,2.266,1.238,2,2,0.042,-1.091,-1.815,-0.492,0.447,-0.131,-3.082,4.683,7.700347431839452,,7.700347431839452
330,,,,,,,,,,,,,,,,,,,,,,,,,,,,214,Kyle Gibson,BAL| TEX| PHI| SLN,RIGHT,SP,167.66666666666666,31,31,176,98,94,24,48,144,10,8,0,0,0,5.046,1.336,3,3,0.018,0.323,0.199,-0.492,-2.0,-1.117,-3.087,4.677999999999999,7.692125835179361,,7.692125835179361
331,,,,,,,,,,,,,,,,,,,,,,,,,,,,215,Michael Fulmer,BOS| CHN| DET| MIN,RIGHT,RP,63.66666666666666,0,67,59,27,24,4,28,61,5,6,3,0,0,3.393,1.367,6,1,0.094,-0.855,-1.579,-0.212,0.047,-0.502,-3.101,4.664,7.669105364531113,,7.669105364531113
332,,,,,,,,,,,,,,,,,,,,,,,,,,,,216,Braxton Garrett,MIA,LEFT,SP,88.0,17,17,86,38,35,9,24,90,3,7,0,0,0,3.579,1.25,10,3,0.114,-1.327,-0.958,-0.492,-0.061,-0.284,-3.122,4.643,7.634574658558739,,7.634574658558739
333,,,,,,,,,,,,,,,,,,,,,,,,,,,,217,Carlos Estevez,KCA| COL| ANA| PHI,RIGHT,RP,57.0,0,62,44,27,22,7,23,54,4,4,2,0,0,3.474,1.175,0,0,0.0,-1.091,-1.729,-0.305,0.007,-0.015,-3.133,4.632,7.616487145906543,,7.616487145906543
334,,,,,,,,,,,,,,,,,,,,,,,,,,,,218,Matt Wisler,MIN| SFN| TBA,RIGHT,SP| RP,44.0,5,39,30,18,11,6,14,35,3,3,1,0,0,2.25,1.0,3,0,0.068,-1.327,-2.136,-0.399,0.418,0.297,-3.147,4.618,7.593466675258294,,7.593466675258294
335,,,,,,,,,,,,,,,,,,,,,,,,,,,,219,Lucas Luetge,NYA| ATL,LEFT,RP,57.33333333333333,0,50,63,19,17,4,17,60,4,4,2,0,0,2.669,1.395,0,0,0.0,-1.091,-1.601,-0.305,0.36,-0.518,-3.154,4.611,7.581956439934169,,7.581956439934169
336,120,DJ LeMahieu,NYA,125,1,RIGHT,541,467,122,74,12,46,67,4,3,0.261,2B| 3B| 1B,0.242,-0.705,-0.999,-0.514,0.121,-1.856,2.93,4.786,7.542691535927894,,,,,,,,,,,,,,,,,,,,,,,,,,,,,,,,,,,7.542691535927894
337,,,,,,,,,,,,,,,,,,,,,,,,,,,,220,Kendall Graveman,ARI| SEA| HOU| CHA,RIGHT,RP,65.0,0,65,65,29,23,5,26,66,3,4,6,0,0,3.185,1.4,5,0,0.077,-1.327,-1.472,0.069,0.152,-0.599,-3.178,4.587,7.542492775965741,,7.542492775965741
338,121,Austin Hays,CIN| BAL| PHI,143,4,RIGHT,582,535,134,66,16,60,34,2,4,0.25,LF| RF,-0.216,-0.288,-0.323,-0.757,-0.273,-1.857,2.9289999999999994,4.786,7.540117238475357,,,,,,,,,,,,,,,,,,,,,,,,,,,,,,,,,,,7.540117238475357
339,,,,,,,,,,,,,,,,,,,,,,,,,,,,221,Brusdar Graterol,LAN,RIGHT,RP,49.66666666666667,1,46,39,20,18,3,10,43,2,4,4,0,0,3.262,0.987,1,0,0.02,-1.562,-1.965,-0.118,0.086,0.361,-3.198,4.567,7.509606389325385,,7.509606389325385
340,,,,,,,,,,,,,,,,,,,,,,,,,,,,222,Matt Strahm,PHI| SDN| BOS,LEFT,RP,44.66666666666667,0,50,38,24,19,5,17,52,4,4,4,0,0,3.828,1.231,3,0,0.067,-1.091,-1.772,-0.118,-0.116,-0.111,-3.209,4.555999999999999,7.4915188766731875,,7.4915188766731875
341,,,,,,,,,,,,,,,,,,,,,,,,,,,,223,Mitch Keller,PIT,RIGHT,SP,159.0,29,31,162,77,69,14,60,138,5,12,0,0,0,3.906,1.396,17,3,0.107,-0.855,0.07,-0.492,-0.508,-1.441,-3.226,4.539,7.463565448028885,,7.463565448028885
342,105,Brendan Rodgers,HOU| COL,136,5,RIGHT,581,527,140,72,13,63,46,0,0,0.266,2B,0.127,-0.601,-0.178,-1.0,0.302,-1.349,2.899,4.248,7.462888314899305,,,,,,,,,,,,,,,,,,,,,,,,,,,,,,,,,,,7.462888314899305
343,,,,,,,,,,,,,,,,,,,,,,,,,,,,224,Andre Pallante,SLN,RIGHT,SP| RP,108.0,10,47,113,39,38,9,40,73,6,5,0,0,0,3.167,1.417,5,2,0.046,-0.62,-1.322,-0.492,0.267,-1.067,-3.234,4.531,7.450410893372743,,7.450410893372743
344,87,Ryan McMahon,COL| NYA,143,5,LEFT,597,529,130,66,20,67,60,7,3,0.246,3B,-0.216,0.128,0.016,-0.15,-0.448,-0.67,2.891,3.561,7.442293935279024,,,,,,,,,,,,,,,,,,,,,,,,,,,,,,,,,,,7.442293935279024
345,,,,,,,,,,,,,,,,,,,,,,,,,,,,225,Zach Jackson,OAK,RIGHT,RP,48.0,0,54,28,18,16,1,33,67,2,3,3,0,0,3.0,1.271,3,1,0.062,-1.562,-1.451,-0.212,0.18,-0.195,-3.24,4.525,7.440544977380636,,7.440544977380636
346,,,,,,,,,,,,,,,,,,,,,,,,,,,,226,Aaron Civale,CHA| CHN| MIL| CLE| TBA,RIGHT,SP,97.0,20,20,93,58,53,14,22,98,5,6,0,0,0,4.918,1.186,8,1,0.082,-0.855,-0.787,-0.492,-1.062,-0.064,-3.26,4.505,7.40765859074028,,7.40765859074028
347,,,,,,,,,,,,,,,,,,,,,,,,,,,,227,Mark Leiter,NYA| CHN,RIGHT,SP| RP,67.66666666666667,4,35,52,32,30,10,25,73,2,7,3,0,0,3.99,1.138,6,2,0.089,-1.562,-1.322,-0.212,-0.26,0.084,-3.272,4.493,7.387926758756067,,7.387926758756067
348,,,,,,,,,,,,,,,,,,,,,,,,,,,,228,Ron Marinaccio,SDN| NYA,RIGHT,RP,44.00000000000001,0,40,22,12,10,2,24,56,1,0,0,0,0,2.046,1.046,4,1,0.091,-1.798,-1.686,-0.492,0.487,0.217,-3.273,4.491999999999999,7.386282439424047,,7.386282439424047
349,,,,,,,,,,,,,,,,,,,,,,,,,,,,229,Jose Leclerc,ATH| TEX,RIGHT,RP,47.66666666666666,0,39,33,17,15,5,21,54,0,3,7,0,0,2.832,1.133,4,0,0.084,-2.033,-1.729,0.162,0.24,0.069,-3.292,4.473,7.35504037211571,,7.35504037211571
350,,,,,,,,,,,,,,,,,,,,,,,,,,,,230,Brent Suter,CIN| MIL| COL,LEFT,RP,66.66666666666667,0,54,58,32,28,9,22,53,5,3,0,0,0,3.78,1.2,3,2,0.045,-0.855,-1.751,-0.492,-0.149,-0.082,-3.329,4.436,7.294200556831051,,7.294200556831051
351,,,,,,,,,,,,,,,,,,,,,,,,,,,,233,Josiah Gray,LAN| WAS,RIGHT,SP,148.66666666666666,28,28,136,84,83,38,66,154,7,10,0,0,0,5.025,1.359,11,4,0.074,-0.384,0.413,-0.492,-1.749,-1.125,-3.337,4.427999999999999,7.281046002174906,,7.281046002174906
352,,,,,,,,,,,,,,,,,,,,,,,,,,,,232,Daniel Hudson,WAS| SDN| LAN,RIGHT,RP,24.33333333333333,0,25,17,7,6,1,5,30,2,3,5,0,0,2.219,0.904,0,0,0.0,-1.562,-2.243,-0.025,0.237,0.257,-3.337,4.427999999999999,7.281046002174906,,7.281046002174906
353,,,,,,,,,,,,,,,,,,,,,,,,,,,,231,Walker Buehler,BOS| PHI| LAN,RIGHT,SP,65.0,12,12,67,30,29,8,17,58,6,3,0,0,0,4.015,1.292,6,2,0.092,-0.62,-1.644,-0.492,-0.262,-0.32,-3.337,4.427999999999999,7.281046002174906,,7.281046002174906
354,122,Lane Thomas,CLE| SLN| WAS,138,1,RIGHT,548,498,120,62,17,52,41,8,4,0.241,RF| LF| CF,-0.444,-0.184,-0.709,-0.029,-0.592,-1.958,2.8279999999999994,4.786,7.28011319576931,,,,,,,,,,,,,,,,,,,,,,,,,,,,,,,,,,,7.28011319576931
355,,,,,,,,,,,,,,,,,,,,,,,,,,,,234,Aroldis Chapman,BOS| NYA| KCA| TEX| PIT,LEFT,RP,36.333333333333336,0,43,24,18,18,4,28,43,4,4,9,0,0,4.459,1.431,2,3,0.055,-1.091,-1.965,0.349,-0.27,-0.38,-3.357,4.408,7.248159615534551,,7.248159615534551
356,,,,,,,,,,,,,,,,,,,,,,,,,,,,235,Hayden Wesneski,HOU| CHN,RIGHT,SP,33.0,4,6,24,9,8,3,7,33,3,2,0,0,0,2.182,0.939,3,2,0.091,-1.327,-2.179,-0.492,0.33,0.302,-3.365,4.4,7.235005060878408,,7.235005060878408
357,,,,,,,,,,,,,,,,,,,,,,,,,,,,236,Wil Crowe,WAS| PIT,RIGHT,RP,76.0,1,60,68,40,37,8,38,68,6,10,4,0,0,4.382,1.395,0,0,0.0,-0.62,-1.429,-0.118,-0.52,-0.684,-3.371,4.394,7.2251391448863025,,7.2251391448863025
358,90,Yandy Diaz,TBA,135,1,RIGHT,558,473,140,71,9,57,78,3,3,0.296,3B,0.07,-1.017,-0.468,-0.636,1.295,-0.756,2.805,3.561,7.220904354361004,,,,,,,,,,,,,,,,,,,,,,,,,,,,,,,,,,,7.220904354361004
359,,,,,,,,,,,,,,,,,,,,,,,,,,,,237,Jake Woodford,ARI| SLN| CHA| PIT,RIGHT,RP,48.33333333333333,1,27,43,13,12,1,11,24,4,0,0,0,0,2.235,1.117,1,0,0.021,-1.091,-2.372,-0.492,0.465,0.1,-3.391,4.374,7.192252758245945,,7.192252758245945
360,,,,,,,,,,,,,,,,,,,,,,,,,,,,238,Tanner Rainey,DET| PIT| WAS,RIGHT,RP,30.0,0,29,26,16,11,5,13,36,1,3,12,0,0,3.3,1.3,3,0,0.1,-1.798,-2.115,0.629,0.043,-0.157,-3.397,4.368,7.182386842253839,,7.182386842253839
361,,,,,,,,,,,,,,,,,,,,,,,,,,,,239,Jose Berrios,TOR| MIN,RIGHT,SP,172.00000000000003,32,32,199,103,100,29,45,149,12,7,0,0,0,5.233,1.419,6,5,0.035,0.794,0.306,-0.492,-2.297,-1.713,-3.402,4.363,7.174165245593749,,7.174165245593749
362,,,,,,,,,,,,,,,,,,,,,,,,,,,,240,Zach Eflin,BAL| PHI| TBA,RIGHT,SP| RP,75.66666666666667,13,20,70,38,34,8,15,65,3,5,1,0,0,4.044,1.123,2,0,0.026,-1.327,-1.494,-0.399,-0.322,0.138,-3.403,4.362,7.172520926261732,,7.172520926261732
363,,,,,,,,,,,,,,,,,,,,,,,,,,,,241,Yency Almonte,COL| LAN| CHN,RIGHT,RP,35.33333333333333,0,33,18,4,4,2,10,33,0,0,1,0,0,1.019,0.792,2,0,0.057,-2.033,-2.179,-0.399,0.669,0.531,-3.412,4.353,7.157722052273571,,7.157722052273571
364,112,Jon Berti,CHN| MIA| NYA,98,1,RIGHT,404,358,86,46,4,28,42,39,5,0.24,2B| 3B,-1.359,-1.538,-1.868,3.734,-0.444,-1.475,2.773,4.248,7.138526835879881,,,,,,,,,,,,,,,,,,,,,,,,,,,,,,,,,,,7.138526835879881
365,,,,,,,,,,,,,,,,,,,,,,,,,,,,242,Jesse Chavez,ATL| TEX| ANA| CHN,RIGHT,RP,69.33333333333333,1,60,71,34,29,8,20,74,4,3,0,0,0,3.764,1.312,3,1,0.043,-1.091,-1.301,-0.492,-0.146,-0.397,-3.427,4.337999999999999,7.133057262293303,,7.133057262293303
366,,,,,,,,,,,,,,,,,,,,,,,,,,,,243,JP Sears,ATH| SDN| NYA| OAK,LEFT,SP| RP,70.0,11,17,67,31,30,8,23,51,6,3,0,0,0,3.857,1.286,5,3,0.071,-0.62,-1.794,-0.492,-0.197,-0.326,-3.429,4.336,7.1297686236292686,,7.1297686236292686
367,,,,,,,,,,,,,,,,,,,,,,,,,,,,244,Johan Oviedo,PIT| SLN,RIGHT,SP| RP,56.0,8,21,49,21,20,5,23,54,4,3,0,0,0,3.214,1.286,5,1,0.089,-1.091,-1.729,-0.492,0.118,-0.261,-3.455,4.31,7.0870163209968045,,7.0870163209968045
368,,,,,,,,,,,,,,,,,,,,,,,,,,,,245,Bailey Ober,MIN,RIGHT,SP,56.00000000000001,11,11,48,22,20,4,11,51,2,3,0,0,0,3.214,1.054,1,0,0.018,-1.562,-1.794,-0.492,0.118,0.258,-3.472,4.292999999999999,7.059062892352501,,7.059062892352501
369,,,,,,,,,,,,,,,,,,,,,,,,,,,,247,Drew Smith,NYN,RIGHT,RP,46.00000000000001,0,44,38,17,17,9,15,53,3,3,0,0,0,3.326,1.152,0,1,0.0,-1.327,-1.751,-0.492,0.057,0.031,-3.481,4.284,7.044264018364341,,7.044264018364341
370,,,,,,,,,,,,,,,,,,,,,,,,,,,,246,Brad Hand,CLE| NYN| TOR| WAS| PHI| ATL| COL,LEFT,RP,45.00000000000001,0,55,37,18,14,2,23,38,3,2,5,0,0,2.8,1.333,3,0,0.067,-1.327,-2.072,-0.025,0.238,-0.295,-3.481,4.284,7.044264018364341,,7.044264018364341
371,,,,,,,,,,,,,,,,,,,,,,,,,,,,248,Hoby Milner,TEX| ANA| MIL,LEFT,RP,64.66666666666669,0,67,61,29,27,5,15,64,3,3,0,0,0,3.758,1.175,1,0,0.015,-1.327,-1.515,-0.492,-0.133,-0.016,-3.483,4.282,7.040975379700306,,7.040975379700306
372,,,,,,,,,,,,,,,,,,,,,,,,,,,,249,Jakob Junis,CLE| KCA| SFN| CIN| MIL,RIGHT,SP| RP,112.0,17,23,120,57,55,13,25,98,5,7,0,0,0,4.42,1.295,11,1,0.098,-0.855,-0.787,-0.492,-0.799,-0.561,-3.494,4.270999999999999,7.022887867048109,,7.022887867048109
373,,,,,,,,,,,,,,,,,,,,,,,,,,,,250,Joey Krehbiel,BAL| TBA,RIGHT,RP,57.66666666666668,0,56,53,28,25,9,18,45,5,5,1,0,0,3.902,1.231,2,2,0.035,-0.855,-1.922,-0.399,-0.182,-0.143,-3.501,4.263999999999999,7.011377631723985,,7.011377631723985
374,,,,,,,,,,,,,,,,,,,,,,,,,,,,251,Mark Melancon,ATL| SDN| ARI,RIGHT,RP,56.0,0,62,63,37,29,5,21,35,3,10,18,0,0,4.661,1.5,3,1,0.054,-1.327,-2.136,1.19,-0.503,-0.739,-3.515,4.25,6.988357161075736,,6.988357161075736
375,137,Oneil Cruz,PIT,87,1,LEFT,361,331,77,45,17,54,28,10,4,0.233,SS,-1.416,-0.184,-0.612,0.214,-0.59,-2.589,2.7,5.289,6.950603121844816,,,,,,,,,,,,,,,,,,,,,,,,,,,,,,,,,,,6.950603121844816
376,,,,,,,,,,,,,,,,,,,,,,,,,,,,252,German Marquez,COL,RIGHT,SP,181.66666666666669,31,31,185,109,100,30,63,150,9,13,0,0,0,4.954,1.365,10,2,0.055,0.087,0.327,-0.492,-2.039,-1.421,-3.538,4.227,6.950537816439327,,6.950537816439327
377,,,,,,,,,,,,,,,,,,,,,,,,,,,,253,Kyle Freeland,COL,LEFT,SP,174.66666666666663,31,31,193,96,88,19,53,131,9,11,0,0,0,4.534,1.408,15,6,0.086,0.087,-0.08,-0.492,-1.399,-1.668,-3.551,4.214,6.929161665123093,,6.929161665123093
378,,,,,,,,,,,,,,,,,,,,,,,,,,,,254,Glenn Otto,TEX,RIGHT,SP,135.66666666666669,27,27,119,74,70,21,62,107,7,10,0,0,0,4.644,1.334,16,2,0.118,-0.384,-0.594,-0.492,-1.2,-0.894,-3.564,4.201,6.907785513806863,,6.907785513806863
379,,,,,,,,,,,,,,,,,,,,,,,,,,,,255,Jake Odorizzi,MIN| HOU| ATL,RIGHT,SP,106.33333333333336,22,22,106,58,52,14,35,86,6,6,0,0,0,4.401,1.326,5,4,0.047,-0.62,-1.044,-0.492,-0.743,-0.666,-3.565,4.199999999999999,6.906141194474844,,6.906141194474844
380,,,,,,,,,,,,,,,,,,,,,,,,,,,,256,Matt Festa,CLE| SEA| NYN| TEX,RIGHT,RP,54.0,0,53,43,26,25,10,18,64,2,0,2,0,0,4.167,1.13,5,1,0.093,-1.562,-1.515,-0.305,-0.28,0.085,-3.578,4.186999999999999,6.8847650431586125,,6.8847650431586125
381,,,,,,,,,,,,,,,,,,,,,,,,,,,,257,Jovani Moran,BOS| MIN,LEFT,RP,40.66666666666667,0,31,25,11,10,0,18,54,0,1,1,0,0,2.213,1.057,5,0,0.123,-2.033,-1.729,-0.399,0.397,0.181,-3.583,4.182,6.876543446498523,,6.876543446498523
382,,,,,,,,,,,,,,,,,,,,,,,,,,,,258,Dylan Bundy,ANA| MIN,RIGHT,SP,140.0,29,29,151,79,76,24,28,94,8,8,0,0,0,4.886,1.279,9,1,0.064,-0.148,-0.872,-0.492,-1.498,-0.612,-3.623,4.142,6.81077067321781,,6.81077067321781
383,,,,,,,,,,,,,,,,,,,,,,,,,,,,259,Andrew Kittredge,BAL| CHN| TBA| SLN,RIGHT,RP,20.0,0,17,15,7,7,4,2,14,3,1,5,0,0,3.15,0.85,0,0,0.0,-1.327,-2.586,-0.025,0.052,0.254,-3.631,4.134,6.7976161185616695,,6.7976161185616695
384,,,,,,,,,,,,,,,,,,,,,,,,,,,,260,Taylor Clarke,KCA| ARI,RIGHT,RP,48.99999999999999,0,47,50,25,22,6,8,48,3,1,3,0,0,4.041,1.184,1,0,0.02,-1.327,-1.858,-0.212,-0.207,-0.029,-3.632,4.132999999999999,6.795971799229649,,6.795971799229649
385,,,,,,,,,,,,,,,,,,,,,,,,,,,,261,David Price,LAN,LEFT,RP,40.33333333333333,0,40,38,11,11,6,9,37,2,0,2,0,0,2.454,1.165,2,0,0.05,-1.562,-2.094,-0.305,0.32,0.006,-3.635,4.13,6.791038841233597,,6.791038841233597
386,169,Christian Vazquez,MIN| BOS| HOU,116,8,RIGHT,426,398,109,41,9,52,22,1,4,0.274,CC,-1.645,-1.017,-0.709,-0.879,0.462,-3.788,2.6380000000000003,6.426,6.790996679787641,,,,,,,,,,,,,,,,,,,,,,,,,,,,,,,,,,,6.790996679787641
387,,,,,,,,,,,,,,,,,,,,,,,,,,,,262,Tanner Banks,PHI| CHA,LEFT,RP,53.0,0,35,42,25,18,5,18,49,2,0,0,0,0,3.057,1.132,0,3,0.0,-1.562,-1.836,-0.492,0.176,0.078,-3.637,4.128,6.787750202569562,,6.787750202569562
388,,,,,,,,,,,,,,,,,,,,,,,,,,,,263,Hunter Harvey,KCA| BAL| WAS,RIGHT,RP,39.33333333333333,0,38,33,12,11,1,12,45,2,1,0,0,0,2.517,1.144,5,0,0.127,-1.562,-1.922,-0.492,0.293,0.039,-3.644,4.121,6.776239967245436,,6.776239967245436
389,,,,,,,,,,,,,,,,,,,,,,,,,,,,264,Devin Smeltzer,MIN| MIA,LEFT,SP| RP,70.33333333333334,12,15,67,30,29,13,19,40,5,2,0,0,0,3.711,1.223,0,2,0.0,-0.855,-2.029,-0.492,-0.12,-0.151,-3.647,4.118,6.771307009249385,,6.771307009249385
390,,,,,,,,,,,,,,,,,,,,,,,,,,,,265,Eduardo Rodriguez,ARI| BOS| DET,LEFT,SP,91.0,17,17,87,49,41,12,34,72,5,5,0,0,0,4.055,1.33,4,0,0.044,-0.855,-1.344,-0.492,-0.395,-0.583,-3.669,4.096,6.735131983944992,,6.735131983944992
391,124,Seiya Suzuki,CHN,110,4,RIGHT,446,397,104,54,14,46,42,9,5,0.262,RF,-0.902,-0.497,-0.999,0.093,0.123,-2.181,2.6049999999999995,4.786,6.70604486385398,,,,,,,,,,,,,,,,,,,,,,,,,,,,,,,,,,,6.70604486385398
392,,,,,,,,,,,,,,,,,,,,,,,,,,,,266,Andrew Wantz,ANA,RIGHT,RP,50.33333333333333,1,42,37,19,18,8,21,52,2,1,0,0,0,3.219,1.152,2,2,0.04,-1.562,-1.772,-0.492,0.104,0.033,-3.689,4.076,6.702245597304635,,6.702245597304635
393,,,,,,,,,,,,,,,,,,,,,,,,,,,,267,Ryan Thompson,ARI| TBA,RIGHT,RP,42.66666666666665,0,47,39,24,18,4,11,39,3,3,3,0,0,3.797,1.172,4,0,0.094,-1.327,-2.051,-0.212,-0.101,-0.005,-3.694,4.071,6.6940240006445455,,6.6940240006445455
394,,,,,,,,,,,,,,,,,,,,,,,,,,,,268,Zach Pop,NYN| SEA| MIA| TOR,RIGHT,RP,39.0,0,35,41,13,12,2,4,25,4,0,0,0,0,2.769,1.154,1,1,0.026,-1.091,-2.351,-0.492,0.215,0.024,-3.695,4.07,6.692379681312529,,6.692379681312529
395,140,Bryson Stott,PHI,125,8,LEFT,466,427,100,58,10,49,36,12,4,0.234,SS| 2B,-0.673,-0.913,-0.854,0.457,-0.714,-2.697,2.592,5.289,6.672578996971024,,,,,,,,,,,,,,,,,,,,,,,,,,,,,,,,,,,6.672578996971024
396,,,,,,,,,,,,,,,,,,,,,,,,,,,,269,Trevor Gott,SFN| MIL| NYN| SEA,RIGHT,RP,45.66666666666667,0,45,35,25,21,8,12,44,3,4,0,0,0,4.139,1.029,5,1,0.109,-1.327,-1.944,-0.492,-0.227,0.255,-3.735,4.029999999999999,6.626606908031815,,6.626606908031815
397,,,,,,,,,,,,,,,,,,,,,,,,,,,,270,Seth Martinez,MIA| HOU,RIGHT,RP,38.66666666666667,0,29,26,10,9,3,14,38,1,1,0,0,0,2.095,1.034,2,1,0.052,-1.798,-2.072,-0.492,0.413,0.207,-3.741,4.023999999999999,6.616740992039707,,6.616740992039707
398,,,,,,,,,,,,,,,,,,,,,,,,,,,,271,Domingo German,NYA| PIT,RIGHT,SP,72.33333333333333,14,15,65,31,29,11,19,58,2,5,0,0,0,3.608,1.161,1,0,0.014,-1.562,-1.644,-0.492,-0.066,0.022,-3.742,4.023,6.61509667270769,,6.61509667270769
399,,,,,,,,,,,,,,,,,,,,,,,,,,,,272,Connor Brogdon,ANA| PHI| LAN,RIGHT,RP,44.0,0,47,44,16,16,6,11,50,2,2,2,0,0,3.273,1.25,2,1,0.045,-1.562,-1.815,-0.305,0.073,-0.142,-3.752,4.013,6.5986534793875125,,6.5986534793875125
400,,,,,,,,,,,,,,,,,,,,,,,,,,,,273,Drey Jameson,ARI,RIGHT,SP,24.33333333333333,4,4,20,4,4,2,7,24,3,0,0,0,0,1.48,1.11,2,0,0.082,-1.327,-2.372,-0.492,0.375,0.058,-3.758,4.007,6.588787563395405,,6.588787563395405
401,,,,,,,,,,,,,,,,,,,,,,,,,,,,274,Tyler Matzek,NYA| ATL,LEFT,RP,43.66666666666666,0,42,26,21,17,3,29,36,4,2,1,0,0,3.504,1.26,3,1,0.069,-1.091,-2.115,-0.399,-0.005,-0.158,-3.767,3.998,6.573988689407245,,6.573988689407245
402,,,,,,,,,,,,,,,,,,,,,,,,,,,,275,Rony Garcia,DET,RIGHT,SP| RP,51.0,8,16,40,27,25,9,13,48,3,3,0,0,0,4.412,1.039,3,1,0.059,-1.327,-1.858,-0.492,-0.361,0.264,-3.773,3.992,6.5641227734151375,,6.5641227734151375
403,,,,,,,,,,,,,,,,,,,,,,,,,,,,276,Kyle Nelson,ARI| CLE,LEFT,RP,37.0,1,43,26,10,9,1,14,30,2,1,0,0,0,2.189,1.081,1,1,0.027,-1.562,-2.243,-0.492,0.368,0.13,-3.799,3.966,6.521370470782674,,6.521370470782674
404,,,,,,,,,,,,,,,,,,,,,,,,,,,,277,Ian Anderson,ANA| ATL,RIGHT,SP,111.66666666666666,22,22,115,63,62,12,54,97,10,6,0,0,0,4.997,1.513,4,3,0.036,0.323,-0.808,-0.492,-1.29,-1.534,-3.802,3.963,6.516437512786621,,6.516437512786621
405,,,,,,,,,,,,,,,,,,,,,,,,,,,,278,Jharel Cotton,TEX| MIN| SFN,RIGHT,RP,42.99999999999999,0,30,34,20,17,7,20,39,4,2,0,0,0,3.558,1.256,5,1,0.116,-1.091,-2.051,-0.492,-0.023,-0.149,-3.805,3.96,6.511504554790568,,6.511504554790568
406,,,,,,,,,,,,,,,,,,,,,,,,,,,,279,Colin Holderman,PIT| NYN,RIGHT,RP,28.33333333333334,0,24,20,14,12,0,14,24,5,0,0,0,0,3.812,1.2,0,0,0.0,-0.855,-2.372,-0.492,-0.07,-0.035,-3.824,3.941,6.480262487482229,,6.480262487482229
407,,,,,,,,,,,,,,,,,,,,,,,,,,,,280,James Kaprielian,OAK,RIGHT,SP,134.0,26,26,121,68,63,16,59,98,5,9,0,0,0,4.231,1.343,5,3,0.037,-0.855,-0.787,-0.492,-0.762,-0.932,-3.828,3.937,6.473685210154158,,6.473685210154158
408,,,,,,,,,,,,,,,,,,,,,,,,,,,,281,Rowan Wick,CHN,RIGHT,RP,64.0,0,64,79,37,30,9,29,69,4,7,9,0,0,4.219,1.688,5,1,0.078,-1.091,-1.408,0.349,-0.358,-1.324,-3.832,3.933,6.467107932826087,,6.467107932826087
409,,,,,,,,,,,,,,,,,,,,,,,,,,,,282,Adrian Morejon,SDN,LEFT,RP,34.0,0,26,31,18,16,4,9,28,5,1,0,0,0,4.235,1.177,2,0,0.059,-0.855,-2.286,-0.492,-0.194,-0.01,-3.838,3.927,6.45724201683398,,6.45724201683398
410,171,Jonah Heim,TEX| OAK,124,5,SWITCH,450,406,92,51,16,48,41,2,0,0.227,CC,-1.073,-0.288,-0.902,-0.757,-0.898,-3.919,2.507,6.426,6.45376371350554,,,,,,,,,,,,,,,,,,,,,,,,,,,,,,,,,,,6.45376371350554
411,,,,,,,,,,,,,,,,,,,,,,,,,,,,283,Zack Thompson,SLN,LEFT,RP,34.666666666666664,1,22,20,9,8,3,14,27,1,1,1,0,0,2.077,0.981,1,0,0.029,-1.798,-2.308,-0.399,0.375,0.26,-3.869,3.896,6.406268117541426,,6.406268117541426
412,,,,,,,,,,,,,,,,,,,,,,,,,,,,284,Steven Matz,BOS| SLN| NYN| TOR,LEFT,SP| RP,48.00000000000001,10,15,50,28,28,8,10,54,5,3,0,0,0,5.25,1.25,0,0,0.0,-0.855,-1.729,-0.492,-0.648,-0.155,-3.879,3.886,6.389824924221249,,6.389824924221249
413,,,,,,,,,,,,,,,,,,,,,,,,,,,,285,Yusei Kikuchi,ANA| SEA| TOR| HOU,LEFT,SP| RP,100.66666666666666,20,32,93,67,58,23,58,124,6,7,1,0,0,5.185,1.5,1,3,0.01,-0.62,-0.23,-0.399,-1.308,-1.329,-3.885,3.88,6.379959008229142,,6.379959008229142
414,,,,,,,,,,,,,,,,,,,,,,,,,,,,286,Austin Voth,WAS| BAL| SEA,RIGHT,SP| RP,101.66666666666669,17,41,111,52,49,14,31,90,5,4,0,0,0,4.338,1.397,1,1,0.01,-0.855,-0.958,-0.492,-0.661,-0.924,-3.89,3.875,6.371737411569052,,6.371737411569052
415,,,,,,,,,,,,,,,,,,,,,,,,,,,,287,Peter Strzelecki,MIL| ARI| CLE,RIGHT,RP,35.0,0,30,28,13,11,2,15,40,2,1,1,0,0,2.829,1.229,2,0,0.057,-1.562,-2.029,-0.399,0.177,-0.083,-3.896,3.869,6.361871495576946,,6.361871495576946
416,,,,,,,,,,,,,,,,,,,,,,,,,,,,288,Matt Manning,DET,RIGHT,SP,63.00000000000001,12,12,55,27,24,6,19,48,2,3,0,0,0,3.429,1.175,2,2,0.032,-1.562,-1.858,-0.492,0.029,-0.014,-3.897,3.868,6.360227176244928,,6.360227176244928
417,,,,,,,,,,,,,,,,,,,,,,,,,,,,289,Phil Bickford,MIL| LAN| NYN| NYA,RIGHT,RP,61.00000000000001,0,60,53,33,32,12,14,67,2,1,0,0,0,4.721,1.098,7,2,0.115,-1.562,-1.451,-0.492,-0.576,0.172,-3.909,3.856,6.340495344260715,,6.340495344260715
418,,,,,,,,,,,,,,,,,,,,,,,,,,,,290,Lou Trivino,LAN| PHI| SFN| OAK| NYA,RIGHT,RP,53.66666666666667,0,64,64,31,27,6,24,67,2,8,11,0,0,4.528,1.64,0,1,0.0,-1.562,-1.451,0.536,-0.427,-1.008,-3.912,3.853,6.335562386264661,,6.335562386264661
419,,,,,,,,,,,,,,,,,,,,,,,,,,,,291,Nick Vespi,BAL,LEFT,RP,26.333333333333336,0,25,29,12,12,5,8,28,5,0,1,0,0,4.101,1.405,3,0,0.114,-0.855,-2.286,-0.399,-0.124,-0.248,-3.912,3.853,6.335562386264661,,6.335562386264661
420,,,,,,,,,,,,,,,,,,,,,,,,,,,,292,Caleb Ferguson,PIT| SEA| LAN| HOU| NYA,LEFT,RP,34.666666666666664,1,37,23,9,7,1,17,37,1,0,0,0,0,1.817,1.154,1,1,0.029,-1.798,-2.094,-0.492,0.444,0.021,-3.918,3.847,6.325696470272554,,6.325696470272554
421,,,,,,,,,,,,,,,,,,,,,,,,,,,,293,Will Vest,DET| SEA,RIGHT,RP,62.99999999999999,2,59,62,30,28,6,22,63,3,3,1,0,0,4.0,1.333,1,4,0.016,-1.327,-1.537,-0.399,-0.247,-0.413,-3.921,3.844,6.320763512276501,,6.320763512276501
422,,,,,,,,,,,,,,,,,,,,,,,,,,,,294,Sam Moll,CIN| OAK,LEFT,RP,43.333333333333336,0,53,33,16,14,5,22,46,2,1,0,0,0,2.908,1.269,2,2,0.046,-1.562,-1.901,-0.492,0.193,-0.173,-3.935,3.83,6.297743041628251,,6.297743041628251
423,98,Gio Urshela,ATH| NYA| MIN| ANA| ATL| DET,140,6,RIGHT,551,501,143,61,13,64,41,1,0,0.285,3B,-0.502,-0.601,-0.129,-0.879,0.994,-1.116,2.445,3.561,6.294157271448362,,,,,,,,,,,,,,,,,,,,,,,,,,,,,,,,,,,6.294157271448362
424,126,Gavin Lux,CIN| LAN,128,9,LEFT,471,421,116,66,6,42,47,7,2,0.276,LF| 2B,-0.216,-1.33,-1.192,-0.15,0.538,-2.349,2.4369999999999994,4.786,6.27356289182808,,,,,,,,,,,,,,,,,,,,,,,,,,,,,,,,,,,6.27356289182808
425,,,,,,,,,,,,,,,,,,,,,,,,,,,,295,Bryce Elder,ATL,RIGHT,SP,53.99999999999999,9,10,44,19,19,4,23,47,2,4,0,0,0,3.167,1.241,6,1,0.111,-1.562,-1.879,-0.492,0.133,-0.155,-3.955,3.81,6.264856654987894,,6.264856654987894
426,127,Mike Yastrzemski,KCA| SFN,148,2,LEFT,558,485,104,73,17,57,61,5,1,0.214,RF| CF,0.184,-0.184,-0.468,-0.393,-1.494,-2.354,2.4319999999999995,4.786,6.260691404565405,,,,,,,,,,,,,,,,,,,,,,,,,,,,,,,,,,,6.260691404565405
427,,,,,,,,,,,,,,,,,,,,,,,,,,,,296,Buck Farmer,DET| CIN,RIGHT,RP,46.99999999999999,0,44,36,21,20,2,25,54,2,2,2,0,0,3.83,1.298,3,3,0.064,-1.562,-1.729,-0.305,-0.123,-0.242,-3.961,3.804,6.254990738995788,,6.254990738995788
428,,,,,,,,,,,,,,,,,,,,,,,,,,,,297,Jackson Stephens,ATL,RIGHT,RP,53.66666666666666,1,39,49,32,22,3,23,47,3,3,2,0,0,3.689,1.342,8,0,0.149,-1.327,-1.879,-0.305,-0.082,-0.37,-3.963,3.802,6.251702100331752,,6.251702100331752
429,,,,,,,,,,,,,,,,,,,,,,,,,,,,298,David Phelps,MIL| PHI| TOR,RIGHT,RP,63.66666666666666,1,65,52,22,20,2,31,64,0,2,1,0,0,2.827,1.304,2,2,0.031,-2.033,-1.515,-0.399,0.323,-0.342,-3.966,3.799,6.246769142335698,,6.246769142335698
430,145,Tim Anderson,ANA| CHA| MIA,79,1,RIGHT,351,332,100,50,6,25,14,13,0,0.301,SS,-1.131,-1.33,-2.013,0.578,1.033,-2.863,2.426,5.289,6.245245619850194,,,,,,,,,,,,,,,,,,,,,,,,,,,,,,,,,,,6.245245619850194
431,,,,,,,,,,,,,,,,,,,,,,,,,,,,299,Hunter Brown,HOU,RIGHT,RP,20.33333333333333,2,7,15,2,2,0,7,22,2,0,0,0,0,0.885,1.082,1,1,0.049,-1.562,-2.415,-0.492,0.406,0.071,-3.993,3.772,6.202372520371218,,6.202372520371218
432,,,,,,,,,,,,,,,,,,,,,,,,,,,,300,Steve Cishek,CHA| ANA| WAS,RIGHT,RP,66.33333333333334,0,69,54,33,31,11,27,74,1,4,1,0,0,4.206,1.221,3,2,0.045,-1.798,-1.301,-0.399,-0.364,-0.138,-4.0,3.765,6.190862285047093,,6.190862285047093
433,,,,,,,,,,,,,,,,,,,,,,,,,,,,301,Tyler Rogers,NYN| SFN,RIGHT,RP,75.66666666666666,0,68,73,34,30,3,23,49,3,4,0,0,0,3.568,1.269,3,0,0.04,-1.327,-1.836,-0.492,-0.046,-0.301,-4.002,3.763,6.187573646383058,,6.187573646383058
434,,,,,,,,,,,,,,,,,,,,,,,,,,,,302,Miguel Castro,CHA| BAL| NYN| NYA| ARI,RIGHT,RP,29.0,0,34,27,16,13,2,15,31,5,0,0,0,0,4.035,1.448,3,2,0.103,-0.855,-2.222,-0.492,-0.121,-0.323,-4.014,3.751,6.167841814398843,,6.167841814398843
435,130,Jose Miranda,MIN,123,4,RIGHT,483,444,119,45,15,66,28,1,1,0.268,DH| 1B| 3B,-1.416,-0.392,-0.033,-0.879,0.33,-2.391,2.395,4.786,6.165442398821605,,,,,,,,,,,,,,,,,,,,,,,,,,,,,,,,,,,6.165442398821605
436,,,,,,,,,,,,,,,,,,,,,,,,,,,,303,Aaron Ashby,MIL,LEFT,SP| RP,107.33333333333334,19,27,106,62,53,15,47,126,2,10,1,0,0,4.444,1.425,7,0,0.065,-1.562,-0.187,-0.399,-0.785,-1.098,-4.031,3.734,6.13988838575454,,6.13988838575454
437,131,Luke Voit,NYA| SDN| WAS| MIL,135,4,RIGHT,568,500,113,55,22,69,55,1,1,0.226,DH| 1B,-0.845,0.337,0.112,-0.879,-1.128,-2.402,2.3839999999999995,4.786,6.137125126843719,,,,,,,,,,,,,,,,,,,,,,,,,,,,,,,,,,,6.137125126843719
438,,,,,,,,,,,,,,,,,,,,,,,,,,,,304,Zach Davies,SDN| CHN| ARI,RIGHT,SP,134.33333333333334,27,27,122,66,61,21,52,102,2,5,0,0,0,4.087,1.295,7,5,0.052,-1.562,-0.701,-0.492,-0.615,-0.677,-4.047,3.718,6.113579276442255,,6.113579276442255
439,,,,,,,,,,,,,,,,,,,,,,,,,,,,305,Tyler Kinley,ATL| COL,RIGHT,RP,24.000000000000004,0,25,21,5,2,0,6,27,1,1,0,0,0,0.75,1.125,5,0,0.208,-1.798,-2.308,-0.492,0.504,0.042,-4.052,3.713,6.105357679782166,,6.105357679782166
440,,,,,,,,,,,,,,,,,,,,,,,,,,,,306,Zack Greinke,HOU| KCA,RIGHT,SP,137.0,26,26,157,65,56,14,27,73,4,9,0,0,0,3.679,1.343,6,2,0.044,-1.091,-1.322,-0.492,-0.199,-0.951,-4.056,3.709,6.098780402454095,,6.098780402454095
441,,,,,,,,,,,,,,,,,,,,,,,,,,,,307,Michael Rucker,CHN,RIGHT,RP,54.66666666666666,0,41,50,25,24,8,20,50,3,1,0,0,0,3.951,1.28,1,0,0.018,-1.327,-1.815,-0.492,-0.194,-0.243,-4.07,3.695,6.075759931805845,,6.075759931805845
442,,,,,,,,,,,,,,,,,,,,,,,,,,,,308,Beau Brieske,DET,RIGHT,SP,81.66666666666666,15,15,73,39,38,14,25,54,3,6,0,0,0,4.188,1.2,2,2,0.024,-1.327,-1.729,-0.492,-0.437,-0.101,-4.086,3.679,6.04945082249356,,6.04945082249356
443,,,,,,,,,,,,,,,,,,,,,,,,,,,,309,Jarlin Garcia,SFN,LEFT,RP,65.00000000000001,0,58,60,34,27,10,18,56,1,4,1,0,0,3.739,1.2,3,0,0.046,-1.798,-1.686,-0.399,-0.124,-0.08,-4.087,3.678,6.047806503161542,,6.047806503161542
444,,,,,,,,,,,,,,,,,,,,,,,,,,,,310,Jose Quijada,ANA,LEFT,RP,40.66666666666666,0,42,25,19,18,5,21,52,0,5,3,0,0,3.984,1.131,1,1,0.025,-2.033,-1.772,-0.212,-0.154,0.061,-4.11,3.655,6.009987158525131,,6.009987158525131
445,,,,,,,,,,,,,,,,,,,,,,,,,,,,311,Tylor Megill,NYN,RIGHT,SP| RP,47.33333333333334,9,15,46,27,27,7,13,51,4,2,0,0,0,5.134,1.246,2,1,0.042,-1.091,-1.794,-0.492,-0.596,-0.146,-4.119,3.646,5.995188284536972,,5.995188284536972
446,,,,,,,,,,,,,,,,,,,,,,,,,,,,312,Ian Kennedy,KCA| PHI| TEX| ARI,RIGHT,RP,50.33333333333332,0,57,57,33,30,11,22,44,4,7,10,0,0,5.364,1.569,4,1,0.079,-1.091,-1.944,0.442,-0.723,-0.804,-4.12,3.645,5.993543965204954,,5.993543965204954
447,,,,,,,,,,,,,,,,,,,,,,,,,,,,313,Dominic Leone,CLE| SFN| ANA| NYN| SEA| CHA,RIGHT,RP,49.333333333333336,0,55,55,24,22,6,24,52,4,5,3,0,0,4.013,1.601,2,2,0.041,-1.091,-1.772,-0.212,-0.198,-0.851,-4.124,3.641,5.986966687876883,,5.986966687876883
448,,,,,,,,,,,,,,,,,,,,,,,,,,,,314,Anibal Sanchez,WAS,RIGHT,SP,69.33333333333334,14,14,55,34,33,13,33,48,4,6,0,0,0,4.284,1.269,9,0,0.13,-1.091,-1.858,-0.492,-0.422,-0.277,-4.14,3.625,5.960657578564598,,5.960657578564598
449,,,,,,,,,,,,,,,,,,,,,,,,,,,,315,Joel Payamps,ATL| MIL| ARI| KCA| TOR| OAK,RIGHT,RP,55.66666666666666,0,41,60,24,20,7,16,41,3,6,0,0,0,3.233,1.365,3,1,0.054,-1.327,-2.008,-0.492,0.109,-0.436,-4.153,3.612,5.939281427248367,,5.939281427248367
450,,,,,,,,,,,,,,,,,,,,,,,,,,,,316,Joey Wentz,ATL| MIN| PIT| DET,LEFT,SP,32.666666666666664,7,7,23,13,11,2,13,27,2,2,0,0,0,3.031,1.102,0,1,0.0,-1.562,-2.308,-0.492,0.115,0.087,-4.16,3.605,5.927771191924241,,5.927771191924241
451,133,Christopher Morel,TBA| CHN,110,9,RIGHT,425,379,89,55,16,47,38,10,7,0.235,2B| CF,-0.845,-0.288,-0.951,0.214,-0.616,-2.486,2.2999999999999994,4.786,5.920884140830768,,,,,,,,,,,,,,,,,,,,,,,,,,,,,,,,,,,5.920884140830768
452,,,,,,,,,,,,,,,,,,,,,,,,,,,,318,Jonathan Hernandez,TEX| SEA,RIGHT,RP,30.333333333333336,0,29,26,14,10,2,17,27,2,3,4,0,0,2.967,1.418,0,2,0.0,-1.562,-2.308,-0.118,0.121,-0.301,-4.168,3.5969999999999995,5.914616637268098,,5.914616637268098
453,,,,,,,,,,,,,,,,,,,,,,,,,,,,317,Vince Velasquez,PHI| SDN| CHA| PIT,RIGHT,SP| RP,75.33333333333333,9,27,68,42,40,11,25,69,3,3,0,0,0,4.779,1.234,3,1,0.04,-1.327,-1.408,-0.492,-0.744,-0.197,-4.168,3.5969999999999995,5.914616637268098,,5.914616637268098
454,,,,,,,,,,,,,,,,,,,,,,,,,,,,319,Jake Diekman,OAK| BOS| CHA| TBA| NYN,LEFT,RP,57.66666666666666,0,70,52,40,32,9,42,79,5,4,1,0,0,4.994,1.63,6,2,0.104,-0.855,-1.194,-0.399,-0.665,-1.061,-4.173,3.592,5.906395040608009,,5.906395040608009
455,,,,,,,,,,,,,,,,,,,,,,,,,,,,320,Zach Plesac,CLE| ANA,RIGHT,SP,131.66666666666666,24,25,136,74,63,19,38,100,3,12,0,0,0,4.306,1.321,1,2,0.008,-1.327,-0.744,-0.492,-0.824,-0.801,-4.188,3.577,5.881730250627743,,5.881730250627743
456,,,,,,,,,,,,,,,,,,,,,,,,,,,,321,J. T. Chargois,SEA| TBA| MIA,RIGHT,SP| RP,22.33333333333333,3,21,16,7,6,3,5,17,2,0,0,0,0,2.418,0.94,1,0,0.045,-1.562,-2.522,-0.492,0.183,0.204,-4.189,3.576,5.880085931295724,,5.880085931295724
457,,,,,,,,,,,,,,,,,,,,,,,,,,,,322,Shawn Armstrong,TEX| BAL| TBA| MIA| CHN| SLN,RIGHT,SP| RP,61.66666666666666,3,50,66,32,30,7,17,66,2,3,2,0,0,4.378,1.346,4,1,0.065,-1.562,-1.472,-0.305,-0.42,-0.435,-4.195,3.5699999999999994,5.870220015303617,,5.870220015303617
458,135,Harold Ramirez,MIA| CLE| TBA| WAS,120,4,RIGHT,435,403,121,46,6,58,19,3,5,0.3,1B| DH| RF,-1.359,-1.33,-0.419,-0.636,1.226,-2.518,2.268,4.786,5.838506622349646,,,,,,,,,,,,,,,,,,,,,,,,,,,,,,,,,,,5.838506622349646
459,,,,,,,,,,,,,,,,,,,,,,,,,,,,323,Ryan Pepiot,TBA| LAN,RIGHT,SP,36.33333333333333,7,9,26,15,14,6,27,42,3,0,0,0,0,3.468,1.459,1,0,0.028,-1.327,-1.986,-0.492,0.006,-0.42,-4.219,3.546,5.830756351335189,,5.830756351335189
460,,,,,,,,,,,,,,,,,,,,,,,,,,,,324,Phil Maton,SLN| TEX| CLE| HOU| NYN| TBA,RIGHT,RP,65.66666666666667,0,67,58,34,28,10,24,73,0,2,0,0,0,3.838,1.249,2,1,0.03,-2.033,-1.322,-0.492,-0.175,-0.209,-4.232,3.5329999999999995,5.809380200018958,,5.809380200018958
461,,,,,,,,,,,,,,,,,,,,,,,,,,,,325,Aaron Bummer,ATL| CHA,LEFT,RP,26.666666666666668,0,32,30,11,7,2,10,30,2,1,2,0,0,2.362,1.5,2,1,0.075,-1.562,-2.243,-0.305,0.23,-0.352,-4.233,3.532,5.807735880686941,,5.807735880686941
462,,,,,,,,,,,,,,,,,,,,,,,,,,,,326,Dillon Peters,ANA| PIT,LEFT,SP| RP,39.33333333333333,4,22,35,20,20,5,17,26,5,2,0,0,0,4.576,1.322,1,1,0.025,-0.855,-2.329,-0.492,-0.328,-0.24,-4.244,3.521,5.789648368034745,,5.789648368034745
463,,,,,,,,,,,,,,,,,,,,,,,,,,,,327,Luis Cessa,NYA| CIN,RIGHT,SP| RP,80.66666666666666,10,46,76,44,41,14,28,59,4,4,0,0,0,4.574,1.289,6,1,0.074,-1.091,-1.622,-0.492,-0.671,-0.387,-4.263,3.502,5.758406300726406,,5.758406300726406
464,104,Patrick Wisdom,CHN,133,5,RIGHT,534,469,97,66,25,66,53,8,4,0.207,3B,-0.216,0.649,-0.033,-0.029,-1.7,-1.328,2.233,3.561,5.7484062115109165,,,,,,,,,,,,,,,,,,,,,,,,,,,,,,,,,,,5.7484062115109165
465,,,,,,,,,,,,,,,,,,,,,,,,,,,,328,Bryan Shaw,SEA| CLE| CHA,RIGHT,RP,58.333333333333336,2,60,58,38,35,9,26,52,6,2,1,0,0,5.4,1.44,2,0,0.034,-0.62,-1.772,-0.399,-0.854,-0.631,-4.275,3.4899999999999998,5.738674468742191,,5.738674468742191
466,,,,,,,,,,,,,,,,,,,,,,,,,,,,329,Hunter Strickland,ANA| NYN| MIL| TBA| CIN,RIGHT,RP,62.33333333333334,0,66,61,37,34,8,33,60,3,3,7,0,0,4.909,1.508,14,0,0.225,-1.327,-1.601,0.162,-0.678,-0.843,-4.286,3.479,5.7205869560899965,,5.7205869560899965
467,,,,,,,,,,,,,,,,,,,,,,,,,,,,330,Ryne Nelson,ARI,RIGHT,SP,18.33333333333333,3,3,9,4,3,2,6,16,1,1,0,0,0,1.473,0.818,0,0,0.0,-1.798,-2.543,-0.492,0.283,0.257,-4.293,3.4719999999999995,5.709076720765871,,5.709076720765871
468,,,,,,,,,,,,,,,,,,,,,,,,,,,,331,Matt Brash,SEA,RIGHT,SP| RP,50.66666666666666,5,39,46,25,25,3,33,62,4,4,0,0,0,4.441,1.559,0,3,0.0,-1.091,-1.558,-0.492,-0.369,-0.789,-4.299,3.4659999999999997,5.699210804773764,,5.699210804773764
469,,,,,,,,,,,,,,,,,,,,,,,,,,,,332,Dane Dunning,ATL| TEX| CHA,RIGHT,SP,153.33333333333331,29,29,158,80,76,20,62,137,4,8,0,0,0,4.461,1.435,7,5,0.046,-1.091,0.049,-0.492,-1.142,-1.626,-4.301,3.4639999999999995,5.695922166109728,,5.695922166109728
470,,,,,,,,,,,,,,,,,,,,,,,,,,,,333,Noe Ramirez,ANA| ARI,RIGHT,RP,49.99999999999999,0,55,45,32,29,9,26,51,5,4,0,0,0,5.22,1.42,6,4,0.12,-0.855,-1.794,-0.492,-0.663,-0.501,-4.305,3.46,5.689344888781658,,5.689344888781658
471,,,,,,,,,,,,,,,,,,,,,,,,,,,,334,Cody Stashak,MIN,RIGHT,RP,16.333333333333332,0,11,16,7,7,1,0,15,3,0,0,0,0,3.857,0.98,0,0,0.0,-1.327,-2.565,-0.492,-0.046,0.123,-4.306,3.459,5.68770056944964,,5.68770056944964
472,,,,,,,,,,,,,,,,,,,,,,,,,,,,335,Tim Hill,NYA| SDN| CHA,LEFT,RP,48.00000000000001,0,55,45,20,19,1,14,25,3,0,0,0,0,3.562,1.229,1,0,0.021,-1.327,-2.351,-0.492,-0.027,-0.115,-4.311,3.454,5.679478972789551,,5.679478972789551
473,,,,,,,,,,,,,,,,,,,,,,,,,,,,336,Anthony Bender,MIA,RIGHT,RP,19.33333333333333,0,22,17,7,7,3,8,17,1,3,6,0,0,3.259,1.293,2,0,0.103,-1.798,-2.522,0.069,0.034,-0.096,-4.313,3.452,5.676190334125515,,5.676190334125515
474,,,,,,,,,,,,,,,,,,,,,,,,,,,,337,MacKenzie Gore,WAS| SDN,LEFT,SP| RP,69.99999999999999,13,16,66,35,35,7,37,72,4,4,0,0,0,4.5,1.471,1,1,0.014,-1.091,-1.344,-0.492,-0.542,-0.844,-4.313,3.452,5.676190334125515,,5.676190334125515
475,,,,,,,,,,,,,,,,,,,,,,,,,,,,338,Wade Miley,CIN| CHN| MIL,LEFT,SP,37.0,8,9,31,20,13,3,14,28,2,2,0,0,0,3.162,1.216,2,1,0.054,-1.562,-2.286,-0.492,0.093,-0.07,-4.318,3.447,5.667968737465427,,5.667968737465427
476,,,,,,,,,,,,,,,,,,,,,,,,,,,,339,Kyle Hendricks,ANA| CHN,RIGHT,SP,84.33333333333333,16,16,85,45,45,15,24,66,4,6,0,0,0,4.802,1.292,9,2,0.107,-1.091,-1.472,-0.492,-0.849,-0.415,-4.319,3.446,5.666324418133408,,5.666324418133408
477,,,,,,,,,,,,,,,,,,,,,,,,,,,,340,Will Smith,ATL| HOU| TEX| KCA,LEFT,RP,58.99999999999999,0,65,58,35,26,9,25,65,0,3,5,0,0,3.966,1.407,4,2,0.068,-2.033,-1.494,-0.025,-0.216,-0.56,-4.327,3.438,5.653169863477266,,5.653169863477266
478,,,,,,,,,,,,,,,,,,,,,,,,,,,,341,Garrett Cleavinger,TBA| PHI| LAN,LEFT,RP,23.000000000000004,0,17,14,12,10,2,7,32,1,1,0,0,0,3.913,0.913,0,0,0.0,-1.798,-2.201,-0.492,-0.075,0.235,-4.33,3.435,5.648236905481212,,5.648236905481212
479,,,,,,,,,,,,,,,,,,,,,,,,,,,,342,Reyes Moronta,SFN| ARI| LAN| ANA,RIGHT,RP,37.66666666666666,0,39,30,20,18,5,18,38,2,2,2,0,0,4.301,1.274,3,0,0.08,-1.562,-2.072,-0.305,-0.234,-0.158,-4.332,3.433,5.644948266817177,,5.644948266817177
480,,,,,,,,,,,,,,,,,,,,,,,,,,,,343,Yohan Ramirez,PIT| SEA| CLE| CHA| BAL| BOS| LAN| NYN,RIGHT,RP,37.33333333333333,0,30,32,19,19,4,20,32,4,1,1,0,0,4.58,1.393,1,0,0.027,-1.091,-2.201,-0.399,-0.312,-0.333,-4.336,3.4289999999999994,5.638370989489104,,5.638370989489104
481,,,,,,,,,,,,,,,,,,,,,,,,,,,,344,Adbert Alzolay,CHN,RIGHT,RP,13.333333333333334,0,6,9,5,5,1,2,19,2,1,0,0,0,3.375,0.825,0,0,0.0,-1.562,-2.479,-0.492,0.012,0.183,-4.339,3.4259999999999997,5.633438031493051,,5.633438031493051
482,,,,,,,,,,,,,,,,,,,,,,,,,,,,345,Matt Boyd,CHN| DET| SEA| CLE,LEFT,RP,13.333333333333332,0,10,5,2,2,0,8,13,2,0,0,0,0,1.35,0.975,1,0,0.075,-1.562,-2.608,-0.492,0.218,0.103,-4.34,3.425,5.631793712161034,,5.631793712161034
483,,,,,,,,,,,,,,,,,,,,,,,,,,,,346,Andres Machado,WAS,RIGHT,RP,59.33333333333333,0,51,55,32,22,7,26,46,2,0,0,0,0,3.337,1.365,8,0,0.135,-1.562,-1.901,-0.492,0.069,-0.464,-4.35,3.415,5.615350518840856,,5.615350518840856
484,,,,,,,,,,,,,,,,,,,,,,,,,,,,347,Genesis Cabrera,CHN| MIN| NYN| PIT| SLN| TOR,LEFT,RP,44.66666666666666,0,39,39,24,23,8,20,32,4,2,1,0,0,4.634,1.321,1,1,0.022,-1.091,-2.201,-0.399,-0.392,-0.271,-4.353,3.412,5.610417560844803,,5.610417560844803
485,,,,,,,,,,,,,,,,,,,,,,,,,,,,348,Jordan Hicks,BOS| SFN| SLN| TOR,RIGHT,SP| RP,61.33333333333334,8,35,46,33,33,5,35,63,3,6,0,0,0,4.842,1.321,5,1,0.082,-1.327,-1.537,-0.492,-0.636,-0.371,-4.362,3.403,5.595618686856642,,5.595618686856642
486,,,,,,,,,,,,,,,,,,,,,,,,,,,,349,Scott Alexander,COL| SFN| LAN| OAK,LEFT,SP| RP,17.333333333333332,4,17,12,2,2,1,1,10,0,0,2,0,0,1.038,0.75,0,0,0.0,-2.033,-2.672,-0.305,0.325,0.29,-4.395,3.37,5.541356148900055,,5.541356148900055
487,,,,,,,,,,,,,,,,,,,,,,,,,,,,350,Taylor Hearn,TEX| ATL| KCA,LEFT,SP| RP,100.0,13,31,107,60,57,11,43,97,6,8,1,0,0,5.13,1.5,3,2,0.03,-0.62,-0.808,-0.399,-1.257,-1.32,-4.404,3.361,5.526557274911894,,5.526557274911894
488,,,,,,,,,,,,,,,,,,,,,,,,,,,,351,Jose Cisnero,DET| ANA,RIGHT,RP,25.0,0,28,15,4,3,0,19,23,1,0,0,0,0,1.08,1.36,0,0,0.0,-1.798,-2.393,-0.492,0.461,-0.19,-4.412,3.353,5.513402720255751,,5.513402720255751
489,,,,,,,,,,,,,,,,,,,,,,,,,,,,352,Connor Overton,PIT| TOR| CIN,RIGHT,SP,33.0,4,6,21,10,10,1,11,14,1,0,0,0,0,2.727,0.97,1,2,0.03,-1.798,-2.586,-0.492,0.193,0.262,-4.421,3.3439999999999994,5.4986038462675895,,5.4986038462675895
490,,,,,,,,,,,,,,,,,,,,,,,,,,,,353,Dakota Hudson,SLN| COL,RIGHT,SP,139.66666666666666,26,27,141,71,69,9,61,78,8,7,0,0,0,4.446,1.446,7,4,0.05,-0.148,-1.215,-0.492,-1.024,-1.545,-4.425,3.34,5.49202656893952,,5.49202656893952
491,83,J. D. Martinez,BOS| LAN| NYN,139,3,RIGHT,596,533,146,76,16,62,52,0,0,0.274,DH,0.356,-0.288,-0.226,-1.0,0.62,-0.538,2.13275,2.67075,5.490332891894271,,,,,,,,,,,,,,,,,,,,,,,,,,,,,,,,,,,5.490332891894271
492,,,,,,,,,,,,,,,,,,,,,,,,,,,,354,Jonathan Loaisiga,NYA,RIGHT,RP,47.99999999999999,0,50,43,25,22,3,19,37,2,3,2,0,0,4.125,1.292,3,0,0.063,-1.562,-2.094,-0.305,-0.234,-0.235,-4.43,3.335,5.48380497227943,,5.48380497227943
493,,,,,,,,,,,,,,,,,,,,,,,,,,,,356,Jose Cuas,KCA| CHN| TOR,RIGHT,RP,37.66666666666668,0,47,39,18,15,2,24,34,4,2,1,0,0,3.584,1.673,3,1,0.08,-1.091,-2.158,-0.399,-0.027,-0.757,-4.431,3.334,5.482160652947412,,5.482160652947412
494,,,,,,,,,,,,,,,,,,,,,,,,,,,,355,Josh Winder,MIN,RIGHT,SP| RP,66.99999999999999,11,15,69,37,35,11,18,47,4,6,0,0,0,4.702,1.298,10,2,0.149,-1.091,-1.879,-0.492,-0.622,-0.346,-4.431,3.334,5.482160652947412,,5.482160652947412
495,,,,,,,,,,,,,,,,,,,,,,,,,,,,357,Manny Banuelos,NYA| PIT,LEFT,RP,41.0,0,35,32,23,20,2,21,42,2,1,1,0,0,4.39,1.293,5,1,0.122,-1.562,-1.986,-0.399,-0.283,-0.202,-4.433,3.332,5.478872014283377,,5.478872014283377
496,,,,,,,,,,,,,,,,,,,,,,,,,,,,359,Trevor Megill,MIL| CHN| MIN,RIGHT,RP,45.00000000000001,0,39,50,29,24,4,17,49,4,3,0,0,0,4.8,1.489,6,3,0.133,-1.091,-1.836,-0.492,-0.452,-0.574,-4.446,3.319,5.4574958629671455,,5.4574958629671455
497,,,,,,,,,,,,,,,,,,,,,,,,,,,,358,Amir Garrett,CIN| KCA| ANA,LEFT,RP,45.33333333333333,0,60,28,26,25,0,32,49,3,1,0,0,0,4.963,1.323,6,0,0.132,-1.327,-1.836,-0.492,-0.512,-0.279,-4.446,3.319,5.4574958629671455,,5.4574958629671455
498,,,,,,,,,,,,,,,,,,,,,,,,,,,,360,Kirk McCarty,CLE,LEFT,RP,37.66666666666666,2,13,37,23,19,11,13,26,4,3,0,0,0,4.54,1.327,0,2,0.0,-1.091,-2.329,-0.492,-0.303,-0.238,-4.453,3.3119999999999994,5.44598562764302,,5.44598562764302
499,,,,,,,,,,,,,,,,,,,,,,,,,,,,361,Kyle Bradish,BAL,RIGHT,SP,117.66666666666669,23,23,119,68,64,17,46,111,4,7,0,0,0,4.895,1.402,1,0,0.008,-1.091,-0.508,-0.492,-1.268,-1.095,-4.454,3.311,5.444341308311003,,5.444341308311003
500,,,,,,,,,,,,,,,,,,,,,,,,,,,,362,Joely Rodriguez,TEX| NYA| NYN| BOS,LEFT,RP,50.33333333333333,0,55,42,28,25,3,26,57,2,4,0,0,0,4.47,1.351,3,0,0.06,-1.562,-1.665,-0.492,-0.378,-0.365,-4.463,3.302,5.429542434322841,,5.429542434322841
501,192,Eric Haase,MIL| DET| CLE,108,4,RIGHT,351,323,82,41,14,44,24,0,0,0.254,CC,-1.645,-0.497,-1.095,-1.0,-0.086,-4.323,2.103,6.426,5.413747542681351,,,,,,,,,,,,,,,,,,,,,,,,,,,,,,,,,,,5.413747542681351
502,,,,,,,,,,,,,,,,,,,,,,,,,,,,363,Luis Perdomo,SDN| MIL,RIGHT,RP,23.666666666666668,0,14,24,10,10,4,3,12,3,0,0,0,0,3.803,1.141,2,0,0.085,-1.327,-2.629,-0.492,-0.057,0.027,-4.478,3.287,5.404877644342575,,5.404877644342575
503,,,,,,,,,,,,,,,,,,,,,,,,,,,,364,Anthony Gose,CLE,LEFT,RP,21.0,0,22,15,13,11,4,14,28,3,0,0,0,0,4.714,1.381,0,0,0.0,-1.327,-2.286,-0.492,-0.197,-0.178,-4.48,3.2849999999999997,5.401589005678538,,5.401589005678538
504,138,AJ Pollock,LAN| CHA| SEA| SFN,131,6,RIGHT,527,489,120,59,14,56,32,3,0,0.245,CF| LF,-0.616,-0.497,-0.516,-0.636,-0.426,-2.69,2.096,4.786,5.395727460513605,,,,,,,,,,,,,,,,,,,,,,,,,,,,,,,,,,,5.395727460513605
505,,,,,,,,,,,,,,,,,,,,,,,,,,,,365,Jimmy Lambert,CHA,RIGHT,RP,47.00000000000001,2,42,40,18,17,4,24,45,1,2,0,0,0,3.255,1.362,8,1,0.17,-1.798,-1.922,-0.492,0.084,-0.361,-4.489,3.276,5.386790131690379,,5.386790131690379
506,139,Marcell Ozuna,ATL,124,4,RIGHT,507,470,106,56,23,56,31,2,1,0.226,LF| DH,-0.787,0.441,-0.516,-0.757,-1.076,-2.696,2.0899999999999994,4.786,5.380281675798394,,,,,,,,,,,,,,,,,,,,,,,,,,,,,,,,,,,5.380281675798394
507,,,,,,,,,,,,,,,,,,,,,,,,,,,,366,Manuel Rodriguez,TBA| CHN,RIGHT,RP,13.666666666666666,0,14,10,6,5,1,9,8,2,0,4,0,0,3.293,1.39,0,0,0.0,-1.562,-2.715,-0.118,0.021,-0.121,-4.495,3.27,5.376924215698272,,5.376924215698272
508,141,Lourdes Gurriel,ARI| TOR,121,6,RIGHT,493,453,132,52,5,52,31,3,4,0.291,LF,-1.016,-1.434,-0.709,-0.636,1.092,-2.703,2.083,4.786,5.362261593630649,,,,,,,,,,,,,,,,,,,,,,,,,,,,,,,,,,,5.362261593630649
509,,,,,,,,,,,,,,,,,,,,,,,,,,,,367,Jake Cousins,MIL| NYA,RIGHT,RP,13.333333333333334,0,12,10,4,4,1,8,21,2,1,0,0,0,2.7,1.35,1,0,0.075,-1.562,-2.436,-0.492,0.081,-0.096,-4.506,3.2589999999999995,5.358836703046075,,5.358836703046075
510,,,,,,,,,,,,,,,,,,,,,,,,,,,,368,Austin Pruitt,HOU| MIA| OAK| TEX,RIGHT,RP,55.333333333333336,1,39,48,29,26,11,9,38,0,1,1,0,0,4.229,1.03,3,2,0.054,-2.033,-2.072,-0.399,-0.314,0.307,-4.511,3.254,5.350615106385987,,5.350615106385987
511,,,,,,,,,,,,,,,,,,,,,,,,,,,,369,Wily Peralta,DET,RIGHT,RP,38.333333333333336,1,28,34,12,11,2,24,32,2,0,0,0,0,2.583,1.513,2,0,0.052,-1.562,-2.201,-0.492,0.266,-0.526,-4.515,3.25,5.344037829057916,,5.344037829057916
512,,,,,,,,,,,,,,,,,,,,,,,,,,,,370,Daniel Norris,DET| MIL| CHN| CLE,LEFT,SP| RP,58.66666666666666,3,41,45,39,34,11,29,66,2,4,0,0,0,5.216,1.261,0,1,0.0,-1.562,-1.472,-0.492,-0.776,-0.216,-4.519,3.246,5.337460551729843,,5.337460551729843
513,,,,,,,,,,,,,,,,,,,,,,,,,,,,371,Jeff Hoffman,TOR| COL| CIN| PHI,RIGHT,RP,44.66666666666666,1,35,40,22,19,5,23,45,2,0,0,0,0,3.828,1.41,5,4,0.112,-1.562,-1.922,-0.492,-0.116,-0.43,-4.523,3.242,5.330883274401773,,5.330883274401773
514,,,,,,,,,,,,,,,,,,,,,,,,,,,,372,Albert Abreu,NYA| KCA| TEX,RIGHT,RP,38.66666666666666,0,33,35,15,14,5,22,38,2,2,0,0,0,3.259,1.474,1,2,0.026,-1.562,-2.072,-0.492,0.068,-0.471,-4.529,3.236,5.321017358409666,,5.321017358409666
515,,,,,,,,,,,,,,,,,,,,,,,,,,,,373,Trevor Richards,ARI| KCA| TBA| MIL| TOR| MIN,RIGHT,SP| RP,64.0,4,62,57,41,38,9,35,82,3,2,0,0,0,5.344,1.438,5,3,0.078,-1.327,-1.13,-0.492,-0.909,-0.685,-4.543,3.2219999999999995,5.297996887761416,,5.297996887761416
516,194,Danny Jansen,MIL| TBA| TOR| BOS,67,8,RIGHT,248,215,56,34,15,44,25,1,0,0.26,CC,-2.045,-0.392,-1.095,-0.879,0.044,-4.368,2.058,6.426,5.297904157317271,,,,,,,,,,,,,,,,,,,,,,,,,,,,,,,,,,,5.297904157317271
517,,,,,,,,,,,,,,,,,,,,,,,,,,,,374,Dustin May,BOS| LAN,RIGHT,SP,30.0,6,6,21,17,15,3,14,29,2,3,0,0,0,4.5,1.167,5,0,0.167,-1.562,-2.265,-0.492,-0.232,0.003,-4.549,3.2159999999999997,5.288130971769308,,5.288130971769308
518,,,,,,,,,,,,,,,,,,,,,,,,,,,,375,Garrett Hill,DET,RIGHT,SP| RP,60.333333333333336,8,17,53,29,27,8,29,40,3,3,0,0,0,4.028,1.359,4,1,0.066,-1.327,-2.029,-0.492,-0.249,-0.458,-4.554,3.2109999999999994,5.27990937510922,,5.27990937510922
519,,,,,,,,,,,,,,,,,,,,,,,,,,,,376,Sam Long,KCA| SFN| OAK,LEFT,SP| RP,42.33333333333333,6,28,39,23,17,8,14,33,1,3,1,0,0,3.614,1.252,1,0,0.024,-1.798,-2.179,-0.399,-0.041,-0.14,-4.556,3.209,5.276620736445184,,5.276620736445184
520,142,Trey Mancini,BAL| HOU| CHN,143,2,RIGHT,587,519,124,56,18,63,53,0,0,0.239,DH| LF| 1B,-0.787,-0.08,-0.178,-1.0,-0.692,-2.737,2.0489999999999995,4.786,5.274735480244455,,,,,,,,,,,,,,,,,,,,,,,,,,,,,,,,,,,5.274735480244455
521,,,,,,,,,,,,,,,,,,,,,,,,,,,,377,Greg Weissert,BOS| NYA,RIGHT,RP,11.333333333333334,0,12,6,7,7,1,5,11,3,0,0,0,0,5.559,0.971,2,0,0.176,-1.327,-2.651,-0.492,-0.18,0.09,-4.559,3.2059999999999995,5.271687778449131,,5.271687778449131
522,,,,,,,,,,,,,,,,,,,,,,,,,,,,378,Kevin Ginkel,ARI,RIGHT,RP,29.33333333333333,0,30,27,14,11,1,11,30,1,1,1,0,0,3.375,1.296,1,0,0.034,-1.798,-2.243,-0.399,0.026,-0.148,-4.562,3.2029999999999994,5.266754820453077,,5.266754820453077
523,,,,,,,,,,,,,,,,,,,,,,,,,,,,379,Jandel Gustave,MIL,RIGHT,RP,28.0,0,27,25,13,12,4,11,27,2,0,0,0,0,3.857,1.286,0,1,0.0,-1.562,-2.308,-0.492,-0.079,-0.13,-4.571,3.194,5.251955946464918,,5.251955946464918
524,,,,,,,,,,,,,,,,,,,,,,,,,,,,380,JT Brubaker,NYA| SFN| PIT,RIGHT,SP,144.0,28,28,157,85,75,17,54,147,3,12,0,0,0,4.688,1.465,5,3,0.035,-1.327,0.263,-0.492,-1.322,-1.702,-4.58,3.185,5.237157072476757,,5.237157072476757
525,,,,,,,,,,,,,,,,,,,,,,,,,,,,381,Chris Archer,TBA| MIN,RIGHT,SP,102.66666666666666,25,25,87,56,52,12,48,84,2,8,0,0,0,4.558,1.315,3,1,0.029,-1.562,-1.087,-0.492,-0.841,-0.598,-4.58,3.185,5.237157072476757,,5.237157072476757
526,,,,,,,,,,,,,,,,,,,,,,,,,,,,382,Bryan Garcia,DET,RIGHT,SP,20.33333333333333,4,4,14,8,8,3,10,17,2,0,0,0,0,3.541,1.18,0,1,0.0,-1.562,-2.522,-0.492,-0.008,-0.009,-4.593,3.172,5.215780921160525,,5.215780921160525
527,,,,,,,,,,,,,,,,,,,,,,,,,,,,383,Tommy Nance,TOR| CHN| MIA,RIGHT,RP,43.66666666666667,2,35,45,22,21,5,21,57,2,3,0,0,0,4.328,1.512,8,0,0.183,-1.562,-1.665,-0.492,-0.281,-0.596,-4.596,3.169,5.210847963164472,,5.210847963164472
528,,,,,,,,,,,,,,,,,,,,,,,,,,,,384,Stephen Nogosek,NYN,RIGHT,RP,22.0,0,12,20,10,6,4,7,21,1,1,0,0,0,2.454,1.227,1,0,0.045,-1.798,-2.436,-0.492,0.174,-0.051,-4.603,3.162,5.199337727840347,,5.199337727840347
529,,,,,,,,,,,,,,,,,,,,,,,,,,,,385,Huascar Brazoban,NYN| MIA,RIGHT,RP,32.0,0,27,26,13,11,3,21,40,1,1,0,0,0,3.094,1.469,2,2,0.063,-1.798,-2.029,-0.492,0.097,-0.383,-4.605,3.1599999999999997,5.19604908917631,,5.19604908917631
530,,,,,,,,,,,,,,,,,,,,,,,,,,,,386,Dennis Santana,PIT| LAN| TEX| NYN| NYA,RIGHT,RP,58.666666666666686,1,63,50,39,34,2,28,54,3,8,1,0,0,5.216,1.329,3,0,0.051,-1.327,-1.729,-0.399,-0.776,-0.376,-4.606,3.159,5.194404769844294,,5.194404769844294
531,,,,,,,,,,,,,,,,,,,,,,,,,,,,387,Matt Barnes,BOS| MIA| WAS,RIGHT,RP,39.66666666666667,0,44,36,22,19,2,21,34,0,4,8,0,0,4.311,1.437,5,0,0.126,-2.033,-2.158,0.255,-0.25,-0.424,-4.61,3.155,5.187827492516222,,5.187827492516222
532,,,,,,,,,,,,,,,,,,,,,,,,,,,,388,Mason Thompson,WAS| SDN,RIGHT,RP,24.666666666666668,0,24,19,8,8,2,9,15,1,1,1,0,0,2.919,1.135,1,0,0.041,-1.798,-2.565,-0.399,0.108,0.033,-4.62,3.145,5.171384299196044,,5.171384299196044
533,,,,,,,,,,,,,,,,,,,,,,,,,,,,389,Javier Assad,CHN,RIGHT,SP,37.66666666666666,8,9,35,14,13,4,20,30,2,2,0,0,0,3.106,1.46,5,2,0.133,-1.562,-2.243,-0.492,0.11,-0.437,-4.625,3.14,5.1631627025359546,,5.1631627025359546
534,,,,,,,,,,,,,,,,,,,,,,,,,,,,390,Lucas Gilbreath,COL,LEFT,RP,43.00000000000001,0,47,37,22,20,2,26,49,2,0,0,0,0,4.186,1.465,4,2,0.093,-1.562,-1.836,-0.492,-0.23,-0.508,-4.628,3.137,5.158229744539901,,5.158229744539901
535,,,,,,,,,,,,,,,,,,,,,,,,,,,,391,Darren O'Day,ATL| NYA,RIGHT,RP,21.666666666666664,0,28,19,12,10,3,10,26,2,2,0,0,0,4.154,1.339,4,0,0.185,-1.562,-2.329,-0.492,-0.11,-0.146,-4.64,3.125,5.138497912555688,,5.138497912555688
536,,,,,,,,,,,,,,,,,,,,,,,,,,,,392,Davis Martin,CHA,RIGHT,SP| RP,63.33333333333332,9,14,63,36,34,8,19,48,3,6,0,0,0,4.832,1.295,4,0,0.063,-1.327,-1.858,-0.492,-0.651,-0.318,-4.645,3.12,5.130276315895599,,5.130276315895599
537,,,,,,,,,,,,,,,,,,,,,,,,,,,,393,Aaron Loup,TBA| NYN| ANA,LEFT,RP,58.66666666666667,0,65,54,38,25,4,22,52,0,5,1,0,0,3.835,1.296,5,2,0.085,-2.033,-1.772,-0.399,-0.156,-0.296,-4.656,3.109,5.112188803243403,,5.112188803243403
538,,,,,,,,,,,,,,,,,,,,,,,,,,,,394,Brett Martin,TEX,LEFT,RP,49.99999999999999,1,55,50,27,23,4,18,40,1,7,3,0,0,4.14,1.36,3,0,0.06,-1.798,-2.029,-0.212,-0.249,-0.381,-4.669,3.096,5.090812651927172,,5.090812651927172
539,,,,,,,,,,,,,,,,,,,,,,,,,,,,395,Luke Bard,ANA| NYA| TBA,RIGHT,RP,15.0,0,9,7,3,3,0,7,8,1,1,0,0,0,1.8,0.933,9,1,0.6,-1.798,-2.715,-0.492,0.194,0.141,-4.669,3.096,5.090812651927172,,5.090812651927172
540,,,,,,,,,,,,,,,,,,,,,,,,,,,,396,Ryan Yarbrough,NYA| TBA| KCA| LAN| TOR,LEFT,SP| RP,80.0,9,20,88,44,40,12,22,61,3,8,0,0,0,4.5,1.375,6,3,0.075,-1.327,-1.579,-0.492,-0.62,-0.657,-4.675,3.09,5.080946735935064,,5.080946735935064
541,,,,,,,,,,,,,,,,,,,,,,,,,,,,397,Ken Waldichuk,OAK,LEFT,SP,34.66666666666667,7,7,32,19,19,5,10,33,2,2,0,0,0,4.933,1.212,2,0,0.058,-1.562,-2.179,-0.492,-0.383,-0.059,-4.676,3.0889999999999995,5.079302416603046,,5.079302416603046
542,,,,,,,,,,,,,,,,,,,,,,,,,,,,398,Cody Morris,CLE,RIGHT,SP,23.666666666666664,5,7,21,8,6,3,12,23,1,2,0,0,0,2.282,1.394,5,2,0.211,-1.798,-2.393,-0.492,0.219,-0.213,-4.677,3.088,5.077658097271029,,5.077658097271029
543,,,,,,,,,,,,,,,,,,,,,,,,,,,,399,Zack Littell,CIN| TBA| MIN| SFN| BOS,RIGHT,RP,44.33333333333333,0,39,48,25,25,8,13,39,3,3,1,0,0,5.075,1.376,0,0,0.0,-1.327,-2.051,-0.399,-0.539,-0.366,-4.68,3.085,5.072725139274976,,5.072725139274976
544,,,,,,,,,,,,,,,,,,,,,,,,,,,,401,Tommy Kahnle,DET| NYA| LAN,RIGHT,RP,12.666666666666668,0,13,5,4,4,2,3,14,0,0,1,0,0,2.842,0.632,0,0,0.0,-2.033,-2.586,-0.399,0.063,0.272,-4.684,3.0809999999999995,5.066147861946903,,5.066147861946903
545,,,,,,,,,,,,,,,,,,,,,,,,,,,,400,Caleb Smith,ARI| MIA,LEFT,RP,70.0,1,44,57,35,32,14,39,65,1,3,0,0,0,4.114,1.371,1,2,0.014,-1.798,-1.494,-0.492,-0.335,-0.565,-4.684,3.0809999999999995,5.066147861946903,,5.066147861946903
546,,,,,,,,,,,,,,,,,,,,,,,,,,,,402,Angel Zerpa,KCA,LEFT,P,11.0,2,3,9,3,2,2,3,3,2,1,0,0,0,1.636,1.091,0,0,0.0,-1.562,-2.822,-0.492,0.156,0.034,-4.686,3.079,5.062859223282868,,5.062859223282868
547,,,,,,,,,,,,,,,,,,,,,,,,,,,,403,Adrian Houser,CHA| TBA| MIL| NYN,RIGHT,SP,102.66666666666666,21,22,103,66,54,8,47,69,6,10,0,0,0,4.734,1.461,7,2,0.068,-0.62,-1.408,-0.492,-0.979,-1.196,-4.695,3.0699999999999994,5.048060349294707,,5.048060349294707
548,,,,,,,,,,,,,,,,,,,,,,,,,,,,404,Chad Green,TOR| NYA,RIGHT,RP,14.999999999999998,0,14,13,6,5,1,5,16,1,1,1,0,0,3.0,1.2,0,0,0.0,-1.798,-2.543,-0.399,0.056,-0.019,-4.702,3.063,5.036550113970583,,5.036550113970583
549,,,,,,,,,,,,,,,,,,,,,,,,,,,,405,Kyle Crick,PIT| CHA,RIGHT,RP,15.666666666666668,0,14,10,7,7,0,11,19,2,0,0,0,0,4.021,1.34,0,2,0.0,-1.562,-2.479,-0.492,-0.064,-0.107,-4.704,3.061,5.033261475306547,,5.033261475306547
550,199,Gary Sanchez,BAL| NYA| MIN| NYN| SDN| MIL,124,9,RIGHT,471,419,86,42,16,61,40,2,0,0.205,CC| DH,-1.588,-0.288,-0.274,-0.757,-1.565,-4.473,1.9530000000000003,6.426,5.027602924801085,,,,,,,,,,,,,,,,,,,,,,,,,,,,,,,,,,,5.027602924801085
551,144,Eloy Jimenez,CHA| BAL,84,4,RIGHT,327,292,86,40,16,54,28,0,0,0.295,DH| LF,-1.702,-0.288,-0.612,-1.0,0.769,-2.834,1.9519999999999995,4.786,5.025028627348548,,,,,,,,,,,,,,,,,,,,,,,,,,,,,,,,,,,5.025028627348548
552,,,,,,,,,,,,,,,,,,,,,,,,,,,,406,Nick Nelson,NYA| PHI,RIGHT,RP,68.66666666666666,2,47,66,38,37,1,36,69,3,2,1,0,0,4.849,1.485,4,2,0.058,-1.327,-1.408,-0.399,-0.716,-0.867,-4.716,3.0489999999999995,5.013529643322333,,5.013529643322333
553,,,,,,,,,,,,,,,,,,,,,,,,,,,,407,Tyler Danish,BOS,RIGHT,RP,40.33333333333333,0,32,40,24,23,7,12,32,3,1,0,0,0,5.132,1.289,2,0,0.05,-1.327,-2.201,-0.492,-0.508,-0.193,-4.72,3.045,5.006952365994263,,5.006952365994263
554,,,,,,,,,,,,,,,,,,,,,,,,,,,,408,Eduard Bazardo,SEA| BOS| BAL,RIGHT,RP,16.333333333333336,0,12,12,5,5,4,4,11,1,0,0,0,0,2.755,0.98,1,1,0.061,-1.798,-2.651,-0.492,0.092,0.123,-4.725,3.04,4.998730769334173,,4.998730769334173
555,,,,,,,,,,,,,,,,,,,,,,,,,,,,409,Jesus Tinoco,MIA| COL| TEX| CHN,RIGHT,RP,20.666666666666664,2,17,12,5,5,2,10,18,0,0,0,0,0,2.177,1.065,2,0,0.097,-2.033,-2.501,-0.492,0.208,0.086,-4.732,3.0329999999999995,4.987220534010048,,4.987220534010048
556,,,,,,,,,,,,,,,,,,,,,,,,,,,,410,Richard Bleier,BAL| MIA| BOS,LEFT,RP,50.66666666666666,1,55,63,22,20,3,10,32,2,2,1,0,0,3.553,1.441,3,1,0.059,-1.562,-2.201,-0.399,-0.025,-0.549,-4.735,3.03,4.982287576013994,,4.982287576013994
557,,,,,,,,,,,,,,,,,,,,,,,,,,,,411,Tyler Duffey,MIN| CHN| KCA,RIGHT,RP,44.0,0,40,45,24,24,8,15,39,2,4,2,0,0,4.909,1.364,1,1,0.023,-1.562,-2.051,-0.305,-0.479,-0.342,-4.738,3.0269999999999992,4.977354618017941,,4.977354618017941
558,,,,,,,,,,,,,,,,,,,,,,,,,,,,412,Fernando Cruz,NYA| CIN,RIGHT,RP,14.666666666666666,2,14,9,3,2,1,9,21,0,1,0,0,0,1.227,1.227,2,0,0.136,-2.033,-2.436,-0.492,0.254,-0.034,-4.742,3.023,4.97077734068987,,4.97077734068987
559,,,,,,,,,,,,,,,,,,,,,,,,,,,,413,Madison Bumgarner,ARI,LEFT,SP,158.66666666666666,30,30,179,97,86,25,49,112,7,15,0,0,0,4.878,1.437,15,5,0.095,-0.384,-0.487,-0.492,-1.689,-1.696,-4.747,3.018,4.962555744029781,,4.962555744029781
560,,,,,,,,,,,,,,,,,,,,,,,,,,,,414,Tyler Cyr,OAK| PHI| LAN,RIGHT,RP,13.333333333333334,0,12,11,4,4,2,5,16,1,0,0,0,0,2.7,1.2,1,0,0.075,-1.798,-2.543,-0.492,0.081,-0.016,-4.769,2.996,4.9263807187253885,,4.9263807187253885
561,,,,,,,,,,,,,,,,,,,,,,,,,,,,415,Trevor May,MIN| NYN| OAK,RIGHT,RP,25.0,0,26,27,14,14,4,9,30,2,0,1,0,0,5.04,1.44,2,0,0.08,-1.562,-2.243,-0.399,-0.297,-0.27,-4.772,2.9929999999999994,4.921447760729335,,4.921447760729335
562,,,,,,,,,,,,,,,,,,,,,,,,,,,,416,Tyler Alexander,CHA| MIL| DET| TBA,LEFT,SP| RP,101.0,17,27,108,58,54,18,25,61,4,11,0,0,0,4.812,1.317,7,3,0.069,-1.091,-1.579,-0.492,-1.024,-0.596,-4.781,2.984,4.906648886741175,,4.906648886741175
563,,,,,,,,,,,,,,,,,,,,,,,,,,,,417,Matt Foster,CHA,RIGHT,RP,45.0,0,48,43,25,22,6,17,42,1,2,1,0,0,4.4,1.333,3,0,0.067,-1.798,-1.986,-0.399,-0.314,-0.295,-4.792,2.973,4.88856137408898,,4.88856137408898
564,,,,,,,,,,,,,,,,,,,,,,,,,,,,418,Tommy Hunter,PHI| NYN,RIGHT,RP,22.33333333333333,0,18,21,8,6,4,6,22,0,1,0,0,0,2.418,1.209,2,0,0.09,-2.033,-2.415,-0.492,0.183,-0.036,-4.793,2.9719999999999995,4.886917054756961,,4.886917054756961
565,,,,,,,,,,,,,,,,,,,,,,,,,,,,419,Matt Gage,DET| SFN| TOR| HOU,LEFT,RP,13.000000000000002,0,11,6,4,2,1,6,12,0,1,0,0,0,1.385,0.923,0,0,0.0,-2.033,-2.629,-0.492,0.21,0.128,-4.817,2.9479999999999995,4.847453390788533,,4.847453390788533
566,128,Luis Rengifo,ANA,127,3,SWITCH,511,489,129,45,17,52,17,6,2,0.264,3B| 2B,-1.416,-0.184,-0.709,-0.272,0.216,-2.365,1.883,4.248,4.847402103123626,,,,,,,,,,,,,,,,,,,,,,,,,,,,,,,,,,,4.847402103123626
567,,,,,,,,,,,,,,,,,,,,,,,,,,,,420,Ryan Weber,BOS| MIL| SEA| NYA,RIGHT,RP,10.666666666666666,0,5,6,1,1,1,1,3,0,0,1,0,0,0.844,0.656,0,1,0.0,-2.033,-2.822,-0.399,0.216,0.218,-4.82,2.9449999999999994,4.84252043279248,,4.84252043279248
568,,,,,,,,,,,,,,,,,,,,,,,,,,,,421,Jose Ruiz,ATL| PHI| CHA| ARI,RIGHT,RP,60.66666666666666,0,63,53,32,31,9,33,68,1,0,0,0,0,4.599,1.418,9,1,0.148,-1.798,-1.429,-0.492,-0.516,-0.602,-4.837,2.928,4.814567004148177,,4.814567004148177
569,,,,,,,,,,,,,,,,,,,,,,,,,,,,422,Oliver Ortega,ANA| MIN,RIGHT,RP,34.00000000000001,0,27,32,18,14,5,18,33,1,3,1,0,0,3.706,1.471,4,2,0.118,-1.798,-2.179,-0.399,-0.056,-0.409,-4.841,2.9239999999999995,4.8079897268201055,,4.8079897268201055
570,,,,,,,,,,,,,,,,,,,,,,,,,,,,423,Alex Young,ARI| CLE| SFN| CIN| NYN,LEFT,RP,26.666666666666668,1,25,29,11,7,0,11,21,1,1,0,0,0,2.362,1.5,1,0,0.037,-1.798,-2.436,-0.492,0.23,-0.352,-4.848,2.917,4.796479491495981,,4.796479491495981
571,,,,,,,,,,,,,,,,,,,,,,,,,,,,424,Louie Varland,MIN| TOR,RIGHT,SP,26.0,5,5,26,11,11,4,6,21,1,2,0,0,0,3.808,1.231,0,0,0.0,-1.798,-2.436,-0.492,-0.063,-0.064,-4.854,2.911,4.786613575503874,,4.786613575503874
572,,,,,,,,,,,,,,,,,,,,,,,,,,,,425,Jeff Brigham,ARI| MIA| NYN,RIGHT,RP,24.0,0,16,22,10,9,3,10,28,0,1,1,0,0,3.375,1.333,5,1,0.208,-2.033,-2.286,-0.399,0.021,-0.157,-4.855,2.9099999999999997,4.784969256171856,,4.784969256171856
573,,,,,,,,,,,,,,,,,,,,,,,,,,,,426,Erich Uelmen,CHN| PHI,RIGHT,RP,27.000000000000004,0,25,25,15,14,3,12,21,2,1,1,0,0,4.667,1.37,2,0,0.074,-1.562,-2.436,-0.399,-0.244,-0.217,-4.857,2.9079999999999995,4.781680617507821,,4.781680617507821
574,,,,,,,,,,,,,,,,,,,,,,,,,,,,427,Victor Arano,WAS,RIGHT,RP,42.0,0,43,47,30,21,5,12,44,1,1,1,0,0,4.5,1.405,5,2,0.119,-1.798,-1.944,-0.399,-0.325,-0.395,-4.86,2.905,4.776747659511766,,4.776747659511766
575,,,,,,,,,,,,,,,,,,,,,,,,,,,,428,Justin Bruihl,TOR| LAN| COL| PIT,LEFT,RP,23.666666666666668,0,24,22,11,10,4,6,13,1,1,1,0,0,3.803,1.183,1,1,0.042,-1.798,-2.608,-0.399,-0.057,-0.013,-4.874,2.891,4.753727188863518,,4.753727188863518
576,,,,,,,,,,,,,,,,,,,,,,,,,,,,429,Gabe Speier,SEA| KCA,LEFT,RP,19.333333333333336,1,17,16,5,5,2,5,14,0,1,0,0,0,2.328,1.086,1,0,0.052,-2.033,-2.586,-0.492,0.172,0.064,-4.876,2.889,4.7504385501994815,,4.7504385501994815
577,,,,,,,,,,,,,,,,,,,,,,,,,,,,430,Chris Paddack,DET| MIN| SDN,RIGHT,SP,22.33333333333333,5,5,25,10,10,0,2,20,1,2,0,0,0,4.03,1.209,1,0,0.045,-1.798,-2.458,-0.492,-0.093,-0.036,-4.876,2.889,4.7504385501994815,,4.7504385501994815
578,,,,,,,,,,,,,,,,,,,,,,,,,,,,431,Graham Ashcraft,CIN,RIGHT,SP,105.0,19,19,119,61,57,11,30,71,5,6,0,0,0,4.886,1.419,6,1,0.057,-0.855,-1.365,-0.492,-1.124,-1.047,-4.883,2.882,4.738928314875357,,4.738928314875357
579,,,,,,,,,,,,,,,,,,,,,,,,,,,,432,Sean Poppen,MIN| ARI| PIT| TBA,RIGHT,RP,28.666666666666664,0,29,27,15,14,5,12,22,2,2,0,0,0,4.395,1.361,1,1,0.035,-1.562,-2.415,-0.492,-0.199,-0.219,-4.887,2.878,4.732351037547287,,4.732351037547287
580,,,,,,,,,,,,,,,,,,,,,,,,,,,,433,Spenser Watkins,BAL| OAK,RIGHT,SP| RP,105.33333333333331,20,23,119,59,55,11,30,63,5,6,0,0,0,4.699,1.415,2,3,0.019,-0.855,-1.537,-0.492,-0.977,-1.032,-4.892,2.8729999999999998,4.7241294408871966,,4.7241294408871966
581,,,,,,,,,,,,,,,,,,,,,,,,,,,,434,Duane Underwood,CHN| PIT,RIGHT,RP,57.33333333333333,1,51,58,35,28,1,25,57,1,6,1,0,0,4.395,1.448,4,2,0.07,-1.798,-1.665,-0.399,-0.398,-0.637,-4.897,2.8679999999999994,4.715907844227107,,4.715907844227107
582,,,,,,,,,,,,,,,,,,,,,,,,,,,,435,Anthony Misiewicz,MIN| SEA| KCA| ARI| DET| NYA,LEFT,RP,29.0,0,32,27,15,14,4,10,27,1,2,0,0,0,4.345,1.276,0,0,0.0,-1.798,-2.308,-0.492,-0.19,-0.124,-4.911,2.854,4.692887373578859,,4.692887373578859
583,,,,,,,,,,,,,,,,,,,,,,,,,,,,436,Hirokazu Sawamura,BOS,RIGHT,RP,50.66666666666666,0,49,45,23,21,4,27,40,1,1,0,0,0,3.73,1.421,1,1,0.02,-1.798,-2.029,-0.492,-0.094,-0.509,-4.922,2.843,4.674799860926663,,4.674799860926663
584,,,,,,,,,,,,,,,,,,,,,,,,,,,,437,Ian Gibaut,CIN| TEX| MIN| CLE,RIGHT,RP,36.0,0,34,39,18,18,3,18,48,1,2,1,0,0,4.5,1.583,2,1,0.056,-1.798,-1.858,-0.399,-0.279,-0.595,-4.928,2.837,4.664933944934556,,4.664933944934556
585,,,,,,,,,,,,,,,,,,,,,,,,,,,,438,Jason Foley,DET,RIGHT,RP,60.33333333333334,0,60,72,27,26,2,11,43,1,0,0,0,0,3.878,1.376,5,3,0.083,-1.798,-1.965,-0.492,-0.18,-0.497,-4.932,2.8329999999999997,4.658356667606483,,4.658356667606483
586,149,Brandon Marsh,PHI| ANA,134,6,LEFT,461,424,104,49,11,52,28,9,3,0.245,LF| CF,-1.188,-0.809,-0.709,0.093,-0.373,-2.986,1.7999999999999994,4.786,4.63373541456321,,,,,,,,,,,,,,,,,,,,,,,,,,,,,,,,,,,4.63373541456321
587,,,,,,,,,,,,,,,,,,,,,,,,,,,,439,Justin Lawrence,PIT| COL,RIGHT,RP,42.66666666666666,0,38,44,27,27,3,22,48,3,1,1,0,0,5.695,1.547,3,1,0.07,-1.327,-1.858,-0.399,-0.721,-0.643,-4.947,2.818,4.633691877626217,,4.633691877626217
588,,,,,,,,,,,,,,,,,,,,,,,,,,,,440,Zack Weiss,ANA| BOS,RIGHT,RP,13.333333333333334,0,12,7,6,5,2,7,18,0,1,0,0,0,3.375,1.05,2,0,0.15,-2.033,-2.501,-0.492,0.012,0.063,-4.951,2.814,4.627114600298146,,4.627114600298146
589,,,,,,,,,,,,,,,,,,,,,,,,,,,,441,Konnor Pilkington,WAS| CLE,LEFT,SP| RP,57.99999999999999,11,15,53,30,25,6,32,50,1,2,0,0,0,3.879,1.466,0,3,0.0,-1.798,-1.815,-0.492,-0.173,-0.686,-4.964,2.8009999999999997,4.6057384489819135,,4.6057384489819135
590,,,,,,,,,,,,,,,,,,,,,,,,,,,,442,Trent Thornton,SEA| TOR,RIGHT,RP,46.0,0,32,40,21,21,7,17,37,0,2,0,0,0,4.109,1.239,3,0,0.065,-2.033,-2.094,-0.492,-0.218,-0.129,-4.966,2.7989999999999995,4.602449810317878,,4.602449810317878
591,,,,,,,,,,,,,,,,,,,,,,,,,,,,443,Yerry De Los Santos,NYA| PIT,RIGHT,RP,25.66666666666667,0,26,22,18,14,3,11,26,0,3,3,0,0,4.909,1.286,4,1,0.156,-2.033,-2.329,-0.212,-0.279,-0.119,-4.973,2.792,4.590939574993754,,4.590939574993754
592,,,,,,,,,,,,,,,,,,,,,,,,,,,,444,Derek Law,MIN| CIN| DET| WAS,RIGHT,RP,19.666666666666668,0,17,23,13,9,3,8,17,2,3,0,0,0,4.119,1.576,1,0,0.051,-1.562,-2.522,-0.492,-0.095,-0.319,-4.99,2.7749999999999995,4.56298614634945,,4.56298614634945
593,,,,,,,,,,,,,,,,,,,,,,,,,,,,445,Robert Stephenson,ANA| CIN| COL| PIT| TBA,RIGHT,RP,58.0,0,58,63,39,35,10,14,55,2,2,0,0,0,5.431,1.328,5,3,0.086,-1.562,-1.708,-0.492,-0.863,-0.367,-4.992,2.773,4.559697507685415,,4.559697507685415
594,151,Brendan Donovan,SLN,121,2,LEFT,468,391,110,62,5,45,60,2,2,0.281,3B| RF| 2B,-0.444,-1.434,-1.047,-0.757,0.662,-3.021,1.7649999999999997,4.786,4.543635003724481,,,,,,,,,,,,,,,,,,,,,,,,,,,,,,,,,,,4.543635003724481
595,,,,,,,,,,,,,,,,,,,,,,,,,,,,446,Ronny Henriquez,MIA| MIN,RIGHT,RP,11.666666666666668,0,3,8,4,3,1,3,9,0,1,0,0,0,2.314,0.943,2,0,0.171,-2.033,-2.693,-0.492,0.105,0.105,-5.009,2.756,4.531744079041111,,4.531744079041111
596,,,,,,,,,,,,,,,,,,,,,,,,,,,,447,Kutter Crawford,BOS,RIGHT,SP| RP,77.33333333333333,12,21,81,49,47,12,29,77,3,6,0,0,0,5.47,1.422,5,4,0.065,-1.327,-1.237,-0.492,-1.174,-0.782,-5.01,2.755,4.530099759709095,,4.530099759709095
597,163,Jose Iglesias,SDN| BAL| ANA| BOS| COL| NYN,118,2,RIGHT,467,439,128,48,3,47,17,2,3,0.292,SS,-1.245,-1.642,-0.951,-0.757,1.064,-3.531,1.7579999999999996,5.289,4.525614921556735,,,,,,,,,,,,,,,,,,,,,,,,,,,,,,,,,,,4.525614921556735
598,,,,,,,,,,,,,,,,,,,,,,,,,,,,448,Touki Toussaint,ANA| ATL| CHA| CLE,RIGHT,RP,25.33333333333333,2,8,15,13,13,2,19,26,1,1,0,0,0,4.618,1.342,2,1,0.079,-1.798,-2.329,-0.492,-0.219,-0.175,-5.013,2.752,4.52516680171304,,4.52516680171304
599,,,,,,,,,,,,,,,,,,,,,,,,,,,,449,Craig Stammen,SDN,RIGHT,RP,40.66666666666667,1,33,45,22,20,9,10,35,1,2,0,0,0,4.426,1.353,5,1,0.123,-1.798,-2.136,-0.492,-0.292,-0.298,-5.016,2.749,4.520233843716987,,4.520233843716987
600,134,Max Muncy,LAN,136,5,LEFT,565,464,91,69,21,69,90,2,0,0.196,3B| 2B| DH,-0.044,0.232,0.112,-0.757,-2.036,-2.493,1.7550000000000003,4.248,4.517892029199132,,,,,,,,,,,,,,,,,,,,,,,,,,,,,,,,,,,4.517892029199132
601,,,,,,,,,,,,,,,,,,,,,,,,,,,,450,Logan Gillaspie,SDN| BAL,RIGHT,RP,17.333333333333332,0,17,20,8,6,1,3,10,1,0,0,0,0,3.115,1.327,0,0,0.0,-1.798,-2.672,-0.492,0.05,-0.109,-5.021,2.744,4.512012247056898,,4.512012247056898
602,,,,,,,,,,,,,,,,,,,,,,,,,,,,451,Phoenix Sanders,TBA,RIGHT,RP,14.666666666666666,0,8,12,5,5,0,3,12,0,0,0,0,0,3.068,1.023,0,0,0.0,-2.033,-2.629,-0.492,0.047,0.086,-5.022,2.7429999999999994,4.51036792772488,,4.51036792772488
603,,,,,,,,,,,,,,,,,,,,,,,,,,,,452,Shane Baz,TBA,RIGHT,SP,27.0,6,6,27,15,15,5,9,30,1,2,0,0,0,5.0,1.333,1,0,0.037,-1.798,-2.243,-0.492,-0.313,-0.177,-5.023,2.742,4.508723608392863,,4.508723608392863
604,152,Raimel Tapia,COL| TOR| BOS| MIL| TBA,127,7,LEFT,433,411,109,47,7,52,16,8,2,0.265,CF| LF| RF,-1.302,-1.225,-0.709,-0.029,0.223,-3.043,1.7429999999999994,4.786,4.4870004597687085,,,,,,,,,,,,,,,,,,,,,,,,,,,,,,,,,,,4.4870004597687085
605,,,,,,,,,,,,,,,,,,,,,,,,,,,,453,Jake Bird,COL| NYA,RIGHT,RP,47.66666666666666,0,38,45,29,26,7,23,42,2,4,0,0,0,4.909,1.427,4,0,0.084,-1.562,-1.986,-0.492,-0.519,-0.49,-5.049,2.7159999999999997,4.465971305760399,,4.465971305760399
606,,,,,,,,,,,,,,,,,,,,,,,,,,,,454,Dauri Moreta,PIT| CIN,RIGHT,RP,38.333333333333336,1,35,32,24,23,10,13,39,0,2,1,0,0,5.4,1.174,0,0,0.0,-2.033,-2.051,-0.399,-0.561,-0.008,-5.051,2.7139999999999995,4.462682667096363,,4.462682667096363
607,,,,,,,,,,,,,,,,,,,,,,,,,,,,455,Jacob Barnes,TOR| ANA| NYN| DET| NYA| SLN| WAS,RIGHT,RP,22.333333333333336,0,23,23,14,14,3,9,12,3,1,0,0,0,5.642,1.433,1,0,0.045,-1.327,-2.629,-0.492,-0.368,-0.235,-5.051,2.7139999999999995,4.462682667096363,,4.462682667096363
608,,,,,,,,,,,,,,,,,,,,,,,,,,,,456,Keynan Middleton,ANA| SEA| ARI| CHA| NYA,RIGHT,RP,17.0,0,18,16,13,10,5,3,15,1,2,0,0,0,5.294,1.118,3,0,0.176,-1.798,-2.565,-0.492,-0.235,0.035,-5.055,2.71,4.456105389768292,,4.456105389768292
609,,,,,,,,,,,,,,,,,,,,,,,,,,,,458,Angel De Jesus,DET,RIGHT,RP,12.666666666666664,0,8,9,3,3,2,4,7,0,0,0,0,0,2.132,1.026,0,0,0.0,-2.033,-2.736,-0.492,0.132,0.072,-5.058,2.707,4.451172431772239,,4.451172431772239
610,,,,,,,,,,,,,,,,,,,,,,,,,,,,457,Jose Alvarez,PHI| SFN,LEFT,RP,15.333333333333334,0,21,17,10,9,3,9,15,2,1,1,0,0,5.283,1.696,0,0,0.0,-1.562,-2.565,-0.399,-0.211,-0.322,-5.058,2.707,4.451172431772239,,4.451172431772239
611,,,,,,,,,,,,,,,,,,,,,,,,,,,,459,Ralph Garza,HOU| MIN| TBA,RIGHT,RP,35.0,0,19,38,14,13,4,16,17,2,2,0,0,0,3.343,1.543,0,0,0.0,-1.562,-2.522,-0.492,0.039,-0.522,-5.059,2.7059999999999995,4.449528112440221,,4.449528112440221
612,164,Luis Urias,ATH| MIL| BOS| SEA,119,7,RIGHT,472,406,97,54,16,47,50,1,2,0.239,3B| SS| 2B,-0.902,-0.288,-0.951,-0.879,-0.542,-3.561,1.7279999999999998,5.289,4.448385997980682,,,,,,,,,,,,,,,,,,,,,,,,,,,,,,,,,,,4.448385997980682
613,,,,,,,,,,,,,,,,,,,,,,,,,,,,460,Zack Kelly,BOS,RIGHT,RP,13.666666666666668,0,13,14,6,6,2,4,11,1,0,0,0,0,3.951,1.317,1,1,0.073,-1.798,-2.651,-0.492,-0.048,-0.081,-5.069,2.696,4.433084919120043,,4.433084919120043
614,,,,,,,,,,,,,,,,,,,,,,,,,,,,461,Andre Jackson,LAN| PIT,RIGHT,RP,9.666666666666666,0,4,9,3,2,0,4,9,0,0,1,0,0,1.862,1.345,0,0,0.0,-2.033,-2.693,-0.399,0.12,-0.068,-5.073,2.6919999999999997,4.426507641791971,,4.426507641791971
615,,,,,,,,,,,,,,,,,,,,,,,,,,,,463,Jack Flaherty,DET| SLN| BAL| LAN,RIGHT,SP,36.0,8,9,36,18,17,4,22,33,2,1,0,0,0,4.25,1.611,1,0,0.028,-1.562,-2.179,-0.492,-0.21,-0.635,-5.078,2.6869999999999994,4.4182860451318815,,4.4182860451318815
616,,,,,,,,,,,,,,,,,,,,,,,,,,,,462,Jhonathan Diaz,SEA| ANA,LEFT,SP,15.333333333333334,3,4,13,5,5,1,10,11,1,1,0,0,0,2.935,1.5,1,0,0.065,-1.798,-2.651,-0.492,0.065,-0.202,-5.078,2.6869999999999994,4.4182860451318815,,4.4182860451318815
617,136,Ketel Marte,ARI,137,3,SWITCH,558,492,118,68,12,52,55,5,1,0.24,DH| 2B,-0.101,-0.705,-0.709,-0.393,-0.624,-2.532,1.7160000000000002,4.248,4.417494428550262,,,,,,,,,,,,,,,,,,,,,,,,,,,,,,,,,,,4.417494428550262
618,,,,,,,,,,,,,,,,,,,,,,,,,,,,464,Cristopher Sanchez,PHI,LEFT,SP| RP,40.0,3,15,38,25,25,5,17,35,2,2,1,0,0,5.625,1.375,1,1,0.025,-1.562,-2.136,-0.399,-0.655,-0.329,-5.08,2.685,4.414997406467847,,4.414997406467847
619,,,,,,,,,,,,,,,,,,,,,,,,,,,,465,Jordan Weems,HOU| OAK| ARI| WAS,RIGHT,RP,39.66666666666666,0,32,35,24,23,7,12,41,0,1,0,0,0,5.218,1.185,0,0,0.0,-2.033,-2.008,-0.492,-0.526,-0.025,-5.084,2.681,4.408420129139776,,4.408420129139776
620,,,,,,,,,,,,,,,,,,,,,,,,,,,,466,Danny Coulombe,MIN| TEX| BAL,LEFT,RP,12.333333333333334,0,10,7,3,2,0,9,9,0,0,0,0,0,1.46,1.297,3,0,0.243,-2.033,-2.693,-0.492,0.192,-0.063,-5.09,2.675,4.398554213147669,,4.398554213147669
621,,,,,,,,,,,,,,,,,,,,,,,,,,,,467,J. B. Wendelken,OAK| ARI,RIGHT,RP,29.000000000000004,0,29,25,18,17,4,14,21,2,1,0,0,0,5.276,1.345,2,2,0.069,-1.562,-2.436,-0.492,-0.397,-0.203,-5.091,2.6739999999999995,4.396909893815651,,4.396909893815651
622,,,,,,,,,,,,,,,,,,,,,,,,,,,,468,Cody Poteet,BAL| MIA| NYA,RIGHT,RP,28.000000000000004,2,12,23,12,12,4,11,21,0,1,0,0,0,3.857,1.214,1,2,0.036,-2.033,-2.436,-0.492,-0.079,-0.051,-5.091,2.6739999999999995,4.396909893815651,,4.396909893815651
623,,,,,,,,,,,,,,,,,,,,,,,,,,,,469,Matt Swarmer,CHN,RIGHT,SP| RP,33.99999999999999,5,11,33,26,19,12,20,36,2,3,0,0,0,5.029,1.559,3,1,0.088,-1.562,-2.115,-0.492,-0.401,-0.529,-5.099,2.6659999999999995,4.383755339159507,,4.383755339159507
624,,,,,,,,,,,,,,,,,,,,,,,,,,,,470,Kodi Whitley,SLN,RIGHT,RP,12.666666666666666,0,14,11,8,8,2,9,12,2,0,0,0,0,5.684,1.579,0,0,0.0,-1.562,-2.629,-0.492,-0.213,-0.207,-5.103,2.662,4.3771780618314375,,4.3771780618314375
625,,,,,,,,,,,,,,,,,,,,,,,,,,,,471,Pierce Johnson,ATL| SDN| COL,RIGHT,RP,14.333333333333332,0,15,14,8,8,1,8,21,1,2,0,0,0,5.023,1.535,2,0,0.14,-1.798,-2.436,-0.492,-0.168,-0.209,-5.104,2.661,4.375533742499419,,4.375533742499419
626,,,,,,,,,,,,,,,,,,,,,,,,,,,,472,Justus Sheffield,SEA,LEFT,RP,11.666666666666666,1,6,9,5,5,1,6,7,1,0,0,0,0,3.857,1.286,0,0,0.0,-1.798,-2.736,-0.492,-0.033,-0.054,-5.113,2.6519999999999992,4.360734868511258,,4.360734868511258
627,212,Christian Bethancourt,OAK| TBA| CHN| MIA,99,6,RIGHT,333,318,80,38,11,34,12,5,1,0.252,1B| CC,-1.817,-0.809,-1.579,-0.393,-0.137,-4.734,1.6920000000000002,6.426,4.35571128968942,,,,,,,,,,,,,,,,,,,,,,,,,,,,,,,,,,,4.35571128968942
628,,,,,,,,,,,,,,,,,,,,,,,,,,,,473,Tommy Henry,ARI,LEFT,SP,47.0,9,9,47,28,28,10,21,36,3,4,0,0,0,5.362,1.447,2,0,0.043,-1.327,-2.115,-0.492,-0.674,-0.521,-5.129,2.636,4.334425759198974,,4.334425759198974
629,,,,,,,,,,,,,,,,,,,,,,,,,,,,474,Ryan Borucki,PIT| TOR| SEA,LEFT,RP,25.33333333333333,0,32,24,16,16,6,11,21,2,0,0,0,0,5.684,1.382,3,1,0.118,-1.562,-2.436,-0.492,-0.426,-0.215,-5.131,2.6339999999999995,4.331137120534938,,4.331137120534938
630,,,,,,,,,,,,,,,,,,,,,,,,,,,,475,Chase Anderson,TOR| PHI| CIN| COL| TBA| BOS| TEX,RIGHT,SP,24.0,7,9,17,18,17,3,15,23,2,4,0,0,0,6.375,1.333,2,2,0.083,-1.562,-2.393,-0.492,-0.531,-0.157,-5.136,2.629,4.3229155238748485,,4.3229155238748485
631,,,,,,,,,,,,,,,,,,,,,,,,,,,,476,Luis Ortiz,CLE| PIT,RIGHT,SP,16.000000000000004,4,4,8,9,8,1,10,17,0,2,0,0,0,4.5,1.125,0,0,0.0,-2.033,-2.522,-0.492,-0.124,0.028,-5.143,2.622,4.311405288550724,,4.311405288550724
632,215,Jose Trevino,CIN| TEX| NYA,105,8,RIGHT,353,335,83,38,11,43,15,2,1,0.248,CC,-1.817,-0.809,-1.144,-0.757,-0.236,-4.762,1.6640000000000006,6.426,4.283630961018437,,,,,,,,,,,,,,,,,,,,,,,,,,,,,,,,,,,4.283630961018437
633,,,,,,,,,,,,,,,,,,,,,,,,,,,,478,Mark Appel,PHI,RIGHT,RP,10.333333333333334,0,6,9,2,2,0,3,5,0,0,0,0,0,1.742,1.161,0,1,0.0,-2.033,-2.779,-0.492,0.138,0.003,-5.163,2.6019999999999994,4.278518901910367,,4.278518901910367
634,,,,,,,,,,,,,,,,,,,,,,,,,,,,477,Juan Minaya,MIN,RIGHT,RP,9.666666666666668,0,6,8,6,6,0,5,11,1,0,0,0,0,5.586,1.345,1,0,0.103,-1.798,-2.651,-0.492,-0.155,-0.068,-5.163,2.6019999999999994,4.278518901910367,,4.278518901910367
635,,,,,,,,,,,,,,,,,,,,,,,,,,,,479,Calvin Faucher,MIA| TBA,RIGHT,RP,21.33333333333333,0,22,26,16,13,4,10,21,2,3,1,0,0,5.484,1.688,4,0,0.188,-1.562,-2.436,-0.399,-0.326,-0.441,-5.164,2.601,4.27687458257835,,4.27687458257835
636,,,,,,,,,,,,,,,,,,,,,,,,,,,,480,Humberto Castellanos,HOU| ARI,RIGHT,SP,44.33333333333333,9,11,50,29,28,7,12,32,3,2,0,0,0,5.684,1.399,1,0,0.023,-1.327,-2.201,-0.492,-0.746,-0.406,-5.171,2.5939999999999994,4.265364347254224,,4.265364347254224
637,,,,,,,,,,,,,,,,,,,,,,,,,,,,481,Javy Guerra,SDN| TBA| MIL,RIGHT,RP,18.0,0,18,16,11,10,3,11,10,2,1,0,0,0,5.0,1.5,0,0,0.0,-1.562,-2.672,-0.492,-0.208,-0.238,-5.172,2.593,4.263720027922208,,4.263720027922208
638,,,,,,,,,,,,,,,,,,,,,,,,,,,,482,Garrett Richards,SDN| BOS| TEX,RIGHT,RP,42.66666666666667,2,32,44,28,25,3,13,36,1,1,1,0,0,5.273,1.336,4,1,0.094,-1.798,-2.115,-0.399,-0.583,-0.284,-5.179,2.5859999999999994,4.252209792598082,,4.252209792598082
639,,,,,,,,,,,,,,,,,,,,,,,,,,,,483,Archie Bradley,ARI| CIN| PHI| ANA| MIA,RIGHT,RP,18.666666666666668,0,21,17,13,10,1,7,15,0,1,2,0,0,4.821,1.286,4,0,0.214,-2.033,-2.565,-0.305,-0.191,-0.087,-5.181,2.584,4.248921153934047,,4.248921153934047
640,,,,,,,,,,,,,,,,,,,,,,,,,,,,484,Josh Rogers,WAS| COL,LEFT,SP| RP,26.33333333333333,3,16,24,15,15,6,11,12,2,2,0,0,0,5.127,1.329,0,1,0.0,-1.562,-2.629,-0.492,-0.33,-0.168,-5.182,2.5829999999999997,4.247276834602029,,4.247276834602029
641,,,,,,,,,,,,,,,,,,,,,,,,,,,,485,Austin Gomber,COL| SLN,LEFT,SP| RP,124.66666666666669,17,33,137,80,77,20,34,95,5,7,0,0,0,5.559,1.372,8,4,0.064,-0.855,-0.851,-0.492,-1.977,-1.008,-5.183,2.582,4.245632515270011,,4.245632515270011
642,,,,,,,,,,,,,,,,,,,,,,,,,,,,486,Brandon Bielak,HOU| OAK,RIGHT,RP,12.333333333333334,0,5,11,5,5,2,4,12,0,0,0,0,0,3.649,1.216,0,0,0.0,-2.033,-2.629,-0.492,-0.015,-0.023,-5.193,2.572,4.229189321949834,,4.229189321949834
643,,,,,,,,,,,,,,,,,,,,,,,,,,,,487,Kyle Barraclough,MIN| ANA| BOS,RIGHT,RP,9.0,0,8,7,3,3,0,4,9,0,1,0,0,0,3.0,1.222,1,1,0.111,-2.033,-2.693,-0.492,0.034,-0.019,-5.204,2.561,4.211101809297637,,4.211101809297637
644,,,,,,,,,,,,,,,,,,,,,,,,,,,,488,Reiss Knehr,SDN,RIGHT,RP,13.666666666666666,1,5,11,6,6,1,4,10,0,0,0,0,0,3.951,1.098,0,0,0.0,-2.033,-2.672,-0.492,-0.048,0.039,-5.207,2.558,4.206168851301584,,4.206168851301584
645,,,,,,,,,,,,,,,,,,,,,,,,,,,,489,Sam Selman,SFN| ANA| OAK,LEFT,RP,18.33333333333333,0,16,16,10,10,4,5,18,0,0,0,0,0,4.909,1.145,1,1,0.055,-2.033,-2.501,-0.492,-0.199,0.017,-5.208,2.5569999999999995,4.204524531969565,,4.204524531969565
646,,,,,,,,,,,,,,,,,,,,,,,,,,,,490,DL Hall,MIL| BAL,LEFT,RP,13.666666666666666,1,11,17,9,9,0,6,19,1,1,1,0,0,5.927,1.683,2,0,0.146,-1.798,-2.479,-0.399,-0.255,-0.28,-5.211,2.5539999999999994,4.199591573973512,,4.199591573973512
647,,,,,,,,,,,,,,,,,,,,,,,,,,,,491,Mauricio Llovera,PHI| SFN| BOS,RIGHT,RP,16.333333333333336,1,17,14,8,8,2,8,20,0,0,0,0,0,4.408,1.347,2,0,0.122,-2.033,-2.458,-0.492,-0.115,-0.116,-5.214,2.5509999999999997,4.194658615977458,,4.194658615977458
648,,,,,,,,,,,,,,,,,,,,,,,,,,,,492,Jeremy Beasley,ARI| TOR,RIGHT,RP,15.0,0,9,14,9,8,4,5,19,0,0,0,0,0,4.8,1.267,0,2,0.0,-2.033,-2.479,-0.492,-0.151,-0.058,-5.214,2.5509999999999997,4.194658615977458,,4.194658615977458
649,,,,,,,,,,,,,,,,,,,,,,,,,,,,493,Miguel Sanchez,MIL,RIGHT,RP,13.333333333333332,0,12,12,7,6,3,8,9,1,1,0,0,0,4.05,1.5,0,0,0.0,-1.798,-2.693,-0.492,-0.057,-0.176,-5.216,2.5489999999999995,4.191369977313423,,4.191369977313423
650,,,,,,,,,,,,,,,,,,,,,,,,,,,,494,Michael Grove,LAN,RIGHT,SP,29.33333333333333,6,7,32,21,15,6,10,24,1,0,0,0,0,4.602,1.432,6,0,0.205,-1.798,-2.372,-0.492,-0.25,-0.308,-5.22,2.545,4.184792699985352,,4.184792699985352
651,,,,,,,,,,,,,,,,,,,,,,,,,,,,495,Austin Warren,NYN| ANA| SFN,RIGHT,RP,16.0,0,14,19,10,10,3,5,9,2,0,0,0,0,5.625,1.5,1,0,0.062,-1.562,-2.693,-0.492,-0.262,-0.211,-5.221,2.544,4.183148380653334,,4.183148380653334
652,,,,,,,,,,,,,,,,,,,,,,,,,,,,496,Hyun Jin Ryu,TOR,LEFT,SP,27.0,6,6,32,17,17,5,4,16,2,0,0,0,0,5.667,1.333,0,0,0.0,-1.562,-2.543,-0.492,-0.45,-0.177,-5.225,2.54,4.176571103325263,,4.176571103325263
653,,,,,,,,,,,,,,,,,,,,,,,,,,,,497,Tyler Holton,DET| ARI,LEFT,RP,9.0,0,10,8,3,3,1,2,6,0,0,0,0,0,3.0,1.111,0,0,0.0,-2.033,-2.758,-0.492,0.034,0.021,-5.229,2.536,4.169993825997191,,4.169993825997191
654,,,,,,,,,,,,,,,,,,,,,,,,,,,,498,Josh Staumont,KCA| MIN,RIGHT,RP,37.66666666666666,0,42,37,28,27,3,29,43,3,3,3,0,0,6.451,1.752,3,1,0.08,-1.327,-1.965,-0.212,-0.855,-0.876,-5.234,2.531,4.161772229337102,,4.161772229337102
655,,,,,,,,,,,,,,,,,,,,,,,,,,,,499,Jake Reed,LAN| NYN| BAL,RIGHT,RP,16.666666666666668,0,18,17,15,13,2,8,13,2,0,1,0,0,7.02,1.5,0,0,0.0,-1.562,-2.608,-0.399,-0.451,-0.22,-5.239,2.526,4.153550632677014,,4.153550632677014
656,,,,,,,,,,,,,,,,,,,,,,,,,,,,500,Phillips Valdez,BOS,RIGHT,RP,16.333333333333336,0,13,12,11,8,0,7,13,0,1,0,0,0,4.408,1.163,2,0,0.122,-2.033,-2.608,-0.492,-0.115,0.004,-5.244,2.521,4.145329036016925,,4.145329036016925
657,154,Tony Kemp,OAK| BAL,147,1,LEFT,558,497,117,61,7,46,45,11,1,0.235,2B| LF,-0.502,-1.225,-0.999,0.335,-0.787,-3.178,1.6079999999999997,4.786,4.139470303676468,,,,,,,,,,,,,,,,,,,,,,,,,,,,,,,,,,,4.139470303676468
658,,,,,,,,,,,,,,,,,,,,,,,,,,,,501,Trevor Rogers,BAL| MIA,LEFT,SP,107.0,23,23,116,69,65,15,45,106,4,11,0,0,0,5.467,1.505,8,0,0.075,-1.091,-0.615,-0.492,-1.622,-1.433,-5.253,2.512,4.130530162028764,,4.130530162028764
659,,,,,,,,,,,,,,,,,,,,,,,,,,,,502,Cole Sulser,TBA| BAL| MIA| ARI| NYN,RIGHT,RP,34.0,0,39,39,23,20,6,16,38,1,4,2,0,0,5.294,1.618,2,2,0.059,-1.798,-2.072,-0.305,-0.47,-0.608,-5.254,2.511,4.1288858426967465,,4.1288858426967465
660,,,,,,,,,,,,,,,,,,,,,,,,,,,,503,Ryan Burr,TOR| CHA,RIGHT,RP,9.0,0,8,8,7,6,3,4,7,1,1,0,0,0,6.0,1.333,1,0,0.111,-1.798,-2.736,-0.492,-0.173,-0.059,-5.258,2.507,4.122308565368675,,4.122308565368675
661,,,,,,,,,,,,,,,,,,,,,,,,,,,,504,Daniel Castano,MIA,LEFT,SP| RP,35.666666666666664,7,10,42,20,16,5,9,20,1,3,0,0,0,4.037,1.43,0,1,0.0,-1.798,-2.458,-0.492,-0.15,-0.371,-5.269,2.496,4.104221052716478,,4.104221052716478
662,,,,,,,,,,,,,,,,,,,,,,,,,,,,505,Tyler Thornburg,CIN| ATL| MIN,RIGHT,RP,19.0,0,14,16,10,7,1,11,14,0,1,0,0,0,3.316,1.421,0,0,0.0,-2.033,-2.586,-0.492,0.025,-0.191,-5.277,2.4879999999999995,4.091066498060336,,4.091066498060336
663,,,,,,,,,,,,,,,,,,,,,,,,,,,,506,Junior Fernandez,SLN| PIT,RIGHT,RP,18.666666666666664,0,16,18,6,5,3,12,14,0,0,0,0,0,2.411,1.607,0,0,0.0,-2.033,-2.586,-0.492,0.154,-0.326,-5.284,2.481,4.079556262736212,,4.079556262736212
664,,,,,,,,,,,,,,,,,,,,,,,,,,,,507,Blake Taylor,HOU,LEFT,RP,16.0,0,19,15,7,7,1,10,9,1,1,0,0,0,3.938,1.562,0,0,0.0,-1.798,-2.693,-0.492,-0.055,-0.251,-5.289,2.476,4.0713346660761225,,4.0713346660761225
665,,,,,,,,,,,,,,,,,,,,,,,,,,,,508,Wyatt Mills,SEA| KCA,RIGHT,RP,29.33333333333334,0,27,26,15,15,1,13,26,0,1,0,0,0,4.602,1.329,2,1,0.068,-2.033,-2.329,-0.492,-0.25,-0.188,-5.293,2.4719999999999995,4.064757388748051,,4.064757388748051
666,,,,,,,,,,,,,,,,,,,,,,,,,,,,509,Brad Keller,CHN| KCA| BOS| CHA,RIGHT,SP| RP,139.66666666666669,22,35,153,86,79,17,57,102,6,14,1,0,0,5.091,1.504,5,2,0.036,-0.62,-0.701,-0.399,-1.714,-1.864,-5.297,2.468,4.05818011141998,,4.05818011141998
667,,,,,,,,,,,,,,,,,,,,,,,,,,,,510,Beau Sulser,BAL| PIT,RIGHT,RP,22.33333333333333,0,10,24,14,9,3,9,19,0,0,0,0,0,3.627,1.478,1,0,0.045,-2.033,-2.479,-0.492,-0.024,-0.275,-5.303,2.462,4.0483141954278725,,4.0483141954278725
668,,,,,,,,,,,,,,,,,,,,,,,,,,,,511,Art Warren,CIN,RIGHT,RP,35.99999999999999,0,39,37,29,26,6,22,40,2,3,3,0,0,6.5,1.639,9,1,0.25,-1.562,-2.029,-0.212,-0.83,-0.675,-5.308,2.457,4.040092598767784,,4.040092598767784
669,,,,,,,,,,,,,,,,,,,,,,,,,,,,512,Joe Kelly,LAN| CHA,RIGHT,RP,37.00000000000001,1,43,36,26,25,2,23,53,1,3,1,0,0,6.081,1.595,4,0,0.108,-1.798,-1.751,-0.399,-0.735,-0.628,-5.31,2.455,4.036803960103748,,4.036803960103748
670,,,,,,,,,,,,,,,,,,,,,,,,,,,,513,Dinelson Lamet,SDN| COL| BOS| LAN,RIGHT,RP,32.333333333333336,0,32,30,23,22,4,19,45,1,2,0,0,0,6.124,1.516,4,0,0.124,-1.798,-1.922,-0.492,-0.653,-0.447,-5.311,2.454,4.03515964077173,,4.03515964077173
671,,,,,,,,,,,,,,,,,,,,,,,,,,,,514,Packy Naughton,ANA| SLN,LEFT,SP| RP,32.0,3,26,39,17,17,3,7,31,0,2,1,0,0,4.781,1.438,0,0,0.0,-2.033,-2.222,-0.399,-0.317,-0.343,-5.314,2.451,4.030226682775677,,4.030226682775677
672,156,Nick Gordon,MIN| MIA,129,7,LEFT,443,405,110,43,9,50,19,6,3,0.272,CF| LF| 2B,-1.531,-1.017,-0.806,-0.272,0.404,-3.221,1.5649999999999995,4.786,4.028775513217457,,,,,,,,,,,,,,,,,,,,,,,,,,,,,,,,,,,4.028775513217457
673,,,,,,,,,,,,,,,,,,,,,,,,,,,,515,Ross Detwiler,CHA| MIA| SDN| CIN,LEFT,RP,26.333333333333336,0,30,31,13,13,5,10,28,0,2,1,0,0,4.443,1.557,0,0,0.0,-2.033,-2.286,-0.399,-0.192,-0.408,-5.318,2.447,4.023649405447606,,4.023649405447606
674,,,,,,,,,,,,,,,,,,,,,,,,,,,,516,Tommy Milone,ATL| BAL| TOR| SEA,LEFT,RP,16.666666666666668,0,7,14,10,10,4,6,5,1,1,0,0,0,5.4,1.2,0,1,0.0,-1.798,-2.779,-0.492,-0.244,-0.021,-5.333,2.4319999999999995,3.998984615467338,,3.998984615467338
675,,,,,,,,,,,,,,,,,,,,,,,,,,,,517,Ryan Feltner,COL,RIGHT,SP,97.33333333333331,19,20,102,65,63,16,35,84,4,9,0,0,0,5.825,1.407,10,1,0.103,-1.091,-1.087,-0.492,-1.742,-0.926,-5.338,2.427,3.990763018807249,,3.990763018807249
676,,,,,,,,,,,,,,,,,,,,,,,,,,,,518,Jake Fishman,MIA,LEFT,RP,11.000000000000002,0,7,13,5,5,0,0,6,0,0,0,0,0,4.091,1.182,0,0,0.0,-2.033,-2.758,-0.492,-0.051,-0.006,-5.339,2.4259999999999997,3.989118699475231,,3.989118699475231
677,,,,,,,,,,,,,,,,,,,,,,,,,,,,519,John King,SLN| TEX,LEFT,RP,51.33333333333333,0,39,61,27,23,5,14,30,1,4,0,0,0,4.032,1.461,4,0,0.078,-1.798,-2.243,-0.492,-0.214,-0.598,-5.345,2.42,3.979252783483125,,3.979252783483125
678,,,,,,,,,,,,,,,,,,,,,,,,,,,,520,Robert Gsellman,NYN| CHN,RIGHT,RP,15.333333333333334,0,8,17,10,8,2,3,9,0,2,1,0,0,4.696,1.304,0,0,0.0,-2.033,-2.693,-0.399,-0.142,-0.083,-5.35,2.415,3.971031186823036,,3.971031186823036
679,,,,,,,,,,,,,,,,,,,,,,,,,,,,521,Jackson Tetreault,WAS,RIGHT,SP,21.0,4,4,23,15,12,4,10,9,2,2,0,0,0,5.143,1.571,1,0,0.048,-1.562,-2.693,-0.492,-0.266,-0.337,-5.351,2.414,3.969386867491017,,3.969386867491017
680,,,,,,,,,,,,,,,,,,,,,,,,,,,,522,Ryan Brasier,CHN| BOS| LAN,RIGHT,RP,62.33333333333333,0,68,68,43,40,9,13,64,0,3,1,0,0,5.775,1.3,7,0,0.112,-2.033,-1.515,-0.399,-1.092,-0.324,-5.363,2.4019999999999992,3.9496550355068023,,3.9496550355068023
681,,,,,,,,,,,,,,,,,,,,,,,,,,,,523,Tony Santillan,CIN,RIGHT,RP,19.666666666666668,0,21,23,14,12,1,12,21,0,1,4,0,0,5.492,1.78,0,0,0.0,-2.033,-2.436,-0.118,-0.302,-0.479,-5.369,2.396,3.939789119514697,,3.939789119514697
682,,,,,,,,,,,,,,,,,,,,,,,,,,,,524,Adrian Martinez,OAK,RIGHT,SP,57.66666666666666,12,12,69,42,40,13,19,53,4,6,0,0,0,6.243,1.526,3,2,0.052,-1.091,-1.751,-0.492,-1.217,-0.821,-5.371,2.3939999999999992,3.93650048085066,,3.93650048085066
683,,,,,,,,,,,,,,,,,,,,,,,,,,,,525,Collin Wiles,OAK,RIGHT,RP,9.666666666666666,0,4,11,6,5,1,2,9,0,0,0,0,0,4.655,1.345,1,0,0.103,-2.033,-2.693,-0.492,-0.086,-0.068,-5.373,2.3919999999999995,3.933211842186625,,3.933211842186625
684,,,,,,,,,,,,,,,,,,,,,,,,,,,,526,Kolby Allard,CLE| TEX| ATL| PHI,LEFT,RP,21.0,0,10,21,17,17,9,6,19,1,2,1,0,0,7.286,1.286,0,1,0.0,-1.798,-2.479,-0.399,-0.611,-0.098,-5.384,2.381,3.9151243295344287,,3.9151243295344287
685,123,Eduardo Escobar,ARI| MIL| NYN| ANA,135,5,SWITCH,542,495,119,58,20,69,40,0,2,0.24,3B,-0.673,0.128,0.112,-1.0,-0.608,-2.041,1.52,3.561,3.912932127853378,,,,,,,,,,,,,,,,,,,,,,,,,,,,,,,,,,,3.912932127853378
686,,,,,,,,,,,,,,,,,,,,,,,,,,,,527,JoJo Romero,SLN| PHI,LEFT,RP,16.333333333333336,0,17,13,9,9,3,10,17,0,0,0,0,0,4.959,1.408,0,1,0.0,-2.033,-2.522,-0.492,-0.184,-0.156,-5.387,2.378,3.9101913715383767,,3.9101913715383767
687,,,,,,,,,,,,,,,,,,,,,,,,,,,,528,James Naile,SLN,RIGHT,RP,9.0,0,7,8,5,5,2,2,5,0,0,0,0,0,5.0,1.111,1,0,0.111,-2.033,-2.779,-0.492,-0.104,0.021,-5.388,2.377,3.9085470522063583,,3.9085470522063583
688,,,,,,,,,,,,,,,,,,,,,,,,,,,,529,Hansel Robles,ANA| BOS| MIN,RIGHT,RP,24.666666666666668,0,26,25,19,16,5,14,21,1,3,2,0,0,5.838,1.581,3,1,0.122,-1.798,-2.436,-0.305,-0.444,-0.405,-5.389,2.3759999999999994,3.90690273287434,,3.90690273287434
689,,,,,,,,,,,,,,,,,,,,,,,,,,,,530,Josh Sborz,LAN| TEX,RIGHT,RP,22.333333333333336,1,19,25,16,16,4,11,32,1,0,0,0,0,6.448,1.612,5,2,0.224,-1.798,-2.201,-0.492,-0.506,-0.395,-5.391,2.374,3.9036140942103046,,3.9036140942103046
690,,,,,,,,,,,,,,,,,,,,,,,,,,,,531,Yoan Lopez,ARI| NYN,RIGHT,RP,11.0,0,8,14,8,7,2,5,10,1,0,0,0,0,5.727,1.727,2,0,0.182,-1.798,-2.672,-0.492,-0.189,-0.245,-5.395,2.37,3.897036816882234,,3.897036816882234
691,,,,,,,,,,,,,,,,,,,,,,,,,,,,532,Collin Snider,SEA| KCA,RIGHT,RP,34.333333333333336,0,42,40,25,25,3,15,22,4,2,0,0,0,6.553,1.602,0,0,0.0,-1.091,-2.415,-0.492,-0.806,-0.593,-5.397,2.3679999999999994,3.8937481782181975,,3.8937481782181975
692,,,,,,,,,,,,,,,,,,,,,,,,,,,,533,Drew Hutchison,DET,RIGHT,SP| RP,105.33333333333331,18,28,114,58,53,15,42,68,3,9,0,0,0,4.529,1.481,8,1,0.076,-1.327,-1.429,-0.492,-0.839,-1.311,-5.398,2.367,3.892103858886181,,3.892103858886181
693,,,,,,,,,,,,,,,,,,,,,,,,,,,,534,Taylor Widener,ARI,RIGHT,RP,17.333333333333336,0,14,22,8,7,2,5,14,0,1,0,0,0,3.635,1.558,2,0,0.115,-2.033,-2.586,-0.492,-0.019,-0.269,-5.4,2.3649999999999998,3.888815220222144,,3.888815220222144
694,,,,,,,,,,,,,,,,,,,,,,,,,,,,535,Kenny Rosenberg,ANA,LEFT,P,10.666666666666668,1,3,9,5,5,1,6,8,0,0,0,0,0,4.219,1.406,0,1,0.0,-2.033,-2.715,-0.492,-0.06,-0.101,-5.401,2.364,3.887170900890127,,3.887170900890127
695,,,,,,,,,,,,,,,,,,,,,,,,,,,,536,Trevor Kelley,PHI| MIL| TBA,RIGHT,RP,23.666666666666664,0,18,25,17,16,7,9,23,1,0,0,0,0,6.085,1.437,2,0,0.085,-1.798,-2.393,-0.492,-0.471,-0.253,-5.406,2.359,3.878949304230038,,3.878949304230038
696,,,,,,,,,,,,,,,,,,,,,,,,,,,,537,Chasen Shreve,NYN| PIT| CIN| DET| COL,LEFT,RP,26.33333333333333,0,25,27,19,19,6,10,29,1,1,0,0,0,6.494,1.405,1,2,0.038,-1.798,-2.265,-0.492,-0.606,-0.248,-5.409,2.356,3.874016346233984,,3.874016346233984
697,,,,,,,,,,,,,,,,,,,,,,,,,,,,538,Elieser Hernandez,MIA| LAN| MIL,RIGHT,SP| RP,62.33333333333334,10,20,67,48,44,19,22,60,3,6,0,0,0,6.353,1.428,5,3,0.08,-1.327,-1.601,-0.492,-1.368,-0.644,-5.43,2.335,3.83948564026161,,3.83948564026161
698,,,,,,,,,,,,,,,,,,,,,,,,,,,,539,Joe Smith,HOU| SEA| MIN,RIGHT,RP,27.33333333333333,0,34,33,18,14,7,9,17,1,1,0,0,0,4.61,1.537,2,0,0.073,-1.798,-2.522,-0.492,-0.235,-0.401,-5.447,2.318,3.8115322116173065,,3.8115322116173065
699,,,,,,,,,,,,,,,,,,,,,,,,,,,,540,Hanser Alberto,BAL| KCA| LAN| CHA,RIGHT,RP,11.0,0,10,10,5,5,2,3,1,0,0,0,0,0,4.091,1.182,0,0,0.0,-2.033,-2.865,-0.492,-0.051,-0.006,-5.447,2.318,3.8115322116173065,,3.8115322116173065
700,,,,,,,,,,,,,,,,,,,,,,,,,,,,541,Joel Kuhnel,CIN| HOU| TBA,RIGHT,RP,58.000000000000014,0,53,67,41,41,8,14,56,2,3,1,0,0,6.362,1.397,2,2,0.034,-1.562,-1.686,-0.399,-1.277,-0.526,-5.45,2.3149999999999995,3.806599253621253,,3.806599253621253
701,,,,,,,,,,,,,,,,,,,,,,,,,,,,542,Chris Devenski,NYN| HOU| ARI| PHI| ANA| TBA,RIGHT,RP,14.666666666666666,0,13,21,14,14,3,1,12,2,1,0,0,0,8.591,1.5,4,0,0.273,-1.562,-2.629,-0.492,-0.573,-0.194,-5.45,2.3149999999999995,3.806599253621253,,3.806599253621253
702,,,,,,,,,,,,,,,,,,,,,,,,,,,,543,Yunior Marte,SFN| PHI,RIGHT,RP,47.99999999999999,0,39,47,32,29,5,22,44,1,1,0,0,0,5.438,1.438,1,1,0.021,-1.798,-1.944,-0.492,-0.717,-0.514,-5.464,2.3009999999999997,3.783578782973003,,3.783578782973003
703,,,,,,,,,,,,,,,,,,,,,,,,,,,,544,Drew VerHagen,SLN,RIGHT,RP,21.666666666666668,0,19,27,18,16,5,14,18,3,1,0,0,0,6.646,1.892,3,0,0.138,-1.327,-2.501,-0.492,-0.524,-0.625,-5.468,2.297,3.777001505644933,,3.777001505644933
704,,,,,,,,,,,,,,,,,,,,,,,,,,,,545,Sean Reid-Foley,TOR| NYN,RIGHT,RP,9.999999999999998,0,7,7,6,6,1,7,8,0,0,0,0,0,5.4,1.4,2,0,0.2,-2.033,-2.715,-0.492,-0.146,-0.092,-5.479,2.286,3.758913992992736,,3.758913992992736
705,,,,,,,,,,,,,,,,,,,,,,,,,,,,546,Mike Baumann,BAL| ANA| MIA| SEA| SFN,RIGHT,SP| RP,34.333333333333336,4,13,43,19,18,3,9,23,1,3,0,0,0,4.718,1.515,1,3,0.029,-1.798,-2.393,-0.492,-0.323,-0.473,-5.48,2.2849999999999997,3.757269673660718,,3.757269673660718
706,,,,,,,,,,,,,,,,,,,,,,,,,,,,547,Sean Hjelle,SFN,RIGHT,RP,25.0,0,8,33,19,16,3,8,28,1,2,0,0,0,5.76,1.64,0,0,0.0,-1.798,-2.286,-0.492,-0.435,-0.47,-5.481,2.284,3.755625354328701,,3.755625354328701
707,,,,,,,,,,,,,,,,,,,,,,,,,,,,548,Edwin Uceta,TBA| LAN| ARI| NYN,RIGHT,RP,17.0,0,10,14,12,11,2,7,13,0,0,0,0,0,5.824,1.235,0,0,0.0,-2.033,-2.608,-0.492,-0.304,-0.045,-5.482,2.2829999999999995,3.753981034996683,,3.753981034996683
708,,,,,,,,,,,,,,,,,,,,,,,,,,,,549,Dusten Knight,BAL| TBA,RIGHT,RP,11.0,0,6,11,8,7,4,4,9,0,1,0,0,0,5.727,1.364,0,0,0.0,-2.033,-2.693,-0.492,-0.189,-0.085,-5.493,2.272,3.7358935223444862,,3.7358935223444862
709,,,,,,,,,,,,,,,,,,,,,,,,,,,,550,Mike Mayers,ANA| KCA,RIGHT,SP| RP,50.66666666666666,3,24,52,35,32,15,18,45,1,1,0,0,0,5.684,1.382,3,0,0.059,-1.798,-1.922,-0.492,-0.852,-0.43,-5.494,2.271,3.7342492030124697,,3.7342492030124697
710,,,,,,,,,,,,,,,,,,,,,,,,,,,,551,Paolo Espino,WAS| TOR,RIGHT,SP| RP,113.33333333333331,19,42,131,64,61,24,24,92,0,9,0,0,0,4.844,1.368,1,2,0.009,-2.033,-0.915,-0.492,-1.177,-0.898,-5.515,2.25,3.699718497040096,,3.699718497040096
711,,,,,,,,,,,,,,,,,,,,,,,,,,,,552,Adonis Medina,PHI| NYN,RIGHT,RP,23.666666666666664,0,14,30,18,16,2,6,17,1,0,1,0,0,6.085,1.521,4,2,0.169,-1.798,-2.522,-0.399,-0.471,-0.332,-5.521,2.244,3.689852581047988,,3.689852581047988
712,,,,,,,,,,,,,,,,,,,,,,,,,,,,553,Justin Grimm,MIL| OAK,RIGHT,RP,15.333333333333334,0,15,18,8,7,1,7,11,0,0,0,0,0,4.109,1.63,1,1,0.065,-2.033,-2.651,-0.492,-0.073,-0.282,-5.531,2.234,3.67340938772781,,3.67340938772781
713,,,,,,,,,,,,,,,,,,,,,,,,,,,,554,Austin Davis,PHI| PIT| BOS| MIN| SDN,LEFT,SP| RP,56.00000000000002,3,52,57,39,36,5,33,64,2,1,0,0,0,5.786,1.607,4,0,0.071,-1.562,-1.515,-0.492,-0.985,-0.979,-5.533,2.2319999999999998,3.6701207490637735,,3.6701207490637735
714,159,Myles Straw,TOR| HOU| CLE,151,9,RIGHT,596,535,118,72,0,32,54,21,1,0.221,CF,0.127,-1.954,-1.675,1.549,-1.414,-3.367,1.4189999999999996,4.786,3.6529280851473303,,,,,,,,,,,,,,,,,,,,,,,,,,,,,,,,,,,3.6529280851473303
715,160,Yuli Gurriel,SDN| HOU| MIA| KCA,145,5,RIGHT,584,545,132,53,8,53,30,8,0,0.242,1B,-0.959,-1.121,-0.661,-0.029,-0.599,-3.369,1.4169999999999994,4.786,3.64777949024226,,,,,,,,,,,,,,,,,,,,,,,,,,,,,,,,,,,3.64777949024226
716,,,,,,,,,,,,,,,,,,,,,,,,,,,,555,Tyler Gilbert,CHA| ARI| PHI,LEFT,SP,34.33333333333334,7,8,33,21,20,8,10,20,0,3,0,0,0,5.243,1.252,1,0,0.029,-2.033,-2.458,-0.492,-0.461,-0.114,-5.559,2.2059999999999995,3.627368446431311,,3.627368446431311
717,,,,,,,,,,,,,,,,,,,,,,,,,,,,556,Daulton Jefferies,OAK| PIT| SFN,RIGHT,SP,39.33333333333333,8,8,46,26,25,4,8,28,1,7,0,0,0,5.72,1.373,1,1,0.025,-1.798,-2.286,-0.492,-0.672,-0.32,-5.568,2.197,3.6125695724431512,,3.6125695724431512
718,,,,,,,,,,,,,,,,,,,,,,,,,,,,557,Bennett Sousa,HOU| CHA| MIL,LEFT,RP,20.33333333333333,0,25,25,20,19,3,10,12,3,0,1,0,0,8.41,1.721,2,1,0.098,-1.327,-2.629,-0.399,-0.767,-0.448,-5.569,2.196,3.610925253111133,,3.610925253111133
719,,,,,,,,,,,,,,,,,,,,,,,,,,,,558,Paul Fry,BAL| ARI,LEFT,RP,13.0,0,13,11,10,9,1,9,14,0,0,0,0,0,6.231,1.538,1,0,0.077,-2.033,-2.586,-0.492,-0.273,-0.192,-5.576,2.189,3.5994150177870083,,3.5994150177870083
720,,,,,,,,,,,,,,,,,,,,,,,,,,,,559,Matt Peacock,ARI| KCA,RIGHT,RP,10.0,0,9,12,6,6,1,4,6,0,0,0,0,0,5.4,1.6,0,0,0.0,-2.033,-2.758,-0.492,-0.146,-0.172,-5.601,2.164,3.5583070344865626,,3.5583070344865626
721,,,,,,,,,,,,,,,,,,,,,,,,,,,,560,Casey Mize,DET,RIGHT,P,10.0,2,2,13,6,6,1,2,4,0,1,0,0,0,5.4,1.5,3,0,0.3,-2.033,-2.8,-0.492,-0.146,-0.132,-5.604,2.161,3.553374076490509,,3.553374076490509
722,170,Wander Franco,TBA,83,2,SWITCH,344,314,87,46,6,33,26,8,0,0.277,SS,-1.359,-1.33,-1.627,-0.029,0.436,-3.909,1.38,5.289,3.5525304844984618,,,,,,,,,,,,,,,,,,,,,,,,,,,,,,,,,,,3.5525304844984618
723,,,,,,,,,,,,,,,,,,,,,,,,,,,,561,Aaron Fletcher,SEA| PIT,LEFT,RP,11.666666666666666,0,9,10,9,9,2,4,6,0,1,0,0,0,6.943,1.2,0,0,0.0,-2.033,-2.758,-0.492,-0.309,-0.014,-5.606,2.159,3.550085437826473,,3.550085437826473
724,,,,,,,,,,,,,,,,,,,,,,,,,,,,562,Cory Abbott,CHN| WAS,RIGHT,SP| RP,48.0,9,16,44,30,28,12,25,45,0,5,0,0,0,5.25,1.438,4,1,0.083,-2.033,-1.922,-0.492,-0.648,-0.514,-5.609,2.156,3.54515247983042,,3.54515247983042
725,,,,,,,,,,,,,,,,,,,,,,,,,,,,563,Kyle Muller,ATL| OAK,LEFT,SP,12.333333333333332,3,3,13,11,11,2,8,12,1,1,0,0,0,8.027,1.703,4,0,0.324,-1.798,-2.629,-0.492,-0.429,-0.263,-5.61,2.155,3.5435081604984013,,3.5435081604984013
726,,,,,,,,,,,,,,,,,,,,,,,,,,,,564,Anderson Espinoza,CHN,RIGHT,RP,18.33333333333333,0,7,14,11,11,4,16,19,0,2,0,0,0,5.4,1.636,1,0,0.055,-2.033,-2.479,-0.492,-0.268,-0.342,-5.615,2.1499999999999995,3.5352865638383126,,3.5352865638383126
727,,,,,,,,,,,,,,,,,,,,,,,,,,,,565,Drew Steckenrider,SEA,RIGHT,RP,14.333333333333334,0,16,21,9,9,2,5,10,0,2,2,0,0,5.651,1.814,1,1,0.07,-2.033,-2.672,-0.305,-0.237,-0.369,-5.617,2.148,3.531997925174277,,3.531997925174277
728,161,Tyrone Taylor,NYN| MIL,116,9,RIGHT,405,373,87,49,17,51,22,3,2,0.233,CF| RF,-1.188,-0.184,-0.757,-0.636,-0.649,-3.414,1.3719999999999994,4.786,3.53193610487818,,,,,,,,,,,,,,,,,,,,,,,,,,,,,,,,,,,3.53193610487818
729,,,,,,,,,,,,,,,,,,,,,,,,,,,,566,Daniel Lynch,KCA,LEFT,SP,131.66666666666666,27,27,155,79,75,21,52,122,4,13,0,0,0,5.127,1.572,6,2,0.046,-1.091,-0.273,-0.492,-1.652,-2.117,-5.625,2.14,3.518843370518135,,3.518843370518135
730,,,,,,,,,,,,,,,,,,,,,,,,,,,,567,Robert Dugger,MIA| SEA| CIN| TBA,RIGHT,RP,15.999999999999998,1,4,19,11,11,3,7,19,0,1,0,0,0,6.188,1.625,2,1,0.125,-2.033,-2.479,-0.492,-0.331,-0.291,-5.626,2.139,3.5171990511861164,,3.5171990511861164
731,,,,,,,,,,,,,,,,,,,,,,,,,,,,568,Corbin Martin,BAL| ARI,RIGHT,RP,22.333333333333336,2,7,25,14,12,3,12,21,0,1,0,0,0,4.836,1.657,3,2,0.134,-2.033,-2.436,-0.492,-0.23,-0.434,-5.627,2.138,3.5155547318540994,,3.5155547318540994
732,,,,,,,,,,,,,,,,,,,,,,,,,,,,569,Luke Farrell,TEX| MIN| CHN| CIN,RIGHT,RP,15.0,2,6,18,10,9,3,7,14,0,0,0,0,0,5.4,1.667,1,0,0.067,-2.033,-2.586,-0.492,-0.22,-0.298,-5.629,2.136,3.512266093190064,,3.512266093190064
733,,,,,,,,,,,,,,,,,,,,,,,,,,,,570,Max Castillo,KCA| TOR,RIGHT,SP| RP,39.333333333333336,6,14,38,28,26,8,15,37,0,2,0,0,0,5.949,1.347,3,1,0.076,-2.033,-2.094,-0.492,-0.741,-0.28,-5.64,2.125,3.494178580537868,,3.494178580537868
734,146,Jean Segura,PHI| MIA,98,7,RIGHT,387,354,98,45,10,33,25,13,6,0.277,2B,-1.416,-0.913,-1.627,0.578,0.485,-2.893,1.3550000000000004,4.248,3.488173048185085,,,,,,,,,,,,,,,,,,,,,,,,,,,,,,,,,,,3.488173048185085
735,,,,,,,,,,,,,,,,,,,,,,,,,,,,571,Aaron Brooks,SLN| OAK,RIGHT,RP,9.333333333333332,0,5,11,8,8,3,2,7,0,0,0,0,0,7.714,1.393,1,0,0.107,-2.033,-2.736,-0.492,-0.302,-0.083,-5.647,2.1179999999999994,3.4826683452137424,,3.4826683452137424
736,,,,,,,,,,,,,,,,,,,,,,,,,,,,572,Alex Colome,CHA| MIN| COL,RIGHT,RP,47.0,0,53,57,36,30,5,22,32,2,7,4,0,0,5.745,1.681,7,1,0.149,-1.562,-2.201,-0.118,-0.812,-0.96,-5.653,2.112,3.4728024292216366,,3.4728024292216366
737,,,,,,,,,,,,,,,,,,,,,,,,,,,,573,Adam Kolarek,LAN| OAK| NYN,LEFT,RP,17.666666666666664,0,15,20,9,9,1,8,9,0,1,0,0,0,4.585,1.585,2,1,0.113,-2.033,-2.693,-0.492,-0.148,-0.293,-5.66,2.1049999999999995,3.4612921938975107,,3.4612921938975107
738,,,,,,,,,,,,,,,,,,,,,,,,,,,,574,Michael Pineda,MIN| DET,RIGHT,SP,46.66666666666666,11,11,58,31,30,13,8,26,2,7,0,0,0,5.786,1.414,5,2,0.107,-1.562,-2.329,-0.492,-0.821,-0.457,-5.661,2.104,3.4596478745654937,,3.4596478745654937
739,147,Jazz Chisholm,NYA| MIA,60,1,LEFT,241,213,54,39,14,45,21,12,5,0.254,2B,-1.759,-0.497,-1.047,0.457,-0.062,-2.909,1.3390000000000004,4.248,3.4469842889445235,,,,,,,,,,,,,,,,,,,,,,,,,,,,,,,,,,,3.4469842889445235
740,,,,,,,,,,,,,,,,,,,,,,,,,,,,575,Ty Blach,COL,LEFT,RP,44.33333333333334,1,24,51,29,29,4,11,29,1,0,1,0,0,5.887,1.399,0,0,0.0,-1.798,-2.265,-0.399,-0.815,-0.406,-5.682,2.0829999999999997,3.4251171685931183,,3.4251171685931183
741,,,,,,,,,,,,,,,,,,,,,,,,,,,,576,Heath Hembree,BOS| PHI| CIN| NYN| LAN| PIT| TBA,RIGHT,RP,22.0,0,26,26,19,18,6,17,17,3,1,0,0,0,7.364,1.954,7,1,0.318,-1.327,-2.522,-0.492,-0.653,-0.689,-5.683,2.082,3.4234728492611013,,3.4234728492611013
742,,,,,,,,,,,,,,,,,,,,,,,,,,,,577,Jake McGee,LAN| SFN| MIL| WAS,LEFT,RP,36.99999999999999,0,42,41,29,28,6,12,25,1,3,3,0,0,6.811,1.432,1,0,0.027,-1.798,-2.351,-0.212,-0.942,-0.389,-5.691,2.074,3.410318294604959,,3.410318294604959
743,,,,,,,,,,,,,,,,,,,,,,,,,,,,578,Brayan Bello,BOS,RIGHT,SP,57.333333333333336,11,13,75,34,30,1,27,55,2,8,0,0,0,4.709,1.779,6,1,0.105,-1.562,-1.708,-0.492,-0.536,-1.395,-5.693,2.072,3.4070296559409234,,3.4070296559409234
744,,,,,,,,,,,,,,,,,,,,,,,,,,,,579,Nick Wittgren,CLE| SLN| KCA,RIGHT,RP,29.000000000000007,0,29,35,19,19,1,10,17,1,0,1,0,0,5.897,1.552,0,0,0.0,-1.798,-2.522,-0.399,-0.535,-0.443,-5.696,2.069,3.40209669794487,,3.40209669794487
745,,,,,,,,,,,,,,,,,,,,,,,,,,,,580,Ronald Bolanos,KCA,RIGHT,RP,18.33333333333333,0,8,20,9,9,2,12,12,0,0,0,0,0,4.418,1.746,0,2,0.0,-2.033,-2.629,-0.492,-0.131,-0.422,-5.707,2.058,3.384009185292674,,3.384009185292674
746,,,,,,,,,,,,,,,,,,,,,,,,,,,,581,Jonathan Heasley,KCA| BAL,RIGHT,SP,104.0,21,21,108,67,61,19,47,70,4,10,0,0,0,5.279,1.49,1,1,0.01,-1.091,-1.387,-0.492,-1.426,-1.333,-5.729,2.036,3.347834159988281,,3.347834159988281
747,,,,,,,,,,,,,,,,,,,,,,,,,,,,582,Jared Koenig,MIL| OAK,LEFT,SP| RP,39.333333333333336,5,10,40,25,25,4,15,22,1,3,0,0,0,5.72,1.398,0,1,0.0,-1.798,-2.415,-0.492,-0.672,-0.36,-5.737,2.028,3.3346796053321386,,3.3346796053321386
748,,,,,,,,,,,,,,,,,,,,,,,,,,,,583,Sam Coonrod,SFN| PHI| NYN,RIGHT,RP,12.666666666666668,0,12,12,12,11,1,7,12,0,0,0,0,0,7.816,1.5,0,0,0.0,-2.033,-2.629,-0.492,-0.42,-0.167,-5.742,2.023,3.32645800867205,,3.32645800867205
749,148,Jorge Polanco,SEA| MIN,104,3,SWITCH,445,375,88,54,16,56,64,3,3,0.235,2B,-0.902,-0.288,-0.516,-0.636,-0.614,-2.956,1.2920000000000005,4.248,3.325992308675372,,,,,,,,,,,,,,,,,,,,,,,,,,,,,,,,,,,3.325992308675372
750,,,,,,,,,,,,,,,,,,,,,,,,,,,,584,Eric Stout,CHN| PIT,LEFT,RP,22.33333333333333,0,20,25,15,14,2,16,25,0,0,1,0,0,5.642,1.836,0,0,0.0,-2.033,-2.351,-0.399,-0.368,-0.594,-5.745,2.02,3.321525050675996,,3.321525050675996
751,,,,,,,,,,,,,,,,,,,,,,,,,,,,585,Ashton Goudeau,COL| CIN,RIGHT,RP,20.333333333333336,0,12,25,18,16,3,10,16,1,0,1,0,0,7.082,1.721,3,0,0.148,-1.798,-2.543,-0.399,-0.56,-0.448,-5.747,2.018,3.3182364120119607,,3.3182364120119607
752,,,,,,,,,,,,,,,,,,,,,,,,,,,,586,Cole Sands,MIN,RIGHT,SP| RP,30.666666666666664,3,11,35,21,20,4,13,28,0,3,1,0,0,5.87,1.565,5,0,0.163,-2.033,-2.286,-0.399,-0.559,-0.485,-5.762,2.003,3.293571622031694,,3.293571622031694
753,,,,,,,,,,,,,,,,,,,,,,,,,,,,587,Cole Ragans,KCA| TEX,LEFT,SP,40.0,9,9,43,24,22,6,16,27,0,3,0,0,0,4.95,1.475,3,2,0.075,-2.033,-2.308,-0.492,-0.448,-0.488,-5.769,1.996,3.2820613867075683,,3.2820613867075683
754,,,,,,,,,,,,,,,,,,,,,,,,,,,,588,Josh Winckowski,BOS,RIGHT,SP,70.33333333333333,14,15,85,47,46,10,27,44,5,7,0,0,0,5.886,1.592,4,1,0.057,-0.855,-1.944,-0.492,-1.292,-1.188,-5.77,1.995,3.2804170673755517,,3.2804170673755517
755,,,,,,,,,,,,,,,,,,,,,,,,,,,,589,Matthew Liberatore,SLN,LEFT,SP,34.66666666666667,7,9,42,23,23,5,18,28,2,2,0,0,0,5.971,1.731,1,0,0.029,-1.562,-2.286,-0.492,-0.659,-0.777,-5.777,1.9879999999999995,3.268906832051426,,3.268906832051426
756,,,,,,,,,,,,,,,,,,,,,,,,,,,,590,Thomas Szapucki,NYN| SFN,LEFT,RP,15.0,1,11,19,12,12,6,7,18,0,1,0,0,0,7.2,1.733,2,2,0.133,-2.033,-2.501,-0.492,-0.426,-0.338,-5.79,1.975,3.2475306807351942,,3.2475306807351942
757,,,,,,,,,,,,,,,,,,,,,,,,,,,,591,Jimmy Yacabonis,SEA| MIA| TBA| NYN,RIGHT,RP,13.999999999999998,1,14,20,15,13,4,10,21,1,1,0,0,0,8.357,2.143,0,1,0.0,-1.798,-2.436,-0.492,-0.522,-0.544,-5.792,1.973,3.244242042071159,,3.244242042071159
758,,,,,,,,,,,,,,,,,,,,,,,,,,,,592,Kaleb Ort,HOU| BOS,RIGHT,RP,28.333333333333336,0,25,35,23,20,4,15,27,1,2,1,0,0,6.353,1.765,5,1,0.176,-1.798,-2.308,-0.399,-0.622,-0.673,-5.799,1.9659999999999995,3.2327318067470334,,3.2327318067470334
759,,,,,,,,,,,,,,,,,,,,,,,,,,,,593,Chase Silseth,ANA,RIGHT,SP,28.666666666666664,7,7,33,21,21,7,12,24,1,3,0,0,0,6.593,1.57,3,0,0.105,-1.798,-2.372,-0.492,-0.682,-0.458,-5.802,1.963,3.227798848750981,,3.227798848750981
760,,,,,,,,,,,,,,,,,,,,,,,,,,,,594,Sergio Romo,MIN| OAK| SEA| TOR,RIGHT,RP,18.0,0,23,19,16,15,7,6,14,0,1,0,0,0,7.5,1.389,4,0,0.222,-2.033,-2.586,-0.492,-0.553,-0.158,-5.823,1.9419999999999995,3.1932681427786056,,3.1932681427786056
761,,,,,,,,,,,,,,,,,,,,,,,,,,,,595,Reiver Sanmartin,CIN,LEFT,SP| RP,57.000000000000014,4,45,66,43,40,8,29,47,4,4,0,0,0,6.316,1.667,1,0,0.018,-1.091,-1.879,-0.492,-1.234,-1.132,-5.828,1.9369999999999996,3.185046546118517,,3.185046546118517
762,,,,,,,,,,,,,,,,,,,,,,,,,,,,596,Chi Chi Gonzalez,COL| MIL| MIN| NYA| MIA,RIGHT,SP,23.0,5,7,28,15,15,5,7,15,0,1,0,0,0,5.87,1.522,0,1,0.0,-2.033,-2.565,-0.492,-0.419,-0.324,-5.833,1.9319999999999995,3.176824949458428,,3.176824949458428
763,,,,,,,,,,,,,,,,,,,,,,,,,,,,597,Xzavion Curry,MIA| CLE,RIGHT,P,9.333333333333332,2,2,13,7,6,1,6,3,0,1,0,0,0,5.786,2.036,0,1,0.0,-2.033,-2.822,-0.492,-0.164,-0.323,-5.834,1.931,3.1751806301264107,,3.1751806301264107
764,150,Santiago Espinal,CIN| TOR,134,8,RIGHT,491,449,120,51,7,51,36,6,6,0.267,2B,-1.073,-1.225,-0.757,-0.272,0.309,-3.019,1.229,4.248,3.1638115691656594,,,,,,,,,,,,,,,,,,,,,,,,,,,,,,,,,,,3.1638115691656594
765,,,,,,,,,,,,,,,,,,,,,,,,,,,,598,James Norwood,CHN| SDN| PHI,RIGHT,RP,17.333333333333336,0,20,24,17,16,2,9,22,1,0,0,0,0,8.308,1.904,1,0,0.058,-1.798,-2.415,-0.492,-0.64,-0.508,-5.853,1.912,3.143938562818072,,3.143938562818072
766,,,,,,,,,,,,,,,,,,,,,,,,,,,,599,Justin Dunn,SEA| CIN,RIGHT,SP,31.000000000000004,7,7,32,21,21,11,17,21,1,3,0,0,0,6.097,1.581,5,2,0.161,-1.798,-2.436,-0.492,-0.619,-0.509,-5.854,1.911,3.1422942434860537,,3.1422942434860537
767,,,,,,,,,,,,,,,,,,,,,,,,,,,,600,Julian Merryweather,CHN| TOR,RIGHT,RP,26.666666666666668,1,26,31,20,20,4,7,23,0,3,0,0,0,6.75,1.425,2,0,0.075,-2.033,-2.393,-0.492,-0.666,-0.272,-5.857,1.9079999999999997,3.13736128549,,3.13736128549
768,,,,,,,,,,,,,,,,,,,,,,,,,,,,601,Chad Smith,COL| OAK,RIGHT,RP,18.0,0,15,16,15,15,2,15,23,0,1,0,0,0,7.5,1.722,1,2,0.056,-2.033,-2.393,-0.492,-0.553,-0.397,-5.869,1.896,3.117629453505787,,3.117629453505787
769,,,,,,,,,,,,,,,,,,,,,,,,,,,,602,Tayler Scott,ARI| HOU| SDN| BOS| LAN| OAK,RIGHT,RP,12.000000000000002,0,8,19,10,9,1,6,13,0,1,0,0,0,6.75,2.083,0,0,0.0,-2.033,-2.608,-0.492,-0.3,-0.438,-5.871,1.8939999999999992,3.1143408148417504,,3.1143408148417504
770,,,,,,,,,,,,,,,,,,,,,,,,,,,,603,Elvis Peguero,CHA| MIL| ANA,RIGHT,RP,17.333333333333332,0,13,23,16,13,4,5,12,0,0,0,0,0,6.75,1.615,1,0,0.058,-2.033,-2.629,-0.492,-0.433,-0.309,-5.896,1.869,3.0732328315413056,,3.0732328315413056
771,,,,,,,,,,,,,,,,,,,,,,,,,,,,604,Jacob Lemoine,OAK,RIGHT,RP,16.333333333333332,0,9,18,15,14,4,7,13,0,0,0,0,0,7.714,1.531,0,0,0.0,-2.033,-2.608,-0.492,-0.529,-0.236,-5.897,1.8679999999999997,3.071588512209287,,3.071588512209287
772,,,,,,,,,,,,,,,,,,,,,,,,,,,,605,Louis Head,TBA| BAL| MIA,RIGHT,RP,28.666666666666664,0,28,32,20,20,4,15,26,0,0,1,0,0,6.279,1.639,1,0,0.035,-2.033,-2.329,-0.399,-0.613,-0.538,-5.912,1.853,3.0469237222290206,,3.0469237222290206
773,,,,,,,,,,,,,,,,,,,,,,,,,,,,606,Reed Garrett,NYN| WAS| BAL,RIGHT,RP,9.333333333333334,0,7,13,8,7,1,8,6,0,1,0,0,0,6.75,2.25,0,1,0.0,-2.033,-2.758,-0.492,-0.233,-0.402,-5.919,1.846,3.035413486904896,,3.035413486904896
774,165,Oscar Gonzalez,SDN| CLE,91,5,RIGHT,382,362,107,39,11,43,15,1,2,0.296,RF,-1.759,-0.809,-1.144,-0.879,0.981,-3.61,1.1759999999999995,4.786,3.027373804181297,,,,,,,,,,,,,,,,,,,,,,,,,,,,,,,,,,,3.027373804181297
775,129,Ke'Bryan Hayes,CIN| PIT,134,3,RIGHT,560,505,123,55,7,41,48,20,5,0.244,3B,-0.845,-1.225,-1.24,1.428,-0.506,-2.389,1.1720000000000002,3.561,3.017076614371158,,,,,,,,,,,,,,,,,,,,,,,,,,,,,,,,,,,3.017076614371158
776,241,Keibert Ruiz,WAS| LAN,111,5,SWITCH,433,394,99,33,7,36,30,6,1,0.251,CC,-2.102,-1.225,-1.482,-0.272,-0.178,-5.26,1.1660000000000004,6.426,3.001630829655948,,,,,,,,,,,,,,,,,,,,,,,,,,,,,,,,,,,3.001630829655948
777,,,,,,,,,,,,,,,,,,,,,,,,,,,,607,Jose Marte,ANA,RIGHT,RP,11.0,0,11,8,9,9,2,18,15,0,0,0,0,0,7.364,2.364,2,0,0.182,-2.033,-2.565,-0.492,-0.327,-0.524,-5.941,1.824,2.999238461600504,,2.999238461600504
778,,,,,,,,,,,,,,,,,,,,,,,,,,,,608,Bryse Wilson,CHA| ATL| PIT| MIL,RIGHT,SP| RP,115.66666666666666,20,25,132,80,71,20,32,79,3,9,0,0,0,5.524,1.418,6,3,0.052,-1.327,-1.194,-0.492,-1.804,-1.148,-5.964,1.8009999999999993,2.961419116964093,,2.961419116964093
779,,,,,,,,,,,,,,,,,,,,,,,,,,,,609,Casey Lawrence,SEA| TOR| SLN,RIGHT,RP,18.0,0,6,23,15,15,5,4,11,0,1,0,0,0,7.5,1.5,0,0,0.0,-2.033,-2.651,-0.492,-0.553,-0.238,-5.967,1.798,2.956486158968041,,2.956486158968041
780,,,,,,,,,,,,,,,,,,,,,,,,,,,,610,Jhoulys Chacin,ATL| COL,RIGHT,RP,47.33333333333334,0,35,55,44,40,7,21,37,4,2,0,0,0,7.606,1.606,1,0,0.021,-1.091,-2.094,-0.492,-1.493,-0.824,-5.994,1.771,2.9120895370035598,,2.9120895370035598
781,,,,,,,,,,,,,,,,,,,,,,,,,,,,611,Tyler Beede,SFN| PIT| CLE,RIGHT,SP| RP,61.33333333333333,5,31,71,37,35,7,29,39,2,5,0,0,0,5.136,1.63,7,2,0.114,-1.562,-2.051,-0.492,-0.774,-1.129,-6.008,1.7569999999999997,2.8890690663553094,,2.8890690663553094
782,,,,,,,,,,,,,,,,,,,,,,,,,,,,612,Zach Thompson,ATL| MIA| PIT,RIGHT,SP| RP,121.66666666666666,22,29,138,76,70,19,46,90,3,10,0,0,0,5.178,1.512,10,2,0.082,-1.327,-0.958,-0.492,-1.574,-1.666,-6.017,1.747999999999999,2.8742701923671485,,2.8742701923671485
783,,,,,,,,,,,,,,,,,,,,,,,,,,,,613,Jose Urena,ANA| LAN| MIN| NYN| TOR| MIA| DET| COL| MIL| CHA| TEX,RIGHT,SP| RP,97.0,17,21,109,62,54,11,43,63,3,8,0,0,0,5.01,1.567,9,2,0.093,-1.327,-1.537,-0.492,-1.131,-1.54,-6.026,1.739,2.859471318378989,,2.859471318378989
784,,,,,,,,,,,,,,,,,,,,,,,,,,,,614,Travis Lakins,BAL,RIGHT,RP,10.333333333333334,0,6,14,11,11,3,6,8,0,1,0,0,0,9.581,1.935,1,0,0.097,-2.033,-2.715,-0.492,-0.482,-0.316,-6.038,1.7269999999999994,2.8397394863947745,,2.8397394863947745
785,,,,,,,,,,,,,,,,,,,,,,,,,,,,615,Jeurys Familia,NYN| BOS| PHI| OAK,RIGHT,RP,44.333333333333336,0,48,58,34,30,7,22,41,2,3,0,0,0,6.09,1.804,2,3,0.045,-1.562,-2.008,-0.492,-0.883,-1.124,-6.069,1.6959999999999995,2.7887655871022226,,2.7887655871022226
786,,,,,,,,,,,,,,,,,,,,,,,,,,,,616,Tyson Miller,CHN| TEX| LAN| MIL| NYN| SEA,RIGHT,P,10.666666666666666,2,4,16,14,13,1,8,8,1,2,0,0,0,10.969,2.25,2,0,0.188,-1.798,-2.715,-0.492,-0.611,-0.46,-6.076,1.689,2.7772553517780985,,2.7772553517780985
787,,,,,,,,,,,,,,,,,,,,,,,,,,,,617,Alex Faedo,DET,RIGHT,SP,53.66666666666666,12,12,63,34,33,7,25,44,1,5,0,0,0,5.534,1.64,7,3,0.13,-1.798,-1.944,-0.492,-0.841,-1.008,-6.082,1.6829999999999998,2.767389435785991,,2.767389435785991
788,,,,,,,,,,,,,,,,,,,,,,,,,,,,618,Chad Kuhl,PIT| COL| WAS| CHA,RIGHT,SP,137.0,27,27,155,91,87,25,58,110,6,11,0,0,0,5.715,1.555,6,5,0.044,-0.62,-0.53,-0.492,-2.337,-2.108,-6.086,1.6789999999999994,2.7608121584579197,,2.7608121584579197
789,,,,,,,,,,,,,,,,,,,,,,,,,,,,619,Anthony Castro,DET| TOR| CLE,RIGHT,RP,13.333333333333334,0,12,19,15,11,5,10,12,0,0,0,0,0,7.425,2.175,2,1,0.15,-2.033,-2.629,-0.492,-0.402,-0.535,-6.092,1.673,2.750946242465813,,2.750946242465813
790,,,,,,,,,,,,,,,,,,,,,,,,,,,,620,Zach Logue,OAK| DET| LAN,LEFT,SP| RP,57.00000000000001,10,14,68,44,43,13,20,42,3,8,0,0,0,6.79,1.544,3,1,0.053,-1.327,-1.986,-0.492,-1.441,-0.852,-6.098,1.6669999999999998,2.741080326473706,,2.741080326473706
791,,,,,,,,,,,,,,,,,,,,,,,,,,,,621,Josh Fleming,TBA| PIT,LEFT,SP| RP,35.0,3,10,54,36,25,5,12,29,2,5,0,0,0,6.429,1.886,0,2,0.0,-1.562,-2.265,-0.492,-0.788,-1.001,-6.108,1.657,2.724637133153528,,2.724637133153528
792,,,,,,,,,,,,,,,,,,,,,,,,,,,,622,Kervin Castro,SFN| CHN,RIGHT,RP,12.333333333333332,0,10,15,14,14,3,7,11,0,1,0,0,0,10.216,1.784,1,0,0.081,-2.033,-2.651,-0.492,-0.636,-0.302,-6.114,1.6509999999999998,2.7147712171614207,,2.7147712171614207
793,166,Adam Frazier,KCA| PIT| SDN| SEA| BAL,156,1,LEFT,602,541,129,61,3,42,46,11,6,0.238,2B| RF,-0.502,-1.642,-1.192,0.335,-0.74,-3.74,1.0459999999999994,4.786,2.692715135351732,,,,,,,,,,,,,,,,,,,,,,,,,,,,,,,,,,,2.692715135351732
794,,,,,,,,,,,,,,,,,,,,,,,,,,,,623,Luke Weaver,NYA| ARI| KCA| CIN| SEA,RIGHT,RP,35.666666666666664,1,26,52,29,26,1,13,38,1,1,0,0,0,6.561,1.822,2,0,0.056,-1.798,-2.072,-0.492,-0.839,-0.93,-6.131,1.6339999999999997,2.6868177885171174,,2.6868177885171174
795,,,,,,,,,,,,,,,,,,,,,,,,,,,,624,Anthony DeSclafani,ARI| CIN| SFN,RIGHT,SP,19.000000000000004,5,5,34,21,14,4,4,17,0,2,0,0,0,6.632,2.0,0,1,0.0,-2.033,-2.522,-0.492,-0.457,-0.63,-6.135,1.63,2.6802405111890466,,2.6802405111890466
796,,,,,,,,,,,,,,,,,,,,,,,,,,,,625,Norge Ruiz,OAK,RIGHT,RP,19.000000000000004,0,14,30,16,15,4,7,18,0,1,0,0,0,7.105,1.947,1,0,0.053,-2.033,-2.501,-0.492,-0.526,-0.59,-6.142,1.622999999999999,2.668730275864921,,2.668730275864921
797,,,,,,,,,,,,,,,,,,,,,,,,,,,,626,Mitch White,LAN| TOR| MIL| SFN,RIGHT,SP| RP,99.0,18,25,110,62,60,9,35,78,1,7,0,0,0,5.455,1.465,10,2,0.101,-1.798,-1.215,-0.492,-1.491,-1.168,-6.163,1.6019999999999994,2.634199569892547,,2.634199569892547
798,,,,,,,,,,,,,,,,,,,,,,,,,,,,627,Kirby Snead,TOR| OAK| SEA,LEFT,RP,44.66666666666666,0,46,56,31,29,5,22,35,1,1,1,0,0,5.843,1.746,7,2,0.157,-1.798,-2.136,-0.399,-0.806,-1.029,-6.167,1.598,2.6276222925644763,,2.6276222925644763
799,,,,,,,,,,,,,,,,,,,,,,,,,,,,628,Aaron Sanchez,SFN| MIN| WAS,RIGHT,SP| RP,59.99999999999999,10,15,78,46,44,8,15,41,3,4,0,0,0,6.6,1.55,5,4,0.083,-1.327,-2.008,-0.492,-1.43,-0.912,-6.168,1.5969999999999995,2.625977973232458,,2.625977973232458
800,167,Austin Slater,CHA| NYA| SFN| BAL| CIN,111,1,RIGHT,325,277,73,45,7,34,40,11,1,0.264,CF,-1.416,-1.225,-1.579,0.335,0.117,-3.768,1.0179999999999998,4.786,2.620634806680749,,,,,,,,,,,,,,,,,,,,,,,,,,,,,,,,,,,2.620634806680749
801,,,,,,,,,,,,,,,,,,,,,,,,,,,,629,Anthony Banda,LAN| TBA| NYN| PIT| NYA| TOR| WAS,LEFT,RP,26.666666666666668,1,32,43,20,20,4,13,30,1,1,0,0,0,6.75,2.1,3,1,0.112,-1.798,-2.243,-0.492,-0.666,-0.99,-6.19,1.5749999999999993,2.589802947928065,,2.589802947928065
802,168,Chas McCormick,HOU,109,8,RIGHT,407,359,88,46,14,44,46,4,3,0.245,CF| LF,-1.359,-0.497,-1.095,-0.514,-0.32,-3.786,0.9999999999999996,4.786,2.574297452535116,,,,,,,,,,,,,,,,,,,,,,,,,,,,,,,,,,,2.574297452535116
803,,,,,,,,,,,,,,,,,,,,,,,,,,,,630,Caleb Kilian,CHN,RIGHT,SP,11.333333333333334,3,3,11,15,13,0,12,9,0,2,0,0,0,10.323,2.029,2,1,0.176,-2.033,-2.693,-0.492,-0.593,-0.389,-6.201,1.564,2.571715435275871,,2.571715435275871
804,,,,,,,,,,,,,,,,,,,,,,,,,,,,631,Bruce Zimmermann,MIL| BAL,LEFT,SP,73.66666666666666,13,15,97,52,49,21,12,49,2,5,0,0,0,5.986,1.48,2,0,0.027,-1.562,-1.836,-0.492,-1.409,-0.913,-6.213,1.5519999999999996,2.5519836032916565,,2.5519836032916565
805,,,,,,,,,,,,,,,,,,,,,,,,,,,,632,Spencer Howard,PHI| TEX| CLE| SFN,RIGHT,SP,37.66666666666667,8,10,50,33,31,12,15,32,2,4,0,0,0,7.407,1.726,4,0,0.106,-1.562,-2.201,-0.492,-1.131,-0.836,-6.222,1.5429999999999993,2.5371847293034957,,2.5371847293034957
806,,,,,,,,,,,,,,,,,,,,,,,,,,,,633,Andrew Nardi,MIA,LEFT,RP,14.666666666666668,0,13,25,17,16,5,14,24,1,1,0,0,0,9.818,2.659,0,0,0.0,-1.798,-2.372,-0.492,-0.711,-0.872,-6.245,1.5199999999999996,2.4993653846670862,,2.4993653846670862
807,,,,,,,,,,,,,,,,,,,,,,,,,,,,634,Sean Newcomb,ATH| BOS| ATL| CHN| OAK,LEFT,RP,27.666666666666668,1,20,33,28,27,8,19,28,2,1,0,0,0,8.783,1.879,3,1,0.108,-1.562,-2.286,-0.492,-1.122,-0.784,-6.247,1.5179999999999998,2.496076746003051,,2.496076746003051
808,249,Austin Nola,COL| SDN| SEA,106,8,RIGHT,397,347,87,40,4,40,34,2,1,0.251,CC,-1.702,-1.538,-1.289,-0.757,-0.171,-5.457,0.9690000000000004,6.426,2.494494231506529,,,,,,,,,,,,,,,,,,,,,,,,,,,,,,,,,,,2.494494231506529
809,,,,,,,,,,,,,,,,,,,,,,,,,,,,635,Bryan Hoeing,SDN| MIA,RIGHT,RP,12.666666666666666,1,8,19,17,17,5,5,6,1,1,0,0,0,12.079,1.895,1,0,0.079,-1.798,-2.758,-0.492,-0.834,-0.367,-6.248,1.5169999999999997,2.4944324266710325,,2.4944324266710325
810,193,Dylan Moore,SEA| TEX,91,8,RIGHT,255,205,46,39,6,24,34,19,7,0.224,RF| SS,-1.759,-1.33,-2.062,1.306,-0.486,-4.33,0.9589999999999996,5.289,2.4687512569811765,,,,,,,,,,,,,,,,,,,,,,,,,,,,,,,,,,,2.4687512569811765
811,,,,,,,,,,,,,,,,,,,,,,,,,,,,636,Luis Patino,SDN| TBA| CHA,RIGHT,SP,20.0,6,6,26,18,18,6,13,11,1,2,0,0,0,8.1,1.95,2,2,0.1,-1.798,-2.651,-0.492,-0.706,-0.623,-6.27,1.495,2.4582574013666414,,2.4582574013666414
812,,,,,,,,,,,,,,,,,,,,,,,,,,,,637,Jason Alexander,ATH| HOU| MIL,RIGHT,SP| RP,71.66666666666667,11,18,88,47,43,12,28,46,2,3,0,0,0,5.4,1.619,3,4,0.042,-1.562,-1.901,-0.492,-1.049,-1.285,-6.289,1.476,2.4270153340583027,,2.4270153340583027
813,158,Ramon Urias,BAL| HOU,116,6,RIGHT,445,403,100,50,16,51,30,1,0,0.248,3B| 2B,-1.131,-0.288,-0.757,-0.879,-0.272,-3.327,0.9210000000000004,4.248,2.370927953784844,,,,,,,,,,,,,,,,,,,,,,,,,,,,,,,,,,,2.370927953784844
814,196,J. P. Crawford,SEA,144,5,LEFT,603,518,126,57,6,42,68,3,2,0.243,SS,-0.73,-1.33,-1.192,-0.636,-0.531,-4.419,0.8700000000000001,5.289,2.239638783705552,,,,,,,,,,,,,,,,,,,,,,,,,,,,,,,,,,,2.239638783705552
815,,,,,,,,,,,,,,,,,,,,,,,,,,,,638,Alec Mills,CHN| CIN,RIGHT,RP,17.666666666666668,2,7,28,20,19,7,3,11,0,1,0,0,0,9.679,1.755,0,1,0.0,-2.033,-2.651,-0.492,-0.838,-0.413,-6.427,1.338,2.200099266239844,,2.200099266239844
816,172,David Peralta,ARI| TBA| LAN| SDN,134,5,LEFT,490,439,110,39,12,59,41,1,3,0.251,LF,-1.759,-0.705,-0.371,-0.879,-0.221,-3.934,0.8519999999999994,4.786,2.1933014295599187,,,,,,,,,,,,,,,,,,,,,,,,,,,,,,,,,,,2.1933014295599187
817,,,,,,,,,,,,,,,,,,,,,,,,,,,,639,T. J. McFarland,ATH| OAK| SLN| NYN,LEFT,RP,32.666666666666664,0,28,42,26,24,5,11,16,0,0,0,0,0,6.612,1.622,1,1,0.031,-2.033,-2.543,-0.492,-0.782,-0.591,-6.441,1.3239999999999998,2.177078795591594,,2.177078795591594
818,,,,,,,,,,,,,,,,,,,,,,,,,,,,640,Miguel Yajure,NYA| PIT,RIGHT,RP,24.333333333333336,1,12,31,26,24,3,16,16,1,1,1,0,0,8.877,1.931,1,1,0.041,-1.798,-2.543,-0.399,-1.004,-0.74,-6.484,1.2809999999999997,2.1063730643148277,,2.1063730643148277
819,174,Michael Taylor,CHA| WAS| KCA| MIN| PIT,123,8,RIGHT,456,414,105,49,9,43,35,4,2,0.254,CF,-1.188,-1.017,-1.144,-0.514,-0.118,-3.981,0.8049999999999997,4.786,2.0723094492907688,,,,,,,,,,,,,,,,,,,,,,,,,,,,,,,,,,,2.0723094492907688
820,254,Tyler Stephenson,CIN,47,5,RIGHT,183,166,53,24,6,35,12,1,0,0.319,CC,-2.617,-1.33,-1.53,-0.879,0.73,-5.625,0.8010000000000002,6.426,2.0620122594806296,,,,,,,,,,,,,,,,,,,,,,,,,,,,,,,,,,,2.0620122594806296
821,202,Brandon Crawford,SFN| SLN,118,5,LEFT,458,407,94,50,9,52,39,1,1,0.231,SS,-1.131,-1.017,-0.709,-0.879,-0.774,-4.509,0.7799999999999994,5.289,2.00795201297739,,,,,,,,,,,,,,,,,,,,,,,,,,,,,,,,,,,2.00795201297739
822,256,Nick Fortes,MIA| TBA,68,5,RIGHT,240,217,50,39,9,24,18,5,3,0.23,CC,-1.759,-1.017,-2.062,-0.393,-0.421,-5.652,0.774,6.426,1.992506228262181,,,,,,,,,,,,,,,,,,,,,,,,,,,,,,,,,,,1.992506228262181
823,175,Yonathan Daza,COL,103,2,RIGHT,408,372,112,55,2,34,26,0,3,0.301,CF| LF,-0.845,-1.746,-1.579,-1.0,1.153,-4.016,0.7699999999999996,4.786,1.9822090384520392,,,,,,,,,,,,,,,,,,,,,,,,,,,,,,,,,,,1.9822090384520392
824,,,,,,,,,,,,,,,,,,,,,,,,,,,,641,Domingo Tapia,BOS| KCA| SEA| OAK| SDN,RIGHT,RP,17.0,0,11,25,16,16,1,14,12,0,0,0,0,0,8.471,2.294,1,0,0.059,-2.033,-2.629,-0.492,-0.649,-0.763,-6.566,1.1989999999999998,1.9715388790893664,,1.9715388790893664
825,,,,,,,,,,,,,,,,,,,,,,,,,,,,642,Erick Fedde,ATL| MIL| SLN| WAS| CHA,RIGHT,SP,127.0,27,27,149,84,82,21,58,94,6,13,0,0,0,5.811,1.63,17,2,0.134,-0.62,-0.872,-0.492,-2.259,-2.335,-6.578,1.1869999999999994,1.951807047105152,,1.951807047105152
826,176,Carlos Santana,CHN| CLE| KCA| SEA| MIL| PIT| MIN,130,4,SWITCH,506,431,87,52,19,60,71,0,0,0.202,DH| 1B,-1.016,0.024,-0.323,-1.0,-1.715,-4.029,0.7569999999999997,4.786,1.948743171569083,,,,,,,,,,,,,,,,,,,,,,,,,,,,,,,,,,,1.948743171569083
827,,,,,,,,,,,,,,,,,,,,,,,,,,,,643,Antonio Senzatela,COL,RIGHT,SP,92.33333333333334,19,19,133,56,52,9,23,54,3,7,0,0,0,5.069,1.69,2,0,0.022,-1.327,-1.729,-0.492,-1.117,-1.917,-6.582,1.1829999999999998,1.945229769777081,,1.945229769777081
828,,,,,,,,,,,,,,,,,,,,,,,,,,,,644,Mike Minor,OAK| TEX| KCA| CIN,LEFT,SP,98.0,19,19,120,72,66,24,40,76,4,12,0,0,0,6.061,1.633,16,0,0.163,-1.091,-1.258,-0.492,-1.931,-1.812,-6.585,1.1799999999999995,1.9402968117810275,,1.9402968117810275
829,,,,,,,,,,,,,,,,,,,,,,,,,,,,645,Jackson Kowar,SEA| KCA,RIGHT,RP,15.666666666666668,0,7,27,17,17,4,11,17,0,0,0,0,0,9.766,2.425,0,0,0.0,-2.033,-2.522,-0.492,-0.753,-0.785,-6.586,1.1789999999999994,1.938652492449009,,1.938652492449009
830,,,,,,,,,,,,,,,,,,,,,,,,,,,,646,Luis Frias,ARI| TOR,RIGHT,RP,17.0,0,15,23,20,20,1,17,14,1,1,0,0,0,10.588,2.353,0,0,0.0,-1.798,-2.586,-0.492,-0.925,-0.803,-6.603,1.162,1.910699063804707,,1.910699063804707
831,177,Lars Nootbaar,SLN,100,9,LEFT,347,290,66,50,14,40,51,4,1,0.228,RF,-1.131,-0.497,-1.289,-0.514,-0.621,-4.051,0.7349999999999994,4.786,1.89210862761331,,,,,,,,,,,,,,,,,,,,,,,,,,,,,,,,,,,1.89210862761331
832,,,,,,,,,,,,,,,,,,,,,,,,,,,,647,Tucker Davidson,ATL| ANA| KCA| BAL,LEFT,SP,52.0,11,12,54,39,39,7,35,33,2,7,0,0,0,6.75,1.712,3,1,0.058,-1.562,-2.179,-0.492,-1.299,-1.125,-6.658,1.106999999999999,1.820261500543726,,1.820261500543726
833,,,,,,,,,,,,,,,,,,,,,,,,,,,,648,Yennier Cano,BAL| MIN,RIGHT,RP,18.0,0,13,26,23,23,3,16,21,1,1,0,0,0,11.5,2.333,1,0,0.056,-1.798,-2.436,-0.492,-1.105,-0.836,-6.667,1.098,1.8054626265555664,,1.8054626265555664
834,178,Joey Meneses,WAS,56,3,RIGHT,240,222,72,33,13,34,15,1,0,0.324,1B| RF,-2.102,-0.601,-1.579,-0.879,1.057,-4.104,0.6819999999999995,4.786,1.7556708626289488,,,,,,,,,,,,,,,,,,,,,,,,,,,,,,,,,,,1.7556708626289488
835,179,Harrison Bader,MIN| PHI| SLN| NYA| CIN| NYN,84,7,RIGHT,313,292,73,38,5,30,15,17,3,0.25,CF,-1.817,-1.434,-1.772,1.064,-0.159,-4.117,0.6689999999999996,4.786,1.7222049957459926,,,,,,,,,,,,,,,,,,,,,,,,,,,,,,,,,,,1.7222049957459926
836,,,,,,,,,,,,,,,,,,,,,,,,,,,,649,Kohei Arihara,TEX,RIGHT,SP,20.0,4,5,36,22,21,4,11,14,1,3,0,0,0,9.45,2.35,1,0,0.05,-1.798,-2.586,-0.492,-0.913,-0.942,-6.732,1.0329999999999997,1.6985818699744075,,1.6985818699744075
837,180,Trent Grisham,NYA| SDN,143,8,LEFT,524,451,83,56,17,53,57,7,1,0.184,CF,-0.787,-0.184,-0.661,-0.15,-2.368,-4.15,0.6359999999999992,4.786,1.6372531798123326,,,,,,,,,,,,,,,,,,,,,,,,,,,,,,,,,,,1.6372531798123326
838,,,,,,,,,,,,,,,,,,,,,,,,,,,,650,Vladimir Gutierrez,CIN| MIA,RIGHT,SP,36.66666666666666,8,10,46,31,31,8,24,29,1,6,0,0,0,7.609,1.909,3,1,0.082,-1.798,-2.265,-0.492,-1.157,-1.082,-6.795,0.9699999999999998,1.594989752057285,,1.594989752057285
839,182,Manuel Margot,DET| TBA| MIN,89,2,RIGHT,363,336,92,36,4,47,24,7,3,0.274,RF,-1.931,-1.538,-0.951,-0.15,0.388,-4.181,0.6049999999999995,4.786,1.557449958783745,,,,,,,,,,,,,,,,,,,,,,,,,,,,,,,,,,,1.557449958783745
840,183,Ramon Laureano,BAL| SDN| OAK| CLE| ATL,93,2,RIGHT,383,346,73,49,13,34,25,11,6,0.211,RF| CF,-1.188,-0.601,-1.579,0.335,-1.151,-4.183,0.6029999999999998,4.786,1.5523013638786751,,,,,,,,,,,,,,,,,,,,,,,,,,,,,,,,,,,1.5523013638786751
841,264,Elias Diaz,SDN| COL,103,9,RIGHT,381,351,80,29,9,51,25,0,1,0.228,CC,-2.331,-1.017,-0.757,-1.0,-0.744,-5.849,0.577,6.426,1.4853696301127626,,,,,,,,,,,,,,,,,,,,,,,,,,,,,,,,,,,1.4853696301127626
842,184,Dylan Carlson,BAL| SLN| TBA,124,7,SWITCH,488,432,102,55,8,42,45,5,2,0.236,CF| RF,-0.845,-1.121,-1.192,-0.393,-0.663,-4.214,0.5719999999999992,4.786,1.472498142850085,,,,,,,,,,,,,,,,,,,,,,,,,,,,,,,,,,,1.472498142850085
843,,,,,,,,,,,,,,,,,,,,,,,,,,,,651,Adam Oller,OAK| MIA,RIGHT,SP| RP,74.33333333333333,14,19,82,55,52,17,39,46,2,8,0,0,0,6.296,1.628,2,2,0.027,-1.562,-1.901,-0.492,-1.598,-1.36,-6.914,0.851,1.399315751547165,,1.399315751547165
844,185,Hunter Dozier,KCA,126,6,RIGHT,500,462,109,51,12,41,34,4,3,0.236,3B| DH| 1B| RF,-1.073,-0.705,-1.24,-0.514,-0.715,-4.248,0.5379999999999994,4.786,1.3849720294638916,,,,,,,,,,,,,,,,,,,,,,,,,,,,,,,,,,,1.3849720294638916
845,186,Owen Miller,COL| CLE| MIL,124,4,RIGHT,472,424,103,53,6,51,32,2,0,0.243,1B| 2B| DH,-0.959,-1.33,-0.757,-0.757,-0.444,-4.248,0.5379999999999994,4.786,1.3849720294638916,,,,,,,,,,,,,,,,,,,,,,,,,,,,,,,,,,,1.3849720294638916
846,267,Martin Maldonado,SDN| HOU| CHA,110,9,RIGHT,379,344,64,40,15,45,22,0,0,0.186,CC,-1.702,-0.392,-1.047,-1.0,-1.757,-5.898,0.5280000000000005,6.426,1.3592290549385433,,,,,,,,,,,,,,,,,,,,,,,,,,,,,,,,,,,1.3592290549385433
847,187,Bryan De La Cruz,ATL| MIA| PIT,101,7,RIGHT,355,329,83,37,13,43,19,4,0,0.252,LF| CF| RF,-1.874,-0.601,-1.144,-0.514,-0.125,-4.258,0.5279999999999996,4.786,1.3592290549385408,,,,,,,,,,,,,,,,,,,,,,,,,,,,,,,,,,,1.3592290549385408
848,,,,,,,,,,,,,,,,,,,,,,,,,,,,652,Connor Seabold,ATL| TBA| BOS| COL,RIGHT,SP,18.333333333333336,5,5,35,24,23,5,8,19,0,4,0,0,0,11.291,2.345,1,0,0.055,-2.033,-2.479,-0.492,-1.096,-0.86,-6.961,0.8039999999999994,1.3220327429423264,,1.3220327429423264
849,219,Luis Garcia,WAS,93,5,LEFT,377,360,99,29,7,45,11,3,4,0.275,SS| 2B,-2.331,-1.225,-1.047,-0.636,0.447,-4.793,0.4959999999999995,5.289,1.2768515364574171,,,,,,,,,,,,,,,,,,,,,,,,,,,,,,,,,,,1.2768515364574171
850,,,,,,,,,,,,,,,,,,,,,,,,,,,,653,T. J. Zeuch,TOR| CIN,RIGHT,SP,10.666666666666666,3,3,24,18,18,5,7,5,0,3,0,0,0,15.188,2.906,2,0,0.188,-2.033,-2.779,-0.492,-0.956,-0.739,-7.0,0.7649999999999997,1.257904288993632,,1.257904288993632
851,190,Chris Taylor,ANA| LAN,118,8,RIGHT,454,402,89,45,10,43,44,10,1,0.221,2B| LF,-1.416,-0.913,-1.144,0.214,-1.039,-4.298,0.4879999999999995,4.786,1.256257156837136,,,,,,,,,,,,,,,,,,,,,,,,,,,,,,,,,,,1.256257156837136
852,191,Trayce Thompson,CHN| LAN| SDN| CHA,80,8,RIGHT,255,219,56,36,13,41,32,4,1,0.256,LF| RF,-1.931,-0.601,-1.24,-0.514,-0.03,-4.316,0.4699999999999997,4.786,1.2099198026915046,,,,,,,,,,,,,,,,,,,,,,,,,,,,,,,,,,,1.2099198026915046
853,,,,,,,,,,,,,,,,,,,,,,,,,,,,654,Kris Bubic,KCA,LEFT,SP,129.0,27,28,156,87,80,18,63,110,3,13,0,0,0,5.581,1.698,4,2,0.031,-1.327,-0.53,-0.492,-2.068,-2.72,-7.136,0.6289999999999996,1.0342768598392085,,1.0342768598392085
854,195,Isaac Paredes,HOU| DET| TBA| CHN,107,5,RIGHT,381,331,68,48,20,45,44,0,1,0.205,3B| 1B| 2B,-1.245,0.128,-1.047,-1.0,-1.232,-4.396,0.3899999999999997,4.786,1.003976006488695,,,,,,,,,,,,,,,,,,,,,,,,,,,,,,,,,,,1.003976006488695
855,197,Tyler Naquin,CLE| CIN| NYN| CHA,103,7,LEFT,334,310,71,44,11,46,19,4,2,0.229,RF,-1.474,-0.809,-0.999,-0.514,-0.632,-4.428,0.3579999999999996,4.786,0.9215984880075712,,,,,,,,,,,,,,,,,,,,,,,,,,,,,,,,,,,0.9215984880075712
856,198,Jesus Aguilar,MIA| BAL| OAK,129,4,RIGHT,507,464,109,39,16,51,28,1,0,0.235,DH| 1B,-1.759,-0.288,-0.757,-0.879,-0.752,-4.435,0.351,4.786,0.9035784058398262,,,,,,,,,,,,,,,,,,,,,,,,,,,,,,,,,,,0.9035784058398262
857,155,Josh Donaldson,MIN| NYA| MIL,131,5,RIGHT,546,478,106,59,15,62,54,2,2,0.222,3B| DH,-0.616,-0.392,-0.226,-0.757,-1.223,-3.214,0.347,3.561,0.8932812160296857,,,,,,,,,,,,,,,,,,,,,,,,,,,,,,,,,,,0.8932812160296857
858,201,Jesse Winker,NYN| CIN| SEA| MIL| WAS,136,3,LEFT,547,456,100,51,14,53,84,0,0,0.219,LF,-1.073,-0.497,-0.661,-1.0,-1.247,-4.477,0.3089999999999993,4.786,0.7954579128333494,,,,,,,,,,,,,,,,,,,,,,,,,,,,,,,,,,,0.7954579128333494
859,200,Aaron Hicks,NYA| BAL| ANA,122,6,SWITCH,453,384,83,54,8,40,62,8,3,0.216,CF| LF,-0.902,-1.121,-1.289,-0.029,-1.136,-4.477,0.3089999999999993,4.786,0.7954579128333494,,,,,,,,,,,,,,,,,,,,,,,,,,,,,,,,,,,0.7954579128333494
860,173,Cesar Hernandez,CLE| CHA| WAS,147,1,SWITCH,617,560,139,63,1,34,45,10,4,0.248,2B,-0.387,-1.85,-1.579,0.214,-0.376,-3.978,0.27,4.248,0.6950603121844817,,,,,,,,,,,,,,,,,,,,,,,,,,,,,,,,,,,0.6950603121844817
861,274,Jorge Alfaro,WAS| MIA| SDN| BOS| COL,81,7,RIGHT,274,256,63,25,7,40,11,1,0,0.246,CC,-2.56,-1.225,-1.289,-0.879,-0.21,-6.163,0.2629999999999999,6.426,0.6770402300167356,,,,,,,,,,,,,,,,,,,,,,,,,,,,,,,,,,,0.6770402300167356
862,,,,,,,,,,,,,,,,,,,,,,,,,,,,655,Joan Adon,WAS,RIGHT,SP,64.66666666666666,14,14,76,53,51,8,39,55,1,12,0,0,0,7.098,1.778,3,1,0.046,-1.798,-1.708,-0.492,-1.788,-1.572,-7.357,0.4079999999999995,0.6708822874632698,,0.6708822874632698
863,203,Gavin Sheets,SDN| CHA,124,5,LEFT,410,377,91,34,15,53,27,0,0,0.241,RF,-2.045,-0.392,-0.661,-1.0,-0.437,-4.535,0.2509999999999994,4.786,0.646148660586313,,,,,,,,,,,,,,,,,,,,,,,,,,,,,,,,,,,0.646148660586313
864,204,Leody Taveras,SEA| TEX,91,6,SWITCH,341,314,82,38,5,34,21,10,5,0.261,CF,-1.817,-1.434,-1.579,0.214,0.079,-4.536,0.25,4.786,0.6435743631337794,,,,,,,,,,,,,,,,,,,,,,,,,,,,,,,,,,,0.6435743631337794
865,,,,,,,,,,,,,,,,,,,,,,,,,,,,656,Elvin Rodriguez,BAL| MIL| DET| TBA,RIGHT,SP,29.666666666666668,5,7,42,35,35,12,15,25,0,4,0,0,0,10.618,1.921,0,0,0.0,-2.033,-2.351,-0.492,-1.62,-0.89,-7.387,0.3780000000000001,0.6215527075027363,,0.6215527075027363
866,205,Max Kepler,PHI| MIN,115,4,LEFT,446,388,88,54,9,43,49,3,2,0.227,RF,-0.902,-1.017,-1.144,-0.636,-0.853,-4.552,0.2339999999999999,4.786,0.6023856038932175,,,,,,,,,,,,,,,,,,,,,,,,,,,,,,,,,,,0.6023856038932175
867,206,Jack Suwinski,PIT,103,6,LEFT,372,326,66,45,19,38,41,4,2,0.202,RF| LF,-1.416,0.024,-1.385,-0.514,-1.283,-4.575,0.2109999999999994,4.786,0.5431767624849083,,,,,,,,,,,,,,,,,,,,,,,,,,,,,,,,,,,0.5431767624849083
868,207,Garrett Cooper,MIA| SDN| BOS| CHN,119,2,RIGHT,469,414,108,37,9,50,40,0,0,0.261,1B| DH,-1.874,-1.017,-0.806,-1.0,0.096,-4.601,0.1849999999999996,4.786,0.4762450287189957,,,,,,,,,,,,,,,,,,,,,,,,,,,,,,,,,,,0.4762450287189957
869,280,Carson Kelly,CHN| ARI| DET| TEX,98,7,RIGHT,354,317,67,40,7,35,29,2,0,0.211,CC,-1.702,-1.225,-1.53,-0.757,-1.046,-6.261,0.165,6.426,0.4247590796682944,,,,,,,,,,,,,,,,,,,,,,,,,,,,,,,,,,,0.4247590796682944
870,208,Harold Castro,DET| COL,118,4,LEFT,443,420,114,37,7,47,17,0,1,0.271,1B| 3B,-1.874,-1.225,-0.951,-1.0,0.414,-4.636,0.1499999999999994,4.786,0.3861446178802662,,,,,,,,,,,,,,,,,,,,,,,,,,,,,,,,,,,0.3861446178802662
871,209,Ben Gamel,MIL| CLE| PIT| SDN| HOU| NYN,113,4,LEFT,423,371,86,42,9,46,48,5,1,0.232,DH| LF| RF,-1.588,-1.017,-0.999,-0.393,-0.683,-4.68,0.1059999999999998,4.786,0.2728755299687221,,,,,,,,,,,,,,,,,,,,,,,,,,,,,,,,,,,0.2728755299687221
872,211,Rafael Ortega,CHN| NYN| CHA,114,1,LEFT,371,316,76,34,7,35,44,12,7,0.241,DH| CF,-2.045,-1.225,-1.53,0.457,-0.386,-4.73,0.0559999999999991,4.786,0.1441606573419644,,,,,,,,,,,,,,,,,,,,,,,,,,,,,,,,,,,0.1441606573419644
873,213,Eric Hosmer,SDN| BOS| CHN,103,5,LEFT,419,380,102,38,8,44,37,0,0,0.268,1B,-1.817,-1.121,-1.095,-1.0,0.293,-4.74,0.0459999999999993,4.786,0.1184176828166137,,,,,,,,,,,,,,,,,,,,,,,,,,,,,,,,,,,0.1184176828166137
874,214,Jose Siri,NYN| HOU| TBA,92,9,RIGHT,325,301,64,51,7,24,20,13,2,0.213,CF,-1.073,-1.225,-2.062,0.578,-0.966,-4.748,0.0379999999999993,4.786,0.0978233031963328,,,,,,,,,,,,,,,,,,,,,,,,,,,,,,,,,,,0.0978233031963328
875,216,Willi Castro,CHN| MIN| DET,106,6,SWITCH,392,365,88,44,8,31,15,8,4,0.241,RF| LF,-1.474,-1.121,-1.723,-0.029,-0.43,-4.777,0.0089999999999994,4.786,0.0231686770728146,,,,,,,,,,,,,,,,,,,,,,,,,,,,,,,,,,,0.0231686770728146
876,218,Connor Joe,CIN| SDN| COL| PIT,110,1,RIGHT,467,404,96,55,7,28,55,6,2,0.238,DH| 1B| LF,-0.845,-1.225,-1.868,-0.272,-0.576,-4.786,0.0,4.786,0.0,,,,,,,,,,,,,,,,,,,,,,,,,,,,,,,,,,,0.0
877,,,,,,,,,,,,,,,,,,,,,,,,,,,,657,Patrick Corbin,TEX| WAS,LEFT,SP,152.66666666666666,31,31,210,119,107,27,49,128,6,19,0,0,0,6.308,1.696,14,5,0.092,-0.62,-0.144,-0.492,-3.297,-3.212,-7.765,0.0,0.0,,0.0
878,282,Joey Bart,PIT| SFN,87,9,RIGHT,291,261,56,34,11,25,26,2,1,0.215,CC,-2.045,-0.809,-2.013,-0.757,-0.802,-6.426,0.0,6.426,0.0,,,,,,,,,,,,,,,,,,,,,,,,,,,,,,,,,,,0.0
879,242,Geraldo Perdomo,ARI,142,9,SWITCH,500,431,84,57,5,40,50,9,2,0.195,SS,-0.73,-1.434,-1.289,0.093,-1.929,-5.289,0.0,5.289,0.0,,,,,,,,,,,,,,,,,,,,,,,,,,,,,,,,,,,0.0
880,188,Rougned Odor,TEX| NYA| BAL| SDN,135,7,LEFT,472,426,88,49,13,53,32,6,1,0.207,2B,-1.188,-0.601,-0.661,-0.272,-1.551,-4.272,-0.024,4.248,-0.0617831388608428,,,,,,,,,,,,,,,,,,,,,,,,,,,,,,,,,,,-0.0617831388608428
881,244,Joey Wendle,TBA| MIA| NYN,99,1,LEFT,371,347,90,26,3,32,15,12,3,0.259,3B| SS| 2B,-2.503,-1.642,-1.675,0.457,0.043,-5.32,-0.0310000000000005,5.289,-0.0798032210285901,,,,,,,,,,,,,,,,,,,,,,,,,,,,,,,,,,,-0.0798032210285901
882,189,Jonathan India,KCA| CIN,103,1,RIGHT,431,386,96,48,10,41,31,3,4,0.249,2B,-1.245,-0.913,-1.24,-0.636,-0.245,-4.28,-0.032,4.248,-0.0823775184811238,,,,,,,,,,,,,,,,,,,,,,,,,,,,,,,,,,,-0.0823775184811238
883,,,,,,,,,,,,,,,,,,,,,,,,,,,,658,Carlos Hernandez,CLE| DET| PHI| KCA,RIGHT,SP| RP,56.00000000000001,7,27,72,48,46,7,31,35,0,5,0,0,0,7.393,1.839,4,1,0.071,-2.033,-2.136,-0.492,-1.675,-1.497,-7.834,-0.0689999999999999,-0.1134580339092295,,-0.1134580339092295
884,223,Michael Chavis,BOS| PIT| WAS,121,3,RIGHT,426,401,92,38,14,49,19,1,1,0.229,1B,-1.817,-0.497,-0.854,-0.879,-0.806,-4.852,-0.0660000000000007,4.786,-0.1699036318673196,,,,,,,,,,,,,,,,,,,,,,,,,,,,,,,,,,,-0.1699036318673196
885,289,Francisco Mejia,SDN| TBA,87,8,SWITCH,299,289,70,32,6,31,7,0,0,0.242,CC,-2.16,-1.33,-1.723,-1.0,-0.318,-6.53,-0.104,6.426,-0.2677269350636524,,,,,,,,,,,,,,,,,,,,,,,,,,,,,,,,,,,-0.2677269350636524
886,248,Andrew Velazquez,BAL| NYA| ANA,112,9,SWITCH,349,322,63,36,9,28,15,15,1,0.196,SS,-1.931,-1.017,-1.868,0.821,-1.424,-5.419,-0.1299999999999999,5.289,-0.3346586688295649,,,,,,,,,,,,,,,,,,,,,,,,,,,,,,,,,,,-0.3346586688295649
887,291,Kyle Higashioka,TEX| NYA| SDN,76,9,RIGHT,248,229,52,27,10,31,12,0,1,0.227,CC,-2.446,-0.913,-1.723,-1.0,-0.499,-6.581,-0.1550000000000002,6.426,-0.3990161051429438,,,,,,,,,,,,,,,,,,,,,,,,,,,,,,,,,,,-0.3990161051429438
888,225,Victor Robles,SEA| WAS,119,9,RIGHT,407,366,82,40,6,33,17,13,4,0.224,CF,-1.702,-1.33,-1.627,0.578,-0.877,-4.957,-0.1710000000000002,4.786,-0.4402048643835057,,,,,,,,,,,,,,,,,,,,,,,,,,,,,,,,,,,-0.4402048643835057
889,226,Darin Ruf,SFN| NYN| MIL,118,3,RIGHT,388,334,68,51,11,45,45,2,0,0.204,DH| 1B| LF,-1.073,-0.809,-1.047,-0.757,-1.287,-4.974,-0.1880000000000006,4.786,-0.4839679210766036,,,,,,,,,,,,,,,,,,,,,,,,,,,,,,,,,,,-0.4839679210766036
890,227,Riley Greene,DET,93,1,LEFT,418,376,95,46,5,42,36,1,4,0.253,CF,-1.359,-1.434,-1.192,-0.879,-0.133,-4.997,-0.2110000000000003,4.786,-0.5431767624849105,,,,,,,,,,,,,,,,,,,,,,,,,,,,,,,,,,,-0.5431767624849105
891,251,Miguel Rojas,LAN| MIA,138,8,RIGHT,507,471,111,34,6,36,26,9,3,0.236,SS,-2.045,-1.33,-1.482,0.093,-0.738,-5.502,-0.213,5.289,-0.5483253573899802,,,,,,,,,,,,,,,,,,,,,,,,,,,,,,,,,,,-0.5483253573899802
892,229,Chad Pinder,OAK,111,4,RIGHT,379,361,85,38,12,42,14,2,0,0.235,RF| LF,-1.817,-0.705,-1.192,-0.757,-0.571,-5.041,-0.2550000000000008,4.786,-0.656445850396457,,,,,,,,,,,,,,,,,,,,,,,,,,,,,,,,,,,-0.656445850396457
893,230,Yadiel Hernandez,WAS,94,5,LEFT,327,305,82,30,9,41,19,2,1,0.269,LF,-2.274,-1.017,-1.24,-0.757,0.245,-5.044,-0.258,4.786,-0.6641687427540603,,,,,,,,,,,,,,,,,,,,,,,,,,,,,,,,,,,-0.6641687427540603
894,231,Matt Vierling,DET| PHI,104,9,RIGHT,357,325,80,41,6,32,23,7,3,0.246,LF| CF| RF,-1.645,-1.33,-1.675,-0.15,-0.266,-5.066,-0.2800000000000002,4.786,-0.7208032867098335,,,,,,,,,,,,,,,,,,,,,,,,,,,,,,,,,,,-0.7208032867098335
895,232,Ji Man Choi,TBA| PIT| SDN,113,4,LEFT,419,356,83,36,11,52,58,0,0,0.233,1B,-1.931,-0.809,-0.709,-1.0,-0.622,-5.07,-0.2840000000000007,4.786,-0.7311004765199751,,,,,,,,,,,,,,,,,,,,,,,,,,,,,,,,,,,-0.7311004765199751
896,293,Yan Gomes,WAS| OAK| CHN,85,7,RIGHT,293,277,65,23,8,31,8,2,0,0.235,CC,-2.674,-1.121,-1.723,-0.757,-0.454,-6.73,-0.3040000000000002,6.426,-0.7825864255706764,,,,,,,,,,,,,,,,,,,,,,,,,,,,,,,,,,,-0.7825864255706764
897,233,Luis Gonzalez,CHA| SFN,98,8,LEFT,350,311,79,31,4,36,30,10,2,0.254,LF| RF,-2.217,-1.538,-1.482,0.214,-0.08,-5.102,-0.3160000000000007,4.786,-0.813477995001099,,,,,,,,,,,,,,,,,,,,,,,,,,,,,,,,,,,-0.813477995001099
898,234,Alek Thomas,ARI,108,2,LEFT,411,381,88,45,8,39,22,4,3,0.231,CF,-1.416,-1.121,-1.337,-0.514,-0.724,-5.113,-0.3270000000000008,4.786,-0.8417952669789855,,,,,,,,,,,,,,,,,,,,,,,,,,,,,,,,,,,-0.8417952669789855
899,296,Austin Barnes,LAN,60,9,RIGHT,212,179,38,29,8,26,27,2,1,0.212,CC,-2.331,-1.121,-1.965,-0.757,-0.579,-6.754,-0.3279999999999994,6.426,-0.844369564431517,,,,,,,,,,,,,,,,,,,,,,,,,,,,,,,,,,,-0.844369564431517
900,236,Jake Fraley,ATL| CIN| SEA,68,4,LEFT,247,216,56,33,12,28,26,4,1,0.259,LF,-2.102,-0.705,-1.868,-0.514,0.025,-5.165,-0.3790000000000004,4.786,-0.9756587345108106,,,,,,,,,,,,,,,,,,,,,,,,,,,,,,,,,,,-0.9756587345108106
901,238,Jared Walsh,ANA| TEX,117,4,LEFT,454,423,91,41,15,44,27,2,1,0.215,1B,-1.645,-0.392,-1.095,-0.757,-1.282,-5.172,-0.3860000000000001,4.786,-0.9936788166785556,,,,,,,,,,,,,,,,,,,,,,,,,,,,,,,,,,,-0.9936788166785556
902,240,Keston Hiura,COL| MIL| ANA,77,6,RIGHT,266,234,53,33,14,32,23,5,2,0.226,DH| 1B,-2.102,-0.497,-1.675,-0.393,-0.52,-5.187,-0.4010000000000007,4.786,-1.032293278466584,,,,,,,,,,,,,,,,,,,,,,,,,,,,,,,,,,,-1.032293278466584
903,259,Kevin Newman,ANA| PIT| CIN| ARI,78,1,RIGHT,309,288,79,31,2,24,16,8,2,0.274,2B| SS,-2.217,-1.746,-2.062,-0.029,0.343,-5.71,-0.4210000000000002,5.289,-1.083779227517285,,,,,,,,,,,,,,,,,,,,,,,,,,,,,,,,,,,-1.083779227517285
904,243,Joey Gallo,TEX| NYA| LAN| MIN| WAS,119,7,LEFT,410,350,56,47,19,47,56,3,0,0.16,LF| RF,-1.302,0.024,-0.951,-0.636,-2.438,-5.302,-0.516,4.786,-1.3283374855081207,,,,,,,,,,,,,,,,,,,,,,,,,,,,,,,,,,,-1.3283374855081207
905,245,Aledmys Diaz,HOU| OAK,89,7,RIGHT,327,305,74,34,12,38,18,1,1,0.243,2B| LF,-2.045,-0.705,-1.385,-0.879,-0.326,-5.34,-0.5540000000000003,4.786,-1.4261607887044558,,,,,,,,,,,,,,,,,,,,,,,,,,,,,,,,,,,-1.4261607887044558
906,221,Christian Arroyo,BOS| CLE,84,6,RIGHT,300,280,80,32,6,36,13,5,1,0.286,2B,-2.16,-1.33,-1.482,-0.393,0.561,-4.803,-0.5549999999999997,4.248,-1.4287350861569894,,,,,,,,,,,,,,,,,,,,,,,,,,,,,,,,,,,-1.4287350861569894
907,246,Bobby Dalbec,CHA| BOS,108,7,RIGHT,353,317,68,40,12,39,29,3,0,0.215,1B| 3B,-1.702,-0.705,-1.337,-0.636,-0.975,-5.355,-0.5690000000000008,4.786,-1.464775250492484,,,,,,,,,,,,,,,,,,,,,,,,,,,,,,,,,,,-1.464775250492484
908,266,Nicky Lopez,ANA| CHN| KCA| ATL| CHA,134,9,LEFT,480,436,99,47,0,20,29,13,3,0.227,SS| 2B| 3B,-1.302,-1.954,-2.255,0.578,-0.95,-5.884,-0.5950000000000006,5.289,-1.5317069842583966,,,,,,,,,,,,,,,,,,,,,,,,,,,,,,,,,,,-1.5317069842583966
909,181,Jace Peterson,MIL| ARI| OAK,108,9,LEFT,328,288,68,44,8,34,33,12,1,0.236,3B,-1.474,-1.121,-1.579,0.457,-0.442,-4.159,-0.5979999999999999,3.561,-1.539429876616,,,,,,,,,,,,,,,,,,,,,,,,,,,,,,,,,,,-1.539429876616
910,313,Reese McGuire,CHN| TOR| BOS| CHA,84,8,LEFT,274,249,67,25,3,22,12,1,0,0.269,CC,-2.56,-1.642,-2.158,-0.879,0.204,-7.035,-0.609,6.426,-1.5677471485938863,,,,,,,,,,,,,,,,,,,,,,,,,,,,,,,,,,,-1.5677471485938863
911,157,Dan Vogelbach,MIL| SEA| TOR| NYN| PIT,130,4,LEFT,461,386,92,47,18,59,73,0,0,0.238,DH,-1.302,-0.08,-0.371,-1.0,-0.531,-3.284,-0.6132499999999999,2.67075,-1.5786879127671605,,,,,,,,,,,,,,,,,,,,,,,,,,,,,,,,,,,-1.5786879127671605
912,,,,,,,,,,,,,,,,,,,,,,,,,,,,659,Dallas Keuchel,CHA| ARI| TEX| MIN| MIL,LEFT,SP,60.66666666666667,14,14,94,69,62,11,31,45,2,9,0,0,0,9.198,2.06,0,2,0.0,-1.562,-1.922,-0.492,-2.653,-2.157,-8.787,-1.0220000000000011,-1.6804943573222142,,-1.6804943573222142
913,317,Tomas Nido,DET| NYN| CHN,91,9,RIGHT,313,284,68,31,3,28,14,0,0,0.239,CC,-2.217,-1.642,-1.868,-1.0,-0.368,-7.096,-0.6699999999999999,6.426,-1.7247792931985284,,,,,,,,,,,,,,,,,,,,,,,,,,,,,,,,,,,-1.7247792931985284
914,250,Wil Myers,SDN| CIN,77,6,RIGHT,286,261,68,29,7,41,21,2,1,0.261,RF| 1B,-2.331,-1.225,-1.24,-0.757,0.054,-5.5,-0.7140000000000004,4.786,-1.838048381110075,,,,,,,,,,,,,,,,,,,,,,,,,,,,,,,,,,,-1.838048381110075
915,162,Nelson Cruz,MIN| TBA| WAS| SDN,124,4,RIGHT,507,448,105,50,10,64,49,4,0,0.234,DH,-1.131,-0.913,-0.129,-0.514,-0.743,-3.43,-0.7592500000000002,2.67075,-1.9545353408372883,,,,,,,,,,,,,,,,,,,,,,,,,,,,,,,,,,,-1.9545353408372883
916,252,Enrique Hernandez,LAN| BOS,93,1,RIGHT,402,361,80,48,6,45,34,0,2,0.222,CF,-1.245,-1.33,-1.047,-1.0,-0.927,-5.549,-0.7630000000000008,4.786,-1.964188956284297,,,,,,,,,,,,,,,,,,,,,,,,,,,,,,,,,,,-1.964188956284297
917,228,Nolan Gorman,SLN,88,5,LEFT,313,283,64,44,14,35,28,1,0,0.226,2B,-1.474,-0.497,-1.53,-0.879,-0.635,-5.014,-0.766,4.248,-1.9719118486419,,,,,,,,,,,,,,,,,,,,,,,,,,,,,,,,,,,-1.9719118486419
918,327,P. J. Higgins,CHN,70,8,RIGHT,229,201,46,22,6,30,22,0,0,0.229,CC| 1B,-2.731,-1.33,-1.772,-1.0,-0.412,-7.245,-0.819,6.426,-2.108349613626261,,,,,,,,,,,,,,,,,,,,,,,,,,,,,,,,,,,-2.108349613626261
919,328,Victor Caratini,HOU| CHN| SDN| MIL,93,8,SWITCH,314,272,54,26,9,34,31,0,0,0.199,CC,-2.503,-1.017,-1.579,-1.0,-1.147,-7.245,-0.819,6.426,-2.108349613626261,,,,,,,,,,,,,,,,,,,,,,,,,,,,,,,,,,,-2.108349613626261
920,253,Nick Senzel,CIN| CHA| WAS,109,6,RIGHT,420,373,86,45,5,25,30,8,4,0.231,CF,-1.416,-1.434,-2.013,-0.029,-0.72,-5.612,-0.8260000000000005,4.786,-2.126369695794008,,,,,,,,,,,,,,,,,,,,,,,,,,,,,,,,,,,-2.126369695794008
921,255,Vinnie Pasquantino,KCA,72,4,LEFT,298,258,76,25,10,26,35,1,0,0.295,1B| DH,-2.56,-0.913,-1.965,-0.879,0.68,-5.636,-0.8500000000000005,4.786,-2.188152834654851,,,,,,,,,,,,,,,,,,,,,,,,,,,,,,,,,,,-2.188152834654851
922,257,Robbie Grossman,OAK| DET| ATL| TEX| CHA| KCA,128,1,SWITCH,477,411,86,40,7,45,56,6,2,0.209,RF| LF,-1.702,-1.225,-1.047,-0.272,-1.418,-5.665,-0.8790000000000004,4.786,-2.2628074607783693,,,,,,,,,,,,,,,,,,,,,,,,,,,,,,,,,,,-2.2628074607783693
923,258,TJ Friedl,CIN,71,1,LEFT,258,225,54,33,8,25,20,7,2,0.24,CF| LF,-2.102,-1.121,-2.013,-0.15,-0.283,-5.67,-0.8840000000000003,4.786,-2.275678948041045,,,,,,,,,,,,,,,,,,,,,,,,,,,,,,,,,,,-2.275678948041045
924,277,Taylor Walls,TBA,129,8,SWITCH,466,407,70,51,8,33,52,9,3,0.172,SS| 3B| 2B,-1.073,-1.121,-1.627,0.093,-2.486,-6.215,-0.9260000000000002,5.289,-2.383799441047519,,,,,,,,,,,,,,,,,,,,,,,,,,,,,,,,,,,-2.383799441047519
925,239,Josh Harrison,WAS| OAK| CHA| PHI,116,9,RIGHT,425,386,99,48,7,27,21,2,1,0.256,2B| 3B,-1.245,-1.225,-1.917,-0.757,-0.031,-5.176,-0.928,4.248,-2.388948035952589,,,,,,,,,,,,,,,,,,,,,,,,,,,,,,,,,,,-2.388948035952589
926,260,Jesus Sanchez,HOU| MIA,96,7,LEFT,343,313,67,38,13,36,26,1,0,0.214,CF,-1.817,-0.601,-1.482,-0.879,-0.973,-5.751,-0.9650000000000007,4.786,-2.4841970416963903,,,,,,,,,,,,,,,,,,,,,,,,,,,,,,,,,,,-2.4841970416963903
927,262,Mitch Haniger,SEA| SFN,57,3,RIGHT,247,224,55,31,11,34,20,0,0,0.246,RF,-2.217,-0.809,-1.579,-1.0,-0.193,-5.797,-1.011,4.786,-2.602614724513004,,,,,,,,,,,,,,,,,,,,,,,,,,,,,,,,,,,-2.602614724513004
928,341,Ryan Jeffers,MIN,66,8,RIGHT,236,212,44,25,7,27,23,0,0,0.208,CC,-2.56,-1.225,-1.917,-1.0,-0.757,-7.459,-1.0329999999999997,6.426,-2.6592492684687747,,,,,,,,,,,,,,,,,,,,,,,,,,,,,,,,,,,-2.6592492684687747
929,263,Kole Calhoun,ARI| TEX| CLE,124,7,LEFT,424,388,76,36,12,49,27,3,2,0.196,RF| DH| LF,-1.931,-0.705,-0.854,-0.636,-1.709,-5.835,-1.0490000000000004,4.786,-2.700438027709339,,,,,,,,,,,,,,,,,,,,,,,,,,,,,,,,,,,-2.700438027709339
930,265,Adam Duvall,ATL| MIA| BOS,82,7,RIGHT,315,287,61,39,12,36,21,0,2,0.213,CF| LF,-1.759,-0.705,-1.482,-1.0,-0.923,-5.869,-1.0830000000000002,4.786,-2.7879641410955327,,,,,,,,,,,,,,,,,,,,,,,,,,,,,,,,,,,-2.7879641410955327
931,346,Jacob Stallings,BAL| COL| PIT| MIA,110,9,RIGHT,384,346,77,25,4,34,29,0,1,0.223,CC,-2.56,-1.538,-1.579,-1.0,-0.866,-7.542,-1.1159999999999997,6.426,-2.87291595702919,,,,,,,,,,,,,,,,,,,,,,,,,,,,,,,,,,,-2.87291595702919
932,210,J. D. Davis,ANA| NYN| SFN| NYA| OAK,113,5,RIGHT,365,318,79,46,12,35,39,1,1,0.248,DH| 3B,-1.359,-0.705,-1.53,-0.879,-0.208,-4.681,-1.12,3.561,-2.883213146839332,,,,,,,,,,,,,,,,,,,,,,,,,,,,,,,,,,,-2.883213146839332
933,247,Ozzie Albies,ATL,64,5,SWITCH,269,247,61,36,8,35,16,3,5,0.247,2B,-1.931,-1.121,-1.53,-0.636,-0.188,-5.406,-1.1579999999999997,4.248,-2.9810364500356648,,,,,,,,,,,,,,,,,,,,,,,,,,,,,,,,,,,-2.9810364500356648
934,348,Seby Zavala,CHA| ARI| SEA,58,9,RIGHT,205,178,48,21,2,21,19,0,0,0.27,CC,-2.789,-1.746,-2.207,-1.0,0.153,-7.588,-1.162,6.426,-2.991333639845806,,,,,,,,,,,,,,,,,,,,,,,,,,,,,,,,,,,-2.991333639845806
935,349,Garrett Stubbs,PHI| HOU,41,9,LEFT,121,106,28,17,5,16,14,2,0,0.264,CC,-3.017,-1.434,-2.448,-0.757,0.049,-7.607,-1.181,6.426,-3.040245291443974,,,,,,,,,,,,,,,,,,,,,,,,,,,,,,,,,,,-3.040245291443974
936,268,Sam Haggerty,TEX| SEA,65,9,SWITCH,201,176,45,26,5,23,18,9,1,0.256,LF| RF,-2.503,-1.434,-2.11,0.093,-0.024,-5.978,-1.1920000000000002,4.786,-3.0685625634218603,,,,,,,,,,,,,,,,,,,,,,,,,,,,,,,,,,,-3.0685625634218603
937,269,Juan Yepez,SLN| WAS,74,5,RIGHT,274,253,64,27,12,30,16,0,0,0.253,LF,-2.446,-0.705,-1.772,-1.0,-0.084,-6.006,-1.2200000000000006,4.786,-3.140642892092845,,,,,,,,,,,,,,,,,,,,,,,,,,,,,,,,,,,-3.140642892092845
938,220,Emmanuel Rivera,BAL| KCA| ARI| MIA,100,8,RIGHT,359,330,77,46,12,40,23,1,2,0.233,3B,-1.359,-0.705,-1.289,-0.879,-0.572,-4.803,-1.242,3.561,-3.197277436048616,,,,,,,,,,,,,,,,,,,,,,,,,,,,,,,,,,,-3.197277436048616
939,270,Franchy Cordero,KCA| BOS| NYA,82,7,LEFT,275,242,53,36,8,29,28,4,1,0.219,1B| RF,-1.931,-1.121,-1.82,-0.514,-0.667,-6.053,-1.2670000000000003,4.786,-3.2616348723619946,,,,,,,,,,,,,,,,,,,,,,,,,,,,,,,,,,,-3.2616348723619946
940,222,Jeimer Candelario,CIN| DET| CHN| WAS,124,7,SWITCH,467,429,93,49,13,50,28,0,1,0.217,3B,-1.188,-0.601,-0.806,-1.0,-1.25,-4.844,-1.2830000000000004,3.561,-3.3028236316025565,,,,,,,,,,,,,,,,,,,,,,,,,,,,,,,,,,,-3.3028236316025565
941,352,Andrew Knizner,SFN| SLN| TEX,89,9,RIGHT,293,260,56,28,4,25,26,0,1,0.215,CC,-2.388,-1.538,-2.013,-1.0,-0.783,-7.723,-1.2969999999999997,6.426,-3.3388637959380465,,,,,,,,,,,,,,,,,,,,,,,,,,,,,,,,,,,-3.3388637959380465
942,292,CJ Abrams,WAS| SDN,85,9,LEFT,302,284,70,30,2,21,5,7,4,0.246,SS,-2.274,-1.746,-2.207,-0.15,-0.226,-6.603,-1.314,5.289,-3.3826268526311445,,,,,,,,,,,,,,,,,,,,,,,,,,,,,,,,,,,-3.3826268526311445
943,272,Corey Dickerson,MIA| TOR| SLN| WAS,89,5,LEFT,297,281,75,26,6,36,12,0,0,0.267,LF| DH,-2.503,-1.33,-1.482,-1.0,0.186,-6.128,-1.3420000000000003,4.786,-3.454707181302129,,,,,,,,,,,,,,,,,,,,,,,,,,,,,,,,,,,-3.454707181302129
944,273,Michael Brantley,HOU,64,2,LEFT,277,243,70,28,5,26,31,1,1,0.288,DH| LF,-2.388,-1.434,-1.965,-0.879,0.528,-6.138,-1.3520000000000003,4.786,-3.48045015582748,,,,,,,,,,,,,,,,,,,,,,,,,,,,,,,,,,,-3.48045015582748
945,357,Max Stassi,ANA,101,7,RIGHT,375,333,60,32,9,30,38,0,0,0.18,CC,-2.16,-1.017,-1.772,-1.0,-1.84,-7.788,-1.362,6.426,-3.5061931303528304,,,,,,,,,,,,,,,,,,,,,,,,,,,,,,,,,,,-3.5061931303528304
946,278,Avisail Garcia,MIL| MIA,98,5,RIGHT,380,357,80,31,8,35,17,4,0,0.224,RF,-2.217,-1.121,-1.53,-0.514,-0.854,-6.237,-1.4510000000000003,4.786,-3.735305603628457,,,,,,,,,,,,,,,,,,,,,,,,,,,,,,,,,,,-3.735305603628457
947,279,Brian Anderson,MIA| MIL| ATL,98,6,RIGHT,383,338,75,43,8,28,37,1,0,0.222,3B| RF,-1.531,-1.121,-1.868,-0.879,-0.861,-6.26,-1.4740000000000002,4.786,-3.794514445036764,,,,,,,,,,,,,,,,,,,,,,,,,,,,,,,,,,,-3.794514445036764
948,261,Jonathan Schoop,DET,131,6,RIGHT,510,481,97,48,11,38,19,5,0,0.202,2B,-1.245,-0.809,-1.385,-0.393,-1.92,-5.752,-1.5039999999999996,4.248,-3.8717433686128153,,,,,,,,,,,,,,,,,,,,,,,,,,,,,,,,,,,-3.8717433686128153
949,281,Jorge Soler,ANA| KCA| ATL| MIA| SFN,72,3,RIGHT,306,270,56,32,13,34,31,0,2,0.207,LF,-2.16,-0.601,-1.579,-1.0,-0.967,-6.306,-1.5200000000000005,4.786,-3.91293212785338,,,,,,,,,,,,,,,,,,,,,,,,,,,,,,,,,,,-3.91293212785338
950,365,Yadier Molina,SLN,73,8,RIGHT,270,262,56,19,5,24,5,2,0,0.214,CC,-2.903,-1.434,-2.062,-0.757,-0.82,-7.976,-1.5499999999999998,6.426,-3.990161051429432,,,,,,,,,,,,,,,,,,,,,,,,,,,,,,,,,,,-3.990161051429432
951,307,Matt Reynolds,KCA| CIN| NYN,84,9,RIGHT,272,244,60,26,3,23,26,5,0,0.246,2B| SS,-2.503,-1.642,-2.11,-0.393,-0.204,-6.852,-1.5630000000000006,5.289,-4.02362691831239,,,,,,,,,,,,,,,,,,,,,,,,,,,,,,,,,,,-4.02362691831239
952,308,Diego Castillo,PIT| ARI| MIN,94,5,RIGHT,283,262,54,28,11,29,14,1,1,0.206,2B| SS| RF,-2.388,-0.809,-1.82,-0.879,-0.963,-6.859,-1.5700000000000005,5.289,-4.041647000480135,,,,,,,,,,,,,,,,,,,,,,,,,,,,,,,,,,,-4.041647000480135
953,369,Austin Wynns,ATH| CIN| BAL| SFN| COL| LAN,61,9,RIGHT,177,162,42,14,3,21,10,0,0,0.259,CC,-3.189,-1.642,-2.207,-1.0,0.019,-8.018,-1.5920000000000003,6.426,-4.098281544435908,,,,,,,,,,,,,,,,,,,,,,,,,,,,,,,,,,,-4.098281544435908
954,235,Evan Longoria,SFN| ARI,88,4,RIGHT,298,266,65,31,14,42,27,0,0,0.244,3B,-2.217,-0.497,-1.192,-1.0,-0.252,-5.157,-1.596,3.561,-4.108578734246048,,,,,,,,,,,,,,,,,,,,,,,,,,,,,,,,,,,-4.108578734246048
955,237,Yoan Moncada,ANA| CHA,103,2,SWITCH,433,397,84,41,12,51,32,2,0,0.212,3B,-1.645,-0.705,-0.757,-0.757,-1.304,-5.168,-1.6070000000000002,3.561,-4.136896006223934,,,,,,,,,,,,,,,,,,,,,,,,,,,,,,,,,,,-4.136896006223934
956,283,Rob Refsnyder,BOS| TEX| MIN,55,1,RIGHT,177,153,47,25,6,21,15,1,1,0.307,RF,-2.56,-1.33,-2.207,-0.879,0.541,-6.433,-1.6470000000000002,4.786,-4.239867904325339,,,,,,,,,,,,,,,,,,,,,,,,,,,,,,,,,,,-4.239867904325339
957,285,Joey Votto,CIN,91,4,LEFT,376,322,66,31,11,41,44,0,0,0.205,1B,-2.217,-0.809,-1.24,-1.0,-1.209,-6.476,-1.6900000000000004,4.786,-4.350562694784349,,,,,,,,,,,,,,,,,,,,,,,,,,,,,,,,,,,-4.350562694784349
958,286,Kevin Kiermaier,TBA| TOR| LAN,59,6,LEFT,221,206,47,28,7,22,14,6,1,0.228,CF,-2.388,-1.225,-2.158,-0.272,-0.433,-6.477,-1.6910000000000007,4.786,-4.353136992236886,,,,,,,,,,,,,,,,,,,,,,,,,,,,,,,,,,,-4.353136992236886
959,287,Bubba Thompson,TEX| CIN,51,9,RIGHT,181,170,45,17,1,9,7,17,1,0.265,LF,-3.017,-1.85,-2.786,1.064,0.086,-6.504,-1.718,4.786,-4.422643023455332,,,,,,,,,,,,,,,,,,,,,,,,,,,,,,,,,,,-4.422643023455332
960,288,Victor Reyes,DET,90,2,SWITCH,336,315,80,27,3,34,13,2,2,0.254,RF,-2.446,-1.642,-1.579,-0.757,-0.082,-6.505,-1.7190000000000003,4.786,-4.425217320907867,,,,,,,,,,,,,,,,,,,,,,,,,,,,,,,,,,,-4.425217320907867
961,388,Austin Hedges,CLE| SDN| PIT| TEX,99,8,RIGHT,338,294,48,26,7,30,25,2,0,0.163,CC,-2.503,-1.225,-1.772,-0.757,-1.979,-8.236,-1.8100000000000005,6.426,-4.659478389088564,,,,,,,,,,,,,,,,,,,,,,,,,,,,,,,,,,,-4.659478389088564
962,389,Curt Casali,CIN| SFN| SEA,54,9,RIGHT,176,148,30,20,5,17,24,0,0,0.203,CC,-2.846,-1.434,-2.4,-1.0,-0.58,-8.259,-1.833,6.426,-4.718687230496871,,,,,,,,,,,,,,,,,,,,,,,,,,,,,,,,,,,-4.718687230496871
963,392,James McCann,ARI| CHA| NYN| BAL,56,9,RIGHT,191,174,34,19,3,18,11,3,0,0.195,CC,-2.903,-1.642,-2.351,-0.636,-0.772,-8.304,-1.878,6.426,-4.834530615860951,,,,,,,,,,,,,,,,,,,,,,,,,,,,,,,,,,,-4.834530615860951
964,325,Sergio Alcantara,SFN| DET| CHN| ARI| SDN,74,7,SWITCH,224,205,45,24,6,29,12,1,1,0.22,3B| SS,-2.617,-1.33,-1.82,-0.879,-0.557,-7.203,-1.9140000000000008,5.289,-4.927205324152216,,,,,,,,,,,,,,,,,,,,,,,,,,,,,,,,,,,-4.927205324152216
965,275,Rodolfo Castro,PIT| PHI,70,3,SWITCH,278,253,59,24,11,27,22,5,3,0.233,3B| 2B,-2.617,-0.809,-1.917,-0.393,-0.441,-6.176,-1.928,4.248,-4.963245488487706,,,,,,,,,,,,,,,,,,,,,,,,,,,,,,,,,,,-4.963245488487706
966,295,Cavan Biggio,KCA| TOR| ATL| LAN,95,9,LEFT,303,257,52,42,6,24,38,2,0,0.202,2B| 1B,-1.588,-1.33,-2.062,-0.757,-1.014,-6.75,-1.9640000000000004,4.786,-5.055920196778971,,,,,,,,,,,,,,,,,,,,,,,,,,,,,,,,,,,-5.055920196778971
967,294,Kyle Isbel,KCA,86,7,LEFT,278,256,54,27,5,28,16,7,5,0.211,RF| CF| LF,-2.446,-1.434,-1.868,-0.15,-0.853,-6.75,-1.9640000000000004,4.786,-5.055920196778971,,,,,,,,,,,,,,,,,,,,,,,,,,,,,,,,,,,-5.055920196778971
968,398,Omar Narvaez,CHA| MIL| NYN,83,7,LEFT,296,262,54,21,4,23,29,0,0,0.206,CC,-2.789,-1.538,-2.11,-1.0,-0.963,-8.399,-1.972999999999999,6.426,-5.079088873851784,,,,,,,,,,,,,,,,,,,,,,,,,,,,,,,,,,,-5.079088873851784
969,400,Brian Serven,COL| TOR,58,9,RIGHT,205,187,38,19,6,16,13,0,0,0.203,CC,-2.903,-1.33,-2.448,-1.0,-0.726,-8.406,-1.9800000000000004,6.426,-5.097108956019533,,,,,,,,,,,,,,,,,,,,,,,,,,,,,,,,,,,-5.097108956019533
970,297,Jordan Luplow,CLE| TBA| ARI| MIN| TOR,82,2,RIGHT,234,205,36,26,11,28,25,5,1,0.176,RF| LF,-2.503,-0.809,-1.868,-0.393,-1.199,-6.772,-1.9860000000000009,4.786,-5.112554740734745,,,,,,,,,,,,,,,,,,,,,,,,,,,,,,,,,,,-5.112554740734745
971,298,Alfonso Rivas,CHN| PIT| SDN,93,8,LEFT,287,251,59,27,3,25,29,6,1,0.235,1B,-2.446,-1.642,-2.013,-0.272,-0.404,-6.776,-1.99,4.786,-5.1228519305448845,,,,,,,,,,,,,,,,,,,,,,,,,,,,,,,,,,,-5.1228519305448845
972,401,Luke Maile,KCA| MIL| CLE| CIN,63,8,RIGHT,206,181,40,19,3,17,19,0,0,0.221,CC,-2.903,-1.642,-2.4,-1.0,-0.473,-8.418,-1.991999999999999,6.426,-5.128000525449951,,,,,,,,,,,,,,,,,,,,,,,,,,,,,,,,,,,-5.128000525449951
973,299,Pavin Smith,ARI,75,2,LEFT,277,245,54,24,9,33,28,1,0,0.22,RF| DH,-2.617,-1.017,-1.627,-0.879,-0.65,-6.79,-2.0040000000000004,4.786,-5.158892094880376,,,,,,,,,,,,,,,,,,,,,,,,,,,,,,,,,,,-5.158892094880376
974,300,Donovan Solano,SEA| TEX| SFN| CIN| MIN| SDN,80,5,RIGHT,304,278,79,22,4,24,19,0,0,0.284,DH| 1B,-2.731,-1.538,-2.062,-1.0,0.527,-6.804,-2.0180000000000007,4.786,-5.194932259215869,,,,,,,,,,,,,,,,,,,,,,,,,,,,,,,,,,,-5.194932259215869
975,302,Kris Bryant,COL| CHN| SFN,42,3,RIGHT,181,160,49,28,5,14,17,0,0,0.306,LF,-2.388,-1.434,-2.545,-1.0,0.555,-6.812,-2.0260000000000007,4.786,-5.21552663883615,,,,,,,,,,,,,,,,,,,,,,,,,,,,,,,,,,,-5.21552663883615
976,303,Frank Schwindel,CHN| OAK,75,4,RIGHT,292,271,62,23,8,36,19,0,0,0.229,1B| DH,-2.674,-1.121,-1.482,-1.0,-0.557,-6.835,-2.0490000000000004,4.786,-5.274735480244456,,,,,,,,,,,,,,,,,,,,,,,,,,,,,,,,,,,-5.274735480244456
977,333,Mauricio Dubon,HOU| SFN,85,8,RIGHT,265,243,52,29,5,24,13,2,3,0.214,CF| SS,-2.331,-1.434,-2.062,-0.757,-0.756,-7.34,-2.051,5.289,-5.279884075149527,,,,,,,,,,,,,,,,,,,,,,,,,,,,,,,,,,,-5.279884075149527
978,305,Odubel Herrera,PHI,62,9,LEFT,197,185,44,23,5,21,11,6,0,0.238,CF,-2.674,-1.434,-2.207,-0.272,-0.261,-6.847,-2.061000000000001,4.786,-5.305627049674879,,,,,,,,,,,,,,,,,,,,,,,,,,,,,,,,,,,-5.305627049674879
979,339,Garrett Hampson,ARI| CIN| SLN| COL| MIA| KCA,68,8,RIGHT,226,199,42,22,2,15,21,10,1,0.211,SS| CF,-2.731,-1.746,-2.496,0.214,-0.661,-7.421,-2.132000000000001,5.289,-5.488402168804872,,,,,,,,,,,,,,,,,,,,,,,,,,,,,,,,,,,-5.488402168804872
980,309,Albert Almora,CHN| NYN| CIN,63,8,RIGHT,235,215,48,26,5,29,17,3,2,0.223,CF| RF,-2.503,-1.434,-1.82,-0.636,-0.527,-6.919,-2.133,4.786,-5.490976466257406,,,,,,,,,,,,,,,,,,,,,,,,,,,,,,,,,,,-5.490976466257406
981,224,Franmil Reyes,CLE| CHN| KCA,118,4,RIGHT,473,438,97,43,14,47,30,2,1,0.221,DH,-1.531,-0.497,-0.951,-0.757,-1.13,-4.865,-2.1942500000000003,2.67075,-5.648652185225182,,,,,,,,,,,,,,,,,,,,,,,,,,,,,,,,,,,-5.648652185225182
982,310,Jo Adell,ANA,86,6,RIGHT,285,268,60,21,8,27,11,4,2,0.224,LF,-2.789,-1.121,-1.917,-0.514,-0.645,-6.986,-2.2,4.786,-5.663454395577259,,,,,,,,,,,,,,,,,,,,,,,,,,,,,,,,,,,-5.663454395577259
983,284,Vaughn Grissom,ATL| BOS,41,7,RIGHT,156,141,41,24,5,18,11,5,2,0.291,2B,-2.617,-1.434,-2.351,-0.393,0.334,-6.462,-2.2139999999999995,4.248,-5.699494559912749,,,,,,,,,,,,,,,,,,,,,,,,,,,,,,,,,,,-5.699494559912749
984,311,Adam Engel,CHA| SDN,90,8,RIGHT,260,245,55,26,2,17,11,10,4,0.224,CF| RF,-2.503,-1.746,-2.4,0.214,-0.579,-7.014,-2.2280000000000006,4.786,-5.735534724248243,,,,,,,,,,,,,,,,,,,,,,,,,,,,,,,,,,,-5.735534724248243
985,423,Yasmani Grandal,CHA| PIT,98,5,SWITCH,376,327,66,15,5,27,45,1,0,0.202,CC| DH,-3.132,-1.434,-1.917,-0.879,-1.301,-8.662,-2.2360000000000007,6.426,-5.756129103868524,,,,,,,,,,,,,,,,,,,,,,,,,,,,,,,,,,,-5.756129103868524
986,344,Danny Mendick,CHA| NYN,29,9,RIGHT,106,97,28,22,3,15,7,1,0,0.289,SS,-2.731,-1.642,-2.496,-0.879,0.215,-7.533,-2.2440000000000007,5.289,-5.776723483488805,,,,,,,,,,,,,,,,,,,,,,,,,,,,,,,,,,,-5.776723483488805
987,315,Mike Moustakas,CIN| ANA| COL,78,7,LEFT,285,252,54,30,7,25,24,2,0,0.214,1B| DH| 3B,-2.274,-1.225,-2.013,-0.757,-0.779,-7.049,-2.263000000000001,4.786,-5.825635135086973,,,,,,,,,,,,,,,,,,,,,,,,,,,,,,,,,,,-5.825635135086973
988,316,LaMonte Wade,ANA| SFN| MIN,76,1,LEFT,251,217,45,29,8,26,26,1,0,0.207,RF| 1B,-2.331,-1.121,-1.965,-0.879,-0.778,-7.074,-2.2880000000000003,4.786,-5.88999257140035,,,,,,,,,,,,,,,,,,,,,,,,,,,,,,,,,,,-5.88999257140035
989,290,Orlando Arcia,ATL| COL| MIL,64,8,RIGHT,234,209,51,25,9,30,21,0,0,0.244,2B,-2.56,-1.017,-1.772,-1.0,-0.203,-6.552,-2.3039999999999994,4.248,-5.931181330640909,,,,,,,,,,,,,,,,,,,,,,,,,,,,,,,,,,,-5.931181330640909
990,431,Luis Torrens,NYN| SDN| SEA| CHN,53,9,RIGHT,166,151,34,13,3,15,12,0,0,0.225,CC,-3.246,-1.642,-2.496,-1.0,-0.35,-8.734,-2.308,6.426,-5.94147852045105,,,,,,,,,,,,,,,,,,,,,,,,,,,,,,,,,,,-5.94147852045105
991,318,Brad Miller,SLN| PHI| TEX,79,8,LEFT,241,222,47,20,7,32,18,3,2,0.212,LF| 3B| DH,-2.846,-1.225,-1.675,-0.636,-0.727,-7.109,-2.3230000000000004,4.786,-5.980092982239079,,,,,,,,,,,,,,,,,,,,,,,,,,,,,,,,,,,-5.980092982239079
992,350,Edmundo Sosa,PHI| SLN,66,8,RIGHT,190,176,40,23,2,21,5,3,1,0.227,SS| 3B,-2.674,-1.746,-2.207,-0.636,-0.381,-7.644,-2.3550000000000004,5.289,-6.062470500720202,,,,,,,,,,,,,,,,,,,,,,,,,,,,,,,,,,,-6.062470500720202
993,435,Sam Huff,SFN| TEX,39,7,RIGHT,132,121,29,9,4,10,11,1,0,0.24,CC,-3.475,-1.538,-2.738,-0.879,-0.155,-8.784,-2.3580000000000005,6.426,-6.070193393077808,,,,,,,,,,,,,,,,,,,,,,,,,,,,,,,,,,,-6.070193393077808
994,319,Gilberto Celestino,MIN,114,9,RIGHT,347,311,74,28,2,24,32,4,1,0.238,CF| LF,-2.388,-1.746,-2.062,-0.514,-0.437,-7.147,-2.3610000000000007,4.786,-6.077916285435414,,,,,,,,,,,,,,,,,,,,,,,,,,,,,,,,,,,-6.077916285435414
995,322,Oswaldo Cabrera,NYA,44,6,SWITCH,171,154,38,21,6,19,15,3,2,0.247,RF,-2.789,-1.33,-2.303,-0.636,-0.119,-7.176,-2.390000000000001,4.786,-6.152570911558932,,,,,,,,,,,,,,,,,,,,,,,,,,,,,,,,,,,-6.152570911558932
996,323,Aristides Aquino,CIN,79,6,RIGHT,276,259,51,24,10,30,17,2,3,0.197,RF,-2.617,-0.913,-1.772,-0.757,-1.122,-7.181,-2.3950000000000005,4.786,-6.165442398821607,,,,,,,,,,,,,,,,,,,,,,,,,,,,,,,,,,,-6.165442398821607
997,326,Spencer Torkelson,DET,110,7,RIGHT,404,360,73,38,8,28,37,0,1,0.203,1B,-1.817,-1.121,-1.868,-1.0,-1.408,-7.215,-2.4290000000000003,4.786,-6.252968512207801,,,,,,,,,,,,,,,,,,,,,,,,,,,,,,,,,,,-6.252968512207801
998,356,Nick Allen,ATL| OAK,95,9,RIGHT,326,299,62,31,4,19,19,3,2,0.207,SS| 2B,-2.217,-1.538,-2.303,-0.636,-1.072,-7.766,-2.4770000000000003,5.289,-6.376534789929487,,,,,,,,,,,,,,,,,,,,,,,,,,,,,,,,,,,-6.376534789929487
999,329,Jackie Bradley,BOS| MIL| TOR| KCA,118,9,LEFT,370,344,70,30,4,38,24,2,3,0.203,CF| RF,-2.274,-1.538,-1.385,-0.757,-1.328,-7.283,-2.4970000000000008,4.786,-6.42802073898019,,,,,,,,,,,,,,,,,,,,,,,,,,,,,,,,,,,-6.42802073898019
1000,331,Kyle Garlick,PHI| MIN,63,6,RIGHT,162,150,35,23,9,18,8,0,0,0.233,RF| LF,-2.674,-1.017,-2.351,-1.0,-0.26,-7.303,-2.5170000000000003,4.786,-6.479506688030892,,,,,,,,,,,,,,,,,,,,,,,,,,,,,,,,,,,-6.479506688030892
1001,332,Edward Olivares,KCA| SDN| PIT,50,4,RIGHT,174,161,46,22,4,15,10,1,3,0.286,RF,-2.731,-1.538,-2.496,-0.879,0.323,-7.321,-2.535,4.786,-6.525844042176523,,,,,,,,,,,,,,,,,,,,,,,,,,,,,,,,,,,-6.525844042176523
1002,301,Luis Guillorme,HOU| NYN| ANA| ARI| ATL,96,8,LEFT,335,297,81,33,2,17,34,1,0,0.273,3B| 2B,-2.102,-1.746,-2.4,-0.879,0.32,-6.807,-2.559,4.248,-6.587627181037366,,,,,,,,,,,,,,,,,,,,,,,,,,,,,,,,,,,-6.587627181037366
1003,304,Brandon Lowe,TBA,65,1,LEFT,266,235,52,31,8,25,27,1,0,0.221,2B,-2.217,-1.121,-2.013,-0.879,-0.609,-6.839,-2.591,4.248,-6.67000469951849,,,,,,,,,,,,,,,,,,,,,,,,,,,,,,,,,,,-6.67000469951849
1004,449,Kevin Plawecki,BOS| TEX,60,9,RIGHT,186,168,37,15,1,13,14,0,0,0.22,CC,-3.132,-1.85,-2.593,-1.0,-0.448,-9.023,-2.5969999999999995,6.426,-6.685450484233699,,,,,,,,,,,,,,,,,,,,,,,,,,,,,,,,,,,-6.685450484233699
1005,336,Eddie Rosario,ATL| LAN| MIN| CLE| WAS,80,6,LEFT,270,250,53,27,5,24,17,3,0,0.212,LF,-2.446,-1.434,-2.062,-0.636,-0.814,-7.39,-2.604,4.786,-6.703470566401446,,,,,,,,,,,,,,,,,,,,,,,,,,,,,,,,,,,-6.703470566401446
1006,337,Jarren Duran,BOS,58,1,LEFT,223,204,45,23,3,17,14,7,1,0.221,CF,-2.674,-1.642,-2.4,-0.15,-0.539,-7.405,-2.6190000000000007,4.786,-6.742085028189474,,,,,,,,,,,,,,,,,,,,,,,,,,,,,,,,,,,-6.742085028189474
1007,452,Jason Delay,PIT,55,9,RIGHT,167,155,33,17,1,11,9,0,2,0.213,CC,-3.017,-1.85,-2.69,-1.0,-0.494,-9.052,-2.6259999999999994,6.426,-6.760105110357217,,,,,,,,,,,,,,,,,,,,,,,,,,,,,,,,,,,-6.760105110357217
1008,276,Maikel Franco,KCA| BAL| WAS,103,6,RIGHT,388,371,85,31,9,39,12,1,0,0.229,3B,-2.217,-1.017,-1.337,-0.879,-0.755,-6.204,-2.643,3.561,-6.8038681670503145,,,,,,,,,,,,,,,,,,,,,,,,,,,,,,,,,,,-6.8038681670503145
1009,454,Robinson Chirinos,NYN| TEX| CHN| BAL,66,8,RIGHT,220,195,35,10,4,22,19,1,0,0.179,CC,-3.417,-1.538,-2.158,-0.879,-1.087,-9.079,-2.6530000000000005,6.426,-6.829611141575668,,,,,,,,,,,,,,,,,,,,,,,,,,,,,,,,,,,-6.829611141575668
1010,458,Michael Perez,TBA| PIT| NYN,41,8,LEFT,132,121,18,10,6,14,10,1,0,0.149,CC,-3.417,-1.33,-2.545,-0.879,-0.94,-9.11,-2.6839999999999997,6.426,-6.909414362604253,,,,,,,,,,,,,,,,,,,,,,,,,,,,,,,,,,,-6.909414362604253
1011,459,Tucker Barnhart,TEX| CIN| DET| CHN| ARI,94,8,LEFT,308,281,62,16,1,16,25,0,0,0.221,CC,-3.074,-1.85,-2.448,-1.0,-0.741,-9.114,-2.6880000000000006,6.426,-6.919711552414397,,,,,,,,,,,,,,,,,,,,,,,,,,,,,,,,,,,-6.919711552414397
1012,342,Brandon Belt,SFN| TOR,77,2,LEFT,298,254,54,25,8,23,37,1,0,0.213,1B,-2.56,-1.121,-2.11,-0.879,-0.816,-7.485,-2.6990000000000007,4.786,-6.948028824392284,,,,,,,,,,,,,,,,,,,,,,,,,,,,,,,,,,,-6.948028824392284
1013,464,Tyler Heineman,TOR| SFN| PIT| BOS,56,9,SWITCH,174,157,34,16,0,9,8,1,0,0.217,CC,-3.074,-1.954,-2.786,-0.879,-0.46,-9.153,-2.7270000000000003,6.426,-7.020109153063266,,,,,,,,,,,,,,,,,,,,,,,,,,,,,,,,,,,-7.020109153063266
1014,370,David Fletcher,ANA| ATL,60,1,RIGHT,228,216,55,18,2,17,7,1,0,0.255,2B| SS,-2.96,-1.746,-2.4,-0.879,-0.046,-8.031,-2.742000000000001,5.289,-7.058723614851294,,,,,,,,,,,,,,,,,,,,,,,,,,,,,,,,,,,-7.058723614851294
1015,345,Akil Baddoo,DET,67,9,LEFT,225,201,41,29,2,9,24,9,6,0.204,LF,-2.331,-1.746,-2.786,0.093,-0.769,-7.54,-2.7540000000000004,4.786,-7.0896151842817146,,,,,,,,,,,,,,,,,,,,,,,,,,,,,,,,,,,-7.0896151842817146
1016,465,Riley Adams,WAS| TOR,48,7,RIGHT,155,142,25,14,5,10,12,0,1,0.176,CC,-3.189,-1.434,-2.738,-1.0,-0.826,-9.187,-2.7609999999999992,6.426,-7.107635266449457,,,,,,,,,,,,,,,,,,,,,,,,,,,,,,,,,,,-7.107635266449457
1017,470,Roberto Perez,CLE| PIT| SFN,21,8,RIGHT,69,60,14,8,2,8,9,0,0,0.233,CC,-3.532,-1.746,-2.834,-1.0,-0.104,-9.216,-2.789999999999999,6.426,-7.182289892572976,,,,,,,,,,,,,,,,,,,,,,,,,,,,,,,,,,,-7.182289892572976
1018,314,Abraham Toro,BOS| HOU| SEA| MIL| OAK,104,7,SWITCH,352,324,60,34,10,35,22,1,0,0.185,3B| 2B| DH,-2.045,-0.913,-1.53,-0.879,-1.674,-7.042,-2.794,4.248,-7.192587082383117,,,,,,,,,,,,,,,,,,,,,,,,,,,,,,,,,,,-7.192587082383117
1019,347,Nelson Velazquez,CHN| KCA,71,8,RIGHT,206,185,38,18,6,26,19,3,1,0.205,CF| RF,-2.96,-1.33,-1.965,-0.636,-0.689,-7.58,-2.7940000000000005,4.786,-7.19258708238312,,,,,,,,,,,,,,,,,,,,,,,,,,,,,,,,,,,-7.19258708238312
1020,472,Kurt Suzuki,WAS| ANA,49,7,RIGHT,159,139,25,10,4,15,15,0,0,0.18,CC,-3.417,-1.538,-2.496,-1.0,-0.771,-9.223,-2.7970000000000006,6.426,-7.200309974740725,,,,,,,,,,,,,,,,,,,,,,,,,,,,,,,,,,,-7.200309974740725
1021,354,Cal Mitchell,PIT,69,6,LEFT,232,212,48,21,5,17,18,3,1,0.226,RF,-2.789,-1.434,-2.4,-0.636,-0.472,-7.73,-2.944000000000001,4.786,-7.578731700263388,,,,,,,,,,,,,,,,,,,,,,,,,,,,,,,,,,,-7.578731700263388
1022,491,Mike Zunino,TBA| CLE,36,7,RIGHT,123,115,17,7,5,16,6,0,0,0.148,CC,-3.589,-1.434,-2.448,-1.0,-0.901,-9.372,-2.946,6.426,-7.583880295168456,,,,,,,,,,,,,,,,,,,,,,,,,,,,,,,,,,,-7.583880295168456
1023,358,Garrett Mitchell,MIL,22,9,LEFT,68,61,19,9,2,9,6,8,0,0.311,CF,-3.475,-1.746,-2.786,-0.029,0.234,-7.801,-3.015000000000001,4.786,-7.76150681939338,,,,,,,,,,,,,,,,,,,,,,,,,,,,,,,,,,,-7.76150681939338
1024,501,Rene Pinto,TBA,25,9,RIGHT,83,80,17,5,2,10,2,0,0,0.212,CC,-3.703,-1.746,-2.738,-1.0,-0.258,-9.445,-3.019,6.426,-7.77180400920352,,,,,,,,,,,,,,,,,,,,,,,,,,,,,,,,,,,-7.77180400920352
1025,359,Trevor Larnach,MIN,51,7,LEFT,180,160,37,22,5,18,18,0,0,0.231,LF,-2.731,-1.434,-2.351,-1.0,-0.301,-7.818,-3.032,4.786,-7.805269876086476,,,,,,,,,,,,,,,,,,,,,,,,,,,,,,,,,,,-7.805269876086476
1026,330,Sheldon Neuse,LAN| OAK,86,2,RIGHT,293,271,58,23,4,26,20,6,1,0.214,3B| 2B,-2.674,-1.538,-1.965,-0.272,-0.843,-7.292,-3.044,4.248,-7.836161445516897,,,,,,,,,,,,,,,,,,,,,,,,,,,,,,,,,,,-7.836161445516897
1027,362,Eli White,ATL| TEX,37,9,RIGHT,117,105,21,13,3,10,11,10,1,0.2,CF,-3.246,-1.642,-2.738,0.214,-0.432,-7.843,-3.0570000000000004,4.786,-7.869627312399855,,,,,,,,,,,,,,,,,,,,,,,,,,,,,,,,,,,-7.869627312399855
1028,397,Paul DeJong,WAS| SLN| SFN| TOR| CHA| KCA,69,7,RIGHT,237,210,33,19,6,25,21,3,2,0.157,SS,-2.903,-1.33,-2.013,-0.636,-1.505,-8.387,-3.0980000000000008,5.289,-7.975173507953795,,,,,,,,,,,,,,,,,,,,,,,,,,,,,,,,,,,-7.975173507953795
1029,338,Jonathan Villar,MIA| TOR| NYN| ANA| CHN,57,6,SWITCH,220,202,42,25,3,18,15,7,0,0.208,3B| 2B,-2.56,-1.642,-2.351,-0.15,-0.716,-7.42,-3.172,4.248,-8.165671519441391,,,,,,,,,,,,,,,,,,,,,,,,,,,,,,,,,,,-8.165671519441391
1030,366,Jake Cave,MIN| PHI| COL,53,7,LEFT,177,164,35,17,5,20,11,2,0,0.213,LF,-3.017,-1.434,-2.255,-0.757,-0.517,-7.98,-3.194000000000001,4.786,-8.222306063397168,,,,,,,,,,,,,,,,,,,,,,,,,,,,,,,,,,,-8.222306063397168
1031,367,Jose Azocar,ATL| NYN| SDN,82,9,RIGHT,216,202,52,21,0,10,12,4,6,0.257,RF| CF,-2.789,-1.954,-2.738,-0.514,-0.003,-7.998,-3.2120000000000006,4.786,-8.2686434175428,,,,,,,,,,,,,,,,,,,,,,,,,,,,,,,,,,,-8.2686434175428
1032,372,Josh Lowe,TBA,51,6,LEFT,198,181,40,24,2,13,15,3,0,0.221,RF,-2.617,-1.746,-2.593,-0.636,-0.473,-8.065,-3.279,4.786,-8.44112134686265,,,,,,,,,,,,,,,,,,,,,,,,,,,,,,,,,,,-8.44112134686265
1033,373,Corbin Carroll,ARI,32,6,LEFT,115,104,27,13,4,14,8,2,1,0.26,LF,-3.246,-1.538,-2.545,-0.757,0.015,-8.071,-3.285,4.786,-8.456567131577861,,,,,,,,,,,,,,,,,,,,,,,,,,,,,,,,,,,-8.456567131577861
1034,306,Ezequiel Duran,TEX,58,8,RIGHT,220,208,49,25,5,25,12,4,1,0.236,3B,-2.56,-1.434,-2.013,-0.514,-0.327,-6.848,-3.287,3.561,-8.46171572648293,,,,,,,,,,,,,,,,,,,,,,,,,,,,,,,,,,,-8.46171572648293
1035,375,Alex Call,LAN| WAS| CLE,44,7,RIGHT,131,114,27,13,5,13,15,3,3,0.237,LF,-3.246,-1.434,-2.593,-0.636,-0.169,-8.077,-3.2910000000000004,4.786,-8.472012916293073,,,,,,,,,,,,,,,,,,,,,,,,,,,,,,,,,,,-8.472012916293073
1036,377,Nomar Mazara,CHA| DET| SDN,54,6,LEFT,171,159,42,16,2,18,10,0,0,0.264,RF,-3.074,-1.746,-2.351,-1.0,0.074,-8.098,-3.312000000000001,4.786,-8.526073162796312,,,,,,,,,,,,,,,,,,,,,,,,,,,,,,,,,,,-8.526073162796312
1037,379,Alex Kirilloff,MIN,45,6,LEFT,156,144,36,14,3,21,5,0,0,0.25,LF,-3.189,-1.642,-2.207,-1.0,-0.078,-8.116,-3.33,4.786,-8.572410516941941,,,,,,,,,,,,,,,,,,,,,,,,,,,,,,,,,,,-8.572410516941941
1038,529,Austin Romine,DET| CHN| ANA| CIN| SLN,45,9,RIGHT,136,129,20,10,3,9,4,0,0,0.155,CC,-3.417,-1.642,-2.786,-1.0,-0.944,-9.79,-3.363999999999999,6.426,-8.659936630328133,,,,,,,,,,,,,,,,,,,,,,,,,,,,,,,,,,,-8.659936630328133
1039,385,Jarred Kelenic,ATL| SEA,52,8,LEFT,181,163,23,20,7,17,16,5,2,0.141,RF| CF,-2.846,-1.225,-2.4,-0.393,-1.355,-8.219,-3.433,4.786,-8.837563154553058,,,,,,,,,,,,,,,,,,,,,,,,,,,,,,,,,,,-8.837563154553058
1040,271,Miguel Cabrera,DET,112,4,RIGHT,433,397,101,25,5,43,28,1,0,0.254,DH,-2.56,-1.434,-1.144,-0.879,-0.091,-6.107,-3.43625,2.67075,-8.845929621273799,,,,,,,,,,,,,,,,,,,,,,,,,,,,,,,,,,,-8.845929621273799
1041,537,Patrick Mazeika,NYN,24,9,LEFT,72,68,13,4,1,6,2,0,0,0.191,CC,-3.76,-1.85,-2.931,-1.0,-0.322,-9.864,-3.4380000000000006,6.426,-8.850434641815735,,,,,,,,,,,,,,,,,,,,,,,,,,,,,,,,,,,-8.850434641815735
1042,386,Miguel Andujar,ATH| CIN| NYA| PIT| OAK,36,5,RIGHT,140,132,31,13,1,17,5,4,1,0.235,LF,-3.246,-1.85,-2.4,-0.514,-0.214,-8.225,-3.439,4.786,-8.85300893926827,,,,,,,,,,,,,,,,,,,,,,,,,,,,,,,,,,,-8.85300893926827
1043,538,Aramis Garcia,ARI| OAK| CIN| PHI,42,9,RIGHT,115,108,23,6,1,4,3,0,1,0.213,CC,-3.646,-1.85,-3.028,-1.0,-0.344,-9.868,-3.442,6.426,-8.860731831625875,,,,,,,,,,,,,,,,,,,,,,,,,,,,,,,,,,,-8.860731831625875
1044,351,Charles Leblanc,MIA| ANA,48,6,RIGHT,169,156,41,17,4,11,12,4,2,0.263,2B,-3.017,-1.538,-2.69,-0.514,0.058,-7.701,-3.4529999999999994,4.248,-8.889049103603758,,,,,,,,,,,,,,,,,,,,,,,,,,,,,,,,,,,-8.889049103603758
1045,312,Jake Burger,TEX| CHA| MIA,49,6,RIGHT,183,168,42,20,8,26,10,0,0,0.25,3B,-2.846,-1.121,-1.965,-1.0,-0.091,-7.023,-3.462,3.561,-8.912217780676576,,,,,,,,,,,,,,,,,,,,,,,,,,,,,,,,,,,-8.912217780676576
1046,390,Colin Moran,PIT| CIN,41,7,LEFT,128,109,23,11,5,23,16,0,0,0.211,1B,-3.36,-1.434,-2.11,-1.0,-0.362,-8.266,-3.4800000000000004,4.786,-8.958555134822209,,,,,,,,,,,,,,,,,,,,,,,,,,,,,,,,,,,-8.958555134822209
1047,433,Didi Gregorius,PHI,62,6,LEFT,232,214,45,17,1,19,13,1,0,0.21,SS,-3.017,-1.85,-2.303,-0.879,-0.723,-8.772,-3.4830000000000005,5.289,-8.966278027179815,,,,,,,,,,,,,,,,,,,,,,,,,,,,,,,,,,,-8.966278027179815
1048,391,Nick Pratto,KCA,49,6,LEFT,182,158,29,18,7,20,19,0,0,0.184,1B,-2.96,-1.225,-2.255,-1.0,-0.835,-8.275,-3.4890000000000008,4.786,-8.981723811895026,,,,,,,,,,,,,,,,,,,,,,,,,,,,,,,,,,,-8.981723811895026
1049,545,Jose Herrera,ARI,45,9,SWITCH,124,111,21,9,0,5,9,0,0,0.189,CC,-3.475,-1.954,-2.979,-1.0,-0.542,-9.95,-3.523999999999999,6.426,-9.07182422273375,,,,,,,,,,,,,,,,,,,,,,,,,,,,,,,,,,,-9.07182422273375
1050,393,Sam Hilliard,COL| ATL,57,7,LEFT,200,174,32,22,2,14,23,5,1,0.184,LF,-2.731,-1.746,-2.545,-0.393,-0.915,-8.33,-3.5440000000000005,4.786,-9.123310171784455,,,,,,,,,,,,,,,,,,,,,,,,,,,,,,,,,,,-9.123310171784455
1051,395,Dermis Garcia,OAK,39,5,RIGHT,125,116,24,13,5,20,8,0,0,0.207,1B,-3.246,-1.434,-2.255,-1.0,-0.42,-8.354,-3.568,4.786,-9.185093310645298,,,,,,,,,,,,,,,,,,,,,,,,,,,,,,,,,,,-9.185093310645298
1052,396,Josh Smith,TEX,72,8,LEFT,253,213,42,22,2,16,28,4,3,0.197,3B| LF,-2.731,-1.746,-2.448,-0.514,-0.918,-8.358,-3.572000000000001,4.786,-9.195390500455442,,,,,,,,,,,,,,,,,,,,,,,,,,,,,,,,,,,-9.195390500455442
1053,361,Leury Garcia,CHA,88,7,SWITCH,315,300,63,34,3,20,7,1,0,0.21,2B,-2.045,-1.642,-2.255,-0.879,-1.019,-7.84,-3.592,4.248,-9.24687644950614,,,,,,,,,,,,,,,,,,,,,,,,,,,,,,,,,,,-9.24687644950614
1054,320,Ildemaro Vargas,ARI| CHN| MIN| PIT| WAS,62,9,SWITCH,222,209,55,18,4,23,8,3,1,0.263,3B,-2.96,-1.538,-2.11,-0.636,0.083,-7.161,-3.6,3.561,-9.267470829126422,,,,,,,,,,,,,,,,,,,,,,,,,,,,,,,,,,,-9.267470829126422
1055,321,David Villar,SFN,52,6,RIGHT,181,156,36,21,9,24,18,0,1,0.231,3B,-2.789,-1.017,-2.062,-1.0,-0.299,-7.166,-3.605,3.561,-9.2803423163891,,,,,,,,,,,,,,,,,,,,,,,,,,,,,,,,,,,-9.2803423163891
1056,443,Johan Camargo,ATL| PHI| SFN,50,8,SWITCH,166,152,36,8,3,15,13,0,0,0.237,SS,-3.532,-1.642,-2.496,-1.0,-0.225,-8.895,-3.606,5.289,-9.282916613841634,,,,,,,,,,,,,,,,,,,,,,,,,,,,,,,,,,,-9.282916613841634
1057,399,Greg Allen,BAL| CLE| SDN| NYA| PIT,39,7,SWITCH,134,118,22,16,2,8,10,7,1,0.186,LF,-3.074,-1.746,-2.834,-0.15,-0.599,-8.404,-3.618,4.786,-9.313808183272055,,,,,,,,,,,,,,,,,,,,,,,,,,,,,,,,,,,-9.313808183272055
1058,558,Chuckie Robinson,LAN| CIN| CHA,20,9,RIGHT,60,59,8,3,2,5,0,0,0,0.136,CC,-3.818,-1.746,-2.979,-1.0,-0.514,-10.057,-3.631,6.426,-9.347274050155011,,,,,,,,,,,,,,,,,,,,,,,,,,,,,,,,,,,-9.347274050155011
1059,403,Cooper Hummel,BAL| HOU| ARI| SEA,65,1,SWITCH,201,176,31,20,3,17,23,4,1,0.176,LF,-2.846,-1.642,-2.4,-0.514,-1.023,-8.425,-3.639000000000001,4.786,-9.367868429775296,,,,,,,,,,,,,,,,,,,,,,,,,,,,,,,,,,,-9.367868429775296
1060,363,Michael Massey,KCA,51,6,LEFT,194,173,42,15,4,17,9,3,0,0.243,2B,-3.132,-1.538,-2.4,-0.636,-0.183,-7.888,-3.64,4.248,-9.370442727227829,,,,,,,,,,,,,,,,,,,,,,,,,,,,,,,,,,,-9.370442727227829
1061,406,Luke Williams,ATL| PHI| MIA| SFN| LAN,55,9,RIGHT,136,127,30,14,1,6,9,6,3,0.236,3B| LF,-3.189,-1.85,-2.931,-0.272,-0.194,-8.436,-3.65,4.786,-9.39618570175318,,,,,,,,,,,,,,,,,,,,,,,,,,,,,,,,,,,-9.39618570175318
1062,560,Sandy Leon,ATL| CLE| MIA| MIN| TEX,29,9,SWITCH,86,71,12,6,0,4,13,0,0,0.169,CC,-3.646,-1.954,-3.028,-1.0,-0.449,-10.077,-3.651,6.426,-9.398759999205714,,,,,,,,,,,,,,,,,,,,,,,,,,,,,,,,,,,-9.398759999205714
1063,407,Skye Bolt,OAK| SFN,37,8,SWITCH,116,106,21,9,4,13,7,5,0,0.198,CF,-3.475,-1.538,-2.593,-0.393,-0.45,-8.448,-3.662000000000001,4.786,-9.427077271183602,,,,,,,,,,,,,,,,,,,,,,,,,,,,,,,,,,,-9.427077271183602
1064,364,Zach McKinstry,DET| LAN| CHN,52,1,LEFT,185,166,33,20,5,14,16,5,0,0.199,2B| 3B,-2.846,-1.434,-2.545,-0.393,-0.697,-7.914,-3.666,4.248,-9.43737446099374,,,,,,,,,,,,,,,,,,,,,,,,,,,,,,,,,,,-9.43737446099374
1065,408,Oscar Mercado,CLE| PHI| SLN,45,8,RIGHT,128,121,25,14,4,16,5,1,1,0.207,RF,-3.189,-1.538,-2.448,-0.879,-0.44,-8.494,-3.708,4.786,-9.545494954000215,,,,,,,,,,,,,,,,,,,,,,,,,,,,,,,,,,,-9.545494954000215
1066,409,Matt Duffy,CHN| ANA| KCA| TEX,76,6,RIGHT,247,228,57,14,2,16,17,0,0,0.25,1B| 3B,-3.189,-1.746,-2.448,-1.0,-0.124,-8.507,-3.721,4.786,-9.578960820883172,,,,,,,,,,,,,,,,,,,,,,,,,,,,,,,,,,,-9.578960820883172
1067,411,JJ Bleday,ATH| MIA| OAK,64,5,LEFT,238,204,34,21,5,16,30,4,1,0.167,LF| CF,-2.789,-1.434,-2.448,-0.514,-1.324,-8.508,-3.722,4.786,-9.581535118335706,,,,,,,,,,,,,,,,,,,,,,,,,,,,,,,,,,,-9.581535118335706
1068,575,Michael Papierski,CIN| SFN,35,9,SWITCH,103,91,13,7,1,4,10,0,0,0.143,CC,-3.589,-1.85,-3.028,-1.0,-0.745,-10.212,-3.786,6.426,-9.746290155297954,,,,,,,,,,,,,,,,,,,,,,,,,,,,,,,,,,,-9.746290155297954
1069,334,Mike Brosseau,TBA| MIL,65,8,RIGHT,160,141,36,15,6,23,14,2,0,0.255,3B,-3.132,-1.33,-2.11,-0.757,-0.023,-7.351,-3.79,3.561,-9.756587345108096,,,,,,,,,,,,,,,,,,,,,,,,,,,,,,,,,,,-9.756587345108096
1070,416,Sean Bouchard,COL,26,8,RIGHT,97,74,22,9,3,11,21,0,0,0.297,LF,-3.475,-1.642,-2.69,-1.0,0.21,-8.597,-3.811,4.786,-9.810647591611332,,,,,,,,,,,,,,,,,,,,,,,,,,,,,,,,,,,-9.810647591611332
1071,577,Jason Castro,ANA| SDN| HOU,30,8,LEFT,88,78,9,6,1,3,8,1,0,0.115,CC,-3.646,-1.85,-3.076,-0.879,-0.792,-10.243,-3.817,6.426,-9.826093376326543,,,,,,,,,,,,,,,,,,,,,,,,,,,,,,,,,,,-9.826093376326543
1072,418,Ryan McKenna,BAL| SFN,63,7,RIGHT,172,156,37,16,2,11,11,1,1,0.237,CF| LF,-3.074,-1.746,-2.69,-0.879,-0.227,-8.616,-3.83,4.786,-9.8595592432095,,,,,,,,,,,,,,,,,,,,,,,,,,,,,,,,,,,-9.8595592432095
1073,419,Triston Casas,BOS,27,6,LEFT,95,76,15,11,5,12,19,1,0,0.197,1B,-3.36,-1.434,-2.641,-0.879,-0.327,-8.641,-3.855,4.786,-9.92391667952288,,,,,,,,,,,,,,,,,,,,,,,,,,,,,,,,,,,-9.92391667952288
1074,420,Stephen Piscotty,OAK,42,5,RIGHT,139,126,24,12,5,14,9,2,0,0.19,RF,-3.303,-1.434,-2.545,-0.757,-0.604,-8.642,-3.856,4.786,-9.926490976975412,,,,,,,,,,,,,,,,,,,,,,,,,,,,,,,,,,,-9.926490976975412
1075,421,Tucupita Marcano,SDN| PIT,49,8,LEFT,177,160,33,18,2,13,10,2,1,0.206,LF| 2B,-2.96,-1.746,-2.593,-0.757,-0.586,-8.643,-3.857000000000001,4.786,-9.92906527442795,,,,,,,,,,,,,,,,,,,,,,,,,,,,,,,,,,,-9.92906527442795
1076,425,Taylor Trammell,HOU| SEA| LAN| NYA,41,8,LEFT,117,102,20,14,4,10,13,2,1,0.196,RF,-3.189,-1.538,-2.738,-0.757,-0.448,-8.67,-3.884,4.786,-9.998571305646395,,,,,,,,,,,,,,,,,,,,,,,,,,,,,,,,,,,-9.998571305646395
1077,426,Stuart Fairchild,ATL| ARI| CIN| SEA| SFN,38,5,RIGHT,110,97,24,13,5,6,8,0,2,0.247,LF,-3.246,-1.434,-2.931,-1.0,-0.071,-8.681,-3.895,4.786,-10.02688857762428,,,,,,,,,,,,,,,,,,,,,,,,,,,,,,,,,,,-10.02688857762428
1078,427,Josh VanMeter,ARI| CIN| PIT,66,8,LEFT,192,171,32,15,3,14,19,4,0,0.187,2B| 1B,-3.132,-1.642,-2.545,-0.514,-0.86,-8.693,-3.907,4.786,-10.057780147054704,,,,,,,,,,,,,,,,,,,,,,,,,,,,,,,,,,,-10.057780147054704
1079,429,Brett Phillips,KCA| TBA| BAL| ANA,74,9,LEFT,225,201,29,19,5,15,16,6,0,0.144,RF| CF,-2.903,-1.434,-2.496,-0.272,-1.625,-8.73,-3.944000000000001,4.786,-10.153029152798505,,,,,,,,,,,,,,,,,,,,,,,,,,,,,,,,,,,-10.153029152798505
1080,432,Jake Meyers,HOU,48,8,RIGHT,160,150,34,12,1,15,7,2,1,0.227,CF,-3.303,-1.85,-2.496,-0.757,-0.331,-8.738,-3.952,4.786,-10.173623532418784,,,,,,,,,,,,,,,,,,,,,,,,,,,,,,,,,,,-10.173623532418784
1081,384,Tyler Wade,SDN| NYA| ANA| OAK,57,8,LEFT,163,147,32,18,1,8,10,7,5,0.218,2B,-2.96,-1.85,-2.834,-0.15,-0.419,-8.214,-3.966,4.248,-10.209663696754276,,,,,,,,,,,,,,,,,,,,,,,,,,,,,,,,,,,-10.209663696754276
1082,436,Nick Solak,PIT| TEX| ATL| DET,34,8,RIGHT,95,82,17,14,3,4,7,3,2,0.207,LF,-3.189,-1.642,-3.028,-0.636,-0.294,-8.789,-4.003,4.786,-10.304912702498076,,,,,,,,,,,,,,,,,,,,,,,,,,,,,,,,,,,-10.304912702498076
1083,439,Nolan Jones,CLE| COL,28,7,LEFT,94,86,21,10,2,13,8,0,0,0.244,RF,-3.417,-1.746,-2.593,-1.0,-0.082,-8.839,-4.053000000000001,4.786,-10.433627575124833,,,,,,,,,,,,,,,,,,,,,,,,,,,,,,,,,,,-10.433627575124833
1084,440,Jonathan Davis,TOR| NYA| MIL| MIA,30,9,RIGHT,91,76,17,8,0,4,14,7,1,0.224,CF,-3.532,-1.954,-3.028,-0.15,-0.184,-8.848,-4.062000000000001,4.786,-10.45679625219765,,,,,,,,,,,,,,,,,,,,,,,,,,,,,,,,,,,-10.45679625219765
1085,492,Alcides Escobar,WAS,38,9,RIGHT,131,124,27,11,0,8,5,1,1,0.218,SS,-3.36,-1.954,-2.834,-0.879,-0.353,-9.381,-4.0920000000000005,5.289,-10.5340251757737,,,,,,,,,,,,,,,,,,,,,,,,,,,,,,,,,,,-10.5340251757737
1086,353,Anthony Rendon,ANA,47,4,RIGHT,193,166,38,15,5,24,23,2,0,0.229,3B,-3.132,-1.434,-2.062,-0.757,-0.34,-7.724,-4.163,3.561,-10.716800294903695,,,,,,,,,,,,,,,,,,,,,,,,,,,,,,,,,,,-10.716800294903695
1087,402,Alejo Lopez,CIN,57,7,SWITCH,156,145,38,13,1,10,9,3,1,0.262,2B,-3.246,-1.85,-2.738,-0.636,0.046,-8.424,-4.175999999999999,4.248,-10.750266161786648,,,,,,,,,,,,,,,,,,,,,,,,,,,,,,,,,,,-10.750266161786648
1088,355,Elehuris Montero,COL,51,7,RIGHT,185,176,41,20,6,20,8,0,0,0.233,3B,-2.846,-1.33,-2.255,-1.0,-0.31,-7.74,-4.179,3.561,-10.757989054144256,,,,,,,,,,,,,,,,,,,,,,,,,,,,,,,,,,,-10.757989054144256
1089,507,Jose Barrero,SLN| CIN,47,8,RIGHT,174,165,25,13,2,10,9,4,1,0.152,SS,-3.246,-1.746,-2.738,-0.514,-1.249,-9.493,-4.204000000000001,5.289,-10.822346490457637,,,,,,,,,,,,,,,,,,,,,,,,,,,,,,,,,,,-10.822346490457637
1090,410,Nick Madrigal,CHA| CHN,59,1,RIGHT,228,209,52,19,0,7,14,3,1,0.249,2B,-2.903,-1.954,-2.883,-0.636,-0.131,-8.507,-4.259,4.248,-10.963932850347064,,,,,,,,,,,,,,,,,,,,,,,,,,,,,,,,,,,-10.963932850347064
1091,412,Yu Chang,CLE| BOS| PIT| TBA,65,7,RIGHT,190,168,35,19,4,15,16,0,1,0.208,2B,-2.903,-1.538,-2.496,-1.0,-0.591,-8.528,-4.28,4.248,-11.017993096850304,,,,,,,,,,,,,,,,,,,,,,,,,,,,,,,,,,,-11.017993096850304
1092,460,Jason Heyward,SDN| CHN| LAN| HOU,46,7,LEFT,151,137,28,15,1,10,11,1,0,0.204,CF| RF,-3.132,-1.85,-2.738,-0.879,-0.52,-9.119,-4.333,4.786,-11.154430861834664,,,,,,,,,,,,,,,,,,,,,,,,,,,,,,,,,,,-11.154430861834664
1093,422,Hanser Alberto,BAL| KCA| LAN| CHA,69,9,RIGHT,159,156,38,13,2,15,3,0,1,0.244,2B,-3.246,-1.746,-2.496,-1.0,-0.156,-8.645,-4.396999999999999,4.248,-11.31918589879691,,,,,,,,,,,,,,,,,,,,,,,,,,,,,,,,,,,-11.31918589879691
1094,466,Roman Quinn,PHI| TBA,31,9,SWITCH,87,79,17,9,0,7,7,3,2,0.215,CF,-3.475,-1.954,-2.883,-0.636,-0.239,-9.187,-4.401,4.786,-11.329483088607052,,,,,,,,,,,,,,,,,,,,,,,,,,,,,,,,,,,-11.329483088607052
1095,471,Lorenzo Cain,MIL,42,8,RIGHT,156,145,26,17,1,9,8,2,2,0.179,CF,-3.017,-1.85,-2.786,-0.757,-0.81,-9.221,-4.4350000000000005,4.786,-11.417009201993247,,,,,,,,,,,,,,,,,,,,,,,,,,,,,,,,,,,-11.417009201993247
1096,475,Richie Palacios,TBA| CLE| SLN,54,8,LEFT,123,112,26,7,0,10,9,2,0,0.232,LF,-3.589,-1.954,-2.738,-0.757,-0.204,-9.242,-4.456000000000001,4.786,-11.471069448496486,,,,,,,,,,,,,,,,,,,,,,,,,,,,,,,,,,,-11.471069448496486
1097,428,Romy Gonzalez,BOS| CHA,32,9,RIGHT,109,105,25,15,2,11,2,0,1,0.238,2B,-3.132,-1.746,-2.69,-1.0,-0.146,-8.714,-4.466,4.248,-11.496812423021836,,,,,,,,,,,,,,,,,,,,,,,,,,,,,,,,,,,-11.496812423021836
1098,480,Cristian Pache,ATL| OAK| PHI| BAL| MIA,82,9,RIGHT,260,241,40,18,3,18,15,2,2,0.166,CF,-2.96,-1.642,-2.351,-0.757,-1.576,-9.286,-4.5,4.786,-11.584338536408028,,,,,,,,,,,,,,,,,,,,,,,,,,,,,,,,,,,-11.584338536408028
1099,371,Gunnar Henderson,BAL,34,5,LEFT,132,116,30,12,4,18,16,1,1,0.259,3B,-3.303,-1.538,-2.351,-0.879,0.008,-8.063,-4.502000000000001,3.561,-11.5894871313131,,,,,,,,,,,,,,,,,,,,,,,,,,,,,,,,,,,-11.5894871313131
1100,324,Mitch Garver,SEA| MIN| TEX,54,3,RIGHT,215,188,39,23,10,24,23,1,1,0.207,DH,-2.674,-0.913,-2.062,-0.879,-0.673,-7.2,-4.52925,2.67075,-11.65963673689468,,,,,,,,,,,,,,,,,,,,,,,,,,,,,,,,,,,-11.65963673689468
1101,486,Lewin Diaz,MIA,50,9,LEFT,174,160,27,12,5,11,11,1,0,0.169,1B,-3.303,-1.434,-2.69,-0.879,-1.014,-9.319,-4.533000000000001,4.786,-11.66929035234169,,,,,,,,,,,,,,,,,,,,,,,,,,,,,,,,,,,-11.66929035234169
1102,487,Dominic Smith,SFN| NYN| WAS| BOS| CIN,50,6,LEFT,152,134,26,11,0,17,12,0,0,0.194,1B,-3.36,-1.954,-2.4,-1.0,-0.608,-9.322,-4.536,4.786,-11.677013244699292,,,,,,,,,,,,,,,,,,,,,,,,,,,,,,,,,,,-11.677013244699292
1103,488,Mickey Moniak,COL| PHI| ANA,33,9,LEFT,112,106,18,12,3,8,4,1,0,0.17,CF,-3.303,-1.642,-2.834,-0.879,-0.664,-9.322,-4.536,4.786,-11.677013244699292,,,,,,,,,,,,,,,,,,,,,,,,,,,,,,,,,,,-11.677013244699292
1104,489,Travis Demeritte,DET| ATL,26,9,RIGHT,96,89,19,9,3,6,6,0,0,0.213,RF,-3.475,-1.642,-2.931,-1.0,-0.28,-9.328,-4.542,4.786,-11.692459029414502,,,,,,,,,,,,,,,,,,,,,,,,,,,,,,,,,,,-11.692459029414502
1105,490,Mike Ford,NYA| ANA| ATL| SEA| SFN| CIN,48,5,LEFT,149,131,27,9,3,10,17,0,0,0.206,1B,-3.475,-1.642,-2.738,-1.0,-0.481,-9.336,-4.550000000000001,4.786,-11.713053409034789,,,,,,,,,,,,,,,,,,,,,,,,,,,,,,,,,,,-11.713053409034789
1106,438,Vidal Brujan,ATL| BAL| CHN| TBA| MIA,49,9,SWITCH,162,147,24,11,3,16,12,5,5,0.163,2B,-3.36,-1.642,-2.448,-0.393,-0.99,-8.833,-4.585,4.248,-11.803153819873511,,,,,,,,,,,,,,,,,,,,,,,,,,,,,,,,,,,-11.803153819873511
1107,383,Jason Vosler,SFN| CIN| SEA,36,8,LEFT,111,98,26,14,4,12,10,1,1,0.265,3B,-3.189,-1.538,-2.641,-0.879,0.054,-8.193,-4.632,3.561,-11.924145800142664,,,,,,,,,,,,,,,,,,,,,,,,,,,,,,,,,,,-11.924145800142664
1108,498,Derek Hill,CHA| MIA| DET| WAS| SFN| TEX,28,9,RIGHT,92,83,19,7,1,3,5,2,0,0.229,CF,-3.589,-1.85,-3.076,-0.757,-0.17,-9.442,-4.656000000000001,4.786,-11.985928939003507,,,,,,,,,,,,,,,,,,,,,,,,,,,,,,,,,,,-11.985928939003507
1109,505,Yoshi Tsutsugo,TBA| LAN| PIT,50,4,LEFT,193,170,29,11,2,19,19,0,0,0.171,1B,-3.36,-1.746,-2.303,-1.0,-1.056,-9.465,-4.679,4.786,-12.045137780411816,,,,,,,,,,,,,,,,,,,,,,,,,,,,,,,,,,,-12.045137780411816
1110,340,Darick Hall,PHI,40,4,LEFT,142,136,34,19,9,16,5,0,0,0.25,DH,-2.903,-1.017,-2.448,-1.0,-0.074,-7.442,-4.77125,2.67075,-12.28261672040818,,,,,,,,,,,,,,,,,,,,,,,,,,,,,,,,,,,-12.28261672040818
1111,217,Matt Carpenter,SLN| NYA| SDN,47,6,LEFT,154,128,39,28,15,37,19,0,0,0.305,,-2.388,-0.392,-1.434,-1.0,0.43,-4.784,-4.784,0.0,-12.315439012928,,,,,,,,,,,,,,,,,,,,,,,,,,,,,,,,,,,-12.315439012928
1112,404,Vimael Machin,BAL| OAK,72,1,LEFT,253,223,49,26,1,13,25,1,1,0.22,3B,-2.503,-1.85,-2.593,-0.879,-0.603,-8.427,-4.866,3.561,-12.52653140403588,,,,,,,,,,,,,,,,,,,,,,,,,,,,,,,,,,,-12.52653140403588
1113,462,Buddy Kennedy,LAN| PHI| TOR| ARI| DET,29,6,RIGHT,94,83,18,10,1,12,8,0,0,0.217,2B,-3.417,-1.85,-2.641,-1.0,-0.241,-9.15,-4.902,4.248,-12.619206112327149,,,,,,,,,,,,,,,,,,,,,,,,,,,,,,,,,,,-12.619206112327149
1114,521,Magneuris Sierra,MIA| ANA,35,9,LEFT,96,91,15,6,0,5,4,4,1,0.165,CF,-3.646,-1.954,-2.979,-0.514,-0.602,-9.697,-4.911,4.786,-12.64237478939996,,,,,,,,,,,,,,,,,,,,,,,,,,,,,,,,,,,-12.64237478939996
1115,414,Charlie Culberson,ATL| TEX,53,8,RIGHT,124,115,29,13,2,12,5,1,3,0.252,3B,-3.246,-1.746,-2.641,-0.879,-0.045,-8.557,-4.996,3.561,-12.861190072865448,,,,,,,,,,,,,,,,,,,,,,,,,,,,,,,,,,,-12.861190072865448
1116,415,Josh Jung,TEX,26,6,RIGHT,102,98,20,9,5,14,4,2,0,0.204,3B,-3.475,-1.434,-2.545,-0.757,-0.374,-8.585,-5.024000000000001,3.561,-12.933270401536433,,,,,,,,,,,,,,,,,,,,,,,,,,,,,,,,,,,-12.933270401536433
1117,483,Jonah Bride,MIA| MIN| OAK,57,7,RIGHT,187,162,33,17,1,6,19,1,0,0.204,2B| 3B,-3.017,-1.85,-2.931,-0.879,-0.623,-9.3,-5.0520000000000005,4.248,-13.005350730207416,,,,,,,,,,,,,,,,,,,,,,,,,,,,,,,,,,,-13.005350730207416
1118,540,Bradley Zimmer,CLE| PHI| TOR,57,9,LEFT,117,105,13,10,2,5,5,2,2,0.124,CF,-3.417,-1.746,-2.979,-0.757,-1.002,-9.903,-5.117000000000001,4.786,-13.1726800646222,,,,,,,,,,,,,,,,,,,,,,,,,,,,,,,,,,,-13.1726800646222
1119,559,Michael Hermosillo,ANA| CHN,27,8,RIGHT,73,61,7,7,0,4,7,1,0,0.115,CF,-3.589,-1.954,-3.028,-0.879,-0.622,-10.071,-5.285,4.786,-13.605162036648096,,,,,,,,,,,,,,,,,,,,,,,,,,,,,,,,,,,-13.605162036648096
1120,441,Andy Ibanez,DET| TEX,40,9,RIGHT,128,119,26,13,1,9,9,3,0,0.218,3B,-3.246,-1.85,-2.786,-0.636,-0.332,-8.85,-5.289,3.561,-13.615459226458237,,,,,,,,,,,,,,,,,,,,,,,,,,,,,,,,,,,-13.615459226458237
1121,563,Cal Stevenson,PHI| OAK| SFN,23,8,LEFT,71,60,10,5,0,1,8,1,1,0.167,CF,-3.703,-1.954,-3.173,-0.879,-0.389,-10.098,-5.312000000000001,4.786,-13.674668067866548,,,,,,,,,,,,,,,,,,,,,,,,,,,,,,,,,,,-13.674668067866548
1122,442,Tyler Nevin,BAL| DET| OAK,53,6,RIGHT,184,157,31,17,2,16,20,0,0,0.197,3B,-3.017,-1.746,-2.448,-1.0,-0.674,-8.885,-5.324,3.561,-13.705559637296965,,,,,,,,,,,,,,,,,,,,,,,,,,,,,,,,,,,-13.705559637296965
1123,368,Edwin Rios,LAN| CHN| CIN,27,5,LEFT,92,86,21,12,7,17,5,0,1,0.244,DH,-3.303,-1.225,-2.4,-1.0,-0.082,-8.011,-5.340249999999999,2.67075,-13.74739197090066,,,,,,,,,,,,,,,,,,,,,,,,,,,,,,,,,,,-13.74739197090066
1124,374,Shea Langeliers,ATH| OAK,40,7,RIGHT,153,142,31,14,6,22,9,0,0,0.218,DH,-3.189,-1.33,-2.158,-1.0,-0.398,-8.075,-5.404249999999999,2.67075,-13.912147007862906,,,,,,,,,,,,,,,,,,,,,,,,,,,,,,,,,,,-13.912147007862906
1125,456,Kevin Smith,TOR| OAK| NYA,45,8,RIGHT,151,139,25,9,2,13,7,4,0,0.18,3B,-3.475,-1.746,-2.593,-0.514,-0.771,-9.099,-5.538,3.561,-14.25645929213948,,,,,,,,,,,,,,,,,,,,,,,,,,,,,,,,,,,-14.25645929213948
1126,394,Stephen Vogt,ARI| ATL| OAK,70,6,LEFT,191,168,27,18,7,23,17,1,0,0.161,DH,-2.96,-1.225,-2.11,-0.879,-1.161,-8.336,-5.66525,2.67075,-14.584038642974576,,,,,,,,,,,,,,,,,,,,,,,,,,,,,,,,,,,-14.584038642974576
1127,413,Tommy La Stella,ANA| OAK| SFN| SEA,60,1,LEFT,195,180,43,17,2,14,11,0,0,0.239,DH,-3.017,-1.746,-2.545,-1.0,-0.24,-8.549,-5.87825,2.67075,-15.132364000364554,,,,,,,,,,,,,,,,,,,,,,,,,,,,,,,,,,,-15.132364000364554
1128,569,Michael Stefanic,TOR| ANA,24,9,RIGHT,69,61,12,5,0,0,5,0,0,0.197,2B,-3.703,-1.954,-3.221,-1.0,-0.265,-10.144,-5.896,4.248,-15.178057780147052,,,,,,,,,,,,,,,,,,,,,,,,,,,,,,,,,,,-15.178057780147052
1129,589,Robinson Cano,NYN| ATL| SDN,33,6,LEFT,104,100,15,5,1,4,4,0,0,0.15,2B,-3.703,-1.85,-3.028,-1.0,-0.768,-10.349,-6.101,4.248,-15.705788757916752,,,,,,,,,,,,,,,,,,,,,,,,,,,,,,,,,,,-15.705788757916752
1130,543,Ernie Clement,TOR| CLE| OAK,57,7,RIGHT,179,163,30,14,0,6,11,0,1,0.184,3B,-3.189,-1.954,-2.931,-1.0,-0.856,-9.93,-6.369,3.561,-16.39570047519616,,,,,,,,,,,,,,,,,,,,,,,,,,,,,,,,,,,-16.39570047519616
1131,455,Jed Lowrie,OAK,50,3,SWITCH,184,167,30,14,3,16,15,1,0,0.18,DH,-3.189,-1.642,-2.448,-0.879,-0.929,-9.086,-6.41525,2.67075,-16.514761732375913,,,,,,,,,,,,,,,,,,,,,,,,,,,,,,,,,,,-16.514761732375913
1132,544,Seth Beer,ARI,38,7,LEFT,126,111,21,4,1,9,11,0,0,0.189,DH,-3.76,-1.85,-2.786,-1.0,-0.542,-9.939,-7.26825,2.67075,-18.71063745938837,,,,,,,,,,,,,,,,,,,,,,,,,,,,,,,,,,,-18.71063745938837
1133,335,Nate Eaton,BOS| KCA,37,8,RIGHT,122,106,28,15,1,12,10,10,1,0.264,,-3.132,-1.85,-2.641,0.214,0.049,-7.36,-7.36,0.0,-18.946829250658464,,,,,,,,,,,,,,,,,,,,,,,,,,,,,,,,,,,-18.946829250658464
1134,343,Mark Mathias,MIL| TEX| PIT| SFN,30,7,RIGHT,91,81,20,13,6,20,9,3,0,0.247,,-3.246,-1.33,-2.255,-0.636,-0.062,-7.528,-7.528,0.0,-19.379311222684365,,,,,,,,,,,,,,,,,,,,,,,,,,,,,,,,,,,-19.379311222684365
1135,360,Alan Trejo,COL,34,9,RIGHT,125,118,32,15,4,17,5,1,2,0.271,,-3.132,-1.538,-2.4,-0.879,0.114,-7.834,-7.834,0.0,-20.167046243160108,,,,,,,,,,,,,,,,,,,,,,,,,,,,,,,,,,,-20.167046243160108
1136,376,Drew Waters,KCA,31,8,SWITCH,109,96,23,14,5,18,12,0,0,0.24,,-3.189,-1.434,-2.351,-1.0,-0.124,-8.097,-8.097,0.0,-20.844086473176844,,,,,,,,,,,,,,,,,,,,,,,,,,,,,,,,,,,-20.844086473176844
1137,378,Stone Garrett,ARI| WAS,26,1,RIGHT,84,76,21,12,4,10,3,3,1,0.276,,-3.303,-1.538,-2.738,-0.636,0.101,-8.113,-8.113,0.0,-20.885275232417406,,,,,,,,,,,,,,,,,,,,,,,,,,,,,,,,,,,-20.885275232417406
1138,380,Nick Maton,CHA| PHI| DET| BAL,30,8,LEFT,85,72,18,13,5,17,10,0,0,0.25,,-3.246,-1.434,-2.4,-1.0,-0.039,-8.119,-8.119,0.0,-20.900721017132614,,,,,,,,,,,,,,,,,,,,,,,,,,,,,,,,,,,-20.900721017132614
1139,381,Kerry Carpenter,DET,30,6,LEFT,113,103,26,16,6,10,6,0,0,0.252,,-3.074,-1.33,-2.738,-1.0,-0.038,-8.18,-8.18,0.0,-21.05775316173726,,,,,,,,,,,,,,,,,,,,,,,,,,,,,,,,,,,-21.05775316173726
1140,382,David Bote,CHN,39,9,RIGHT,127,116,30,15,4,12,6,1,0,0.259,,-3.132,-1.538,-2.641,-0.879,0.008,-8.181,-8.181,0.0,-21.060327459189796,,,,,,,,,,,,,,,,,,,,,,,,,,,,,,,,,,,-21.060327459189796
1141,387,Marwin Gonzalez,MIN| BOS| HOU| NYA,69,9,SWITCH,207,184,34,18,6,18,14,3,0,0.185,,-2.96,-1.33,-2.351,-0.636,-0.956,-8.233,-8.233,0.0,-21.194190926721625,,,,,,,,,,,,,,,,,,,,,,,,,,,,,,,,,,,-21.194190926721625
1142,405,Livan Soto,ANA| BAL| CIN,18,9,LEFT,59,55,22,9,1,9,2,1,1,0.4,,-3.475,-1.85,-2.786,-0.879,0.559,-8.431,-8.431,0.0,-21.703901822323573,,,,,,,,,,,,,,,,,,,,,,,,,,,,,,,,,,,-21.703901822323573
1143,417,Conner Capel,OAK| SLN| CIN,19,6,LEFT,59,52,16,7,3,11,5,1,1,0.308,,-3.589,-1.642,-2.69,-0.879,0.186,-8.613,-8.613,0.0,-22.172423958684966,,,,,,,,,,,,,,,,,,,,,,,,,,,,,,,,,,,-22.172423958684966
1144,424,Ryan O'Hearn,BAL| SDN| KCA,65,5,LEFT,145,134,32,14,1,16,8,0,0,0.239,,-3.189,-1.85,-2.448,-1.0,-0.18,-8.667,-8.667,0.0,-22.311436021121864,,,,,,,,,,,,,,,,,,,,,,,,,,,,,,,,,,,-22.311436021121864
1145,430,Terrin Vavra,BAL,37,6,LEFT,103,89,23,13,1,12,12,0,1,0.258,,-3.246,-1.85,-2.641,-1.0,0.005,-8.732,-8.732,0.0,-22.478765355536645,,,,,,,,,,,,,,,,,,,,,,,,,,,,,,,,,,,-22.478765355536645
1146,434,Kyle Stowers,MIA| BAL,32,8,LEFT,98,91,23,10,3,11,5,0,0,0.253,,-3.417,-1.642,-2.69,-1.0,-0.032,-8.781,-8.781,0.0,-22.604905930710867,,,,,,,,,,,,,,,,,,,,,,,,,,,,,,,,,,,-22.604905930710867
1147,437,Will Brennan,CLE,11,7,LEFT,45,42,15,6,1,8,2,2,1,0.357,,-3.646,-1.85,-2.834,-0.757,0.298,-8.79,-8.79,0.0,-22.62807460778368,,,,,,,,,,,,,,,,,,,,,,,,,,,,,,,,,,,-22.62807460778368
1148,444,Gabriel Moreno,ARI| TOR,23,8,RIGHT,73,69,22,9,1,7,4,0,0,0.319,,-3.475,-1.85,-2.883,-1.0,0.301,-8.906,-8.906,0.0,-22.92669311227776,,,,,,,,,,,,,,,,,,,,,,,,,,,,,,,,,,,-22.92669311227776
1149,445,Jerar Encarnacion,SFN| MIA,22,8,RIGHT,81,77,14,7,3,14,3,2,0,0.182,,-3.589,-1.642,-2.545,-0.757,-0.416,-8.949,-8.949,0.0,-23.037387902736764,,,,,,,,,,,,,,,,,,,,,,,,,,,,,,,,,,,-23.037387902736764
1150,446,Peyton Burdick,MIA,30,8,RIGHT,102,92,19,8,4,11,8,1,0,0.207,,-3.532,-1.538,-2.69,-0.879,-0.335,-8.973,-8.973,0.0,-23.09917104159761,,,,,,,,,,,,,,,,,,,,,,,,,,,,,,,,,,,-23.09917104159761
1151,447,Kody Clemens,MIN| PHI| DET,48,7,LEFT,127,117,17,11,5,17,8,1,0,0.145,,-3.36,-1.434,-2.4,-0.879,-0.938,-9.01,-9.01,0.0,-23.194420047341406,,,,,,,,,,,,,,,,,,,,,,,,,,,,,,,,,,,-23.194420047341406
1152,448,Michael Toglia,COL,31,5,SWITCH,120,111,24,10,2,12,9,1,1,0.216,,-3.417,-1.746,-2.641,-0.879,-0.328,-9.011,-9.011,0.0,-23.196994344793943,,,,,,,,,,,,,,,,,,,,,,,,,,,,,,,,,,,-23.196994344793943
1153,450,Jake Marisnick,NYN| CHN| SDN| PIT| CHA| DET| LAN,27,7,RIGHT,82,77,18,9,2,6,4,2,1,0.234,,-3.475,-1.746,-2.931,-0.757,-0.131,-9.04,-9.04,0.0,-23.27164897091746,,,,,,,,,,,,,,,,,,,,,,,,,,,,,,,,,,,-23.27164897091746
1154,451,Ji Hwan Bae,PIT,10,9,LEFT,37,33,11,5,0,6,2,3,0,0.333,,-3.703,-1.954,-2.931,-0.636,0.178,-9.046,-9.046,0.0,-23.28709475563267,,,,,,,,,,,,,,,,,,,,,,,,,,,,,,,,,,,-23.28709475563267
1155,453,Wynton Bernard,COL,11,9,RIGHT,42,42,12,9,0,3,0,3,1,0.286,,-3.475,-1.954,-3.076,-0.636,0.084,-9.057,-9.057,0.0,-23.31541202761056,,,,,,,,,,,,,,,,,,,,,,,,,,,,,,,,,,,-23.31541202761056
1156,457,Jake Lamb,ARI| OAK| CHA| TOR| LAN| SEA| ANA,41,5,LEFT,111,97,21,13,3,6,11,0,1,0.216,,-3.246,-1.642,-2.931,-1.0,-0.285,-9.104,-9.104,0.0,-23.436404007879705,,,,,,,,,,,,,,,,,,,,,,,,,,,,,,,,,,,-23.436404007879705
1157,461,Matt Thaiss,CHA| TBA| ANA,28,5,LEFT,81,69,15,9,2,8,11,1,0,0.217,,-3.475,-1.746,-2.834,-0.879,-0.198,-9.132,-9.132,0.0,-23.50848433655069,,,,,,,,,,,,,,,,,,,,,,,,,,,,,,,,,,,-23.50848433655069
1158,463,Oswald Peraza,ANA| NYA,16,9,RIGHT,57,49,15,7,1,2,6,2,0,0.306,,-3.589,-1.85,-3.124,-0.757,0.17,-9.151,-9.151,0.0,-23.55739598814886,,,,,,,,,,,,,,,,,,,,,,,,,,,,,,,,,,,-23.55739598814886
1159,467,Austin Meadows,TBA| DET,36,2,LEFT,147,128,32,9,0,11,16,0,1,0.25,,-3.475,-1.954,-2.69,-1.0,-0.07,-9.188,-9.188,0.0,-23.65264499389266,,,,,,,,,,,,,,,,,,,,,,,,,,,,,,,,,,,-23.65264499389266
1160,468,Spencer Steer,CIN,28,2,RIGHT,108,95,20,12,2,8,11,0,1,0.211,,-3.303,-1.746,-2.834,-1.0,-0.319,-9.203,-9.203,0.0,-23.691259455680683,,,,,,,,,,,,,,,,,,,,,,,,,,,,,,,,,,,-23.691259455680683
1161,469,Nick Ahmed,TEX| ARI| LAN| SDN| SFN,17,8,RIGHT,54,52,12,7,3,7,2,0,1,0.231,,-3.589,-1.642,-2.883,-1.0,-0.1,-9.213,-9.213,0.0,-23.717002430206037,,,,,,,,,,,,,,,,,,,,,,,,,,,,,,,,,,,-23.717002430206037
1162,473,David Hensley,HOU| MIA,14,8,RIGHT,34,29,10,7,1,5,5,0,0,0.345,,-3.589,-1.85,-2.979,-1.0,0.18,-9.238,-9.238,0.0,-23.781359866519413,,,,,,,,,,,,,,,,,,,,,,,,,,,,,,,,,,,-23.781359866519413
1163,474,Yairo Munoz,BOS| PHI,24,8,RIGHT,60,57,12,6,3,7,3,1,0,0.211,,-3.646,-1.642,-2.883,-0.879,-0.192,-9.241,-9.241,0.0,-23.78908275887702,,,,,,,,,,,,,,,,,,,,,,,,,,,,,,,,,,,-23.78908275887702
1164,476,Matt Wallner,MIN,18,8,LEFT,65,57,13,4,2,10,6,1,0,0.228,,-3.76,-1.746,-2.738,-0.879,-0.12,-9.243,-9.243,0.0,-23.79423135378209,,,,,,,,,,,,,,,,,,,,,,,,,,,,,,,,,,,-23.79423135378209
1165,477,Daz Cameron,MIL| DET| OAK,20,7,RIGHT,70,64,14,6,1,8,5,2,0,0.219,,-3.646,-1.85,-2.834,-0.757,-0.177,-9.266,-9.266,0.0,-23.8534401951904,,,,,,,,,,,,,,,,,,,,,,,,,,,,,,,,,,,-23.8534401951904
1166,479,Tim Locastro,ARI| NYA| NYN,20,8,RIGHT,46,43,8,6,2,4,2,3,1,0.186,,-3.646,-1.746,-3.028,-0.636,-0.22,-9.275,-9.275,0.0,-23.876608872263212,,,,,,,,,,,,,,,,,,,,,,,,,,,,,,,,,,,-23.876608872263212
1167,478,Dee Strange-Gordon,SEA| WAS,17,8,LEFT,59,59,18,4,0,2,0,3,2,0.305,,-3.76,-1.954,-3.124,-0.636,0.2,-9.275,-9.275,0.0,-23.876608872263212,,,,,,,,,,,,,,,,,,,,,,,,,,,,,,,,,,,-23.876608872263212
1168,481,Yermin Mercedes,CHA| SFN,31,3,RIGHT,83,73,17,9,1,8,9,0,0,0.233,,-3.475,-1.85,-2.834,-1.0,-0.129,-9.288,-9.288,0.0,-23.91007473914617,,,,,,,,,,,,,,,,,,,,,,,,,,,,,,,,,,,-23.91007473914617
1169,482,Hoy Park,NYA| PIT,21,9,LEFT,60,51,11,7,2,6,4,1,0,0.216,,-3.589,-1.746,-2.931,-0.879,-0.153,-9.297,-9.297,0.0,-23.93324341621899,,,,,,,,,,,,,,,,,,,,,,,,,,,,,,,,,,,-23.93324341621899
1170,484,Royce Lewis,MIN,12,9,RIGHT,41,40,12,5,2,5,1,0,0,0.3,,-3.703,-1.746,-2.979,-1.0,0.121,-9.308,-9.308,0.0,-23.961560688196872,,,,,,,,,,,,,,,,,,,,,,,,,,,,,,,,,,,-23.961560688196872
1171,485,Luis Barrera,OAK,30,7,LEFT,85,77,18,3,1,7,6,3,0,0.234,,-3.818,-1.85,-2.883,-0.636,-0.131,-9.318,-9.318,0.0,-23.987303662722223,,,,,,,,,,,,,,,,,,,,,,,,,,,,,,,,,,,-23.987303662722223
1172,493,Tom Murphy,SEA| SFN,13,9,RIGHT,42,33,10,9,1,1,8,0,0,0.303,,-3.475,-1.85,-3.173,-1.0,0.107,-9.391,-9.391,0.0,-24.175227376757288,,,,,,,,,,,,,,,,,,,,,,,,,,,,,,,,,,,-24.175227376757288
1173,494,Zack Collins,CHA| PIT| TOR| CLE,32,8,LEFT,108,97,15,9,4,11,9,0,0,0.155,,-3.475,-1.538,-2.69,-1.0,-0.713,-9.415,-9.415,0.0,-24.237010515618127,,,,,,,,,,,,,,,,,,,,,,,,,,,,,,,,,,,-24.237010515618127
1174,495,J. J. Matijevic,HOU,31,6,LEFT,71,67,14,7,2,5,2,1,0,0.209,,-3.589,-1.746,-2.979,-0.879,-0.233,-9.426,-9.426,0.0,-24.265327787596014,,,,,,,,,,,,,,,,,,,,,,,,,,,,,,,,,,,-24.265327787596014
1175,496,Jordan Groshans,MIA,17,8,RIGHT,65,61,16,9,1,2,4,0,0,0.262,,-3.475,-1.85,-3.124,-1.0,0.02,-9.429,-9.429,0.0,-24.273050679953624,,,,,,,,,,,,,,,,,,,,,,,,,,,,,,,,,,,-24.273050679953624
1176,497,Guillermo Heredia,NYN| PIT| ATL,35,8,RIGHT,82,76,12,10,3,8,6,0,0,0.158,,-3.417,-1.642,-2.834,-1.0,-0.541,-9.435,-9.435,0.0,-24.288496464668835,,,,,,,,,,,,,,,,,,,,,,,,,,,,,,,,,,,-24.288496464668835
1177,500,Abraham Almonte,SDN| ATL| BOS| NYN,15,9,SWITCH,37,35,9,7,1,2,1,1,0,0.257,,-3.589,-1.85,-3.124,-0.879,-0.001,-9.443,-9.443,0.0,-24.309090844289116,,,,,,,,,,,,,,,,,,,,,,,,,,,,,,,,,,,-24.309090844289116
1178,499,Tyler Freeman,COL| CLE,23,7,RIGHT,86,77,19,9,0,3,4,1,0,0.247,,-3.475,-1.954,-3.076,-0.879,-0.06,-9.443,-9.443,0.0,-24.309090844289116,,,,,,,,,,,,,,,,,,,,,,,,,,,,,,,,,,,-24.309090844289116
1179,502,Andrelton Simmons,ANA| MIN| CHN,28,9,RIGHT,85,75,13,8,0,7,7,3,0,0.173,,-3.532,-1.954,-2.883,-0.636,-0.451,-9.456,-9.456,0.0,-24.34255671117207,,,,,,,,,,,,,,,,,,,,,,,,,,,,,,,,,,,-24.34255671117207
1180,503,Jonathan Aranda,TBA,31,1,LEFT,87,78,15,10,2,6,8,0,0,0.192,,-3.417,-1.746,-2.931,-1.0,-0.363,-9.458,-9.458,0.0,-24.347705306077145,,,,,,,,,,,,,,,,,,,,,,,,,,,,,,,,,,,-24.347705306077145
1181,504,Gabriel Arias,CLE,15,7,RIGHT,57,47,9,8,1,5,8,1,0,0.191,,-3.532,-1.85,-2.979,-0.879,-0.222,-9.462,-9.462,0.0,-24.35800249588728,,,,,,,,,,,,,,,,,,,,,,,,,,,,,,,,,,,-24.35800249588728
1182,506,Lewis Brinson,MIA| SFN,15,1,RIGHT,39,36,6,5,3,4,2,1,0,0.167,,-3.703,-1.642,-3.028,-0.879,-0.234,-9.485,-9.485,0.0,-24.417211337295587,,,,,,,,,,,,,,,,,,,,,,,,,,,,,,,,,,,-24.417211337295587
1183,508,Steven Duggar,SFN| ANA| TEX,25,8,LEFT,80,72,11,7,0,4,7,5,1,0.153,,-3.589,-1.954,-3.028,-0.393,-0.539,-9.503,-9.503,0.0,-24.463548691441225,,,,,,,,,,,,,,,,,,,,,,,,,,,,,,,,,,,-24.463548691441225
1184,509,Willians Astudillo,MIN| MIA,19,7,RIGHT,55,54,13,5,1,4,1,1,0,0.241,,-3.703,-1.85,-3.028,-0.879,-0.065,-9.525,-9.525,0.0,-24.520183235397,,,,,,,,,,,,,,,,,,,,,,,,,,,,,,,,,,,-24.520183235397
1185,510,Mark Contreras,MIN,25,9,LEFT,61,58,7,8,3,6,1,1,0,0.121,,-3.532,-1.642,-2.931,-0.879,-0.567,-9.55,-9.55,0.0,-24.58454067171037,,,,,,,,,,,,,,,,,,,,,,,,,,,,,,,,,,,-24.58454067171037
1186,511,Jack Mayfield,HOU| ANA| SEA,23,7,RIGHT,74,70,13,8,1,6,3,1,0,0.186,,-3.532,-1.85,-2.931,-0.879,-0.359,-9.551,-9.551,0.0,-24.587114969162908,,,,,,,,,,,,,,,,,,,,,,,,,,,,,,,,,,,-24.587114969162908
1187,512,Bligh Madris,PIT| HOU| DET,39,5,LEFT,123,113,20,10,1,7,10,2,1,0.177,,-3.417,-1.85,-2.883,-0.757,-0.65,-9.558,-9.558,0.0,-24.60513505133065,,,,,,,,,,,,,,,,,,,,,,,,,,,,,,,,,,,-24.60513505133065
1188,513,Connor Wong,BOS,21,9,RIGHT,56,48,9,7,1,7,5,0,0,0.188,,-3.589,-1.85,-2.883,-1.0,-0.24,-9.562,-9.562,0.0,-24.61543224114079,,,,,,,,,,,,,,,,,,,,,,,,,,,,,,,,,,,-24.61543224114079
1189,514,Meibrys Viloria,KCA| TEX| CLE,25,9,LEFT,75,63,10,10,2,5,11,0,0,0.159,,-3.417,-1.746,-2.979,-1.0,-0.444,-9.587,-9.587,0.0,-24.67978967745417,,,,,,,,,,,,,,,,,,,,,,,,,,,,,,,,,,,-24.67978967745417
1190,515,Luis Campusano,SDN,16,8,RIGHT,50,48,12,4,1,5,1,0,0,0.25,,-3.76,-1.85,-2.979,-1.0,-0.026,-9.616,-9.616,0.0,-24.75444430357769,,,,,,,,,,,,,,,,,,,,,,,,,,,,,,,,,,,-24.75444430357769
1191,516,Miguel Vargas,CHA| LAN,17,7,RIGHT,50,47,8,4,1,8,2,1,0,0.17,,-3.76,-1.85,-2.834,-0.879,-0.293,-9.617,-9.617,0.0,-24.757018601030225,,,,,,,,,,,,,,,,,,,,,,,,,,,,,,,,,,,-24.757018601030225
1192,517,Adalberto Mondesi,KCA,15,7,SWITCH,54,50,7,3,0,3,4,5,0,0.14,,-3.818,-1.954,-3.076,-0.393,-0.42,-9.661,-9.661,0.0,-24.87028768894177,,,,,,,,,,,,,,,,,,,,,,,,,,,,,,,,,,,-24.87028768894177
1193,518,Esteban Quiroz,CHN,14,2,LEFT,47,40,11,3,0,3,4,1,1,0.275,,-3.818,-1.954,-3.076,-0.879,0.05,-9.677,-9.677,0.0,-24.91147644818233,,,,,,,,,,,,,,,,,,,,,,,,,,,,,,,,,,,-24.91147644818233
1194,519,Brett Baty,NYN,11,8,LEFT,42,38,7,4,2,5,2,0,0,0.184,,-3.76,-1.746,-2.979,-1.0,-0.199,-9.685,-9.685,0.0,-24.93207082780261,,,,,,,,,,,,,,,,,,,,,,,,,,,,,,,,,,,-24.93207082780261
1195,520,Nick Plummer,NYN,12,8,LEFT,31,29,4,4,2,6,1,0,0,0.138,,-3.76,-1.746,-2.931,-1.0,-0.248,-9.685,-9.685,0.0,-24.93207082780261,,,,,,,,,,,,,,,,,,,,,,,,,,,,,,,,,,,-24.93207082780261
1196,522,Jaylin Davis,SFN| BOS,10,8,RIGHT,27,24,8,4,0,2,3,0,0,0.333,,-3.76,-1.954,-3.124,-1.0,0.13,-9.71,-9.71,0.0,-24.99642826411599,,,,,,,,,,,,,,,,,,,,,,,,,,,,,,,,,,,-24.99642826411599
1197,523,Kyle Lewis,SEA| ARI,18,6,RIGHT,62,56,8,6,3,5,5,0,0,0.143,,-3.646,-1.642,-2.979,-1.0,-0.459,-9.726,-9.726,0.0,-25.037617023356557,,,,,,,,,,,,,,,,,,,,,,,,,,,,,,,,,,,-25.037617023356557
1198,524,Travis Jankowski,CHA| NYN| TBA| CIN| PHI| SEA| TEX,20,8,LEFT,64,55,9,6,0,2,8,3,0,0.164,,-3.646,-1.954,-3.124,-0.636,-0.369,-9.729,-9.729,0.0,-25.045339915714155,,,,,,,,,,,,,,,,,,,,,,,,,,,,,,,,,,,-25.045339915714155
1199,525,Luke Raley,SEA| LAN| TBA,22,6,LEFT,72,61,12,7,1,4,7,0,0,0.197,,-3.589,-1.85,-3.028,-1.0,-0.265,-9.732,-9.732,0.0,-25.05306280807176,,,,,,,,,,,,,,,,,,,,,,,,,,,,,,,,,,,-25.05306280807176
1200,526,Richie Martin,BAL,11,9,RIGHT,33,30,5,4,0,3,3,2,1,0.167,,-3.76,-1.954,-3.076,-0.757,-0.195,-9.743,-9.743,0.0,-25.08138008004965,,,,,,,,,,,,,,,,,,,,,,,,,,,,,,,,,,,-25.08138008004965
1201,527,Jermaine Palacios,MIN,24,9,RIGHT,77,70,10,8,2,6,4,0,0,0.143,,-3.532,-1.746,-2.931,-1.0,-0.573,-9.782,-9.782,0.0,-25.18177768069852,,,,,,,,,,,,,,,,,,,,,,,,,,,,,,,,,,,-25.18177768069852
1202,528,Ryan Kreidler,DET,25,9,RIGHT,84,73,13,7,1,6,6,0,1,0.178,,-3.589,-1.85,-2.931,-1.0,-0.414,-9.785,-9.785,0.0,-25.18950057305613,,,,,,,,,,,,,,,,,,,,,,,,,,,,,,,,,,,-25.18950057305613
1203,530,Alec Burleson,SLN,16,7,LEFT,53,48,9,4,1,3,5,1,0,0.188,,-3.76,-1.85,-3.076,-0.879,-0.24,-9.805,-9.805,0.0,-25.240986522106827,,,,,,,,,,,,,,,,,,,,,,,,,,,,,,,,,,,-25.240986522106827
1204,531,Donovan Walton,PHI| SEA| SFN,23,8,LEFT,78,76,12,7,1,8,1,0,0,0.158,,-3.589,-1.85,-2.834,-1.0,-0.541,-9.814,-9.814,0.0,-25.264155199179644,,,,,,,,,,,,,,,,,,,,,,,,,,,,,,,,,,,-25.264155199179644
1205,533,Joshua Palacios,CHA| TOR| WAS| PIT,20,8,LEFT,49,47,10,7,0,2,1,0,0,0.213,,-3.589,-1.954,-3.124,-1.0,-0.15,-9.818,-9.818,0.0,-25.274452388989783,,,,,,,,,,,,,,,,,,,,,,,,,,,,,,,,,,,-25.274452388989783
1206,532,Ehire Adrianza,MIN| ATL| WAS| ANA,34,9,SWITCH,110,97,17,8,0,7,11,1,0,0.175,,-3.532,-1.954,-2.883,-0.879,-0.57,-9.818,-9.818,0.0,-25.274452388989783,,,,,,,,,,,,,,,,,,,,,,,,,,,,,,,,,,,-25.274452388989783
1207,534,Zach Reks,LAN| TEX,14,9,LEFT,34,34,9,3,0,3,0,0,1,0.265,,-3.818,-1.954,-3.076,-1.0,0.017,-9.831,-9.831,0.0,-25.30791825587274,,,,,,,,,,,,,,,,,,,,,,,,,,,,,,,,,,,-25.30791825587274
1208,535,Erik Gonzalez,PIT| MIA,14,8,RIGHT,41,37,7,4,0,3,4,1,0,0.189,,-3.76,-1.954,-3.076,-0.879,-0.181,-9.85,-9.85,0.0,-25.356829907470907,,,,,,,,,,,,,,,,,,,,,,,,,,,,,,,,,,,-25.356829907470907
1209,536,Jake Hager,ARI| NYN,21,8,RIGHT,59,50,12,4,0,3,8,0,0,0.24,,-3.76,-1.954,-3.076,-1.0,-0.063,-9.854,-9.854,0.0,-25.367127097281045,,,,,,,,,,,,,,,,,,,,,,,,,,,,,,,,,,,-25.367127097281045
1210,539,Clint Frazier,NYA| CHN| CHA,17,1,RIGHT,45,37,8,4,0,1,7,1,0,0.216,,-3.76,-1.954,-3.173,-0.879,-0.109,-9.875,-9.875,0.0,-25.42118734378429,,,,,,,,,,,,,,,,,,,,,,,,,,,,,,,,,,,-25.42118734378429
1211,541,Matt Davidson,CIN| ARI| OAK,12,3,RIGHT,37,34,5,3,2,3,3,0,1,0.147,,-3.818,-1.746,-3.076,-1.0,-0.268,-9.908,-9.908,0.0,-25.506139159717943,,,,,,,,,,,,,,,,,,,,,,,,,,,,,,,,,,,-25.506139159717943
1212,542,Jordan Diaz,OAK,15,6,RIGHT,51,49,13,3,0,1,2,0,0,0.265,,-3.818,-1.954,-3.173,-1.0,0.027,-9.918,-9.918,0.0,-25.531882134243293,,,,,,,,,,,,,,,,,,,,,,,,,,,,,,,,,,,-25.531882134243293
1213,546,Ezequiel Tovar,COL,9,8,RIGHT,35,33,7,2,1,2,2,0,0,0.212,,-3.875,-1.85,-3.124,-1.0,-0.107,-9.957,-9.957,0.0,-25.632279734892165,,,,,,,,,,,,,,,,,,,,,,,,,,,,,,,,,,,-25.632279734892165
1214,547,Willie Calhoun,TEX| SFN| NYA| ANA,22,8,LEFT,62,52,7,7,1,3,9,0,0,0.135,,-3.589,-1.85,-3.076,-1.0,-0.456,-9.972,-9.972,0.0,-25.67089419668019,,,,,,,,,,,,,,,,,,,,,,,,,,,,,,,,,,,-25.67089419668019
1215,548,Will Benson,CIN| CLE,24,7,LEFT,61,55,10,6,0,3,3,0,0,0.182,,-3.646,-1.954,-3.076,-1.0,-0.297,-9.974,-9.974,0.0,-25.67604279158526,,,,,,,,,,,,,,,,,,,,,,,,,,,,,,,,,,,-25.67604279158526
1216,549,Mark Vientos,NYN,15,8,RIGHT,41,36,6,3,1,3,5,0,0,0.167,,-3.818,-1.85,-3.076,-1.0,-0.234,-9.978,-9.978,0.0,-25.686339981395403,,,,,,,,,,,,,,,,,,,,,,,,,,,,,,,,,,,-25.686339981395403
1217,550,Chad Wallach,ANA| MIA,11,7,RIGHT,40,35,5,3,1,4,4,0,0,0.143,,-3.818,-1.85,-3.028,-1.0,-0.287,-9.982,-9.982,0.0,-25.69663717120554,,,,,,,,,,,,,,,,,,,,,,,,,,,,,,,,,,,-25.69663717120554
1218,551,Jeter Downs,BOS| WAS,13,9,RIGHT,41,39,6,3,1,4,1,0,0,0.154,,-3.818,-1.85,-3.028,-1.0,-0.289,-9.984,-9.984,0.0,-25.70178576611061,,,,,,,,,,,,,,,,,,,,,,,,,,,,,,,,,,,-25.70178576611061
1219,552,Esteury Ruiz,LAN| MIL| SDN| OAK,13,9,RIGHT,36,35,6,3,0,2,1,1,2,0.171,,-3.818,-1.954,-3.124,-0.879,-0.215,-9.99,-9.99,0.0,-25.717231550825822,,,,,,,,,,,,,,,,,,,,,,,,,,,,,,,,,,,-25.717231550825822
1220,553,Cam Gallagher,KCA| CLE,17,9,RIGHT,47,42,9,1,0,5,3,0,0,0.214,,-3.932,-1.954,-2.979,-1.0,-0.13,-9.996,-9.996,0.0,-25.732677335541037,,,,,,,,,,,,,,,,,,,,,,,,,,,,,,,,,,,-25.732677335541037
1221,554,Kelvin Gutierrez,KCA| BAL,12,8,RIGHT,33,28,4,2,0,3,4,1,0,0.143,,-3.875,-1.954,-3.076,-0.879,-0.229,-10.013,-10.013,0.0,-25.77644039223413,,,,,,,,,,,,,,,,,,,,,,,,,,,,,,,,,,,-25.77644039223413
1222,555,Eddy Alvarez,MIA| LAN| NYN,12,8,LEFT,27,25,4,1,0,3,0,1,0,0.16,,-3.932,-1.954,-3.076,-0.879,-0.174,-10.015,-10.015,0.0,-25.7815889871392,,,,,,,,,,,,,,,,,,,,,,,,,,,,,,,,,,,-25.7815889871392
1223,556,Elier Hernandez,TEX,13,9,RIGHT,35,33,6,3,0,3,1,0,0,0.182,,-3.818,-1.954,-3.076,-1.0,-0.178,-10.027,-10.027,0.0,-25.81248055656962,,,,,,,,,,,,,,,,,,,,,,,,,,,,,,,,,,,-25.81248055656962
1224,557,Jonathan Arauz,BOS| BAL| NYN,13,8,SWITCH,41,38,5,2,1,5,1,0,0,0.132,,-3.875,-1.85,-2.979,-1.0,-0.342,-10.046,-10.046,0.0,-25.86139220816779,,,,,,,,,,,,,,,,,,,,,,,,,,,,,,,,,,,-25.86139220816779
1225,561,Payton Henry,MIA,12,9,RIGHT,35,28,4,2,0,4,5,0,0,0.143,,-3.875,-1.954,-3.028,-1.0,-0.229,-10.086,-10.086,0.0,-25.964364106269198,,,,,,,,,,,,,,,,,,,,,,,,,,,,,,,,,,,-25.964364106269198
1226,562,Cody Thomas,OAK,10,7,LEFT,32,30,8,1,0,0,2,0,0,0.267,,-3.932,-1.954,-3.221,-1.0,0.019,-10.088,-10.088,0.0,-25.969512701174263,,,,,,,,,,,,,,,,,,,,,,,,,,,,,,,,,,,-25.969512701174263
1227,564,Andrew Knapp,PHI| PIT| SEA| SFN,14,9,SWITCH,46,39,5,4,0,4,5,0,0,0.128,,-3.76,-1.954,-3.028,-1.0,-0.36,-10.103,-10.103,0.0,-26.008127162962293,,,,,,,,,,,,,,,,,,,,,,,,,,,,,,,,,,,-26.008127162962293
1228,565,Yonny Hernandez,TEX| ARI| LAN,10,9,SWITCH,28,24,2,2,0,0,2,2,0,0.083,,-3.875,-1.954,-3.221,-0.757,-0.298,-10.106,-10.106,0.0,-26.01585005531989,,,,,,,,,,,,,,,,,,,,,,,,,,,,,,,,,,,-26.01585005531989
1229,566,Alex Dickerson,SFN| ATL,13,8,LEFT,36,33,4,3,1,2,3,0,0,0.121,,-3.818,-1.85,-3.124,-1.0,-0.321,-10.113,-10.113,0.0,-26.033870137487643,,,,,,,,,,,,,,,,,,,,,,,,,,,,,,,,,,,-26.033870137487643
1230,567,Estevan Florial,NYA| CLE,11,7,LEFT,35,31,3,2,0,1,3,2,0,0.097,,-3.875,-1.954,-3.173,-0.757,-0.356,-10.115,-10.115,0.0,-26.039018732392712,,,,,,,,,,,,,,,,,,,,,,,,,,,,,,,,,,,-26.039018732392712
1231,568,Tres Barrera,WAS| SLN,18,8,RIGHT,53,50,9,2,0,4,2,0,0,0.18,,-3.875,-1.954,-3.028,-1.0,-0.277,-10.134,-10.134,0.0,-26.08793038399088,,,,,,,,,,,,,,,,,,,,,,,,,,,,,,,,,,,-26.08793038399088
1232,570,Korey Lee,CHA| HOU,11,9,RIGHT,26,25,4,0,0,4,1,0,0,0.16,,-3.989,-1.954,-3.028,-1.0,-0.174,-10.145,-10.145,0.0,-26.116247655968767,,,,,,,,,,,,,,,,,,,,,,,,,,,,,,,,,,,-26.116247655968767
1233,571,Cole Tucker,PIT| COL| ANA,18,9,SWITCH,63,63,11,3,0,2,0,1,0,0.175,,-3.818,-1.954,-3.124,-0.879,-0.373,-10.148,-10.148,0.0,-26.123970548326373,,,,,,,,,,,,,,,,,,,,,,,,,,,,,,,,,,,-26.123970548326373
1234,572,Lucius Fox,WAS,8,8,SWITCH,28,25,2,2,0,2,1,1,0,0.08,,-3.875,-1.954,-3.124,-0.879,-0.317,-10.149,-10.149,0.0,-26.126544845778906,,,,,,,,,,,,,,,,,,,,,,,,,,,,,,,,,,,-26.126544845778906
1235,573,David MacKinnon,ANA| OAK,22,6,RIGHT,57,50,7,2,0,6,6,0,0,0.14,,-3.875,-1.954,-2.931,-1.0,-0.42,-10.18,-10.18,0.0,-26.206348066807493,,,,,,,,,,,,,,,,,,,,,,,,,,,,,,,,,,,-26.206348066807493
1236,574,Lenyn Sosa,CHA,11,9,RIGHT,36,35,4,3,1,1,1,0,0,0.114,,-3.818,-1.85,-3.173,-1.0,-0.358,-10.198,-10.198,0.0,-26.252685420953128,,,,,,,,,,,,,,,,,,,,,,,,,,,,,,,,,,,-26.252685420953128
1237,576,Dom Nunez,CLE| COL,14,9,LEFT,41,33,4,3,0,2,6,0,0,0.121,,-3.818,-1.954,-3.124,-1.0,-0.321,-10.218,-10.218,0.0,-26.30417137000383,,,,,,,,,,,,,,,,,,,,,,,,,,,,,,,,,,,-26.30417137000383
1238,579,Max Schrock,SLN| CIN,13,8,LEFT,27,26,4,1,0,1,1,0,0,0.154,,-3.932,-1.954,-3.173,-1.0,-0.192,-10.252,-10.252,0.0,-26.391697483390026,,,,,,,,,,,,,,,,,,,,,,,,,,,,,,,,,,,-26.391697483390026
1239,578,Sebastian Rivero,ANA| KCA,15,9,RIGHT,29,26,4,1,0,1,2,0,0,0.154,,-3.932,-1.954,-3.173,-1.0,-0.192,-10.252,-10.252,0.0,-26.391697483390026,,,,,,,,,,,,,,,,,,,,,,,,,,,,,,,,,,,-26.391697483390026
1240,580,Juan Lagares,NYN| ANA,18,8,RIGHT,62,60,11,4,0,0,2,0,0,0.183,,-3.76,-1.954,-3.221,-1.0,-0.318,-10.254,-10.254,0.0,-26.39684607829509,,,,,,,,,,,,,,,,,,,,,,,,,,,,,,,,,,,-26.39684607829509
1241,581,Justin Upton,ANA| SEA,17,7,RIGHT,57,48,6,2,1,3,6,0,0,0.125,,-3.875,-1.85,-3.076,-1.0,-0.454,-10.255,-10.255,0.0,-26.39942037574763,,,,,,,,,,,,,,,,,,,,,,,,,,,,,,,,,,,-26.39942037574763
1242,582,Michael Siani,SLN| CIN,8,7,LEFT,24,24,4,1,0,0,0,0,1,0.167,,-3.932,-1.954,-3.221,-1.0,-0.156,-10.263,-10.263,0.0,-26.42001475536791,,,,,,,,,,,,,,,,,,,,,,,,,,,,,,,,,,,-26.42001475536791
1243,583,Matt Beaty,LAN| SDN| KCA| SFN,19,7,LEFT,47,43,4,6,0,1,2,0,0,0.093,,-3.646,-1.954,-3.173,-1.0,-0.505,-10.278,-10.278,0.0,-26.458629217155934,,,,,,,,,,,,,,,,,,,,,,,,,,,,,,,,,,,-26.458629217155934
1244,584,Billy McKinney,TEX| TOR| LAN| MIL| NYN| OAK| NYA| PIT,20,4,LEFT,57,52,5,3,1,4,4,0,0,0.096,,-3.818,-1.85,-3.028,-1.0,-0.599,-10.295,-10.295,0.0,-26.502392273849036,,,,,,,,,,,,,,,,,,,,,,,,,,,,,,,,,,,-26.502392273849036
1245,585,Anthony Bemboom,ANA| BAL,20,8,LEFT,59,52,6,4,1,1,6,0,0,0.115,,-3.76,-1.85,-3.173,-1.0,-0.528,-10.311,-10.311,0.0,-26.543581033089595,,,,,,,,,,,,,,,,,,,,,,,,,,,,,,,,,,,-26.543581033089595
1246,587,Niko Goodrum,DET| HOU| ANA| TBA,13,7,SWITCH,45,43,5,2,0,1,2,1,0,0.116,,-3.875,-1.954,-3.173,-0.879,-0.434,-10.314,-10.314,0.0,-26.5513039254472,,,,,,,,,,,,,,,,,,,,,,,,,,,,,,,,,,,-26.5513039254472
1247,586,Brent Rooker,ATH| MIN| KCA| SDN| OAK,16,7,RIGHT,36,32,4,1,0,2,3,0,0,0.125,,-3.932,-1.954,-3.124,-1.0,-0.303,-10.314,-10.314,0.0,-26.5513039254472,,,,,,,,,,,,,,,,,,,,,,,,,,,,,,,,,,,-26.5513039254472
1248,588,Kevin Padlo,SEA| TBA| PIT| SFN| ANA,13,5,RIGHT,34,33,4,0,0,3,1,0,0,0.121,,-3.989,-1.954,-3.076,-1.0,-0.321,-10.341,-10.341,0.0,-26.62080995666565,,,,,,,,,,,,,,,,,,,,,,,,,,,,,,,,,,,-26.62080995666565
1249,590,Phil Gosselin,PHI| ANA| ATL,30,8,RIGHT,77,74,11,5,0,2,2,0,0,0.149,,-3.703,-1.954,-3.124,-1.0,-0.575,-10.357,-10.357,0.0,-26.66199871590621,,,,,,,,,,,,,,,,,,,,,,,,,,,,,,,,,,,-26.66199871590621
1250,591,Chris Owings,COL| BAL| PIT,25,9,RIGHT,68,56,6,5,0,0,10,1,0,0.107,,-3.703,-1.954,-3.221,-0.879,-0.601,-10.358,-10.358,0.0,-26.664573013358748,,,,,,,,,,,,,,,,,,,,,,,,,,,,,,,,,,,-26.664573013358748
1251,592,Yolmer Sanchez,CHA| BOS| NYN,13,8,SWITCH,44,37,4,1,0,2,5,0,2,0.108,,-3.932,-1.954,-3.124,-1.0,-0.395,-10.405,-10.405,0.0,-26.785564993627894,,,,,,,,,,,,,,,,,,,,,,,,,,,,,,,,,,,-26.785564993627894
1252,593,Tim Beckham,MIN,10,7,RIGHT,25,25,2,0,0,1,0,0,0,0.08,,-3.989,-1.954,-3.173,-1.0,-0.317,-10.433,-10.433,0.0,-26.85764532229888,,,,,,,,,,,,,,,,,,,,,,,,,,,,,,,,,,,-26.85764532229888
1253,594,Miguel Sano,MIN| ANA,20,8,RIGHT,71,60,5,1,1,3,9,1,0,0.083,,-3.932,-1.85,-3.076,-0.879,-0.746,-10.483,-10.483,0.0,-26.98636019492564,,,,,,,,,,,,,,,,,,,,,,,,,,,,,,,,,,,-26.98636019492564
1254,595,Jose Rojas,ANA,22,8,LEFT,57,56,7,1,0,1,0,0,0,0.125,,-3.932,-1.954,-3.173,-1.0,-0.53,-10.589,-10.589,0.0,-27.25923572489436,,,,,,,,,,,,,,,,,,,,,,,,,,,,,,,,,,,-27.25923572489436
