TRank,H-Unnamed: 0,H-Name,H-Team,H-GP,H-BO,H-L/R,H-PA,H-AB,H-H,H-R,H-HR,H-RBI,H-BB,H-SB,H-CS,H-AVG,H-POS,H-R-Z,H-HR-Z,H-RBI-Z,H-SB-Z,H-AVG-Z,H-SUM-Z,H-SUM-Z-A,H-Adj-Val,H-ACV,H-Unnamed: 26,P-Unnamed: 0,P-Name,P-Team,P-L/R,P-POS,P-IP,P-GS,P-GP,P-HA,P-R,P-ER,P-HR,P-BB,P-K,P-W,P-L,P-S,P-HD,P-BS,P-ERA,P-WHIP,P-SB,P-CS,P-SBP,P-W-Z,P-K-Z,P-S-Z,P-ERA-Z,P-WHIP-Z,P-Z-SUM,P-Z-SUM-A,P-ACV,P-Unnamed: 32,ACV
1,1,Ronald Acuna,ATL,159,1,RIGHT,735,643,217,149,41,106,80,73,14,0.337,RF,3.917,2.193,1.683,5.017,3.71,16.519,21.408,4.889,52.30621847530971,,,,,,,,,,,,,,,,,,,,,,,,,,,,,,,,,,,52.30621847530971
2,2,Matt Olson,ATL| OAK,162,4,LEFT,720,608,172,127,54,139,104,1,0,0.283,1B,2.745,3.647,3.331,-0.918,0.957,9.763,14.399,4.636,35.18111172580272,,,,,,,,,,,,,,,,,,,,,,,,,,,,,,,,,,,35.18111172580272
3,3,Freddie Freeman,LAN| ATL,161,2,LEFT,730,637,211,131,29,102,72,23,1,0.331,1B,2.958,0.851,1.483,0.896,3.37,9.558,14.194,4.636,34.68023472713687,,,,,,,,,,,,,,,,,,,,,,,,,,,,,,,,,,,34.68023472713687
4,4,Mookie Betts,LAN,152,1,RIGHT,693,584,179,126,39,107,96,14,3,0.307,2B| RF,2.692,1.969,1.733,0.154,1.979,8.527,13.416,4.889,32.77934543463916,,,,,,,,,,,,,,,,,,,,,,,,,,,,,,,,,,,32.77934543463916
5,6,Corbin Carroll,ARI,153,3,LEFT,645,565,161,116,25,76,57,54,5,0.285,LF| CF| RF,2.159,0.403,0.184,3.451,0.979,7.177,12.066,4.889,29.480887150742102,,,,,,,,,,,,,,,,,,,,,,,,,,,,,,,,,,,29.480887150742102
6,7,Bobby Witt,KCA,158,2,RIGHT,694,641,177,97,30,96,40,49,15,0.276,SS,1.148,0.963,1.183,3.039,0.676,7.008,11.897,4.889,29.067969039646847,,,,,,,,,,,,,,,,,,,,,,,,,,,,,,,,,,,29.067969039646847
7,8,Julio Rodriguez,SEA,155,2,RIGHT,714,654,180,102,32,103,47,37,10,0.275,CF,1.414,1.186,1.533,2.05,0.644,6.827,11.716,4.889,28.62573129936139,,,,,,,,,,,,,,,,,,,,,,,,,,,,,,,,,,,28.62573129936139
8,9,Kyle Tucker,CHN| HOU,157,3,LEFT,674,574,163,97,29,112,80,30,5,0.284,RF,1.148,0.851,1.982,1.473,0.951,6.405,11.294,4.889,27.594657672839496,,,,,,,,,,,,,,,,,,,,,,,,,,,,,,,,,,,27.594657672839496
9,,,,,,,,,,,,,,,,,,,,,,,,,,,,1,Gerrit Cole,NYA,RIGHT,SP,209.0,33,33,157,64,61,20,48,222,15,4,0,0,0,2.627,0.981,7,4,0.033,1.703,1.804,-0.509,2.323,2.581,7.903,15.124,26.75181190974217,,26.75181190974217
10,5,Shohei Ohtani,LAN| ANA,135,2,LEFT,599,497,151,102,44,95,91,20,6,0.304,DH,1.414,2.528,1.133,0.648,1.582,7.306,10.783,3.4770000000000003,26.346130129823653,,,,,,,,,,,,,,,,,,,,,,,,,,,,,,,,,,,26.346130129823653
11,10,Marcus Semien,TEX| OAK| TOR,162,1,RIGHT,753,670,185,122,29,100,72,14,3,0.276,2B,2.479,0.851,1.383,0.154,0.706,5.573,10.462,4.889,25.561830048985904,,,,,,,,,,,,,,,,,,,,,,,,,,,,,,,,,,,25.561830048985904
12,,,,,,,,,,,,,,,,,,,,,,,,,,,,2,Spencer Strider,ATL,RIGHT,SP,186.66666666666663,32,32,146,85,80,22,58,281,20,5,0,0,0,3.857,1.093,19,2,0.102,3.018,3.066,-0.509,0.125,1.289,6.989,14.21,25.135099658650905,,25.135099658650905
13,11,Austin Riley,ATL,159,3,RIGHT,715,636,179,117,37,97,59,3,1,0.281,3B,2.213,1.745,1.233,-0.753,0.931,5.369,10.258,4.889,25.06339635275257,,,,,,,,,,,,,,,,,,,,,,,,,,,,,,,,,,,25.06339635275257
14,12,Francisco Lindor,NYN| CLE,160,3,SWITCH,687,602,153,108,31,98,66,31,4,0.254,SS,1.733,1.074,1.283,1.555,-0.382,5.264,10.153,4.889,24.80684959733836,,,,,,,,,,,,,,,,,,,,,,,,,,,,,,,,,,,24.80684959733836
15,13,Cody Bellinger,NYA| LAN| CHN,130,4,LEFT,556,499,153,95,26,97,40,20,6,0.307,CF| 1B,1.041,0.515,1.233,0.648,1.695,5.133,10.022,4.889,24.48677697867872,,,,,,,,,,,,,,,,,,,,,,,,,,,,,,,,,,,24.48677697867872
16,14,Ozzie Albies,ATL,148,2,SWITCH,660,596,167,96,33,109,46,13,1,0.28,2B,1.094,1.298,1.833,0.072,0.815,5.112,10.001,4.889,24.43546762759588,,,,,,,,,,,,,,,,,,,,,,,,,,,,,,,,,,,24.43546762759588
17,15,Juan Soto,NYN| WAS| SDN| NYA,162,3,LEFT,708,568,156,97,35,109,132,12,5,0.275,LF,1.148,1.522,1.833,-0.011,0.534,5.025,9.914,4.889,24.22290031596696,,,,,,,,,,,,,,,,,,,,,,,,,,,,,,,,,,,24.22290031596696
18,16,Corey Seager,TEX| LAN,119,2,LEFT,536,477,156,88,33,96,49,2,1,0.327,SS,0.668,1.298,1.183,-0.835,2.37,4.684,9.573,4.889,23.389734186478883,,,,,,,,,,,,,,,,,,,,,,,,,,,,,,,,,,,23.389734186478883
19,,,,,,,,,,,,,,,,,,,,,,,,,,,,3,Blake Snell,LAN| TBA| SDN| SFN,LEFT,SP,180.0,32,32,115,47,45,15,99,234,14,9,0,0,0,2.25,1.189,25,1,0.139,1.44,2.061,-0.509,2.577,0.403,5.972,13.193,23.33619773374957,,23.33619773374957
20,17,Adolis Garcia,TEX,148,4,RIGHT,632,555,136,108,39,107,65,9,1,0.245,RF,1.733,1.969,1.733,-0.258,-0.741,4.436,9.325,4.889,22.783795183214828,,,,,,,,,,,,,,,,,,,,,,,,,,,,,,,,,,,22.783795183214828
21,,,,,,,,,,,,,,,,,,,,,,,,,,,,4,Zac Gallen,ARI,RIGHT,SP,210.00000000000009,34,34,188,87,81,22,47,220,17,9,0,0,0,3.471,1.119,5,6,0.024,2.229,1.761,-0.509,0.828,1.183,5.493,12.714,22.48892730894353,,22.48892730894353
22,,,,,,,,,,,,,,,,,,,,,,,,,,,,5,Luis Castillo,SEA| CIN,RIGHT,SP,197.0,33,33,160,81,73,28,56,219,14,9,0,0,0,3.335,1.096,6,6,0.03,1.44,1.74,-0.509,1.005,1.327,5.003,12.224,21.62219973450729,,21.62219973450729
23,,,,,,,,,,,,,,,,,,,,,,,,,,,,6,Zach Eflin,BAL| PHI| TBA,RIGHT,SP,177.66666666666669,31,31,158,69,69,19,24,186,16,8,0,0,0,3.495,1.024,7,6,0.039,1.966,1.034,-0.509,0.665,1.818,4.975,12.196,21.57267244453951,,21.57267244453951
24,55,William Contreras,MIL| ATL,141,2,RIGHT,611,540,156,86,17,78,63,6,1,0.289,CC| DH,0.562,-0.491,0.284,-0.505,1.099,0.948,8.794,7.846,21.486401591548656,,,,,,,,,,,,,,,,,,,,,,,,,,,,,,,,,,,21.486401591548656
25,18,Trea Turner,PHI| WAS| LAN,155,2,RIGHT,691,639,170,102,26,76,45,30,0,0.266,SS,1.414,0.515,0.184,1.473,0.178,3.764,8.653,4.889,21.141895948563853,,,,,,,,,,,,,,,,,,,,,,,,,,,,,,,,,,,21.141895948563853
26,19,Luis Robert,CHA,144,3,RIGHT,595,546,144,90,38,80,30,20,4,0.264,CF,0.775,1.857,0.384,0.648,0.056,3.72,8.609,4.889,21.034390641533133,,,,,,,,,,,,,,,,,,,,,,,,,,,,,,,,,,,21.034390641533133
27,20,Lane Thomas,CLE| SLN| WAS,156,2,RIGHT,682,628,168,101,28,86,36,20,5,0.268,RF,1.361,0.739,0.683,0.648,0.246,3.678,8.567,4.889,20.931771939367447,,,,,,,,,,,,,,,,,,,,,,,,,,,,,,,,,,,20.931771939367447
28,21,Christian Yelich,MIL,144,1,LEFT,632,550,153,106,19,76,78,28,3,0.278,LF| DH,1.627,-0.268,0.184,1.308,0.667,3.518,8.407,4.889,20.540843550164837,,,,,,,,,,,,,,,,,,,,,,,,,,,,,,,,,,,20.540843550164837
29,22,Jose Ramirez,CLE,156,3,SWITCH,691,611,172,87,24,80,73,28,6,0.282,3B| DH,0.615,0.292,0.384,1.308,0.897,3.495,8.384,4.889,20.48464759421696,,,,,,,,,,,,,,,,,,,,,,,,,,,,,,,,,,,20.48464759421696
30,,,,,,,,,,,,,,,,,,,,,,,,,,,,7,Logan Webb,SFN,RIGHT,SP,216.0,33,33,201,83,78,20,31,194,11,13,0,0,0,3.25,1.074,20,4,0.093,0.651,1.205,-0.509,1.258,1.689,4.295,11.516,20.36986683103616,,20.36986683103616
31,,,,,,,,,,,,,,,,,,,,,,,,,,,,8,Kevin Gausman,TOR| SFN,RIGHT,SP,185.00000000000003,31,31,163,72,65,19,55,237,12,9,0,0,0,3.162,1.178,21,4,0.114,0.914,2.125,-0.509,1.216,0.509,4.255,11.476,20.299113559653605,,20.299113559653605
32,,,,,,,,,,,,,,,,,,,,,,,,,,,,9,Zack Wheeler,PHI,RIGHT,SP,192.0,32,32,168,82,77,20,39,212,13,6,0,0,0,3.609,1.078,3,4,0.016,1.177,1.59,-0.509,0.533,1.464,4.255,11.476,20.299113559653605,,20.299113559653605
33,69,Adley Rutschman,BAL,154,2,SWITCH,687,588,163,84,20,80,92,1,2,0.277,DH| CC,0.455,-0.156,0.384,-0.918,0.669,0.434,8.28,7.846,20.230544141235256,,,,,,,,,,,,,,,,,,,,,,,,,,,,,,,,,,,20.230544141235256
34,,,,,,,,,,,,,,,,,,,,,,,,,,,,10,Kyle Bradish,BAL,RIGHT,SP,168.66666666666669,30,30,132,54,53,14,44,168,12,7,0,0,0,2.828,1.044,3,2,0.018,0.914,0.649,-0.509,1.587,1.57,4.211,11.432,20.2212849611328,,20.2212849611328
35,,,,,,,,,,,,,,,,,,,,,,,,,,,,11,George Kirby,SEA,RIGHT,SP,190.66666666666669,31,31,179,74,71,22,19,172,13,10,0,0,0,3.351,1.038,17,4,0.089,1.177,0.735,-0.509,0.946,1.821,4.17,11.391,20.14876285796569,,20.14876285796569
36,,,,,,,,,,,,,,,,,,,,,,,,,,,,12,Justin Steele,CHN,LEFT,SP,173.33333333333334,30,30,167,71,59,14,36,176,16,5,0,0,0,3.063,1.171,8,4,0.046,1.966,0.82,-0.509,1.284,0.538,4.099,11.32,20.02317580126166,,20.02317580126166
37,25,Rafael Devers,BOS| SFN,153,4,LEFT,656,580,157,90,33,100,62,5,1,0.271,3B,0.775,1.298,1.383,-0.588,0.369,3.237,8.126000000000001,4.889,19.85427556662775,,,,,,,,,,,,,,,,,,,,,,,,,,,,,,,,,,,19.85427556662775
38,26,Nico Hoerner,CHN,150,2,RIGHT,688,619,175,98,9,68,49,43,7,0.283,2B| SS,1.201,-1.386,-0.216,2.544,0.966,3.109,7.998,4.889,19.54153285526565,,,,,,,,,,,,,,,,,,,,,,,,,,,,,,,,,,,19.54153285526565
39,,,,,,,,,,,,,,,,,,,,,,,,,,,,13,Felix Bautista,BAL,RIGHT,RP,61.0,0,56,30,14,10,4,26,110,8,2,33,0,0,1.475,0.918,10,2,0.164,-0.138,-0.591,2.299,1.275,0.94,3.784,11.005,19.46599378912408,,19.46599378912408
40,29,Nick Castellanos,PHI| CIN,157,4,RIGHT,671,626,170,79,29,106,36,11,2,0.272,RF,0.189,0.851,1.683,-0.093,0.441,3.07,7.959,4.889,19.446244060397515,,,,,,,,,,,,,,,,,,,,,,,,,,,,,,,,,,,19.446244060397515
41,,,,,,,,,,,,,,,,,,,,,,,,,,,,14,Corbin Burnes,ARI| MIL| BAL,RIGHT,SP,193.66666666666663,32,32,141,77,73,22,66,200,10,8,0,0,0,3.392,1.069,11,2,0.057,0.388,1.334,-0.509,0.894,1.564,3.67,10.891,19.264346965683814,,19.264346965683814
42,24,Pete Alonso,NYN,154,4,RIGHT,658,568,123,92,46,118,65,4,1,0.217,1B,0.881,2.752,2.282,-0.67,-2.002,3.243,7.879,4.636,19.250779865796208,,,,,,,,,,,,,,,,,,,,,,,,,,,,,,,,,,,19.250779865796208
43,,,,,,,,,,,,,,,,,,,,,,,,,,,,15,Chris Bassitt,TOR| OAK| NYN,RIGHT,SP,200.0,33,33,176,88,80,28,59,186,16,8,0,0,0,3.6,1.175,14,6,0.07,1.966,1.034,-0.509,0.571,0.583,3.645,10.866,19.22012617106972,,19.22012617106972
44,,,,,,,,,,,,,,,,,,,,,,,,,,,,16,Framber Valdez,HOU,LEFT,SP,198.0,31,31,166,86,76,19,57,200,12,11,0,0,0,3.454,1.126,19,1,0.096,0.914,1.334,-0.509,0.809,1.046,3.594,10.815,19.129915750056966,,19.129915750056966
45,,,,,,,,,,,,,,,,,,,,,,,,,,,,17,Logan Gilbert,SEA,RIGHT,SP,190.66666666666663,32,32,169,82,79,29,36,189,13,7,0,0,0,3.729,1.075,14,1,0.073,1.177,1.098,-0.509,0.335,1.481,3.582,10.803,19.108689768642204,,19.108689768642204
46,27,Yandy Diaz,TBA,137,1,RIGHT,600,525,173,95,22,78,65,0,1,0.33,1B,1.041,0.068,0.284,-1.0,2.708,3.101,7.737,4.636,18.90383092037889,,,,,,,,,,,,,,,,,,,,,,,,,,,,,,,,,,,18.90383092037889
47,28,Christian Walker,HOU| ARI,157,4,RIGHT,661,582,150,86,33,103,62,11,0,0.258,1B,0.562,1.298,1.533,-0.093,-0.209,3.09,7.726,4.636,18.87695459362121,,,,,,,,,,,,,,,,,,,,,,,,,,,,,,,,,,,18.87695459362121
48,30,Josh Lowe,TBA,130,6,LEFT,501,466,136,71,20,83,31,32,3,0.292,RF| DH,-0.237,-0.156,0.534,1.638,1.054,2.832,7.721,4.889,18.86473808145863,,,,,,,,,,,,,,,,,,,,,,,,,,,,,,,,,,,18.86473808145863
49,,,,,,,,,,,,,,,,,,,,,,,,,,,,18,Devin Williams,NYA| MIL,RIGHT,RP,58.66666666666667,0,61,26,13,10,4,28,87,8,3,36,0,0,1.534,0.92,10,1,0.17,-0.138,-1.083,2.555,1.197,0.897,3.427,10.648,18.83452084203482,,18.83452084203482
50,,,,,,,,,,,,,,,,,,,,,,,,,,,,19,Pablo Lopez,MIN| MIA,RIGHT,SP,194.00000000000003,32,32,176,81,79,24,48,234,11,8,0,0,0,3.665,1.155,8,3,0.041,0.651,2.061,-0.509,0.447,0.758,3.407,10.628,18.79914420634355,,18.79914420634355
51,,,,,,,,,,,,,,,,,,,,,,,,,,,,20,Clayton Kershaw,LAN,LEFT,SP,131.66666666666666,24,24,100,39,36,19,40,137,13,5,0,0,0,2.461,1.063,6,4,0.046,1.177,-0.014,-0.509,1.649,1.099,3.403,10.624,18.79206887920529,,18.79206887920529
52,,,,,,,,,,,,,,,,,,,,,,,,,,,,21,Kodai Senga,NYN,RIGHT,SP,166.33333333333331,29,29,126,60,55,17,77,202,12,7,0,0,0,2.976,1.22,11,3,0.066,0.914,1.376,-0.509,1.356,0.118,3.255,10.476,18.53028177508985,,18.53028177508985
53,31,Fernando Tatis,SDN,141,2,RIGHT,635,575,148,91,25,78,53,29,4,0.257,RF,0.828,0.403,0.284,1.39,-0.222,2.684,7.573,4.889,18.503129321446213,,,,,,,,,,,,,,,,,,,,,,,,,,,,,,,,,,,18.503129321446213
54,,,,,,,,,,,,,,,,,,,,,,,,,,,,22,Freddy Peralta,MIL,RIGHT,SP,165.66666666666669,30,30,131,77,71,26,54,210,12,10,0,0,0,3.857,1.117,7,0,0.042,0.914,1.547,-0.509,0.111,0.952,3.016,10.237,18.10753097857912,,18.10753097857912
55,,,,,,,,,,,,,,,,,,,,,,,,,,,,23,Sonny Gray,SLN| CIN| MIN,RIGHT,SP,184.0,32,32,156,59,57,8,55,183,8,8,0,0,0,2.788,1.147,8,4,0.043,-0.138,0.97,-0.509,1.794,0.789,2.906,10.127,17.91295948227711,,17.91295948227711
56,32,Alex Bregman,BOS| HOU,161,2,RIGHT,724,622,163,103,25,98,92,3,1,0.262,3B,1.467,0.403,1.283,-0.753,-0.017,2.384,7.273,4.889,17.77013859169131,,,,,,,,,,,,,,,,,,,,,,,,,,,,,,,,,,,17.77013859169131
57,,,,,,,,,,,,,,,,,,,,,,,,,,,,24,Merrill Kelly,ARI| TEX,RIGHT,SP,177.66666666666666,30,30,143,71,65,20,69,187,12,8,0,0,0,3.293,1.193,13,4,0.073,0.914,1.056,-0.509,0.971,0.361,2.792,10.013,17.71131265883684,,17.71131265883684
58,33,Yordan Alvarez,HOU,114,3,LEFT,496,410,120,77,31,97,69,0,0,0.293,LF| DH,0.082,1.074,1.233,-1.0,0.954,2.344,7.233,4.889,17.672406494390657,,,,,,,,,,,,,,,,,,,,,,,,,,,,,,,,,,,17.672406494390657
59,86,Will Smith,LAN,125,3,RIGHT,554,464,121,80,19,76,63,3,0,0.261,CC,0.242,-0.268,0.184,-0.753,-0.058,-0.653,7.193,7.846,17.574674397090003,,,,,,,,,,,,,,,,,,,,,,,,,,,,,,,,,,,17.574674397090003
60,34,Kyle Schwarber,PHI| CHN| BOS| WAS,160,1,LEFT,720,585,115,108,47,104,126,0,2,0.197,LF| DH,1.733,2.864,1.583,-1.0,-2.96,2.22,7.109,4.889,17.36943699275863,,,,,,,,,,,,,,,,,,,,,,,,,,,,,,,,,,,17.36943699275863
61,,,,,,,,,,,,,,,,,,,,,,,,,,,,25,Justin Verlander,SFN| HOU| NYN,RIGHT,SP,162.33333333333331,27,27,139,63,58,18,45,144,13,8,0,0,0,3.216,1.133,11,2,0.068,1.177,0.136,-0.509,0.993,0.801,2.598,9.819,17.36815929263147,,17.36815929263147
62,35,Randy Arozarena,SEA| TBA,151,4,RIGHT,654,551,140,95,23,83,80,22,10,0.254,LF,1.041,0.18,0.534,0.813,-0.353,2.215,7.104,4.889,17.357220480596048,,,,,,,,,,,,,,,,,,,,,,,,,,,,,,,,,,,17.357220480596048
63,,,,,,,,,,,,,,,,,,,,,,,,,,,,26,Shohei Ohtani,LAN| ANA,RIGHT,SP,132.0,23,23,85,50,46,18,55,167,10,5,0,0,0,3.136,1.061,5,3,0.038,0.388,0.628,-0.509,0.896,1.119,2.522,9.743,17.233728077004628,,17.233728077004628
64,,,,,,,,,,,,,,,,,,,,,,,,,,,,27,Max Scherzer,TOR| WAS| LAN| NYN| TEX,RIGHT,SP,152.66666666666666,27,27,126,65,64,28,45,174,13,6,0,0,0,3.773,1.12,9,1,0.059,1.177,0.778,-0.509,0.211,0.853,2.51,9.731,17.212502095589862,,17.212502095589862
65,36,Ketel Marte,ARI,149,2,SWITCH,650,569,157,94,25,82,71,8,2,0.276,2B,0.988,0.403,0.484,-0.341,0.591,2.125,7.014,4.889,17.13732326166958,,,,,,,,,,,,,,,,,,,,,,,,,,,,,,,,,,,17.13732326166958
66,37,Gunnar Henderson,BAL,150,1,LEFT,622,560,143,100,28,82,56,10,3,0.255,3B| SS,1.307,0.739,0.484,-0.176,-0.304,2.051,6.94,4.889,16.95651888166337,,,,,,,,,,,,,,,,,,,,,,,,,,,,,,,,,,,16.95651888166337
67,,,,,,,,,,,,,,,,,,,,,,,,,,,,28,Alexis Diaz,ATL| CIN| LAN,RIGHT,RP,67.33333333333333,0,71,44,30,23,4,36,86,9,6,37,0,0,3.074,1.188,12,3,0.178,0.125,-1.104,2.64,0.493,0.153,2.306,9.527,16.85166041153886,,16.85166041153886
68,92,Cal Raleigh,SEA,145,4,SWITCH,569,513,119,78,30,75,54,0,0,0.232,CC,0.136,0.963,0.134,-1.0,-1.2,-0.968,6.878,7.846,16.805034130847357,,,,,,,,,,,,,,,,,,,,,,,,,,,,,,,,,,,16.805034130847357
69,23,Marcell Ozuna,ATL,144,6,RIGHT,592,530,145,84,40,100,57,0,0,0.274,DH,0.455,2.081,1.383,-1.0,0.455,3.374,6.851000000000001,3.4770000000000003,16.73906496516942,,,,,,,,,,,,,,,,,,,,,,,,,,,,,,,,,,,16.73906496516942
70,94,Jonah Heim,TEX| OAK,128,6,SWITCH,501,457,118,61,18,95,40,2,0,0.258,CC,-0.77,-0.379,1.133,-0.835,-0.148,-0.999,6.847,7.846,16.729291755439352,,,,,,,,,,,,,,,,,,,,,,,,,,,,,,,,,,,16.729291755439352
71,95,J. T. Realmuto,PHI,135,6,RIGHT,540,489,123,70,20,63,35,16,5,0.252,CC,-0.29,-0.156,-0.466,0.319,-0.409,-1.002,6.844,7.846,16.721961848141802,,,,,,,,,,,,,,,,,,,,,,,,,,,,,,,,,,,16.721961848141802
72,,,,,,,,,,,,,,,,,,,,,,,,,,,,29,Eduardo Rodriguez,ARI| BOS| DET,LEFT,SP,152.66666666666669,26,26,128,59,56,15,48,143,13,9,0,0,0,3.301,1.153,10,5,0.066,1.177,0.115,-0.509,0.823,0.61,2.215,9.436,16.690696719143556,,16.690696719143556
73,,,,,,,,,,,,,,,,,,,,,,,,,,,,30,Jesus Luzardo,PHI| OAK| MIA,LEFT,SP,178.66666666666666,32,32,162,79,71,22,55,208,10,10,0,0,0,3.576,1.215,11,4,0.062,0.388,1.505,-0.509,0.545,0.178,2.107,9.328,16.49966288641067,,16.49966288641067
74,,,,,,,,,,,,,,,,,,,,,,,,,,,,31,Jordan Montgomery,NYA| SLN| TEX| ARI,LEFT,SP,188.66666666666663,32,32,177,75,67,18,48,166,10,11,0,0,0,3.196,1.193,14,1,0.074,0.388,0.607,-0.509,1.185,0.389,2.06,9.281,16.416527792536176,,16.416527792536176
75,,,,,,,,,,,,,,,,,,,,,,,,,,,,32,Jose Berrios,TOR| MIN,RIGHT,SP,189.66666666666663,32,32,173,82,77,25,52,184,11,12,0,0,0,3.654,1.186,12,4,0.063,0.651,0.991,-0.509,0.455,0.449,2.037,9.258,16.375844661491207,,16.375844661491207
76,,,,,,,,,,,,,,,,,,,,,,,,,,,,33,Camilo Doval,NYA| SFN,RIGHT,RP,67.66666666666667,0,69,51,32,22,3,26,87,6,6,39,0,0,2.926,1.138,12,5,0.177,-0.664,-1.083,2.81,0.58,0.319,1.962,9.183,16.243182277648927,,16.243182277648927
77,,,,,,,,,,,,,,,,,,,,,,,,,,,,34,Michael Wacha,KCA| NYN| TBA| BOS| SDN,RIGHT,SP,134.33333333333331,24,24,113,49,48,15,43,124,14,4,0,0,0,3.216,1.161,4,3,0.03,1.44,-0.292,-0.509,0.821,0.481,1.942,9.163,16.207805641957652,,16.207805641957652
78,,,,,,,,,,,,,,,,,,,,,,,,,,,,35,Tanner Scott,LAN| BAL| MIA| SDN,LEFT,RP,77.99999999999999,0,74,53,22,20,3,24,104,9,5,12,0,0,2.308,0.987,5,0,0.064,0.125,-0.719,0.512,1.078,0.939,1.936,9.157,16.19719265125027,,16.19719265125027
79,39,CJ Abrams,WAS| SDN,150,1,LEFT,614,563,138,82,18,64,32,47,4,0.245,SS,0.349,-0.379,-0.416,2.874,-0.748,1.679,6.5680000000000005,4.889,16.047610376767295,,,,,,,,,,,,,,,,,,,,,,,,,,,,,,,,,,,16.047610376767295
80,41,Luis Arraez,SDN| MIN| MIA,147,1,LEFT,617,574,203,71,10,69,35,3,2,0.354,2B,-0.237,-1.274,-0.166,-0.753,4.026,1.596,6.485,4.889,15.844816274868435,,,,,,,,,,,,,,,,,,,,,,,,,,,,,,,,,,,15.844816274868435
81,38,Justin Turner,CHN| LAN| BOS| SEA| TOR,146,3,RIGHT,626,558,154,86,23,96,51,4,1,0.276,DH| 1B,0.562,0.18,1.183,-0.67,0.582,1.836,6.472,4.636,15.813053343245723,,,,,,,,,,,,,,,,,,,,,,,,,,,,,,,,,,,15.813053343245723
82,,,,,,,,,,,,,,,,,,,,,,,,,,,,36,Aaron Nola,PHI,RIGHT,SP,193.66666666666663,32,32,178,105,96,32,45,202,12,9,0,0,0,4.461,1.151,21,5,0.108,0.914,1.376,-0.509,-0.864,0.786,1.704,8.925,15.78682367723148,,15.78682367723148
83,,,,,,,,,,,,,,,,,,,,,,,,,,,,37,Tyler Glasnow,LAN| TBA,RIGHT,SP,120.0,21,21,93,52,47,13,37,162,10,7,0,0,0,3.525,1.083,19,1,0.158,0.388,0.521,-0.509,0.419,0.884,1.703,8.924,15.785054845446917,,15.785054845446917
84,,,,,,,,,,,,,,,,,,,,,,,,,,,,38,David Bednar,NYA| PIT| SDN,RIGHT,RP,67.33333333333333,0,66,53,22,15,3,21,80,3,3,39,0,0,2.005,1.099,1,0,0.015,-1.453,-1.233,2.81,1.104,0.445,1.673,8.894,15.731989891910002,,15.731989891910002
85,,,,,,,,,,,,,,,,,,,,,,,,,,,,39,Mitch Keller,PIT,RIGHT,SP,194.3333333333333,32,32,187,97,91,25,55,210,13,9,0,0,0,4.214,1.245,12,2,0.062,1.177,1.547,-0.509,-0.459,-0.097,1.659,8.88,15.707226246926112,,15.707226246926112
86,42,Max Muncy,LAN,135,4,LEFT,579,482,102,95,36,105,85,1,2,0.212,3B,1.041,1.634,1.633,-0.918,-1.882,1.508,6.397,4.889,15.629805660807,,,,,,,,,,,,,,,,,,,,,,,,,,,,,,,,,,,15.629805660807
87,,,,,,,,,,,,,,,,,,,,,,,,,,,,40,Nick Pivetta,SDN| BOS| PHI,RIGHT,SP| RP,142.66666666666666,16,38,110,69,64,23,50,183,10,9,1,0,0,4.037,1.121,12,2,0.084,0.388,0.97,-0.424,-0.123,0.787,1.598,8.819,15.599327508067722,,15.599327508067722
88,43,Gleyber Torres,DET| NYA,157,3,RIGHT,672,596,163,89,25,68,67,13,6,0.273,2B,0.722,0.403,-0.216,0.072,0.508,1.488,6.377000000000001,4.889,15.580939612156676,,,,,,,,,,,,,,,,,,,,,,,,,,,,,,,,,,,15.580939612156676
89,44,Aaron Judge,NYA,106,2,RIGHT,458,367,98,79,37,75,88,3,1,0.267,RF| DH,0.189,1.745,0.134,-0.753,0.13,1.446,6.335,4.889,15.478320909990988,,,,,,,,,,,,,,,,,,,,,,,,,,,,,,,,,,,15.478320909990988
90,,,,,,,,,,,,,,,,,,,,,,,,,,,,41,Tanner Bibee,CLE,RIGHT,SP,142.00000000000003,25,25,122,49,47,13,45,141,10,4,0,0,0,2.979,1.176,9,1,0.063,0.388,0.072,-0.509,1.154,0.407,1.512,8.733,15.44720797459524,,15.44720797459524
91,45,Spencer Steer,CIN,156,3,RIGHT,665,582,158,74,23,86,68,15,3,0.271,3B| 1B| LF,-0.077,0.18,0.683,0.236,0.406,1.428,6.317,4.889,15.434341466205693,,,,,,,,,,,,,,,,,,,,,,,,,,,,,,,,,,,15.434341466205693
92,40,Paul Goldschmidt,NYA| SLN,154,2,RIGHT,687,593,159,89,25,80,87,11,2,0.268,1B| DH,0.722,0.403,0.384,-0.093,0.261,1.676,6.312,4.636,15.422124954043111,,,,,,,,,,,,,,,,,,,,,,,,,,,,,,,,,,,15.422124954043111
93,47,Bryan Reynolds,PIT,145,2,SWITCH,640,574,151,85,24,84,53,12,1,0.263,LF,0.508,0.292,0.584,-0.011,0.029,1.402,6.291,4.889,15.370815602960269,,,,,,,,,,,,,,,,,,,,,,,,,,,,,,,,,,,15.370815602960269
94,48,Ha-Seong Kim,ATL| TBA| SDN,149,1,RIGHT,626,538,140,84,17,60,75,38,9,0.26,3B| 2B| SS,0.455,-0.491,-0.616,2.132,-0.09,1.39,6.279,4.889,15.341495973770073,,,,,,,,,,,,,,,,,,,,,,,,,,,,,,,,,,,15.341495973770073
95,,,,,,,,,,,,,,,,,,,,,,,,,,,,42,Craig Kimbrel,ATL| HOU| CHN| CHA| LAN| PHI| BAL,RIGHT,RP,69.0,0,71,44,28,25,10,28,94,8,6,23,0,0,3.261,1.044,12,0,0.174,-0.138,-0.933,1.449,0.396,0.642,1.415,8.636,15.275631291492552,,15.275631291492552
96,50,Anthony Santander,TOR| BAL,153,3,SWITCH,656,591,152,81,28,95,55,5,1,0.257,RF| DH,0.295,0.739,1.133,-0.588,-0.237,1.343,6.232,4.889,15.226660759441804,,,,,,,,,,,,,,,,,,,,,,,,,,,,,,,,,,,15.226660759441804
97,114,Salvador Perez,KCA,140,3,RIGHT,580,538,137,59,23,80,19,0,0,0.255,CC| DH| 1B,-0.876,0.18,0.384,-1.0,-0.321,-1.634,6.212,7.846,15.177794710791478,,,,,,,,,,,,,,,,,,,,,,,,,,,,,,,,,,,15.177794710791478
98,,,,,,,,,,,,,,,,,,,,,,,,,,,,43,Nathan Eovaldi,TEX| BOS,RIGHT,SP,144.0,25,25,117,59,58,15,47,132,12,5,0,0,0,3.625,1.139,8,4,0.056,0.914,-0.121,-0.509,0.38,0.673,1.337,8.558,15.13766241229658,,15.13766241229658
99,,,,,,,,,,,,,,,,,,,,,,,,,,,,44,Bailey Ober,MIN,RIGHT,SP,144.33333333333334,26,26,125,58,55,22,29,146,8,6,0,0,0,3.43,1.067,3,6,0.021,-0.138,0.179,-0.509,0.621,1.179,1.331,8.552,15.1270494215892,,15.1270494215892
100,51,Bryson Stott,PHI,151,5,LEFT,640,585,164,78,15,62,39,31,3,0.28,2B,0.136,-0.715,-0.516,1.555,0.806,1.266,6.155,4.889,15.038526472138049,,,,,,,,,,,,,,,,,,,,,,,,,,,,,,,,,,,15.038526472138049
101,,,,,,,,,,,,,,,,,,,,,,,,,,,,45,Joe Ryan,MIN,RIGHT,SP,161.66666666666666,29,29,155,83,81,32,34,197,11,10,0,0,0,4.509,1.169,7,3,0.043,0.651,1.269,-0.509,-0.787,0.518,1.142,8.363,14.792740214306647,,14.792740214306647
102,,,,,,,,,,,,,,,,,,,,,,,,,,,,46,Josh Hader,HOU| MIL| SDN,LEFT,RP,56.33333333333333,0,61,32,11,8,3,30,85,2,3,33,0,0,1.278,1.101,1,0,0.018,-1.716,-1.126,2.299,1.271,0.368,1.097,8.318,14.71314278400128,,14.71314278400128
103,49,Bryce Harper,PHI,126,3,LEFT,546,457,134,84,21,72,80,11,3,0.293,DH| 1B,0.455,-0.044,-0.016,-0.093,1.082,1.384,6.02,4.636,14.70868064374834,,,,,,,,,,,,,,,,,,,,,,,,,,,,,,,,,,,14.70868064374834
104,,,,,,,,,,,,,,,,,,,,,,,,,,,,47,Braxton Garrett,MIA,LEFT,SP,159.66666666666666,30,31,154,68,65,20,29,156,9,7,0,0,0,3.664,1.146,14,3,0.088,0.125,0.393,-0.509,0.369,0.69,1.067,8.288,14.66007783046437,,14.66007783046437
105,53,Xander Bogaerts,SDN| BOS,155,5,RIGHT,665,596,170,83,19,58,56,19,2,0.285,SS,0.402,-0.268,-0.716,0.566,1.046,1.03,5.9190000000000005,4.889,14.461907098064192,,,,,,,,,,,,,,,,,,,,,,,,,,,,,,,,,,,14.461907098064192
106,,,,,,,,,,,,,,,,,,,,,,,,,,,,48,Emmanuel Clase,CLE,RIGHT,RP,72.66666666666667,0,75,68,37,26,4,16,64,3,9,44,0,0,3.22,1.156,10,0,0.138,-1.453,-1.575,3.236,0.442,0.279,0.928,8.149000000000001,14.41421021241001,,14.41421021241001
107,121,Willson Contreras,SLN| CHN,123,5,RIGHT,495,428,113,55,20,67,51,6,3,0.264,CC| DH,-1.089,-0.156,-0.266,-0.505,0.053,-1.963,5.883,7.846,14.373948210493603,,,,,,,,,,,,,,,,,,,,,,,,,,,,,,,,,,,14.373948210493603
108,54,George Springer,TOR| HOU,153,1,RIGHT,683,613,158,87,21,72,60,20,5,0.258,RF| DH,0.615,-0.044,-0.016,0.648,-0.22,0.984,5.873,4.889,14.34951518616844,,,,,,,,,,,,,,,,,,,,,,,,,,,,,,,,,,,14.34951518616844
109,,,,,,,,,,,,,,,,,,,,,,,,,,,,49,Yusei Kikuchi,ANA| SEA| TOR| HOU,LEFT,SP,167.66666666666663,32,32,165,78,72,27,48,181,11,6,0,0,0,3.865,1.27,14,1,0.083,0.651,0.927,-0.509,0.101,-0.288,0.882,8.103,14.332843950320076,,14.332843950320076
110,52,Vladimir Guerrero,TOR,156,3,RIGHT,682,602,159,78,26,94,67,5,3,0.264,DH| 1B,0.136,0.515,1.083,-0.588,0.079,1.225,5.861000000000001,4.636,14.320195556978245,,,,,,,,,,,,,,,,,,,,,,,,,,,,,,,,,,,14.320195556978245
111,56,Manny Machado,SDN,138,4,RIGHT,601,543,140,75,30,91,50,3,2,0.258,DH| 3B,-0.024,0.963,0.933,-0.753,-0.191,0.928,5.817,4.889,14.212690249947526,,,,,,,,,,,,,,,,,,,,,,,,,,,,,,,,,,,14.212690249947526
112,,,,,,,,,,,,,,,,,,,,,,,,,,,,50,Charlie Morton,ATL| BAL| DET| TBA,RIGHT,SP,163.33333333333334,30,30,150,70,66,14,83,183,14,12,0,0,0,3.637,1.427,16,3,0.098,1.44,0.97,-0.509,0.415,-1.52,0.796,8.017,14.180724416847593,,14.180724416847593
113,,,,,,,,,,,,,,,,,,,,,,,,,,,,51,Jordan Romano,PHI| TOR,RIGHT,RP,58.99999999999999,0,59,48,20,19,6,24,72,5,7,36,0,0,2.898,1.22,9,1,0.153,-0.927,-1.404,2.555,0.52,0.042,0.786,8.007,14.163036099001957,,14.163036099001957
114,58,Bo Bichette,TOR,135,2,RIGHT,601,571,175,69,20,73,27,5,3,0.306,SS,-0.344,-0.156,0.034,-0.588,1.934,0.881,5.7700000000000005,4.889,14.097855035619258,,,,,,,,,,,,,,,,,,,,,,,,,,,,,,,,,,,14.097855035619258
115,,,,,,,,,,,,,,,,,,,,,,,,,,,,52,Bobby Miller,LAN,RIGHT,SP,124.33333333333331,22,22,105,53,52,12,32,119,11,4,0,0,0,3.764,1.102,14,1,0.113,0.651,-0.399,-0.509,0.182,0.804,0.729,7.95,14.06221268728182,,14.06221268728182
116,,,,,,,,,,,,,,,,,,,,,,,,,,,,53,Shane McClanahan,TBA,LEFT,SP,115.0,21,21,95,42,42,15,41,121,11,2,0,0,0,3.287,1.183,7,1,0.061,0.651,-0.356,-0.509,0.634,0.293,0.713,7.934,14.0339113787288,,14.0339113787288
117,59,TJ Friedl,CIN,137,2,LEFT,556,488,136,73,18,66,47,25,6,0.279,CF| LF,-0.131,-0.379,-0.316,1.061,0.611,0.845,5.734,4.889,14.00989614804867,,,,,,,,,,,,,,,,,,,,,,,,,,,,,,,,,,,14.00989614804867
118,60,Alec Bohm,PHI,145,7,RIGHT,611,558,153,74,20,97,42,4,1,0.274,3B| 1B,-0.077,-0.156,1.233,-0.67,0.505,0.835,5.724,4.889,13.985463123723504,,,,,,,,,,,,,,,,,,,,,,,,,,,,,,,,,,,13.985463123723504
119,126,Sean Murphy,ATL| OAK,106,4,RIGHT,438,370,93,65,21,68,49,0,0,0.251,CC,-0.557,-0.044,-0.216,-1.0,-0.314,-2.131,5.715,7.846,13.96347340183086,,,,,,,,,,,,,,,,,,,,,,,,,,,,,,,,,,,13.96347340183086
120,,,,,,,,,,,,,,,,,,,,,,,,,,,,54,Raisel Iglesias,ATL| CIN| ANA,RIGHT,RP,55.66666666666666,0,58,51,23,17,7,15,68,5,4,33,0,0,2.748,1.186,0,0,0.0,-0.927,-1.489,2.299,0.561,0.134,0.578,7.799,13.795119087812695,,13.795119087812695
121,,,,,,,,,,,,,,,,,,,,,,,,,,,,55,Matt Strahm,PHI| SDN| BOS,LEFT,SP| RP,87.66666666666666,10,56,68,34,32,11,21,108,9,5,2,0,0,3.285,1.015,6,0,0.068,0.125,-0.634,-0.338,0.484,0.936,0.573,7.794,13.786274928889878,,13.786274928889878
122,,,,,,,,,,,,,,,,,,,,,,,,,,,,56,Dane Dunning,ATL| TEX| CHA,RIGHT,SP| RP,172.6666666666667,26,35,163,73,71,20,55,140,12,7,0,0,0,3.701,1.262,7,4,0.041,0.914,0.051,-0.509,0.345,-0.231,0.569,7.79,13.77919960175162,,13.77919960175162
123,129,Yainer Diaz,HOU,104,5,RIGHT,377,355,100,51,23,60,11,0,0,0.282,DH| CC,-1.302,0.18,-0.616,-1.0,0.526,-2.212,5.634,7.846,13.765565904797036,,,,,,,,,,,,,,,,,,,,,,,,,,,,,,,,,,,13.765565904797036
124,61,Isaac Paredes,HOU| DET| TBA| CHN,141,5,RIGHT,571,492,123,71,31,98,58,1,0,0.25,3B| 1B,-0.237,1.074,1.283,-0.918,-0.469,0.733,5.622,4.889,13.73624627560684,,,,,,,,,,,,,,,,,,,,,,,,,,,,,,,,,,,13.73624627560684
125,62,Michael Harris,ATL,138,9,LEFT,539,505,148,76,18,57,25,20,4,0.293,CF,0.029,-0.379,-0.766,0.648,1.19,0.723,5.612,4.889,13.711813251281676,,,,,,,,,,,,,,,,,,,,,,,,,,,,,,,,,,,13.711813251281676
126,63,Nolan Arenado,SLN| COL,144,4,RIGHT,612,560,149,71,26,93,41,3,3,0.266,3B,-0.237,0.515,1.033,-0.753,0.158,0.716,5.605,4.889,13.694710134254064,,,,,,,,,,,,,,,,,,,,,,,,,,,,,,,,,,,13.694710134254064
127,,,,,,,,,,,,,,,,,,,,,,,,,,,,58,Tyler Wells,BAL,RIGHT,SP| RP,118.66666666666669,20,25,83,50,48,25,34,117,7,6,1,0,0,3.64,0.986,2,1,0.017,-0.401,-0.441,-0.424,0.298,1.436,0.468,7.689,13.600547591510685,,13.600547591510685
128,,,,,,,,,,,,,,,,,,,,,,,,,,,,57,Evan Phillips,LAN| BAL| TBA,RIGHT,RP,61.333333333333336,0,62,38,19,14,6,13,66,2,4,24,0,0,2.054,0.832,3,1,0.049,-1.716,-1.532,1.534,0.98,1.203,0.468,7.689,13.600547591510685,,13.600547591510685
129,,,,,,,,,,,,,,,,,,,,,,,,,,,,59,Tarik Skubal,DET,LEFT,SP,80.33333333333334,15,15,58,28,25,4,14,102,7,3,0,0,0,2.801,0.896,4,0,0.05,-0.401,-0.762,-0.509,0.774,1.322,0.425,7.646,13.52448782477444,,13.52448782477444
130,57,Josh Naylor,ARI| SEA| CLE| SDN,121,4,LEFT,495,452,139,52,17,97,33,10,3,0.308,1B| DH,-1.249,-0.491,1.233,-0.176,1.567,0.884,5.5200000000000005,4.636,13.487029427490176,,,,,,,,,,,,,,,,,,,,,,,,,,,,,,,,,,,13.487029427490176
131,65,Ian Happ,CHN,158,3,SWITCH,691,580,144,86,21,84,99,14,3,0.248,LF,0.562,-0.044,0.584,0.154,-0.63,0.625,5.514,4.889,13.472369612895076,,,,,,,,,,,,,,,,,,,,,,,,,,,,,,,,,,,13.472369612895076
132,66,Teoscar Hernandez,LAN| TOR| SEA,160,4,RIGHT,678,625,161,70,26,93,38,7,2,0.258,RF| DH,-0.29,0.515,1.033,-0.423,-0.231,0.604,5.493,4.889,13.421060261812231,,,,,,,,,,,,,,,,,,,,,,,,,,,,,,,,,,,13.421060261812231
133,,,,,,,,,,,,,,,,,,,,,,,,,,,,60,Paul Sewald,CLE| DET| NYN| SEA| ARI,RIGHT,RP,60.66666666666667,0,65,46,23,21,8,24,80,3,2,34,0,0,3.115,1.154,7,0,0.115,-1.453,-1.233,2.385,0.423,0.239,0.361,7.582,13.411282590562362,,13.411282590562362
134,67,Brandon Nimmo,NYN,152,1,LEFT,682,592,162,89,24,68,74,3,3,0.274,CF,0.722,0.292,-0.216,-0.753,0.511,0.556,5.445,4.889,13.303781745051449,,,,,,,,,,,,,,,,,,,,,,,,,,,,,,,,,,,13.303781745051449
135,,,,,,,,,,,,,,,,,,,,,,,,,,,,61,Ryan Pressly,CHN| HOU,RIGHT,RP,65.33333333333333,0,65,54,33,26,8,16,74,4,5,31,0,0,3.582,1.071,1,0,0.015,-1.19,-1.361,2.129,0.197,0.519,0.294,7.515,13.292770860996589,,13.292770860996589
136,,,,,,,,,,,,,,,,,,,,,,,,,,,,62,Jhoan Duran,MIN| PHI,RIGHT,RP,62.33333333333333,0,59,46,25,17,6,25,84,3,6,27,0,0,2.454,1.139,8,1,0.128,-1.453,-1.147,1.789,0.784,0.291,0.263,7.484,13.237937075675111,,13.237937075675111
137,,,,,,,,,,,,,,,,,,,,,,,,,,,,63,Dean Kremer,BAL,RIGHT,SP,172.66666666666669,32,32,171,85,79,27,55,157,13,5,0,0,0,4.118,1.309,9,6,0.052,1.177,0.414,-0.509,-0.266,-0.62,0.196,7.417,13.119425346109342,,13.119425346109342
138,,,,,,,,,,,,,,,,,,,,,,,,,,,,64,Joe Musgrove,PIT| SDN,RIGHT,SP,97.33333333333331,17,17,90,35,33,10,21,97,10,3,0,0,0,3.051,1.14,5,2,0.051,0.388,-0.869,-0.509,0.731,0.447,0.189,7.41,13.107043523617396,,13.107043523617396
139,,,,,,,,,,,,,,,,,,,,,,,,,,,,65,Colin Poche,NYN| WAS| TBA,LEFT,RP,60.66666666666665,0,66,42,17,15,4,24,61,12,3,1,0,0,2.225,1.088,7,1,0.115,0.914,-1.639,-0.424,0.881,0.434,0.166,7.387,13.066360392572433,,13.066360392572433
140,68,Jorge Soler,ANA| KCA| ATL| MIA| SFN,137,2,RIGHT,580,504,126,77,36,75,66,1,0,0.25,DH| RF,0.082,1.634,0.134,-0.918,-0.481,0.452,5.341,4.889,13.04967829206975,,,,,,,,,,,,,,,,,,,,,,,,,,,,,,,,,,,13.04967829206975
141,64,Spencer Torkelson,DET,159,3,RIGHT,684,606,141,88,31,94,67,3,0,0.233,1B,0.668,1.074,1.083,-0.753,-1.385,0.688,5.324,4.636,13.00814215071697,,,,,,,,,,,,,,,,,,,,,,,,,,,,,,,,,,,13.00814215071697
142,,,,,,,,,,,,,,,,,,,,,,,,,,,,66,Kevin Ginkel,ARI,RIGHT,RP,65.33333333333333,0,60,41,24,18,3,23,70,9,1,4,0,0,2.48,0.98,2,1,0.031,0.125,-1.446,-0.168,0.808,0.811,0.129,7.35,13.00091361654357,,13.00091361654357
143,70,James Outman,LAN| MIN,150,7,LEFT,567,483,120,86,23,70,68,16,3,0.248,CF,0.562,0.18,-0.116,0.319,-0.518,0.426,5.315,4.889,12.986152428824326,,,,,,,,,,,,,,,,,,,,,,,,,,,,,,,,,,,12.986152428824326
144,,,,,,,,,,,,,,,,,,,,,,,,,,,,67,Seth Lugo,KCA| NYN| SDN,RIGHT,SP,146.33333333333331,26,26,140,62,58,19,36,140,8,7,0,0,0,3.567,1.203,6,1,0.041,-0.138,0.051,-0.509,0.458,0.229,0.091,7.312,12.933698008730149,,12.933698008730149
145,,,,,,,,,,,,,,,,,,,,,,,,,,,,68,Mike King,SDN| NYA,RIGHT,SP| RP,104.66666666666669,9,49,88,35,32,10,32,127,4,8,6,0,0,2.752,1.147,3,3,0.029,-1.19,-0.227,0.002,1.053,0.45,0.087,7.308,12.926622681591892,,12.926622681591892
146,,,,,,,,,,,,,,,,,,,,,,,,,,,,69,Bryce Elder,ATL,RIGHT,SP,174.66666666666666,31,31,160,79,74,19,63,128,12,4,0,0,0,3.813,1.277,9,1,0.052,0.914,-0.206,-0.509,0.182,-0.354,0.027,7.248,12.820492774518067,,12.820492774518067
147,71,Wander Franco,TBA,112,2,SWITCH,491,442,124,65,17,58,42,30,10,0.281,SS,-0.557,-0.491,-0.716,1.473,0.616,0.325,5.214,4.889,12.739378883140176,,,,,,,,,,,,,,,,,,,,,,,,,,,,,,,,,,,12.739378883140176
148,72,Seiya Suzuki,CHN,137,4,RIGHT,583,515,147,75,20,74,59,6,7,0.285,RF,-0.024,-0.156,0.084,-0.505,0.911,0.31,5.199,4.889,12.70272934665243,,,,,,,,,,,,,,,,,,,,,,,,,,,,,,,,,,,12.70272934665243
149,,,,,,,,,,,,,,,,,,,,,,,,,,,,70,Taijuan Walker,PHI| SEA| TOR| NYN,RIGHT,SP,172.66666666666669,31,31,155,87,84,20,71,138,15,6,0,0,0,4.378,1.309,12,7,0.069,1.703,0.008,-0.509,-0.649,-0.62,-0.067,7.154,12.654222586769077,,12.654222586769077
150,,,,,,,,,,,,,,,,,,,,,,,,,,,,71,Alex Lange,DET,RIGHT,RP,66.0,0,67,43,30,27,6,45,79,7,5,26,0,0,3.682,1.333,7,2,0.106,-0.401,-1.254,1.704,0.142,-0.315,-0.124,7.097,12.553399175048945,,12.553399175048945
151,141,Keibert Ruiz,WAS| LAN,136,5,SWITCH,562,523,136,55,18,67,31,1,1,0.26,CC,-1.089,-0.379,-0.266,-0.918,-0.095,-2.747,5.099,7.846,12.458399103400795,,,,,,,,,,,,,,,,,,,,,,,,,,,,,,,,,,,12.458399103400795
152,73,Jake Burger,TEX| CHA| MIA,141,5,RIGHT,540,492,123,71,34,80,32,1,1,0.25,3B| DH,-0.237,1.41,0.384,-0.918,-0.469,0.17,5.059,4.889,12.360667006100142,,,,,,,,,,,,,,,,,,,,,,,,,,,,,,,,,,,12.360667006100142
153,,,,,,,,,,,,,,,,,,,,,,,,,,,,72,Kyle Finnegan,DET| WAS,RIGHT,RP,69.33333333333334,0,67,66,33,29,11,24,63,7,5,28,0,0,3.764,1.298,15,1,0.216,-0.401,-1.596,1.874,0.101,-0.213,-0.235,6.986,12.357058846962364,,12.357058846962364
154,,,,,,,,,,,,,,,,,,,,,,,,,,,,73,Wade Miley,CIN| CHN| MIL,LEFT,SP,120.33333333333331,23,23,99,44,42,16,38,79,9,4,0,0,0,3.141,1.139,2,3,0.017,0.125,-1.254,-0.509,0.812,0.564,-0.262,6.959,12.309300388779144,,12.309300388779144
155,,,,,,,,,,,,,,,,,,,,,,,,,,,,74,David Robertson,PHI| TBA| CHN| MIA| NYN| TEX,RIGHT,RP,65.33333333333333,0,62,53,28,22,7,25,78,6,6,18,0,0,3.031,1.194,9,0,0.138,-0.664,-1.275,1.023,0.502,0.131,-0.284,6.937,12.270386089518745,,12.270386089518745
156,74,Nolan Jones,CLE| COL,105,5,LEFT,424,367,109,60,20,62,53,20,4,0.297,LF| RF,-0.823,-0.156,-0.516,0.648,0.976,0.13,5.019,4.889,12.262934908799489,,,,,,,,,,,,,,,,,,,,,,,,,,,,,,,,,,,12.262934908799489
157,,,,,,,,,,,,,,,,,,,,,,,,,,,,75,Clay Holmes,NYN| PIT| NYA,RIGHT,RP,63.00000000000001,0,66,51,22,20,2,23,71,4,4,24,0,0,2.857,1.175,2,0,0.032,-1.19,-1.425,1.534,0.577,0.185,-0.32,6.901,12.206708145274446,,12.206708145274446
158,,,,,,,,,,,,,,,,,,,,,,,,,,,,76,Bryan Abreu,HOU,RIGHT,RP,72.00000000000001,0,72,44,17,14,6,31,100,3,2,5,0,0,1.75,1.042,4,2,0.056,-1.453,-0.805,-0.083,1.336,0.676,-0.328,6.893,12.192557490997936,,12.192557490997936
159,,,,,,,,,,,,,,,,,,,,,,,,,,,,77,Tyler Holton,DET| ARI,LEFT,RP,85.33333333333331,1,59,56,21,20,9,18,74,3,2,1,0,0,2.109,0.867,1,0,0.012,-1.453,-1.361,-0.424,1.324,1.525,-0.389,6.832,12.084658752139548,,12.084658752139548
160,,,,,,,,,,,,,,,,,,,,,,,,,,,,78,Hector Neris,ANA| ATL| HOU| PHI| CHN,RIGHT,RP,68.33333333333333,0,71,41,16,13,7,31,77,6,3,2,0,0,1.712,1.054,9,2,0.132,-0.664,-1.297,-0.338,1.29,0.602,-0.407,6.814,12.0528197800174,,12.0528197800174
161,,,,,,,,,,,,,,,,,,,,,,,,,,,,79,Aaron Civale,CHA| CHN| MIL| CLE| TBA,RIGHT,SP,122.33333333333331,23,23,109,47,47,12,33,116,7,5,0,0,0,3.458,1.161,6,2,0.049,-0.401,-0.463,-0.509,0.497,0.441,-0.435,6.7860000000000005,12.003292490049615,,12.003292490049615
162,46,J. D. Martinez,BOS| LAN| NYN,113,5,RIGHT,479,432,117,61,33,103,34,1,0,0.271,DH,-0.77,1.298,1.533,-0.918,0.28,1.423,4.9,3.4770000000000003,11.972181919330046,,,,,,,,,,,,,,,,,,,,,,,,,,,,,,,,,,,11.972181919330046
163,,,,,,,,,,,,,,,,,,,,,,,,,,,,80,Kyle Gibson,BAL| TEX| PHI| SLN,RIGHT,SP,192.0,33,33,198,101,101,23,55,157,15,9,0,0,0,4.734,1.318,7,4,0.036,1.703,0.414,-0.509,-1.302,-0.772,-0.465,6.756,11.950227536512704,,11.950227536512704
164,,,,,,,,,,,,,,,,,,,,,,,,,,,,81,Joel Payamps,ATL| MIL| ARI| KCA| TOR| OAK,RIGHT,RP,70.66666666666667,0,69,57,24,20,8,17,77,7,5,3,0,0,2.547,1.047,6,2,0.085,-0.401,-1.297,-0.253,0.833,0.645,-0.473,6.748,11.936076882236192,,11.936076882236192
165,,,,,,,,,,,,,,,,,,,,,,,,,,,,82,Adbert Alzolay,CHN,RIGHT,RP,64.0,0,58,52,23,19,5,13,67,2,5,22,0,0,2.672,1.016,6,3,0.094,-1.716,-1.511,1.363,0.687,0.682,-0.494,6.727,11.898931414760357,,11.898931414760357
166,,,,,,,,,,,,,,,,,,,,,,,,,,,,83,Matt Brash,SEA,RIGHT,RP,70.66666666666667,0,78,65,26,24,3,29,107,9,4,4,0,0,3.057,1.33,5,0,0.071,0.125,-0.655,-0.168,0.528,-0.327,-0.498,6.723,11.8918560876221,,11.8918560876221
167,75,Jose Altuve,HOU,90,1,RIGHT,410,360,112,76,17,51,44,14,2,0.311,2B,0.029,-0.491,-1.065,0.154,1.348,-0.026,4.863,4.889,11.881779729326942,,,,,,,,,,,,,,,,,,,,,,,,,,,,,,,,,,,11.881779729326942
168,,,,,,,,,,,,,,,,,,,,,,,,,,,,84,Brandon Woodruff,MIL,RIGHT,SP,67.0,11,11,40,17,17,9,15,74,5,1,0,0,0,2.284,0.821,4,2,0.06,-0.927,-1.361,-0.509,0.94,1.348,-0.508,6.713,11.87416776977646,,11.87416776977646
169,76,Chas McCormick,HOU,113,6,RIGHT,457,403,110,59,22,70,40,19,6,0.273,LF| CF| RF,-0.876,0.068,-0.116,0.566,0.327,-0.032,4.857,4.889,11.867119914731845,,,,,,,,,,,,,,,,,,,,,,,,,,,,,,,,,,,11.867119914731845
170,,,,,,,,,,,,,,,,,,,,,,,,,,,,85,Kutter Crawford,BOS,RIGHT,SP| RP,129.33333333333334,23,31,107,59,58,17,36,135,6,8,0,0,0,4.036,1.106,8,2,0.062,-0.664,-0.056,-0.509,-0.11,0.813,-0.526,6.695,11.842328797654314,,11.842328797654314
171,,,,,,,,,,,,,,,,,,,,,,,,,,,,86,Julio Urias,LAN,LEFT,SP,117.33333333333331,21,21,112,61,60,24,24,117,11,8,0,0,0,4.602,1.159,11,6,0.094,0.651,-0.441,-0.509,-0.664,0.433,-0.53,6.691,11.835253470516058,,11.835253470516058
172,150,Elias Diaz,SDN| COL,140,4,RIGHT,526,486,130,48,14,72,34,1,0,0.267,CC,-1.462,-0.827,-0.016,-0.918,0.19,-3.033,4.813000000000001,7.846,11.759614607701126,,,,,,,,,,,,,,,,,,,,,,,,,,,,,,,,,,,11.759614607701126
173,,,,,,,,,,,,,,,,,,,,,,,,,,,,87,Brusdar Graterol,LAN,RIGHT,RP,67.33333333333333,1,68,53,14,9,3,12,48,4,2,7,0,0,1.203,0.965,5,2,0.074,-1.19,-1.917,0.087,1.563,0.882,-0.575,6.646,11.75565604021069,,11.75565604021069
174,,,,,,,,,,,,,,,,,,,,,,,,,,,,88,Pete Fairbanks,TBA,RIGHT,RP,45.333333333333336,0,49,26,14,13,3,20,68,2,4,25,0,0,2.581,1.015,7,0,0.154,-1.716,-1.489,1.619,0.522,0.485,-0.58,6.641,11.74681188128787,,11.74681188128787
175,,,,,,,,,,,,,,,,,,,,,,,,,,,,89,Max Fried,NYA| ATL,LEFT,SP,77.66666666666666,14,14,70,24,22,7,18,80,8,1,0,0,0,2.549,1.133,4,2,0.052,-0.138,-1.233,-0.509,0.914,0.385,-0.58,6.641,11.74681188128787,,11.74681188128787
176,,,,,,,,,,,,,,,,,,,,,,,,,,,,90,Cole Ragans,KCA| TEX,LEFT,SP| RP,96.0,12,29,70,40,37,7,41,113,7,5,0,0,0,3.469,1.156,3,2,0.031,-0.401,-0.527,-0.509,0.381,0.367,-0.689,6.532,11.554009216770424,,11.554009216770424
177,,,,,,,,,,,,,,,,,,,,,,,,,,,,91,Marcus Stroman,NYA| NYN| CHN,RIGHT,SP,136.66666666666669,25,27,120,68,60,9,52,119,10,9,0,0,0,3.951,1.258,17,1,0.124,0.388,-0.399,-0.509,-0.018,-0.156,-0.694,6.527,11.545165057847605,,11.545165057847605
178,,,,,,,,,,,,,,,,,,,,,,,,,,,,92,Mike Clevinger,CHA| CLE| SDN,RIGHT,SP,131.33333333333331,24,24,121,56,55,16,40,110,9,9,0,0,0,3.769,1.226,27,1,0.206,0.125,-0.591,-0.509,0.186,0.058,-0.731,6.49,11.479718281818744,,11.479718281818744
179,77,Andres Gimenez,TOR| NYN| CLE,153,6,LEFT,616,557,140,76,15,62,32,30,6,0.251,2B,0.029,-0.715,-0.516,1.473,-0.474,-0.202,4.687,4.889,11.451758501204068,,,,,,,,,,,,,,,,,,,,,,,,,,,,,,,,,,,11.451758501204068
180,,,,,,,,,,,,,,,,,,,,,,,,,,,,93,Sandy Alcantara,MIA,RIGHT,SP,184.66666666666663,28,28,176,91,85,22,48,151,7,12,0,0,0,4.143,1.213,17,3,0.092,-0.401,0.286,-0.509,-0.324,0.197,-0.751,6.47,11.44434164612747,,11.44434164612747
181,,,,,,,,,,,,,,,,,,,,,,,,,,,,94,Cristian Javier,HOU,RIGHT,SP,161.99999999999997,31,31,143,85,82,25,62,159,10,5,0,0,0,4.556,1.265,22,3,0.136,0.388,0.457,-0.509,-0.852,-0.24,-0.756,6.465,11.435497487204652,,11.435497487204652
182,78,Masataka Yoshida,BOS,140,4,LEFT,580,537,155,71,15,72,34,8,0,0.289,LF| DH,-0.237,-0.715,-0.016,-0.341,1.083,-0.226,4.663,4.889,11.393119242823674,,,,,,,,,,,,,,,,,,,,,,,,,,,,,,,,,,,11.393119242823674
183,,,,,,,,,,,,,,,,,,,,,,,,,,,,95,A. J. Puk,ARI| OAK| MIA,LEFT,RP,56.66666666666667,0,58,54,29,25,10,13,78,7,5,15,0,0,3.971,1.182,8,1,0.141,-0.401,-1.275,0.768,-0.017,0.145,-0.781,6.44,11.39127669259056,,11.39127669259056
184,,,,,,,,,,,,,,,,,,,,,,,,,,,,96,Carlos Estevez,KCA| COL| ANA| PHI,RIGHT,RP,62.33333333333333,0,63,62,34,27,7,31,78,5,5,31,0,0,3.898,1.492,2,0,0.032,-0.927,-1.275,2.129,0.02,-0.778,-0.832,6.389,11.301066271577806,,11.301066271577806
185,,,,,,,,,,,,,,,,,,,,,,,,,,,,97,Bryce Miller,SEA,RIGHT,SP,131.33333333333331,25,25,124,64,63,18,26,119,8,7,0,0,0,4.317,1.142,6,4,0.046,-0.138,-0.399,-0.509,-0.425,0.593,-0.878,6.343,11.219700009487871,,11.219700009487871
186,80,Dansby Swanson,CHN| ATL,147,2,RIGHT,638,565,138,81,22,80,66,9,1,0.244,SS,0.295,0.068,0.384,-0.258,-0.789,-0.3,4.589,4.889,11.212314862817466,,,,,,,,,,,,,,,,,,,,,,,,,,,,,,,,,,,11.212314862817466
187,,,,,,,,,,,,,,,,,,,,,,,,,,,,98,Brayan Bello,BOS,RIGHT,SP,157.0,28,28,165,77,74,24,45,132,12,11,0,0,0,4.242,1.338,9,3,0.057,0.914,-0.121,-0.509,-0.408,-0.783,-0.906,6.315,11.170172719520089,,11.170172719520089
188,,,,,,,,,,,,,,,,,,,,,,,,,,,,99,Hunter Harvey,KCA| BAL| WAS,RIGHT,RP,60.66666666666668,0,57,44,21,19,7,13,67,4,4,10,0,0,2.819,0.94,6,0,0.099,-1.19,-1.511,0.342,0.576,0.871,-0.912,6.309,11.159559728812706,,11.159559728812706
189,,,,,,,,,,,,,,,,,,,,,,,,,,,,100,Andrew Nardi,MIA,LEFT,RP,57.333333333333336,0,63,45,18,17,7,21,73,8,1,3,0,0,2.669,1.151,1,1,0.017,-0.138,-1.382,-0.253,0.617,0.234,-0.923,6.298,11.140102579182503,,11.140102579182503
190,81,J. P. Crawford,SEA,145,1,LEFT,638,534,142,94,19,65,94,2,0,0.266,SS,0.988,-0.268,-0.366,-0.835,0.144,-0.337,4.5520000000000005,4.889,11.12191267281436,,,,,,,,,,,,,,,,,,,,,,,,,,,,,,,,,,,11.12191267281436
191,,,,,,,,,,,,,,,,,,,,,,,,,,,,101,Jon Gray,TEX| COL,RIGHT,SP,157.3333333333333,29,29,149,75,72,22,54,142,9,8,0,0,0,4.119,1.29,12,9,0.076,0.125,0.093,-0.509,-0.244,-0.422,-0.957,6.264,11.079962298507338,,11.079962298507338
192,,,,,,,,,,,,,,,,,,,,,,,,,,,,102,Eury Perez,MIA,RIGHT,SP,91.33333333333334,19,19,72,35,32,15,31,108,5,6,0,0,0,3.153,1.128,11,1,0.12,-0.927,-0.634,-0.509,0.607,0.476,-0.987,6.234,11.026897344970424,,11.026897344970424
193,,,,,,,,,,,,,,,,,,,,,,,,,,,,103,Michael Lorenzen,KCA| CIN| ANA| DET| PHI| TEX,RIGHT,SP| RP,153.0,25,29,138,76,71,20,47,111,9,9,1,0,0,4.176,1.209,2,3,0.013,0.125,-0.57,-0.424,-0.312,0.192,-0.989,6.232,11.023359681401296,,11.023359681401296
194,,,,,,,,,,,,,,,,,,,,,,,,,,,,104,Aroldis Chapman,BOS| NYA| KCA| TEX| PIT,LEFT,RP,58.33333333333333,0,61,37,24,20,4,36,103,6,5,6,0,0,3.086,1.251,15,1,0.257,-0.664,-0.741,0.002,0.421,-0.047,-1.029,6.192,10.952606410018747,,10.952606410018747
195,82,Lourdes Gurriel,ARI| TOR,145,5,RIGHT,592,551,144,65,24,82,33,5,0,0.261,LF| DH,-0.557,0.292,0.484,-0.588,-0.045,-0.415,4.474,4.889,10.931335083078087,,,,,,,,,,,,,,,,,,,,,,,,,,,,,,,,,,,10.931335083078087
196,,,,,,,,,,,,,,,,,,,,,,,,,,,,105,Bryse Wilson,CHA| ATL| PIT| MIL,RIGHT,RP,76.66666666666667,0,53,60,26,22,9,22,61,6,0,3,0,0,2.583,1.07,4,0,0.052,-0.664,-1.639,-0.253,0.881,0.616,-1.059,6.162,10.899541456481836,,10.899541456481836
197,,,,,,,,,,,,,,,,,,,,,,,,,,,,106,Jason Adam,SDN| CHN| TBA,RIGHT,RP,54.33333333333333,0,56,35,21,18,7,20,69,4,2,12,0,0,2.982,1.012,10,2,0.184,-1.19,-1.468,0.512,0.44,0.588,-1.117,6.104,10.796949212977138,,10.796949212977138
198,,,,,,,,,,,,,,,,,,,,,,,,,,,,107,Andrew Heaney,LAN| PIT| ANA| NYA| TEX,LEFT,SP| RP,147.33333333333337,28,34,143,74,68,23,60,151,10,6,0,0,0,4.154,1.378,11,3,0.075,0.388,0.286,-0.509,-0.273,-1.023,-1.13,6.091,10.773954399777809,,10.773954399777809
199,79,Nathaniel Lowe,BOS| WAS| TBA| TEX,161,3,LEFT,724,623,163,89,17,82,93,1,0,0.262,1B,0.722,-0.491,0.484,-0.918,-0.037,-0.241,4.3950000000000005,4.636,10.738314190909296,,,,,,,,,,,,,,,,,,,,,,,,,,,,,,,,,,,10.738314190909296
200,84,Whit Merrifield,KCA| TOR| ATL| PHI,143,6,RIGHT,592,547,149,65,11,67,36,25,10,0.272,2B| LF,-0.557,-1.162,-0.266,1.061,0.42,-0.504,4.385,4.889,10.713881166584132,,,,,,,,,,,,,,,,,,,,,,,,,,,,,,,,,,,10.713881166584132
201,,,,,,,,,,,,,,,,,,,,,,,,,,,,108,Chris Sale,ATL| BOS,LEFT,SP,102.66666666666666,20,20,87,52,49,15,29,125,6,5,0,0,0,4.295,1.13,8,1,0.078,-0.664,-0.27,-0.509,-0.313,0.525,-1.232,5.989,10.593533557752306,,10.593533557752306
202,,,,,,,,,,,,,,,,,,,,,,,,,,,,109,Kirby Yates,LAN| SDN| ATL| TEX,RIGHT,RP,60.33333333333332,0,61,35,22,22,9,37,80,7,2,5,0,0,3.282,1.193,11,3,0.182,-0.401,-1.233,-0.083,0.335,0.122,-1.26,5.961,10.54400626778452,,10.54400626778452
203,,,,,,,,,,,,,,,,,,,,,,,,,,,,110,Kenley Jansen,ANA| LAN| ATL| BOS,RIGHT,RP,44.66666666666667,0,51,40,21,18,5,17,52,3,6,29,0,0,3.627,1.276,13,4,0.291,-1.453,-1.831,1.959,0.117,-0.089,-1.298,5.923,10.476790659971098,,10.476790659971098
204,85,Esteury Ruiz,LAN| MIL| SDN| OAK,128,1,RIGHT,497,449,114,46,5,47,20,65,13,0.254,CF,-1.569,-1.833,-1.265,4.358,-0.294,-0.603,4.2860000000000005,4.889,10.471994225765016,,,,,,,,,,,,,,,,,,,,,,,,,,,,,,,,,,,10.471994225765016
205,,,,,,,,,,,,,,,,,,,,,,,,,,,,111,Griffin Canning,NYN| ANA,RIGHT,SP,127.0,22,24,121,62,61,22,36,139,7,8,0,0,0,4.323,1.236,2,0,0.016,-0.401,0.029,-0.509,-0.417,-0.008,-1.306,5.915,10.462640005694588,,10.462640005694588
206,,,,,,,,,,,,,,,,,,,,,,,,,,,,112,J. P. France,HOU,RIGHT,SP,136.33333333333331,23,24,138,64,58,19,47,101,11,6,0,0,0,3.829,1.357,9,2,0.066,0.651,-0.783,-0.509,0.124,-0.808,-1.326,5.895,10.427263370003311,,10.427263370003311
207,,,,,,,,,,,,,,,,,,,,,,,,,,,,113,Jeff Hoffman,TOR| COL| CIN| PHI,RIGHT,RP,52.33333333333334,0,54,29,16,14,3,19,69,5,2,1,0,0,2.408,0.917,9,1,0.172,-0.927,-1.468,-0.424,0.679,0.808,-1.331,5.890000000000001,10.418419211080495,,10.418419211080495
208,,,,,,,,,,,,,,,,,,,,,,,,,,,,114,Emilio Pagan,CIN| SDN| MIN,RIGHT,RP,69.33333333333334,1,66,45,26,23,5,21,65,5,2,1,0,0,2.986,0.952,2,2,0.029,-0.927,-1.553,-0.424,0.56,0.954,-1.391,5.83,10.312289304006669,,10.312289304006669
209,,,,,,,,,,,,,,,,,,,,,,,,,,,,115,Andrew Abbott,CIN,LEFT,SP,109.33333333333331,21,21,100,47,47,16,44,120,8,6,0,0,0,3.869,1.317,7,4,0.064,-0.138,-0.377,-0.509,0.062,-0.436,-1.398,5.823,10.299907481514724,,10.299907481514724
210,,,,,,,,,,,,,,,,,,,,,,,,,,,,116,Lucas Giolito,BOS| CHA| ANA| CLE,RIGHT,SP,184.33333333333331,33,33,169,110,100,41,73,204,8,15,0,0,0,4.883,1.313,13,6,0.071,-0.138,1.419,-0.509,-1.481,-0.697,-1.407,5.814,10.28398799545365,,10.28398799545365
211,,,,,,,,,,,,,,,,,,,,,,,,,,,,117,Yennier Cano,BAL| MIN,RIGHT,RP,72.66666666666667,0,72,60,19,17,4,13,65,1,4,8,0,0,2.106,1.005,7,1,0.096,-1.979,-1.553,0.172,1.129,0.814,-1.417,5.804,10.266299677608012,,10.266299677608012
212,,,,,,,,,,,,,,,,,,,,,,,,,,,,118,Nick Martinez,CIN| SDN,RIGHT,SP| RP,110.33333333333331,9,63,99,45,42,12,40,106,6,4,1,0,0,3.426,1.26,12,1,0.109,-0.664,-0.677,-0.424,0.478,-0.133,-1.42,5.801,10.26099318225432,,10.26099318225432
213,83,Carlos Santana,CHN| CLE| KCA| SEA| MIL| PIT| MIN,146,4,SWITCH,619,550,132,78,23,86,65,6,0,0.24,1B,0.136,0.18,0.683,-0.505,-0.947,-0.454,4.182,4.636,10.217890772783315,,,,,,,,,,,,,,,,,,,,,,,,,,,,,,,,,,,10.217890772783315
214,,,,,,,,,,,,,,,,,,,,,,,,,,,,119,Lucas Sims,WAS| CIN| BOS,RIGHT,RP,61.00000000000001,0,67,33,23,21,5,39,72,7,3,3,0,0,3.098,1.18,5,2,0.082,-0.401,-1.404,-0.253,0.434,0.162,-1.462,5.759,10.186702247302645,,10.186702247302645
215,87,Jeimer Candelario,CIN| DET| CHN| WAS,140,3,SWITCH,576,505,127,77,22,70,53,8,1,0.251,3B| 1B,0.082,0.068,-0.116,-0.341,-0.424,-0.73,4.159000000000001,4.889,10.161694816835444,,,,,,,,,,,,,,,,,,,,,,,,,,,,,,,,,,,10.161694816835444
216,,,,,,,,,,,,,,,,,,,,,,,,,,,,120,Hunter Brown,HOU,RIGHT,SP,155.66666666666669,29,31,157,94,88,26,55,178,11,13,0,0,0,5.088,1.362,16,7,0.103,0.651,0.863,-0.509,-1.522,-0.96,-1.477,5.744,10.160169770534186,,10.160169770534186
217,88,Brandon Drury,TOR| NYN| CIN| SDN| ANA,125,3,RIGHT,523,485,127,61,26,83,25,0,2,0.262,1B| 2B,-0.77,0.515,0.534,-1.0,-0.021,-0.742,4.147,4.889,10.132375187645245,,,,,,,,,,,,,,,,,,,,,,,,,,,,,,,,,,,10.132375187645245
218,,,,,,,,,,,,,,,,,,,,,,,,,,,,121,Javier Assad,CHN,RIGHT,SP| RP,109.33333333333331,10,32,93,38,37,13,41,94,5,3,0,0,0,3.046,1.226,8,3,0.073,-0.927,-0.933,-0.509,0.827,0.05,-1.493,5.728,10.131868461981163,,10.131868461981163
219,90,Josh Jung,TEX,122,5,RIGHT,515,478,127,75,23,70,30,1,3,0.266,3B,-0.024,0.18,-0.116,-0.918,0.121,-0.757,4.132000000000001,4.889,10.0957256511575,,,,,,,,,,,,,,,,,,,,,,,,,,,,,,,,,,,10.0957256511575
220,,,,,,,,,,,,,,,,,,,,,,,,,,,,122,Cristopher Sanchez,PHI,LEFT,SP,99.33333333333331,18,19,88,44,38,16,16,96,3,5,0,0,0,3.443,1.047,7,2,0.07,-1.453,-0.89,-0.509,0.416,0.908,-1.529,5.692,10.068190517736872,,10.068190517736872
221,,,,,,,,,,,,,,,,,,,,,,,,,,,,123,Kenta Maeda,DET| MIN,RIGHT,SP,104.33333333333331,20,21,94,50,49,17,28,117,6,8,0,0,0,4.227,1.169,13,1,0.125,-0.664,-0.441,-0.509,-0.258,0.333,-1.539,5.682,10.050502199891234,,10.050502199891234
222,,,,,,,,,,,,,,,,,,,,,,,,,,,,124,Sean Manaea,NYN| OAK| SDN| SFN,LEFT,SP| RP,117.66666666666669,10,37,104,68,58,14,42,128,7,6,1,0,0,4.436,1.241,8,2,0.068,-0.401,-0.206,-0.424,-0.5,-0.033,-1.564,5.657,10.00628140527714,,10.00628140527714
223,169,Francisco Alvarez,NYN,120,9,RIGHT,423,382,80,51,25,63,34,2,0,0.209,CC,-1.302,0.403,-0.466,-0.835,-1.556,-3.755,4.091,7.846,9.99555025142433,,,,,,,,,,,,,,,,,,,,,,,,,,,,,,,,,,,9.99555025142433
224,91,Steven Kwan,CLE,157,1,LEFT,718,638,171,93,5,54,70,21,3,0.268,LF,0.935,-1.833,-0.915,0.731,0.275,-0.808,4.081,4.889,9.971117227099167,,,,,,,,,,,,,,,,,,,,,,,,,,,,,,,,,,,9.971117227099167
225,,,,,,,,,,,,,,,,,,,,,,,,,,,,125,Alex Cobb,BAL| ANA| SFN| CLE,RIGHT,SP,151.33333333333331,28,28,163,69,65,19,37,131,7,7,0,0,0,3.866,1.322,13,3,0.086,-0.401,-0.142,-0.509,0.09,-0.637,-1.598,5.623,9.946141124601972,,9.946141124601972
226,,,,,,,,,,,,,,,,,,,,,,,,,,,,126,Chris Martin,TEX| ATL| CHN| LAN| BOS,RIGHT,RP,51.33333333333333,0,55,45,6,6,2,8,46,4,1,3,0,0,1.052,1.032,4,0,0.078,-1.19,-1.96,-0.253,1.257,0.505,-1.641,5.58,9.87008135786573,,9.87008135786573
227,,,,,,,,,,,,,,,,,,,,,,,,,,,,128,Reese Olson,DET,RIGHT,SP| RP,103.66666666666669,18,21,83,49,46,14,33,103,5,7,0,0,0,3.994,1.119,4,3,0.039,-0.927,-0.741,-0.509,-0.051,0.585,-1.643,5.578,9.866543694296604,,9.866543694296604
228,,,,,,,,,,,,,,,,,,,,,,,,,,,,127,Ian Gibaut,CIN| TEX| MIN| CLE,RIGHT,RP,75.66666666666666,0,74,69,33,28,8,28,69,8,4,3,0,0,3.33,1.282,10,6,0.132,-0.138,-1.468,-0.253,0.389,-0.173,-1.643,5.578,9.866543694296604,,9.866543694296604
229,173,Mitch Garver,SEA| MIN| TEX,87,7,RIGHT,344,296,80,45,19,50,44,0,0,0.27,CC| DH,-1.622,-0.268,-1.115,-1.0,0.179,-3.826,4.02,7.846,9.822075778715668,,,,,,,,,,,,,,,,,,,,,,,,,,,,,,,,,,,9.822075778715668
230,,,,,,,,,,,,,,,,,,,,,,,,,,,,129,Shane Bieber,TOR| CLE,RIGHT,SP,128.0,21,21,124,56,54,14,34,107,6,6,0,0,0,3.797,1.234,11,5,0.086,-0.664,-0.655,-0.509,0.151,0.004,-1.673,5.548,9.813478740759692,,9.813478740759692
231,,,,,,,,,,,,,,,,,,,,,,,,,,,,130,Domingo German,NYA| PIT,RIGHT,SP,108.66666666666666,19,20,83,61,55,20,34,114,5,7,0,0,0,4.555,1.077,12,2,0.11,-0.927,-0.505,-0.509,-0.571,0.836,-1.677,5.5440000000000005,9.806403413621435,,9.806403413621435
232,,,,,,,,,,,,,,,,,,,,,,,,,,,,131,Erik Swanson,TOR| SEA,RIGHT,RP,66.66666666666669,0,69,52,22,22,8,21,75,4,2,4,0,0,2.97,1.095,8,1,0.12,-1.19,-1.339,-0.168,0.547,0.454,-1.698,5.523,9.769257946145595,,9.769257946145595
233,,,,,,,,,,,,,,,,,,,,,,,,,,,,133,Kyle Hendricks,ANA| CHN,RIGHT,SP,137.0,24,24,138,68,57,13,27,93,6,8,0,0,0,3.744,1.204,23,2,0.168,-0.664,-0.955,-0.509,0.223,0.204,-1.701,5.52,9.763951450791906,,9.763951450791906
234,,,,,,,,,,,,,,,,,,,,,,,,,,,,132,Johan Oviedo,PIT| SLN,RIGHT,SP,177.66666666666663,32,32,161,91,85,19,83,158,9,14,0,0,0,4.306,1.373,9,3,0.051,0.125,0.435,-0.509,-0.558,-1.195,-1.701,5.52,9.763951450791906,,9.763951450791906
235,,,,,,,,,,,,,,,,,,,,,,,,,,,,134,Yu Darvish,SDN| CHN,RIGHT,SP,136.33333333333331,24,24,134,71,69,18,43,141,8,10,0,0,0,4.555,1.298,17,4,0.125,-0.138,0.072,-0.509,-0.717,-0.419,-1.711,5.51,9.746263132946268,,9.746263132946268
236,,,,,,,,,,,,,,,,,,,,,,,,,,,,135,Justin Topa,MIN| MIL| SEA,RIGHT,RP,69.0,0,75,61,26,20,4,18,61,5,4,3,0,0,2.609,1.145,6,3,0.087,-0.927,-1.639,-0.253,0.778,0.302,-1.74,5.481,9.69496701119392,,9.69496701119392
237,,,,,,,,,,,,,,,,,,,,,,,,,,,,136,Andres Munoz,SEA,RIGHT,RP,49.0,0,52,40,20,16,2,22,67,4,7,13,0,0,2.939,1.265,8,2,0.163,-1.19,-1.511,0.598,0.415,-0.072,-1.761,5.46,9.65782154371808,,9.65782154371808
238,,,,,,,,,,,,,,,,,,,,,,,,,,,,137,Dylan Cease,SDN| CHA,RIGHT,SP,177.0,33,33,172,98,90,19,79,214,7,9,0,0,0,4.576,1.418,13,2,0.073,-0.401,1.633,-0.509,-0.962,-1.575,-1.814,5.407,9.564073459136202,,9.564073459136202
239,93,Austin Hays,CIN| BAL| PHI,142,5,RIGHT,566,520,143,75,16,67,38,5,1,0.275,LF,-0.024,-0.603,-0.266,-0.588,0.503,-0.978,3.911000000000001,4.889,9.55575581357139,,,,,,,,,,,,,,,,,,,,,,,,,,,,,,,,,,,9.55575581357139
240,,,,,,,,,,,,,,,,,,,,,,,,,,,,138,Michael Tonkin,MIN| ATL| NYA| NYN,RIGHT,RP,79.99999999999999,0,45,64,41,38,13,23,75,7,3,1,0,0,4.275,1.087,7,0,0.088,-0.401,-1.339,-0.424,-0.23,0.573,-1.821,5.4,9.551691636644255,,9.551691636644255
241,,,,,,,,,,,,,,,,,,,,,,,,,,,,139,Ryan Helsley,NYN| SLN,RIGHT,RP,36.66666666666666,0,33,22,11,10,1,17,52,3,4,14,0,0,2.454,1.064,2,1,0.055,-1.453,-1.831,0.683,0.461,0.305,-1.835,5.386,9.526927991660363,,9.526927991660363
242,96,Ezequiel Tovar,COL,152,2,RIGHT,615,581,147,79,15,73,25,11,5,0.253,SS,0.189,-0.715,0.034,-0.093,-0.42,-1.005,3.884,4.889,9.48978664789345,,,,,,,,,,,,,,,,,,,,,,,,,,,,,,,,,,,9.48978664789345
243,,,,,,,,,,,,,,,,,,,,,,,,,,,,140,Will Smith,ATL| HOU| TEX| KCA,LEFT,RP,57.33333333333332,0,60,44,31,28,5,17,55,2,7,22,0,0,4.395,1.064,7,2,0.122,-1.716,-1.767,1.363,-0.224,0.477,-1.867,5.354,9.470325374554324,,9.470325374554324
244,,,,,,,,,,,,,,,,,,,,,,,,,,,,141,Jhony Brito,NYA| SDN,RIGHT,SP| RP,90.33333333333331,13,25,82,47,43,14,28,72,9,7,1,0,0,4.284,1.218,7,3,0.077,0.125,-1.404,-0.424,-0.267,0.076,-1.894,5.327,9.4225669163711,,9.4225669163711
245,,,,,,,,,,,,,,,,,,,,,,,,,,,,142,Robert Stephenson,ANA| CIN| COL| PIT| TBA,RIGHT,RP,52.333333333333336,0,60,30,20,18,8,16,77,3,4,1,0,0,3.095,0.879,1,1,0.019,-1.453,-1.297,-0.424,0.373,0.905,-1.895,5.3260000000000005,9.42079808458654,,9.42079808458654
246,,,,,,,,,,,,,,,,,,,,,,,,,,,,143,Kevin Kelly,TBA,RIGHT,RP,67.00000000000001,0,57,53,27,23,2,15,56,5,2,1,0,0,3.09,1.015,7,2,0.104,-0.927,-1.746,-0.424,0.482,0.717,-1.899,5.322,9.413722757448284,,9.413722757448284
247,,,,,,,,,,,,,,,,,,,,,,,,,,,,144,Hoby Milner,TEX| ANA| MIL,LEFT,RP,64.33333333333334,0,73,49,16,13,5,13,59,2,1,0,0,0,1.819,0.964,0,1,0.0,-1.716,-1.682,-0.509,1.157,0.848,-1.902,5.319,9.408416262094592,,9.408416262094592
248,,,,,,,,,,,,,,,,,,,,,,,,,,,,145,Mike Baumann,BAL| ANA| MIA| SEA| SFN,RIGHT,RP,64.66666666666667,0,60,52,29,27,7,33,61,10,1,0,0,0,3.758,1.314,10,1,0.155,0.388,-1.639,-0.509,0.098,-0.25,-1.912,5.309,9.390727944248956,,9.390727944248956
249,,,,,,,,,,,,,,,,,,,,,,,,,,,,146,Clarke Schmidt,NYA,RIGHT,SP,159.0,32,33,169,91,82,24,46,149,9,9,0,0,0,4.641,1.352,8,3,0.05,0.125,0.243,-0.509,-0.953,-0.906,-1.999,5.222,9.236839578991908,,9.236839578991908
250,,,,,,,,,,,,,,,,,,,,,,,,,,,,147,Jameson Taillon,CHN| NYA,RIGHT,SP,154.33333333333337,29,30,156,96,83,27,41,140,8,10,1,0,0,4.84,1.276,13,3,0.084,-0.138,0.051,-0.424,-1.185,-0.311,-2.007,5.214,9.2226889247154,,9.2226889247154
251,,,,,,,,,,,,,,,,,,,,,,,,,,,,148,Julian Merryweather,CHN| TOR,RIGHT,RP,72.0,0,69,58,28,27,8,36,98,5,1,2,0,0,3.375,1.306,6,4,0.083,-0.927,-0.848,-0.338,0.343,-0.247,-2.017,5.204000000000001,9.205000606869762,,9.205000606869762
252,,,,,,,,,,,,,,,,,,,,,,,,,,,,149,Trevor May,MIN| NYN| OAK,RIGHT,RP,46.66666666666667,0,49,35,21,17,4,29,40,4,4,21,0,0,3.279,1.371,6,2,0.129,-1.19,-2.088,1.278,0.261,-0.309,-2.049,5.172000000000001,9.148397989763724,,9.148397989763724
253,,,,,,,,,,,,,,,,,,,,,,,,,,,,150,A. J. Minter,NYN| ATL,LEFT,RP,64.66666666666666,0,70,56,28,27,6,21,82,3,6,10,0,0,3.758,1.191,15,4,0.232,-1.453,-1.19,0.342,0.098,0.139,-2.064,5.157,9.121865512995264,,9.121865512995264
254,,,,,,,,,,,,,,,,,,,,,,,,,,,,151,Kendall Graveman,ARI| SEA| HOU| CHA,RIGHT,RP,66.33333333333333,0,68,51,27,23,9,36,66,5,6,8,0,0,3.121,1.312,5,1,0.075,-0.927,-1.532,0.172,0.459,-0.247,-2.075,5.146,9.102408363365065,,9.102408363365065
255,,,,,,,,,,,,,,,,,,,,,,,,,,,,152,JP Sears,ATH| SDN| NYA| OAK,LEFT,SP,172.33333333333334,32,32,165,90,87,34,53,161,5,14,0,0,0,4.543,1.265,15,8,0.087,-0.927,0.5,-0.509,-0.889,-0.251,-2.077,5.144,9.098870699795937,,9.098870699795937
256,,,,,,,,,,,,,,,,,,,,,,,,,,,,153,Phil Maton,SLN| TEX| CLE| HOU| NYN| TBA,RIGHT,RP,66.0,0,68,49,27,22,6,25,74,4,3,1,0,0,3.0,1.121,3,1,0.045,-1.19,-1.361,-0.424,0.525,0.365,-2.085,5.136,9.084720045519424,,9.084720045519424
257,,,,,,,,,,,,,,,,,,,,,,,,,,,,154,Griffin Jax,MIN| TBA,RIGHT,RP,65.33333333333333,0,71,58,30,28,5,19,68,6,10,4,0,0,3.857,1.179,9,0,0.138,-0.664,-1.489,-0.168,0.044,0.179,-2.099,5.122,9.059956400535532,,9.059956400535532
258,,,,,,,,,,,,,,,,,,,,,,,,,,,,155,Jason Foley,DET,RIGHT,RP,68.99999999999999,0,70,65,21,20,2,15,55,3,3,7,0,0,2.609,1.159,3,2,0.043,-1.453,-1.767,0.087,0.778,0.253,-2.102,5.119,9.054649905181842,,9.054649905181842
259,,,,,,,,,,,,,,,,,,,,,,,,,,,,156,Colin Rea,CHN| MIL,RIGHT,SP| RP,124.66666666666669,22,26,110,65,63,23,38,110,6,6,0,0,0,4.548,1.187,17,2,0.136,-0.664,-0.591,-0.509,-0.648,0.29,-2.122,5.099,9.019273269490569,,9.019273269490569
260,97,Max Kepler,PHI| MIN,128,4,LEFT,491,438,114,72,24,66,45,1,1,0.26,RF,-0.184,0.292,-0.316,-0.918,-0.072,-1.198,3.691,4.889,9.018229278417795,,,,,,,,,,,,,,,,,,,,,,,,,,,,,,,,,,,9.018229278417795
261,,,,,,,,,,,,,,,,,,,,,,,,,,,,157,Grayson Rodriguez,BAL,RIGHT,SP,122.0,23,23,121,62,59,16,42,129,7,4,0,0,0,4.353,1.336,4,2,0.033,-0.401,-0.185,-0.509,-0.431,-0.599,-2.125,5.096,9.013966774136875,,9.013966774136875
262,,,,,,,,,,,,,,,,,,,,,,,,,,,,158,Dauri Moreta,PIT| CIN,RIGHT,RP,58.0,0,55,39,26,24,4,24,76,5,2,1,0,0,3.724,1.086,6,0,0.103,-0.927,-1.318,-0.424,0.104,0.419,-2.145,5.0760000000000005,8.978590138445602,,8.978590138445602
263,98,Brent Rooker,ATH| MIN| KCA| SDN| OAK,137,3,RIGHT,526,463,114,61,30,69,49,4,0,0.246,DH| LF| RF,-0.77,0.963,-0.166,-0.67,-0.576,-1.219,3.67,4.889,8.966919927334953,,,,,,,,,,,,,,,,,,,,,,,,,,,,,,,,,,,8.966919927334953
264,,,,,,,,,,,,,,,,,,,,,,,,,,,,159,Logan Allen,CLE,LEFT,SP,125.33333333333334,24,24,127,55,53,16,48,119,7,8,0,0,0,3.806,1.396,0,5,0.0,-0.401,-0.399,-0.509,0.139,-0.982,-2.152,5.069,8.966208315953654,,8.966208315953654
265,,,,,,,,,,,,,,,,,,,,,,,,,,,,160,Danny Coulombe,MIN| TEX| BAL,LEFT,RP,51.333333333333336,0,61,45,17,16,4,12,58,5,3,2,0,0,2.805,1.11,11,2,0.214,-0.927,-1.703,-0.338,0.493,0.311,-2.165,5.056,8.943213502754325,,8.943213502754325
266,,,,,,,,,,,,,,,,,,,,,,,,,,,,161,Jordan Hicks,BOS| SFN| SLN| TOR,RIGHT,RP,65.66666666666667,0,65,57,30,24,4,32,81,3,9,12,0,0,3.289,1.355,2,2,0.03,-1.453,-1.211,0.512,0.361,-0.384,-2.175,5.046,8.925525184908688,,8.925525184908688
267,185,Yan Gomes,WAS| OAK| CHN,115,8,RIGHT,419,382,102,44,10,63,21,1,0,0.267,CC,-1.675,-1.274,-0.466,-0.918,0.135,-4.197,3.649,7.846,8.915610576252108,,,,,,,,,,,,,,,,,,,,,,,,,,,,,,,,,,,8.915610576252108
268,99,Leody Taveras,SEA| TEX,143,9,SWITCH,554,511,136,67,14,67,35,14,4,0.266,CF,-0.45,-0.827,-0.266,0.154,0.147,-1.242,3.647,4.889,8.910723971387077,,,,,,,,,,,,,,,,,,,,,,,,,,,,,,,,,,,8.910723971387077
269,,,,,,,,,,,,,,,,,,,,,,,,,,,,162,Josiah Gray,LAN| WAS,RIGHT,SP,159.00000000000003,30,30,152,72,69,22,80,143,8,13,0,0,0,3.906,1.459,21,4,0.132,-0.138,0.115,-0.509,0.041,-1.732,-2.223,4.998,8.840621259249628,,8.840621259249628
270,,,,,,,,,,,,,,,,,,,,,,,,,,,,163,Miguel Castro,CHA| BAL| NYN| NYA| ARI,RIGHT,RP,64.66666666666666,0,75,51,32,31,8,25,60,6,6,7,0,0,4.314,1.175,8,0,0.124,-0.664,-1.66,0.087,-0.208,0.188,-2.258,4.963,8.778712146789896,,8.778712146789896
271,102,Nolan Gorman,SLN,118,3,LEFT,464,406,96,59,27,76,53,7,2,0.236,2B| DH,-0.876,0.627,0.184,-0.423,-0.81,-1.298,3.591,4.889,8.773899035166162,,,,,,,,,,,,,,,,,,,,,,,,,,,,,,,,,,,8.773899035166162
272,104,Ryan McMahon,COL| NYA,148,3,LEFT,627,555,133,79,23,70,68,5,5,0.24,3B| 2B,0.189,0.18,-0.116,-0.588,-0.971,-1.306,3.583,4.889,8.754352615706031,,,,,,,,,,,,,,,,,,,,,,,,,,,,,,,,,,,8.754352615706031
273,,,,,,,,,,,,,,,,,,,,,,,,,,,,164,Nick Sandlin,TOR| CLE,RIGHT,RP,59.99999999999998,0,61,38,28,25,12,24,66,5,5,0,0,0,3.75,1.033,7,3,0.117,-0.927,-1.532,-0.509,0.095,0.588,-2.285,4.936,8.730953688606675,,8.730953688606675
274,,,,,,,,,,,,,,,,,,,,,,,,,,,,165,Matt Moore,PHI| TEX| ANA| CLE| MIA,LEFT,RP,52.66666666666667,0,50,46,16,15,7,15,60,5,1,0,0,0,2.563,1.158,5,0,0.095,-0.927,-1.66,-0.509,0.614,0.197,-2.286,4.9350000000000005,8.729184856822112,,8.729184856822112
275,,,,,,,,,,,,,,,,,,,,,,,,,,,,166,MacKenzie Gore,WAS| SDN,LEFT,SP,136.33333333333331,27,27,134,71,67,27,57,151,7,10,0,0,0,4.423,1.401,10,3,0.073,-0.401,0.286,-0.509,-0.564,-1.1,-2.288,4.933,8.725647193252984,,8.725647193252984
276,,,,,,,,,,,,,,,,,,,,,,,,,,,,167,Justin Lawrence,PIT| COL,RIGHT,RP,74.99999999999999,0,69,65,37,31,5,36,78,4,7,11,0,0,3.72,1.347,8,0,0.107,-1.19,-1.275,0.427,0.138,-0.407,-2.308,4.913,8.69027055756171,,8.69027055756171
277,,,,,,,,,,,,,,,,,,,,,,,,,,,,168,Shawn Armstrong,TEX| BAL| TBA| MIA| CHN| SLN,RIGHT,SP| RP,51.99999999999999,6,39,36,12,8,2,11,54,1,0,0,0,0,1.385,0.904,1,0,0.019,-1.979,-1.789,-0.509,1.127,0.837,-2.313,4.908,8.681426398638889,,8.681426398638889
278,105,Matt McLain,CIN,88,2,RIGHT,403,365,106,65,16,50,31,14,5,0.29,SS| 2B,-0.557,-0.603,-1.115,0.154,0.786,-1.336,3.553,4.889,8.68105354273054,,,,,,,,,,,,,,,,,,,,,,,,,,,,,,,,,,,8.68105354273054
279,,,,,,,,,,,,,,,,,,,,,,,,,,,,169,Tyler Rogers,NYN| SFN,RIGHT,RP,74.00000000000001,0,68,66,27,25,7,19,60,4,5,2,0,0,3.041,1.149,5,1,0.068,-1.19,-1.66,-0.338,0.563,0.311,-2.316,4.905,8.6761199032852,,8.6761199032852
280,,,,,,,,,,,,,,,,,,,,,,,,,,,,170,Matt Manning,DET,RIGHT,SP,78.0,15,15,60,37,31,11,21,50,5,4,0,0,0,3.577,1.038,0,2,0.0,-0.927,-1.874,-0.509,0.238,0.745,-2.327,4.894,8.656662753654999,,8.656662753654999
281,106,Eugenio Suarez,ARI| SEA| CIN,162,3,RIGHT,694,598,139,68,22,96,70,2,1,0.232,3B,-0.397,0.068,1.183,-0.835,-1.377,-1.358,3.531,4.889,8.627300889215181,,,,,,,,,,,,,,,,,,,,,,,,,,,,,,,,,,,8.627300889215181
282,,,,,,,,,,,,,,,,,,,,,,,,,,,,171,Trevor Stephan,CLE,RIGHT,RP,68.66666666666667,0,71,63,35,31,6,26,75,7,7,2,0,0,4.063,1.296,13,1,0.189,-0.401,-1.339,-0.338,-0.074,-0.204,-2.357,4.864,8.603597800118084,,8.603597800118084
283,107,Jack Suwinski,PIT,141,4,LEFT,534,447,100,62,26,74,75,13,2,0.224,CF| RF,-0.716,0.515,0.084,0.072,-1.329,-1.375,3.514,4.889,8.585764747862404,,,,,,,,,,,,,,,,,,,,,,,,,,,,,,,,,,,8.585764747862404
284,,,,,,,,,,,,,,,,,,,,,,,,,,,,172,Reynaldo Lopez,ATL| CHA| ANA| CLE,RIGHT,RP,66.0,0,68,50,25,24,8,34,83,3,7,6,0,0,3.273,1.273,7,1,0.106,-1.453,-1.168,0.002,0.372,-0.121,-2.369,4.852,8.58237181870332,,8.58237181870332
285,,,,,,,,,,,,,,,,,,,,,,,,,,,,173,Drew Smyly,SFN| ATL| CHN,LEFT,SP| RP,142.33333333333337,23,41,147,89,79,26,56,141,11,11,0,0,0,4.995,1.426,15,5,0.105,0.651,0.072,-0.509,-1.28,-1.323,-2.389,4.832000000000001,8.546995183012047,,8.546995183012047
286,109,Jonathan India,KCA| CIN,119,1,RIGHT,529,454,111,78,17,61,52,14,2,0.244,2B,0.136,-0.491,-0.566,0.154,-0.625,-1.392,3.4970000000000003,4.889,8.544228606509627,,,,,,,,,,,,,,,,,,,,,,,,,,,,,,,,,,,8.544228606509627
287,108,Tommy Pham,PIT| SDN| BOS| CIN| ARI| NYN| CHA| KCA| SLN,125,3,RIGHT,481,426,109,55,16,68,47,21,3,0.256,DH| LF,-1.089,-0.603,-0.216,0.731,-0.214,-1.392,3.4970000000000003,4.889,8.544228606509627,,,,,,,,,,,,,,,,,,,,,,,,,,,,,,,,,,,8.544228606509627
288,,,,,,,,,,,,,,,,,,,,,,,,,,,,174,Ryan Yarbrough,NYA| TBA| KCA| LAN| TOR,LEFT,SP| RP,89.66666666666669,9,25,96,45,45,13,14,67,8,7,2,0,0,4.517,1.227,8,5,0.089,-0.138,-1.511,-0.338,-0.442,0.036,-2.394,4.827,8.538151024089226,,8.538151024089226
289,,,,,,,,,,,,,,,,,,,,,,,,,,,,175,Enyel De Los Santos,ATL| HOU| PHI| PIT| CLE| CHA| NYA| SDN,RIGHT,RP,65.66666666666669,0,70,50,26,24,4,25,62,5,2,0,0,0,3.289,1.142,5,1,0.076,-0.927,-1.617,-0.509,0.361,0.296,-2.397,4.824,8.532844528735534,,8.532844528735534
290,,,,,,,,,,,,,,,,,,,,,,,,,,,,176,Lance Lynn,TEX| CHA| LAN| SLN,RIGHT,SP,183.66666666666669,32,32,189,127,117,44,67,191,13,11,0,0,0,5.733,1.394,7,3,0.038,1.177,1.141,-0.509,-2.803,-1.418,-2.411,4.8100000000000005,8.508080883751644,,8.508080883751644
291,191,Shea Langeliers,ATH| OAK,131,7,RIGHT,490,448,92,52,22,63,34,3,2,0.205,CC,-1.249,0.068,-0.466,-0.753,-1.964,-4.364,3.482,7.846,8.507579070021881,,,,,,,,,,,,,,,,,,,,,,,,,,,,,,,,,,,8.507579070021881
292,192,Tyler Stephenson,CIN,135,4,RIGHT,517,465,113,58,13,56,47,0,1,0.243,CC| DH,-0.929,-0.939,-0.815,-1.0,-0.693,-4.377,3.4690000000000003,7.846,8.47581613839917,,,,,,,,,,,,,,,,,,,,,,,,,,,,,,,,,,,8.47581613839917
293,,,,,,,,,,,,,,,,,,,,,,,,,,,,177,Caleb Ferguson,PIT| SEA| LAN| HOU| NYA,LEFT,SP| RP,60.33333333333333,7,68,64,30,23,4,23,70,7,4,3,0,0,3.431,1.442,4,1,0.066,-0.401,-1.446,-0.253,0.259,-0.607,-2.449,4.772,8.44086527593822,,8.44086527593822
294,,,,,,,,,,,,,,,,,,,,,,,,,,,,178,Ryan Brasier,CHN| BOS| LAN,RIGHT,RP,59.66666666666666,0,59,42,24,20,3,19,56,3,0,2,0,0,3.017,1.022,8,1,0.134,-1.453,-1.746,-0.338,0.466,0.617,-2.455,4.766,8.430252285230837,,8.430252285230837
295,,,,,,,,,,,,,,,,,,,,,,,,,,,,179,Shelby Miller,ARI| MIL| CHN| PIT| SFN| LAN| DET,RIGHT,RP,42.0,1,36,19,8,8,3,19,42,3,0,1,0,0,1.714,0.905,8,1,0.19,-1.453,-2.045,-0.424,0.792,0.674,-2.456,4.765000000000001,8.428483453446274,,8.428483453446274
296,110,Thairo Estrada,COL| NYA| SFN,119,2,RIGHT,530,495,134,63,14,49,22,23,7,0.271,2B| SS,-0.663,-0.827,-1.165,0.896,0.316,-1.444,3.4450000000000003,4.889,8.417176880018777,,,,,,,,,,,,,,,,,,,,,,,,,,,,,,,,,,,8.417176880018777
297,,,,,,,,,,,,,,,,,,,,,,,,,,,,180,Ryan Borucki,PIT| TOR| SEA,LEFT,RP,40.33333333333333,2,38,26,11,11,4,4,33,4,0,0,0,0,2.454,0.744,4,1,0.099,-1.19,-2.238,-0.509,0.507,0.963,-2.466,4.755,8.410795135600637,,8.410795135600637
298,193,Ryan Jeffers,MIN,90,8,RIGHT,335,286,79,44,14,43,33,3,2,0.276,CC,-1.675,-0.827,-1.465,-0.753,0.304,-4.416,3.43,7.846,8.38052734353103,,,,,,,,,,,,,,,,,,,,,,,,,,,,,,,,,,,8.38052734353103
299,,,,,,,,,,,,,,,,,,,,,,,,,,,,181,James Paxton,NYA| SEA| BOS| LAN,LEFT,SP,96.0,19,19,93,51,48,18,33,101,7,5,0,0,0,4.5,1.312,4,0,0.042,-0.401,-0.783,-0.509,-0.46,-0.362,-2.515,4.706,8.324122378157012,,8.324122378157012
300,,,,,,,,,,,,,,,,,,,,,,,,,,,,182,Taylor Rogers,CHN| CIN| MIN| MIL| SDN| SFN,LEFT,RP,51.66666666666668,0,60,39,27,22,6,25,64,6,4,2,0,0,3.832,1.239,6,1,0.116,-0.664,-1.575,-0.338,0.046,-0.009,-2.541,4.68,8.278132751758355,,8.278132751758355
301,,,,,,,,,,,,,,,,,,,,,,,,,,,,183,Tim Mayza,PHI| PIT| TOR| NYA,LEFT,RP,53.33333333333333,0,69,50,10,9,2,15,53,3,1,1,0,0,1.519,1.219,3,1,0.056,-1.453,-1.81,-0.424,1.095,0.042,-2.55,4.671,8.262213265697282,,8.262213265697282
302,,,,,,,,,,,,,,,,,,,,,,,,,,,,184,Jose Alvarado,PHI| TBA,LEFT,RP,41.33333333333333,0,42,30,15,8,3,18,64,0,2,10,0,0,1.742,1.161,3,1,0.073,-2.242,-1.575,0.342,0.77,0.148,-2.557,4.664,8.249831443205334,,8.249831443205334
303,,,,,,,,,,,,,,,,,,,,,,,,,,,,185,Adrian Houser,CHA| TBA| MIL| NYN,RIGHT,SP,111.33333333333331,21,23,121,56,51,13,34,96,8,5,0,0,0,4.123,1.392,4,1,0.036,-0.138,-0.89,-0.509,-0.177,-0.851,-2.565,4.656000000000001,8.235680788928827,,8.235680788928827
304,,,,,,,,,,,,,,,,,,,,,,,,,,,,186,Reid Detmers,ANA,LEFT,SP,148.66666666666666,28,28,141,81,74,19,60,168,4,10,0,0,0,4.48,1.352,15,4,0.101,-1.19,0.649,-0.509,-0.687,-0.845,-2.582,4.639,8.205610648591241,,8.205610648591241
305,,,,,,,,,,,,,,,,,,,,,,,,,,,,187,Ian Hamilton,NYA| CHA| MIN,RIGHT,SP| RP,58.0,3,39,45,19,17,2,26,69,3,2,2,0,0,2.638,1.224,2,2,0.034,-1.453,-1.468,-0.338,0.639,0.031,-2.59,4.631,8.191459994314732,,8.191459994314732
306,,,,,,,,,,,,,,,,,,,,,,,,,,,,188,Edward Cabrera,MIA,RIGHT,SP,99.66666666666669,20,22,78,48,47,11,66,118,7,7,0,0,0,4.244,1.445,16,2,0.161,-0.401,-0.42,-0.509,-0.261,-1.016,-2.607,4.614,8.161389853977148,,8.161389853977148
307,103,Andrew Vaughn,CHA| MIL,151,5,RIGHT,615,566,146,67,21,80,36,0,0,0.258,1B,-0.45,-0.044,0.384,-1.0,-0.194,-1.304,3.332,4.636,8.14108370514443,,,,,,,,,,,,,,,,,,,,,,,,,,,,,,,,,,,8.14108370514443
308,,,,,,,,,,,,,,,,,,,,,,,,,,,,189,Miles Mikolas,SLN,RIGHT,SP,201.3333333333333,35,35,226,110,107,26,39,137,9,13,0,0,0,4.783,1.316,12,5,0.06,0.125,-0.014,-0.509,-1.448,-0.795,-2.641,4.58,8.10124957330198,,8.10124957330198
309,112,Kerry Carpenter,DET,118,4,LEFT,459,418,116,57,20,64,32,6,0,0.278,RF| DH,-0.983,-0.156,-0.416,-0.505,0.485,-1.575,3.314,4.889,8.097104261359137,,,,,,,,,,,,,,,,,,,,,,,,,,,,,,,,,,,8.097104261359137
310,,,,,,,,,,,,,,,,,,,,,,,,,,,,190,Adam Ottavino,NYA| BOS| NYN,RIGHT,RP,61.66666666666667,0,66,46,24,22,7,29,62,1,7,12,0,0,3.211,1.216,22,1,0.357,-1.979,-1.617,0.512,0.38,0.056,-2.648,4.573,8.088867750810035,,8.088867750810035
311,,,,,,,,,,,,,,,,,,,,,,,,,,,,191,Josh Winckowski,BOS,RIGHT,RP,84.33333333333334,1,60,89,34,27,9,31,82,4,4,3,0,0,2.881,1.423,2,1,0.024,-1.19,-1.19,-0.253,0.755,-0.77,-2.649,4.572,8.08709891902547,,8.08709891902547
312,113,Eddie Rosario,ATL| LAN| MIN| CLE| WAS,142,7,LEFT,516,478,122,64,21,74,34,3,4,0.255,LF,-0.61,-0.044,0.084,-0.753,-0.264,-1.586,3.303,4.889,8.070227934601457,,,,,,,,,,,,,,,,,,,,,,,,,,,,,,,,,,,8.070227934601457
313,,,,,,,,,,,,,,,,,,,,,,,,,,,,192,Wandy Peralta,SDN| SFN| NYA,LEFT,RP,54.0,0,63,36,19,17,7,30,51,4,2,4,0,0,2.833,1.222,1,2,0.019,-1.19,-1.853,-0.168,0.506,0.034,-2.672,4.549,8.046415787980504,,8.046415787980504
314,,,,,,,,,,,,,,,,,,,,,,,,,,,,193,Dustin May,BOS| LAN,RIGHT,SP,47.99999999999999,9,9,29,14,14,1,16,34,4,1,0,0,0,2.625,0.938,4,1,0.083,-1.19,-2.216,-0.509,0.534,0.694,-2.687,4.534000000000001,8.019883311212048,,8.019883311212048
315,,,,,,,,,,,,,,,,,,,,,,,,,,,,194,Jakob Junis,CLE| KCA| SFN| CIN| MIL,RIGHT,SP| RP,85.99999999999999,4,40,90,42,37,12,21,96,4,3,1,0,0,3.872,1.291,5,2,0.058,-1.19,-0.89,-0.424,0.047,-0.233,-2.69,4.531000000000001,8.014576815858357,,8.014576815858357
316,,,,,,,,,,,,,,,,,,,,,,,,,,,,195,Tony Gonsolin,LAN,RIGHT,SP,103.0,20,20,86,61,57,19,40,82,8,5,0,0,0,4.981,1.223,8,1,0.078,-0.138,-1.19,-0.509,-0.914,0.059,-2.692,4.529,8.011039152289229,,8.011039152289229
317,,,,,,,,,,,,,,,,,,,,,,,,,,,,196,Ryan Walker,SFN,RIGHT,SP| RP,61.333333333333314,13,49,61,25,22,8,24,78,5,3,1,0,0,3.228,1.386,5,5,0.082,-0.927,-1.275,-0.424,0.369,-0.45,-2.707,4.514,7.984506675520773,,7.984506675520773
318,,,,,,,,,,,,,,,,,,,,,,,,,,,,197,Kyle Nelson,ARI| CLE,LEFT,RP,56.0,2,68,59,30,26,12,14,67,7,4,0,0,0,4.179,1.304,1,0,0.018,-0.401,-1.511,-0.509,-0.115,-0.187,-2.723,4.498,7.956205366967753,,7.956205366967753
319,,,,,,,,,,,,,,,,,,,,,,,,,,,,198,Drew Rasmussen,TBA| MIL,RIGHT,SP,44.66666666666666,8,8,36,13,13,2,11,47,4,2,0,0,0,2.619,1.052,3,2,0.067,-1.19,-1.938,-0.509,0.499,0.397,-2.741,4.48,7.924366394845606,,7.924366394845606
320,,,,,,,,,,,,,,,,,,,,,,,,,,,,199,Bryan Woo,SEA,RIGHT,SP,87.66666666666667,18,18,75,44,41,13,31,93,4,5,0,0,0,4.209,1.209,8,0,0.091,-1.19,-0.955,-0.509,-0.203,0.11,-2.747,4.474,7.913753404138223,,7.913753404138223
321,,,,,,,,,,,,,,,,,,,,,,,,,,,,200,Ryan Pepiot,TBA| LAN,RIGHT,SP| RP,42.0,3,8,27,10,10,7,5,38,2,1,0,0,0,2.143,0.762,1,1,0.024,-1.716,-2.131,-0.509,0.64,0.966,-2.751,4.470000000000001,7.906678076999968,,7.906678076999968
322,115,Ke'Bryan Hayes,CIN| PIT,122,1,RIGHT,525,494,134,65,15,61,28,10,6,0.271,3B,-0.557,-0.715,-0.566,-0.176,0.336,-1.677,3.212,4.889,7.8478874132424705,,,,,,,,,,,,,,,,,,,,,,,,,,,,,,,,,,,7.8478874132424705
323,,,,,,,,,,,,,,,,,,,,,,,,,,,,201,Buck Farmer,DET| CIN,RIGHT,RP,75.0,0,71,58,36,35,11,29,70,4,5,3,0,0,4.2,1.16,12,1,0.16,-1.19,-1.446,-0.253,-0.168,0.273,-2.785,4.436,7.846537796324799,,7.846537796324799
324,,,,,,,,,,,,,,,,,,,,,,,,,,,,202,Tom Cosgrove,CHN| SDN,LEFT,RP,51.333333333333336,0,54,31,12,10,3,19,44,1,2,1,0,0,1.753,0.974,1,1,0.019,-1.979,-2.002,-0.424,0.951,0.651,-2.803,4.418,7.814698824202653,,7.814698824202653
325,,,,,,,,,,,,,,,,,,,,,,,,,,,,203,Gavin Williams,CLE,RIGHT,SP,82.0,16,16,66,32,30,8,37,81,3,5,0,0,0,3.293,1.256,6,2,0.073,-1.453,-1.211,-0.509,0.448,-0.084,-2.809,4.412,7.80408583349527,,7.80408583349527
326,,,,,,,,,,,,,,,,,,,,,,,,,,,,204,Mark Leiter,NYA| CHN,RIGHT,RP,64.33333333333333,0,69,48,27,25,7,24,77,1,3,4,0,0,3.497,1.119,9,1,0.14,-1.979,-1.297,-0.168,0.24,0.362,-2.843,4.378,7.743945552820103,,7.743945552820103
327,,,,,,,,,,,,,,,,,,,,,,,,,,,,205,Martin Perez,CHA| BOS| TEX| PIT| SDN,LEFT,SP| RP,141.66666666666663,20,35,150,74,70,21,49,93,10,4,0,0,0,4.447,1.405,3,1,0.021,0.388,-0.955,-0.509,-0.615,-1.168,-2.859,4.362,7.715644244267082,,7.715644244267082
328,,,,,,,,,,,,,,,,,,,,,,,,,,,,206,Jordan Weems,HOU| OAK| ARI| WAS,RIGHT,RP,54.66666666666665,0,51,38,25,22,9,28,60,5,1,0,0,0,3.622,1.207,3,0,0.055,-0.927,-1.66,-0.509,0.146,0.074,-2.877,4.344,7.683805272144935,,7.683805272144935
329,117,Bryan De La Cruz,ATL| MIA| PIT,151,5,RIGHT,626,579,149,59,19,78,40,4,1,0.257,LF,-0.876,-0.268,0.284,-0.67,-0.226,-1.756,3.133,4.889,7.654866521073679,,,,,,,,,,,,,,,,,,,,,,,,,,,,,,,,,,,7.654866521073679
330,,,,,,,,,,,,,,,,,,,,,,,,,,,,207,Pierce Johnson,ATL| SDN| COL,RIGHT,RP,62.66666666666666,0,67,63,34,28,10,30,90,2,6,13,0,0,4.021,1.484,0,0,0.0,-1.716,-1.019,0.598,-0.045,-0.758,-2.941,4.28,7.570600037932855,,7.570600037932855
331,,,,,,,,,,,,,,,,,,,,,,,,,,,,208,Chris Stratton,KCA| LAN| PIT| SLN| TEX,RIGHT,RP,82.66666666666666,0,64,69,39,36,8,25,81,2,1,1,0,0,3.919,1.137,7,2,0.085,-1.716,-1.211,-0.424,0.012,0.393,-2.946,4.275,7.561755879010037,,7.561755879010037
332,111,Triston Casas,BOS,131,6,LEFT,502,429,113,66,24,65,70,0,0,0.263,1B,-0.503,0.292,-0.366,-1.0,0.033,-1.545,3.091,4.636,7.552247818907994,,,,,,,,,,,,,,,,,,,,,,,,,,,,,,,,,,,7.552247818907994
333,,,,,,,,,,,,,,,,,,,,,,,,,,,,209,Steven Matz,BOS| SLN| NYN| TOR,LEFT,SP| RP,105.0,17,25,108,48,45,11,32,98,4,7,0,0,0,3.857,1.333,13,1,0.124,-1.19,-0.848,-0.509,0.07,-0.502,-2.978,4.243,7.505153261903996,,7.505153261903996
334,118,Tommy Edman,LAN| SLN,134,9,SWITCH,528,479,119,69,13,47,35,27,4,0.248,SS| 2B| CF,-0.344,-0.939,-1.265,1.225,-0.514,-1.836,3.053,4.889,7.459402326472373,,,,,,,,,,,,,,,,,,,,,,,,,,,,,,,,,,,7.459402326472373
335,208,Jake Rogers,DET,101,9,RIGHT,365,331,73,45,21,49,28,1,1,0.221,CC,-1.622,-0.044,-1.165,-0.918,-1.065,-4.814,3.032,7.846,7.40809297538953,,,,,,,,,,,,,,,,,,,,,,,,,,,,,,,,,,,7.40809297538953
336,,,,,,,,,,,,,,,,,,,,,,,,,,,,210,Jose Leclerc,ATH| TEX,RIGHT,RP,57.0,0,57,37,19,17,5,28,67,0,2,4,0,0,2.684,1.14,2,2,0.035,-2.242,-1.511,-0.168,0.606,0.262,-3.053,4.168,7.372490878061715,,7.372490878061715
337,119,Jeremy Pena,HOU,149,2,RIGHT,634,577,152,81,10,52,43,13,9,0.263,SS,0.295,-1.274,-1.015,0.072,0.045,-1.877,3.0120000000000005,4.889,7.359226926739204,,,,,,,,,,,,,,,,,,,,,,,,,,,,,,,,,,,7.359226926739204
338,,,,,,,,,,,,,,,,,,,,,,,,,,,,211,Yimi Garcia,TOR| MIA| HOU| SEA,RIGHT,RP,66.0,0,73,67,35,30,8,15,79,3,4,3,0,0,4.091,1.242,6,1,0.091,-1.453,-1.254,-0.253,-0.087,-0.024,-3.071,4.15,7.340651905939568,,7.340651905939568
339,120,Elly De La Cruz,CIN,97,4,SWITCH,427,388,91,66,13,44,35,34,8,0.235,SS| 3B,-0.503,-0.939,-1.415,1.802,-0.831,-1.886,3.003,4.889,7.337237204846557,,,,,,,,,,,,,,,,,,,,,,,,,,,,,,,,,,,7.337237204846557
340,,,,,,,,,,,,,,,,,,,,,,,,,,,,212,Brandon Williamson,CIN,LEFT,SP,117.0,23,23,111,63,58,18,39,98,5,5,0,0,0,4.462,1.282,1,3,0.009,-0.927,-0.848,-0.509,-0.522,-0.268,-3.073,4.148,7.337114242370439,,7.337114242370439
341,,,,,,,,,,,,,,,,,,,,,,,,,,,,213,Elvis Peguero,CHA| MIL| ANA,RIGHT,RP,61.33333333333333,0,59,49,25,23,4,26,54,4,5,1,0,0,3.375,1.223,12,1,0.196,-1.19,-1.789,-0.424,0.292,0.036,-3.074,4.147,7.335345410585877,,7.335345410585877
342,,,,,,,,,,,,,,,,,,,,,,,,,,,,214,Will Vest,DET| SEA,RIGHT,SP| RP,48.33333333333334,4,48,40,18,16,3,13,56,2,1,2,0,0,2.979,1.097,1,0,0.021,-1.716,-1.746,-0.338,0.393,0.325,-3.083,4.138,7.319425924524802,,7.319425924524802
343,,,,,,,,,,,,,,,,,,,,,,,,,,,,215,JoJo Romero,SLN| PHI,LEFT,RP,36.66666666666666,0,27,29,17,15,1,10,42,4,2,3,0,0,3.682,1.064,0,1,0.0,-1.19,-2.045,-0.253,0.079,0.305,-3.104,4.117,7.282280457048963,,7.282280457048963
344,,,,,,,,,,,,,,,,,,,,,,,,,,,,216,Chris Devenski,NYN| HOU| ARI| PHI| ANA| TBA,RIGHT,RP,42.33333333333333,0,38,36,24,21,6,11,42,6,4,0,0,0,4.465,1.11,10,0,0.236,-0.664,-2.045,-0.509,-0.19,0.257,-3.151,4.07,7.199145363174468,,7.199145363174468
345,,,,,,,,,,,,,,,,,,,,,,,,,,,,217,Sam Moll,CIN| OAK,LEFT,RP,62.33333333333335,1,70,47,22,21,2,30,68,2,3,1,0,0,3.032,1.235,12,1,0.193,-1.716,-1.489,-0.424,0.478,-0.001,-3.152,4.069,7.197376531389903,,7.197376531389903
346,,,,,,,,,,,,,,,,,,,,,,,,,,,,218,Scott Barlow,CIN| KCA| SDN| CLE,RIGHT,RP,68.0,0,63,61,39,33,4,34,79,2,6,13,0,0,4.368,1.397,11,0,0.162,-1.716,-1.254,0.598,-0.249,-0.536,-3.158,4.063000000000001,7.186763540682522,,7.186763540682522
347,212,Gabriel Moreno,ARI| TOR,106,8,RIGHT,380,341,97,33,7,50,29,6,2,0.284,CC,-2.261,-1.61,-1.115,-0.505,0.578,-4.913,2.933,7.846,7.166206034570412,,,,,,,,,,,,,,,,,,,,,,,,,,,,,,,,,,,7.166206034570412
348,,,,,,,,,,,,,,,,,,,,,,,,,,,,219,Josh Sborz,LAN| TEX,RIGHT,RP,52.33333333333332,0,44,43,33,32,8,17,66,6,7,0,0,0,5.503,1.147,4,0,0.076,-0.664,-1.532,-0.509,-0.696,0.225,-3.176,4.045,7.154924568560373,,7.154924568560373
349,,,,,,,,,,,,,,,,,,,,,,,,,,,,220,Jacob deGrom,TEX| NYN,RIGHT,SP,30.33333333333333,6,6,19,11,9,2,4,45,2,0,0,0,0,2.67,0.758,5,1,0.165,-1.716,-1.981,-0.509,0.326,0.703,-3.177,4.0440000000000005,7.15315573677581,,7.15315573677581
350,,,,,,,,,,,,,,,,,,,,,,,,,,,,221,Gabe Speier,SEA| KCA,LEFT,RP,54.66666666666667,0,69,47,24,23,7,11,64,2,2,1,0,0,3.787,1.061,5,1,0.091,-1.716,-1.575,-0.424,0.069,0.462,-3.183,4.038,7.142542746068427,,7.142542746068427
351,,,,,,,,,,,,,,,,,,,,,,,,,,,,222,Giovanny Gallegos,SLN,RIGHT,RP,55.00000000000001,0,56,54,28,27,11,12,59,2,4,10,0,0,4.418,1.2,4,0,0.073,-1.716,-1.682,0.342,-0.225,0.094,-3.187,4.034000000000001,7.135467418930173,,7.135467418930173
352,,,,,,,,,,,,,,,,,,,,,,,,,,,,223,Scott McGough,ARI| ATH,RIGHT,RP,70.33333333333334,1,63,60,40,37,14,30,86,2,7,9,0,0,4.735,1.28,1,1,0.014,-1.716,-1.104,0.257,-0.477,-0.153,-3.193,4.0280000000000005,7.124854428222791,,7.124854428222791
353,122,Willy Adames,SFN| TBA| MIL,149,3,RIGHT,638,553,120,73,24,80,71,5,3,0.217,SS,-0.131,0.292,0.384,-0.588,-1.93,-1.973,2.9160000000000004,4.889,7.124669893217636,,,,,,,,,,,,,,,,,,,,,,,,,,,,,,,,,,,7.124669893217636
354,,,,,,,,,,,,,,,,,,,,,,,,,,,,224,Bowden Francis,TOR,RIGHT,RP,36.333333333333336,0,20,22,7,7,5,8,35,1,0,1,0,0,1.734,0.826,1,0,0.028,-1.979,-2.195,-0.424,0.679,0.723,-3.196,4.025,7.119547932869099,,7.119547932869099
355,,,,,,,,,,,,,,,,,,,,,,,,,,,,225,Zack Littell,CIN| TBA| MIN| SFN| BOS,RIGHT,SP| RP,90.0,14,28,94,43,41,13,12,74,3,6,0,0,0,4.1,1.178,1,0,0.011,-1.453,-1.361,-0.509,-0.125,0.25,-3.198,4.023,7.11601026929997,,7.11601026929997
356,116,Ryan Mountcastle,BAL,115,4,RIGHT,470,423,114,64,18,68,37,3,1,0.27,1B| DH,-0.61,-0.379,-0.216,-0.753,0.231,-1.727,2.909,4.636,7.10756677619002,,,,,,,,,,,,,,,,,,,,,,,,,,,,,,,,,,,7.10756677619002
357,,,,,,,,,,,,,,,,,,,,,,,,,,,,226,Tristan Beck,SFN,RIGHT,SP| RP,85.0,3,33,83,40,37,10,21,68,3,3,2,0,0,3.918,1.224,2,0,0.024,-1.453,-1.489,-0.338,0.013,0.047,-3.22,4.001,7.077095970039567,,7.077095970039567
358,123,Jeff McNeil,NYN,156,3,LEFT,648,585,158,75,10,55,39,10,0,0.27,2B| LF| RF,-0.024,-1.274,-0.865,-0.176,0.345,-1.994,2.8950000000000005,4.889,7.073360542134793,,,,,,,,,,,,,,,,,,,,,,,,,,,,,,,,,,,7.073360542134793
359,,,,,,,,,,,,,,,,,,,,,,,,,,,,227,Gregory Santos,SEA| SFN| CHA,RIGHT,RP,66.33333333333331,0,60,69,29,25,2,17,66,2,2,5,0,0,3.392,1.296,10,3,0.151,-1.716,-1.532,-0.083,0.306,-0.198,-3.223,3.998,7.071789474685877,,7.071789474685877
360,,,,,,,,,,,,,,,,,,,,,,,,,,,,228,Hunter Greene,CIN,RIGHT,SP,112.0,22,22,111,65,60,19,48,152,4,7,0,0,0,4.821,1.42,16,4,0.143,-1.19,0.307,-0.509,-0.842,-1.005,-3.239,3.982,7.043488166132858,,7.043488166132858
361,,,,,,,,,,,,,,,,,,,,,,,,,,,,229,Drew VerHagen,SLN,RIGHT,RP,60.99999999999999,0,60,52,30,27,9,26,60,5,1,0,0,0,3.984,1.279,9,0,0.148,-0.927,-1.66,-0.509,-0.025,-0.13,-3.25,3.971,7.024031016502656,,7.024031016502656
362,,,,,,,,,,,,,,,,,,,,,,,,,,,,230,Brock Stewart,LAN| MIN,RIGHT,RP,27.666666666666668,0,28,19,2,2,1,11,39,2,0,1,0,0,0.651,1.084,1,2,0.036,-1.716,-2.109,-0.424,0.772,0.203,-3.275,3.946,6.979810221888562,,6.979810221888562
363,,,,,,,,,,,,,,,,,,,,,,,,,,,,231,Patrick Sandoval,ANA,LEFT,SP,144.66666666666669,28,28,145,89,66,12,74,128,7,13,0,0,0,4.106,1.514,7,3,0.048,-0.401,-0.206,-0.509,-0.209,-1.96,-3.285,3.936,6.962121904042925,,6.962121904042925
364,,,,,,,,,,,,,,,,,,,,,,,,,,,,232,Nick Anderson,COL| TBA| ATL| KCA,RIGHT,RP,35.333333333333336,0,35,30,14,12,3,9,36,4,0,1,0,0,3.057,1.104,0,2,0.0,-1.19,-2.173,-0.424,0.264,0.225,-3.298,3.923,6.939127090843596,,6.939127090843596
365,124,Wilmer Flores,SFN,126,3,RIGHT,454,405,115,51,23,60,41,0,0,0.284,DH| 3B| 1B,-1.302,0.18,-0.616,-1.0,0.671,-2.068,2.821,4.889,6.892556162128583,,,,,,,,,,,,,,,,,,,,,,,,,,,,,,,,,,,6.892556162128583
366,,,,,,,,,,,,,,,,,,,,,,,,,,,,233,Gregory Soto,BAL| NYN| DET| PHI,LEFT,RP,60.33333333333333,0,69,47,34,31,6,22,65,3,4,3,0,0,4.624,1.144,2,0,0.033,-1.453,-1.553,-0.253,-0.353,0.268,-3.345,3.876,6.855991996969099,,6.855991996969099
367,,,,,,,,,,,,,,,,,,,,,,,,,,,,234,Brent Suter,CIN| MIL| COL,LEFT,RP,69.33333333333336,2,57,65,36,26,3,25,55,4,3,0,0,0,3.375,1.298,3,3,0.043,-1.19,-1.767,-0.509,0.33,-0.213,-3.348,3.873,6.850685501615408,,6.850685501615408
368,125,Alex Verdugo,ATL| BOS| NYA,139,1,LEFT,602,546,144,81,13,54,45,5,3,0.264,RF,0.295,-0.939,-0.915,-0.588,0.056,-2.091,2.798,4.889,6.836360206180707,,,,,,,,,,,,,,,,,,,,,,,,,,,,,,,,,,,6.836360206180707
369,,,,,,,,,,,,,,,,,,,,,,,,,,,,235,Jay Jackson,SFN| ATL| TOR| MIN,RIGHT,RP,29.666666666666668,0,25,18,8,7,4,9,27,3,1,0,0,0,2.124,0.91,0,0,0.0,-1.453,-2.366,-0.509,0.457,0.468,-3.403,3.818,6.753399753464402,,6.753399753464402
370,,,,,,,,,,,,,,,,,,,,,,,,,,,,236,Eli Morgan,CHN| CLE,RIGHT,RP,67.33333333333334,0,61,73,37,30,9,24,75,5,2,1,0,0,4.01,1.441,11,2,0.163,-0.927,-1.339,-0.424,-0.042,-0.673,-3.405,3.816,6.749862089895275,,6.749862089895275
371,,,,,,,,,,,,,,,,,,,,,,,,,,,,237,Keynan Middleton,ANA| SEA| ARI| CHA| NYA,RIGHT,RP,50.66666666666667,0,51,40,20,19,8,23,64,2,2,2,0,0,3.375,1.243,4,2,0.079,-1.716,-1.575,-0.338,0.241,-0.021,-3.409,3.812,6.74278676275702,,6.74278676275702
372,,,,,,,,,,,,,,,,,,,,,,,,,,,,238,Brooks Raley,NYN| CIN| HOU| TBA,LEFT,RP,54.66666666666668,0,66,44,19,17,4,25,61,1,2,3,0,0,2.799,1.262,5,0,0.091,-1.979,-1.639,-0.253,0.528,-0.072,-3.416,3.805,6.730404940265073,,6.730404940265073
373,,,,,,,,,,,,,,,,,,,,,,,,,,,,239,Ranger Suarez,PHI,LEFT,SP,125.0,22,22,129,59,58,13,48,119,4,6,0,0,0,4.176,1.416,7,2,0.056,-1.19,-0.399,-0.509,-0.255,-1.1,-3.452,3.769,6.6667269960207785,,6.6667269960207785
374,,,,,,,,,,,,,,,,,,,,,,,,,,,,240,Brock Burke,ANA| TEX,LEFT,RP,59.66666666666667,0,53,64,32,29,13,9,52,5,3,0,0,0,4.374,1.224,1,0,0.017,-0.927,-1.831,-0.509,-0.222,0.033,-3.456,3.765,6.659651668882523,,6.659651668882523
375,89,Joey Meneses,WAS,154,3,RIGHT,657,611,168,71,13,89,38,0,0,0.275,DH,-0.237,-0.939,0.833,-1.0,0.589,-0.753,2.724,3.4770000000000003,6.655555826174499,,,,,,,,,,,,,,,,,,,,,,,,,,,,,,,,,,,6.655555826174499
376,,,,,,,,,,,,,,,,,,,,,,,,,,,,241,Ron Marinaccio,SDN| NYA,RIGHT,RP,47.33333333333332,0,45,35,24,21,6,27,56,4,5,2,0,0,3.993,1.31,12,2,0.254,-1.19,-1.746,-0.338,-0.023,-0.172,-3.47,3.751,6.63488802389863,,6.63488802389863
377,,,,,,,,,,,,,,,,,,,,,,,,,,,,242,Graham Ashcraft,CIN,RIGHT,SP,145.66666666666666,26,26,148,78,77,23,52,111,7,9,0,0,0,4.757,1.373,10,4,0.069,-0.401,-0.57,-0.509,-1.016,-0.977,-3.473,3.748,6.629581528544939,,6.629581528544939
378,,,,,,,,,,,,,,,,,,,,,,,,,,,,243,Louie Varland,MIN| TOR,RIGHT,SP| RP,68.00000000000001,10,17,66,35,35,16,17,71,4,3,0,0,0,4.632,1.221,1,1,0.015,-1.19,-1.425,-0.509,-0.402,0.048,-3.478,3.743,6.620737369622121,,6.620737369622121
379,,,,,,,,,,,,,,,,,,,,,,,,,,,,244,Joe Jimenez,DET| ATL,RIGHT,RP,56.33333333333333,0,59,51,22,19,9,14,73,0,3,0,0,0,3.035,1.154,8,0,0.142,-2.242,-1.382,-0.509,0.431,0.222,-3.48,3.741,6.617199706052993,,6.617199706052993
380,,,,,,,,,,,,,,,,,,,,,,,,,,,,245,Bryan Baker,BAL| TBA| TOR,RIGHT,RP,44.99999999999999,0,46,33,19,18,4,24,51,4,3,0,0,0,3.6,1.267,2,5,0.044,-1.19,-1.853,-0.509,0.128,-0.069,-3.493,3.728,6.594204892853664,,6.594204892853664
381,127,Orlando Arcia,ATL| COL| MIL,138,8,RIGHT,533,488,129,66,17,65,39,1,0,0.264,SS,-0.503,-0.491,-0.366,-0.918,0.073,-2.205,2.684,4.889,6.557823728873846,,,,,,,,,,,,,,,,,,,,,,,,,,,,,,,,,,,6.557823728873846
382,,,,,,,,,,,,,,,,,,,,,,,,,,,,246,Seranthony Dominguez,BAL| TOR| PHI,RIGHT,RP,49.99999999999999,0,57,48,25,21,7,22,48,5,5,2,0,0,3.78,1.4,4,0,0.08,-0.927,-1.917,-0.338,0.066,-0.401,-3.517,3.704,6.551752930024135,,6.551752930024135
383,,,,,,,,,,,,,,,,,,,,,,,,,,,,247,Caleb Thielbar,CHN| MIN,LEFT,RP,30.666666666666664,0,36,23,12,11,7,6,36,3,1,0,0,0,3.228,0.946,2,1,0.065,-1.453,-2.173,-0.509,0.184,0.431,-3.52,3.701,6.546446434670443,,6.546446434670443
384,128,Jazz Chisholm,NYA| MIA,96,4,LEFT,383,352,88,50,19,51,26,22,3,0.25,CF,-1.356,-0.268,-1.065,0.813,-0.336,-2.211,2.6780000000000004,4.889,6.543163914278748,,,,,,,,,,,,,,,,,,,,,,,,,,,,,,,,,,,6.543163914278748
385,221,Danny Jansen,MIL| TBA| TOR| BOS,82,8,RIGHT,301,268,61,38,17,53,23,0,0,0.228,CC,-1.995,-0.491,-0.965,-1.0,-0.717,-5.168,2.678,7.846,6.543163914278747,,,,,,,,,,,,,,,,,,,,,,,,,,,,,,,,,,,6.543163914278747
386,,,,,,,,,,,,,,,,,,,,,,,,,,,,248,Tommy Kahnle,DET| NYA| LAN,RIGHT,RP,40.66666666666666,0,42,26,14,12,5,19,48,1,3,2,0,0,2.656,1.107,0,0,0.0,-1.979,-1.917,-0.338,0.442,0.254,-3.539,3.682,6.512838630763731,,6.512838630763731
387,,,,,,,,,,,,,,,,,,,,,,,,,,,,249,Nestor Cortes,MIL| SDN| SEA| NYA,LEFT,SP,63.333333333333336,12,12,59,36,35,11,20,67,5,2,0,0,0,4.974,1.247,2,1,0.032,-0.927,-1.511,-0.509,-0.558,-0.038,-3.543,3.678,6.505763303625477,,6.505763303625477
388,,,,,,,,,,,,,,,,,,,,,,,,,,,,250,Isaiah Campbell,BOS| SEA,RIGHT,RP,28.66666666666667,0,27,22,9,9,2,13,33,4,1,1,0,0,2.826,1.221,4,0,0.14,-1.19,-2.238,-0.424,0.27,0.02,-3.562,3.659,6.472155499718766,,6.472155499718766
389,,,,,,,,,,,,,,,,,,,,,,,,,,,,251,Chase Silseth,ANA,RIGHT,SP| RP,52.333333333333336,8,16,41,26,23,9,26,56,4,1,0,0,0,3.955,1.28,3,0,0.057,-1.19,-1.746,-0.509,-0.009,-0.115,-3.569,3.652,6.45977367722682,,6.45977367722682
390,,,,,,,,,,,,,,,,,,,,,,,,,,,,252,Emmet Sheehan,LAN,RIGHT,SP,60.333333333333336,11,13,46,33,33,11,26,64,4,1,1,0,0,4.923,1.193,4,1,0.066,-1.19,-1.575,-0.424,-0.505,0.122,-3.572,3.649,6.454467181873128,,6.454467181873128
391,,,,,,,,,,,,,,,,,,,,,,,,,,,,253,Jesse Chavez,ATL| TEX| ANA| CHN,RIGHT,RP,34.66666666666666,1,36,26,10,6,2,12,39,1,0,1,0,0,1.558,1.096,3,1,0.087,-1.979,-2.109,-0.424,0.7,0.234,-3.578,3.643,6.443854191165745,,6.443854191165745
392,,,,,,,,,,,,,,,,,,,,,,,,,,,,254,Jeffrey Springs,ATH| BOS| TBA,LEFT,SP,16.0,3,3,4,1,1,1,4,24,2,0,0,0,0,0.562,0.5,0,0,0.0,-1.716,-2.43,-0.509,0.458,0.572,-3.625,3.596,6.360719097291249,,6.360719097291249
393,131,Cedric Mullins,BAL| NYN,112,1,LEFT,455,404,94,51,15,74,43,19,3,0.233,CF,-1.302,-0.715,0.084,0.566,-0.923,-2.291,2.5980000000000003,4.889,6.347699719677441,,,,,,,,,,,,,,,,,,,,,,,,,,,,,,,,,,,6.347699719677441
394,,,,,,,,,,,,,,,,,,,,,,,,,,,,255,Alex Faedo,DET,RIGHT,SP| RP,64.66666666666666,12,15,48,35,32,12,20,58,2,5,0,0,0,4.454,1.052,2,0,0.031,-1.716,-1.703,-0.509,-0.284,0.577,-3.636,3.585,6.341261947661048,,6.341261947661048
395,,,,,,,,,,,,,,,,,,,,,,,,,,,,256,Tanner Houck,BOS,RIGHT,SP,106.0,21,21,104,61,59,14,41,99,6,10,0,0,0,5.009,1.368,4,2,0.038,-0.664,-0.826,-0.509,-0.966,-0.685,-3.65,3.571,6.316498302677156,,6.316498302677156
396,,,,,,,,,,,,,,,,,,,,,,,,,,,,257,Huascar Brazoban,NYN| MIA,RIGHT,RP,58.66666666666666,0,50,53,28,27,5,31,65,5,2,0,0,0,4.142,1.432,11,0,0.188,-0.927,-1.553,-0.509,-0.103,-0.561,-3.653,3.568,6.311191807323464,,6.311191807323464
397,,,,,,,,,,,,,,,,,,,,,,,,,,,,258,Carmen Mlodzinski,PIT,RIGHT,RP,36.0,1,35,28,14,9,3,18,34,3,3,1,0,0,2.25,1.278,3,1,0.083,-1.453,-2.216,-0.424,0.515,-0.075,-3.653,3.568,6.311191807323464,,6.311191807323464
398,,,,,,,,,,,,,,,,,,,,,,,,,,,,259,Jose Quintana,MIL| CHN| ANA| SFN| PIT| SLN| NYN,LEFT,SP,75.66666666666667,13,13,75,33,30,5,24,60,3,6,0,0,0,3.568,1.308,5,1,0.066,-1.453,-1.66,-0.509,0.236,-0.27,-3.656,3.565,6.305885311969773,,6.305885311969773
399,,,,,,,,,,,,,,,,,,,,,,,,,,,,260,Drew Smith,NYN,RIGHT,RP,56.333333333333336,0,62,50,31,26,7,29,60,4,6,3,0,0,4.154,1.402,5,3,0.089,-1.19,-1.66,-0.253,-0.104,-0.458,-3.666,3.555,6.288196994124135,,6.288196994124135
400,,,,,,,,,,,,,,,,,,,,,,,,,,,,261,Steven Okert,HOU| MIA| MIN,LEFT,RP,58.66666666666666,2,64,50,31,29,9,24,73,3,2,0,0,0,4.449,1.261,9,0,0.153,-1.453,-1.382,-0.509,-0.255,-0.075,-3.675,3.5460000000000003,6.272277508063062,,6.272277508063062
401,,,,,,,,,,,,,,,,,,,,,,,,,,,,262,Andrew Chafin,ANA| WAS| ARI| CHN| OAK| DET| MIL| TEX,LEFT,RP,51.33333333333334,0,63,45,30,27,6,28,63,3,4,8,0,0,4.734,1.422,2,2,0.039,-1.453,-1.596,0.172,-0.348,-0.467,-3.692,3.529,6.242207367725477,,6.242207367725477
402,,,,,,,,,,,,,,,,,,,,,,,,,,,,263,Scott Alexander,COL| SFN| LAN| OAK,LEFT,SP| RP,48.33333333333333,8,55,55,30,25,2,11,31,7,3,1,0,0,4.655,1.365,7,0,0.145,-0.401,-2.28,-0.424,-0.295,-0.307,-3.707,3.514,6.215674890957022,,6.215674890957022
403,,,,,,,,,,,,,,,,,,,,,,,,,,,,264,Joey Lucchesi,SFN| SDN| NYN,LEFT,SP,46.66666666666666,9,9,44,17,15,4,17,32,4,0,0,0,0,2.893,1.307,3,0,0.064,-1.19,-2.259,-0.509,0.413,-0.164,-3.708,3.513,6.213906059172458,,6.213906059172458
404,,,,,,,,,,,,,,,,,,,,,,,,,,,,265,Tommy Henry,ARI,LEFT,SP,88.99999999999999,16,17,86,42,41,12,35,64,5,4,0,0,0,4.146,1.36,10,3,0.112,-0.927,-1.575,-0.509,-0.159,-0.539,-3.708,3.513,6.213906059172458,,6.213906059172458
405,,,,,,,,,,,,,,,,,,,,,,,,,,,,266,Angel Perdomo,ATH| MIL| PIT,LEFT,RP,28.999999999999996,0,30,21,14,12,3,11,44,3,2,0,0,0,3.724,1.103,4,2,0.138,-1.453,-2.002,-0.509,0.052,0.185,-3.727,3.494,6.180298255265747,,6.180298255265747
406,,,,,,,,,,,,,,,,,,,,,,,,,,,,267,Zack Thompson,SLN,LEFT,SP| RP,66.33333333333333,9,25,69,35,33,8,25,72,5,7,0,0,0,4.477,1.417,2,3,0.03,-0.927,-1.404,-0.509,-0.305,-0.587,-3.732,3.489,6.171454096342927,,6.171454096342927
407,,,,,,,,,,,,,,,,,,,,,,,,,,,,268,Derek Law,MIN| CIN| DET| WAS,RIGHT,SP| RP,55.00000000000001,3,54,50,24,22,6,26,45,4,6,2,0,0,3.6,1.382,5,1,0.091,-1.19,-1.981,-0.338,0.157,-0.392,-3.745,3.476,6.148459283143599,,6.148459283143599
408,132,Lars Nootbaar,SLN,116,1,LEFT,503,426,111,74,14,46,72,11,1,0.261,LF| CF| RF,-0.077,-0.827,-1.315,-0.093,-0.06,-2.373,2.516,4.889,6.147348920211101,,,,,,,,,,,,,,,,,,,,,,,,,,,,,,,,,,,6.147348920211101
409,,,,,,,,,,,,,,,,,,,,,,,,,,,,269,Julio Teheran,ANA| DET| MIL| NYN,RIGHT,SP| RP,71.66666666666666,11,14,68,36,35,13,13,50,3,5,0,0,0,4.395,1.13,9,3,0.126,-1.453,-1.874,-0.509,-0.28,0.365,-3.751,3.47,6.137846292436217,,6.137846292436217
410,,,,,,,,,,,,,,,,,,,,,,,,,,,,270,Robert Suarez,SDN,RIGHT,RP,27.666666666666668,0,26,15,13,13,4,10,24,4,3,0,0,0,4.229,0.904,2,1,0.072,-1.19,-2.43,-0.509,-0.069,0.446,-3.752,3.4690000000000003,6.136077460651653,,6.136077460651653
411,,,,,,,,,,,,,,,,,,,,,,,,,,,,271,Dylan Floro,LAN| MIA| MIN| ARI| WAS,RIGHT,RP,56.66666666666666,0,62,70,34,30,3,17,58,5,6,7,0,0,4.765,1.535,7,1,0.124,-0.927,-1.703,0.087,-0.399,-0.827,-3.769,3.452,6.106007320314069,,6.106007320314069
412,,,,,,,,,,,,,,,,,,,,,,,,,,,,272,Nate Pearson,CHN| TOR,RIGHT,RP,42.66666666666666,0,35,36,25,23,7,18,43,5,2,1,0,0,4.852,1.266,8,1,0.188,-0.927,-2.024,-0.424,-0.332,-0.064,-3.77,3.451,6.104238488529505,,6.104238488529505
413,133,Brandon Marsh,PHI| ANA,130,8,LEFT,472,404,112,58,12,60,59,9,2,0.277,CF| LF,-0.929,-1.05,-0.616,-0.258,0.46,-2.394,2.495,4.889,6.096039569128258,,,,,,,,,,,,,,,,,,,,,,,,,,,,,,,,,,,6.096039569128258
414,,,,,,,,,,,,,,,,,,,,,,,,,,,,273,Brennan Bernardino,BOS| SEA,LEFT,SP| RP,50.66666666666668,6,55,48,19,18,4,18,58,2,1,0,0,0,3.197,1.303,2,1,0.039,-1.716,-1.703,-0.509,0.318,-0.167,-3.777,3.444,6.091856666037558,,6.091856666037558
415,,,,,,,,,,,,,,,,,,,,,,,,,,,,274,Alex Young,ARI| CLE| SFN| CIN| NYN,LEFT,RP,53.66666666666668,0,63,53,27,23,10,20,50,4,2,1,0,0,3.857,1.36,4,1,0.075,-1.19,-1.874,-0.424,0.036,-0.327,-3.779,3.442,6.088319002468432,,6.088319002468432
416,,,,,,,,,,,,,,,,,,,,,,,,,,,,275,Joe Kelly,LAN| CHA,RIGHT,RP,39.33333333333332,0,42,29,22,18,3,18,60,2,5,1,0,0,4.119,1.195,3,0,0.076,-1.716,-1.66,-0.424,-0.061,0.077,-3.785,3.436,6.077706011761049,,6.077706011761049
417,134,Jake Fraley,ATL| CIN| SEA,109,4,LEFT,380,336,86,40,15,65,37,21,5,0.256,DH| LF| RF,-1.888,-0.715,-0.366,0.731,-0.167,-2.405,2.4840000000000004,4.889,6.069163242370579,,,,,,,,,,,,,,,,,,,,,,,,,,,,,,,,,,,6.069163242370579
418,,,,,,,,,,,,,,,,,,,,,,,,,,,,276,John Brebbia,ATL| DET| SFN| CHA,RIGHT,SP| RP,38.333333333333336,10,40,31,21,17,6,14,47,3,5,0,0,0,3.991,1.174,5,1,0.13,-1.453,-1.938,-0.509,-0.018,0.114,-3.804,3.4170000000000003,6.044098207854338,,6.044098207854338
419,,,,,,,,,,,,,,,,,,,,,,,,,,,,278,Garrett Whitlock,BOS,RIGHT,SP| RP,71.66666666666666,10,22,82,43,41,13,13,72,5,5,1,0,0,5.149,1.326,7,5,0.098,-0.927,-1.404,-0.424,-0.738,-0.315,-3.808,3.4130000000000003,6.037022880716083,,6.037022880716083
420,,,,,,,,,,,,,,,,,,,,,,,,,,,,277,Fernando Cruz,NYA| CIN,RIGHT,RP,66.0,2,58,52,39,36,6,28,98,1,2,0,0,0,4.909,1.212,6,0,0.091,-1.979,-0.848,-0.509,-0.545,0.073,-3.808,3.4130000000000003,6.037022880716083,,6.037022880716083
421,,,,,,,,,,,,,,,,,,,,,,,,,,,,279,Hayden Wesneski,HOU| CHN,RIGHT,SP| RP,89.33333333333331,11,34,82,50,46,20,32,83,3,5,0,0,0,4.634,1.276,2,2,0.022,-1.453,-1.168,-0.509,-0.53,-0.179,-3.839,3.382,5.982189095394607,,5.982189095394607
422,,,,,,,,,,,,,,,,,,,,,,,,,,,,280,Anthony DeSclafani,ARI| CIN| SFN,RIGHT,SP,99.66666666666669,18,19,105,59,54,15,20,79,4,8,0,0,0,4.876,1.254,8,3,0.08,-1.19,-1.254,-0.509,-0.796,-0.093,-3.842,3.379,5.976882600040915,,5.976882600040915
423,,,,,,,,,,,,,,,,,,,,,,,,,,,,281,Daniel Palencia,CHN,RIGHT,RP,28.33333333333333,0,27,22,16,14,3,14,33,5,3,0,0,0,4.447,1.271,1,1,0.035,-0.927,-2.238,-0.509,-0.123,-0.049,-3.846,3.375,5.96980727290266,,5.96980727290266
424,,,,,,,,,,,,,,,,,,,,,,,,,,,,282,Michael Fulmer,BOS| CHN| DET| MIN,RIGHT,RP,57.00000000000001,1,58,48,29,28,7,28,65,3,5,2,0,0,4.421,1.333,1,2,0.018,-1.453,-1.553,-0.338,-0.235,-0.272,-3.852,3.369,5.959194282195278,,5.959194282195278
425,,,,,,,,,,,,,,,,,,,,,,,,,,,,283,Taj Bradley,MIN| TBA,RIGHT,SP,104.66666666666669,21,23,106,69,65,23,39,129,5,8,0,0,0,5.589,1.385,0,0,0.0,-0.927,-0.185,-0.509,-1.469,-0.765,-3.855,3.366,5.9538877868415865,,5.9538877868415865
426,,,,,,,,,,,,,,,,,,,,,,,,,,,,284,Abner Uribe,MIL,RIGHT,RP,30.666666666666664,0,32,16,8,6,0,20,39,1,0,1,0,0,1.761,1.174,4,0,0.13,-1.979,-2.109,-0.424,0.566,0.091,-3.855,3.366,5.9538877868415865,,5.9538877868415865
427,135,Mauricio Dubon,HOU| SFN,126,1,RIGHT,492,467,130,75,10,46,19,7,2,0.278,2B| CF,-0.024,-1.274,-1.315,-0.423,0.573,-2.463,2.426,4.889,5.927451701284631,,,,,,,,,,,,,,,,,,,,,,,,,,,,,,,,,,,5.927451701284631
428,,,,,,,,,,,,,,,,,,,,,,,,,,,,285,Sam Hentges,CLE,LEFT,RP,52.33333333333334,0,56,53,24,21,2,18,56,3,2,0,0,0,3.611,1.357,6,0,0.115,-1.453,-1.746,-0.509,0.144,-0.309,-3.873,3.348,5.922048814719439,,5.922048814719439
429,,,,,,,,,,,,,,,,,,,,,,,,,,,,286,Jimmy Cordero,CHA| NYA,RIGHT,RP,32.66666666666667,1,31,25,14,14,2,10,34,3,2,0,0,0,3.857,1.071,6,0,0.184,-1.453,-2.216,-0.509,0.022,0.26,-3.897,3.3240000000000003,5.879596851889909,,5.879596851889909
430,,,,,,,,,,,,,,,,,,,,,,,,,,,,287,Ryne Stanek,NYN| MIA| HOU| SEA,RIGHT,RP,50.66666666666668,0,55,42,24,23,8,21,51,3,1,0,0,0,4.085,1.243,2,0,0.039,-1.453,-1.853,-0.509,-0.064,-0.021,-3.9,3.321,5.874290356536218,,5.874290356536218
431,130,Jose Abreu,CHA| HOU,141,4,RIGHT,594,540,128,62,18,90,42,0,1,0.237,1B,-0.716,-0.379,0.883,-1.0,-1.053,-2.266,2.37,4.636,5.790626765063716,,,,,,,,,,,,,,,,,,,,,,,,,,,,,,,,,,,5.790626765063716
432,,,,,,,,,,,,,,,,,,,,,,,,,,,,288,Trevor Richards,ARI| KCA| TBA| MIL| TOR| MIN,RIGHT,SP| RP,72.66666666666667,3,56,63,41,40,13,35,105,2,1,0,0,0,4.954,1.349,2,0,0.028,-1.716,-0.698,-0.509,-0.628,-0.401,-3.952,3.269,5.782311103738903,,5.782311103738903
433,232,Connor Wong,BOS,116,9,RIGHT,403,371,87,54,9,36,22,8,2,0.235,CC,-1.142,-1.386,-1.815,-0.341,-0.796,-5.48,2.366,7.846,5.78085355533365,,,,,,,,,,,,,,,,,,,,,,,,,,,,,,,,,,,5.78085355533365
434,,,,,,,,,,,,,,,,,,,,,,,,,,,,289,Austin Pruitt,HOU| MIA| OAK| TEX,RIGHT,SP| RP,48.33333333333332,6,38,44,18,16,5,12,30,2,6,0,0,0,2.979,1.159,2,1,0.041,-1.716,-2.302,-0.509,0.393,0.179,-3.955,3.266,5.777004608385211,,5.777004608385211
435,136,Brandon Lowe,TBA,108,2,LEFT,436,377,87,58,21,68,50,7,0,0.231,2B,-0.929,-0.044,-0.216,-0.423,-0.917,-2.529,2.3600000000000003,4.889,5.7661937407385535,,,,,,,,,,,,,,,,,,,,,,,,,,,,,,,,,,,5.7661937407385535
436,,,,,,,,,,,,,,,,,,,,,,,,,,,,291,Luke Jackson,DET| SEA| TEX| ATL| SFN,RIGHT,RP,33.33333333333333,0,33,26,14,11,3,15,43,2,2,0,0,0,2.97,1.23,7,0,0.21,-1.716,-2.024,-0.509,0.273,0.008,-3.967,3.254,5.755778626970447,,5.755778626970447
437,,,,,,,,,,,,,,,,,,,,,,,,,,,,290,Vince Velasquez,PHI| SDN| CHA| PIT,RIGHT,SP,37.333333333333336,8,8,35,16,16,4,14,37,4,4,0,0,0,3.857,1.312,5,0,0.134,-1.19,-2.152,-0.509,0.025,-0.141,-3.967,3.254,5.755778626970447,,5.755778626970447
438,,,,,,,,,,,,,,,,,,,,,,,,,,,,292,Phil Bickford,MIL| LAN| NYN| NYA,RIGHT,RP,67.33333333333334,0,61,59,41,37,8,39,76,5,5,1,0,0,4.946,1.455,18,0,0.267,-0.927,-1.318,-0.424,-0.577,-0.721,-3.968,3.253,5.754009795185882,,5.754009795185882
439,137,Jose Siri,NYN| HOU| TBA,98,7,RIGHT,364,338,75,57,25,56,20,11,3,0.222,CF,-0.983,0.403,-0.815,-0.093,-1.053,-2.541,2.3480000000000003,4.889,5.7368741115483575,,,,,,,,,,,,,,,,,,,,,,,,,,,,,,,,,,,5.7368741115483575
440,,,,,,,,,,,,,,,,,,,,,,,,,,,,293,Pedro Avila,SDN| CLE,RIGHT,SP| RP,50.33333333333333,6,14,43,23,18,3,25,54,2,2,0,0,0,3.219,1.351,3,0,0.06,-1.716,-1.789,-0.509,0.307,-0.284,-3.991,3.23,5.713326664140916,,5.713326664140916
441,,,,,,,,,,,,,,,,,,,,,,,,,,,,294,Tylor Megill,NYN,RIGHT,SP,126.33333333333331,25,25,141,76,66,18,58,105,9,8,0,0,0,4.702,1.575,11,3,0.087,0.125,-0.698,-0.509,-0.822,-2.089,-3.992,3.229,5.711557832356353,,5.711557832356353
442,,,,,,,,,,,,,,,,,,,,,,,,,,,,295,James Karinchak,CLE,RIGHT,RP,38.99999999999999,0,44,24,18,14,6,28,52,2,5,0,0,0,3.231,1.333,16,2,0.41,-1.716,-1.831,-0.509,0.234,-0.186,-4.009,3.212,5.681487692018768,,5.681487692018768
443,,,,,,,,,,,,,,,,,,,,,,,,,,,,296,Tayler Saucedo,SEA| TOR,LEFT,RP,47.66666666666666,0,52,41,20,19,2,23,43,3,2,1,0,0,3.587,1.343,4,1,0.084,-1.453,-2.024,-0.424,0.141,-0.249,-4.009,3.212,5.681487692018768,,5.681487692018768
444,,,,,,,,,,,,,,,,,,,,,,,,,,,,297,Hyun Jin Ryu,TOR,LEFT,SP,52.0,11,11,53,25,20,9,14,38,3,3,0,0,0,3.462,1.288,3,1,0.058,-1.453,-2.131,-0.509,0.209,-0.135,-4.018,3.2030000000000003,5.665568205957696,,5.665568205957696
445,,,,,,,,,,,,,,,,,,,,,,,,,,,,298,Steven Wilson,CHA| SDN,RIGHT,RP,53.00000000000001,0,52,35,23,23,7,27,57,1,2,0,0,0,3.906,1.17,2,0,0.038,-1.979,-1.724,-0.509,0.014,0.168,-4.031,3.1900000000000004,5.642573392758367,,5.642573392758367
446,138,Amed Rosario,NYA| WAS| NYN| CLE| LAN| CIN| TBA,140,2,RIGHT,545,510,134,68,6,58,29,15,2,0.263,SS| 2B,-0.397,-1.721,-0.716,0.236,0.013,-2.584,2.305,4.889,5.6318121069501546,,,,,,,,,,,,,,,,,,,,,,,,,,,,,,,,,,,5.6318121069501546
447,,,,,,,,,,,,,,,,,,,,,,,,,,,,299,Matt Boyd,CHN| DET| SEA| CLE,LEFT,SP,71.0,15,15,69,46,43,11,25,73,5,5,0,0,0,5.451,1.324,2,2,0.028,-0.927,-1.382,-0.509,-0.913,-0.307,-4.038,3.183,5.63019157026642,,5.63019157026642
448,,,,,,,,,,,,,,,,,,,,,,,,,,,,300,Victor Gonzalez,LAN| NYA,LEFT,RP,33.66666666666666,1,34,27,15,15,2,10,30,3,3,0,0,0,4.01,1.099,2,0,0.059,-1.453,-2.302,-0.509,-0.021,0.223,-4.062,3.159,5.587739607436889,,5.587739607436889
449,,,,,,,,,,,,,,,,,,,,,,,,,,,,301,Alex Wood,LAN| SFN| OAK,LEFT,SP| RP,97.66666666666666,12,29,98,52,47,9,42,74,5,5,0,0,0,4.331,1.433,4,1,0.041,-0.927,-1.361,-0.509,-0.328,-0.942,-4.066,3.155,5.580664280298636,,5.580664280298636
450,,,,,,,,,,,,,,,,,,,,,,,,,,,,302,Jake Bird,COL| NYA,RIGHT,SP| RP,89.33333333333333,3,70,94,47,43,6,27,77,3,3,0,0,0,4.332,1.355,5,1,0.056,-1.453,-1.297,-0.509,-0.3,-0.519,-4.078,3.143,5.55943829888387,,5.55943829888387
451,139,Anthony Volpe,NYA,156,9,RIGHT,601,541,113,62,21,60,52,24,5,0.209,SS,-0.716,-0.044,-0.616,0.978,-2.226,-2.624,2.265,4.889,5.534080009649501,,,,,,,,,,,,,,,,,,,,,,,,,,,,,,,,,,,5.534080009649501
452,,,,,,,,,,,,,,,,,,,,,,,,,,,,303,Cionel Perez,BAL| HOU| CIN,LEFT,RP,53.33333333333336,0,65,56,30,21,2,27,44,4,2,3,0,0,3.544,1.556,11,1,0.206,-1.19,-2.002,-0.253,0.178,-0.833,-4.101,3.12,5.518755167838903,,5.518755167838903
453,,,,,,,,,,,,,,,,,,,,,,,,,,,,304,Xzavion Curry,MIA| CLE,RIGHT,SP| RP,94.99999999999996,9,41,98,47,43,12,30,67,3,4,0,0,0,4.074,1.347,10,1,0.105,-1.453,-1.511,-0.509,-0.111,-0.519,-4.102,3.119,5.516986336054339,,5.516986336054339
454,,,,,,,,,,,,,,,,,,,,,,,,,,,,305,Brandon Bielak,HOU| OAK,RIGHT,SP,80.0,13,15,86,43,34,12,36,62,5,6,0,0,0,3.825,1.525,5,6,0.062,-0.927,-1.617,-0.509,0.075,-1.127,-4.106,3.115,5.509911008916085,,5.509911008916085
455,,,,,,,,,,,,,,,,,,,,,,,,,,,,306,Jack Flaherty,DET| SLN| BAL| LAN,RIGHT,SP,144.33333333333334,27,29,162,83,80,17,66,148,8,9,0,0,0,4.989,1.58,4,2,0.028,-0.138,0.222,-0.509,-1.29,-2.418,-4.133,3.088,5.462152550732863,,5.462152550732863
456,100,Harold Ramirez,MIA| CLE| TBA| WAS,122,3,RIGHT,434,400,125,58,12,68,22,5,3,0.312,DH,-0.929,-1.05,-0.216,-0.588,1.54,-1.244,2.2330000000000005,3.4770000000000003,5.455894331808979,,,,,,,,,,,,,,,,,,,,,,,,,,,,,,,,,,,5.455894331808979
457,,,,,,,,,,,,,,,,,,,,,,,,,,,,307,Cody Bradford,TEX,LEFT,SP| RP,55.99999999999999,8,20,56,33,33,11,12,51,4,3,0,0,0,5.304,1.214,2,0,0.036,-1.19,-1.853,-0.509,-0.65,0.056,-4.146,3.075,5.439157737533535,,5.439157737533535
458,,,,,,,,,,,,,,,,,,,,,,,,,,,,308,Jacob Webb,TEX| ATL| ANA| BAL,RIGHT,RP,53.66666666666666,0,54,39,22,22,6,30,57,1,1,1,0,0,3.689,1.286,3,0,0.056,-1.979,-1.724,-0.424,0.112,-0.132,-4.147,3.074,5.43738890574897,,5.43738890574897
459,238,Gary Sanchez,BAL| NYA| MIN| NYN| SDN| MIL,73,7,RIGHT,267,240,52,33,19,47,21,0,0,0.217,CC,-2.261,-0.268,-1.265,-1.0,-0.844,-5.637,2.2090000000000005,7.846,5.397255073428587,,,,,,,,,,,,,,,,,,,,,,,,,,,,,,,,,,,5.397255073428587
460,101,Christopher Morel,TBA| CHN,107,7,RIGHT,429,388,96,62,26,70,36,6,2,0.247,DH,-0.716,0.515,-0.116,-0.505,-0.447,-1.27,2.2070000000000003,3.4770000000000003,5.392368468563554,,,,,,,,,,,,,,,,,,,,,,,,,,,,,,,,,,,5.392368468563554
461,,,,,,,,,,,,,,,,,,,,,,,,,,,,309,Jose Cuas,KCA| CHN| TOR,RIGHT,RP,65.33333333333334,2,72,63,30,29,8,35,71,3,2,1,0,0,3.995,1.5,4,2,0.061,-1.453,-1.425,-0.424,-0.033,-0.841,-4.176,3.045,5.386092783996622,,5.386092783996622
462,,,,,,,,,,,,,,,,,,,,,,,,,,,,310,Andrew Wantz,ANA,RIGHT,SP| RP,39.33333333333333,3,27,28,18,17,4,15,33,2,0,0,0,0,3.89,1.093,1,0,0.025,-1.716,-2.238,-0.509,0.015,0.271,-4.176,3.045,5.386092783996622,,5.386092783996622
463,,,,,,,,,,,,,,,,,,,,,,,,,,,,311,Tyler Alexander,CHA| MIL| DET| TBA,LEFT,RP,44.0,1,25,44,25,22,8,5,44,2,1,0,0,0,4.5,1.114,1,0,0.023,-1.716,-2.002,-0.509,-0.211,0.26,-4.179,3.042,5.3807862886429305,,5.3807862886429305
464,,,,,,,,,,,,,,,,,,,,,,,,,,,,312,Genesis Cabrera,CHN| MIN| NYN| PIT| SLN| TOR,LEFT,RP,55.66666666666667,0,61,49,28,25,8,24,58,2,1,0,0,0,4.042,1.311,5,0,0.09,-1.716,-1.703,-0.509,-0.05,-0.207,-4.185,3.0360000000000005,5.370173297935549,,5.370173297935549
465,,,,,,,,,,,,,,,,,,,,,,,,,,,,313,Randy Vasquez,SDN| NYA,RIGHT,SP| RP,37.66666666666666,5,11,30,12,12,5,18,33,2,2,0,0,0,2.867,1.274,2,0,0.053,-1.716,-2.238,-0.509,0.342,-0.072,-4.193,3.0280000000000005,5.356022643659039,,5.356022643659039
466,,,,,,,,,,,,,,,,,,,,,,,,,,,,314,Drey Jameson,ARI,RIGHT,SP| RP,40.66666666666666,3,15,40,15,15,6,18,37,3,1,1,0,0,3.32,1.426,0,0,0.0,-1.453,-2.152,-0.424,0.213,-0.378,-4.194,3.027,5.354253811874475,,5.354253811874475
467,,,,,,,,,,,,,,,,,,,,,,,,,,,,315,Joe Boyle,TBA| OAK,RIGHT,SP,16.0,3,3,8,4,3,1,5,15,2,0,0,0,0,1.688,0.812,2,1,0.125,-1.716,-2.623,-0.509,0.305,0.329,-4.214,3.007,5.318877176183199,,5.318877176183199
468,140,Maikel Garcia,KCA,123,1,RIGHT,515,464,126,59,4,50,38,23,7,0.272,3B,-0.876,-1.945,-1.115,0.896,0.326,-2.715,2.1740000000000004,4.889,5.311739488290515,,,,,,,,,,,,,,,,,,,,,,,,,,,,,,,,,,,5.311739488290515
469,,,,,,,,,,,,,,,,,,,,,,,,,,,,316,Peter Strzelecki,MIL| ARI| CLE,RIGHT,RP,37.00000000000001,0,37,33,18,18,3,12,37,3,5,0,0,0,4.378,1.216,9,0,0.243,-1.453,-2.152,-0.509,-0.139,0.034,-4.219,3.002,5.3100330172603805,,5.3100330172603805
470,,,,,,,,,,,,,,,,,,,,,,,,,,,,317,Trent Thornton,SEA| TOR,RIGHT,RP,31.33333333333333,1,27,30,12,7,5,6,26,1,2,0,0,0,2.011,1.149,3,1,0.096,-1.979,-2.387,-0.509,0.512,0.131,-4.232,2.989,5.287038204061052,,5.287038204061052
471,,,,,,,,,,,,,,,,,,,,,,,,,,,,318,Brad Hand,CLE| NYN| TOR| WAS| PHI| ATL| COL,LEFT,RP,53.66666666666666,0,60,54,33,33,6,22,59,5,3,1,0,0,5.534,1.416,13,1,0.242,-0.927,-1.682,-0.424,-0.728,-0.472,-4.233,2.9880000000000004,5.285269372276489,,5.285269372276489
472,,,,,,,,,,,,,,,,,,,,,,,,,,,,319,Kody Funderburk,MIN,LEFT,RP,12.0,0,11,6,1,1,1,5,19,2,0,0,0,0,0.75,0.917,2,1,0.167,-1.716,-2.537,-0.509,0.325,0.186,-4.252,2.9690000000000003,5.251661568369777,,5.251661568369777
473,,,,,,,,,,,,,,,,,,,,,,,,,,,,320,DL Hall,MIL| BAL,LEFT,RP,19.33333333333333,0,18,18,8,7,2,5,23,3,0,0,0,0,3.259,1.19,1,0,0.052,-1.453,-2.451,-0.509,0.111,0.043,-4.26,2.9610000000000003,5.237510914093267,,5.237510914093267
474,,,,,,,,,,,,,,,,,,,,,,,,,,,,321,Alex Vesia,LAN| MIA,LEFT,RP,49.66666666666666,1,56,52,27,24,7,17,64,2,5,1,0,0,4.349,1.389,6,1,0.121,-1.716,-1.575,-0.424,-0.174,-0.372,-4.261,2.96,5.235742082308703,,5.235742082308703
475,,,,,,,,,,,,,,,,,,,,,,,,,,,,322,Grant Hartwig,NYN,RIGHT,RP,35.33333333333333,0,28,34,23,19,3,15,30,5,2,0,0,0,4.84,1.387,1,0,0.028,-0.927,-2.302,-0.509,-0.271,-0.261,-4.27,2.9510000000000005,5.219822596247631,,5.219822596247631
476,,,,,,,,,,,,,,,,,,,,,,,,,,,,323,Jake Diekman,OAK| BOS| CHA| TBA| NYN,LEFT,RP,56.66666666666667,0,63,37,29,21,3,38,64,0,2,0,0,0,3.335,1.323,8,1,0.141,-2.242,-1.575,-0.509,0.289,-0.244,-4.28,2.941,5.202134278401992,,5.202134278401992
477,,,,,,,,,,,,,,,,,,,,,,,,,,,,324,Nick Ramirez,DET| SDN| NYA| LAN,LEFT,RP,40.66666666666667,0,32,41,17,12,1,9,28,1,2,1,0,0,2.656,1.23,3,0,0.074,-1.979,-2.345,-0.424,0.442,0.011,-4.295,2.926,5.175601801633536,,5.175601801633536
478,143,Daulton Varsho,TOR| ARI,152,7,LEFT,581,527,116,63,20,61,45,16,7,0.22,LF| CF,-0.663,-0.156,-0.566,0.319,-1.713,-2.779,2.1100000000000003,4.889,5.155368132609469,,,,,,,,,,,,,,,,,,,,,,,,,,,,,,,,,,,5.155368132609469
479,144,Luke Raley,SEA| LAN| TBA,116,3,LEFT,406,357,89,54,19,49,28,14,3,0.249,1B| RF,-1.142,-0.268,-1.165,0.154,-0.36,-2.781,2.108,4.889,5.150481527744436,,,,,,,,,,,,,,,,,,,,,,,,,,,,,,,,,,,5.150481527744436
480,,,,,,,,,,,,,,,,,,,,,,,,,,,,325,Robert Garcia,TEX| MIA| WAS,LEFT,RP,32.0,0,25,26,16,13,3,12,33,2,2,0,0,0,3.656,1.188,4,2,0.125,-1.716,-2.238,-0.509,0.076,0.074,-4.313,2.9080000000000004,5.143762829511389,,5.143762829511389
481,145,Ryan O'Hearn,BAL| SDN| KCA,111,4,LEFT,368,346,100,48,14,60,15,5,1,0.289,1B| RF,-1.462,-0.827,-0.616,-0.588,0.708,-2.785,2.104,4.889,5.14070831801437,,,,,,,,,,,,,,,,,,,,,,,,,,,,,,,,,,,5.14070831801437
482,,,,,,,,,,,,,,,,,,,,,,,,,,,,326,John Schreiber,KCA| DET| BOS,RIGHT,RP,46.66666666666666,2,46,41,22,20,6,25,53,2,1,1,0,0,3.857,1.414,0,0,0.0,-1.716,-1.81,-0.424,0.031,-0.407,-4.325,2.896,5.122536848096623,,5.122536848096623
483,,,,,,,,,,,,,,,,,,,,,,,,,,,,327,Jordan Wicks,CHN,LEFT,SP,34.666666666666664,7,7,33,17,17,5,11,24,4,1,0,0,0,4.413,1.269,2,1,0.058,-1.19,-2.43,-0.509,-0.141,-0.058,-4.327,2.894,5.118999184527496,,5.118999184527496
484,,,,,,,,,,,,,,,,,,,,,,,,,,,,328,Jose Soriano,ANA,RIGHT,RP,42.0,0,38,33,22,17,4,23,56,1,3,0,0,0,3.643,1.333,1,2,0.024,-1.979,-1.746,-0.509,0.105,-0.201,-4.33,2.891,5.113692689173805,,5.113692689173805
485,147,J. D. Davis,ANA| NYN| SFN| NYA| OAK,143,3,RIGHT,546,480,119,60,18,69,52,1,0,0.248,3B,-0.823,-0.379,-0.166,-0.918,-0.535,-2.821,2.068,4.889,5.052749430443782,,,,,,,,,,,,,,,,,,,,,,,,,,,,,,,,,,,5.052749430443782
486,,,,,,,,,,,,,,,,,,,,,,,,,,,,329,John Means,BAL,LEFT,SP,23.666666666666664,4,4,13,7,7,4,4,10,1,2,0,0,0,2.662,0.718,0,0,0.0,-1.979,-2.729,-0.509,0.256,0.594,-4.367,2.854,5.048245913144946,,5.048245913144946
487,148,Willi Castro,CHN| MIN| DET,112,6,SWITCH,409,358,92,58,9,34,34,31,5,0.257,3B| CF| LF,-0.929,-1.386,-1.915,1.555,-0.149,-2.824,2.0650000000000004,4.889,5.045419523146235,,,,,,,,,,,,,,,,,,,,,,,,,,,,,,,,,,,5.045419523146235
488,,,,,,,,,,,,,,,,,,,,,,,,,,,,330,Ryan Thompson,ARI| TBA,RIGHT,RP,30.666666666666668,0,31,20,14,13,3,8,21,1,2,1,0,0,3.815,0.913,4,1,0.13,-1.979,-2.494,-0.424,0.031,0.48,-4.386,2.835,5.014638109238234,,5.014638109238234
489,,,,,,,,,,,,,,,,,,,,,,,,,,,,331,Paul Blackburn,NYA| NYN| OAK,RIGHT,SP,103.66666666666669,20,21,117,54,51,11,43,104,4,7,0,0,0,4.428,1.543,10,3,0.096,-1.19,-0.719,-0.509,-0.433,-1.554,-4.405,2.816,4.981030305331523,,4.981030305331523
490,,,,,,,,,,,,,,,,,,,,,,,,,,,,332,James McArthur,KCA,RIGHT,RP,23.33333333333333,2,18,20,12,12,2,2,23,1,0,4,0,0,4.629,0.943,0,0,0.0,-1.979,-2.451,-0.168,-0.137,0.331,-4.405,2.816,4.981030305331523,,4.981030305331523
491,,,,,,,,,,,,,,,,,,,,,,,,,,,,333,Bryce Jarvis,ARI,RIGHT,RP,23.666666666666668,1,11,14,9,8,3,9,12,2,1,0,0,0,3.042,0.972,0,0,0.0,-1.716,-2.687,-0.509,0.18,0.303,-4.429,2.792,4.938578342501993,,4.938578342501993
492,,,,,,,,,,,,,,,,,,,,,,,,,,,,334,Tyler Mahle,TEX| CIN| MIN,RIGHT,SP,25.666666666666664,5,5,22,11,9,5,5,28,1,2,0,0,0,3.156,1.052,2,1,0.078,-1.979,-2.345,-0.509,0.17,0.228,-4.434,2.787,4.929734183579174,,4.929734183579174
493,,,,,,,,,,,,,,,,,,,,,,,,,,,,335,Trevor Megill,MIL| CHN| MIN,RIGHT,RP,34.666666666666664,2,31,35,14,14,2,12,52,1,0,0,0,0,3.635,1.356,12,0,0.346,-1.979,-1.831,-0.509,0.089,-0.203,-4.434,2.787,4.929734183579174,,4.929734183579174
494,,,,,,,,,,,,,,,,,,,,,,,,,,,,336,Andrew Vasquez,LAN| SFN| TOR| DET| PHI,LEFT,RP,48.33333333333333,0,42,46,21,18,4,23,43,2,1,0,0,0,3.352,1.428,0,1,0.0,-1.716,-2.024,-0.509,0.24,-0.452,-4.461,2.76,4.881975725395953,,4.881975725395953
495,,,,,,,,,,,,,,,,,,,,,,,,,,,,337,Keaton Winn,SFN,RIGHT,SP| RP,42.333333333333336,5,9,36,22,22,6,8,35,1,3,1,0,0,4.677,1.039,3,2,0.071,-1.979,-2.195,-0.424,-0.266,0.402,-4.462,2.7590000000000003,4.88020689361139,,4.88020689361139
496,,,,,,,,,,,,,,,,,,,,,,,,,,,,338,Cole Irvin,PHI| OAK| BAL| MIN,LEFT,SP| RP,77.33333333333334,12,24,78,42,38,11,21,68,1,4,0,0,0,4.422,1.28,0,1,0.0,-1.979,-1.489,-0.509,-0.319,-0.17,-4.466,2.755,4.873131566473134,,4.873131566473134
497,,,,,,,,,,,,,,,,,,,,,,,,,,,,339,Beau Brieske,DET,RIGHT,RP,35.00000000000001,1,25,36,14,14,4,12,31,2,3,2,0,0,3.6,1.371,1,0,0.029,-1.716,-2.28,-0.338,0.1,-0.232,-4.467,2.7540000000000004,4.871362734688572,,4.871362734688572
498,,,,,,,,,,,,,,,,,,,,,,,,,,,,340,Andres Machado,WAS,RIGHT,RP,50.0,0,44,53,29,29,12,13,43,4,1,0,0,0,5.22,1.32,11,0,0.22,-1.19,-2.024,-0.509,-0.545,-0.207,-4.474,2.747,4.858980912196624,,4.858980912196624
499,,,,,,,,,,,,,,,,,,,,,,,,,,,,341,Touki Toussaint,ANA| ATL| CHA| CLE,RIGHT,SP| RP,87.0,16,20,69,48,48,10,57,85,4,7,0,0,0,4.965,1.448,9,2,0.103,-1.19,-1.126,-0.509,-0.761,-0.902,-4.487,2.734,4.835986098997296,,4.835986098997296
500,,,,,,,,,,,,,,,,,,,,,,,,,,,,342,Miguel Diaz,SDN| DET| HOU,RIGHT,SP| RP,14.000000000000002,3,12,8,1,1,0,5,16,1,0,0,0,0,0.643,0.929,1,0,0.071,-1.979,-2.601,-0.509,0.391,0.208,-4.489,2.732,4.8324484354281685,,4.8324484354281685
501,,,,,,,,,,,,,,,,,,,,,,,,,,,,344,Lucas Erceg,KCA| OAK,RIGHT,RP,55.000000000000014,0,50,51,33,29,1,36,68,4,4,0,0,0,4.745,1.582,0,1,0.0,-1.19,-1.489,-0.509,-0.378,-0.927,-4.493,2.728,4.825373108289913,,4.825373108289913
502,,,,,,,,,,,,,,,,,,,,,,,,,,,,343,Tanner Banks,PHI| CHA,LEFT,SP| RP,61.0,3,32,59,32,30,10,16,51,1,4,1,0,0,4.426,1.23,8,1,0.131,-1.979,-1.853,-0.424,-0.254,0.016,-4.493,2.728,4.825373108289913,,4.825373108289913
503,,,,,,,,,,,,,,,,,,,,,,,,,,,,345,Daniel Duarte,CIN| MIN,RIGHT,RP,31.666666666666664,0,31,24,14,13,5,20,23,3,0,1,0,0,3.695,1.389,2,2,0.063,-1.453,-2.451,-0.424,0.065,-0.238,-4.501,2.72,4.811222454013403,,4.811222454013403
504,,,,,,,,,,,,,,,,,,,,,,,,,,,,346,Andre Jackson,LAN| PIT,RIGHT,SP| RP,61.333333333333336,7,19,52,34,34,11,22,57,1,3,2,0,0,4.989,1.206,4,1,0.065,-1.979,-1.724,-0.338,-0.548,0.085,-4.506,2.715,4.802378295090584,,4.802378295090584
505,,,,,,,,,,,,,,,,,,,,,,,,,,,,347,J. T. Chargois,SEA| TBA| MIA,RIGHT,SP| RP,42.333333333333336,5,46,35,17,17,3,18,35,1,0,1,0,0,3.614,1.252,5,1,0.118,-1.979,-2.195,-0.424,0.116,-0.035,-4.517,2.704,4.782921145460382,,4.782921145460382
506,,,,,,,,,,,,,,,,,,,,,,,,,,,,348,Patrick Corbin,TEX| WAS,LEFT,SP,179.99999999999997,32,32,210,113,104,33,57,124,10,15,0,0,0,5.2,1.483,28,10,0.156,0.388,-0.292,-0.509,-1.932,-2.172,-4.517,2.704,4.782921145460382,,4.782921145460382
507,,,,,,,,,,,,,,,,,,,,,,,,,,,,349,Colin Holderman,PIT| NYN,RIGHT,RP,56.0,0,58,55,25,24,4,20,58,0,3,2,0,0,3.857,1.339,6,2,0.107,-2.242,-1.703,-0.338,0.037,-0.284,-4.53,2.691,4.759926332261054,,4.759926332261054
508,,,,,,,,,,,,,,,,,,,,,,,,,,,,350,Angel Zerpa,KCA,LEFT,SP| RP,42.66666666666667,3,15,46,24,23,7,8,36,3,3,0,0,0,4.852,1.266,1,1,0.023,-1.453,-2.173,-0.509,-0.332,-0.064,-4.531,2.6900000000000004,4.758157500476491,,4.758157500476491
509,,,,,,,,,,,,,,,,,,,,,,,,,,,,351,Sawyer Gipson-Long,DET,RIGHT,SP,20.0,4,4,14,7,6,2,8,26,1,0,0,0,0,2.7,1.1,1,1,0.05,-1.979,-2.387,-0.509,0.21,0.131,-4.534,2.6870000000000003,4.7528510051228,,4.7528510051228
510,,,,,,,,,,,,,,,,,,,,,,,,,,,,352,Ryne Nelson,ARI,RIGHT,SP,144.0,27,29,159,87,85,24,46,96,8,8,0,0,0,5.312,1.424,2,4,0.014,-0.138,-0.89,-0.509,-1.683,-1.32,-4.54,2.681,4.742238014415417,,4.742238014415417
511,,,,,,,,,,,,,,,,,,,,,,,,,,,,353,Brady Singer,CIN| KCA,RIGHT,SP,159.66666666666666,29,29,182,102,98,20,49,133,8,11,0,0,0,5.524,1.447,11,3,0.069,-0.138,-0.099,-0.509,-2.153,-1.643,-4.542,2.6790000000000003,4.7387003508462895,,4.7387003508462895
512,,,,,,,,,,,,,,,,,,,,,,,,,,,,354,Carlos Hernandez,CLE| DET| PHI| KCA,RIGHT,SP| RP,69.99999999999999,4,67,62,43,41,10,31,77,1,10,4,0,0,5.271,1.329,3,1,0.043,-1.979,-1.297,-0.168,-0.794,-0.318,-4.556,2.665,4.713936705862396,,4.713936705862396
513,,,,,,,,,,,,,,,,,,,,,,,,,,,,355,Luis Garcia,ANA| LAN| WAS| TEX| SLN| SDN| BOS,RIGHT,RP,59.66666666666667,0,61,59,30,27,6,24,53,2,3,0,0,0,4.073,1.391,12,2,0.201,-1.716,-1.81,-0.509,-0.069,-0.453,-4.557,2.664,4.712167874077832,,4.712167874077832
514,,,,,,,,,,,,,,,,,,,,,,,,,,,,356,Bryan Shaw,SEA| CLE| CHA,RIGHT,RP,45.66666666666666,0,38,39,21,21,3,17,40,0,0,4,0,0,4.139,1.226,2,0,0.044,-2.242,-2.088,-0.168,-0.079,0.019,-4.558,2.6630000000000003,4.71039904229327,,4.71039904229327
515,,,,,,,,,,,,,,,,,,,,,,,,,,,,357,Daniel Lynch,KCA,LEFT,SP,52.33333333333333,9,9,50,29,27,9,16,34,3,4,0,0,0,4.643,1.261,9,1,0.172,-1.453,-2.216,-0.509,-0.314,-0.066,-4.559,2.662,4.708630210508705,,4.708630210508705
516,,,,,,,,,,,,,,,,,,,,,,,,,,,,358,Jake Irvin,WAS,RIGHT,SP,121.0,24,24,118,66,62,20,54,99,3,7,0,0,0,4.612,1.421,5,0,0.041,-1.453,-0.826,-0.509,-0.694,-1.097,-4.579,2.6420000000000003,4.673253574817431,,4.673253574817431
517,,,,,,,,,,,,,,,,,,,,,,,,,,,,359,Joe Mantiply,ARI,LEFT,SP| RP,39.0,3,35,35,22,20,4,9,28,2,2,0,0,0,4.615,1.128,3,0,0.077,-1.716,-2.345,-0.509,-0.225,0.202,-4.592,2.6290000000000004,4.650258761618103,,4.650258761618103
518,,,,,,,,,,,,,,,,,,,,,,,,,,,,360,Ben Lively,CLE| CIN,RIGHT,SP| RP,88.66666666666667,12,19,96,53,53,20,25,79,4,7,0,0,0,5.38,1.365,7,0,0.079,-1.19,-1.254,-0.509,-1.087,-0.559,-4.599,2.622,4.637876939126155,,4.637876939126155
519,,,,,,,,,,,,,,,,,,,,,,,,,,,,361,Luis Garcia,HOU,RIGHT,SP,27.0,6,6,25,12,12,3,10,31,2,2,0,0,0,4.0,1.296,0,1,0.0,-1.716,-2.28,-0.509,-0.015,-0.08,-4.601,2.62,4.6343392755570285,,4.6343392755570285
520,,,,,,,,,,,,,,,,,,,,,,,,,,,,362,Jorge Lopez,WAS| BAL| KCA| MIN| MIA| CHN| NYN,RIGHT,RP,58.99999999999998,0,61,67,42,39,12,22,49,6,2,3,0,0,5.949,1.508,7,1,0.119,-0.664,-1.895,-0.253,-1.009,-0.784,-4.606,2.615,4.62549511663421,,4.62549511663421
521,,,,,,,,,,,,,,,,,,,,,,,,,,,,363,Kyle Harrison,BOS| SFN,LEFT,SP,34.666666666666664,7,7,29,19,16,8,11,35,1,1,0,0,0,4.154,1.154,3,3,0.087,-1.979,-2.195,-0.509,-0.064,0.137,-4.61,2.611,4.618419789495953,,4.618419789495953
522,149,Jordan Walker,SLN,116,8,RIGHT,465,420,116,50,16,51,37,7,4,0.276,RF,-1.356,-0.603,-1.065,-0.423,0.445,-3.002,1.8870000000000005,4.889,4.610511690158327,,,,,,,,,,,,,,,,,,,,,,,,,,,,,,,,,,,4.610511690158327
523,142,Josh Bell,WAS| PIT| SDN| CLE| MIA| ARI,150,5,SWITCH,617,547,135,52,22,74,63,0,1,0.247,DH| 1B,-1.249,0.068,0.084,-1.0,-0.656,-2.753,1.883,4.636,4.6007384804282605,,,,,,,,,,,,,,,,,,,,,,,,,,,,,,,,,,,4.6007384804282605
524,,,,,,,,,,,,,,,,,,,,,,,,,,,,364,Jose Cisnero,DET| ANA,RIGHT,RP,59.333333333333336,0,63,63,39,35,10,25,70,3,4,2,0,0,5.309,1.483,4,1,0.067,-1.453,-1.446,-0.338,-0.692,-0.716,-4.645,2.5760000000000005,4.556510677036224,,4.556510677036224
525,,,,,,,,,,,,,,,,,,,,,,,,,,,,365,Zach Jackson,OAK,RIGHT,RP,18.0,0,19,18,7,5,1,10,23,2,1,1,0,0,2.5,1.556,2,1,0.111,-1.716,-2.451,-0.424,0.219,-0.28,-4.652,2.569,4.544128854544277,,4.544128854544277
526,,,,,,,,,,,,,,,,,,,,,,,,,,,,366,Penn Murfee,CHA| SEA,RIGHT,RP,14.0,0,16,5,5,2,1,10,16,1,2,0,0,0,1.286,1.071,3,0,0.214,-1.979,-2.601,-0.509,0.315,0.111,-4.663,2.558,4.524671704914075,,4.524671704914075
527,,,,,,,,,,,,,,,,,,,,,,,,,,,,367,George Soriano,MIA,RIGHT,RP,51.99999999999999,1,26,46,26,22,6,23,52,0,0,1,0,0,3.808,1.327,0,0,0.0,-2.242,-1.831,-0.424,0.057,-0.232,-4.673,2.548,4.506983387068438,,4.506983387068438
528,255,Blake Sabol,BOS| SFN,108,7,LEFT,344,310,73,33,13,44,24,3,2,0.235,CC| LF,-2.261,-0.939,-1.415,-0.753,-0.642,-6.009,1.837,7.846,4.488346568532508,,,,,,,,,,,,,,,,,,,,,,,,,,,,,,,,,,,4.488346568532508
529,,,,,,,,,,,,,,,,,,,,,,,,,,,,368,Yency Almonte,COL| LAN| CHN,RIGHT,RP,48.00000000000001,0,49,43,30,27,6,24,49,3,2,0,0,0,5.062,1.396,3,1,0.062,-1.453,-1.895,-0.509,-0.459,-0.375,-4.692,2.529,4.473375583161727,,4.473375583161727
530,,,,,,,,,,,,,,,,,,,,,,,,,,,,369,Zack Greinke,HOU| KCA,RIGHT,SP| RP,142.33333333333334,27,30,158,82,80,25,23,97,2,15,0,0,0,5.059,1.272,2,1,0.014,-1.716,-0.869,-0.509,-1.357,-0.254,-4.704,2.5170000000000003,4.452149601746962,,4.452149601746962
531,,,,,,,,,,,,,,,,,,,,,,,,,,,,370,Jose Butto,NYN| SFN,RIGHT,SP,42.0,7,9,33,17,17,3,23,38,1,4,0,0,0,3.643,1.333,10,0,0.238,-1.979,-2.131,-0.509,0.105,-0.201,-4.715,2.506,4.43269245211676,,4.43269245211676
532,,,,,,,,,,,,,,,,,,,,,,,,,,,,371,Rich Hill,KCA| MIN| NYN| TBA| BOS| PIT| SDN,LEFT,SP| RP,146.33333333333334,27,32,165,98,88,23,58,129,8,14,0,0,0,5.412,1.524,25,2,0.171,-0.138,-0.185,-0.509,-1.834,-2.055,-4.721,2.5,4.4220794614093775,,4.4220794614093775
533,152,Jarren Duran,BOS,101,1,LEFT,362,332,98,45,8,40,24,22,2,0.295,CF| LF,-1.622,-1.498,-1.615,0.813,0.836,-3.085,1.8040000000000005,4.889,4.40771758825947,,,,,,,,,,,,,,,,,,,,,,,,,,,,,,,,,,,4.40771758825947
534,153,Mark Canha,KCA| OAK| NYN| MIL| DET| SFN,135,6,RIGHT,507,435,114,51,11,62,49,11,1,0.262,LF| DH| RF,-1.302,-1.162,-0.516,-0.093,-0.011,-3.085,1.8040000000000005,4.889,4.40771758825947,,,,,,,,,,,,,,,,,,,,,,,,,,,,,,,,,,,4.40771758825947
535,,,,,,,,,,,,,,,,,,,,,,,,,,,,372,Rafael Montero,ATL| DET| HOU| TEX| SEA,RIGHT,RP,67.33333333333334,0,68,74,40,38,11,29,79,3,3,1,0,0,5.079,1.53,11,2,0.163,-1.453,-1.254,-0.424,-0.654,-0.964,-4.749,2.4720000000000004,4.372552171441593,,4.372552171441593
536,,,,,,,,,,,,,,,,,,,,,,,,,,,,373,Chad Green,TOR| NYA,RIGHT,RP,11.999999999999998,0,12,12,10,7,1,4,16,3,0,0,0,0,5.25,1.333,1,0,0.083,-1.453,-2.601,-0.509,-0.134,-0.057,-4.754,2.4670000000000005,4.363708012518775,,4.363708012518775
537,,,,,,,,,,,,,,,,,,,,,,,,,,,,374,Andrew Kittredge,BAL| CHN| TBA| SLN,RIGHT,RP,11.666666666666666,0,14,12,4,4,1,2,10,2,0,1,0,0,3.086,1.2,1,0,0.086,-1.716,-2.729,-0.424,0.084,0.02,-4.765,2.4560000000000004,4.344250862888574,,4.344250862888574
538,,,,,,,,,,,,,,,,,,,,,,,,,,,,375,Collin McHugh,TBA| ATL,RIGHT,RP,58.66666666666667,1,41,70,34,28,5,22,47,4,1,0,0,0,4.295,1.568,3,1,0.051,-1.19,-1.938,-0.509,-0.179,-0.95,-4.766,2.455,4.3424820311040095,,4.3424820311040095
539,,,,,,,,,,,,,,,,,,,,,,,,,,,,376,Mason Miller,ATH| SDN| OAK,RIGHT,SP| RP,33.33333333333333,6,10,24,15,14,2,16,38,0,3,0,0,0,3.78,1.2,1,2,0.03,-2.242,-2.131,-0.509,0.044,0.057,-4.781,2.4400000000000004,4.315949554335553,,4.315949554335553
540,,,,,,,,,,,,,,,,,,,,,,,,,,,,377,Drew Carlton,DET| SDN,RIGHT,RP,20.666666666666668,0,11,18,12,10,2,6,18,2,1,0,0,0,4.355,1.161,0,1,0.0,-1.716,-2.558,-0.509,-0.074,0.074,-4.783,2.438,4.312411890766425,,4.312411890766425
541,,,,,,,,,,,,,,,,,,,,,,,,,,,,378,Ray Kerr,SDN| ATL,LEFT,RP,27.0,0,22,25,15,13,5,9,35,1,1,0,0,0,4.333,1.259,0,0,0.0,-1.979,-2.195,-0.509,-0.091,-0.032,-4.806,2.415,4.271728759721459,,4.271728759721459
542,154,Ezequiel Duran,TEX,122,7,RIGHT,439,406,112,55,14,46,23,8,4,0.276,SS| LF| DH| 3B,-1.089,-0.827,-1.315,-0.341,0.42,-3.152,1.737,4.889,4.244016325280875,,,,,,,,,,,,,,,,,,,,,,,,,,,,,,,,,,,4.244016325280875
543,,,,,,,,,,,,,,,,,,,,,,,,,,,,379,Matt Koch,SEA| COL,RIGHT,RP,38.66666666666668,1,39,41,22,22,7,9,27,3,2,0,0,0,5.121,1.293,1,1,0.026,-1.453,-2.366,-0.509,-0.389,-0.109,-4.826,2.3950000000000005,4.2363521240301845,,4.2363521240301845
544,,,,,,,,,,,,,,,,,,,,,,,,,,,,380,Jeff Brigham,ARI| MIA| NYN,RIGHT,RP,37.66666666666666,0,37,26,23,22,9,18,42,1,3,0,0,0,5.257,1.168,3,1,0.08,-1.979,-2.045,-0.509,-0.422,0.122,-4.833,2.388,4.2239703015382375,,4.2239703015382375
545,,,,,,,,,,,,,,,,,,,,,,,,,,,,381,German Marquez,COL,RIGHT,SP,20.0,4,4,19,11,11,4,3,17,2,2,0,0,0,4.95,1.1,0,2,0.0,-1.716,-2.58,-0.509,-0.172,0.131,-4.846,2.375,4.2009754883389085,,4.2009754883389085
546,,,,,,,,,,,,,,,,,,,,,,,,,,,,382,Josh Winder,MIN,RIGHT,RP,34.666666666666664,0,19,35,16,16,3,14,28,2,1,1,0,0,4.154,1.413,4,1,0.115,-1.716,-2.345,-0.424,-0.064,-0.301,-4.849,2.372,4.195668992985217,,4.195668992985217
547,,,,,,,,,,,,,,,,,,,,,,,,,,,,383,Brendan White,DET,RIGHT,RP,40.66666666666666,2,33,40,25,23,4,15,44,2,3,0,0,0,5.09,1.353,8,1,0.197,-1.716,-2.002,-0.509,-0.399,-0.232,-4.858,2.3630000000000004,4.179749506924145,,4.179749506924145
548,,,,,,,,,,,,,,,,,,,,,,,,,,,,384,Jose Hernandez,PIT,LEFT,RP,50.66666666666665,0,50,47,30,28,9,22,62,1,3,0,0,0,4.974,1.362,7,0,0.138,-1.979,-1.617,-0.509,-0.446,-0.312,-4.864,2.357,4.169136516216762,,4.169136516216762
549,,,,,,,,,,,,,,,,,,,,,,,,,,,,385,Sean Newcomb,ATH| BOS| ATL| CHN| OAK,LEFT,RP,15.0,2,7,8,5,5,1,9,17,1,1,0,0,0,3.0,1.133,1,0,0.067,-1.979,-2.58,-0.509,0.119,0.074,-4.874,2.3470000000000004,4.151448198371124,,4.151448198371124
550,,,,,,,,,,,,,,,,,,,,,,,,,,,,386,Dany Jimenez,SFN| OAK,RIGHT,RP,23.33333333333333,1,25,11,9,9,3,14,21,0,2,1,0,0,3.471,1.071,3,1,0.129,-2.242,-2.494,-0.424,0.092,0.185,-4.883,2.338,4.13552871231005,,4.13552871231005
551,,,,,,,,,,,,,,,,,,,,,,,,,,,,387,Keegan Thompson,CHN,RIGHT,RP,28.666666666666668,0,19,20,15,15,2,19,26,2,2,1,0,0,4.709,1.361,1,0,0.035,-1.716,-2.387,-0.424,-0.188,-0.175,-4.89,2.3310000000000004,4.123146889818105,,4.123146889818105
552,,,,,,,,,,,,,,,,,,,,,,,,,,,,388,Garrett Cleavinger,TBA| PHI| LAN,LEFT,RP,11.999999999999998,0,15,6,5,4,2,6,14,1,0,0,0,0,3.0,1.0,1,0,0.083,-1.979,-2.644,-0.509,0.095,0.137,-4.9,2.321,4.105458571972465,,4.105458571972465
553,155,Luis Rengifo,ANA,124,8,SWITCH,445,394,104,55,16,51,41,6,4,0.264,2B| SS| 3B,-1.089,-0.603,-1.065,-0.505,0.047,-3.216,1.673,4.889,4.08764496959983,,,,,,,,,,,,,,,,,,,,,,,,,,,,,,,,,,,4.08764496959983
554,,,,,,,,,,,,,,,,,,,,,,,,,,,,389,Trevor Gott,SFN| MIL| NYN| SEA,RIGHT,RP,58.0,0,64,63,34,27,4,19,62,0,5,1,0,0,4.19,1.414,12,0,0.207,-2.242,-1.617,-0.424,-0.125,-0.504,-4.912,2.309,4.0842325905577015,,4.0842325905577015
555,,,,,,,,,,,,,,,,,,,,,,,,,,,,390,Zack Weiss,ANA| BOS,RIGHT,RP,14.0,0,12,9,6,5,4,6,15,1,0,0,0,0,3.214,1.071,0,0,0.0,-1.979,-2.623,-0.509,0.086,0.111,-4.913,2.308,4.082463758773137,,4.082463758773137
556,,,,,,,,,,,,,,,,,,,,,,,,,,,,391,Matt Waldron,SDN,RIGHT,SP,41.333333333333336,6,8,39,20,20,9,12,31,1,3,0,0,0,4.355,1.234,8,0,0.194,-1.979,-2.28,-0.509,-0.147,0.002,-4.913,2.308,4.082463758773137,,4.082463758773137
557,,,,,,,,,,,,,,,,,,,,,,,,,,,,392,AJ Smith-Shawver,ATL,RIGHT,SP,25.33333333333333,5,6,17,14,12,7,11,20,1,0,0,0,0,4.263,1.105,5,1,0.197,-1.979,-2.516,-0.509,-0.07,0.16,-4.914,2.3070000000000004,4.080694926988574,,4.080694926988574
558,,,,,,,,,,,,,,,,,,,,,,,,,,,,393,Kenny Rosenberg,ANA,LEFT,SP| RP,33.0,3,7,35,14,14,3,14,29,2,2,0,0,0,3.818,1.485,3,3,0.091,-1.716,-2.323,-0.509,0.033,-0.401,-4.916,2.305,4.077157263419446,,4.077157263419446
559,,,,,,,,,,,,,,,,,,,,,,,,,,,,394,Yerry De Los Santos,NYA| PIT,RIGHT,RP,24.33333333333333,0,22,17,10,9,1,13,18,1,1,0,0,0,3.329,1.233,2,1,0.082,-1.979,-2.558,-0.509,0.125,0.003,-4.918,2.303,4.073619599850319,,4.073619599850319
560,,,,,,,,,,,,,,,,,,,,,,,,,,,,395,Dakota Hudson,SLN| COL,RIGHT,SP| RP,81.33333333333333,12,18,88,46,45,9,34,45,6,3,0,0,0,4.979,1.5,2,0,0.025,-0.664,-1.981,-0.509,-0.721,-1.047,-4.922,2.2990000000000004,4.066544272712065,,4.066544272712065
561,,,,,,,,,,,,,,,,,,,,,,,,,,,,396,Ronel Blanco,HOU,RIGHT,SP| RP,52.0,7,17,49,29,26,12,28,52,2,1,0,0,0,4.5,1.481,2,0,0.038,-1.716,-1.831,-0.509,-0.249,-0.621,-4.926,2.295,4.059468945573808,,4.059468945573808
562,,,,,,,,,,,,,,,,,,,,,,,,,,,,397,Daniel Bard,COL,RIGHT,RP,49.333333333333336,0,50,35,30,25,5,49,47,4,2,1,0,0,4.561,1.703,2,3,0.041,-1.19,-1.938,-0.424,-0.262,-1.121,-4.935,2.2860000000000005,4.043549459512736,,4.043549459512736
563,,,,,,,,,,,,,,,,,,,,,,,,,,,,398,Yonny Chirinos,TBA| ATL| MIA,RIGHT,SP| RP,85.0,9,20,91,53,51,15,27,53,5,5,0,0,0,5.4,1.388,3,1,0.035,-0.927,-1.81,-0.509,-1.057,-0.633,-4.936,2.285,4.041780627728172,,4.041780627728172
564,,,,,,,,,,,,,,,,,,,,,,,,,,,,399,Connor Brogdon,ANA| PHI| LAN,RIGHT,RP,29.0,1,27,29,14,13,5,13,26,2,1,0,0,0,4.035,1.448,5,1,0.172,-1.716,-2.387,-0.509,-0.024,-0.301,-4.937,2.284,4.040011795943607,,4.040011795943607
565,,,,,,,,,,,,,,,,,,,,,,,,,,,,401,Albert Abreu,NYA| KCA| TEX,RIGHT,RP,58.99999999999999,0,45,52,39,31,9,35,61,2,2,0,0,0,4.729,1.475,7,0,0.119,-1.716,-1.639,-0.509,-0.397,-0.687,-4.948,2.273,4.020554646313406,,4.020554646313406
566,,,,,,,,,,,,,,,,,,,,,,,,,,,,400,Aaron Bummer,ATL| CHA,LEFT,RP,58.33333333333333,0,61,53,45,44,4,36,78,5,5,0,0,0,6.789,1.526,17,1,0.291,-0.927,-1.275,-0.509,-1.413,-0.824,-4.948,2.273,4.020554646313406,,4.020554646313406
567,156,Randal Grichuk,ARI| KCA| TOR| COL| ANA,118,5,RIGHT,471,434,116,65,16,44,29,2,2,0.267,LF| CF| RF,-0.557,-0.603,-1.415,-0.835,0.163,-3.247,1.6420000000000003,4.889,4.011902594191824,,,,,,,,,,,,,,,,,,,,,,,,,,,,,,,,,,,4.011902594191824
568,,,,,,,,,,,,,,,,,,,,,,,,,,,,402,Brent Headrick,NYA| MIN,LEFT,RP,25.666666666666664,0,14,27,18,18,7,10,30,3,0,1,0,0,6.312,1.442,0,0,0.0,-1.453,-2.302,-0.424,-0.518,-0.258,-4.954,2.2670000000000003,4.009941655606024,,4.009941655606024
569,,,,,,,,,,,,,,,,,,,,,,,,,,,,403,Chasen Shreve,NYN| PIT| CIN| DET| COL,LEFT,RP,44.66666666666666,0,50,46,25,23,7,14,45,1,2,0,0,0,4.634,1.343,1,0,0.022,-1.979,-1.981,-0.509,-0.265,-0.235,-4.969,2.252,3.983409178837567,,3.983409178837567
570,,,,,,,,,,,,,,,,,,,,,,,,,,,,404,Bruce Zimmermann,MIL| BAL,LEFT,RP,13.333333333333334,0,7,17,8,7,3,0,14,2,0,0,0,0,4.725,1.275,0,0,0.0,-1.716,-2.644,-0.509,-0.089,-0.026,-4.984,2.237,3.956876702069112,,3.956876702069112
571,,,,,,,,,,,,,,,,,,,,,,,,,,,,405,Ty Adcock,NYN| SEA,RIGHT,RP,15.666666666666666,0,12,11,7,6,4,0,11,0,0,0,0,0,3.447,0.702,1,0,0.064,-2.242,-2.708,-0.509,0.065,0.406,-4.988,2.233,3.949801374930856,,3.949801374930856
572,,,,,,,,,,,,,,,,,,,,,,,,,,,,406,Darius Vines,ATL,RIGHT,RP,20.333333333333336,2,5,15,10,9,3,7,14,1,0,0,0,0,3.984,1.082,2,1,0.098,-1.979,-2.644,-0.509,-0.008,0.151,-4.989,2.232,3.948032543146293,,3.948032543146293
573,,,,,,,,,,,,,,,,,,,,,,,,,,,,407,David Peterson,NYN,LEFT,SP| RP,111.00000000000004,21,27,124,64,62,16,50,128,3,8,0,0,0,5.027,1.568,4,5,0.036,-1.453,-0.206,-0.509,-1.028,-1.794,-4.99,2.231,3.9462637113617287,,3.9462637113617287
574,157,Adam Frazier,KCA| PIT| SDN| SEA| BAL,139,7,LEFT,455,412,99,58,13,60,32,11,4,0.24,2B,-0.929,-0.939,-0.616,-0.093,-0.7,-3.277,1.612,4.889,3.938603521216333,,,,,,,,,,,,,,,,,,,,,,,,,,,,,,,,,,,3.938603521216333
575,,,,,,,,,,,,,,,,,,,,,,,,,,,,408,Joe La Sorsa,CIN| TBA| WAS,LEFT,RP,32.66666666666667,0,25,32,16,16,3,9,28,1,0,0,0,0,4.408,1.255,4,0,0.122,-1.979,-2.345,-0.509,-0.131,-0.032,-4.995,2.226,3.93741955243891,,3.93741955243891
576,,,,,,,,,,,,,,,,,,,,,,,,,,,,409,Marco Gonzales,SEA| PIT,LEFT,SP,50.0,10,10,55,32,29,5,18,34,4,1,0,0,0,5.22,1.46,1,1,0.02,-1.19,-2.216,-0.509,-0.545,-0.547,-5.007,2.2140000000000004,3.9161935710241456,,3.9161935710241456
577,,,,,,,,,,,,,,,,,,,,,,,,,,,,410,Hunter Gaddis,CLE,RIGHT,SP| RP,42.0,7,11,41,21,21,6,14,24,2,1,0,0,0,4.5,1.31,3,1,0.071,-1.716,-2.43,-0.509,-0.201,-0.152,-5.008,2.213,3.9144247392395815,,3.9144247392395815
578,151,Ty France,MIN| TOR| SDN| SEA| CIN,158,2,RIGHT,665,587,147,79,12,58,43,1,0,0.25,1B,0.189,-1.05,-0.716,-0.918,-0.541,-3.035,1.601,4.636,3.9117271944586536,,,,,,,,,,,,,,,,,,,,,,,,,,,,,,,,,,,3.9117271944586536
579,,,,,,,,,,,,,,,,,,,,,,,,,,,,411,Trevor Rogers,BAL| MIA,LEFT,SP,18.0,4,4,16,9,8,2,6,19,1,2,0,0,0,4.0,1.222,0,0,0.0,-1.979,-2.537,-0.509,-0.01,0.011,-5.024,2.197,3.8861234306865615,,3.8861234306865615
580,,,,,,,,,,,,,,,,,,,,,,,,,,,,412,Dominic Leone,CLE| SFN| ANA| NYN| SEA| CHA,RIGHT,RP,54.0,0,51,49,28,28,14,28,54,1,3,1,0,0,4.667,1.426,9,0,0.167,-1.979,-1.789,-0.424,-0.335,-0.501,-5.028,2.1930000000000005,3.8790481035483073,,3.8790481035483073
581,,,,,,,,,,,,,,,,,,,,,,,,,,,,413,Austin Gomber,COL| SLN,LEFT,SP,138.99999999999997,27,27,164,88,85,26,43,87,9,9,0,0,0,5.504,1.489,8,1,0.058,0.125,-1.083,-0.509,-1.85,-1.717,-5.034,2.1870000000000003,3.868435112840924,,3.868435112840924
582,,,,,,,,,,,,,,,,,,,,,,,,,,,,414,Jimmy Herget,COL| TEX| ANA| ATL,RIGHT,RP,29.0,1,29,33,15,15,7,8,26,2,4,0,0,0,4.655,1.414,0,0,0.0,-1.716,-2.387,-0.509,-0.177,-0.252,-5.041,2.18,3.856053290348977,,3.856053290348977
583,,,,,,,,,,,,,,,,,,,,,,,,,,,,415,Michael Rucker,CHN,RIGHT,RP,40.333333333333336,0,35,39,22,22,6,19,40,2,1,0,0,0,4.909,1.438,0,1,0.0,-1.716,-2.088,-0.509,-0.333,-0.398,-5.044,2.1770000000000005,3.850746794995287,,3.850746794995287
584,,,,,,,,,,,,,,,,,,,,,,,,,,,,416,Sammy Peralta,ANA| CHA,LEFT,RP,20.0,0,16,19,11,9,2,11,18,2,0,0,0,0,4.05,1.5,1,0,0.05,-1.716,-2.558,-0.509,-0.019,-0.258,-5.06,2.1610000000000005,3.822445486442267,,3.822445486442267
585,,,,,,,,,,,,,,,,,,,,,,,,,,,,417,John King,SLN| TEX,LEFT,RP,37.333333333333336,0,35,45,15,15,2,10,20,2,1,0,0,0,3.616,1.473,2,0,0.054,-1.716,-2.516,-0.509,0.101,-0.432,-5.071,2.1500000000000004,3.8029883368120654,,3.8029883368120654
586,,,,,,,,,,,,,,,,,,,,,,,,,,,,418,Shintaro Fujinami,BAL| OAK,RIGHT,SP| RP,78.99999999999999,7,64,73,65,63,9,45,83,7,8,2,0,0,7.177,1.494,7,0,0.089,-0.401,-1.168,-0.338,-2.174,-0.993,-5.076,2.1450000000000005,3.794144177889247,,3.794144177889247
587,,,,,,,,,,,,,,,,,,,,,,,,,,,,419,Jose Ferrer,WAS,LEFT,RP,34.0,0,39,37,19,19,4,13,25,3,0,0,0,0,5.029,1.471,6,1,0.176,-1.453,-2.409,-0.509,-0.316,-0.389,-5.076,2.1450000000000005,3.794144177889247,,3.794144177889247
588,,,,,,,,,,,,,,,,,,,,,,,,,,,,420,Peter Lambert,COL,RIGHT,SP| RP,87.33333333333333,11,25,93,54,52,18,28,71,3,7,0,0,0,5.359,1.385,4,5,0.046,-1.453,-1.425,-0.509,-1.055,-0.639,-5.081,2.14,3.785300018966427,,3.785300018966427
589,,,,,,,,,,,,,,,,,,,,,,,,,,,,421,Angel Felipe,OAK,RIGHT,RP,15.000000000000002,0,14,6,7,7,0,13,19,1,1,0,0,0,4.2,1.267,0,0,0.0,-1.979,-2.537,-0.509,-0.034,-0.023,-5.082,2.139,3.783531187181864,,3.783531187181864
590,,,,,,,,,,,,,,,,,,,,,,,,,,,,422,Carson Fulmer,ANA| BAL| DET| CIN,RIGHT,P,10.0,1,3,6,3,3,1,4,6,1,1,0,0,0,2.7,1.0,1,0,0.1,-1.979,-2.815,-0.509,0.105,0.114,-5.084,2.1370000000000005,3.779993523612737,,3.779993523612737
591,,,,,,,,,,,,,,,,,,,,,,,,,,,,423,Chris Murphy,BOS,LEFT,RP,47.66666666666666,0,20,50,27,26,5,17,49,1,2,1,0,0,4.909,1.406,3,1,0.063,-1.979,-1.895,-0.424,-0.394,-0.395,-5.087,2.1340000000000003,3.7746870282590455,,3.7746870282590455
592,,,,,,,,,,,,,,,,,,,,,,,,,,,,424,Davis Daniel,ATL| ANA,RIGHT,RP,12.333333333333332,0,3,7,3,3,1,9,9,1,1,0,0,0,2.189,1.297,1,0,0.081,-1.979,-2.751,-0.509,0.183,-0.037,-5.093,2.128,3.764074037551663,,3.764074037551663
593,,,,,,,,,,,,,,,,,,,,,,,,,,,,425,Tyler Anderson,ANA| SFN| PIT| SEA| LAN,LEFT,SP,141.0,25,27,146,90,85,20,64,119,6,6,0,0,0,5.426,1.489,7,2,0.05,-0.664,-0.399,-0.509,-1.783,-1.743,-5.098,2.123,3.755229878628844,,3.755229878628844
594,,,,,,,,,,,,,,,,,,,,,,,,,,,,426,Dylan Lee,ATL,LEFT,RP,23.66666666666666,1,24,24,14,11,4,8,24,1,0,0,0,0,4.183,1.352,3,0,0.127,-1.979,-2.43,-0.509,-0.05,-0.135,-5.102,2.119,3.748154551490588,,3.748154551490588
595,,,,,,,,,,,,,,,,,,,,,,,,,,,,427,Jonathan Loaisiga,NYA,RIGHT,RP,17.666666666666668,0,17,14,7,6,2,1,6,0,2,0,0,0,3.057,0.849,1,0,0.057,-2.242,-2.815,-0.509,0.132,0.331,-5.103,2.1180000000000003,3.7463857197060255,,3.7463857197060255
596,,,,,,,,,,,,,,,,,,,,,,,,,,,,428,Jovani Moran,BOS| MIN,LEFT,RP,42.33333333333332,0,43,35,27,25,3,27,48,2,2,0,0,0,5.315,1.465,2,1,0.047,-1.716,-1.917,-0.509,-0.496,-0.472,-5.11,2.111,3.734003897214078,,3.734003897214078
597,,,,,,,,,,,,,,,,,,,,,,,,,,,,429,Ryan Weber,BOS| MIL| SEA| NYA,RIGHT,RP,14.333333333333334,0,8,17,5,5,2,1,7,1,0,1,0,0,3.139,1.256,3,0,0.209,-1.979,-2.794,-0.424,0.097,-0.014,-5.114,2.107,3.726928570075824,,3.726928570075824
598,,,,,,,,,,,,,,,,,,,,,,,,,,,,430,Carl Edwards,ANA| TEX| SEA| ATL| TOR| WAS| SDN,RIGHT,RP,31.666666666666664,0,32,31,14,13,1,17,24,1,3,2,0,0,3.695,1.516,2,0,0.063,-1.979,-2.43,-0.338,0.065,-0.432,-5.115,2.106,3.72515973829126,,3.72515973829126
599,,,,,,,,,,,,,,,,,,,,,,,,,,,,431,Seth Martinez,MIA| HOU,RIGHT,RP,43.0,0,35,45,29,25,5,19,45,2,3,1,0,0,5.233,1.488,4,1,0.093,-1.716,-1.981,-0.424,-0.473,-0.529,-5.124,2.0970000000000004,3.709240252230187,,3.709240252230187
600,,,,,,,,,,,,,,,,,,,,,,,,,,,,433,Austin Cox,ATL| KCA,LEFT,SP| RP,35.666666666666664,3,24,28,20,18,2,17,33,0,1,1,0,0,4.542,1.262,3,1,0.084,-2.242,-2.238,-0.424,-0.184,-0.046,-5.133,2.088,3.693320766169113,,3.693320766169113
601,,,,,,,,,,,,,,,,,,,,,,,,,,,,432,Richard Lovelady,NYN| TOR| KCA| OAK| CHN| TBA,LEFT,RP,23.333333333333336,0,27,15,13,12,3,10,24,0,3,0,0,0,4.629,1.071,3,1,0.129,-2.242,-2.43,-0.509,-0.137,0.185,-5.133,2.088,3.693320766169113,,3.693320766169113
602,,,,,,,,,,,,,,,,,,,,,,,,,,,,434,Andrew Saalfrank,ARI,LEFT,RP,10.333333333333334,0,10,7,2,0,0,4,6,0,0,0,0,0,0.0,1.065,2,0,0.194,-2.242,-2.815,-0.509,0.345,0.086,-5.135,2.0860000000000003,3.689783102599985,,3.689783102599985
603,,,,,,,,,,,,,,,,,,,,,,,,,,,,435,Michael Kelly,ATH| PHI| CLE| OAK,RIGHT,RP,16.666666666666664,0,14,13,8,7,0,9,16,1,0,0,0,0,3.78,1.32,3,1,0.18,-1.979,-2.601,-0.509,0.022,-0.069,-5.136,2.085,3.688014270815421,,3.688014270815421
604,,,,,,,,,,,,,,,,,,,,,,,,,,,,436,Brandon Pfaadt,ARI,RIGHT,SP,96.0,18,19,109,63,61,22,26,94,3,9,0,0,0,5.719,1.406,8,4,0.083,-1.453,-0.933,-0.509,-1.453,-0.799,-5.147,2.074,3.66855712118522,,3.66855712118522
605,,,,,,,,,,,,,,,,,,,,,,,,,,,,437,Brent Honeywell,TBA| CHA| SDN| LAN| PIT,RIGHT,RP,52.333333333333336,0,40,53,29,28,10,23,45,2,4,0,0,0,4.815,1.452,6,0,0.115,-1.716,-1.981,-0.509,-0.391,-0.552,-5.149,2.072,3.6650194576160926,,3.6650194576160926
606,263,Christian Bethancourt,OAK| TBA| CHN| MIA,99,9,RIGHT,332,315,71,49,11,33,13,1,0,0.225,CC,-1.409,-1.162,-1.965,-0.918,-0.896,-6.349,1.497,7.846,3.657623741476954,,,,,,,,,,,,,,,,,,,,,,,,,,,,,,,,,,,3.657623741476954
607,158,Luis Garcia,WAS,121,2,LEFT,482,447,119,61,9,50,27,9,4,0.266,2B,-0.77,-1.386,-1.115,-0.258,0.131,-3.398,1.491,4.889,3.642963926881857,,,,,,,,,,,,,,,,,,,,,,,,,,,,,,,,,,,3.642963926881857
608,,,,,,,,,,,,,,,,,,,,,,,,,,,,438,Jordan Lyles,TEX| BAL| KCA,RIGHT,SP,177.66666666666666,31,31,176,130,124,39,45,120,6,17,0,0,0,6.281,1.244,9,2,0.051,-0.664,-0.377,-0.509,-3.538,-0.077,-5.165,2.056,3.636718149063072,,3.636718149063072
609,,,,,,,,,,,,,,,,,,,,,,,,,,,,439,Hunter Stratton,ATL| PIT,RIGHT,RP,12.0,0,8,9,3,3,2,3,10,0,0,0,0,0,2.25,1.0,0,0,0.0,-2.242,-2.729,-0.509,0.172,0.137,-5.172,2.0490000000000004,3.624336326571127,,3.624336326571127
610,,,,,,,,,,,,,,,,,,,,,,,,,,,,440,Jose Urquidy,DET| HOU,RIGHT,SP| RP,63.0,10,16,65,37,37,11,25,45,3,3,1,0,0,5.286,1.429,13,2,0.206,-1.453,-1.981,-0.424,-0.722,-0.593,-5.173,2.048,3.6225674947865625,,3.6225674947865625
611,,,,,,,,,,,,,,,,,,,,,,,,,,,,441,Mason Thompson,WAS| SDN,RIGHT,RP,53.99999999999999,0,51,62,35,33,4,22,44,4,4,1,0,0,5.5,1.556,6,2,0.111,-1.19,-2.002,-0.424,-0.717,-0.841,-5.175,2.0460000000000003,3.619029831217435,,3.619029831217435
612,,,,,,,,,,,,,,,,,,,,,,,,,,,,442,Yohan Ramirez,PIT| SEA| CLE| CHA| BAL| BOS| LAN| NYN,RIGHT,RP,38.333333333333336,0,31,39,21,18,3,17,35,1,0,0,0,0,4.226,1.461,7,1,0.183,-1.979,-2.195,-0.509,-0.094,-0.421,-5.198,2.023,3.578346700172468,,3.578346700172468
613,159,Geraldo Perdomo,ARI,137,9,SWITCH,495,407,100,71,6,47,64,16,4,0.246,SS| 2B,-0.237,-1.721,-1.265,0.319,-0.523,-3.428,1.4610000000000003,4.889,3.569664853906368,,,,,,,,,,,,,,,,,,,,,,,,,,,,,,,,,,,3.569664853906368
614,,,,,,,,,,,,,,,,,,,,,,,,,,,,443,Mauricio Llovera,PHI| SFN| BOS,RIGHT,RP,35.0,0,30,36,25,19,3,15,29,2,3,0,0,0,4.886,1.457,8,0,0.229,-1.716,-2.323,-0.509,-0.282,-0.378,-5.208,2.013,3.5606583823268307,,3.5606583823268307
615,,,,,,,,,,,,,,,,,,,,,,,,,,,,444,Mason Englert,TBA| DET,RIGHT,RP,56.00000000000001,1,31,67,39,34,12,17,41,4,3,0,0,0,5.464,1.5,7,0,0.125,-1.19,-2.067,-0.509,-0.727,-0.721,-5.213,2.008,3.5518142234040124,,3.5518142234040124
616,264,Bo Naylor,CLE,67,8,LEFT,230,198,47,33,11,32,30,5,0,0.237,CC,-2.261,-1.162,-2.015,-0.588,-0.381,-6.407,1.439,7.846,3.515912200391007,,,,,,,,,,,,,,,,,,,,,,,,,,,,,,,,,,,3.515912200391007
617,160,Chris Taylor,ANA| LAN,113,6,RIGHT,384,338,80,49,15,56,41,14,3,0.237,SS| 3B| LF,-1.409,-0.715,-0.815,0.154,-0.668,-3.454,1.435,4.889,3.5061389906609417,,,,,,,,,,,,,,,,,,,,,,,,,,,,,,,,,,,3.5061389906609417
618,,,,,,,,,,,,,,,,,,,,,,,,,,,,445,Slade Cecconi,CLE| ARI,RIGHT,SP| RP,27.0,4,7,27,13,13,4,4,20,0,1,0,0,0,4.333,1.148,1,1,0.037,-2.242,-2.516,-0.509,-0.091,0.114,-5.244,1.9770000000000003,3.4969804380825367,,3.4969804380825367
619,,,,,,,,,,,,,,,,,,,,,,,,,,,,446,Grant Anderson,MIL| TEX,RIGHT,RP,35.666666666666664,0,26,38,20,20,5,14,30,2,1,0,0,0,5.047,1.458,5,2,0.14,-1.716,-2.302,-0.509,-0.336,-0.386,-5.25,1.971,3.486367447375154,,3.486367447375154
620,,,,,,,,,,,,,,,,,,,,,,,,,,,,447,Jacob Lopez,ATH| TBA,LEFT,RP,12.333333333333332,1,4,14,7,6,0,2,8,1,0,1,0,0,4.378,1.297,0,0,0.0,-1.979,-2.772,-0.424,-0.046,-0.037,-5.259,1.962,3.470447961314079,,3.470447961314079
621,161,Matt Chapman,SFN| OAK| TOR,140,5,RIGHT,581,509,122,66,17,54,62,4,2,0.24,3B,-0.503,-0.491,-0.915,-0.67,-0.889,-3.469,1.4200000000000004,4.889,3.469489454173197,,,,,,,,,,,,,,,,,,,,,,,,,,,,,,,,,,,3.469489454173197
622,,,,,,,,,,,,,,,,,,,,,,,,,,,,448,Andre Pallante,SLN,RIGHT,RP,68.0,0,62,76,37,36,6,30,43,4,1,0,0,0,4.765,1.559,15,3,0.221,-1.19,-2.024,-0.509,-0.479,-1.07,-5.271,1.95,3.449221979899315,,3.449221979899315
623,,,,,,,,,,,,,,,,,,,,,,,,,,,,450,Nick Vespi,BAL,LEFT,RP,14.666666666666668,0,9,16,7,7,2,2,9,1,0,0,0,0,4.295,1.227,0,1,0.0,-1.979,-2.751,-0.509,-0.045,0.006,-5.278,1.9430000000000005,3.436840157407369,,3.436840157407369
624,,,,,,,,,,,,,,,,,,,,,,,,,,,,449,Sam Bachman,ANA,RIGHT,RP,17.0,0,11,17,7,6,0,11,14,1,2,1,0,0,3.176,1.647,0,0,0.0,-1.979,-2.644,-0.424,0.11,-0.34,-5.278,1.9430000000000005,3.436840157407369,,3.436840157407369
625,162,Adam Duvall,ATL| MIA| BOS,90,5,RIGHT,353,320,79,44,21,58,22,4,0,0.247,RF| CF,-1.675,-0.044,-0.716,-0.67,-0.382,-3.487,1.402,4.889,3.425510010387903,,,,,,,,,,,,,,,,,,,,,,,,,,,,,,,,,,,3.425510010387903
626,,,,,,,,,,,,,,,,,,,,,,,,,,,,451,Dylan Covey,BOS| LAN| PHI,RIGHT,RP,43.0,1,29,48,22,18,5,17,30,1,3,0,0,0,3.767,1.512,1,0,0.023,-1.979,-2.302,-0.509,0.062,-0.578,-5.306,1.915,3.387312867439584,,3.387312867439584
627,,,,,,,,,,,,,,,,,,,,,,,,,,,,452,Gavin Hollowell,CHN| COL,RIGHT,RP,33.666666666666664,0,26,31,23,22,8,18,32,2,0,1,0,0,5.881,1.455,4,0,0.119,-1.716,-2.259,-0.424,-0.556,-0.361,-5.316,1.905,3.3696245495939463,,3.3696245495939463
628,,,,,,,,,,,,,,,,,,,,,,,,,,,,453,Tyson Miller,CHN| TEX| LAN| MIL| NYN| SEA,RIGHT,RP,15.333333333333332,0,10,13,8,8,2,6,10,1,0,0,0,0,4.696,1.239,0,0,0.0,-1.979,-2.729,-0.509,-0.099,-0.003,-5.319,1.902,3.364318054240255,,3.364318054240255
629,,,,,,,,,,,,,,,,,,,,,,,,,,,,454,Deivi Garcia,NYA| CHA,RIGHT,RP,14.999999999999998,0,8,9,9,4,2,12,10,0,1,1,0,0,2.4,1.4,0,0,0.0,-2.242,-2.729,-0.424,0.196,-0.12,-5.32,1.901,3.3625492224556903,,3.3625492224556903
630,,,,,,,,,,,,,,,,,,,,,,,,,,,,455,Allan Winans,NYA| ATL,RIGHT,SP,32.33333333333333,6,6,37,19,19,5,8,34,1,2,0,0,0,5.289,1.392,1,1,0.031,-1.979,-2.216,-0.509,-0.371,-0.246,-5.322,1.899,3.3590115588865634,,3.3590115588865634
631,,,,,,,,,,,,,,,,,,,,,,,,,,,,456,Jalen Beeks,ARI| TBA| COL| PIT,LEFT,SP| RP,42.333333333333336,8,30,42,28,28,4,21,47,2,3,1,0,0,5.953,1.488,0,0,0.0,-1.716,-1.938,-0.424,-0.725,-0.521,-5.324,1.897,3.355473895317436,,3.355473895317436
632,,,,,,,,,,,,,,,,,,,,,,,,,,,,457,Trey Wingenter,DET| BOS| CHN,RIGHT,RP,17.0,0,17,16,11,11,2,7,22,1,0,0,0,0,5.824,1.353,2,0,0.118,-1.979,-2.473,-0.509,-0.272,-0.097,-5.331,1.89,3.343092072825489,,3.343092072825489
633,,,,,,,,,,,,,,,,,,,,,,,,,,,,460,Matthew Liberatore,SLN,LEFT,SP| RP,61.66666666666667,11,22,66,42,36,5,25,46,3,6,0,0,0,5.254,1.476,6,1,0.097,-1.453,-1.96,-0.509,-0.69,-0.721,-5.333,1.888,3.339554409256362,,3.339554409256362
634,,,,,,,,,,,,,,,,,,,,,,,,,,,,459,Luis Frias,ARI| TOR,RIGHT,RP,31.0,0,29,30,14,14,3,17,26,1,0,0,0,0,4.064,1.516,3,0,0.097,-1.979,-2.387,-0.509,-0.034,-0.424,-5.333,1.888,3.339554409256362,,3.339554409256362
635,,,,,,,,,,,,,,,,,,,,,,,,,,,,458,Jimmy Lambert,CHA,RIGHT,RP,37.66666666666666,1,35,41,26,22,10,20,41,2,3,1,0,0,5.257,1.619,5,1,0.133,-1.716,-2.067,-0.424,-0.422,-0.704,-5.333,1.888,3.339554409256362,,3.339554409256362
636,,,,,,,,,,,,,,,,,,,,,,,,,,,,461,Bennett Sousa,HOU| CHA| MIL,LEFT,RP,9.0,0,7,6,4,4,1,2,10,0,0,0,0,0,4.0,0.889,0,0,0.0,-2.242,-2.729,-0.509,-0.005,0.151,-5.334,1.8870000000000005,3.337785577471799,,3.337785577471799
637,,,,,,,,,,,,,,,,,,,,,,,,,,,,462,Jose Quijada,ANA,LEFT,RP,9.0,0,10,8,7,6,0,3,8,0,1,4,0,0,6.0,1.222,0,0,0.0,-2.242,-2.772,-0.168,-0.158,0.006,-5.335,1.886,3.336016745687235,,3.336016745687235
638,,,,,,,,,,,,,,,,,,,,,,,,,,,,463,Kyle Freeland,COL,LEFT,SP,155.66666666666666,29,29,187,96,87,29,42,94,6,14,0,0,0,5.03,1.471,13,7,0.084,-0.664,-0.933,-0.509,-1.446,-1.786,-5.338,1.883,3.3307102503335435,,3.3307102503335435
639,,,,,,,,,,,,,,,,,,,,,,,,,,,,464,Taylor Clarke,KCA| ARI,RIGHT,RP,58.99999999999999,2,58,71,42,39,12,24,65,3,6,3,0,0,5.949,1.61,0,3,0.0,-1.453,-1.553,-0.253,-1.009,-1.076,-5.344,1.877,3.3200972596261606,,3.3200972596261606
640,,,,,,,,,,,,,,,,,,,,,,,,,,,,465,Joe Jacques,BOS| ARI,LEFT,RP,26.666666666666664,1,23,32,17,15,2,10,20,2,1,1,0,0,5.062,1.575,1,2,0.038,-1.716,-2.516,-0.424,-0.255,-0.441,-5.351,1.87,3.3077154371342146,,3.3077154371342146
641,164,Andrew Benintendi,CHA| BOS| KCA| NYA,146,2,LEFT,621,562,147,70,5,45,52,12,2,0.262,LF,-0.29,-1.833,-1.365,-0.011,-0.036,-3.536,1.3530000000000002,4.889,3.3057881911946025,,,,,,,,,,,,,,,,,,,,,,,,,,,,,,,,,,,3.3057881911946025
642,,,,,,,,,,,,,,,,,,,,,,,,,,,,466,Alec Marsh,KCA,RIGHT,SP| RP,74.33333333333331,8,17,77,50,47,16,39,85,3,9,0,0,0,5.691,1.56,11,1,0.148,-1.453,-1.126,-0.509,-1.107,-1.176,-5.371,1.85,3.272338801442939,,3.272338801442939
643,,,,,,,,,,,,,,,,,,,,,,,,,,,,467,Thomas Hatch,KCA| MIN| TOR| PIT,RIGHT,RP,28.666666666666668,2,18,33,18,13,2,12,26,1,1,0,0,0,4.081,1.57,3,1,0.105,-1.979,-2.387,-0.509,-0.035,-0.466,-5.377,1.8440000000000003,3.2617258107355576,,3.2617258107355576
644,,,,,,,,,,,,,,,,,,,,,,,,,,,,468,Bryan Hoeing,SDN| MIA,RIGHT,SP| RP,70.66666666666666,7,33,71,45,43,13,25,53,2,3,0,0,0,5.476,1.359,6,1,0.085,-1.716,-1.81,-0.509,-0.924,-0.424,-5.383,1.838,3.2511128200281747,,3.2511128200281747
645,,,,,,,,,,,,,,,,,,,,,,,,,,,,469,Luis Ortiz,SFN| PHI,RIGHT,RP,19.0,0,14,23,7,7,1,5,16,0,0,1,0,0,3.316,1.474,0,1,0.0,-2.242,-2.601,-0.424,0.1,-0.22,-5.387,1.8340000000000003,3.2440374928899205,,3.2440374928899205
646,165,Royce Lewis,MIN,58,3,RIGHT,239,217,67,36,15,52,20,6,1,0.309,3B,-2.101,-0.715,-1.015,-0.505,0.773,-3.564,1.3250000000000002,4.889,3.237375723084145,,,,,,,,,,,,,,,,,,,,,,,,,,,,,,,,,,,3.237375723084145
647,,,,,,,,,,,,,,,,,,,,,,,,,,,,470,Jimmy Yacabonis,SEA| MIA| TBA| NYN,RIGHT,RP,13.666666666666666,0,7,14,10,10,2,6,11,2,1,0,0,0,6.585,1.463,1,0,0.073,-1.716,-2.708,-0.509,-0.307,-0.152,-5.392,1.829,3.2351933339671004,,3.2351933339671004
648,,,,,,,,,,,,,,,,,,,,,,,,,,,,471,Brad Boxberger,MIA| MIL| CHN,RIGHT,RP,20.0,0,22,15,11,11,3,11,17,0,1,2,0,0,4.95,1.3,4,0,0.2,-2.242,-2.58,-0.338,-0.172,-0.063,-5.396,1.825,3.228118006828846,,3.228118006828846
649,272,Alejandro Kirk,TOR,121,6,RIGHT,422,372,93,34,8,43,42,0,0,0.25,CC,-2.208,-1.498,-1.465,-1.0,-0.355,-6.525,1.3209999999999995,7.846,3.227602513354079,,,,,,,,,,,,,,,,,,,,,,,,,,,,,,,,,,,3.227602513354079
650,,,,,,,,,,,,,,,,,,,,,,,,,,,,472,Michael Kopech,LAN| CHA,RIGHT,SP| RP,129.33333333333334,27,30,115,80,78,29,91,134,5,12,0,0,0,5.428,1.593,32,7,0.247,-0.927,-0.078,-0.509,-1.638,-2.249,-5.401,1.8200000000000005,3.2192738479060274,,3.2192738479060274
651,,,,,,,,,,,,,,,,,,,,,,,,,,,,473,Domingo Tapia,BOS| KCA| SEA| OAK| SDN,RIGHT,RP,17.666666666666664,0,15,13,8,7,2,12,14,0,1,1,0,0,3.566,1.415,1,1,0.057,-2.242,-2.644,-0.424,0.055,-0.155,-5.409,1.8120000000000005,3.2051231936295177,,3.2051231936295177
652,,,,,,,,,,,,,,,,,,,,,,,,,,,,474,Nick Mears,MIL| PIT| COL,RIGHT,RP,19.333333333333336,0,16,14,8,8,1,14,21,0,1,0,0,0,3.724,1.448,1,0,0.052,-2.242,-2.494,-0.509,0.035,-0.2,-5.411,1.8100000000000005,3.2015855300603904,,3.2015855300603904
653,,,,,,,,,,,,,,,,,,,,,,,,,,,,475,Kris Bubic,KCA,LEFT,SP,16.0,3,3,19,7,7,1,2,16,0,2,0,0,0,3.938,1.312,1,0,0.062,-2.242,-2.601,-0.509,-0.0,-0.06,-5.413,1.808,3.1980478664912617,,3.1980478664912617
654,,,,,,,,,,,,,,,,,,,,,,,,,,,,476,Eduard Bazardo,SEA| BOS| BAL,RIGHT,RP,16.0,0,12,15,8,8,2,4,15,0,0,0,0,0,4.5,1.188,2,0,0.125,-2.242,-2.623,-0.509,-0.077,0.037,-5.413,1.808,3.1980478664912617,,3.1980478664912617
655,,,,,,,,,,,,,,,,,,,,,,,,,,,,478,Jose De Leon,BOS| CIN| MIN,RIGHT,RP,17.333333333333332,1,12,16,10,9,2,5,17,0,1,0,0,0,4.673,1.212,1,0,0.058,-2.242,-2.58,-0.509,-0.108,0.02,-5.42,1.8010000000000002,3.185666043999316,,3.185666043999316
656,,,,,,,,,,,,,,,,,,,,,,,,,,,,477,Kevin Herget,ATL| NYN| TBA| CIN| MIL,RIGHT,RP,24.33333333333333,0,14,26,14,14,4,6,13,1,2,1,0,0,5.178,1.315,0,0,0.0,-1.979,-2.665,-0.424,-0.257,-0.095,-5.42,1.8010000000000002,3.185666043999316,,3.185666043999316
657,,,,,,,,,,,,,,,,,,,,,,,,,,,,479,Oliver Ortega,ANA| MIN,RIGHT,RP,14.666666666666666,0,10,11,7,7,2,7,14,0,1,0,0,0,4.295,1.227,2,0,0.136,-2.242,-2.644,-0.509,-0.045,0.006,-5.434,1.787,3.160902399015423,,3.160902399015423
658,,,,,,,,,,,,,,,,,,,,,,,,,,,,480,Freddy Tarnok,MIA| ATL| OAK,RIGHT,RP,14.666666666666666,1,5,11,8,8,4,11,14,1,1,0,0,0,4.909,1.5,1,0,0.068,-1.979,-2.644,-0.509,-0.121,-0.189,-5.442,1.779,3.1467517447389133,,3.1467517447389133
659,,,,,,,,,,,,,,,,,,,,,,,,,,,,481,Zach Pop,NYN| SEA| MIA| TOR,RIGHT,RP,13.666666666666664,0,15,11,11,10,4,6,14,1,1,0,0,0,6.585,1.244,1,0,0.073,-1.979,-2.644,-0.509,-0.307,-0.006,-5.445,1.7759999999999998,3.141445249385222,,3.141445249385222
660,,,,,,,,,,,,,,,,,,,,,,,,,,,,482,Greg Weissert,BOS| NYA,RIGHT,RP,20.000000000000004,0,17,21,9,9,3,8,22,0,0,0,0,0,4.05,1.45,5,1,0.25,-2.242,-2.473,-0.509,-0.019,-0.209,-5.452,1.769,3.129063426893276,,3.129063426893276
661,,,,,,,,,,,,,,,,,,,,,,,,,,,,483,Tim Herrin,CLE,LEFT,RP,27.666666666666664,0,23,29,18,17,3,12,32,1,1,0,0,0,5.53,1.482,3,0,0.108,-1.979,-2.259,-0.509,-0.375,-0.332,-5.454,1.7670000000000003,3.125525763324149,,3.125525763324149
662,,,,,,,,,,,,,,,,,,,,,,,,,,,,484,Duane Underwood,CHN| PIT,RIGHT,RP,24.33333333333333,0,20,24,14,14,3,11,14,1,0,2,0,0,5.178,1.438,1,1,0.041,-1.979,-2.644,-0.338,-0.257,-0.24,-5.459,1.7620000000000005,3.11668160440133,,3.11668160440133
663,,,,,,,,,,,,,,,,,,,,,,,,,,,,485,Andrew Bellatti,MIA| PHI,RIGHT,RP,24.666666666666668,0,27,25,15,14,4,12,25,1,0,0,0,0,5.108,1.5,3,0,0.122,-1.979,-2.409,-0.509,-0.246,-0.318,-5.46,1.761,3.114912772616766,,3.114912772616766
664,166,MJ Melendez,KCA,148,4,LEFT,602,533,125,65,16,56,62,6,4,0.235,RF| LF,-0.557,-0.603,-0.815,-0.505,-1.142,-3.623,1.266,4.889,3.0932208795656813,,,,,,,,,,,,,,,,,,,,,,,,,,,,,,,,,,,3.0932208795656813
665,274,Luis Campusano,SDN,48,7,RIGHT,174,163,52,27,7,30,7,0,0,0.319,CC,-2.58,-1.61,-2.115,-1.0,0.709,-6.595,1.2510000000000003,7.846,3.0565713430779367,,,,,,,,,,,,,,,,,,,,,,,,,,,,,,,,,,,3.0565713430779367
666,,,,,,,,,,,,,,,,,,,,,,,,,,,,486,John Curtiss,ARI| TBA| MIA| MIL| NYN| COL,RIGHT,RP,19.666666666666664,0,15,17,10,10,3,8,16,0,0,0,0,0,4.576,1.271,3,0,0.153,-2.242,-2.601,-0.509,-0.107,-0.035,-5.494,1.7270000000000003,3.054772491941599,,3.054772491941599
667,,,,,,,,,,,,,,,,,,,,,,,,,,,,487,Luis Medina,OAK,RIGHT,SP| RP,109.66666666666666,17,23,109,73,66,14,57,106,3,10,0,0,0,5.416,1.514,7,3,0.064,-1.453,-0.677,-0.509,-1.379,-1.485,-5.502,1.7190000000000003,3.0406218376650886,,3.0406218376650886
668,,,,,,,,,,,,,,,,,,,,,,,,,,,,488,J. C. Mejia,CLE| MIL,RIGHT,RP,11.333333333333332,0,9,15,7,7,2,3,13,1,0,0,0,0,5.559,1.588,0,0,0.0,-1.979,-2.665,-0.509,-0.156,-0.195,-5.504,1.7170000000000003,3.0370841740959618,,3.0370841740959618
669,,,,,,,,,,,,,,,,,,,,,,,,,,,,489,Joe Barlow,TEX,RIGHT,RP,9.666666666666666,0,13,13,5,5,2,2,6,1,1,0,0,0,4.655,1.552,1,0,0.103,-1.979,-2.815,-0.509,-0.059,-0.149,-5.511,1.71,3.0247023516040143,,3.0247023516040143
670,,,,,,,,,,,,,,,,,,,,,,,,,,,,490,Cole Sands,MIN,RIGHT,RP,21.66666666666667,0,15,20,10,9,4,13,21,0,0,0,0,0,3.739,1.523,0,0,0.0,-2.242,-2.494,-0.509,0.036,-0.303,-5.512,1.7090000000000003,3.022933519819452,,3.022933519819452
671,,,,,,,,,,,,,,,,,,,,,,,,,,,,491,Josh Fleming,TBA| PIT,LEFT,SP| RP,51.66666666666667,3,12,56,29,27,9,19,25,2,0,0,0,0,4.703,1.452,1,0,0.019,-1.716,-2.409,-0.509,-0.337,-0.544,-5.514,1.707,3.019395856250323,,3.019395856250323
672,,,,,,,,,,,,,,,,,,,,,,,,,,,,492,Jared Shuster,CHA| ATL,LEFT,SP,52.66666666666666,11,11,53,34,34,7,26,30,4,3,0,0,0,5.81,1.5,9,3,0.171,-1.19,-2.302,-0.509,-0.838,-0.678,-5.517,1.7039999999999995,3.0140893608966315,,3.0140893608966315
673,,,,,,,,,,,,,,,,,,,,,,,,,,,,493,Jackson Stephens,ATL,RIGHT,RP,12.0,0,5,13,4,4,1,5,11,0,0,0,0,0,3.0,1.5,2,1,0.167,-2.242,-2.708,-0.509,0.095,-0.155,-5.518,1.7030000000000003,3.0123205291120687,,3.0123205291120687
674,,,,,,,,,,,,,,,,,,,,,,,,,,,,494,Ben Heller,NYA| ATL| PIT,RIGHT,RP,18.666666666666664,0,19,16,9,8,2,11,16,0,0,0,0,0,3.857,1.446,0,0,0.0,-2.242,-2.601,-0.509,0.012,-0.192,-5.531,1.6900000000000004,2.98932571591274,,2.98932571591274
675,,,,,,,,,,,,,,,,,,,,,,,,,,,,495,Tyler Kinley,ATL| COL,RIGHT,RP,16.333333333333332,0,18,21,11,11,3,6,17,0,4,5,0,0,6.061,1.653,4,1,0.245,-2.242,-2.58,-0.083,-0.295,-0.332,-5.532,1.689,2.987556884128176,,2.987556884128176
676,,,,,,,,,,,,,,,,,,,,,,,,,,,,496,Dennis Santana,PIT| LAN| TEX| NYN| NYA,RIGHT,RP,10.666666666666666,0,9,10,7,7,2,7,12,1,0,0,0,0,5.906,1.594,0,0,0.0,-1.979,-2.687,-0.509,-0.178,-0.186,-5.539,1.6820000000000004,2.97517506163623,,2.97517506163623
677,,,,,,,,,,,,,,,,,,,,,,,,,,,,497,Justin Bruihl,TOR| LAN| COL| PIT,LEFT,RP,28.0,0,27,28,18,17,2,11,22,1,0,0,0,0,5.464,1.393,4,1,0.143,-1.979,-2.473,-0.509,-0.363,-0.215,-5.539,1.6820000000000004,2.97517506163623,,2.97517506163623
678,,,,,,,,,,,,,,,,,,,,,,,,,,,,498,Amir Garrett,CIN| KCA| ANA,LEFT,RP,24.33333333333333,0,27,22,11,9,4,20,28,0,1,0,0,0,3.329,1.726,2,0,0.082,-2.242,-2.345,-0.509,0.125,-0.581,-5.551,1.67,2.9539490802214643,,2.9539490802214643
679,,,,,,,,,,,,,,,,,,,,,,,,,,,,499,Nick Wittgren,CLE| SLN| KCA,RIGHT,RP,29.0,0,27,30,17,16,2,11,18,1,0,0,0,0,4.965,1.414,1,1,0.034,-1.979,-2.558,-0.509,-0.254,-0.252,-5.552,1.6690000000000005,2.952180248436901,,2.952180248436901
680,,,,,,,,,,,,,,,,,,,,,,,,,,,,500,Bailey Falter,KCA| PIT| PHI,LEFT,SP| RP,80.66666666666669,14,18,94,55,48,17,20,60,2,9,0,0,0,5.355,1.413,9,4,0.112,-1.716,-1.66,-0.509,-0.972,-0.699,-5.556,1.665,2.945104921298645,,2.945104921298645
681,,,,,,,,,,,,,,,,,,,,,,,,,,,,501,Adrian Martinez,OAK,RIGHT,RP,55.0,1,22,59,31,29,8,19,47,0,2,0,0,0,4.745,1.418,9,3,0.164,-2.242,-1.938,-0.509,-0.378,-0.49,-5.557,1.6639999999999997,2.943336089514081,,2.943336089514081
682,,,,,,,,,,,,,,,,,,,,,,,,,,,,502,Jordan Balazovic,MIN,RIGHT,RP,24.333333333333336,0,18,26,13,12,5,12,17,1,0,0,0,0,4.438,1.562,0,0,0.0,-1.979,-2.58,-0.509,-0.104,-0.386,-5.558,1.6630000000000005,2.9415672577295187,,2.9415672577295187
683,,,,,,,,,,,,,,,,,,,,,,,,,,,,503,Yunior Marte,SFN| PHI,RIGHT,RP,39.33333333333333,0,40,47,27,22,6,17,38,1,1,2,0,0,5.034,1.627,3,0,0.076,-1.979,-2.131,-0.338,-0.367,-0.75,-5.565,1.6559999999999997,2.9291854352375712,,2.9291854352375712
684,,,,,,,,,,,,,,,,,,,,,,,,,,,,504,Tommy Milone,ATL| BAL| TOR| SEA,LEFT,P,9.0,2,2,7,3,2,1,6,3,0,1,0,0,0,2.0,1.444,0,0,0.0,-2.242,-2.879,-0.509,0.148,-0.092,-5.574,1.6470000000000002,2.9132659491764987,,2.9132659491764987
685,,,,,,,,,,,,,,,,,,,,,,,,,,,,505,Kirby Snead,TOR| OAK| SEA,LEFT,RP,11.666666666666668,0,15,14,7,6,1,6,9,1,2,0,0,0,4.629,1.714,1,0,0.086,-1.979,-2.751,-0.509,-0.069,-0.272,-5.579,1.6420000000000003,2.90442179025368,,2.90442179025368
686,,,,,,,,,,,,,,,,,,,,,,,,,,,,506,Johnny Cueto,SFN| CHA| MIA| ANA,RIGHT,SP| RP,52.333333333333336,10,13,51,36,35,17,15,39,1,4,0,0,0,6.019,1.261,0,0,0.0,-1.979,-2.109,-0.509,-0.926,-0.066,-5.59,1.6310000000000002,2.8849646406234783,,2.8849646406234783
687,167,Hunter Renfroe,KCA| TBA| BOS| MIL| ANA| CIN,139,5,RIGHT,548,498,116,60,20,60,44,0,0,0.233,RF,-0.823,-0.156,-0.616,-1.0,-1.128,-3.723,1.1660000000000004,4.889,2.8488906363140485,,,,,,,,,,,,,,,,,,,,,,,,,,,,,,,,,,,2.8488906363140485
688,,,,,,,,,,,,,,,,,,,,,,,,,,,,507,Austin Adams,SDN| ARI| OAK,RIGHT,RP,17.333333333333336,0,24,16,12,11,1,8,22,0,1,0,0,0,5.712,1.385,5,0,0.288,-2.242,-2.473,-0.509,-0.261,-0.126,-5.611,1.6100000000000003,2.84781917314764,,2.84781917314764
689,,,,,,,,,,,,,,,,,,,,,,,,,,,,508,Ben Joyce,ANA,RIGHT,RP,10.0,0,12,9,6,6,1,9,10,1,1,0,0,0,5.4,1.8,1,0,0.1,-1.979,-2.729,-0.509,-0.124,-0.275,-5.616,1.6050000000000004,2.8389750142248213,,2.8389750142248213
690,,,,,,,,,,,,,,,,,,,,,,,,,,,,509,Cal Quantrill,ATL| MIA| CLE| SDN| COL,RIGHT,SP,99.66666666666669,19,19,111,59,58,11,35,58,4,7,0,0,0,5.237,1.465,10,1,0.1,-1.19,-1.703,-0.509,-1.101,-1.113,-5.617,1.604,2.837206182440257,,2.837206182440257
691,,,,,,,,,,,,,,,,,,,,,,,,,,,,510,Michael Soroka,CHN| WAS| ATL| CHA,RIGHT,SP,32.33333333333333,6,7,36,23,23,9,12,29,2,2,0,0,0,6.402,1.484,0,0,0.0,-1.716,-2.323,-0.509,-0.677,-0.392,-5.617,1.604,2.837206182440257,,2.837206182440257
692,,,,,,,,,,,,,,,,,,,,,,,,,,,,511,Austin Voth,WAS| BAL| SEA,RIGHT,RP,34.66666666666666,0,25,39,22,20,6,15,34,1,2,0,0,0,5.192,1.558,1,0,0.029,-1.979,-2.216,-0.509,-0.37,-0.544,-5.618,1.6029999999999998,2.8354373506556927,,2.8354373506556927
693,,,,,,,,,,,,,,,,,,,,,,,,,,,,512,Anthony Bass,TOR| MIA,RIGHT,RP,20.0,0,22,19,12,11,3,9,19,0,0,0,0,0,4.95,1.4,2,0,0.1,-2.242,-2.537,-0.509,-0.172,-0.16,-5.621,1.5999999999999996,2.8301308553020013,,2.8301308553020013
694,,,,,,,,,,,,,,,,,,,,,,,,,,,,513,Osvaldo Bido,ATH| PIT| OAK,RIGHT,SP| RP,50.66666666666667,9,16,55,35,33,4,21,48,2,5,0,0,0,5.862,1.5,2,0,0.039,-1.716,-1.917,-0.509,-0.829,-0.653,-5.623,1.598,2.826593191732874,,2.826593191732874
695,168,Will Benson,CIN| CLE,105,8,LEFT,329,287,79,50,11,31,40,19,3,0.275,LF| RF,-1.356,-1.162,-2.065,0.566,0.283,-3.733,1.156,4.889,2.824457611988884,,,,,,,,,,,,,,,,,,,,,,,,,,,,,,,,,,,2.824457611988884
696,,,,,,,,,,,,,,,,,,,,,,,,,,,,514,Jonathan Hernandez,TEX| SEA,RIGHT,RP,31.66666666666667,0,33,35,20,19,4,15,34,1,2,0,0,0,5.4,1.579,2,0,0.063,-1.979,-2.216,-0.509,-0.394,-0.529,-5.627,1.5940000000000003,2.81951786459462,,2.81951786459462
697,,,,,,,,,,,,,,,,,,,,,,,,,,,,515,Francisco Perez,CLE| WAS| OAK,LEFT,RP,16.66666666666667,1,17,17,12,11,0,8,14,1,2,0,0,0,5.94,1.5,3,1,0.18,-1.979,-2.644,-0.509,-0.284,-0.215,-5.63,1.5910000000000002,2.8142113692409283,,2.8142113692409283
698,,,,,,,,,,,,,,,,,,,,,,,,,,,,516,Josh Staumont,KCA| MIN,RIGHT,RP,20.000000000000004,1,21,16,12,12,1,13,24,0,0,0,0,0,5.4,1.45,2,0,0.1,-2.242,-2.43,-0.509,-0.249,-0.209,-5.639,1.582,2.798291883179854,,2.798291883179854
699,,,,,,,,,,,,,,,,,,,,,,,,,,,,517,Richard Bleier,BAL| MIA| BOS,LEFT,RP,30.666666666666664,0,27,37,20,18,5,5,16,1,0,0,0,0,5.283,1.37,1,0,0.033,-1.979,-2.601,-0.509,-0.351,-0.201,-5.64,1.5810000000000004,2.7965230513952912,,2.7965230513952912
700,,,,,,,,,,,,,,,,,,,,,,,,,,,,518,Peyton Battenfield,CLE,RIGHT,SP,34.66666666666667,6,7,34,22,20,7,12,27,0,5,0,0,0,5.192,1.327,2,0,0.058,-2.242,-2.366,-0.509,-0.37,-0.155,-5.642,1.5789999999999995,2.7929853878261626,,2.7929853878261626
701,163,LaMonte Wade,ANA| SFN| MIN,132,1,LEFT,519,429,110,64,17,45,76,2,0,0.256,1B,-0.61,-0.491,-1.365,-0.835,-0.198,-3.499,1.137,4.636,2.778034865771074,,,,,,,,,,,,,,,,,,,,,,,,,,,,,,,,,,,2.778034865771074
702,170,Mike Trout,ANA,82,2,RIGHT,362,308,81,54,18,44,45,2,0,0.263,CF,-1.142,-0.379,-1.415,-0.835,0.014,-3.758,1.1310000000000002,4.889,2.7633750511759763,,,,,,,,,,,,,,,,,,,,,,,,,,,,,,,,,,,2.7633750511759763
703,,,,,,,,,,,,,,,,,,,,,,,,,,,,519,Matt Festa,CLE| SEA| NYN| TEX,RIGHT,RP,9.0,0,8,4,4,4,1,12,13,0,0,0,0,0,4.0,1.778,1,0,0.111,-2.242,-2.665,-0.509,-0.005,-0.237,-5.659,1.5620000000000005,2.76291524748858,,2.76291524748858
704,171,Michael Conforto,LAN| NYN| SFN,125,4,LEFT,470,406,97,58,15,58,53,4,0,0.239,RF,-0.929,-0.715,-0.716,-0.67,-0.733,-3.763,1.1260000000000003,4.889,2.751158539013395,,,,,,,,,,,,,,,,,,,,,,,,,,,,,,,,,,,2.751158539013395
705,280,Freddy Fermin,KCA| SDN,62,6,RIGHT,235,217,61,26,9,32,13,0,0,0.281,CC,-2.634,-1.386,-2.015,-1.0,0.312,-6.722,1.1239999999999997,7.846,2.746271934148361,,,,,,,,,,,,,,,,,,,,,,,,,,,,,,,,,,,2.746271934148361
706,,,,,,,,,,,,,,,,,,,,,,,,,,,,520,Ken Waldichuk,OAK,LEFT,SP| RP,141.0,22,35,149,93,84,24,71,132,4,9,1,0,0,5.362,1.56,7,6,0.05,-1.19,-0.121,-0.424,-1.707,-2.229,-5.67,1.5510000000000002,2.7434580978583782,,2.7434580978583782
707,,,,,,,,,,,,,,,,,,,,,,,,,,,,521,Connor Phillips,CIN,RIGHT,SP,20.666666666666668,5,5,18,16,16,5,13,26,1,1,0,0,0,6.968,1.5,2,0,0.097,-1.979,-2.387,-0.509,-0.532,-0.266,-5.674,1.5469999999999997,2.7363827707201223,,2.7363827707201223
708,,,,,,,,,,,,,,,,,,,,,,,,,,,,522,Luis Ortiz,CLE| PIT,RIGHT,SP| RP,86.66666666666667,15,18,99,50,46,13,48,59,5,5,0,0,0,4.777,1.696,5,0,0.058,-0.927,-1.682,-0.509,-0.619,-1.942,-5.679,1.5419999999999998,2.727538611797304,,2.727538611797304
709,,,,,,,,,,,,,,,,,,,,,,,,,,,,523,Emerson Hancock,SEA,RIGHT,SP,12.0,3,3,13,6,6,1,3,6,0,0,0,0,0,4.5,1.333,4,1,0.333,-2.242,-2.815,-0.509,-0.057,-0.057,-5.681,1.54,2.7240009482281766,,2.7240009482281766
710,,,,,,,,,,,,,,,,,,,,,,,,,,,,524,Ryan Tepera,CHN| CHA| ANA| SLN,RIGHT,RP,10.666666666666666,0,12,18,11,9,3,4,11,2,2,0,0,0,7.594,2.062,2,1,0.188,-1.716,-2.708,-0.509,-0.331,-0.429,-5.693,1.5280000000000005,2.7027749668134127,,2.7027749668134127
711,,,,,,,,,,,,,,,,,,,,,,,,,,,,525,Tyler Gilbert,CHA| ARI| PHI,LEFT,RP,17.333333333333336,0,11,21,10,10,2,5,19,0,2,0,0,0,5.192,1.5,0,2,0.0,-2.242,-2.537,-0.509,-0.185,-0.223,-5.696,1.5250000000000004,2.697468471459721,,2.697468471459721
712,,,,,,,,,,,,,,,,,,,,,,,,,,,,526,Nick Lodolo,CIN,LEFT,SP,34.333333333333336,7,7,50,24,24,10,10,47,2,1,0,0,0,6.291,1.748,1,2,0.029,-1.716,-1.938,-0.509,-0.687,-0.855,-5.705,1.516,2.6815489853986465,,2.6815489853986465
713,,,,,,,,,,,,,,,,,,,,,,,,,,,,527,Matt Barnes,BOS| MIA| WAS,RIGHT,RP,21.33333333333333,1,24,25,13,13,2,10,20,1,0,0,0,0,5.484,1.641,5,0,0.234,-1.979,-2.516,-0.509,-0.28,-0.421,-5.705,1.516,2.6815489853986465,,2.6815489853986465
714,,,,,,,,,,,,,,,,,,,,,,,,,,,,528,Michael Grove,LAN,RIGHT,SP| RP,69.0,12,18,83,47,47,12,19,73,2,3,0,0,0,6.13,1.478,7,2,0.101,-1.716,-1.382,-0.509,-1.286,-0.816,-5.709,1.5120000000000005,2.6744736582603923,,2.6744736582603923
715,,,,,,,,,,,,,,,,,,,,,,,,,,,,529,Zack Kelly,BOS,RIGHT,RP,9.333333333333332,0,8,7,4,4,0,8,6,0,0,0,0,0,3.857,1.607,2,0,0.214,-2.242,-2.815,-0.509,0.006,-0.169,-5.729,1.492,2.639097022569117,,2.639097022569117
716,172,Jon Berti,CHN| MIA| NYA,126,9,RIGHT,424,388,114,49,7,33,29,15,6,0.294,SS| 3B,-1.409,-1.61,-1.965,0.236,0.937,-3.81,1.0790000000000002,4.889,2.6363233246851268,,,,,,,,,,,,,,,,,,,,,,,,,,,,,,,,,,,2.6363233246851268
717,,,,,,,,,,,,,,,,,,,,,,,,,,,,530,Reed Garrett,NYN| WAS| BAL,RIGHT,RP,19.666666666666668,0,11,22,14,14,3,7,16,1,0,0,0,0,6.407,1.475,3,1,0.153,-1.979,-2.601,-0.509,-0.413,-0.229,-5.731,1.4900000000000002,2.635559358999989,,2.635559358999989
718,,,,,,,,,,,,,,,,,,,,,,,,,,,,531,Kaleb Ort,HOU| BOS,RIGHT,RP,23.000000000000004,2,21,27,19,16,6,9,24,1,2,0,0,0,6.261,1.565,4,0,0.174,-1.979,-2.43,-0.509,-0.454,-0.369,-5.741,1.4800000000000004,2.6178710411543524,,2.6178710411543524
719,,,,,,,,,,,,,,,,,,,,,,,,,,,,532,Eric Lauer,TOR| MIL,LEFT,SP,46.66666666666667,9,10,54,39,34,16,24,43,4,6,0,0,0,6.557,1.671,2,4,0.043,-1.19,-2.024,-0.509,-1.039,-0.99,-5.751,1.4699999999999998,2.6001827233087136,,2.6001827233087136
720,,,,,,,,,,,,,,,,,,,,,,,,,,,,533,Max Castillo,KCA| TOR,RIGHT,RP,20.333333333333336,0,7,20,10,10,2,9,10,0,1,0,0,0,4.426,1.426,3,0,0.148,-2.242,-2.729,-0.509,-0.085,-0.189,-5.754,1.4670000000000003,2.594876227955024,,2.594876227955024
721,,,,,,,,,,,,,,,,,,,,,,,,,,,,534,Triston McKenzie,CLE,RIGHT,SP,16.0,4,4,12,9,9,1,13,16,0,3,0,0,0,5.062,1.562,6,0,0.375,-2.242,-2.601,-0.509,-0.153,-0.255,-5.76,1.4610000000000003,2.584263237247641,,2.584263237247641
722,,,,,,,,,,,,,,,,,,,,,,,,,,,,535,Ross Stripling,LAN| TOR| SFN| OAK,RIGHT,SP| RP,88.99999999999999,11,22,104,54,53,20,16,70,0,5,0,0,0,5.36,1.348,6,3,0.067,-2.242,-1.446,-0.509,-1.076,-0.49,-5.763,1.4580000000000002,2.5789567418939496,,2.5789567418939496
723,,,,,,,,,,,,,,,,,,,,,,,,,,,,536,Wil Crowe,WAS| PIT,RIGHT,RP,9.666666666666666,0,5,9,6,5,1,9,9,0,1,1,0,0,4.655,1.862,0,0,0.0,-2.242,-2.751,-0.424,-0.059,-0.295,-5.77,1.4510000000000003,2.566574919402004,,2.566574919402004
724,,,,,,,,,,,,,,,,,,,,,,,,,,,,537,Anthony Misiewicz,MIN| SEA| KCA| ARI| DET| NYA,LEFT,RP,10.999999999999998,0,11,17,11,9,2,6,8,2,0,0,0,0,7.364,2.091,0,0,0.0,-1.716,-2.772,-0.509,-0.32,-0.458,-5.775,1.4459999999999995,2.5577307604791835,,2.5577307604791835
725,174,Taylor Ward,ANA,97,1,RIGHT,409,356,90,60,14,47,39,4,2,0.253,LF,-0.823,-0.827,-1.265,-0.67,-0.263,-3.848,1.0410000000000004,4.889,2.5434778322495064,,,,,,,,,,,,,,,,,,,,,,,,,,,,,,,,,,,2.5434778322495064
726,,,,,,,,,,,,,,,,,,,,,,,,,,,,538,Carlos Rodon,NYA| CHA| SFN,LEFT,SP,64.33333333333333,14,14,65,51,49,15,28,64,3,8,0,0,0,6.855,1.446,5,1,0.078,-1.453,-1.575,-0.509,-1.595,-0.658,-5.79,1.431,2.531198283710728,,2.531198283710728
727,,,,,,,,,,,,,,,,,,,,,,,,,,,,539,Steven Cruz,KCA,RIGHT,SP| RP,12.666666666666666,4,10,11,7,7,1,11,15,0,0,0,0,0,4.974,1.737,1,0,0.079,-2.242,-2.623,-0.509,-0.112,-0.309,-5.794,1.4270000000000005,2.524122956572474,,2.524122956572474
728,,,,,,,,,,,,,,,,,,,,,,,,,,,,540,Chad Smith,COL| OAK,RIGHT,RP,13.666666666666666,0,10,15,10,10,2,7,9,1,2,0,0,0,6.585,1.61,0,3,0.0,-1.979,-2.751,-0.509,-0.307,-0.249,-5.795,1.4260000000000002,2.5223541247879093,,2.5223541247879093
729,,,,,,,,,,,,,,,,,,,,,,,,,,,,541,Keegan Akin,BAL,LEFT,RP,23.66666666666667,1,24,35,22,18,2,7,27,2,2,0,0,0,6.845,1.775,0,2,0.0,-1.716,-2.366,-0.509,-0.585,-0.621,-5.796,1.4249999999999998,2.520585293003345,,2.520585293003345
730,,,,,,,,,,,,,,,,,,,,,,,,,,,,542,Juan Then,SEA,RIGHT,RP,11.0,0,9,14,6,6,3,2,5,0,0,0,0,0,4.909,1.454,3,0,0.273,-2.242,-2.836,-0.509,-0.091,-0.117,-5.796,1.4249999999999998,2.520585293003345,,2.520585293003345
731,175,Carlos Correa,HOU| MIN,134,2,RIGHT,580,514,118,60,18,65,59,0,0,0.23,SS,-0.823,-0.379,-0.366,-1.0,-1.297,-3.865,1.024,4.889,2.501941690896728,,,,,,,,,,,,,,,,,,,,,,,,,,,,,,,,,,,2.501941690896728
732,,,,,,,,,,,,,,,,,,,,,,,,,,,,543,Parker Mushinski,HOU,LEFT,RP,14.666666666666668,0,14,19,9,9,5,4,15,0,0,0,0,0,5.523,1.568,1,0,0.068,-2.242,-2.623,-0.509,-0.198,-0.237,-5.809,1.412,2.4975904798040163,,2.4975904798040163
733,,,,,,,,,,,,,,,,,,,,,,,,,,,,544,Brett Kennedy,CIN,RIGHT,RP,18.0,2,5,19,13,13,1,7,9,1,0,0,0,0,6.5,1.444,4,0,0.222,-1.979,-2.751,-0.509,-0.392,-0.183,-5.814,1.407,2.488746320881198,,2.488746320881198
734,,,,,,,,,,,,,,,,,,,,,,,,,,,,545,Jorge Alcala,BOS| MIN| SLN,RIGHT,RP,17.333333333333336,0,11,14,13,12,5,10,16,0,1,0,0,0,6.231,1.385,3,0,0.173,-2.242,-2.601,-0.509,-0.338,-0.126,-5.816,1.4050000000000002,2.48520865731207,,2.48520865731207
735,,,,,,,,,,,,,,,,,,,,,,,,,,,,546,Rob Zastryzny,MIL| ANA| NYN| PIT,LEFT,RP,20.666666666666664,1,21,24,15,11,1,13,15,1,0,0,0,0,4.79,1.79,1,1,0.048,-1.979,-2.623,-0.509,-0.15,-0.558,-5.818,1.4030000000000005,2.481670993742944,,2.481670993742944
736,,,,,,,,,,,,,,,,,,,,,,,,,,,,547,Lane Ramsey,CHA,RIGHT,RP,20.0,0,21,25,13,13,1,9,18,1,0,0,0,0,5.85,1.7,4,0,0.2,-1.979,-2.558,-0.509,-0.325,-0.452,-5.823,1.3979999999999997,2.472826834820124,,2.472826834820124
737,,,,,,,,,,,,,,,,,,,,,,,,,,,,548,Luis Patino,SDN| TBA| CHA,RIGHT,RP,21.666666666666664,1,9,21,12,11,3,14,18,0,1,0,0,0,4.569,1.615,2,1,0.092,-2.242,-2.558,-0.509,-0.117,-0.401,-5.826,1.3950000000000005,2.4675203394664336,,2.4675203394664336
738,,,,,,,,,,,,,,,,,,,,,,,,,,,,549,Ian Kennedy,KCA| PHI| TEX| ARI,RIGHT,RP,16.333333333333332,0,16,16,15,13,4,7,21,0,1,0,0,0,7.163,1.408,1,0,0.061,-2.242,-2.494,-0.509,-0.448,-0.137,-5.83,1.391,2.460445012328178,,2.460445012328178
739,,,,,,,,,,,,,,,,,,,,,,,,,,,,550,Casey Legumina,SEA| CIN,RIGHT,RP,12.666666666666668,0,11,16,11,8,3,9,11,1,0,0,0,0,5.684,1.974,0,0,0.0,-1.979,-2.708,-0.509,-0.188,-0.455,-5.839,1.3819999999999997,2.4445255262671037,,2.4445255262671037
740,,,,,,,,,,,,,,,,,,,,,,,,,,,,551,Spencer Patton,TEX| OAK,RIGHT,RP,12.333333333333334,0,12,13,7,7,3,6,7,0,0,0,0,0,5.108,1.54,1,1,0.081,-2.242,-2.794,-0.509,-0.123,-0.183,-5.851,1.37,2.42329954485234,,2.42329954485234
741,,,,,,,,,,,,,,,,,,,,,,,,,,,,552,Garrett Crochet,BOS| CHA,LEFT,RP,12.666666666666666,0,13,12,6,5,1,13,12,0,2,0,0,0,3.553,1.974,2,0,0.158,-2.242,-2.687,-0.509,0.041,-0.455,-5.851,1.37,2.42329954485234,,2.42329954485234
742,177,Riley Greene,DET,99,2,LEFT,416,378,109,51,11,37,35,7,0,0.288,CF,-1.302,-1.162,-1.765,-0.423,0.754,-3.898,0.991,4.889,2.421312710623689,,,,,,,,,,,,,,,,,,,,,,,,,,,,,,,,,,,2.421312710623689
743,,,,,,,,,,,,,,,,,,,,,,,,,,,,553,Cooper Criswell,BOS| ANA| TBA,RIGHT,RP,33.0,0,10,40,23,21,6,11,27,1,1,0,0,0,5.727,1.546,2,1,0.061,-1.979,-2.366,-0.509,-0.502,-0.498,-5.854,1.367,2.417993049498648,,2.417993049498648
744,,,,,,,,,,,,,,,,,,,,,,,,,,,,554,Trevor Kelley,PHI| MIL| TBA,RIGHT,SP| RP,15.333333333333334,3,10,16,10,10,4,6,11,0,1,0,0,0,5.87,1.435,0,0,0.0,-2.242,-2.708,-0.509,-0.252,-0.149,-5.86,1.3609999999999998,2.407380058791265,,2.407380058791265
745,,,,,,,,,,,,,,,,,,,,,,,,,,,,556,Chase Anderson,TOR| PHI| CIN| COL| TBA| BOS| TEX,RIGHT,SP,86.33333333333331,17,19,90,53,52,17,33,64,1,6,1,0,0,5.421,1.425,4,4,0.046,-1.979,-1.575,-0.424,-1.089,-0.796,-5.862,1.359,2.4038423952221377,,2.4038423952221377
746,,,,,,,,,,,,,,,,,,,,,,,,,,,,555,Lucas Luetge,NYA| ATL,LEFT,RP,13.666666666666668,0,12,17,11,11,2,7,14,1,0,0,0,0,7.244,1.756,2,0,0.146,-1.979,-2.644,-0.509,-0.384,-0.346,-5.862,1.359,2.4038423952221377,,2.4038423952221377
747,,,,,,,,,,,,,,,,,,,,,,,,,,,,557,Zach Logue,OAK| DET| LAN,LEFT,RP,11.0,0,3,13,9,9,3,2,10,0,0,0,0,0,7.364,1.364,1,0,0.091,-2.242,-2.729,-0.509,-0.32,-0.069,-5.869,1.3520000000000003,2.391460572730192,,2.391460572730192
748,178,Matt Vierling,DET| PHI,132,1,RIGHT,530,479,125,63,10,44,44,6,6,0.261,RF| 3B| CF| LF,-0.663,-1.274,-1.415,-0.505,-0.053,-3.911,0.9780000000000002,4.889,2.3895497790009768,,,,,,,,,,,,,,,,,,,,,,,,,,,,,,,,,,,2.3895497790009768
749,,,,,,,,,,,,,,,,,,,,,,,,,,,,558,Sean Hjelle,SFN,RIGHT,RP,29.000000000000004,0,15,38,25,21,3,13,31,2,1,0,0,0,6.517,1.759,3,0,0.103,-1.716,-2.28,-0.509,-0.636,-0.738,-5.879,1.3420000000000003,2.373772254884555,,2.373772254884555
750,,,,,,,,,,,,,,,,,,,,,,,,,,,,559,Shawn Dubin,BAL| HOU,RIGHT,P,9.0,1,3,12,7,7,1,3,11,0,0,0,0,0,7.0,1.667,0,0,0.0,-2.242,-2.708,-0.509,-0.234,-0.189,-5.882,1.3390000000000004,2.368465759530864,,2.368465759530864
751,179,Edouard Julien,MIN,109,1,LEFT,408,338,89,60,16,37,64,3,0,0.263,2B| DH,-0.823,-0.603,-1.765,-0.753,0.023,-3.92,0.9690000000000004,4.889,2.36756005710833,,,,,,,,,,,,,,,,,,,,,,,,,,,,,,,,,,,2.36756005710833
752,,,,,,,,,,,,,,,,,,,,,,,,,,,,560,Joely Rodriguez,TEX| NYA| NYN| BOS,LEFT,RP,11.0,0,11,13,9,8,2,6,14,0,0,0,0,0,6.545,1.727,1,0,0.091,-2.242,-2.644,-0.509,-0.244,-0.263,-5.902,1.319,2.333089123839588,,2.333089123839588
753,,,,,,,,,,,,,,,,,,,,,,,,,,,,561,Joey Estes,ATH| OAK,RIGHT,P,10.0,2,2,12,9,8,4,2,7,0,1,0,0,0,7.2,1.4,1,0,0.1,-2.242,-2.794,-0.509,-0.277,-0.08,-5.902,1.319,2.333089123839588,,2.333089123839588
754,,,,,,,,,,,,,,,,,,,,,,,,,,,,562,Jackson Rutledge,WAS,RIGHT,SP,20.0,4,4,24,15,15,4,6,12,1,1,0,0,0,6.75,1.5,1,1,0.05,-1.979,-2.687,-0.509,-0.478,-0.258,-5.91,1.311,2.318938469563077,,2.318938469563077
755,,,,,,,,,,,,,,,,,,,,,,,,,,,,563,Anthony Kay,TOR| CHN| NYN,LEFT,RP,14.666666666666666,0,16,13,10,10,2,9,11,0,0,0,0,0,6.136,1.5,1,0,0.068,-2.242,-2.708,-0.509,-0.274,-0.189,-5.922,1.2990000000000004,2.297712488148313,,2.297712488148313
756,,,,,,,,,,,,,,,,,,,,,,,,,,,,564,Kolby Allard,CLE| TEX| ATL| PHI,LEFT,SP,12.333333333333334,3,4,16,9,9,2,4,13,0,1,0,0,0,6.568,1.622,1,0,0.081,-2.242,-2.665,-0.509,-0.276,-0.232,-5.924,1.2969999999999997,2.294174824579185,,2.294174824579185
757,,,,,,,,,,,,,,,,,,,,,,,,,,,,565,Matt Carasiti,COL,RIGHT,RP,24.33333333333333,0,16,28,19,17,3,11,16,1,0,1,0,0,6.288,1.603,1,0,0.041,-1.979,-2.601,-0.424,-0.486,-0.435,-5.925,1.2960000000000005,2.292405992794622,,2.292405992794622
758,,,,,,,,,,,,,,,,,,,,,,,,,,,,566,Jonathan Heasley,KCA| BAL,RIGHT,RP,15.0,0,12,17,13,12,5,2,9,0,0,0,0,0,7.2,1.267,1,0,0.067,-2.242,-2.751,-0.509,-0.416,-0.023,-5.941,1.2800000000000002,2.2641046842416017,,2.2641046842416017
759,,,,,,,,,,,,,,,,,,,,,,,,,,,,567,Josh Taylor,BOS| KCA,LEFT,RP,17.666666666666664,1,17,22,17,16,4,9,26,1,3,0,0,0,8.151,1.755,2,0,0.113,-1.979,-2.387,-0.509,-0.632,-0.446,-5.954,1.2670000000000003,2.241109871042273,,2.241109871042273
760,,,,,,,,,,,,,,,,,,,,,,,,,,,,568,Jacob Barnes,TOR| ANA| NYN| DET| NYA| SLN| WAS,RIGHT,RP,13.666666666666668,0,13,18,11,9,1,3,8,0,1,0,0,0,5.927,1.537,1,1,0.073,-2.242,-2.772,-0.509,-0.231,-0.2,-5.955,1.266,2.239341039257709,,2.239341039257709
761,,,,,,,,,,,,,,,,,,,,,,,,,,,,570,Daniel Norris,DET| MIL| CHN| CLE,LEFT,RP,12.666666666666666,0,7,10,11,8,3,12,11,0,0,0,0,0,5.684,1.737,1,0,0.079,-2.242,-2.708,-0.509,-0.188,-0.309,-5.956,1.2649999999999997,2.237572207473145,,2.237572207473145
762,,,,,,,,,,,,,,,,,,,,,,,,,,,,569,Jose Ruiz,ATL| PHI| CHA| ARI,RIGHT,RP,44.33333333333333,1,38,52,31,29,10,21,39,2,1,0,0,0,5.887,1.647,4,2,0.09,-1.716,-2.109,-0.509,-0.735,-0.887,-5.956,1.2649999999999997,2.237572207473145,,2.237572207473145
763,,,,,,,,,,,,,,,,,,,,,,,,,,,,571,Brandon Hughes,CHN| ARI,LEFT,RP,13.666666666666664,0,17,14,11,11,2,8,17,0,3,0,0,0,7.244,1.61,4,0,0.293,-2.242,-2.58,-0.509,-0.384,-0.249,-5.964,1.2569999999999997,2.2234215531966344,,2.2234215531966344
764,284,Patrick Bailey,SFN,94,7,SWITCH,353,326,76,29,7,48,21,1,0,0.233,CC,-2.474,-1.61,-1.215,-0.918,-0.734,-6.95,0.8959999999999999,7.846,2.1891989795346367,,,,,,,,,,,,,,,,,,,,,,,,,,,,,,,,,,,2.1891989795346367
765,,,,,,,,,,,,,,,,,,,,,,,,,,,,572,Brad Keller,CHN| KCA| BOS| CHA,RIGHT,SP,45.33333333333333,9,11,42,26,23,3,45,31,3,4,0,0,0,4.566,1.919,2,1,0.044,-1.453,-2.28,-0.509,-0.243,-1.507,-5.992,1.229,2.1738942632288505,,2.1738942632288505
766,,,,,,,,,,,,,,,,,,,,,,,,,,,,573,Ryan Feltner,COL,RIGHT,SP,43.33333333333333,10,10,45,29,28,2,28,38,2,4,0,0,0,5.815,1.685,4,0,0.092,-1.716,-2.131,-0.509,-0.692,-0.947,-5.994,1.2270000000000003,2.170356599659723,,2.170356599659723
767,,,,,,,,,,,,,,,,,,,,,,,,,,,,574,Reiver Sanmartin,CIN,LEFT,RP,14.000000000000004,0,14,17,13,11,2,10,13,1,0,0,0,0,7.071,1.929,0,0,0.0,-1.979,-2.665,-0.509,-0.373,-0.472,-5.998,1.223,2.163281272521467,,2.163281272521467
768,,,,,,,,,,,,,,,,,,,,,,,,,,,,575,Jaime Barria,ANA,RIGHT,SP| RP,82.33333333333333,6,34,91,63,52,20,30,62,2,6,0,0,0,5.684,1.47,0,1,0.0,-1.716,-1.617,-0.509,-1.222,-0.939,-6.004,1.2170000000000003,2.152668281814086,,2.152668281814086
769,181,Mike Tauchman,CHA| NYA| SFN| CHN,107,1,LEFT,401,337,85,64,8,48,56,7,1,0.252,CF,-0.61,-1.498,-1.215,-0.423,-0.264,-4.01,0.8790000000000004,4.889,2.1476628381818603,,,,,,,,,,,,,,,,,,,,,,,,,,,,,,,,,,,2.1476628381818603
770,,,,,,,,,,,,,,,,,,,,,,,,,,,,576,Gerardo Reyes,ANA| OAK,RIGHT,RP,9.666666666666668,0,8,11,9,8,2,6,10,0,0,0,0,0,7.448,1.759,3,0,0.31,-2.242,-2.729,-0.509,-0.288,-0.246,-6.015,1.2060000000000004,2.1332111321838845,,2.1332111321838845
771,,,,,,,,,,,,,,,,,,,,,,,,,,,,577,Casey Lawrence,SEA| TOR| SLN,RIGHT,RP,27.333333333333336,0,15,32,20,20,7,10,20,1,0,0,0,0,6.585,1.537,4,0,0.146,-1.979,-2.516,-0.509,-0.615,-0.401,-6.019,1.202,2.126135805045629,,2.126135805045629
772,182,Jason Heyward,SDN| CHN| LAN| HOU,122,6,LEFT,377,334,90,56,15,40,34,2,2,0.269,RF| CF,-1.036,-0.715,-1.615,-0.835,0.181,-4.02,0.8690000000000007,4.889,2.1232298138566974,,,,,,,,,,,,,,,,,,,,,,,,,,,,,,,,,,,2.1232298138566974
773,,,,,,,,,,,,,,,,,,,,,,,,,,,,578,Stephen Nogosek,NYN,RIGHT,RP,25.666666666666668,0,13,28,16,16,6,14,25,0,1,0,0,0,5.61,1.636,2,0,0.078,-2.242,-2.409,-0.509,-0.365,-0.501,-6.025,1.1959999999999995,2.115522814338246,,2.115522814338246
774,,,,,,,,,,,,,,,,,,,,,,,,,,,,579,Jake Cousins,MIL| NYA,RIGHT,RP,9.333333333333334,0,9,10,5,5,1,10,7,0,0,0,0,0,4.821,2.143,0,1,0.0,-2.242,-2.794,-0.509,-0.07,-0.412,-6.027,1.194,2.1119851507691187,,2.1119851507691187
775,,,,,,,,,,,,,,,,,,,,,,,,,,,,580,Eduardo Salazar,WAS| CIN| LAN,RIGHT,RP,12.333333333333334,0,8,16,11,11,0,5,5,1,0,0,0,0,8.027,1.703,0,0,0.0,-1.979,-2.836,-0.509,-0.428,-0.28,-6.033,1.1879999999999995,2.101372160061736,,2.101372160061736
776,,,,,,,,,,,,,,,,,,,,,,,,,,,,581,Tommy Hunter,PHI| NYN,RIGHT,RP,23.666666666666668,0,14,28,20,18,6,5,20,0,1,0,0,0,6.845,1.394,1,0,0.042,-2.242,-2.516,-0.509,-0.585,-0.183,-6.035,1.186,2.097834496492609,,2.097834496492609
777,,,,,,,,,,,,,,,,,,,,,,,,,,,,582,Zach Neal,OAK,RIGHT,RP,27.0,2,14,30,22,20,8,14,25,1,1,0,0,0,6.667,1.63,0,1,0.0,-1.979,-2.409,-0.509,-0.626,-0.518,-6.041,1.1799999999999995,2.0872215057852257,,2.0872215057852257
778,,,,,,,,,,,,,,,,,,,,,,,,,,,,583,Joel Kuhnel,CIN| HOU| TBA,RIGHT,RP,12.999999999999998,0,9,16,8,8,2,5,3,0,0,0,0,0,5.538,1.615,2,0,0.154,-2.242,-2.879,-0.509,-0.177,-0.24,-6.047,1.1740000000000004,2.0766085150778446,,2.0766085150778446
779,,,,,,,,,,,,,,,,,,,,,,,,,,,,584,Logan Gillaspie,SDN| BAL,RIGHT,RP,9.0,0,11,14,7,6,2,5,8,0,1,0,0,0,6.0,2.111,0,0,0.0,-2.242,-2.772,-0.509,-0.158,-0.383,-6.064,1.157,2.04653837474026,,2.04653837474026
780,,,,,,,,,,,,,,,,,,,,,,,,,,,,586,Mitch White,LAN| TOR| MIL| SFN,RIGHT,RP,12.666666666666666,0,10,15,11,10,2,7,13,0,1,0,0,0,7.105,1.737,1,0,0.079,-2.242,-2.665,-0.509,-0.341,-0.309,-6.066,1.1550000000000002,2.043000711171133,,2.043000711171133
781,,,,,,,,,,,,,,,,,,,,,,,,,,,,585,Josh Walker,TOR| NYN,LEFT,RP,9.999999999999998,0,14,12,11,9,2,6,12,0,1,0,0,0,8.1,1.8,1,0,0.1,-2.242,-2.687,-0.509,-0.354,-0.275,-6.066,1.1550000000000002,2.043000711171133,,2.043000711171133
782,287,Andrew Knizner,SFN| SLN| TEX,69,9,RIGHT,241,224,54,29,10,31,12,2,0,0.241,CC,-2.474,-1.274,-2.065,-0.835,-0.367,-7.015,0.8310000000000004,7.846,2.030384321421076,,,,,,,,,,,,,,,,,,,,,,,,,,,,,,,,,,,2.030384321421076
783,288,Travis d'Arnaud,ANA| ATL,72,5,RIGHT,292,267,60,30,11,39,21,0,0,0.225,CC,-2.421,-1.162,-1.665,-1.0,-0.773,-7.021,0.8250000000000002,7.846,2.0157245068259773,,,,,,,,,,,,,,,,,,,,,,,,,,,,,,,,,,,2.0157245068259773
784,,,,,,,,,,,,,,,,,,,,,,,,,,,,587,Jackson Kowar,SEA| KCA,RIGHT,RP,28.000000000000004,0,23,34,24,20,4,20,29,2,0,0,0,0,6.429,1.929,5,0,0.179,-1.716,-2.323,-0.509,-0.593,-0.944,-6.085,1.136,2.009392907264421,,2.009392907264421
785,,,,,,,,,,,,,,,,,,,,,,,,,,,,588,Dallas Keuchel,CHA| ARI| TEX| MIN| MIL,LEFT,SP| RP,37.66666666666666,6,10,45,25,25,3,18,25,2,1,0,0,0,5.973,1.673,4,1,0.106,-1.716,-2.409,-0.509,-0.652,-0.801,-6.086,1.1349999999999998,2.0076240754798573,,2.0076240754798573
786,,,,,,,,,,,,,,,,,,,,,,,,,,,,589,Devin Smeltzer,MIN| MIA,LEFT,RP,22.33333333333333,1,9,29,18,16,7,4,16,0,1,0,0,0,6.448,1.478,0,1,0.0,-2.242,-2.601,-0.509,-0.476,-0.263,-6.092,1.1290000000000004,1.997011084772476,,1.997011084772476
787,,,,,,,,,,,,,,,,,,,,,,,,,,,,590,Nick Robertson,BOS| LAN| SLN| TOR,RIGHT,RP,22.333333333333336,1,18,30,19,15,3,9,26,0,1,0,0,0,6.045,1.746,2,0,0.09,-2.242,-2.387,-0.509,-0.4,-0.555,-6.093,1.128,1.9952422529879117,,1.9952422529879117
788,,,,,,,,,,,,,,,,,,,,,,,,,,,,591,Matt Bush,TEX| MIL,RIGHT,RP,10.333333333333332,0,12,11,11,11,5,6,10,0,2,1,0,0,9.581,1.645,1,0,0.097,-2.242,-2.729,-0.424,-0.495,-0.206,-6.097,1.1239999999999997,1.988166925849656,,1.988166925849656
789,,,,,,,,,,,,,,,,,,,,,,,,,,,,592,Jeurys Familia,NYN| BOS| PHI| OAK,RIGHT,RP,12.666666666666668,0,14,13,12,9,2,13,9,0,1,2,0,0,6.395,2.053,0,0,0.0,-2.242,-2.751,-0.338,-0.264,-0.503,-6.099,1.122,1.9846292622805288,,1.9846292622805288
790,,,,,,,,,,,,,,,,,,,,,,,,,,,,593,Tucker Davidson,ATL| ANA| KCA| BAL,LEFT,RP,51.33333333333335,1,38,64,37,34,6,19,46,1,2,2,0,0,5.961,1.617,10,0,0.195,-1.979,-1.96,-0.338,-0.883,-0.953,-6.113,1.1079999999999997,1.959865617296636,,1.959865617296636
791,,,,,,,,,,,,,,,,,,,,,,,,,,,,594,Collin Snider,SEA| KCA,RIGHT,RP,20.33333333333333,1,20,24,12,11,3,13,11,0,0,1,0,0,4.869,1.82,2,0,0.098,-2.242,-2.708,-0.424,-0.161,-0.578,-6.113,1.1079999999999997,1.959865617296636,,1.959865617296636
792,,,,,,,,,,,,,,,,,,,,,,,,,,,,595,Calvin Faucher,MIA| TBA,RIGHT,SP| RP,25.666666666666668,4,17,31,20,20,4,12,25,1,1,0,0,0,7.013,1.675,4,0,0.156,-1.979,-2.409,-0.509,-0.671,-0.549,-6.117,1.104,1.9527902901583811,,1.9527902901583811
793,,,,,,,,,,,,,,,,,,,,,,,,,,,,596,Carson Spiers,CIN,RIGHT,P,13.0,2,4,18,12,10,1,7,12,0,1,1,0,0,6.923,1.923,1,0,0.077,-2.242,-2.687,-0.424,-0.33,-0.435,-6.117,1.104,1.9527902901583811,,1.9527902901583811
794,,,,,,,,,,,,,,,,,,,,,,,,,,,,597,Mike Mayers,ANA| KCA,RIGHT,RP,26.333333333333336,2,6,34,19,18,4,10,17,1,2,0,0,0,6.152,1.671,0,1,0.0,-1.979,-2.58,-0.509,-0.495,-0.558,-6.121,1.0999999999999996,1.9457149630201256,,1.9457149630201256
795,,,,,,,,,,,,,,,,,,,,,,,,,,,,598,Tayler Scott,ARI| HOU| SDN| BOS| LAN| OAK,RIGHT,RP,17.666666666666668,2,18,23,12,11,3,10,17,0,0,0,0,0,5.604,1.868,4,0,0.226,-2.242,-2.58,-0.509,-0.25,-0.543,-6.124,1.0970000000000004,1.940408467666436,,1.940408467666436
796,,,,,,,,,,,,,,,,,,,,,,,,,,,,599,Adrian Morejon,SDN,LEFT,RP,9.000000000000002,1,8,14,7,7,1,5,8,0,0,0,0,0,7.0,2.111,1,0,0.111,-2.242,-2.772,-0.509,-0.234,-0.383,-6.141,1.08,1.9103383273288512,,1.9103383273288512
797,183,Kevin Kiermaier,TBA| TOR| LAN,114,9,LEFT,408,370,98,56,8,36,29,14,1,0.265,CF,-1.036,-1.498,-1.815,0.154,0.07,-4.125,0.7640000000000002,4.889,1.8666830584424807,,,,,,,,,,,,,,,,,,,,,,,,,,,,,,,,,,,1.8666830584424807
798,,,,,,,,,,,,,,,,,,,,,,,,,,,,600,Sam Long,KCA| SFN| OAK,LEFT,RP,44.99999999999999,1,40,49,29,28,5,21,32,0,1,2,0,0,5.6,1.556,0,2,0.0,-2.242,-2.259,-0.338,-0.636,-0.701,-6.177,1.0440000000000005,1.846660383084557,,1.846660383084557
799,,,,,,,,,,,,,,,,,,,,,,,,,,,,601,Hobie Harris,WAS,RIGHT,RP,19.33333333333333,0,16,21,12,11,2,13,9,0,0,0,0,0,5.121,1.759,3,0,0.155,-2.242,-2.751,-0.509,-0.194,-0.492,-6.188,1.0330000000000004,1.8272032334543555,,1.8272032334543555
800,,,,,,,,,,,,,,,,,,,,,,,,,,,,602,Jeremiah Estrada,SDN| CHN,RIGHT,RP,10.666666666666666,0,12,12,8,8,4,12,13,0,0,0,0,0,6.75,2.25,1,0,0.094,-2.242,-2.665,-0.509,-0.255,-0.526,-6.197,1.024,1.8112837473932808,,1.8112837473932808
801,,,,,,,,,,,,,,,,,,,,,,,,,,,,603,Declan Cronin,CHA| MIA,RIGHT,RP,11.000000000000002,0,9,11,12,11,3,7,8,0,1,0,0,0,9.0,1.636,1,1,0.091,-2.242,-2.772,-0.509,-0.473,-0.215,-6.211,1.0099999999999998,1.7865201024093882,,1.7865201024093882
802,,,,,,,,,,,,,,,,,,,,,,,,,,,,604,Tommy Doyle,COL,RIGHT,RP,23.66666666666667,0,15,23,18,18,5,13,18,0,1,0,0,0,6.845,1.521,1,1,0.042,-2.242,-2.558,-0.509,-0.585,-0.329,-6.223,0.9980000000000002,1.765294120994624,,1.765294120994624
803,,,,,,,,,,,,,,,,,,,,,,,,,,,,605,Joan Adon,WAS,RIGHT,SP,51.66666666666666,10,12,60,37,37,8,24,48,2,4,0,0,0,6.445,1.626,9,0,0.174,-1.716,-1.917,-0.509,-1.101,-0.981,-6.224,0.997,1.7635252892100597,,1.7635252892100597
804,,,,,,,,,,,,,,,,,,,,,,,,,,,,606,Aaron Loup,TBA| NYN| ANA,LEFT,RP,48.66666666666666,0,55,65,37,33,6,20,45,2,3,1,0,0,6.103,1.747,4,1,0.082,-1.716,-1.981,-0.424,-0.895,-1.21,-6.226,0.995,1.7599876256409326,,1.7599876256409326
805,,,,,,,,,,,,,,,,,,,,,,,,,,,,607,Brandon Walter,HOU| BOS,LEFT,RP,23.0,0,9,32,17,16,3,7,16,0,0,1,0,0,6.261,1.696,1,1,0.043,-2.242,-2.601,-0.424,-0.454,-0.515,-6.236,0.9850000000000004,1.7422993077952955,,1.7422993077952955
806,,,,,,,,,,,,,,,,,,,,,,,,,,,,608,James Kaprielian,OAK,RIGHT,SP| RP,61.0,11,14,66,45,43,9,31,57,2,6,0,0,0,6.344,1.59,10,2,0.164,-1.716,-1.724,-0.509,-1.247,-1.053,-6.25,0.971,1.7175356628114025,,1.7175356628114025
807,,,,,,,,,,,,,,,,,,,,,,,,,,,,609,Erasmo Ramirez,MIN| NYN| DET| WAS| TBA,RIGHT,RP,60.333333333333336,2,38,82,47,43,11,13,43,3,3,0,0,0,6.414,1.575,1,2,0.017,-1.453,-2.024,-0.509,-1.27,-0.996,-6.251,0.9699999999999998,1.715766831026838,,1.715766831026838
808,,,,,,,,,,,,,,,,,,,,,,,,,,,,610,Colin Selby,BAL| PIT| KCA,RIGHT,SP| RP,24.0,5,21,29,24,24,4,15,30,2,2,0,0,0,9.0,1.833,1,0,0.042,-1.716,-2.302,-0.509,-1.032,-0.698,-6.257,0.9640000000000004,1.7051538403194568,,1.7051538403194568
809,,,,,,,,,,,,,,,,,,,,,,,,,,,,611,Hogan Harris,ATH| OAK,LEFT,SP| RP,63.0,6,14,67,51,50,10,28,56,3,6,0,0,0,7.143,1.508,4,0,0.063,-1.453,-1.746,-0.509,-1.716,-0.836,-6.259,0.9619999999999996,1.7016161767503282,,1.7016161767503282
810,,,,,,,,,,,,,,,,,,,,,,,,,,,,612,Adam Cimber,CLE| MIA| TOR| ANA,RIGHT,RP,20.666666666666668,0,22,25,18,17,6,7,12,0,2,1,0,0,7.403,1.548,2,1,0.097,-2.242,-2.687,-0.424,-0.608,-0.315,-6.276,0.9450000000000004,1.6715460364127452,,1.6715460364127452
811,,,,,,,,,,,,,,,,,,,,,,,,,,,,613,Yerry Rodriguez,TEX| TOR,RIGHT,RP,13.666666666666666,1,13,20,12,12,1,6,15,0,1,0,0,0,7.902,1.902,0,0,0.0,-2.242,-2.623,-0.509,-0.46,-0.443,-6.277,0.944,1.669777204628181,,1.669777204628181
812,187,Michael Taylor,CHA| WAS| KCA| MIN| PIT,120,9,RIGHT,388,355,78,44,21,51,26,9,1,0.22,CF,-1.675,-0.044,-1.065,-0.258,-1.165,-4.207,0.6820000000000004,4.889,1.6663322589761418,,,,,,,,,,,,,,,,,,,,,,,,,,,,,,,,,,,1.6663322589761418
813,,,,,,,,,,,,,,,,,,,,,,,,,,,,614,Roansy Contreras,BAL| COL| PIT| ANA,RIGHT,SP| RP,68.33333333333333,11,19,75,50,50,11,32,55,3,7,1,0,0,6.585,1.566,13,2,0.19,-1.453,-1.767,-0.424,-1.537,-1.099,-6.28,0.9409999999999998,1.6644707092744897,,1.6644707092744897
814,188,Jarred Kelenic,ATL| SEA,105,6,LEFT,416,372,94,44,11,49,41,13,5,0.253,LF| RF,-1.675,-1.162,-1.165,0.072,-0.278,-4.209,0.6800000000000006,4.889,1.6614456541111098,,,,,,,,,,,,,,,,,,,,,,,,,,,,,,,,,,,1.6614456541111098
815,,,,,,,,,,,,,,,,,,,,,,,,,,,,615,Trevor Williams,WAS| PIT| CHN| NYN,RIGHT,SP,144.33333333333334,30,30,178,97,89,34,53,111,6,10,0,0,0,5.55,1.601,9,1,0.062,-0.664,-0.57,-0.509,-1.978,-2.563,-6.284,0.9370000000000004,1.6573953821362353,,1.6573953821362353
816,,,,,,,,,,,,,,,,,,,,,,,,,,,,616,Cody Bolton,CLE| PIT| SEA,RIGHT,RP,21.33333333333333,0,16,30,15,15,3,15,22,1,0,0,0,0,6.328,2.109,1,0,0.047,-1.979,-2.473,-0.509,-0.433,-0.907,-6.301,0.92,1.627325241798651,,1.627325241798651
817,,,,,,,,,,,,,,,,,,,,,,,,,,,,617,Jesse Scholtens,TBA| CHA,RIGHT,SP| RP,85.0,11,26,100,54,50,15,30,58,1,9,1,0,0,5.294,1.529,7,3,0.082,-1.979,-1.703,-0.424,-0.98,-1.216,-6.302,0.9190000000000004,1.6255564100140882,,1.6255564100140882
818,180,Ryan Noda,BAL| CHA| OAK,127,2,LEFT,495,406,93,63,16,54,77,3,1,0.229,1B,-0.663,-0.603,-0.915,-0.753,-1.041,-3.975,0.661,4.636,1.615022907893298,,,,,,,,,,,,,,,,,,,,,,,,,,,,,,,,,,,1.615022907893298
819,146,Eloy Jimenez,CHA| BAL,120,4,RIGHT,489,456,124,50,18,64,30,0,0,0.272,DH,-1.356,-0.379,-0.416,-1.0,0.334,-2.817,0.6600000000000001,3.4770000000000003,1.612579605460782,,,,,,,,,,,,,,,,,,,,,,,,,,,,,,,,,,,1.612579605460782
820,296,Logan O'Hoppe,ANA,50,4,RIGHT,199,182,43,22,14,29,14,0,1,0.236,CC,-2.847,-0.827,-2.164,-1.0,-0.366,-7.204,0.6420000000000003,7.846,1.5686001616754883,,,,,,,,,,,,,,,,,,,,,,,,,,,,,,,,,,,1.5686001616754883
821,,,,,,,,,,,,,,,,,,,,,,,,,,,,618,Gus Varland,LAN| MIL| CHA,RIGHT,RP,20.33333333333333,0,16,27,18,15,3,16,20,1,1,0,0,0,6.639,2.115,2,0,0.098,-1.979,-2.516,-0.509,-0.467,-0.869,-6.34,0.8810000000000002,1.558340802200665,,1.558340802200665
822,,,,,,,,,,,,,,,,,,,,,,,,,,,,619,Tim Hill,NYA| SDN| CHA,LEFT,RP,44.33333333333333,0,48,59,36,27,7,14,26,1,4,0,0,0,5.481,1.647,0,0,0.0,-1.979,-2.387,-0.509,-0.582,-0.887,-6.344,0.8769999999999998,1.5512654750624093,,1.5512654750624093
823,,,,,,,,,,,,,,,,,,,,,,,,,,,,620,Glenn Otto,TEX,RIGHT,RP,10.666666666666668,0,6,14,12,12,6,6,11,0,0,0,0,0,10.125,1.875,4,1,0.375,-2.242,-2.708,-0.509,-0.561,-0.332,-6.351,0.8700000000000001,1.5388836525704637,,1.5388836525704637
824,,,,,,,,,,,,,,,,,,,,,,,,,,,,621,Cory Abbott,CHN| WAS,RIGHT,RP,39.33333333333333,0,22,48,29,29,9,19,40,1,2,0,0,0,6.636,1.703,5,1,0.127,-1.979,-2.088,-0.509,-0.902,-0.895,-6.373,0.8479999999999999,1.4999693533100606,,1.4999693533100606
825,,,,,,,,,,,,,,,,,,,,,,,,,,,,622,Jose Marte,ANA,RIGHT,RP,9.333333333333332,0,10,14,10,9,3,7,7,0,0,0,0,0,8.679,2.25,3,0,0.321,-2.242,-2.794,-0.509,-0.376,-0.46,-6.381,0.8399999999999999,1.485818699033551,,1.485818699033551
826,,,,,,,,,,,,,,,,,,,,,,,,,,,,623,Domingo Acevedo,OAK,RIGHT,RP,9.333333333333334,0,9,16,11,11,2,2,7,0,0,0,0,0,10.607,1.929,2,0,0.214,-2.242,-2.794,-0.509,-0.529,-0.315,-6.388,0.8330000000000002,1.473436876541605,,1.473436876541605
827,,,,,,,,,,,,,,,,,,,,,,,,,,,,624,Denyi Reyes,BAL| NYN,RIGHT,SP| RP,19.666666666666664,3,9,25,17,17,3,8,17,0,2,0,0,0,7.78,1.678,4,0,0.203,-2.242,-2.58,-0.509,-0.642,-0.423,-6.396,0.8250000000000002,1.459286222265095,,1.459286222265095
828,,,,,,,,,,,,,,,,,,,,,,,,,,,,625,Nabil Crismatt,ARI| SLN| SDN| LAN,RIGHT,RP,13.0,0,8,19,13,12,3,7,12,0,2,0,0,0,8.308,2.0,1,1,0.077,-2.242,-2.687,-0.509,-0.483,-0.483,-6.404,0.8170000000000002,1.445135567988585,,1.445135567988585
829,,,,,,,,,,,,,,,,,,,,,,,,,,,,626,Kyle Wright,ATL,RIGHT,SP,31.0,7,9,40,26,24,5,17,34,1,3,0,0,0,6.968,1.839,2,0,0.065,-1.979,-2.216,-0.509,-0.798,-0.91,-6.412,0.8090000000000002,1.430984913712075,,1.430984913712075
830,189,Enrique Hernandez,LAN| BOS,137,7,RIGHT,508,465,110,57,11,61,34,4,1,0.237,SS| CF| 2B,-0.983,-1.162,-0.566,-0.67,-0.924,-4.305,0.5840000000000005,4.889,1.4268886205895412,,,,,,,,,,,,,,,,,,,,,,,,,,,,,,,,,,,1.4268886205895412
831,,,,,,,,,,,,,,,,,,,,,,,,,,,,627,Justin Garza,NYN| CLE| BOS,RIGHT,RP,18.33333333333333,1,17,22,17,15,3,12,17,0,2,0,0,0,7.364,1.855,0,0,0.0,-2.242,-2.58,-0.509,-0.534,-0.552,-6.416,0.8049999999999997,1.4239095865738192,,1.4239095865738192
832,,,,,,,,,,,,,,,,,,,,,,,,,,,,628,Thaddeus Ward,WAS,RIGHT,RP,35.33333333333333,0,26,29,26,25,7,28,30,0,0,0,0,0,6.368,1.613,2,2,0.057,-2.242,-2.302,-0.509,-0.73,-0.649,-6.432,0.7889999999999997,1.395608278020799,,1.395608278020799
833,190,Charlie Blackmon,COL,96,1,LEFT,413,359,100,57,8,40,39,4,1,0.279,DH| RF,-0.983,-1.498,-1.615,-0.67,0.445,-4.32,0.569,4.889,1.3902390841017949,,,,,,,,,,,,,,,,,,,,,,,,,,,,,,,,,,,1.3902390841017949
834,,,,,,,,,,,,,,,,,,,,,,,,,,,,629,Ty Blach,COL,LEFT,SP| RP,78.0,13,20,104,51,48,15,24,50,3,3,0,0,0,5.538,1.641,2,1,0.026,-1.453,-1.874,-0.509,-1.061,-1.539,-6.437,0.7839999999999998,1.3867641190979805,,1.3867641190979805
835,,,,,,,,,,,,,,,,,,,,,,,,,,,,630,Corey Kluber,TEX| NYA| TBA| BOS,RIGHT,SP| RP,55.0,9,15,69,47,43,17,21,42,3,6,1,0,0,7.036,1.636,3,0,0.055,-1.453,-2.045,-0.424,-1.448,-1.073,-6.443,0.7780000000000005,1.3761511283905992,,1.3761511283905992
836,,,,,,,,,,,,,,,,,,,,,,,,,,,,631,Spencer Turnbull,TOR| DET| PHI,RIGHT,SP,31.0,7,7,37,26,25,5,15,24,1,4,0,0,0,7.258,1.677,3,0,0.097,-1.979,-2.43,-0.509,-0.874,-0.667,-6.459,0.7620000000000005,1.3478498198375792,,1.3478498198375792
837,,,,,,,,,,,,,,,,,,,,,,,,,,,,632,Javy Guerra,SDN| TBA| MIL,RIGHT,RP,19.33333333333333,2,17,17,13,13,2,22,14,0,0,0,0,0,6.052,2.017,2,0,0.103,-2.242,-2.644,-0.509,-0.347,-0.735,-6.477,0.7439999999999998,1.3160108477154304,,1.3160108477154304
838,,,,,,,,,,,,,,,,,,,,,,,,,,,,633,Rico Garcia,BAL| NYA| NYN| SFN| OAK| WAS,RIGHT,RP,11.666666666666666,0,10,19,12,12,5,6,10,0,0,0,0,0,9.257,2.143,0,0,0.0,-2.242,-2.729,-0.509,-0.527,-0.515,-6.522,0.6989999999999998,1.2364134174100618,,1.2364134174100618
839,,,,,,,,,,,,,,,,,,,,,,,,,,,,634,Levi Stoudt,CIN,RIGHT,P,10.333333333333334,2,4,16,11,11,1,8,9,0,1,0,0,0,9.581,2.323,3,0,0.29,-2.242,-2.751,-0.509,-0.495,-0.546,-6.543,0.6779999999999999,1.1992679499342231,,1.1992679499342231
840,,,,,,,,,,,,,,,,,,,,,,,,,,,,635,Noah Syndergaard,NYN| ANA| PHI| CLE| LAN,RIGHT,SP,88.66666666666666,18,18,104,65,64,22,19,56,2,6,0,0,0,6.496,1.387,34,1,0.383,-1.716,-1.746,-0.509,-1.928,-0.656,-6.554,0.6669999999999998,1.1798108003040215,,1.1798108003040215
841,,,,,,,,,,,,,,,,,,,,,,,,,,,,636,Zach Plesac,CLE| ANA,RIGHT,SP,21.33333333333333,5,5,37,20,18,3,5,14,1,1,0,0,0,7.594,1.969,1,0,0.047,-1.979,-2.644,-0.509,-0.663,-0.761,-6.555,0.6660000000000004,1.178041968519459,,1.178041968519459
842,184,Brandon Belt,SFN| TOR,103,3,LEFT,404,339,86,53,19,43,61,0,0,0.254,DH| 1B,-1.196,-0.268,-1.465,-1.0,-0.227,-4.156,0.4800000000000004,4.636,1.1727851676078422,,,,,,,,,,,,,,,,,,,,,,,,,,,,,,,,,,,1.1727851676078422
843,194,Joc Pederson,TEX| LAN| ATL| CHN| SFN| ARI,120,4,LEFT,425,358,84,59,15,51,57,0,0,0.235,DH| LF,-0.876,-0.715,-1.065,-1.0,-0.764,-4.421,0.4679999999999999,4.889,1.143465538417645,,,,,,,,,,,,,,,,,,,,,,,,,,,,,,,,,,,1.143465538417645
844,195,Mickey Moniak,COL| PHI| ANA,84,1,LEFT,323,311,87,35,14,45,9,6,2,0.28,CF,-2.154,-0.827,-1.365,-0.505,0.414,-4.437,0.4519999999999999,4.889,1.1043726994973837,,,,,,,,,,,,,,,,,,,,,,,,,,,,,,,,,,,1.1043726994973837
845,196,Jorge Mateo,BAL| SDN,105,9,RIGHT,350,318,69,53,7,34,22,29,5,0.217,SS,-1.196,-1.61,-1.915,1.39,-1.11,-4.44,0.4489999999999998,4.889,1.0970427921998342,,,,,,,,,,,,,,,,,,,,,,,,,,,,,,,,,,,1.0970427921998342
846,,,,,,,,,,,,,,,,,,,,,,,,,,,,637,Justin Martinez,ARI,RIGHT,RP,10.0,0,10,13,14,14,2,11,14,0,0,1,0,0,12.6,2.4,0,0,0.0,-2.242,-2.644,-0.424,-0.736,-0.566,-6.612,0.609,1.0772185567993244,,1.0772185567993244
847,,,,,,,,,,,,,,,,,,,,,,,,,,,,638,Amos Willingham,WAS,RIGHT,RP,24.33333333333333,0,18,35,18,18,8,9,15,0,2,0,0,0,6.657,1.808,1,1,0.041,-2.242,-2.623,-0.509,-0.562,-0.678,-6.614,0.6070000000000002,1.073680893230197,,1.073680893230197
848,186,Garrett Cooper,MIA| SDN| BOS| CHN,121,5,RIGHT,457,422,106,42,17,61,31,0,0,0.251,1B| DH,-1.782,-0.491,-0.566,-1.0,-0.364,-4.203,0.4329999999999998,4.636,1.0579499532795729,,,,,,,,,,,,,,,,,,,,,,,,,,,,,,,,,,,1.0579499532795729
849,197,Edward Olivares,KCA| SDN| PIT,105,5,RIGHT,385,354,93,47,12,36,22,11,5,0.263,DH| LF,-1.515,-1.05,-1.815,-0.093,0.008,-4.466,0.423,4.889,1.0335169289544102,,,,,,,,,,,,,,,,,,,,,,,,,,,,,,,,,,,1.0335169289544102
850,303,Kyle Higashioka,TEX| NYA| SDN,80,8,RIGHT,260,242,57,24,10,34,14,0,0,0.236,CC,-2.74,-1.274,-1.915,-1.0,-0.5,-7.429,0.4169999999999998,7.846,1.0188571143593117,,,,,,,,,,,,,,,,,,,,,,,,,,,,,,,,,,,1.0188571143593117
851,,,,,,,,,,,,,,,,,,,,,,,,,,,,639,Jake Woodford,ARI| SLN| CHA| PIT,RIGHT,SP| RP,47.66666666666666,8,15,61,34,33,11,22,29,2,3,0,0,0,6.231,1.741,2,1,0.042,-1.716,-2.323,-0.509,-0.929,-1.173,-6.65,0.5709999999999997,1.0100029489859017,,1.0100029489859017
852,,,,,,,,,,,,,,,,,,,,,,,,,,,,640,Lyon Richardson,CIN,RIGHT,SP,16.666666666666668,4,4,17,16,16,6,15,12,0,2,0,0,0,8.64,1.92,1,0,0.06,-2.242,-2.687,-0.509,-0.666,-0.555,-6.658,0.5629999999999997,0.9958522947093914,,0.9958522947093914
853,198,Zack Gelof,ATH| OAK,69,2,RIGHT,300,270,72,40,14,32,26,14,2,0.267,2B,-1.888,-0.827,-2.015,0.154,0.088,-4.487,0.4020000000000001,4.889,0.9822075778715672,,,,,,,,,,,,,,,,,,,,,,,,,,,,,,,,,,,0.9822075778715672
854,,,,,,,,,,,,,,,,,,,,,,,,,,,,641,Garrett Hill,DET,RIGHT,RP,15.666666666666666,0,9,19,20,16,4,14,14,0,0,1,0,0,9.191,2.106,1,0,0.064,-2.242,-2.644,-0.424,-0.699,-0.663,-6.672,0.5490000000000004,0.9710886497255,,0.9710886497255
855,,,,,,,,,,,,,,,,,,,,,,,,,,,,642,Dylan Coleman,KCA| HOU,RIGHT,RP,18.33333333333334,1,23,18,19,18,3,19,21,0,2,0,0,0,8.836,2.018,4,0,0.218,-2.242,-2.494,-0.509,-0.763,-0.698,-6.706,0.5149999999999997,0.9109483690503312,,0.9109483690503312
856,305,Yasmani Grandal,CHA| PIT,116,7,SWITCH,405,363,85,33,8,33,36,0,0,0.234,CC,-2.261,-1.498,-1.965,-1.0,-0.788,-7.511,0.3349999999999999,7.846,0.8185063148929724,,,,,,,,,,,,,,,,,,,,,,,,,,,,,,,,,,,0.8185063148929724
857,,,,,,,,,,,,,,,,,,,,,,,,,,,,643,Andrew Suarez,SFN| SLN,LEFT,RP,27.666666666666668,0,13,33,27,22,7,15,17,0,0,0,0,0,7.157,1.735,0,0,0.0,-2.242,-2.58,-0.509,-0.757,-0.672,-6.76,0.4610000000000003,0.8154314526838898,,0.8154314526838898
858,199,Brendan Donovan,SLN,93,1,LEFT,371,327,93,48,11,34,33,5,1,0.284,2B| LF,-1.462,-1.162,-1.915,-0.588,0.553,-4.574,0.3150000000000004,4.889,0.7696402662426467,,,,,,,,,,,,,,,,,,,,,,,,,,,,,,,,,,,0.7696402662426467
859,,,,,,,,,,,,,,,,,,,,,,,,,,,,644,Luis Severino,ATH| NYA| NYN,RIGHT,SP,89.33333333333333,18,19,113,73,66,23,34,79,4,8,0,0,0,6.649,1.645,9,1,0.101,-1.19,-1.254,-0.509,-2.058,-1.782,-6.793,0.4279999999999999,0.7570600037932854,,0.7570600037932854
860,,,,,,,,,,,,,,,,,,,,,,,,,,,,645,Alek Manoah,TOR,RIGHT,SP,87.33333333333333,19,19,93,61,57,15,59,79,3,9,0,0,0,5.874,1.74,15,2,0.172,-1.453,-1.254,-0.509,-1.437,-2.145,-6.798,0.423,0.7482158448704668,,0.7482158448704668
861,200,Jesus Sanchez,HOU| MIA,117,4,LEFT,402,360,91,43,14,52,38,3,1,0.253,RF,-1.728,-0.827,-1.015,-0.753,-0.266,-4.59,0.2990000000000004,4.889,0.7305474273223853,,,,,,,,,,,,,,,,,,,,,,,,,,,,,,,,,,,0.7305474273223853
862,,,,,,,,,,,,,,,,,,,,,,,,,,,,646,Connor Overton,PIT| TOR| CIN,RIGHT,SP,11.0,3,3,19,14,14,3,7,9,0,1,0,0,0,11.454,2.364,1,1,0.091,-2.242,-2.751,-0.509,-0.702,-0.603,-6.808,0.4130000000000002,0.7305275270248297,,0.7305275270248297
863,201,Javier Baez,DET| CHN| NYN,136,3,RIGHT,547,510,113,58,9,59,24,12,0,0.222,SS,-0.929,-1.386,-0.666,-0.011,-1.601,-4.593,0.2960000000000002,4.889,0.723217520024836,,,,,,,,,,,,,,,,,,,,,,,,,,,,,,,,,,,0.723217520024836
864,,,,,,,,,,,,,,,,,,,,,,,,,,,,647,Karl Kauffmann,COL,RIGHT,SP| RP,35.0,3,11,42,34,32,5,16,16,2,5,0,0,0,8.229,1.657,4,0,0.114,-1.716,-2.601,-0.509,-1.276,-0.718,-6.82,0.4009999999999998,0.7093015456100639,,0.7093015456100639
865,,,,,,,,,,,,,,,,,,,,,,,,,,,,648,Jose Urena,ANA| LAN| MIN| NYN| TOR| MIA| DET| COL| MIL| CHA| TEX,RIGHT,SP,44.66666666666667,10,10,50,37,32,13,22,29,0,7,0,0,0,6.448,1.612,5,4,0.112,-2.242,-2.323,-0.509,-0.953,-0.818,-6.845,0.3760000000000003,0.665080750995971,,0.665080750995971
866,310,Matt Thaiss,CHA| TBA| ANA,92,8,LEFT,307,262,56,32,9,31,36,2,0,0.214,CC,-2.314,-1.386,-2.065,-0.835,-0.98,-7.58,0.266,7.846,0.6499184470493453,,,,,,,,,,,,,,,,,,,,,,,,,,,,,,,,,,,0.6499184470493453
867,203,Trent Grisham,NYA| SDN,150,9,LEFT,555,469,93,66,13,50,75,15,3,0.198,CF,-0.503,-0.939,-1.115,0.236,-2.311,-4.632,0.2570000000000005,4.889,0.6279287251566996,,,,,,,,,,,,,,,,,,,,,,,,,,,,,,,,,,,0.6279287251566996
868,204,Connor Joe,CIN| SDN| COL| PIT,131,3,RIGHT,472,413,102,62,11,42,50,3,5,0.247,LF| RF| 1B,-0.716,-1.162,-1.515,-0.753,-0.49,-4.636,0.2530000000000001,4.889,0.6181555154266332,,,,,,,,,,,,,,,,,,,,,,,,,,,,,,,,,,,0.6181555154266332
869,,,,,,,,,,,,,,,,,,,,,,,,,,,,649,Quinn Priester,MIL| PIT| BOS,RIGHT,SP,50.0,8,10,58,43,43,12,27,36,3,3,0,0,0,7.74,1.7,2,0,0.04,-1.453,-2.173,-0.509,-1.615,-1.13,-6.88,0.3410000000000002,0.6031716385362395,,0.6031716385362395
870,,,,,,,,,,,,,,,,,,,,,,,,,,,,650,Taylor Hearn,TEX| ATL| KCA,LEFT,RP,15.0,0,13,23,19,19,4,8,15,0,0,0,0,0,11.4,2.067,3,0,0.2,-2.242,-2.623,-0.509,-0.951,-0.606,-6.931,0.29,0.5129612175234879,,0.5129612175234879
871,,,,,,,,,,,,,,,,,,,,,,,,,,,,651,Chase De Jong,HOU| PIT,RIGHT,RP,11.333333333333332,0,6,18,17,17,6,6,7,0,0,0,0,0,13.5,2.118,0,0,0.0,-2.242,-2.794,-0.509,-0.92,-0.486,-6.951,0.2700000000000004,0.4775845818322136,,0.4775845818322136
872,,,,,,,,,,,,,,,,,,,,,,,,,,,,652,Adam Oller,OAK| MIA,RIGHT,RP,19.66666666666667,1,9,29,24,22,5,12,13,1,1,0,0,0,10.068,2.085,0,1,0.0,-1.979,-2.665,-0.509,-1.024,-0.812,-6.989,0.2320000000000002,0.4103689740187906,,0.4103689740187906
873,,,,,,,,,,,,,,,,,,,,,,,,,,,,653,James Naile,SLN,RIGHT,RP,15.333333333333336,0,10,27,19,15,1,9,7,0,0,0,0,0,8.804,2.348,0,0,0.0,-2.242,-2.794,-0.509,-0.634,-0.829,-7.008,0.213,0.3767611701120791,,0.3767611701120791
874,,,,,,,,,,,,,,,,,,,,,,,,,,,,654,Dylan Dodd,ATL,LEFT,SP,34.33333333333333,7,7,53,29,29,9,12,15,2,2,0,0,0,7.602,1.893,2,1,0.058,-1.716,-2.623,-0.509,-1.069,-1.098,-7.015,0.2060000000000004,0.3643793476201334,,0.3643793476201334
875,,,,,,,,,,,,,,,,,,,,,,,,,,,,655,Ryan Weathers,MIA| SDN,LEFT,SP| RP,57.66666666666666,12,15,68,44,42,12,29,43,1,8,0,0,0,6.555,1.682,2,5,0.035,-1.979,-2.024,-0.509,-1.282,-1.253,-7.047,0.1740000000000003,0.3077767305140934,,0.3077767305140934
876,205,David Peralta,ARI| TBA| LAN| SDN,132,6,LEFT,422,394,102,47,7,55,20,4,1,0.259,LF,-1.515,-1.61,-0.865,-0.67,-0.107,-4.767,0.1219999999999998,4.889,0.2980828967669927,,,,,,,,,,,,,,,,,,,,,,,,,,,,,,,,,,,0.2980828967669927
877,,,,,,,,,,,,,,,,,,,,,,,,,,,,656,Peter Solomon,HOU| ARI,RIGHT,RP,13.333333333333334,0,5,17,18,18,2,11,6,0,0,0,0,0,12.15,2.1,1,0,0.075,-2.242,-2.815,-0.509,-0.93,-0.561,-7.057,0.1639999999999997,0.2900884126684546,,0.2900884126684546
878,206,DJ LeMahieu,NYA,136,1,RIGHT,562,497,121,55,15,44,60,2,2,0.243,3B| 1B,-1.089,-0.715,-1.415,-0.835,-0.724,-4.778,0.1110000000000006,4.889,0.2712065700093148,,,,,,,,,,,,,,,,,,,,,,,,,,,,,,,,,,,0.2712065700093148
879,321,Victor Caratini,HOU| CHN| SDN| MIL,60,7,SWITCH,226,201,52,23,7,25,19,1,1,0.259,CC,-2.793,-1.61,-2.364,-0.918,-0.057,-7.742,0.104,7.846,0.2541034529816991,,,,,,,,,,,,,,,,,,,,,,,,,,,,,,,,,,,0.2541034529816991
880,207,Patrick Wisdom,CHN,95,8,RIGHT,302,268,55,43,23,46,30,3,1,0.205,3B,-1.728,0.18,-1.315,-0.753,-1.178,-4.794,0.0950000000000006,4.889,0.2321137310890534,,,,,,,,,,,,,,,,,,,,,,,,,,,,,,,,,,,0.2321137310890534
881,323,Martin Maldonado,SDN| HOU| CHA,116,9,RIGHT,407,362,69,33,15,36,30,0,0,0.191,CC,-2.261,-0.715,-1.815,-1.0,-1.998,-7.788,0.0579999999999998,7.846,0.141711541085947,,,,,,,,,,,,,,,,,,,,,,,,,,,,,,,,,,,0.141711541085947
882,202,Dominic Smith,SFN| NYN| WAS| BOS| CIN,146,6,LEFT,586,527,134,57,12,46,47,1,1,0.254,1B,-0.983,-1.05,-1.315,-0.918,-0.33,-4.596,0.04,4.636,0.0977320973006535,,,,,,,,,,,,,,,,,,,,,,,,,,,,,,,,,,,0.0977320973006535
883,209,Jorge Polanco,SEA| MIN,80,2,SWITCH,343,302,77,38,14,48,36,4,0,0.255,2B,-1.995,-0.827,-1.215,-0.67,-0.173,-4.88,0.0090000000000003,4.889,0.0219897218926478,,,,,,,,,,,,,,,,,,,,,,,,,,,,,,,,,,,0.0219897218926478
884,,,,,,,,,,,,,,,,,,,,,,,,,,,,657,Gavin Stone,LAN,RIGHT,SP| RP,31.0,4,8,46,32,31,8,13,22,1,1,1,0,0,9.0,1.903,2,0,0.065,-1.979,-2.473,-0.424,-1.333,-1.007,-7.216,0.0049999999999998,0.0088441589228185,,0.0088441589228185
885,210,Zach McKinstry,DET| LAN| CHN,145,1,LEFT,518,464,107,60,9,35,44,16,6,0.231,2B| RF| 3B| LF| SS,-0.823,-1.386,-1.865,0.319,-1.134,-4.889,0.0,4.889,0.0,,,,,,,,,,,,,,,,,,,,,,,,,,,,,,,,,,,0.0
886,,,,,,,,,,,,,,,,,,,,,,,,,,,,658,Luke Weaver,NYA| ARI| KCA| CIN| SEA,RIGHT,SP| RP,123.66666666666666,25,29,155,90,88,29,40,109,3,6,0,0,0,6.404,1.577,3,2,0.024,-1.453,-0.612,-0.509,-2.592,-2.054,-7.221,0.0,0.0,,0.0
887,327,Christian Vazquez,MIN| BOS| HOU,99,8,RIGHT,355,327,73,34,6,32,25,1,0,0.223,CC,-2.208,-1.721,-2.015,-0.918,-0.984,-7.846,0.0,7.846,0.0,,,,,,,,,,,,,,,,,,,,,,,,,,,,,,,,,,,0.0
888,211,Mike Yastrzemski,KCA| SFN,103,5,LEFT,381,330,77,54,15,43,45,2,2,0.233,RF| CF,-1.142,-0.715,-1.465,-0.835,-0.737,-4.895,-0.0059999999999993,4.889,-0.0146598145950964,,,,,,,,,,,,,,,,,,,,,,,,,,,,,,,,,,,-0.0146598145950964
889,,,,,,,,,,,,,,,,,,,,,,,,,,,,659,Drew Rucinski,OAK,RIGHT,SP,18.0,4,4,27,22,18,5,14,6,0,4,0,0,0,9.0,2.278,0,1,0.0,-2.242,-2.815,-0.509,-0.774,-0.912,-7.252,-0.0309999999999996,-0.0548337853214757,,-0.0548337853214757
890,,,,,,,,,,,,,,,,,,,,,,,,,,,,660,Jose Suarez,ATL| ANA,LEFT,SP| RP,33.66666666666667,7,11,46,32,31,10,20,28,1,3,0,0,0,8.287,1.96,0,1,0.0,-1.979,-2.345,-0.509,-1.244,-1.187,-7.263,-0.0419999999999998,-0.0742909349516772,,-0.0742909349516772
891,213,Kyle Farmer,COL| CIN| MIN,113,6,RIGHT,369,336,86,48,11,46,23,2,4,0.256,2B| SS| 3B,-1.462,-1.162,-1.315,-0.835,-0.167,-4.941,-0.0519999999999996,4.889,-0.1270517264908484,,,,,,,,,,,,,,,,,,,,,,,,,,,,,,,,,,,-0.1270517264908484
892,,,,,,,,,,,,,,,,,,,,,,,,,,,,661,Drew Rom,SLN,LEFT,SP,33.666666666666664,8,8,51,34,30,7,19,32,1,4,0,0,0,8.02,2.079,2,1,0.059,-1.979,-2.259,-0.509,-1.167,-1.381,-7.296,-0.0750000000000001,-0.1326623838422816,,-0.1326623838422816
893,,,,,,,,,,,,,,,,,,,,,,,,,,,,662,Madison Bumgarner,ARI,LEFT,SP,16.666666666666668,4,4,25,20,19,4,15,10,0,3,0,0,0,10.26,2.4,3,1,0.18,-2.242,-2.729,-0.509,-0.895,-0.944,-7.319,-0.0979999999999998,-0.1733455148872473,,-0.1733455148872473
894,214,Brenton Doyle,COL,121,9,RIGHT,431,399,81,48,10,48,22,22,5,0.203,CF,-1.462,-1.274,-1.215,0.813,-1.822,-4.96,-0.0709999999999997,4.889,-0.1734744727086591,,,,,,,,,,,,,,,,,,,,,,,,,,,,,,,,,,,-0.1734744727086591
895,216,Michael Massey,KCA,128,6,LEFT,461,428,98,42,15,55,24,6,2,0.229,2B,-1.782,-0.715,-0.865,-0.505,-1.1,-4.967,-0.0779999999999994,4.889,-0.1905775897362727,,,,,,,,,,,,,,,,,,,,,,,,,,,,,,,,,,,-0.1905775897362727
896,,,,,,,,,,,,,,,,,,,,,,,,,,,,663,Noah Davis,LAN| MIN| COL,RIGHT,SP,30.0,6,8,43,30,29,6,15,26,0,4,0,0,0,8.7,1.933,3,2,0.1,-2.242,-2.387,-0.509,-1.214,-1.018,-7.37,-0.149,-0.2635559358999989,,-0.2635559358999989
897,334,Tom Murphy,SEA| SFN,47,7,RIGHT,159,145,42,19,8,17,10,0,0,0.29,CC,-3.006,-1.498,-2.764,-1.0,0.304,-7.965,-0.1189999999999997,7.846,-0.2907529894694434,,,,,,,,,,,,,,,,,,,,,,,,,,,,,,,,,,,-0.2907529894694434
898,217,Nick Senzel,CIN| CHA| WAS,97,7,RIGHT,330,301,71,48,13,42,26,6,2,0.236,3B| LF,-1.462,-0.939,-1.515,-0.505,-0.614,-5.035,-0.1459999999999999,4.889,-0.3567221551473848,,,,,,,,,,,,,,,,,,,,,,,,,,,,,,,,,,,-0.3567221551473848
899,218,Robbie Grossman,OAK| DET| ATL| TEX| CHA| KCA,112,6,SWITCH,420,353,84,56,10,49,57,1,0,0.238,RF| LF| DH,-1.036,-1.274,-1.165,-0.918,-0.663,-5.056,-0.1669999999999998,4.889,-0.4080315062302276,,,,,,,,,,,,,,,,,,,,,,,,,,,,,,,,,,,-0.4080315062302276
900,219,Giancarlo Stanton,NYA,101,4,RIGHT,415,371,71,43,24,60,41,0,0,0.191,RF| DH,-1.728,0.292,-0.616,-1.0,-2.026,-5.078,-0.189,4.889,-0.4617841597455875,,,,,,,,,,,,,,,,,,,,,,,,,,,,,,,,,,,-0.4617841597455875
901,,,,,,,,,,,,,,,,,,,,,,,,,,,,664,Zach Davies,SDN| CHN| ARI,RIGHT,SP,82.33333333333334,18,18,98,67,64,10,39,72,2,5,0,0,0,6.996,1.664,8,1,0.097,-1.716,-1.404,-0.509,-2.139,-1.716,-7.484,-0.2629999999999999,-0.4652027593402664,,-0.4652027593402664
902,220,Will Brennan,CLE,133,7,LEFT,455,432,115,40,5,41,16,13,5,0.266,RF,-1.888,-1.833,-1.565,0.072,0.126,-5.089,-0.2000000000000001,4.889,-0.4886604865032676,,,,,,,,,,,,,,,,,,,,,,,,,,,,,,,,,,,-0.4886604865032676
903,,,,,,,,,,,,,,,,,,,,,,,,,,,,665,Luis Cessa,NYA| CIN,RIGHT,SP,26.0,6,7,46,26,26,3,12,11,1,4,0,0,0,9.0,2.231,0,0,0.0,-1.979,-2.708,-0.509,-1.118,-1.258,-7.572,-0.351,-0.6208599563818766,,-0.6208599563818766
904,338,James McCann,ARI| CHA| NYN| BAL,66,8,RIGHT,226,207,46,25,6,26,9,3,1,0.222,CC,-2.687,-1.721,-2.314,-0.753,-0.639,-8.115,-0.2690000000000001,7.846,-0.6572483543468947,,,,,,,,,,,,,,,,,,,,,,,,,,,,,,,,,,,-0.6572483543468947
905,222,Ji Hwan Bae,PIT,103,8,LEFT,371,334,77,53,2,32,30,24,9,0.231,2B| CF,-1.196,-2.169,-2.015,0.978,-0.818,-5.219,-0.33,4.889,-0.806289802730391,,,,,,,,,,,,,,,,,,,,,,,,,,,,,,,,,,,-0.806289802730391
906,223,Matt Wallner,MIN,73,6,LEFT,254,213,53,42,14,41,28,2,1,0.249,RF| LF,-1.782,-0.827,-1.565,-0.835,-0.222,-5.231,-0.3419999999999996,4.889,-0.8356094319205859,,,,,,,,,,,,,,,,,,,,,,,,,,,,,,,,,,,-0.8356094319205859
907,,,,,,,,,,,,,,,,,,,,,,,,,,,,666,Carlos Carrasco,ATL| NYA| CLE| NYN,RIGHT,SP,90.0,20,20,115,71,68,18,38,66,3,8,0,0,0,6.8,1.7,12,1,0.133,-1.453,-1.532,-0.509,-2.189,-2.034,-7.717,-0.4959999999999995,-0.8773405651436198,,-0.8773405651436198
908,224,Harrison Bader,MIN| PHI| SLN| NYA| CIN| NYN,93,5,RIGHT,344,319,74,42,7,40,17,18,3,0.232,CF,-1.782,-1.61,-1.615,0.484,-0.746,-5.269,-0.3799999999999999,4.889,-0.9284549243562074,,,,,,,,,,,,,,,,,,,,,,,,,,,,,,,,,,,-0.9284549243562074
909,,,,,,,,,,,,,,,,,,,,,,,,,,,,667,Chad Kuhl,PIT| COL| WAS| CHA,RIGHT,SP| RP,38.333333333333336,5,16,47,38,36,8,28,31,0,4,1,0,0,8.452,1.956,9,3,0.235,-2.242,-2.28,-0.424,-1.47,-1.344,-7.761,-0.54,-0.9551691636644256,,-0.9551691636644256
910,176,Andrew McCutchen,PIT| PHI| MIL,112,3,RIGHT,473,390,100,55,12,43,75,11,3,0.256,DH,-1.089,-1.05,-1.465,-0.093,-0.18,-3.878,-0.4009999999999998,3.4770000000000003,-0.97976427543905,,,,,,,,,,,,,,,,,,,,,,,,,,,,,,,,,,,-0.97976427543905
911,,,,,,,,,,,,,,,,,,,,,,,,,,,,668,Joey Wentz,ATL| MIN| PIT| DET,LEFT,SP| RP,105.66666666666669,19,25,131,87,81,25,47,98,3,13,0,0,0,6.899,1.685,12,1,0.114,-1.453,-0.848,-0.509,-2.659,-2.309,-7.777,-0.556,-0.9834704722174455,,-0.9834704722174455
912,225,Jake Cronenworth,SDN,127,6,LEFT,522,458,105,54,10,48,46,6,1,0.229,2B| 1B,-1.142,-1.274,-1.215,-0.505,-1.167,-5.304,-0.415,4.889,-1.0139705094942797,,,,,,,,,,,,,,,,,,,,,,,,,,,,,,,,,,,-1.0139705094942797
913,226,Taylor Walls,TBA,93,7,SWITCH,349,303,61,49,8,36,44,22,1,0.201,3B| 2B| SS,-1.409,-1.498,-1.815,0.813,-1.423,-5.331,-0.4420000000000001,4.889,-1.0799396751722208,,,,,,,,,,,,,,,,,,,,,,,,,,,,,,,,,,,-1.0799396751722208
914,227,Andy Ibanez,DET| TEX,112,8,RIGHT,383,356,94,42,11,41,24,1,0,0.264,2B,-1.782,-1.162,-1.565,-0.918,0.045,-5.382,-0.4929999999999994,4.889,-1.2045480992305522,,,,,,,,,,,,,,,,,,,,,,,,,,,,,,,,,,,-1.2045480992305522
915,228,Mike Moustakas,CIN| ANA| COL,111,4,LEFT,386,352,87,43,12,48,23,0,0,0.247,3B| 1B,-1.728,-1.05,-1.215,-1.0,-0.413,-5.407,-0.5179999999999998,4.889,-1.2656306600434617,,,,,,,,,,,,,,,,,,,,,,,,,,,,,,,,,,,-1.2656306600434617
916,229,Jurickson Profar,ATL| SDN| COL,123,1,SWITCH,521,459,111,55,9,46,50,1,0,0.242,LF,-1.089,-1.386,-1.315,-0.918,-0.726,-5.434,-0.5449999999999999,4.889,-1.3315998257214028,,,,,,,,,,,,,,,,,,,,,,,,,,,,,,,,,,,-1.3315998257214028
917,352,Luke Maile,KCA| MIL| CLE| CIN,68,9,RIGHT,199,179,42,17,6,25,14,2,1,0.235,CC,-3.113,-1.721,-2.364,-0.835,-0.382,-8.416,-0.5700000000000003,7.846,-1.392682386534312,,,,,,,,,,,,,,,,,,,,,,,,,,,,,,,,,,,-1.392682386534312
918,230,Elvis Andrus,TEX| OAK| CHA,110,9,RIGHT,406,374,94,38,6,44,25,12,4,0.251,2B| SS,-1.995,-1.721,-1.415,-0.011,-0.318,-5.46,-0.5709999999999997,4.889,-1.395125688966827,,,,,,,,,,,,,,,,,,,,,,,,,,,,,,,,,,,-1.395125688966827
919,231,Starling Marte,NYN| ARI| MIA| OAK,83,2,RIGHT,341,315,78,37,5,28,16,24,3,0.248,RF,-2.048,-1.833,-2.214,0.978,-0.358,-5.476,-0.5869999999999997,4.889,-1.4342185278870885,,,,,,,,,,,,,,,,,,,,,,,,,,,,,,,,,,,-1.4342185278870885
920,353,Nick Fortes,MIA| TBA,98,8,RIGHT,323,294,60,30,6,26,17,4,2,0.204,CC,-2.421,-1.721,-2.314,-0.67,-1.318,-8.445,-0.5990000000000002,7.846,-1.4635381570772856,,,,,,,,,,,,,,,,,,,,,,,,,,,,,,,,,,,-1.4635381570772856
921,233,Cavan Biggio,KCA| TOR| ATL| LAN,102,8,LEFT,338,289,68,51,9,40,40,5,1,0.235,2B| RF,-1.302,-1.386,-1.615,-0.588,-0.602,-5.493,-0.6040000000000001,4.889,-1.475754669239867,,,,,,,,,,,,,,,,,,,,,,,,,,,,,,,,,,,-1.475754669239867
922,234,Josh Rojas,CHA| ARI| SEA,104,9,LEFT,350,314,77,47,4,40,27,12,0,0.245,3B| 2B,-1.515,-1.945,-1.615,-0.011,-0.415,-5.501,-0.6120000000000001,4.889,-1.4953010886999978,,,,,,,,,,,,,,,,,,,,,,,,,,,,,,,,,,,-1.4953010886999978
923,,,,,,,,,,,,,,,,,,,,,,,,,,,,669,Dinelson Lamet,SDN| COL| BOS| LAN,RIGHT,SP| RP,27.666666666666668,4,17,42,38,36,7,23,32,1,4,0,0,0,11.711,2.349,5,1,0.181,-1.979,-2.259,-0.509,-1.827,-1.498,-8.072,-0.8509999999999991,-1.5052758486637503,,-1.5052758486637503
924,235,Stone Garrett,ARI| WAS,86,5,RIGHT,271,234,63,40,9,40,26,3,0,0.269,LF,-1.888,-1.386,-1.615,-0.753,0.123,-5.519,-0.6299999999999999,4.889,-1.5392805324852912,,,,,,,,,,,,,,,,,,,,,,,,,,,,,,,,,,,-1.5392805324852912
925,236,Alek Thomas,ARI,116,9,LEFT,402,374,86,50,9,39,19,9,1,0.23,CF,-1.356,-1.386,-1.665,-0.258,-0.933,-5.598,-0.7089999999999996,4.889,-1.732301424654081,,,,,,,,,,,,,,,,,,,,,,,,,,,,,,,,,,,-1.732301424654081
926,,,,,,,,,,,,,,,,,,,,,,,,,,,,670,Chris Flexen,CHN| SEA| COL| CHA,RIGHT,SP| RP,102.33333333333331,16,29,133,81,78,25,38,74,2,8,0,0,0,6.86,1.671,6,2,0.059,-1.716,-1.361,-0.509,-2.541,-2.168,-8.295,-1.0739999999999998,-1.8997253366214684,,-1.8997253366214684
927,239,Yoan Moncada,ANA| CHA,91,5,SWITCH,357,334,87,39,11,40,20,1,0,0.26,3B,-1.941,-1.162,-1.615,-0.918,-0.05,-5.686,-0.7969999999999997,4.889,-1.947312038715519,,,,,,,,,,,,,,,,,,,,,,,,,,,,,,,,,,,-1.947312038715519
928,240,Donovan Solano,SEA| TEX| SFN| CIN| MIN| SDN,133,1,RIGHT,450,394,111,43,5,38,40,0,0,0.282,2B| 1B,-1.728,-1.833,-1.715,-1.0,0.585,-5.691,-0.8019999999999996,4.889,-1.9595285508781,,,,,,,,,,,,,,,,,,,,,,,,,,,,,,,,,,,-1.9595285508781
929,241,Joey Wiemer,MIA| MIL| CIN,123,9,RIGHT,410,367,75,46,13,42,36,11,4,0.204,CF,-1.569,-0.939,-1.515,-0.093,-1.637,-5.753,-0.8639999999999999,4.889,-2.111013301694114,,,,,,,,,,,,,,,,,,,,,,,,,,,,,,,,,,,-2.111013301694114
930,,,,,,,,,,,,,,,,,,,,,,,,,,,,671,Connor Seabold,ATL| TBA| BOS| COL,RIGHT,SP| RP,87.33333333333334,13,27,116,76,73,19,28,67,1,7,0,0,0,7.523,1.649,1,0,0.011,-1.979,-1.511,-0.509,-2.66,-1.757,-8.415,-1.193999999999999,-2.111985150769117,,-2.111985150769117
931,243,Aaron Hicks,NYA| BAL| ANA,90,6,SWITCH,312,269,68,42,8,36,42,6,0,0.253,CF| LF| RF,-1.782,-1.498,-1.815,-0.505,-0.199,-5.799,-0.91,4.889,-2.223405213589866,,,,,,,,,,,,,,,,,,,,,,,,,,,,,,,,,,,-2.223405213589866
932,370,Francisco Mejia,SDN| TBA,45,9,SWITCH,160,150,34,22,5,19,6,0,1,0.227,CC,-2.847,-1.833,-2.664,-1.0,-0.412,-8.756,-0.91,7.846,-2.223405213589866,,,,,,,,,,,,,,,,,,,,,,,,,,,,,,,,,,,-2.223405213589866
933,244,Ramon Urias,BAL| HOU,112,8,RIGHT,396,360,95,44,4,42,27,3,1,0.264,2B| 3B,-1.675,-1.945,-1.515,-0.753,0.041,-5.847,-0.9580000000000002,4.889,-2.34068373035065,,,,,,,,,,,,,,,,,,,,,,,,,,,,,,,,,,,-2.34068373035065
934,245,Drew Waters,KCA,91,8,SWITCH,337,302,69,40,8,32,27,16,5,0.228,RF| CF,-1.888,-1.498,-2.015,0.319,-0.788,-5.869,-0.9799999999999996,4.889,-2.394436383866008,,,,,,,,,,,,,,,,,,,,,,,,,,,,,,,,,,,-2.394436383866008
935,237,Alex Kirilloff,MIN,87,3,LEFT,319,281,76,35,11,41,28,1,0,0.27,1B,-2.154,-1.162,-1.565,-0.918,0.174,-5.625,-0.989,4.636,-2.416426105758656,,,,,,,,,,,,,,,,,,,,,,,,,,,,,,,,,,,-2.416426105758656
936,247,Isiah Kiner-Falefa,PIT| TOR| TEX| NYA,105,7,RIGHT,361,326,79,37,6,37,28,14,5,0.242,CF| 3B| LF,-2.048,-1.721,-1.765,0.154,-0.503,-5.883,-0.9939999999999998,4.889,-2.4286426179212373,,,,,,,,,,,,,,,,,,,,,,,,,,,,,,,,,,,-2.4286426179212373
937,248,Ramon Laureano,BAL| SDN| OAK| CLE| ATL,104,4,RIGHT,404,361,81,46,9,35,33,12,1,0.224,RF,-1.569,-1.386,-1.865,-0.011,-1.055,-5.885,-0.9959999999999996,4.889,-2.433529222786269,,,,,,,,,,,,,,,,,,,,,,,,,,,,,,,,,,,-2.433529222786269
938,249,Manuel Margot,DET| TBA| MIN,96,8,RIGHT,336,311,82,39,4,38,18,8,2,0.264,RF| CF,-1.941,-1.945,-1.715,-0.341,0.03,-5.912,-1.0229999999999997,4.889,-2.4994983884642106,,,,,,,,,,,,,,,,,,,,,,,,,,,,,,,,,,,-2.4994983884642106
939,250,Brice Turang,MIL,128,8,LEFT,448,404,88,45,6,34,38,21,4,0.218,2B,-1.622,-1.721,-1.915,0.731,-1.384,-5.912,-1.0229999999999997,4.889,-2.4994983884642106,,,,,,,,,,,,,,,,,,,,,,,,,,,,,,,,,,,-2.4994983884642106
940,251,Seth Brown,ATH| OAK,112,4,LEFT,378,343,76,33,14,52,30,3,1,0.222,LF| RF,-2.261,-0.827,-1.015,-0.753,-1.077,-5.932,-1.043,4.889,-2.548364437114538,,,,,,,,,,,,,,,,,,,,,,,,,,,,,,,,,,,-2.548364437114538
941,378,Carlos Perez,OAK,64,5,RIGHT,189,168,38,17,6,20,13,0,0,0.226,CC,-3.113,-1.721,-2.614,-1.0,-0.468,-8.916,-1.0700000000000005,7.846,-2.61433360279248,,,,,,,,,,,,,,,,,,,,,,,,,,,,,,,,,,,-2.61433360279248
942,252,Nelson Velazquez,CHN| KCA,49,5,RIGHT,179,162,38,34,17,34,14,0,0,0.235,RF,-2.208,-0.491,-1.915,-1.0,-0.347,-5.96,-1.0709999999999995,4.889,-2.6167769052249947,,,,,,,,,,,,,,,,,,,,,,,,,,,,,,,,,,,-2.6167769052249947
943,253,Myles Straw,TOR| HOU| CLE,143,9,RIGHT,518,462,110,51,1,29,42,20,5,0.238,CF,-1.302,-2.281,-2.164,0.648,-0.863,-5.962,-1.0729999999999995,4.889,-2.621663510090027,,,,,,,,,,,,,,,,,,,,,,,,,,,,,,,,,,,-2.621663510090027
944,254,Corey Julks,CHA| HOU,91,7,RIGHT,323,298,73,35,6,33,22,15,3,0.245,LF,-2.154,-1.721,-1.965,0.236,-0.4,-6.004,-1.114999999999999,4.889,-2.7242822122557127,,,,,,,,,,,,,,,,,,,,,,,,,,,,,,,,,,,-2.7242822122557127
945,256,Akil Baddoo,DET,108,1,LEFT,357,312,68,39,11,34,42,13,3,0.218,LF,-1.941,-1.162,-1.915,0.072,-1.066,-6.013,-1.1239999999999997,4.889,-2.746271934148361,,,,,,,,,,,,,,,,,,,,,,,,,,,,,,,,,,,-2.746271934148361
946,242,Anthony Rizzo,CHN| NYA,99,3,LEFT,421,373,91,45,12,41,35,0,3,0.244,1B,-1.622,-1.05,-1.565,-1.0,-0.529,-5.766,-1.13,4.636,-2.760931748743459,,,,,,,,,,,,,,,,,,,,,,,,,,,,,,,,,,,-2.760931748743459
947,381,Riley Adams,WAS| TOR,43,7,RIGHT,158,143,39,8,4,21,11,0,0,0.273,CC,-3.592,-1.945,-2.564,-1.0,0.113,-8.988,-1.1419999999999997,7.846,-2.790251377933654,,,,,,,,,,,,,,,,,,,,,,,,,,,,,,,,,,,-2.790251377933654
948,389,Reese McGuire,CHN| TOR| BOS| CHA,68,8,LEFT,206,187,50,15,1,16,11,2,1,0.267,CC,-3.22,-2.281,-2.814,-0.835,0.071,-9.078,-1.231999999999999,7.846,-3.010148596860124,,,,,,,,,,,,,,,,,,,,,,,,,,,,,,,,,,,-3.010148596860124
949,392,Jason Delay,PIT,60,9,RIGHT,187,167,42,20,1,18,14,0,0,0.251,CC,-2.953,-2.281,-2.714,-1.0,-0.14,-9.088,-1.241999999999999,7.846,-3.034581621185287,,,,,,,,,,,,,,,,,,,,,,,,,,,,,,,,,,,-3.034581621185287
950,246,Christian Encarnacion-Strand,CIN,63,6,RIGHT,241,222,60,29,13,37,14,2,0,0.27,DH| 1B,-2.474,-0.939,-1.765,-0.835,0.134,-5.878,-1.242,4.636,-3.0345816211852887,,,,,,,,,,,,,,,,,,,,,,,,,,,,,,,,,,,-3.0345816211852887
951,393,Rene Pinto,TBA,32,9,RIGHT,105,103,26,10,6,16,2,0,0,0.252,CC,-3.486,-1.721,-2.814,-1.0,-0.079,-9.1,-1.2539999999999996,7.846,-3.063901250375484,,,,,,,,,,,,,,,,,,,,,,,,,,,,,,,,,,,-3.063901250375484
952,260,Travis Jankowski,CHA| NYN| TBA| CIN| PHI| SEA| TEX,91,2,LEFT,287,247,65,33,1,30,35,18,1,0.263,LF,-2.261,-2.281,-2.115,0.484,0.014,-6.158,-1.269,4.889,-3.1005507868632303,,,,,,,,,,,,,,,,,,,,,,,,,,,,,,,,,,,-3.1005507868632303
953,395,Eric Haase,MIL| DET| CLE,87,9,RIGHT,293,274,55,21,4,26,17,4,1,0.201,CC| LF,-2.9,-1.945,-2.314,-0.67,-1.299,-9.129,-1.2829999999999997,7.846,-3.1347570209184576,,,,,,,,,,,,,,,,,,,,,,,,,,,,,,,,,,,-3.1347570209184576
954,397,Miguel Amaya,CHN,51,9,RIGHT,156,131,28,17,5,18,12,0,0,0.214,CC,-3.113,-1.833,-2.714,-1.0,-0.49,-9.15,-1.3040000000000005,7.846,-3.1860663720013025,,,,,,,,,,,,,,,,,,,,,,,,,,,,,,,,,,,-3.1860663720013025
955,400,Endy Rodriguez,PIT,56,6,SWITCH,204,186,41,27,3,13,17,0,0,0.22,CC,-2.58,-2.057,-2.964,-1.0,-0.6,-9.201,-1.3550000000000004,7.846,-3.310674796059636,,,,,,,,,,,,,,,,,,,,,,,,,,,,,,,,,,,-3.310674796059636
956,261,Tyrone Taylor,NYN| MIL,71,9,RIGHT,243,231,54,34,10,35,8,7,0,0.234,RF| LF,-2.208,-1.274,-1.865,-0.423,-0.509,-6.278,-1.3889999999999991,4.889,-3.393747078765189,,,,,,,,,,,,,,,,,,,,,,,,,,,,,,,,,,,-3.393747078765189
957,262,Kyle Isbel,KCA,88,9,LEFT,313,292,70,45,5,34,17,7,1,0.24,CF,-1.622,-1.833,-1.915,-0.423,-0.509,-6.302,-1.4129999999999994,4.889,-3.452386337145581,,,,,,,,,,,,,,,,,,,,,,,,,,,,,,,,,,,-3.452386337145581
958,404,David Fry,CLE,44,9,RIGHT,113,101,24,11,4,15,8,2,0,0.238,CC,-3.433,-1.945,-2.864,-0.835,-0.192,-9.269,-1.423,7.846,-3.4768193614707457,,,,,,,,,,,,,,,,,,,,,,,,,,,,,,,,,,,-3.4768193614707457
959,258,C. J. Cron,DET| COL| ANA,70,4,RIGHT,278,258,64,38,12,37,17,0,0,0.248,1B,-1.995,-1.05,-1.765,-1.0,-0.284,-6.094,-1.4580000000000002,4.636,-3.562334946608818,,,,,,,,,,,,,,,,,,,,,,,,,,,,,,,,,,,-3.562334946608818
960,215,Byron Buxton,MIN,85,3,RIGHT,347,304,63,49,17,42,35,9,0,0.207,DH,-1.409,-0.491,-1.515,-0.258,-1.289,-4.962,-1.4849999999999994,3.4770000000000003,-3.628304112286757,,,,,,,,,,,,,,,,,,,,,,,,,,,,,,,,,,,-3.628304112286757
961,259,Elehuris Montero,COL,83,7,RIGHT,307,284,69,40,11,39,15,0,0,0.243,1B,-1.888,-1.162,-1.665,-1.0,-0.425,-6.14,-1.5039999999999996,4.636,-3.674726858504568,,,,,,,,,,,,,,,,,,,,,,,,,,,,,,,,,,,-3.674726858504568
962,413,Chad Wallach,ANA| MIA,62,8,RIGHT,172,157,31,17,7,15,13,0,1,0.197,CC,-3.113,-1.61,-2.864,-1.0,-0.784,-9.37,-1.5239999999999991,7.846,-3.723592907154893,,,,,,,,,,,,,,,,,,,,,,,,,,,,,,,,,,,-3.723592907154893
963,265,Miguel Rojas,LAN| MIA,123,9,RIGHT,423,385,91,49,5,31,26,8,3,0.236,SS,-1.409,-1.833,-2.065,-0.341,-0.771,-6.418,-1.529,4.889,-3.735809419317477,,,,,,,,,,,,,,,,,,,,,,,,,,,,,,,,,,,-3.735809419317477
964,,,,,,,,,,,,,,,,,,,,,,,,,,,,672,Kyle Muller,ATL| OAK,LEFT,SP| RP,77.0,13,21,112,65,65,16,39,56,1,5,0,0,0,7.597,1.961,10,3,0.13,-1.979,-1.746,-0.509,-2.394,-2.717,-9.345,-2.124000000000001,-3.756998710413408,,-3.756998710413408
965,267,Tim Anderson,ANA| CHA| MIA,122,1,RIGHT,524,493,121,52,1,25,26,13,2,0.245,SS,-1.249,-2.281,-2.364,0.072,-0.643,-6.466,-1.577,4.889,-3.8530879360782615,,,,,,,,,,,,,,,,,,,,,,,,,,,,,,,,,,,-3.8530879360782615
966,268,Jose Caballero,NYA| TBA| SEA,90,9,RIGHT,280,231,51,31,4,26,28,23,2,0.221,2B,-2.367,-1.945,-2.314,0.896,-0.739,-6.47,-1.5809999999999995,4.889,-3.8628611458083255,,,,,,,,,,,,,,,,,,,,,,,,,,,,,,,,,,,-3.8628611458083255
967,,,,,,,,,,,,,,,,,,,,,,,,,,,,673,Adam Wainwright,SLN,RIGHT,SP,101.0,21,21,151,89,83,20,41,55,5,11,0,0,0,7.396,1.901,4,0,0.04,-0.927,-1.767,-0.509,-2.967,-3.269,-9.44,-2.2189999999999994,-3.9250377299469625,,-3.9250377299469625
968,269,Jake Meyers,HOU,98,8,RIGHT,341,309,70,41,10,33,26,5,2,0.227,CF,-1.835,-1.274,-1.965,-0.588,-0.852,-6.513,-1.6239999999999997,4.889,-3.967923150406528,,,,,,,,,,,,,,,,,,,,,,,,,,,,,,,,,,,-3.967923150406528
969,270,Jake McCarthy,ARI,92,9,LEFT,312,276,67,33,2,16,26,26,4,0.243,RF,-2.261,-2.169,-2.814,1.143,-0.417,-6.518,-1.6289999999999996,4.889,-3.9801396625691097,,,,,,,,,,,,,,,,,,,,,,,,,,,,,,,,,,,-3.9801396625691097
970,271,Joey Gallo,TEX| NYA| LAN| MIN| WAS,106,7,LEFT,332,282,50,36,21,40,48,1,0,0.177,LF| 1B,-2.101,-0.044,-1.615,-0.918,-1.845,-6.522,-1.633,4.889,-3.989912872299176,,,,,,,,,,,,,,,,,,,,,,,,,,,,,,,,,,,-3.989912872299176
971,273,Owen Miller,COL| CLE| MIL,87,4,RIGHT,314,291,76,29,5,27,17,13,2,0.261,2B| 3B| 1B,-2.474,-1.833,-2.264,0.072,-0.028,-6.528,-1.6389999999999991,4.889,-4.004572686894273,,,,,,,,,,,,,,,,,,,,,,,,,,,,,,,,,,,-4.004572686894273
972,275,Joshua Palacios,CHA| TOR| WAS| PIT,85,9,LEFT,264,247,59,25,10,40,12,5,0,0.239,RF| LF,-2.687,-1.274,-1.615,-0.588,-0.447,-6.611,-1.7219999999999995,4.889,-4.207366788793129,,,,,,,,,,,,,,,,,,,,,,,,,,,,,,,,,,,-4.207366788793129
973,276,Edmundo Sosa,PHI| SLN,89,9,RIGHT,300,279,70,32,10,30,8,4,2,0.251,3B,-2.314,-1.274,-2.115,-0.67,-0.247,-6.62,-1.731,4.889,-4.229356510685776,,,,,,,,,,,,,,,,,,,,,,,,,,,,,,,,,,,-4.229356510685776
974,277,Paul DeJong,WAS| SLN| SFN| TOR| CHA| KCA,110,7,RIGHT,400,372,77,41,14,38,21,4,4,0.207,SS,-1.835,-0.827,-1.715,-0.67,-1.585,-6.631,-1.742,4.889,-4.256232837443457,,,,,,,,,,,,,,,,,,,,,,,,,,,,,,,,,,,-4.256232837443457
975,426,Seby Zavala,CHA| ARI| SEA,65,9,RIGHT,193,175,30,16,7,18,12,1,0,0.171,CC,-3.166,-1.61,-2.714,-0.918,-1.224,-9.631,-1.785,7.846,-4.36129484204166,,,,,,,,,,,,,,,,,,,,,,,,,,,,,,,,,,,-4.36129484204166
976,428,Jose Trevino,CIN| TEX| NYA,52,8,RIGHT,168,157,33,15,4,15,8,0,0,0.21,CC,-3.22,-1.945,-2.864,-1.0,-0.63,-9.659,-1.8130000000000008,7.846,-4.429707310152118,,,,,,,,,,,,,,,,,,,,,,,,,,,,,,,,,,,-4.429707310152118
977,278,Alec Burleson,SLN,107,6,LEFT,347,315,77,34,8,36,23,3,1,0.244,LF| DH,-2.208,-1.498,-1.815,-0.753,-0.435,-6.708,-1.819,4.889,-4.444367124747215,,,,,,,,,,,,,,,,,,,,,,,,,,,,,,,,,,,-4.444367124747215
978,279,Zach Neto,ANA,83,9,RIGHT,329,289,65,38,9,34,20,5,1,0.225,SS,-1.995,-1.386,-1.915,-0.588,-0.833,-6.716,-1.827,4.889,-4.463913544207346,,,,,,,,,,,,,,,,,,,,,,,,,,,,,,,,,,,-4.463913544207346
979,281,Brian Anderson,MIA| MIL| ATL,94,6,RIGHT,361,318,72,38,9,40,36,1,3,0.226,RF| 3B,-1.995,-1.386,-1.615,-0.918,-0.88,-6.793,-1.904,4.889,-4.652047831511103,,,,,,,,,,,,,,,,,,,,,,,,,,,,,,,,,,,-4.652047831511103
980,282,Jace Peterson,MIL| ARI| OAK,130,7,LEFT,430,374,79,35,6,37,47,15,2,0.211,3B| 2B,-2.154,-1.721,-1.765,0.236,-1.471,-6.875,-1.986,4.889,-4.852398630977442,,,,,,,,,,,,,,,,,,,,,,,,,,,,,,,,,,,-4.852398630977442
981,441,Jacob Stallings,BAL| COL| PIT| MIA,84,8,RIGHT,276,241,46,22,3,20,27,0,0,0.191,CC,-2.847,-2.057,-2.614,-1.0,-1.325,-9.843,-1.997,7.846,-4.879274957735122,,,,,,,,,,,,,,,,,,,,,,,,,,,,,,,,,,,-4.879274957735122
982,443,Garrett Stubbs,PHI| HOU,38,9,LEFT,125,113,23,15,1,12,9,2,0,0.204,CC,-3.22,-2.281,-3.014,-0.835,-0.511,-9.86,-2.014,7.846,-4.920811099087898,,,,,,,,,,,,,,,,,,,,,,,,,,,,,,,,,,,-4.920811099087898
983,283,Andruw Monasterio,MIL,87,6,RIGHT,315,282,73,36,3,27,28,7,2,0.259,3B| 2B,-2.101,-2.057,-2.264,-0.423,-0.077,-6.922,-2.0329999999999995,4.889,-4.967233845305709,,,,,,,,,,,,,,,,,,,,,,,,,,,,,,,,,,,-4.967233845305709
984,286,Nick Madrigal,CHA| CHN,89,9,RIGHT,294,270,71,33,2,28,10,8,2,0.263,3B,-2.261,-2.169,-2.214,-0.341,0.011,-6.973,-2.084,4.889,-5.091842269364043,,,,,,,,,,,,,,,,,,,,,,,,,,,,,,,,,,,-5.091842269364043
985,289,Jared Triolo,PIT,54,6,RIGHT,209,181,54,30,3,21,24,6,1,0.298,3B,-2.421,-2.057,-2.564,-0.505,0.5,-7.047,-2.1579999999999995,4.889,-5.272646649370251,,,,,,,,,,,,,,,,,,,,,,,,,,,,,,,,,,,-5.272646649370251
986,290,Kevin Pillar,TEX| BOS| COL| NYN| LAN| ATL| ANA| CHA,79,7,RIGHT,206,197,45,29,9,32,6,4,1,0.228,LF,-2.474,-1.386,-2.015,-0.67,-0.515,-7.059,-2.17,4.889,-5.301966278560449,,,,,,,,,,,,,,,,,,,,,,,,,,,,,,,,,,,-5.301966278560449
987,291,Alex Call,LAN| WAS| CLE,119,9,RIGHT,439,375,75,43,8,38,53,8,8,0.2,CF| LF,-1.728,-1.498,-1.715,-0.341,-1.799,-7.08,-2.191,4.889,-5.353275629643291,,,,,,,,,,,,,,,,,,,,,,,,,,,,,,,,,,,-5.353275629643291
988,292,Kris Bryant,COL| CHN| SFN,80,2,RIGHT,335,300,70,36,10,31,29,0,0,0.233,RF| DH,-2.101,-1.274,-2.065,-1.0,-0.67,-7.11,-2.221,4.889,-5.426574702618782,,,,,,,,,,,,,,,,,,,,,,,,,,,,,,,,,,,-5.426574702618782
989,457,Carson Kelly,CHN| ARI| DET| TEX,45,8,RIGHT,151,136,28,11,2,13,14,1,0,0.206,CC,-3.433,-2.169,-2.964,-0.918,-0.591,-10.074,-2.228,7.846,-5.443677819646395,,,,,,,,,,,,,,,,,,,,,,,,,,,,,,,,,,,-5.443677819646395
990,294,Tony Kemp,OAK| BAL,121,1,LEFT,419,359,75,41,5,27,44,15,4,0.209,LF| 2B,-1.835,-1.833,-2.264,0.236,-1.476,-7.172,-2.2829999999999995,4.889,-5.578059453434793,,,,,,,,,,,,,,,,,,,,,,,,,,,,,,,,,,,-5.578059453434793
991,295,Johan Rojas,PHI,45,9,RIGHT,164,149,45,22,2,23,5,10,1,0.302,CF,-2.847,-2.169,-2.464,-0.176,0.454,-7.202,-2.313,4.889,-5.651358526410284,,,,,,,,,,,,,,,,,,,,,,,,,,,,,,,,,,,-5.651358526410284
992,285,Rowdy Tellez,SEA| TEX| TOR| MIL| PIT,104,4,LEFT,351,311,67,26,13,47,35,0,0,0.215,1B| DH,-2.634,-0.939,-1.265,-1.0,-1.123,-6.96,-2.324,4.636,-5.678234853167964,,,,,,,,,,,,,,,,,,,,,,,,,,,,,,,,,,,-5.678234853167964
993,479,Jose Herrera,ARI,38,9,SWITCH,120,101,21,15,0,7,13,1,0,0.208,CC,-3.22,-2.392,-3.264,-0.918,-0.423,-10.216,-2.369999999999999,7.846,-5.790626765063713,,,,,,,,,,,,,,,,,,,,,,,,,,,,,,,,,,,-5.790626765063713
994,297,Brett Baty,NYN,107,8,LEFT,389,353,75,41,9,34,29,2,0,0.212,3B,-1.835,-1.386,-1.915,-0.835,-1.355,-7.326,-2.4369999999999994,4.889,-5.954328028042308,,,,,,,,,,,,,,,,,,,,,,,,,,,,,,,,,,,-5.954328028042308
995,298,Stuart Fairchild,ATL| ARI| CIN| SEA| SFN,87,8,RIGHT,255,219,50,31,5,28,25,8,1,0.228,LF| RF| CF,-2.367,-1.833,-2.214,-0.341,-0.574,-7.33,-2.441,4.889,-5.964101237772375,,,,,,,,,,,,,,,,,,,,,,,,,,,,,,,,,,,-5.964101237772375
996,490,Austin Wynns,ATH| CIN| BAL| SFN| COL| LAN,48,9,RIGHT,145,130,27,11,1,10,9,1,0,0.208,CC,-3.433,-2.281,-3.114,-0.918,-0.547,-10.291,-2.4450000000000003,7.846,-5.973874447502442,,,,,,,,,,,,,,,,,,,,,,,,,,,,,,,,,,,-5.973874447502442
997,299,Kevin Newman,ANA| PIT| CIN| ARI,71,1,RIGHT,253,225,57,27,3,28,17,8,1,0.253,3B,-2.58,-2.057,-2.214,-0.341,-0.157,-7.349,-2.46,4.889,-6.010523983990185,,,,,,,,,,,,,,,,,,,,,,,,,,,,,,,,,,,-6.010523983990185
998,300,Trevor Larnach,MIN,58,5,LEFT,212,183,39,26,8,40,27,1,1,0.213,LF| RF,-2.634,-1.498,-1.615,-0.918,-0.693,-7.357,-2.468,4.889,-6.030070403450316,,,,,,,,,,,,,,,,,,,,,,,,,,,,,,,,,,,-6.030070403450316
999,493,Omar Narvaez,CHA| MIL| NYN,45,9,LEFT,146,128,27,12,2,7,14,0,0,0.211,CC,-3.379,-2.169,-3.264,-1.0,-0.506,-10.318,-2.4719999999999995,7.846,-6.0398436131803805,,,,,,,,,,,,,,,,,,,,,,,,,,,,,,,,,,,-6.0398436131803805
1000,302,Emmanuel Rivera,BAL| KCA| ARI| MIA,84,6,RIGHT,283,257,67,32,4,29,22,1,0,0.261,3B,-2.314,-1.945,-2.164,-0.918,-0.034,-7.375,-2.486,4.889,-6.07404984723561,,,,,,,,,,,,,,,,,,,,,,,,,,,,,,,,,,,-6.07404984723561
1001,293,Joey Votto,CIN,64,6,LEFT,242,208,42,26,14,38,27,0,0,0.202,1B,-2.634,-0.827,-1.715,-1.0,-0.967,-7.142,-2.506,4.636,-6.122915895885938,,,,,,,,,,,,,,,,,,,,,,,,,,,,,,,,,,,-6.122915895885938
1002,501,Mike Zunino,TBA| CLE,41,8,RIGHT,140,124,22,11,3,11,15,0,0,0.177,CC,-3.433,-2.057,-3.064,-1.0,-0.81,-10.363,-2.5169999999999995,7.846,-6.149792222643615,,,,,,,,,,,,,,,,,,,,,,,,,,,,,,,,,,,-6.149792222643615
1003,507,Austin Hedges,CLE| SDN| PIT| TEX,73,9,RIGHT,212,185,34,14,1,16,11,1,0,0.184,CC,-3.273,-2.281,-2.814,-0.918,-1.118,-10.403,-2.5570000000000004,7.846,-6.247524319944271,,,,,,,,,,,,,,,,,,,,,,,,,,,,,,,,,,,-6.247524319944271
1004,257,Dan Vogelbach,MIL| SEA| TOR| NYN| PIT,104,5,LEFT,319,275,64,33,13,48,42,0,0,0.233,DH,-2.261,-0.939,-1.215,-1.0,-0.627,-6.042,-2.5649999999999995,3.4770000000000003,-6.2670707394044,,,,,,,,,,,,,,,,,,,,,,,,,,,,,,,,,,,-6.2670707394044
1005,510,Austin Barnes,LAN,59,9,RIGHT,200,178,32,15,2,11,17,2,1,0.18,CC,-3.22,-2.169,-3.064,-0.835,-1.13,-10.418,-2.571999999999999,7.846,-6.284173856432013,,,,,,,,,,,,,,,,,,,,,,,,,,,,,,,,,,,-6.284173856432013
1006,304,Pablo Reyes,NYA| MIL| BOS| NYN,57,9,RIGHT,185,167,48,27,2,20,14,7,2,0.287,2B| SS,-2.58,-2.169,-2.614,-0.423,0.321,-7.465,-2.576,4.889,-6.29394706616208,,,,,,,,,,,,,,,,,,,,,,,,,,,,,,,,,,,-6.29394706616208
1007,306,Garrett Hampson,ARI| CIN| SLN| COL| MIA| KCA,82,9,RIGHT,252,221,61,26,3,23,23,5,0,0.276,CF| SS,-2.634,-2.057,-2.464,-0.588,0.231,-7.512,-2.6229999999999998,4.889,-6.408782280490347,,,,,,,,,,,,,,,,,,,,,,,,,,,,,,,,,,,-6.408782280490347
1008,307,Ildemaro Vargas,ARI| CHN| MIN| PIT| WAS,83,7,SWITCH,286,262,66,30,4,31,19,1,1,0.252,3B,-2.421,-1.945,-2.065,-0.918,-0.211,-7.559,-2.67,4.889,-6.523617494818616,,,,,,,,,,,,,,,,,,,,,,,,,,,,,,,,,,,-6.523617494818616
1009,308,Jake Bauers,MIL| CLE| SEA| NYA,82,1,LEFT,272,242,49,28,12,30,27,3,2,0.202,RF| LF| 1B,-2.527,-1.05,-2.115,-0.753,-1.115,-7.56,-2.671,4.889,-6.526060797251131,,,,,,,,,,,,,,,,,,,,,,,,,,,,,,,,,,,-6.526060797251131
1010,309,Rob Refsnyder,BOS| TEX| MIN,83,1,RIGHT,243,202,50,30,1,28,33,7,1,0.248,LF,-2.421,-2.281,-2.214,-0.423,-0.231,-7.57,-2.681,4.889,-6.550493821576296,,,,,,,,,,,,,,,,,,,,,,,,,,,,,,,,,,,-6.550493821576296
1011,311,Gio Urshela,ATH| NYA| MIN| ANA| ATL| DET,60,7,RIGHT,228,214,64,22,2,24,10,3,2,0.299,3B| 1B,-2.847,-2.169,-2.414,-0.753,0.603,-7.58,-2.691,4.889,-6.574926845901459,,,,,,,,,,,,,,,,,,,,,,,,,,,,,,,,,,,-6.574926845901459
1012,312,JJ Bleday,ATH| MIA| OAK,81,5,LEFT,303,256,50,35,10,27,42,5,1,0.195,CF| LF,-2.154,-1.274,-2.264,-0.588,-1.32,-7.601,-2.712,4.889,-6.626236196984302,,,,,,,,,,,,,,,,,,,,,,,,,,,,,,,,,,,-6.626236196984302
1013,313,Sal Frelick,MIL,57,4,LEFT,223,191,47,29,3,24,28,7,0,0.246,RF| CF,-2.474,-2.057,-2.414,-0.423,-0.24,-7.608,-2.7189999999999994,4.889,-6.643339314011915,,,,,,,,,,,,,,,,,,,,,,,,,,,,,,,,,,,-6.643339314011915
1014,526,Brett Sullivan,PIT| SDN,31,9,LEFT,86,81,17,7,1,6,4,0,0,0.21,CC,-3.646,-2.281,-3.314,-1.0,-0.327,-10.567,-2.721,7.846,-6.64822591887695,,,,,,,,,,,,,,,,,,,,,,,,,,,,,,,,,,,-6.64822591887695
1015,527,Tucker Barnhart,TEX| CIN| DET| CHN| ARI,41,9,LEFT,123,109,22,6,1,9,12,1,0,0.202,CC,-3.699,-2.281,-3.164,-0.918,-0.507,-10.568,-2.7219999999999995,7.846,-6.650669221309465,,,,,,,,,,,,,,,,,,,,,,,,,,,,,,,,,,,-6.650669221309465
1016,301,Nick Pratto,KCA,89,1,LEFT,345,306,71,33,7,35,29,1,1,0.232,1B,-2.261,-1.61,-1.865,-0.918,-0.715,-7.367,-2.731,4.636,-6.672658943202112,,,,,,,,,,,,,,,,,,,,,,,,,,,,,,,,,,,-6.672658943202112
1017,315,DJ Stewart,BAL| NYN,53,6,LEFT,185,160,39,20,11,26,15,0,1,0.244,RF,-2.953,-1.162,-2.314,-1.0,-0.229,-7.659,-2.77,4.889,-6.767947738070249,,,,,,,,,,,,,,,,,,,,,,,,,,,,,,,,,,,-6.767947738070249
1018,316,Davis Schneider,TOR,35,4,RIGHT,141,116,32,23,8,20,21,1,0,0.276,2B,-2.793,-1.498,-2.614,-0.918,0.12,-7.703,-2.814,4.889,-6.8754530451009686,,,,,,,,,,,,,,,,,,,,,,,,,,,,,,,,,,,-6.8754530451009686
1019,317,Evan Longoria,SFN| ARI,73,5,RIGHT,237,211,47,25,11,28,23,0,0,0.223,DH| 3B,-2.687,-1.162,-2.214,-1.0,-0.643,-7.707,-2.818,4.889,-6.885226254831033,,,,,,,,,,,,,,,,,,,,,,,,,,,,,,,,,,,-6.885226254831033
1020,318,Dairon Blanco,KCA,43,9,RIGHT,138,124,32,12,3,18,10,18,3,0.258,RF,-3.379,-2.057,-2.714,0.484,-0.041,-7.708,-2.819,4.889,-6.887669557263551,,,,,,,,,,,,,,,,,,,,,,,,,,,,,,,,,,,-6.887669557263551
1021,534,Joey Bart,PIT| SFN,28,8,RIGHT,95,87,18,9,0,5,3,0,0,0.207,CC,-3.539,-2.392,-3.364,-1.0,-0.371,-10.666,-2.8200000000000003,7.846,-6.890112859696068,,,,,,,,,,,,,,,,,,,,,,,,,,,,,,,,,,,-6.890112859696068
1022,319,Liover Peguero,PIT,56,7,RIGHT,213,198,47,21,7,26,11,6,2,0.237,SS| 2B,-2.9,-1.61,-2.314,-0.505,-0.381,-7.71,-2.821,4.889,-6.892556162128583,,,,,,,,,,,,,,,,,,,,,,,,,,,,,,,,,,,-6.892556162128583
1023,322,Tyler O'Neill,BAL| SLN| BOS,69,6,RIGHT,266,238,55,26,9,21,28,5,0,0.231,LF,-2.634,-1.386,-2.564,-0.588,-0.573,-7.745,-2.856,4.889,-6.978071747266655,,,,,,,,,,,,,,,,,,,,,,,,,,,,,,,,,,,-6.978071747266655
1024,324,Miguel Vargas,CHA| LAN,81,7,RIGHT,304,256,50,36,7,32,38,3,2,0.195,2B,-2.101,-1.61,-2.015,-0.753,-1.32,-7.798,-2.909,4.889,-7.10756677619002,,,,,,,,,,,,,,,,,,,,,,,,,,,,,,,,,,,-7.10756677619002
1025,325,Gavin Sheets,SDN| CHA,118,6,LEFT,344,311,63,24,10,43,28,1,0,0.203,1B| RF,-2.74,-1.274,-1.465,-0.918,-1.43,-7.827,-2.938,4.889,-7.178422546732993,,,,,,,,,,,,,,,,,,,,,,,,,,,,,,,,,,,-7.178422546732993
1026,326,Gabriel Arias,CLE,102,6,RIGHT,345,315,66,34,10,26,28,3,3,0.21,1B| SS,-2.208,-1.274,-2.314,-0.753,-1.28,-7.829,-2.9399999999999995,4.889,-7.183309151598026,,,,,,,,,,,,,,,,,,,,,,,,,,,,,,,,,,,-7.183309151598026
1027,266,Mike Ford,NYA| ANA| ATL| SEA| SFN| CIN,83,8,LEFT,251,219,50,31,16,34,24,0,0,0.228,DH,-2.367,-0.603,-1.915,-1.0,-0.574,-6.459,-2.9819999999999998,3.4770000000000003,-7.285927853763711,,,,,,,,,,,,,,,,,,,,,,,,,,,,,,,,,,,-7.285927853763711
1028,328,Oswaldo Cabrera,NYA,96,7,SWITCH,330,298,63,31,5,29,25,8,0,0.211,LF| RF,-2.367,-1.833,-2.164,-0.341,-1.168,-7.874,-2.9849999999999994,4.889,-7.293257761061261,,,,,,,,,,,,,,,,,,,,,,,,,,,,,,,,,,,-7.293257761061261
1029,550,Curt Casali,CIN| SFN| SEA,33,9,RIGHT,96,80,14,8,0,6,11,0,0,0.175,CC,-3.592,-2.392,-3.314,-1.0,-0.537,-10.836,-2.99,7.846,-7.305474273223845,,,,,,,,,,,,,,,,,,,,,,,,,,,,,,,,,,,-7.305474273223845
1030,329,Eduardo Escobar,ARI| MIL| NYN| ANA,95,8,SWITCH,309,288,65,31,6,31,18,1,1,0.226,3B| 2B,-2.367,-1.721,-2.065,-0.918,-0.813,-7.884,-2.995,4.889,-7.317690785386426,,,,,,,,,,,,,,,,,,,,,,,,,,,,,,,,,,,-7.317690785386426
1031,314,Yuli Gurriel,SDN| HOU| MIA| KCA,100,5,RIGHT,329,298,73,31,4,27,26,4,0,0.245,1B,-2.367,-1.945,-2.264,-0.67,-0.4,-7.647,-3.011,4.636,-7.356783624306687,,,,,,,,,,,,,,,,,,,,,,,,,,,,,,,,,,,-7.356783624306687
1032,331,Austin Slater,CHA| NYA| SFN| BAL| CIN,84,1,RIGHT,207,185,50,24,5,20,20,2,1,0.27,LF| CF,-2.74,-1.833,-2.614,-0.835,0.112,-7.911,-3.022,4.889,-7.383659951064365,,,,,,,,,,,,,,,,,,,,,,,,,,,,,,,,,,,-7.383659951064365
1033,332,Brandon Crawford,SFN| SLN,91,8,LEFT,320,283,55,31,7,38,28,3,0,0.194,SS,-2.367,-1.61,-1.715,-0.753,-1.48,-7.925,-3.036,4.889,-7.417866185119594,,,,,,,,,,,,,,,,,,,,,,,,,,,,,,,,,,,-7.417866185119594
1034,333,Jordan Westburg,BAL,66,8,RIGHT,228,208,54,26,3,23,16,3,1,0.26,2B| 3B,-2.634,-2.057,-2.464,-0.753,-0.045,-7.952,-3.063,4.889,-7.483835350797536,,,,,,,,,,,,,,,,,,,,,,,,,,,,,,,,,,,-7.483835350797536
1035,320,Vinnie Pasquantino,KCA,61,2,LEFT,260,231,57,24,9,26,25,0,0,0.247,1B,-2.74,-1.386,-2.314,-1.0,-0.278,-7.719,-3.083,4.636,-7.532701399447863,,,,,,,,,,,,,,,,,,,,,,,,,,,,,,,,,,,-7.532701399447863
1036,336,Enmanuel Valdez,PIT| BOS,46,8,LEFT,149,139,37,17,6,19,8,5,1,0.266,2B,-3.113,-1.721,-2.664,-0.588,0.04,-8.046,-3.156999999999999,4.889,-7.71350577945407,,,,,,,,,,,,,,,,,,,,,,,,,,,,,,,,,,,-7.71350577945407
1037,569,Ben Rortvedt,LAN| TBA| MIN| NYA,28,9,LEFT,79,68,8,6,2,4,11,0,0,0.118,CC,-3.699,-2.169,-3.414,-1.0,-0.757,-11.038,-3.192,7.846,-7.799021364592144,,,,,,,,,,,,,,,,,,,,,,,,,,,,,,,,,,,-7.799021364592144
1038,337,Nicky Lopez,ANA| CHN| KCA| ATL| CHA,79,9,LEFT,262,225,52,30,1,25,26,6,2,0.231,2B| 3B,-2.421,-2.281,-2.364,-0.505,-0.541,-8.112,-3.223,4.889,-7.87476374000015,,,,,,,,,,,,,,,,,,,,,,,,,,,,,,,,,,,-7.87476374000015
1039,339,Alan Trejo,COL,75,8,RIGHT,227,207,48,23,4,26,16,5,1,0.232,2B,-2.793,-1.945,-2.314,-0.588,-0.486,-8.127,-3.2380000000000004,4.889,-7.911413276487896,,,,,,,,,,,,,,,,,,,,,,,,,,,,,,,,,,,-7.911413276487896
1040,340,Santiago Espinal,CIN| TOR,86,9,RIGHT,254,230,57,28,2,25,18,2,1,0.248,2B| 3B,-2.527,-2.169,-2.364,-0.835,-0.258,-8.153,-3.264,4.889,-7.97493913973332,,,,,,,,,,,,,,,,,,,,,,,,,,,,,,,,,,,-7.97493913973332
1041,341,Dylan Carlson,BAL| SLN| TBA,73,8,SWITCH,255,219,48,27,5,27,26,3,0,0.219,CF| RF,-2.58,-1.833,-2.264,-0.753,-0.728,-8.159,-3.2700000000000005,4.889,-7.989598954328419,,,,,,,,,,,,,,,,,,,,,,,,,,,,,,,,,,,-7.989598954328419
1042,342,Henry Davis,PIT,62,5,RIGHT,255,225,48,27,7,24,25,3,5,0.213,RF,-2.58,-1.61,-2.414,-0.753,-0.849,-8.206,-3.3169999999999997,4.889,-8.104434168656685,,,,,,,,,,,,,,,,,,,,,,,,,,,,,,,,,,,-8.104434168656685
1043,343,Raimel Tapia,COL| TOR| BOS| MIL| TBA,59,6,LEFT,169,148,35,26,3,13,17,9,2,0.236,RF,-2.634,-2.057,-2.964,-0.258,-0.295,-8.208,-3.319,4.889,-8.109320773521718,,,,,,,,,,,,,,,,,,,,,,,,,,,,,,,,,,,-8.109320773521718
1044,344,Harold Castro,DET| COL,91,8,LEFT,270,258,65,24,1,31,9,1,0,0.252,2B,-2.74,-2.281,-2.065,-0.918,-0.208,-8.211,-3.322,4.889,-8.116650680819268,,,,,,,,,,,,,,,,,,,,,,,,,,,,,,,,,,,-8.116650680819268
1045,579,Austin Nola,COL| SDN| SEA,49,9,RIGHT,154,130,19,9,1,8,18,0,0,0.146,CC,-3.539,-2.281,-3.214,-1.0,-1.162,-11.195,-3.349,7.846,-8.182619846497209,,,,,,,,,,,,,,,,,,,,,,,,,,,,,,,,,,,-8.182619846497209
1046,335,Trey Mancini,BAL| HOU| CHN,79,6,RIGHT,263,235,55,31,4,28,21,0,0,0.234,DH| 1B,-2.367,-1.945,-2.214,-1.0,-0.512,-8.039,-3.403,4.636,-8.314558177853089,,,,,,,,,,,,,,,,,,,,,,,,,,,,,,,,,,,-8.314558177853089
1047,345,Mitch Haniger,SEA| SFN,61,5,RIGHT,229,211,44,27,6,28,15,1,0,0.209,LF,-2.58,-1.721,-2.214,-0.918,-0.874,-8.308,-3.419,4.889,-8.35365101677335,,,,,,,,,,,,,,,,,,,,,,,,,,,,,,,,,,,-8.35365101677335
1048,346,Noelvi Marte,CIN,31,8,RIGHT,123,114,36,14,3,15,8,5,2,0.316,3B,-3.273,-2.057,-2.864,-0.588,0.468,-8.314,-3.425,4.889,-8.368310831368449,,,,,,,,,,,,,,,,,,,,,,,,,,,,,,,,,,,-8.368310831368449
1049,347,Blake Perkins,MIL,51,9,SWITCH,168,143,31,25,4,20,23,5,2,0.217,RF,-2.687,-1.945,-2.614,-0.588,-0.501,-8.336,-3.447,4.889,-8.42206348488381,,,,,,,,,,,,,,,,,,,,,,,,,,,,,,,,,,,-8.42206348488381
1050,348,Oscar Colas,CHA,73,8,LEFT,263,245,53,32,5,19,12,4,3,0.216,RF,-2.314,-1.833,-2.664,-0.67,-0.868,-8.35,-3.4609999999999994,4.889,-8.456269718939037,,,,,,,,,,,,,,,,,,,,,,,,,,,,,,,,,,,-8.456269718939037
1051,349,Pavin Smith,ARI,69,6,LEFT,228,191,36,26,7,30,35,1,1,0.188,DH| RF,-2.634,-1.61,-2.115,-0.918,-1.085,-8.361,-3.4720000000000004,4.889,-8.483146045696719,,,,,,,,,,,,,,,,,,,,,,,,,,,,,,,,,,,-8.483146045696719
1052,350,Jordan Diaz,OAK,88,6,RIGHT,293,272,60,20,10,27,17,0,1,0.221,2B| 3B,-2.953,-1.274,-2.264,-1.0,-0.874,-8.366,-3.4769999999999994,4.889,-8.495362557859298,,,,,,,,,,,,,,,,,,,,,,,,,,,,,,,,,,,-8.495362557859298
1053,351,Zack Short,HOU| DET| ATL| BOS| NYN,90,9,RIGHT,253,221,45,16,7,33,28,4,0,0.204,3B| SS| 2B,-3.166,-1.61,-1.965,-0.67,-0.999,-8.409,-3.5200000000000005,4.889,-8.600424562457503,,,,,,,,,,,,,,,,,,,,,,,,,,,,,,,,,,,-8.600424562457503
1054,354,Christian Arroyo,BOS| CLE,60,7,RIGHT,206,195,47,23,3,24,7,1,2,0.241,2B,-2.793,-2.057,-2.414,-0.918,-0.32,-8.503,-3.614,4.889,-8.830094991114038,,,,,,,,,,,,,,,,,,,,,,,,,,,,,,,,,,,-8.830094991114038
1055,355,Brendan Rodgers,HOU| COL,45,4,RIGHT,192,178,46,21,4,20,11,0,0,0.258,2B,-2.9,-1.945,-2.614,-1.0,-0.054,-8.514,-3.624999999999999,4.889,-8.856971317871714,,,,,,,,,,,,,,,,,,,,,,,,,,,,,,,,,,,-8.856971317871714
1056,587,Korey Lee,CHA| HOU,23,9,RIGHT,70,65,5,4,1,3,5,0,0,0.077,CC,-3.805,-2.281,-3.464,-1.0,-0.927,-11.476,-3.630000000000001,7.846,-8.869187830034301,,,,,,,,,,,,,,,,,,,,,,,,,,,,,,,,,,,-8.869187830034301
1057,356,Casey Schmitt,SFN,84,9,RIGHT,277,253,52,26,5,30,13,2,1,0.206,SS| 3B,-2.634,-1.833,-2.115,-0.835,-1.106,-8.523,-3.634,4.889,-8.878961039764363,,,,,,,,,,,,,,,,,,,,,,,,,,,,,,,,,,,-8.878961039764363
1058,357,Dominic Canzone,SEA| ARI,58,6,LEFT,182,173,38,23,6,21,8,1,0,0.22,LF,-2.793,-1.721,-2.564,-0.918,-0.569,-8.565,-3.6759999999999993,4.889,-8.981579741930048,,,,,,,,,,,,,,,,,,,,,,,,,,,,,,,,,,,-8.981579741930048
1059,358,Dylan Moore,SEA| TEX,63,8,RIGHT,165,145,30,17,7,19,16,5,3,0.207,LF| 2B,-3.113,-1.61,-2.664,-0.588,-0.619,-8.593,-3.704,4.889,-9.049992210040507,,,,,,,,,,,,,,,,,,,,,,,,,,,,,,,,,,,-9.049992210040507
1060,359,Anthony Rendon,ANA,43,4,RIGHT,183,148,35,23,2,22,25,2,0,0.236,3B,-2.793,-2.169,-2.514,-0.835,-0.295,-8.607,-3.717999999999999,4.889,-9.084198444095732,,,,,,,,,,,,,,,,,,,,,,,,,,,,,,,,,,,-9.084198444095732
1061,360,Ryan McKenna,BAL| SFN,54,8,RIGHT,139,122,31,18,2,18,9,5,0,0.254,RF| CF,-3.06,-2.169,-2.714,-0.588,-0.078,-8.608,-3.719,4.889,-9.086641746528253,,,,,,,,,,,,,,,,,,,,,,,,,,,,,,,,,,,-9.086641746528253
1062,362,Nick Maton,CHA| PHI| DET| BAL,92,5,LEFT,293,249,43,29,8,32,38,1,2,0.173,3B| 2B,-2.474,-1.498,-2.015,-0.918,-1.717,-8.621,-3.732,4.889,-9.118404678150965,,,,,,,,,,,,,,,,,,,,,,,,,,,,,,,,,,,-9.118404678150965
1063,363,Joey Wendle,TBA| MIA| NYN,97,7,LEFT,318,297,63,32,2,20,13,7,1,0.212,SS,-2.314,-2.169,-2.614,-0.423,-1.148,-8.668,-3.778999999999999,4.889,-9.233239892479231,,,,,,,,,,,,,,,,,,,,,,,,,,,,,,,,,,,-9.233239892479231
1064,366,Tyler Freeman,COL| CLE,54,6,RIGHT,168,153,37,15,4,18,10,5,0,0.242,3B,-3.22,-1.945,-2.714,-0.588,-0.242,-8.709,-3.82,4.889,-9.3334152922124,,,,,,,,,,,,,,,,,,,,,,,,,,,,,,,,,,,-9.3334152922124
1065,367,Josh Donaldson,MIN| NYA| MIL,50,5,RIGHT,189,165,25,18,13,26,22,0,0,0.152,3B,-3.06,-0.939,-2.314,-1.0,-1.406,-8.719,-3.829999999999999,4.889,-9.357848316537565,,,,,,,,,,,,,,,,,,,,,,,,,,,,,,,,,,,-9.357848316537565
1066,368,Nick Allen,ATL| OAK,96,9,RIGHT,329,303,67,26,4,20,17,5,0,0.221,SS,-2.634,-1.945,-2.614,-0.588,-0.961,-8.742,-3.8530000000000006,4.889,-9.414044272485445,,,,,,,,,,,,,,,,,,,,,,,,,,,,,,,,,,,-9.414044272485445
1067,369,Parker Meadows,DET,35,7,LEFT,145,125,29,19,3,13,17,7,1,0.232,CF,-3.006,-2.057,-2.964,-0.423,-0.292,-8.743,-3.854,4.889,-9.41648757491796,,,,,,,,,,,,,,,,,,,,,,,,,,,,,,,,,,,-9.41648757491796
1068,371,Aledmys Diaz,HOU| OAK,108,5,RIGHT,344,315,72,25,4,24,17,1,0,0.229,SS| 3B,-2.687,-1.945,-2.414,-0.918,-0.819,-8.783,-3.8939999999999992,4.889,-9.51421967221861,,,,,,,,,,,,,,,,,,,,,,,,,,,,,,,,,,,-9.51421967221861
1069,372,Luis Matos,SFN,76,9,RIGHT,253,228,57,24,2,14,20,3,0,0.25,CF,-2.74,-2.169,-2.914,-0.753,-0.217,-8.793,-3.903999999999999,4.889,-9.538652696543773,,,,,,,,,,,,,,,,,,,,,,,,,,,,,,,,,,,-9.538652696543773
1070,373,Miles Mastrobuoni,SEA| TBA| CHN,55,9,LEFT,149,133,32,22,1,5,13,11,0,0.241,3B,-2.847,-2.281,-3.364,-0.093,-0.223,-8.807,-3.918,4.889,-9.572858930599004,,,,,,,,,,,,,,,,,,,,,,,,,,,,,,,,,,,-9.572858930599004
1071,374,Jean Segura,PHI| MIA,84,6,RIGHT,326,301,66,25,3,21,22,6,2,0.219,3B,-2.687,-2.057,-2.564,-0.505,-0.998,-8.812,-3.922999999999999,4.889,-9.585075442761584,,,,,,,,,,,,,,,,,,,,,,,,,,,,,,,,,,,-9.585075442761584
1072,375,Victor Robles,SEA| WAS,35,9,RIGHT,126,107,32,15,0,8,11,8,1,0.299,CF,-3.22,-2.392,-3.214,-0.341,0.301,-8.865,-3.976,4.889,-9.71457047168495,,,,,,,,,,,,,,,,,,,,,,,,,,,,,,,,,,,-9.71457047168495
1073,376,Rodolfo Castro,PIT| PHI,83,6,SWITCH,256,227,48,20,6,24,23,1,4,0.211,2B| SS,-2.953,-1.721,-2.414,-0.918,-0.889,-8.896,-4.007000000000001,4.889,-9.79031284709296,,,,,,,,,,,,,,,,,,,,,,,,,,,,,,,,,,,-9.79031284709296
1074,589,Cam Gallagher,KCA| CLE,53,9,RIGHT,149,143,18,6,0,7,4,0,0,0.126,CC,-3.699,-2.392,-3.264,-1.0,-1.501,-11.856,-4.01,7.846,-9.797642754390504,,,,,,,,,,,,,,,,,,,,,,,,,,,,,,,,,,,-9.797642754390504
1075,377,Billy McKinney,TEX| TOR| LAN| MIL| NYN| OAK| NYA| PIT,47,7,LEFT,147,128,29,19,6,14,17,1,0,0.227,LF,-3.006,-1.721,-2.914,-0.918,-0.353,-8.912,-4.023000000000001,4.889,-9.82940568601322,,,,,,,,,,,,,,,,,,,,,,,,,,,,,,,,,,,-9.82940568601322
1076,365,Kole Calhoun,ARI| TEX| CLE,43,4,LEFT,174,157,34,18,6,25,13,0,1,0.217,1B,-3.06,-1.721,-2.364,-1.0,-0.553,-8.699,-4.063,4.636,-9.92713778331387,,,,,,,,,,,,,,,,,,,,,,,,,,,,,,,,,,,-9.92713778331387
1077,380,Jake Cave,MIN| PHI| COL,61,8,LEFT,203,184,39,17,5,21,15,3,0,0.212,LF,-3.113,-1.833,-2.564,-0.753,-0.713,-8.977,-4.088,4.889,-9.98822034412678,,,,,,,,,,,,,,,,,,,,,,,,,,,,,,,,,,,-9.98822034412678
1078,383,Jacob Young,WAS,32,9,RIGHT,121,107,27,8,0,12,10,13,0,0.252,CF,-3.592,-2.392,-3.014,0.072,-0.083,-9.01,-4.121,4.889,-10.06884932439982,,,,,,,,,,,,,,,,,,,,,,,,,,,,,,,,,,,-10.06884932439982
1079,385,Kolten Wong,SLN| MIL| LAN| SEA,83,9,LEFT,250,224,41,25,4,27,18,3,2,0.183,2B,-2.687,-1.945,-2.264,-0.753,-1.367,-9.016,-4.127,4.889,-10.083509138994916,,,,,,,,,,,,,,,,,,,,,,,,,,,,,,,,,,,-10.083509138994916
1080,387,Tucupita Marcano,SDN| PIT,68,7,LEFT,220,202,47,15,3,18,10,5,2,0.233,SS,-3.22,-2.057,-2.714,-0.588,-0.462,-9.04,-4.150999999999999,4.889,-10.142148397375308,,,,,,,,,,,,,,,,,,,,,,,,,,,,,,,,,,,-10.142148397375308
1081,390,Rougned Odor,TEX| NYA| BAL| SDN,57,8,LEFT,157,138,28,20,4,18,17,2,1,0.203,2B,-2.953,-1.945,-2.714,-0.835,-0.631,-9.079,-4.19,4.889,-10.237437192243448,,,,,,,,,,,,,,,,,,,,,,,,,,,,,,,,,,,-10.237437192243448
1082,391,Zach Remillard,CHA,48,8,RIGHT,160,147,37,15,1,18,8,3,2,0.252,2B,-3.22,-2.281,-2.714,-0.753,-0.121,-9.088,-4.198999999999999,4.889,-10.25942691413609,,,,,,,,,,,,,,,,,,,,,,,,,,,,,,,,,,,-10.25942691413609
1083,399,Matt Duffy,CHN| ANA| KCA| TEX,76,7,RIGHT,209,191,48,17,2,16,12,1,0,0.251,3B| 2B,-3.113,-2.169,-2.814,-0.918,-0.163,-9.176,-4.287,4.889,-10.47443752819753,,,,,,,,,,,,,,,,,,,,,,,,,,,,,,,,,,,-10.47443752819753
1084,401,Jonathan Davis,TOR| NYA| MIL| MIA,28,9,RIGHT,104,90,22,21,2,10,7,1,1,0.244,CF,-2.9,-2.169,-3.114,-0.918,-0.124,-9.224,-4.335,4.889,-10.591716044958316,,,,,,,,,,,,,,,,,,,,,,,,,,,,,,,,,,,-10.591716044958316
1085,402,Cade Marlowe,SEA,31,8,LEFT,100,88,21,14,3,11,12,4,2,0.239,LF,-3.273,-2.057,-3.064,-0.67,-0.161,-9.225,-4.335999999999999,4.889,-10.59415934739083,,,,,,,,,,,,,,,,,,,,,,,,,,,,,,,,,,,-10.59415934739083
1086,403,Trevor Story,BOS| COL,41,7,RIGHT,168,158,32,12,3,14,9,10,2,0.203,SS,-3.379,-2.057,-2.914,-0.176,-0.727,-9.253,-4.364,4.889,-10.66257181550129,,,,,,,,,,,,,,,,,,,,,,,,,,,,,,,,,,,-10.66257181550129
1087,405,Jake Alu,WAS,50,8,LEFT,175,159,36,14,2,16,10,5,1,0.226,LF| 2B,-3.273,-2.169,-2.814,-0.588,-0.44,-9.283,-4.393999999999999,4.889,-10.735870888476777,,,,,,,,,,,,,,,,,,,,,,,,,,,,,,,,,,,-10.735870888476777
1088,408,Yu Chang,CLE| BOS| PIT| TBA,36,9,RIGHT,112,105,17,12,6,18,3,4,0,0.162,SS,-3.379,-1.721,-2.714,-0.67,-0.811,-9.296,-4.406999999999999,4.889,-10.767633820099489,,,,,,,,,,,,,,,,,,,,,,,,,,,,,,,,,,,-10.767633820099489
1089,330,Miguel Cabrera,DET,98,7,RIGHT,370,334,86,21,4,34,31,0,0,0.257,DH,-2.9,-1.945,-1.915,-1.0,-0.126,-7.886,-4.409,3.4770000000000003,-10.772520424964524,,,,,,,,,,,,,,,,,,,,,,,,,,,,,,,,,,,-10.772520424964524
1090,410,Jose Azocar,ATL| NYN| SDN,40,9,RIGHT,102,91,21,13,2,9,4,7,1,0.231,RF,-3.326,-2.169,-3.164,-0.423,-0.221,-9.303,-4.414000000000001,4.889,-10.784736937127107,,,,,,,,,,,,,,,,,,,,,,,,,,,,,,,,,,,-10.784736937127107
1091,409,Josh Smith,TEX,78,8,LEFT,232,195,36,26,6,15,25,1,0,0.185,SS| 3B,-2.634,-1.721,-2.864,-0.918,-1.166,-9.303,-4.414000000000001,4.889,-10.784736937127107,,,,,,,,,,,,,,,,,,,,,,,,,,,,,,,,,,,-10.784736937127107
1092,411,Ronny Mauricio,NYN,26,2,SWITCH,108,101,25,11,2,9,7,7,0,0.248,2B,-3.433,-2.169,-3.164,-0.423,-0.116,-9.304,-4.415,4.889,-10.787180239559625,,,,,,,,,,,,,,,,,,,,,,,,,,,,,,,,,,,-10.787180239559625
1093,412,Jose Barrero,SLN| CIN,43,8,RIGHT,149,133,29,15,2,17,15,3,2,0.218,SS,-3.22,-2.169,-2.764,-0.753,-0.453,-9.359,-4.47,4.889,-10.92156187334802,,,,,,,,,,,,,,,,,,,,,,,,,,,,,,,,,,,-10.92156187334802
1094,414,Corey Dickerson,MIA| TOR| SLN| WAS,50,5,LEFT,152,144,36,12,2,17,7,0,1,0.25,LF,-3.379,-2.169,-2.764,-1.0,-0.137,-9.45,-4.560999999999999,4.889,-11.143902394707004,,,,,,,,,,,,,,,,,,,,,,,,,,,,,,,,,,,-11.143902394707004
1095,419,Nick Ahmed,TEX| ARI| LAN| SDN| SFN,69,8,RIGHT,210,198,42,14,2,17,12,5,1,0.212,SS,-3.273,-2.169,-2.764,-0.588,-0.765,-9.559,-4.669999999999999,4.889,-11.410222359851286,,,,,,,,,,,,,,,,,,,,,,,,,,,,,,,,,,,-11.410222359851286
1096,421,Luis Urias,ATH| MIL| BOS| SEA,49,8,RIGHT,177,144,28,18,3,18,21,0,0,0.194,2B,-3.06,-2.057,-2.714,-1.0,-0.752,-9.583,-4.694,4.889,-11.46886161823168,,,,,,,,,,,,,,,,,,,,,,,,,,,,,,,,,,,-11.46886161823168
1097,423,Romy Gonzalez,BOS| CHA,34,9,RIGHT,97,93,18,9,3,14,2,5,0,0.194,2B,-3.539,-2.057,-2.914,-0.588,-0.492,-9.59,-4.701,4.889,-11.485964735259293,,,,,,,,,,,,,,,,,,,,,,,,,,,,,,,,,,,-11.485964735259293
1098,424,Rafael Ortega,CHN| NYN| CHA,40,8,LEFT,136,114,25,15,1,8,20,6,1,0.219,CF,-3.22,-2.281,-3.214,-0.505,-0.378,-9.597,-4.707999999999999,4.889,-11.503067852286907,,,,,,,,,,,,,,,,,,,,,,,,,,,,,,,,,,,-11.503067852286907
1099,427,Trayce Thompson,CHN| LAN| SDN| CHA,67,8,RIGHT,179,153,25,16,6,17,24,2,0,0.163,CF,-3.166,-1.721,-2.764,-0.835,-1.164,-9.651,-4.762,4.889,-11.63500618364279,,,,,,,,,,,,,,,,,,,,,,,,,,,,,,,,,,,-11.63500618364279
1100,429,Sam Hilliard,COL| ATL,29,9,LEFT,78,72,17,10,3,6,6,4,0,0.236,CF,-3.486,-2.057,-3.314,-0.67,-0.146,-9.672,-4.783,4.889,-11.686315534725637,,,,,,,,,,,,,,,,,,,,,,,,,,,,,,,,,,,-11.686315534725637
1101,431,Xavier Edwards,MIA,27,9,SWITCH,84,78,23,11,0,3,3,5,0,0.295,2B,-3.433,-2.392,-3.464,-0.588,0.195,-9.682,-4.793,4.889,-11.710748559050796,,,,,,,,,,,,,,,,,,,,,,,,,,,,,,,,,,,-11.710748559050796
1102,415,Kody Clemens,MIN| PHI| DET,47,8,LEFT,148,139,32,15,4,13,8,0,0,0.23,1B,-3.22,-1.945,-2.964,-1.0,-0.344,-9.473,-4.837000000000001,4.636,-11.818253866081518,,,,,,,,,,,,,,,,,,,,,,,,,,,,,,,,,,,-11.818253866081518
1103,416,Nolan Schanuel,ANA,29,1,LEFT,132,109,30,19,1,6,20,0,0,0.275,1B,-3.006,-2.281,-3.314,-1.0,0.107,-9.493,-4.857,4.636,-11.867119914731845,,,,,,,,,,,,,,,,,,,,,,,,,,,,,,,,,,,-11.867119914731845
1104,436,Lenyn Sosa,CHA,51,9,RIGHT,173,164,33,12,6,14,5,0,1,0.201,2B,-3.379,-1.721,-2.914,-1.0,-0.771,-9.786,-4.896999999999999,4.889,-11.964852012032496,,,,,,,,,,,,,,,,,,,,,,,,,,,,,,,,,,,-11.964852012032496
1105,438,Carter Kieboom,ANA| WAS,27,5,RIGHT,94,87,18,11,4,11,6,0,0,0.207,3B,-3.433,-1.945,-3.064,-1.0,-0.371,-9.813,-4.924,4.889,-12.030821177710438,,,,,,,,,,,,,,,,,,,,,,,,,,,,,,,,,,,-12.030821177710438
1106,439,Kevin Smith,TOR| OAK| NYA,45,8,RIGHT,146,135,25,15,5,11,5,1,0,0.185,SS,-3.22,-1.833,-3.064,-0.918,-0.801,-9.836,-4.947,4.889,-12.087017133658312,,,,,,,,,,,,,,,,,,,,,,,,,,,,,,,,,,,-12.087017133658312
1107,444,AJ Pollock,LAN| CHA| SEA| SFN,51,8,RIGHT,144,133,22,15,5,15,9,0,1,0.165,LF| DH,-3.22,-1.833,-2.864,-1.0,-0.992,-9.908,-5.018999999999999,4.889,-12.262934908799489,,,,,,,,,,,,,,,,,,,,,,,,,,,,,,,,,,,-12.262934908799489
1108,445,Jake Marisnick,NYN| CHN| SDN| PIT| CHA| DET| LAN,34,9,RIGHT,83,76,18,7,2,10,3,2,3,0.237,CF,-3.646,-2.169,-3.114,-0.835,-0.149,-9.913,-5.024,4.889,-12.275151420962072,,,,,,,,,,,,,,,,,,,,,,,,,,,,,,,,,,,-12.275151420962072
1109,451,Jose Miranda,MIN,40,5,RIGHT,152,142,30,12,3,13,9,0,0,0.211,3B,-3.379,-2.057,-2.964,-1.0,-0.558,-9.958,-5.069,4.889,-12.385100030425306,,,,,,,,,,,,,,,,,,,,,,,,,,,,,,,,,,,-12.385100030425306
1110,433,Alfonso Rivas,CHN| PIT| SDN,39,8,LEFT,123,109,25,8,3,15,9,1,0,0.229,1B,-3.592,-2.057,-2.864,-0.918,-0.277,-9.708,-5.072,4.636,-12.392429937722856,,,,,,,,,,,,,,,,,,,,,,,,,,,,,,,,,,,-12.392429937722856
1111,452,Nick Gonzales,PIT,35,8,RIGHT,128,115,24,12,2,13,6,0,1,0.209,2B,-3.379,-2.169,-2.964,-1.0,-0.475,-9.987,-5.098,4.889,-12.45595580096828,,,,,,,,,,,,,,,,,,,,,,,,,,,,,,,,,,,-12.45595580096828
1112,456,Lawrence Butler,ATH| OAK,41,7,LEFT,129,123,26,10,4,10,4,0,0,0.211,CF,-3.486,-1.945,-3.114,-1.0,-0.482,-10.027,-5.137999999999999,4.889,-12.553687898268931,,,,,,,,,,,,,,,,,,,,,,,,,,,,,,,,,,,-12.553687898268931
1113,459,Oswald Peraza,ANA| NYA,51,8,RIGHT,191,173,33,15,2,14,13,2,3,0.191,3B,-3.22,-2.169,-2.914,-0.835,-0.953,-10.09,-5.201,4.889,-12.70761595151746,,,,,,,,,,,,,,,,,,,,,,,,,,,,,,,,,,,-12.70761595151746
1114,364,Mark Vientos,NYN,65,7,RIGHT,233,218,46,19,9,22,10,1,0,0.211,DH,-3.006,-1.386,-2.514,-0.918,-0.861,-8.685,-5.208,3.4770000000000003,-12.724719068545078,,,,,,,,,,,,,,,,,,,,,,,,,,,,,,,,,,,-12.724719068545078
1115,460,Oscar Gonzalez,SDN| CLE,52,4,RIGHT,180,173,37,14,2,12,5,0,0,0.214,RF,-3.273,-2.169,-3.014,-1.0,-0.645,-10.101,-5.212000000000001,4.889,-12.734492278275145,,,,,,,,,,,,,,,,,,,,,,,,,,,,,,,,,,,-12.734492278275145
1116,462,Wil Myers,SDN| CIN,36,5,RIGHT,141,127,24,10,3,12,12,2,1,0.189,RF,-3.486,-2.057,-3.014,-0.835,-0.717,-10.109,-5.22,4.889,-12.754038697735272,,,,,,,,,,,,,,,,,,,,,,,,,,,,,,,,,,,-12.754038697735272
1117,465,Michael Chavis,BOS| PIT| WAS,35,7,RIGHT,96,91,22,9,2,5,5,1,0,0.242,2B,-3.539,-2.169,-3.364,-0.918,-0.144,-10.134,-5.245,4.889,-12.815121258548182,,,,,,,,,,,,,,,,,,,,,,,,,,,,,,,,,,,-12.815121258548182
1118,466,Luis Guillorme,HOU| NYN| ANA| ARI| ATL,42,9,LEFT,120,107,24,12,1,9,10,0,0,0.224,2B,-3.379,-2.281,-3.164,-1.0,-0.313,-10.137,-5.248,4.889,-12.822451165845733,,,,,,,,,,,,,,,,,,,,,,,,,,,,,,,,,,,-12.822451165845733
1119,468,Avisail Garcia,MIL| MIA,37,5,RIGHT,118,108,20,8,3,12,6,2,0,0.185,RF,-3.592,-2.057,-3.014,-0.835,-0.641,-10.139,-5.249999999999999,4.889,-12.82733777071076,,,,,,,,,,,,,,,,,,,,,,,,,,,,,,,,,,,-12.82733777071076
1120,470,Andrew Velazquez,BAL| NYA| ANA,41,9,SWITCH,94,81,14,9,2,3,10,7,2,0.173,SS,-3.539,-2.169,-3.464,-0.423,-0.558,-10.152,-5.262999999999999,4.889,-12.859100702333471,,,,,,,,,,,,,,,,,,,,,,,,,,,,,,,,,,,-12.859100702333471
1121,446,Jesus Aguilar,MIA| BAL| OAK,36,4,RIGHT,115,104,23,8,5,9,8,0,0,0.221,1B,-3.592,-1.833,-3.164,-1.0,-0.33,-9.919,-5.283,4.636,-12.907966750983803,,,,,,,,,,,,,,,,,,,,,,,,,,,,,,,,,,,-12.907966750983803
1122,474,Yonathan Daza,COL,22,7,RIGHT,80,74,20,7,0,7,3,1,0,0.27,CF,-3.646,-2.392,-3.264,-0.918,0.045,-10.175,-5.2860000000000005,4.889,-12.915296658281353,,,,,,,,,,,,,,,,,,,,,,,,,,,,,,,,,,,-12.915296658281353
1123,475,Jordan Luplow,CLE| TBA| ARI| MIN| TOR,36,8,RIGHT,90,77,16,10,2,5,12,2,0,0.208,LF,-3.486,-2.169,-3.364,-0.835,-0.323,-10.177,-5.287999999999999,4.889,-12.92018326314638,,,,,,,,,,,,,,,,,,,,,,,,,,,,,,,,,,,-12.92018326314638
1124,477,Tim Locastro,ARI| NYA| NYN,27,9,RIGHT,67,56,13,11,2,3,3,0,0,0.232,LF,-3.433,-2.169,-3.464,-1.0,-0.13,-10.195,-5.306,4.889,-12.964162706931678,,,,,,,,,,,,,,,,,,,,,,,,,,,,,,,,,,,-12.964162706931678
1125,379,Nelson Cruz,MIN| TBA| WAS| SDN,49,5,RIGHT,152,143,35,9,5,23,6,1,0,0.245,DH,-3.539,-1.833,-2.464,-0.918,-0.194,-8.948,-5.471,3.4770000000000003,-13.367307608296873,,,,,,,,,,,,,,,,,,,,,,,,,,,,,,,,,,,-13.367307608296873
1126,502,Nick Gordon,MIN| MIA,34,9,LEFT,93,91,16,13,2,7,1,0,0,0.176,CF,-3.326,-2.169,-3.264,-1.0,-0.606,-10.364,-5.4750000000000005,4.889,-13.37708081802694,,,,,,,,,,,,,,,,,,,,,,,,,,,,,,,,,,,-13.37708081802694
1127,505,Jonathan Schoop,DET,55,6,RIGHT,151,136,29,15,0,7,13,0,0,0.213,2B| 3B,-3.22,-2.392,-3.264,-1.0,-0.514,-10.39,-5.501,4.889,-13.440606681272364,,,,,,,,,,,,,,,,,,,,,,,,,,,,,,,,,,,-13.440606681272364
1128,472,Michael Toglia,COL,42,8,SWITCH,152,141,23,18,4,9,10,1,1,0.163,1B,-3.06,-1.945,-3.164,-0.918,-1.076,-10.162,-5.526000000000001,4.636,-13.501689242085272,,,,,,,,,,,,,,,,,,,,,,,,,,,,,,,,,,,-13.501689242085272
1129,513,Clint Frazier,NYA| CHN| CHA,26,8,RIGHT,76,66,13,8,0,3,10,4,2,0.197,RF,-3.592,-2.392,-3.464,-0.67,-0.332,-10.451,-5.562,4.889,-13.58964812965586,,,,,,,,,,,,,,,,,,,,,,,,,,,,,,,,,,,-13.58964812965586
1130,514,Masyn Winn,SLN,36,9,RIGHT,137,122,21,8,2,12,10,2,1,0.172,SS,-3.592,-2.169,-3.014,-0.835,-0.847,-10.457,-5.5680000000000005,4.889,-13.60430794425096,,,,,,,,,,,,,,,,,,,,,,,,,,,,,,,,,,,-13.60430794425096
1131,388,Willie Calhoun,TEX| SFN| NYA| ANA,44,5,LEFT,149,134,32,16,5,16,14,0,0,0.239,DH,-3.166,-1.833,-2.814,-1.0,-0.243,-9.057,-5.58,3.4770000000000003,-13.633627573441151,,,,,,,,,,,,,,,,,,,,,,,,,,,,,,,,,,,-13.633627573441151
1132,520,Brett Wisely,ATL| SFN,45,9,LEFT,131,120,21,10,2,8,9,2,0,0.175,2B,-3.486,-2.169,-3.214,-0.835,-0.806,-10.51,-5.621,4.889,-13.733802973174322,,,,,,,,,,,,,,,,,,,,,,,,,,,,,,,,,,,-13.733802973174322
1133,396,Matt Carpenter,SLN| NYA| SDN,75,6,LEFT,237,188,33,18,5,31,41,1,0,0.176,DH,-3.06,-1.833,-2.065,-0.918,-1.255,-9.131,-5.654,3.4770000000000003,-13.814431953447365,,,,,,,,,,,,,,,,,,,,,,,,,,,,,,,,,,,-13.814431953447365
1134,503,Matt Mervis,MIA| CHN,27,7,LEFT,99,90,15,8,3,11,8,0,0,0.167,1B,-3.592,-2.057,-3.064,-1.0,-0.662,-10.375,-5.739,4.636,-14.022112660211253,,,,,,,,,,,,,,,,,,,,,,,,,,,,,,,,,,,-14.022112660211253
1135,536,Everson Pereira,TBA| NYA,26,7,RIGHT,103,93,14,6,0,10,8,4,0,0.151,LF,-3.699,-2.392,-3.114,-0.67,-0.8,-10.675,-5.7860000000000005,4.889,-14.13694787453952,,,,,,,,,,,,,,,,,,,,,,,,,,,,,,,,,,,-14.13694787453952
1136,546,Jonah Bride,MIA| MIN| OAK,39,7,RIGHT,106,88,15,9,0,7,11,0,1,0.17,3B,-3.539,-2.392,-3.264,-1.0,-0.622,-10.817,-5.928,4.889,-14.483896819956838,,,,,,,,,,,,,,,,,,,,,,,,,,,,,,,,,,,-14.483896819956838
1137,529,Jared Walsh,ANA| TEX,36,6,LEFT,116,104,13,10,4,11,11,0,0,0.125,1B,-3.486,-1.945,-3.064,-1.0,-1.098,-10.593,-5.957,4.636,-14.554752590499811,,,,,,,,,,,,,,,,,,,,,,,,,,,,,,,,,,,-14.554752590499811
1138,553,Alika Williams,PIT,36,9,RIGHT,112,101,20,7,0,6,9,0,0,0.198,SS,-3.646,-2.392,-3.314,-1.0,-0.5,-10.852,-5.963,4.889,-14.56941240509491,,,,,,,,,,,,,,,,,,,,,,,,,,,,,,,,,,,-14.56941240509491
1139,577,Jackie Bradley,BOS| MIL| TOR| KCA,38,9,LEFT,113,105,14,10,1,6,5,0,0,0.133,CF,-3.486,-2.281,-3.314,-1.0,-1.042,-11.122,-6.233,4.889,-15.22910406187432,,,,,,,,,,,,,,,,,,,,,,,,,,,,,,,,,,,-15.22910406187432
1140,435,Jesse Winker,NYN| CIN| SEA| MIL| WAS,61,2,LEFT,197,166,33,16,1,23,26,0,0,0.199,DH,-3.166,-2.281,-2.464,-1.0,-0.812,-9.723,-6.246,3.4770000000000003,-15.260866993497034,,,,,,,,,,,,,,,,,,,,,,,,,,,,,,,,,,,-15.260866993497034
1141,506,Brad Miller,SLN| PHI| TEX,26,8,LEFT,67,56,12,8,1,6,10,0,0,0.214,DH,-3.592,-2.281,-3.314,-1.0,-0.207,-10.394,-6.917,3.4770000000000003,-16.900322925715493,,,,,,,,,,,,,,,,,,,,,,,,,,,,,,,,,,,-16.900322925715493
1142,361,Evan Carter,TEX,22,9,LEFT,75,62,19,15,5,12,12,3,0,0.306,,-3.22,-1.833,-3.014,-0.753,0.21,-8.61,-8.61,0.0,-21.03683394396565,,,,,,,,,,,,,,,,,,,,,,,,,,,,,,,,,,,-21.03683394396565
1143,382,Wilyer Abreu,BOS,27,6,LEFT,85,76,24,10,2,14,9,3,1,0.316,,-3.486,-2.169,-2.914,-0.753,0.312,-9.009,-9.009,0.0,-22.01171161453967,,,,,,,,,,,,,,,,,,,,,,,,,,,,,,,,,,,-22.01171161453967
1144,384,Nick Martini,COL| CHN| CIN,29,5,LEFT,79,72,19,10,6,16,5,0,0,0.264,,-3.486,-1.721,-2.814,-1.0,0.008,-9.013,-9.013,0.0,-22.02148482426973,,,,,,,,,,,,,,,,,,,,,,,,,,,,,,,,,,,-22.02148482426973
1145,386,Richie Palacios,TBA| CLE| SLN,31,5,LEFT,102,93,24,9,6,16,6,1,0,0.258,,-3.539,-1.721,-2.814,-0.918,-0.031,-9.023,-9.023,0.0,-22.045917848594897,,,,,,,,,,,,,,,,,,,,,,,,,,,,,,,,,,,-22.045917848594897
1146,394,Miguel Andujar,ATH| CIN| NYA| PIT| OAK,28,4,RIGHT,90,84,21,9,4,18,6,2,0,0.25,,-3.539,-1.945,-2.714,-0.835,-0.08,-9.114,-9.114,0.0,-22.268258369953884,,,,,,,,,,,,,,,,,,,,,,,,,,,,,,,,,,,-22.268258369953884
1147,398,Matthew Batten,SDN,41,8,RIGHT,139,120,31,18,2,11,17,2,2,0.258,,-3.06,-2.169,-3.064,-0.835,-0.038,-9.165,-9.165,0.0,-22.39286679401221,,,,,,,,,,,,,,,,,,,,,,,,,,,,,,,,,,,-22.39286679401221
1148,406,Dominic Fletcher,CHA| ARI,28,6,LEFT,102,93,28,10,2,14,7,0,2,0.301,,-3.486,-2.169,-2.914,-1.0,0.276,-9.292,-9.292,0.0,-22.70316620294179,,,,,,,,,,,,,,,,,,,,,,,,,,,,,,,,,,,-22.70316620294179
1149,407,Sam Haggerty,TEX| SEA,45,9,SWITCH,108,91,23,13,1,5,15,9,1,0.253,,-3.326,-2.281,-3.364,-0.258,-0.068,-9.296,-9.296,0.0,-22.71293941267185,,,,,,,,,,,,,,,,,,,,,,,,,,,,,,,,,,,-22.71293941267185
1150,417,Sean Bouchard,COL,14,7,RIGHT,43,38,12,10,4,7,4,0,1,0.316,,-3.486,-1.945,-3.264,-1.0,0.156,-9.539,-9.539,0.0,-23.306661903773325,,,,,,,,,,,,,,,,,,,,,,,,,,,,,,,,,,,-23.306661903773325
1151,418,Nick Loftin,KCA,19,7,RIGHT,68,62,20,10,0,10,4,2,0,0.323,,-3.486,-2.392,-3.114,-0.835,0.287,-9.541,-9.541,0.0,-23.31154850863836,,,,,,,,,,,,,,,,,,,,,,,,,,,,,,,,,,,-23.31154850863836
1152,420,Hanser Alberto,BAL| KCA| LAN| CHA,28,7,RIGHT,90,82,18,11,3,16,4,0,0,0.22,,-3.433,-2.057,-2.814,-1.0,-0.27,-9.574,-9.574,0.0,-23.3921774889114,,,,,,,,,,,,,,,,,,,,,,,,,,,,,,,,,,,-23.3921774889114
1153,422,Ernie Clement,TOR| CLE| OAK,23,8,RIGHT,52,50,19,7,1,10,1,0,0,0.38,,-3.646,-2.281,-3.114,-1.0,0.452,-9.588,-9.588,0.0,-23.426383722966627,,,,,,,,,,,,,,,,,,,,,,,,,,,,,,,,,,,-23.426383722966627
1154,425,Franchy Cordero,KCA| BOS| NYA,22,7,LEFT,71,69,13,9,6,13,2,0,0,0.188,,-3.539,-1.721,-2.964,-1.0,-0.392,-9.617,-9.617,0.0,-23.497239493509603,,,,,,,,,,,,,,,,,,,,,,,,,,,,,,,,,,,-23.497239493509603
1155,430,Jonathan Aranda,TBA,34,8,LEFT,103,87,20,13,2,13,13,0,0,0.23,,-3.326,-2.169,-2.964,-1.0,-0.217,-9.676,-9.676,0.0,-23.641394337028064,,,,,,,,,,,,,,,,,,,,,,,,,,,,,,,,,,,-23.641394337028064
1156,432,Austin Wells,NYA,19,4,LEFT,75,70,16,8,4,13,3,0,0,0.229,,-3.592,-1.945,-2.964,-1.0,-0.182,-9.683,-9.683,0.0,-23.65849745405568,,,,,,,,,,,,,,,,,,,,,,,,,,,,,,,,,,,-23.65849745405568
1157,434,Cristian Pache,ATL| OAK| PHI| BAL| MIA,36,9,RIGHT,95,84,20,10,2,11,10,2,3,0.238,,-3.486,-2.169,-3.064,-0.835,-0.157,-9.711,-9.711,0.0,-23.726909922166136,,,,,,,,,,,,,,,,,,,,,,,,,,,,,,,,,,,-23.726909922166136
1158,437,Garrett Mitchell,MIL,19,6,LEFT,73,65,16,10,3,7,7,1,1,0.246,,-3.486,-2.057,-3.264,-0.918,-0.081,-9.805,-9.805,0.0,-23.95658035082267,,,,,,,,,,,,,,,,,,,,,,,,,,,,,,,,,,,-23.95658035082267
1159,440,Jasson Dominguez,NYA,8,3,SWITCH,33,31,8,6,4,7,2,1,0,0.258,,-3.699,-1.945,-3.264,-0.918,-0.01,-9.836,-9.836,0.0,-24.03232272623068,,,,,,,,,,,,,,,,,,,,,,,,,,,,,,,,,,,-24.03232272623068
1160,442,Ji Man Choi,TBA| PIT| SDN,38,5,LEFT,117,104,17,12,6,13,10,0,0,0.163,,-3.379,-1.721,-2.964,-1.0,-0.791,-9.856,-9.856,0.0,-24.081188774881003,,,,,,,,,,,,,,,,,,,,,,,,,,,,,,,,,,,-24.081188774881003
1161,447,Dane Myers,MIA,20,9,RIGHT,70,67,18,8,1,9,2,1,1,0.269,,-3.592,-2.281,-3.164,-0.918,0.032,-9.922,-9.922,0.0,-24.242446735427084,,,,,,,,,,,,,,,,,,,,,,,,,,,,,,,,,,,-24.242446735427084
1162,448,David Fletcher,ANA| ATL,30,9,RIGHT,97,89,22,7,2,12,7,0,0,0.247,,-3.646,-2.169,-3.014,-1.0,-0.104,-9.932,-9.932,0.0,-24.266879759752246,,,,,,,,,,,,,,,,,,,,,,,,,,,,,,,,,,,-24.266879759752246
1163,449,Eric Hosmer,SDN| BOS| CHN,31,7,LEFT,100,94,22,7,2,14,6,0,0,0.234,,-3.646,-2.169,-2.914,-1.0,-0.205,-9.933,-9.933,0.0,-24.269323062184764,,,,,,,,,,,,,,,,,,,,,,,,,,,,,,,,,,,-24.269323062184764
1164,450,Ceddanne Rafaela,BOS,26,1,RIGHT,89,83,20,11,2,5,4,2,1,0.241,,-3.433,-2.169,-3.364,-0.835,-0.137,-9.937,-9.937,0.0,-24.279096271914828,,,,,,,,,,,,,,,,,,,,,,,,,,,,,,,,,,,-24.279096271914828
1165,453,Hunter Goodman,COL,23,6,RIGHT,77,70,14,6,1,17,5,1,0,0.2,,-3.699,-2.281,-2.764,-0.918,-0.336,-9.997,-9.997,0.0,-24.42569441786581,,,,,,,,,,,,,,,,,,,,,,,,,,,,,,,,,,,-24.42569441786581
1166,454,Michael Brantley,HOU,15,6,LEFT,57,54,15,7,2,7,2,0,0,0.278,,-3.646,-2.169,-3.264,-1.0,0.064,-10.014,-10.014,0.0,-24.467230559218585,,,,,,,,,,,,,,,,,,,,,,,,,,,,,,,,,,,-24.467230559218585
1167,455,Osleivis Basabe,TBA,28,7,RIGHT,94,87,19,11,1,12,6,0,1,0.218,,-3.433,-2.281,-3.014,-1.0,-0.294,-10.021,-10.021,0.0,-24.4843336762462,,,,,,,,,,,,,,,,,,,,,,,,,,,,,,,,,,,-24.4843336762462
1168,458,Curtis Mead,CHA| TBA,24,6,RIGHT,92,83,21,12,1,5,7,0,0,0.253,,-3.379,-2.281,-3.364,-1.0,-0.06,-10.084,-10.084,0.0,-24.63826172949473,,,,,,,,,,,,,,,,,,,,,,,,,,,,,,,,,,,-24.63826172949473
1169,461,David Villar,SFN,43,7,RIGHT,140,124,18,15,5,12,11,1,1,0.145,,-3.22,-1.833,-3.014,-0.918,-1.117,-10.102,-10.102,0.0,-24.682241173280023,,,,,,,,,,,,,,,,,,,,,,,,,,,,,,,,,,,-24.682241173280023
1170,463,Jared Young,NYN| CHN,16,7,LEFT,47,43,8,7,2,8,3,2,0,0.186,,-3.646,-2.169,-3.214,-0.835,-0.252,-10.116,-10.116,0.0,-24.71644740733525,,,,,,,,,,,,,,,,,,,,,,,,,,,,,,,,,,,-24.71644740733525
1171,464,Oneil Cruz,PIT,9,1,LEFT,40,32,8,7,1,4,7,3,0,0.25,,-3.646,-2.281,-3.414,-0.753,-0.031,-10.123,-10.123,0.0,-24.733550524362865,,,,,,,,,,,,,,,,,,,,,,,,,,,,,,,,,,,-24.733550524362865
1172,467,Samad Taylor,SEA| KCA,24,8,RIGHT,69,60,12,9,0,4,7,6,0,0.2,,-3.539,-2.392,-3.414,-0.505,-0.288,-10.138,-10.138,0.0,-24.770200060850613,,,,,,,,,,,,,,,,,,,,,,,,,,,,,,,,,,,-24.770200060850613
1173,469,Sam Huff,SFN| TEX,19,8,RIGHT,45,43,11,5,3,6,2,0,0,0.256,,-3.752,-2.057,-3.314,-1.0,-0.022,-10.145,-10.145,0.0,-24.787303177878226,,,,,,,,,,,,,,,,,,,,,,,,,,,,,,,,,,,-24.787303177878226
1174,471,Brandon Dixon,DET| SDN,29,7,RIGHT,86,79,16,9,2,9,1,1,0,0.203,,-3.539,-2.169,-3.164,-0.918,-0.364,-10.153,-10.153,0.0,-24.80684959733836,,,,,,,,,,,,,,,,,,,,,,,,,,,,,,,,,,,-24.80684959733836
1175,473,Luken Baker,SLN,33,6,RIGHT,99,86,18,9,2,10,13,0,0,0.209,,-3.539,-2.169,-3.114,-1.0,-0.351,-10.173,-10.173,0.0,-24.855715645988685,,,,,,,,,,,,,,,,,,,,,,,,,,,,,,,,,,,-24.855715645988685
1176,476,Jo Adell,ANA,17,6,RIGHT,62,58,12,7,3,6,4,1,0,0.207,,-3.646,-2.057,-3.314,-0.918,-0.247,-10.181,-10.181,0.0,-24.87526206544881,,,,,,,,,,,,,,,,,,,,,,,,,,,,,,,,,,,-24.87526206544881
1177,478,Vaughn Grissom,ATL| BOS,22,6,RIGHT,80,75,21,5,0,9,2,0,1,0.28,,-3.752,-2.392,-3.164,-1.0,0.101,-10.207,-10.207,0.0,-24.93878792869424,,,,,,,,,,,,,,,,,,,,,,,,,,,,,,,,,,,-24.93878792869424
1178,480,Henry Ramos,ARI| CIN,23,5,SWITCH,86,74,18,9,0,5,11,2,1,0.243,,-3.539,-2.392,-3.364,-0.835,-0.109,-10.239,-10.239,0.0,-25.01697360653476,,,,,,,,,,,,,,,,,,,,,,,,,,,,,,,,,,,-25.01697360653476
1179,481,Brayan Rocchio,CLE,23,6,SWITCH,86,81,20,9,0,8,4,0,0,0.247,,-3.539,-2.392,-3.214,-1.0,-0.096,-10.242,-10.242,0.0,-25.02430351383231,,,,,,,,,,,,,,,,,,,,,,,,,,,,,,,,,,,-25.02430351383231
1180,482,Estevan Florial,NYA| CLE,18,9,LEFT,71,61,14,5,0,8,7,3,0,0.23,,-3.752,-2.392,-3.214,-0.753,-0.154,-10.265,-10.265,0.0,-25.080499469780182,,,,,,,,,,,,,,,,,,,,,,,,,,,,,,,,,,,-25.080499469780182
1181,483,Eguy Rosario,SDN,10,9,RIGHT,37,36,9,5,2,6,1,0,0,0.25,,-3.752,-2.169,-3.314,-1.0,-0.034,-10.269,-10.269,0.0,-25.090272679510253,,,,,,,,,,,,,,,,,,,,,,,,,,,,,,,,,,,-25.090272679510253
1182,485,Tyler Nevin,BAL| DET| OAK,40,6,RIGHT,111,95,19,9,2,10,12,0,1,0.2,,-3.539,-2.169,-3.114,-1.0,-0.456,-10.277,-10.277,0.0,-25.10981909897038,,,,,,,,,,,,,,,,,,,,,,,,,,,,,,,,,,,-25.10981909897038
1183,484,Brett Phillips,KCA| TBA| BAL| ANA,23,8,LEFT,71,63,11,7,3,6,8,2,1,0.175,,-3.646,-2.057,-3.314,-0.835,-0.425,-10.277,-10.277,0.0,-25.10981909897038,,,,,,,,,,,,,,,,,,,,,,,,,,,,,,,,,,,-25.10981909897038
1184,486,Terrin Vavra,BAL,24,8,LEFT,56,49,12,9,0,5,5,1,0,0.245,,-3.539,-2.392,-3.364,-0.918,-0.066,-10.279,-10.279,0.0,-25.114705703835416,,,,,,,,,,,,,,,,,,,,,,,,,,,,,,,,,,,-25.114705703835416
1185,487,Mike Brosseau,TBA| MIL,26,1,RIGHT,78,73,15,4,4,8,4,0,0,0.205,,-3.805,-1.945,-3.214,-1.0,-0.319,-10.284,-10.284,0.0,-25.126922215998,,,,,,,,,,,,,,,,,,,,,,,,,,,,,,,,,,,-25.126922215998
1186,488,Taylor Trammell,HOU| SEA| LAN| NYA,21,8,LEFT,56,46,6,6,3,11,9,0,1,0.13,,-3.699,-2.057,-3.064,-1.0,-0.467,-10.286,-10.286,0.0,-25.13180882086303,,,,,,,,,,,,,,,,,,,,,,,,,,,,,,,,,,,-25.13180882086303
1187,489,Jonny DeLuca,TBA| LAN,22,8,RIGHT,45,42,11,4,2,6,3,0,0,0.262,,-3.805,-2.169,-3.314,-1.0,-0.002,-10.289,-10.289,0.0,-25.139138728160574,,,,,,,,,,,,,,,,,,,,,,,,,,,,,,,,,,,-25.139138728160574
1188,491,Jon Singleton,HOU| MIL,36,6,LEFT,105,91,15,11,2,12,13,0,0,0.165,,-3.433,-2.169,-3.014,-1.0,-0.682,-10.298,-10.298,0.0,-25.161128450053223,,,,,,,,,,,,,,,,,,,,,,,,,,,,,,,,,,,-25.161128450053223
1189,492,Spencer Horwitz,PIT| TOR,15,4,LEFT,44,39,10,5,1,7,4,0,0,0.256,,-3.752,-2.281,-3.264,-1.0,-0.018,-10.314,-10.314,0.0,-25.200221288973488,,,,,,,,,,,,,,,,,,,,,,,,,,,,,,,,,,,-25.200221288973488
1190,494,Conner Capel,OAK| SLN| CIN,28,7,LEFT,86,73,19,6,0,3,12,3,3,0.26,,-3.699,-2.392,-3.464,-0.753,-0.012,-10.32,-10.32,0.0,-25.214881103568587,,,,,,,,,,,,,,,,,,,,,,,,,,,,,,,,,,,-25.214881103568587
1191,495,Michael Stefanic,TOR| ANA,24,9,RIGHT,71,62,18,5,0,6,8,0,1,0.29,,-3.752,-2.392,-3.314,-1.0,0.133,-10.325,-10.325,0.0,-25.227097615731164,,,,,,,,,,,,,,,,,,,,,,,,,,,,,,,,,,,-25.227097615731164
1192,496,Mark Mathias,MIL| TEX| PIT| SFN,26,8,RIGHT,72,62,14,6,0,6,10,3,0,0.226,,-3.699,-2.392,-3.314,-0.753,-0.174,-10.332,-10.332,0.0,-25.24420073275878,,,,,,,,,,,,,,,,,,,,,,,,,,,,,,,,,,,-25.24420073275878
1193,497,Tyler Fitzgerald,SFN,10,9,RIGHT,34,32,7,3,2,5,2,2,0,0.219,,-3.859,-2.169,-3.364,-0.835,-0.107,-10.334,-10.334,0.0,-25.249087337623813,,,,,,,,,,,,,,,,,,,,,,,,,,,,,,,,,,,-25.249087337623813
1194,498,Josh Harrison,WAS| OAK| CHA| PHI,39,7,RIGHT,114,103,21,8,2,10,3,0,0,0.204,,-3.592,-2.169,-3.114,-1.0,-0.463,-10.338,-10.338,0.0,-25.25886054735388,,,,,,,,,,,,,,,,,,,,,,,,,,,,,,,,,,,-25.25886054735388
1195,499,Hunter Dozier,KCA,28,7,RIGHT,91,82,15,8,2,9,8,1,0,0.183,,-3.592,-2.169,-3.164,-0.918,-0.501,-10.343,-10.343,0.0,-25.27107705951646,,,,,,,,,,,,,,,,,,,,,,,,,,,,,,,,,,,-25.27107705951646
1196,500,Jake Lamb,ARI| OAK| CHA| TOR| LAN| SEA| ANA,17,6,LEFT,54,51,11,7,2,5,3,0,0,0.216,,-3.646,-2.169,-3.364,-1.0,-0.183,-10.361,-10.361,0.0,-25.315056503301754,,,,,,,,,,,,,,,,,,,,,,,,,,,,,,,,,,,-25.315056503301754
1197,504,Oscar Mercado,CLE| PHI| SLN,12,9,RIGHT,32,31,9,3,0,5,1,2,1,0.29,,-3.859,-2.392,-3.364,-0.835,0.067,-10.383,-10.383,0.0,-25.36880915681711,,,,,,,,,,,,,,,,,,,,,,,,,,,,,,,,,,,-25.36880915681711
1198,508,Jason Vosler,SFN| CIN| SEA,18,6,LEFT,65,62,10,5,3,10,3,0,0,0.161,,-3.752,-2.057,-3.114,-1.0,-0.482,-10.405,-10.405,0.0,-25.42256181033247,,,,,,,,,,,,,,,,,,,,,,,,,,,,,,,,,,,-25.42256181033247
1199,509,Ivan Herrera,SLN,12,6,RIGHT,44,37,11,6,0,4,5,0,0,0.297,,-3.699,-2.392,-3.414,-1.0,0.099,-10.406,-10.406,0.0,-25.425005112764996,,,,,,,,,,,,,,,,,,,,,,,,,,,,,,,,,,,-25.425005112764996
1200,511,Michael Busch,CHN| LAN,26,9,LEFT,81,72,12,9,2,7,8,1,0,0.167,,-3.539,-2.169,-3.264,-0.918,-0.53,-10.419,-10.419,0.0,-25.456768044387704,,,,,,,,,,,,,,,,,,,,,,,,,,,,,,,,,,,-25.456768044387704
1201,512,Junior Caminero,TBA,7,1,RIGHT,36,34,8,4,1,7,2,0,0,0.235,,-3.805,-2.281,-3.264,-1.0,-0.071,-10.421,-10.421,0.0,-25.461654649252733,,,,,,,,,,,,,,,,,,,,,,,,,,,,,,,,,,,-25.461654649252733
1202,515,Vidal Brujan,ATL| BAL| CHN| TBA| MIA,28,9,SWITCH,84,76,13,10,0,6,5,3,2,0.171,,-3.486,-2.392,-3.314,-0.753,-0.534,-10.478,-10.478,0.0,-25.600922887906165,,,,,,,,,,,,,,,,,,,,,,,,,,,,,,,,,,,-25.600922887906165
1203,516,Andre Lipcius,DET,13,6,RIGHT,38,35,10,3,1,4,3,0,0,0.286,,-3.859,-2.281,-3.414,-1.0,0.063,-10.49,-10.49,0.0,-25.630242517096363,,,,,,,,,,,,,,,,,,,,,,,,,,,,,,,,,,,-25.630242517096363
1204,517,Trey Cabbage,ANA| HOU,20,8,LEFT,56,53,11,4,1,7,2,1,1,0.208,,-3.805,-2.281,-3.264,-0.918,-0.223,-10.491,-10.491,0.0,-25.63268581952888,,,,,,,,,,,,,,,,,,,,,,,,,,,,,,,,,,,-25.63268581952888
1205,518,J. P. Martinez,TEX| ATL,14,6,LEFT,44,40,9,6,1,4,2,0,0,0.225,,-3.699,-2.281,-3.414,-1.0,-0.115,-10.508,-10.508,0.0,-25.674221960881653,,,,,,,,,,,,,,,,,,,,,,,,,,,,,,,,,,,-25.674221960881653
1206,519,Drew Millas,WAS,11,7,SWITCH,33,28,8,1,1,6,4,0,0,0.286,,-3.965,-2.281,-3.314,-1.0,0.05,-10.509,-10.509,0.0,-25.67666526331417,,,,,,,,,,,,,,,,,,,,,,,,,,,,,,,,,,,-25.67666526331417
1207,521,Franmil Reyes,CLE| CHN| KCA,18,5,RIGHT,65,59,11,5,2,7,4,0,0,0.186,,-3.752,-2.169,-3.264,-1.0,-0.344,-10.529,-10.529,0.0,-25.7255313119645,,,,,,,,,,,,,,,,,,,,,,,,,,,,,,,,,,,-25.7255313119645
1208,522,Tyler Wade,SDN| NYA| ANA| OAK,21,8,LEFT,55,51,13,6,0,2,4,1,0,0.255,,-3.699,-2.392,-3.513,-0.918,-0.029,-10.552,-10.552,0.0,-25.781727267912373,,,,,,,,,,,,,,,,,,,,,,,,,,,,,,,,,,,-25.781727267912373
1209,523,Matt Beaty,LAN| SDN| KCA| SFN,29,7,LEFT,72,61,14,8,0,4,6,0,0,0.23,,-3.592,-2.392,-3.414,-1.0,-0.154,-10.553,-10.553,0.0,-25.78417057034489,,,,,,,,,,,,,,,,,,,,,,,,,,,,,,,,,,,-25.78417057034489
1210,524,Bryce Johnson,SDN| SFN,18,9,SWITCH,48,43,7,7,1,3,4,2,0,0.163,,-3.646,-2.281,-3.464,-0.835,-0.329,-10.554,-10.554,0.0,-25.78661387277741,,,,,,,,,,,,,,,,,,,,,,,,,,,,,,,,,,,-25.78661387277741
1211,525,Heston Kjerstad,BAL,13,6,LEFT,33,30,7,3,2,3,2,0,0,0.233,,-3.859,-2.169,-3.464,-1.0,-0.067,-10.558,-10.558,0.0,-25.796387082507472,,,,,,,,,,,,,,,,,,,,,,,,,,,,,,,,,,,-25.796387082507472
1212,528,Bubba Thompson,TEX| CIN,27,9,RIGHT,60,53,9,7,0,4,4,3,1,0.17,,-3.646,-2.392,-3.414,-0.753,-0.377,-10.582,-10.582,0.0,-25.855026340887868,,,,,,,,,,,,,,,,,,,,,,,,,,,,,,,,,,,-25.855026340887868
1213,530,Luke Voit,NYA| SDN| WAS| MIL,22,6,RIGHT,74,68,15,5,0,4,4,2,0,0.221,,-3.752,-2.392,-3.414,-0.835,-0.219,-10.612,-10.612,0.0,-25.928325413863355,,,,,,,,,,,,,,,,,,,,,,,,,,,,,,,,,,,-25.928325413863355
1214,531,Wade Meckler,SFN,20,8,LEFT,64,56,13,6,0,4,6,0,0,0.232,,-3.699,-2.392,-3.414,-1.0,-0.13,-10.635,-10.635,0.0,-25.98452136981123,,,,,,,,,,,,,,,,,,,,,,,,,,,,,,,,,,,-25.98452136981123
1215,532,Tyler Heineman,TOR| SFN| PIT| BOS,18,9,SWITCH,47,38,9,4,0,3,8,1,0,0.237,,-3.805,-2.392,-3.464,-0.918,-0.075,-10.654,-10.654,0.0,-26.03094411602904,,,,,,,,,,,,,,,,,,,,,,,,,,,,,,,,,,,-26.03094411602904
1216,533,Jonathan Arauz,BOS| BAL| NYN,23,9,SWITCH,66,59,8,3,3,9,5,0,0,0.136,,-3.859,-2.057,-3.164,-1.0,-0.575,-10.654,-10.654,0.0,-26.03094411602904,,,,,,,,,,,,,,,,,,,,,,,,,,,,,,,,,,,-26.03094411602904
1217,535,Kyle Garlick,PHI| MIN,14,5,RIGHT,30,28,5,2,2,4,2,0,0,0.179,,-3.912,-2.169,-3.414,-1.0,-0.18,-10.675,-10.675,0.0,-26.082253467111887,,,,,,,,,,,,,,,,,,,,,,,,,,,,,,,,,,,-26.082253467111887
1218,537,Logan Porter,SFN| KCA,10,8,RIGHT,38,31,6,4,1,3,5,0,0,0.194,,-3.805,-2.281,-3.464,-1.0,-0.164,-10.714,-10.714,0.0,-26.177542261980022,,,,,,,,,,,,,,,,,,,,,,,,,,,,,,,,,,,-26.177542261980022
1219,538,Carlos Perez,CHA,24,9,RIGHT,53,49,10,5,1,3,4,0,0,0.204,,-3.752,-2.281,-3.464,-1.0,-0.22,-10.716,-10.716,0.0,-26.18242886684505,,,,,,,,,,,,,,,,,,,,,,,,,,,,,,,,,,,-26.18242886684505
1220,539,Peyton Burdick,MIA,11,7,RIGHT,37,33,6,4,1,2,3,1,0,0.182,,-3.805,-2.281,-3.513,-0.918,-0.204,-10.721,-10.721,0.0,-26.194645379007635,,,,,,,,,,,,,,,,,,,,,,,,,,,,,,,,,,,-26.194645379007635
1221,540,Bobby Dalbec,CHA| BOS,19,8,RIGHT,53,49,10,5,1,1,4,1,0,0.204,,-3.752,-2.281,-3.563,-0.918,-0.22,-10.733,-10.733,0.0,-26.223965008197837,,,,,,,,,,,,,,,,,,,,,,,,,,,,,,,,,,,-26.223965008197837
1222,541,Joey Ortiz,MIL| BAL,14,9,RIGHT,34,33,7,4,0,4,0,0,0,0.212,,-3.805,-2.392,-3.414,-1.0,-0.128,-10.739,-10.739,0.0,-26.23862482279293,,,,,,,,,,,,,,,,,,,,,,,,,,,,,,,,,,,-26.23862482279293
1223,542,Colton Cowser,BAL,22,7,LEFT,77,61,7,12,0,4,13,1,0,0.115,,-3.379,-2.392,-3.414,-0.918,-0.692,-10.795,-10.795,0.0,-26.375449759013843,,,,,,,,,,,,,,,,,,,,,,,,,,,,,,,,,,,-26.375449759013843
1224,543,Luis Torrens,NYN| SDN| SEA| CHN,16,9,RIGHT,30,28,7,1,0,4,1,0,0,0.25,,-3.965,-2.392,-3.414,-1.0,-0.027,-10.798,-10.798,0.0,-26.382779666311396,,,,,,,,,,,,,,,,,,,,,,,,,,,,,,,,,,,-26.382779666311396
1225,544,Juan Yepez,SLN| WAS,26,5,RIGHT,65,60,11,5,2,2,4,0,1,0.183,,-3.752,-2.169,-3.513,-1.0,-0.365,-10.799,-10.799,0.0,-26.385222968743907,,,,,,,,,,,,,,,,,,,,,,,,,,,,,,,,,,,-26.385222968743907
1226,545,Danny Mendick,CHA| NYN,25,9,RIGHT,69,65,12,4,1,4,4,1,0,0.185,,-3.805,-2.281,-3.414,-0.918,-0.389,-10.806,-10.806,0.0,-26.40232608577152,,,,,,,,,,,,,,,,,,,,,,,,,,,,,,,,,,,-26.40232608577152
1227,547,Adam Haseley,PHI| CHA,17,9,LEFT,39,36,8,4,0,2,3,0,0,0.222,,-3.805,-2.392,-3.513,-1.0,-0.111,-10.823,-10.823,0.0,-26.443862227124303,,,,,,,,,,,,,,,,,,,,,,,,,,,,,,,,,,,-26.443862227124303
1228,548,Marco Luciano,SFN,13,7,RIGHT,45,39,9,4,0,0,6,1,0,0.231,,-3.805,-2.392,-3.613,-0.918,-0.095,-10.824,-10.824,0.0,-26.446305529556817,,,,,,,,,,,,,,,,,,,,,,,,,,,,,,,,,,,-26.446305529556817
1229,549,Jose Fermin,SLN,19,8,RIGHT,61,51,12,2,0,4,6,0,1,0.235,,-3.912,-2.392,-3.414,-1.0,-0.106,-10.824,-10.824,0.0,-26.446305529556817,,,,,,,,,,,,,,,,,,,,,,,,,,,,,,,,,,,-26.446305529556817
1230,551,Cody Thomas,OAK,17,5,LEFT,46,42,10,1,1,2,4,0,0,0.238,,-3.965,-2.281,-3.513,-1.0,-0.078,-10.838,-10.838,0.0,-26.480511763612043,,,,,,,,,,,,,,,,,,,,,,,,,,,,,,,,,,,-26.480511763612043
1231,552,Tyler Soderstrom,ATH| OAK,44,8,LEFT,138,125,20,9,3,7,11,0,0,0.16,,-3.539,-2.057,-3.264,-1.0,-0.984,-10.844,-10.844,0.0,-26.49517157820714,,,,,,,,,,,,,,,,,,,,,,,,,,,,,,,,,,,-26.49517157820714
1232,554,Darin Ruf,SFN| NYN| MIL,20,5,RIGHT,57,49,11,3,0,3,8,0,0,0.224,,-3.859,-2.392,-3.464,-1.0,-0.143,-10.857,-10.857,0.0,-26.526934509829854,,,,,,,,,,,,,,,,,,,,,,,,,,,,,,,,,,,-26.526934509829854
1233,555,Canaan Smith-Njigba,PIT,13,6,LEFT,37,32,4,3,0,5,4,1,0,0.125,,-3.859,-2.392,-3.364,-0.918,-0.338,-10.87,-10.87,0.0,-26.55869744145257,,,,,,,,,,,,,,,,,,,,,,,,,,,,,,,,,,,-26.55869744145257
1234,556,Coco Montes,TBA| COL,16,8,RIGHT,41,38,7,2,1,3,2,0,0,0.184,,-3.912,-2.281,-3.464,-1.0,-0.228,-10.884,-10.884,0.0,-26.5929036755078,,,,,,,,,,,,,,,,,,,,,,,,,,,,,,,,,,,-26.5929036755078
1235,557,Jose Tena,WAS| CLE,15,9,LEFT,34,31,7,1,0,3,3,0,0,0.226,,-3.965,-2.392,-3.464,-1.0,-0.087,-10.908,-10.908,0.0,-26.651542933888187,,,,,,,,,,,,,,,,,,,,,,,,,,,,,,,,,,,-26.651542933888187
1236,558,Grae Kessinger,HOU,21,1,RIGHT,45,40,8,2,1,1,5,0,1,0.2,,-3.912,-2.281,-3.563,-1.0,-0.192,-10.948,-10.948,0.0,-26.749275031188844,,,,,,,,,,,,,,,,,,,,,,,,,,,,,,,,,,,-26.749275031188844
1237,559,Nathan Lukes,TOR,20,1,LEFT,31,26,5,2,0,2,4,0,0,0.192,,-3.912,-2.392,-3.513,-1.0,-0.14,-10.958,-10.958,0.0,-26.773708055514007,,,,,,,,,,,,,,,,,,,,,,,,,,,,,,,,,,,-26.773708055514007
1238,560,Heliot Ramos,SFN,25,8,RIGHT,60,56,10,4,1,2,4,0,0,0.179,,-3.805,-2.281,-3.513,-1.0,-0.361,-10.96,-10.96,0.0,-26.77859466037904,,,,,,,,,,,,,,,,,,,,,,,,,,,,,,,,,,,-26.77859466037904
1239,561,Andrew Stevenson,WAS| MIN,16,7,LEFT,40,37,7,1,0,1,2,2,1,0.189,,-3.965,-2.392,-3.563,-0.835,-0.208,-10.964,-10.964,0.0,-26.788367870109106,,,,,,,,,,,,,,,,,,,,,,,,,,,,,,,,,,,-26.788367870109106
1240,562,Sandy Leon,ATL| CLE| MIA| MIN| TEX,17,9,SWITCH,44,41,6,4,0,4,1,0,0,0.146,,-3.805,-2.392,-3.414,-1.0,-0.366,-10.977,-10.977,0.0,-26.820130801731818,,,,,,,,,,,,,,,,,,,,,,,,,,,,,,,,,,,-26.820130801731818
1241,563,Travis Blankenhorn,MIN| NYN| WAS,10,5,LEFT,37,31,5,2,1,1,6,0,0,0.161,,-3.912,-2.281,-3.563,-1.0,-0.241,-10.997,-10.997,0.0,-26.868996850382143,,,,,,,,,,,,,,,,,,,,,,,,,,,,,,,,,,,-26.868996850382143
1242,564,Blake Rutherford,WAS,11,8,LEFT,36,35,6,3,0,2,1,0,0,0.171,,-3.859,-2.392,-3.513,-1.0,-0.245,-11.009,-11.009,0.0,-26.89831647957234,,,,,,,,,,,,,,,,,,,,,,,,,,,,,,,,,,,-26.89831647957234
1243,565,Kyren Paris,ANA,15,9,RIGHT,46,40,4,4,0,1,4,3,0,0.1,,-3.805,-2.392,-3.563,-0.753,-0.499,-11.013,-11.013,0.0,-26.908089689302404,,,,,,,,,,,,,,,,,,,,,,,,,,,,,,,,,,,-26.908089689302404
1244,566,David Hensley,HOU| MIA,29,7,RIGHT,94,84,10,11,1,3,10,1,0,0.119,,-3.433,-2.281,-3.464,-0.918,-0.926,-11.02,-11.02,0.0,-26.925192806330017,,,,,,,,,,,,,,,,,,,,,,,,,,,,,,,,,,,-26.925192806330017
1245,567,Bligh Madris,PIT| HOU| DET,11,7,LEFT,30,26,4,4,0,0,4,0,0,0.154,,-3.805,-2.392,-3.613,-1.0,-0.217,-11.028,-11.028,0.0,-26.94473922579015,,,,,,,,,,,,,,,,,,,,,,,,,,,,,,,,,,,-26.94473922579015
1246,568,Jorge Alfaro,WAS| MIA| SDN| BOS| COL,17,6,RIGHT,52,48,7,2,1,4,2,0,0,0.146,,-3.912,-2.281,-3.414,-1.0,-0.43,-11.036,-11.036,0.0,-26.96428564525028,,,,,,,,,,,,,,,,,,,,,,,,,,,,,,,,,,,-26.96428564525028
1247,570,Dalton Guthrie,PHI,13,9,RIGHT,28,24,4,3,0,0,3,0,0,0.167,,-3.859,-2.392,-3.613,-1.0,-0.177,-11.041,-11.041,0.0,-26.976502157412863,,,,,,,,,,,,,,,,,,,,,,,,,,,,,,,,,,,-26.976502157412863
1248,571,Darick Hall,PHI,18,8,LEFT,56,54,9,2,1,3,2,0,0,0.167,,-3.912,-2.281,-3.464,-1.0,-0.397,-11.053,-11.053,0.0,-27.00582178660306,,,,,,,,,,,,,,,,,,,,,,,,,,,,,,,,,,,-27.00582178660306
1249,572,Edwin Rios,LAN| CHN| CIN,17,6,LEFT,34,28,2,3,1,2,5,0,0,0.071,,-3.859,-2.281,-3.513,-1.0,-0.411,-11.064,-11.064,0.0,-27.032698113360738,,,,,,,,,,,,,,,,,,,,,,,,,,,,,,,,,,,-27.032698113360738
1250,573,Derek Hill,CHA| MIA| DET| WAS| SFN| TEX,13,8,RIGHT,50,47,8,3,0,1,3,1,0,0.17,,-3.859,-2.392,-3.563,-0.918,-0.333,-11.065,-11.065,0.0,-27.03514141579325,,,,,,,,,,,,,,,,,,,,,,,,,,,,,,,,,,,-27.03514141579325
1251,574,TJ Hopkins,CIN,18,8,RIGHT,44,41,7,2,0,1,2,1,0,0.171,,-3.912,-2.392,-3.563,-0.918,-0.289,-11.074,-11.074,0.0,-27.0571311376859,,,,,,,,,,,,,,,,,,,,,,,,,,,,,,,,,,,-27.0571311376859
1252,575,Buddy Kennedy,LAN| PHI| TOR| ARI| DET,10,6,RIGHT,29,24,4,1,0,1,4,0,0,0.167,,-3.965,-2.392,-3.563,-1.0,-0.177,-11.098,-11.098,0.0,-27.115770396066296,,,,,,,,,,,,,,,,,,,,,,,,,,,,,,,,,,,-27.115770396066296
1253,576,Kyle Lewis,SEA| ARI,16,2,RIGHT,54,51,8,2,1,2,3,0,0,0.157,,-3.912,-2.281,-3.513,-1.0,-0.414,-11.12,-11.12,0.0,-27.16952304958165,,,,,,,,,,,,,,,,,,,,,,,,,,,,,,,,,,,-27.16952304958165
1254,578,Jordan Lawlar,ARI,13,8,RIGHT,34,31,4,2,0,0,2,1,1,0.129,,-3.912,-2.392,-3.613,-0.918,-0.318,-11.153,-11.153,0.0,-27.250152029854693,,,,,,,,,,,,,,,,,,,,,,,,,,,,,,,,,,,-27.250152029854693
1255,580,Chris Owings,COL| BAL| PIT,8,8,RIGHT,25,25,4,0,0,0,0,0,0,0.16,,-4.018,-2.392,-3.613,-1.0,-0.197,-11.221,-11.221,0.0,-27.4162965952658,,,,,,,,,,,,,,,,,,,,,,,,,,,,,,,,,,,-27.4162965952658
1256,581,Jordyn Adams,BAL| ANA,14,9,RIGHT,40,39,5,1,0,1,0,1,2,0.128,,-3.965,-2.392,-3.563,-0.918,-0.402,-11.241,-11.241,0.0,-27.46516264391613,,,,,,,,,,,,,,,,,,,,,,,,,,,,,,,,,,,-27.46516264391613
1257,582,David Hamilton,BOS,13,8,LEFT,39,33,4,1,0,0,6,1,1,0.121,,-3.965,-2.392,-3.613,-0.918,-0.358,-11.247,-11.247,0.0,-27.479822458511222,,,,,,,,,,,,,,,,,,,,,,,,,,,,,,,,,,,-27.479822458511222
1258,583,Taylor Motter,BOS| COL| CIN| SLN,28,8,RIGHT,82,76,13,3,0,2,5,0,0,0.171,,-3.859,-2.392,-3.513,-1.0,-0.534,-11.298,-11.298,0.0,-27.60443088256956,,,,,,,,,,,,,,,,,,,,,,,,,,,,,,,,,,,-27.60443088256956
1259,584,Tomas Nido,DET| NYN| CHN,19,9,RIGHT,61,56,7,5,0,1,2,0,0,0.125,,-3.752,-2.392,-3.563,-1.0,-0.591,-11.299,-11.299,0.0,-27.60687418500208,,,,,,,,,,,,,,,,,,,,,,,,,,,,,,,,,,,-27.60687418500208
1260,585,Isan Diaz,MIA| DET| SFN,8,8,LEFT,26,24,1,0,0,1,2,0,0,0.042,,-4.018,-2.392,-3.563,-1.0,-0.407,-11.382,-11.382,0.0,-27.809668286900934,,,,,,,,,,,,,,,,,,,,,,,,,,,,,,,,,,,-27.809668286900934
1261,586,Kyle Stowers,MIA| BAL,11,9,LEFT,33,30,2,1,0,0,3,0,0,0.067,,-3.965,-2.392,-3.613,-1.0,-0.451,-11.422,-11.422,0.0,-27.907400384201587,,,,,,,,,,,,,,,,,,,,,,,,,,,,,,,,,,,-27.907400384201587
1262,588,Nate Eaton,BOS| KCA,20,9,RIGHT,56,53,4,1,0,1,2,1,0,0.075,,-3.965,-2.392,-3.563,-0.918,-0.761,-11.6,-11.6,0.0,-28.34230821718949,,,,,,,,,,,,,,,,,,,,,,,,,,,,,,,,,,,-28.34230821718949
