TRank,H-Unnamed: 0,H-Name,H-Team,H-GP,H-BO,H-L/R,H-PA,H-AB,H-H,H-R,H-HR,H-RBI,H-BB,H-SB,H-CS,H-AVG,H-POS,H-R-Z,H-HR-Z,H-RBI-Z,H-SB-Z,H-AVG-Z,H-SUM-Z,H-SUM-Z-A,H-Adj-Val,H-ACV,H-Unnamed: 26,P-Unnamed: 0,P-Name,P-Team,P-L/R,P-POS,P-IP,P-GS,P-GP,P-HA,P-R,P-ER,P-HR,P-BB,P-K,P-W,P-L,P-S,P-HD,P-BS,P-ERA,P-WHIP,P-SB,P-CS,P-SBP,P-W-Z,P-K-Z,P-S-Z,P-ERA-Z,P-WHIP-Z,P-Z-SUM,P-Z-SUM-A,P-ACV,P-Unnamed: 32,ACV
1,1,Aaron Judge,NYA,152,2,RIGHT,679,541,179,137,53,114,124,12,5,0.331,RF| DH,3.466,3.2,2.126,0.142,3.283,12.218,17.488,5.27,41.93091977845586,,,,,,,,,,,,,,,,,,,,,,,,,,,,,,,,,,,41.93091977845586
2,4,Cal Raleigh,SEA,159,3,SWITCH,705,596,147,110,60,125,97,14,4,0.247,CC| DH,1.975,3.906,2.672,0.332,-0.603,8.284,14.964,6.68,35.87913332369702,,,,,,,,,,,,,,,,,,,,,,,,,,,,,,,,,,,35.87913332369702
3,3,Juan Soto,NYN,160,2,LEFT,715,577,152,120,43,105,127,38,4,0.263,RF,2.528,2.192,1.679,2.616,0.231,9.246,14.516,5.27,34.80496520494426,,,,,,,,,,,,,,,,,,,,,,,,,,,,,,,,,,,34.80496520494426
4,,,,,,,,,,,,,,,,,,,,,,,,,,,,1,Garrett Crochet,BOS,LEFT,SP,205.3333333333333,32,32,165,62,59,24,46,255,18,5,0,0,0,2.586,1.028,13,7,0.063,2.552,2.709,-0.506,1.913,1.659,8.327,13.584,32.97817316750219,,32.97817316750219
5,,,,,,,,,,,,,,,,,,,,,,,,,,,,2,Tarik Skubal,DET,LEFT,SP,195.33333333333331,31,31,141,55,48,18,33,241,13,6,0,0,0,2.212,0.891,3,4,0.015,1.24,2.402,-0.506,2.39,2.789,8.315,13.572,32.949040505693446,,32.949040505693446
6,2,Shohei Ohtani,LAN,156,1,LEFT,717,603,169,143,54,101,107,20,6,0.28,DH,3.798,3.301,1.48,0.903,1.094,10.577,13.66325,3.08625,32.76032934943888,,,,,,,,,,,,,,,,,,,,,,,,,,,,,,,,,,,32.76032934943888
7,5,Jose Ramirez,CLE,158,3,SWITCH,673,593,168,103,30,85,66,44,7,0.283,3B| DH,1.589,0.881,0.685,3.187,1.228,7.57,12.84,5.27,30.786425546396,,,,,,,,,,,,,,,,,,,,,,,,,,,,,,,,,,,30.786425546396
8,,,,,,,,,,,,,,,,,,,,,,,,,,,,3,Paul Skenes,PIT,RIGHT,SP,187.66666666666663,32,32,136,45,41,11,42,216,10,10,0,0,0,1.966,0.949,4,2,0.021,0.453,1.853,-0.506,2.656,2.189,6.644,11.901,28.892317348825355,,28.892317348825355
9,,,,,,,,,,,,,,,,,,,,,,,,,,,,4,Bryan Woo,SEA,RIGHT,SP,186.66666666666663,30,30,137,64,61,26,36,198,15,7,0,0,0,2.941,0.927,4,1,0.021,1.765,1.457,-0.506,1.223,2.361,6.299,11.556,28.054753321823863,,28.054753321823863
10,9,Julio Rodriguez,SEA,160,3,RIGHT,710,652,174,106,32,95,44,30,6,0.267,CF,1.754,1.082,1.182,1.855,0.449,6.323,11.593,5.27,27.796497769421247,,,,,,,,,,,,,,,,,,,,,,,,,,,,,,,,,,,27.796497769421247
11,10,George Springer,TOR,138,1,RIGHT,586,498,154,106,32,84,69,17,1,0.309,RF| DH,1.754,1.082,0.636,0.618,2.117,6.207,11.477,5.27,27.51836495295848,,,,,,,,,,,,,,,,,,,,,,,,,,,,,,,,,,,27.51836495295848
12,,,,,,,,,,,,,,,,,,,,,,,,,,,,5,Carlos Rodon,NYA,LEFT,SP,195.3333333333333,33,33,132,74,67,22,73,203,18,9,0,0,0,3.087,1.05,17,3,0.087,2.552,1.567,-0.506,1.057,1.385,6.054,11.311,27.459961476561933,,27.459961476561933
13,,,,,,,,,,,,,,,,,,,,,,,,,,,,6,Max Fried,NYA,LEFT,SP,195.33333333333331,32,32,164,73,62,14,51,189,19,5,0,0,0,2.857,1.101,6,5,0.031,2.814,1.259,-0.506,1.408,0.932,5.907,11.164,27.103086369404775,,27.103086369404775
14,,,,,,,,,,,,,,,,,,,,,,,,,,,,7,Freddy Peralta,MIL,RIGHT,SP,176.66666666666669,33,33,124,54,53,21,66,204,17,6,0,0,0,2.7,1.075,12,1,0.068,2.29,1.589,-0.506,1.489,1.045,5.906,11.163,27.100658647587384,,27.100658647587384
15,,,,,,,,,,,,,,,,,,,,,,,,,,,,8,Cristopher Sanchez,PHI,LEFT,SP,202.0,32,32,171,58,56,12,44,212,13,5,0,0,0,2.495,1.064,10,4,0.05,1.24,1.765,-0.506,2.025,1.296,5.82,11.077,26.89187457129136,,26.89187457129136
16,7,Bobby Witt,KCA,157,2,RIGHT,687,623,184,99,23,88,49,38,9,0.295,SS,1.368,0.175,0.834,2.616,1.921,6.914,11.139,4.225,26.70794347050662,,,,,,,,,,,,,,,,,,,,,,,,,,,,,,,,,,,26.70794347050662
17,,,,,,,,,,,,,,,,,,,,,,,,,,,,9,Hunter Brown,HOU,RIGHT,SP,185.3333333333333,31,31,133,55,50,17,57,206,12,9,0,0,0,2.428,1.025,20,8,0.108,0.978,1.633,-0.506,1.955,1.518,5.577,10.834,26.30193816966422,,26.30193816966422
18,,,,,,,,,,,,,,,,,,,,,,,,,,,,10,Yoshinobu Yamamoto,LAN,RIGHT,SP,173.66666666666669,30,30,113,53,48,14,59,201,12,8,0,0,0,2.487,0.99,7,5,0.04,0.978,1.523,-0.506,1.752,1.696,5.442,10.699,25.97419572431581,,25.97419572431581
19,12,Corbin Carroll,ARI,141,1,LEFT,642,564,146,107,31,84,67,32,6,0.259,RF,1.81,0.982,0.636,2.045,0.009,5.481,10.751,5.27,25.777637153372535,,,,,,,,,,,,,,,,,,,,,,,,,,,,,,,,,,,25.777637153372535
20,8,Francisco Lindor,NYN,160,1,SWITCH,732,644,172,117,31,86,65,31,6,0.267,SS,2.362,0.982,0.735,1.95,0.455,6.484,10.709,4.225,25.676933892239468,,,,,,,,,,,,,,,,,,,,,,,,,,,,,,,,,,,25.676933892239468
21,6,Kyle Schwarber,PHI,162,2,LEFT,724,604,145,111,56,132,108,10,2,0.24,DH,2.031,3.503,3.02,-0.048,-0.945,7.561,10.64725,3.08625,25.52887612140692,,,,,,,,,,,,,,,,,,,,,,,,,,,,,,,,,,,25.52887612140692
22,13,Junior Caminero,TBA,154,3,RIGHT,653,602,159,93,45,110,41,7,1,0.264,3B,1.036,2.394,1.927,-0.334,0.276,5.299,10.569,5.27,25.34125635512923,,,,,,,,,,,,,,,,,,,,,,,,,,,,,,,,,,,25.34125635512923
23,,,,,,,,,,,,,,,,,,,,,,,,,,,,11,Nick Pivetta,SDN,RIGHT,SP,181.66666666666663,31,31,129,63,58,22,50,190,13,5,0,0,0,2.873,0.985,9,3,0.05,1.24,1.281,-0.506,1.286,1.816,5.117,10.374,25.185186133662228,,25.185186133662228
24,,,,,,,,,,,,,,,,,,,,,,,,,,,,12,Jacob deGrom,TEX,RIGHT,SP,172.66666666666669,30,30,122,57,57,26,37,185,12,8,0,0,0,2.971,0.921,11,6,0.064,0.978,1.172,-0.506,1.09,2.23,4.964,10.221,24.8137446956007,,24.8137446956007
25,16,Pete Crow-Armstrong,CHN,154,4,LEFT,640,584,146,91,31,95,29,35,8,0.25,CF,0.926,0.982,1.182,2.331,-0.426,4.995,10.265,5.27,24.61235656026129,,,,,,,,,,,,,,,,,,,,,,,,,,,,,,,,,,,24.61235656026129
26,18,Fernando Tatis,SDN,155,1,RIGHT,691,594,159,111,25,71,89,32,7,0.268,RF,2.031,0.376,-0.01,2.045,0.45,4.892,10.162,5.27,24.365393800815895,,,,,,,,,,,,,,,,,,,,,,,,,,,,,,,,,,,24.365393800815895
27,20,Byron Buxton,MIN,126,1,RIGHT,542,488,129,97,35,83,41,24,0,0.264,CF,1.257,1.385,0.586,1.284,0.233,4.745,10.015,5.27,24.012932386850157,,,,,,,,,,,,,,,,,,,,,,,,,,,,,,,,,,,24.012932386850157
28,11,Geraldo Perdomo,ARI,161,1,SWITCH,720,597,173,98,20,100,94,27,6,0.29,SS,1.313,-0.128,1.431,1.57,1.561,5.746,9.971,4.225,23.907433732329796,,,,,,,,,,,,,,,,,,,,,,,,,,,,,,,,,,,23.907433732329796
29,,,,,,,,,,,,,,,,,,,,,,,,,,,,13,Zack Wheeler,PHI,RIGHT,SP,149.66666666666666,24,24,107,48,45,19,33,195,10,5,0,0,0,2.706,0.935,4,4,0.027,0.453,1.391,-0.506,1.255,1.835,4.427,9.684,23.51005807965925,,23.51005807965925
30,,,,,,,,,,,,,,,,,,,,,,,,,,,,14,Nathan Eovaldi,TEX,RIGHT,SP,130.0,22,22,90,28,25,10,21,129,11,3,0,0,0,1.731,0.854,4,1,0.031,0.715,-0.059,-0.506,2.078,2.074,4.302,9.559,23.206592852484796,,23.206592852484796
31,22,Brice Turang,MIL,155,1,LEFT,659,584,168,97,18,81,66,24,8,0.288,2B,1.257,-0.33,0.487,1.284,1.424,4.122,9.392,5.27,22.5191673467096,,,,,,,,,,,,,,,,,,,,,,,,,,,,,,,,,,,22.5191673467096
32,14,Elly De La Cruz,CIN,162,3,SWITCH,699,629,166,102,22,86,67,37,8,0.264,SS,1.534,0.074,0.735,2.521,0.277,5.141,9.366,4.225,22.45682723267484,,,,,,,,,,,,,,,,,,,,,,,,,,,,,,,,,,,22.45682723267484
33,,,,,,,,,,,,,,,,,,,,,,,,,,,,15,Logan Webb,SFN,RIGHT,SP,207.00000000000003,34,34,210,82,74,14,46,224,15,11,0,0,0,3.217,1.237,9,7,0.043,1.765,2.028,-0.506,0.91,-0.288,3.908,9.165,22.25007045643092,,22.25007045643092
34,,,,,,,,,,,,,,,,,,,,,,,,,,,,16,Joe Ryan,MIN,RIGHT,SP,170.99999999999997,30,31,138,69,65,26,39,194,13,10,0,0,0,3.421,1.035,21,11,0.123,1.24,1.369,-0.506,0.48,1.324,3.907,9.164,22.247642734613525,,22.247642734613525
35,15,Trea Turner,PHI,141,1,RIGHT,639,589,179,94,15,69,43,36,7,0.304,SS,1.092,-0.632,-0.109,2.426,2.24,5.016,9.241,4.225,22.15711514596927,,,,,,,,,,,,,,,,,,,,,,,,,,,,,,,,,,,22.15711514596927
36,23,Eugenio Suarez,ARI| SEA,159,5,RIGHT,657,588,134,91,49,118,46,4,1,0.228,3B,0.926,2.797,2.325,-0.619,-1.522,3.907,9.177,5.27,22.003662557576018,,,,,,,,,,,,,,,,,,,,,,,,,,,,,,,,,,,22.003662557576018
37,25,Manny Machado,SDN,159,3,RIGHT,678,615,169,91,27,95,55,14,3,0.275,3B,0.926,0.578,1.182,0.332,0.834,3.852,9.122,5.27,21.87178923942557,,,,,,,,,,,,,,,,,,,,,,,,,,,,,,,,,,,21.87178923942557
38,26,Cody Bellinger,NYA,152,3,LEFT,656,588,160,89,29,98,57,13,2,0.272,CF| LF| RF,0.816,0.78,1.331,0.237,0.664,3.828,9.098,5.27,21.814244518778096,,,,,,,,,,,,,,,,,,,,,,,,,,,,,,,,,,,21.814244518778096
39,17,Pete Alonso,NYN,162,4,RIGHT,709,624,170,87,38,126,61,1,2,0.272,1B,0.705,1.688,2.722,-0.905,0.722,4.932,9.047,4.115,21.69196198740223,,,,,,,,,,,,,,,,,,,,,,,,,,,,,,,,,,,21.69196198740223
40,21,Trevor Story,BOS,156,4,RIGHT,654,612,161,91,25,96,33,31,1,0.263,SS,0.926,0.376,1.232,1.95,0.226,4.711,8.936,4.225,21.425817654407684,,,,,,,,,,,,,,,,,,,,,,,,,,,,,,,,,,,21.425817654407684
41,19,Josh Naylor,ARI| SEA,146,4,LEFT,604,543,160,81,20,92,48,30,2,0.295,1B| DH,0.374,-0.128,1.033,1.855,1.643,4.777,8.892,4.115,21.320318999887323,,,,,,,,,,,,,,,,,,,,,,,,,,,,,,,,,,,21.320318999887323
42,,,,,,,,,,,,,,,,,,,,,,,,,,,,17,Matt Boyd,CHN,LEFT,SP,179.66666666666669,31,31,154,69,64,19,42,154,14,8,0,0,0,3.206,1.091,5,3,0.028,1.502,0.491,-0.506,0.806,0.937,3.229,8.486,20.60164734241929,,20.60164734241929
43,51,Hunter Goodman,COL,143,3,RIGHT,579,540,150,73,31,91,33,1,2,0.278,CC| DH,-0.068,0.982,0.983,-0.905,0.867,1.859,8.539,6.68,20.4739320670308,,,,,,,,,,,,,,,,,,,,,,,,,,,,,,,,,,,20.4739320670308
44,,,,,,,,,,,,,,,,,,,,,,,,,,,,18,Aroldis Chapman,BOS,LEFT,RP,61.33333333333334,0,67,28,9,8,3,15,85,5,3,32,0,0,1.174,0.701,4,0,0.065,-0.859,-1.025,2.411,1.247,1.403,3.176,8.433,20.47297808609732,,20.47297808609732
45,30,Riley Greene,DET,157,4,LEFT,655,600,155,84,36,111,46,2,1,0.258,LF| DH,0.539,1.486,1.977,-0.81,-0.017,3.175,8.445,5.27,20.24854857782821,,,,,,,,,,,,,,,,,,,,,,,,,,,,,,,,,,,20.24854857782821
46,31,James Wood,WAS,157,2,LEFT,689,598,153,87,31,94,85,15,7,0.256,LF| DH,0.705,0.982,1.132,0.428,-0.142,3.105,8.375,5.27,20.08070980927309,,,,,,,,,,,,,,,,,,,,,,,,,,,,,,,,,,,20.08070980927309
47,,,,,,,,,,,,,,,,,,,,,,,,,,,,19,Edwin Diaz,NYN,RIGHT,RP,66.33333333333334,0,62,37,14,12,4,21,98,6,3,28,0,0,1.628,0.874,15,5,0.226,-0.597,-0.74,2.046,1.114,0.997,2.82,8.077,19.60870911910448,,19.60870911910448
48,,,,,,,,,,,,,,,,,,,,,,,,,,,,20,Jesus Luzardo,PHI,LEFT,SP,183.66666666666663,32,32,167,85,80,16,57,216,15,7,0,0,0,3.92,1.22,22,11,0.12,1.765,1.853,-0.506,-0.199,-0.113,2.798,8.055,19.555299239121773,,19.555299239121773
49,34,Randy Arozarena,SEA,160,4,RIGHT,709,613,146,95,27,76,64,31,6,0.238,LF,1.147,0.578,0.238,1.95,-1.056,2.857,8.126999999999999,5.27,19.48608102924924,,,,,,,,,,,,,,,,,,,,,,,,,,,,,,,,,,,19.48608102924924
50,,,,,,,,,,,,,,,,,,,,,,,,,,,,21,Kevin Gausman,TOR,RIGHT,SP,193.0,32,32,155,79,77,21,50,189,10,11,0,0,0,3.591,1.062,17,3,0.088,0.453,1.259,-0.506,0.286,1.257,2.75,8.007,19.43876859188678,,19.43876859188678
51,36,Kyle Tucker,CHN,134,2,LEFT,588,492,132,91,22,72,86,25,3,0.268,RF| DH,0.926,0.074,0.04,1.379,0.398,2.817,8.087,5.27,19.390173161503466,,,,,,,,,,,,,,,,,,,,,,,,,,,,,,,,,,,19.390173161503466
52,37,Jazz Chisholm,NYA,130,5,LEFT,531,462,112,75,31,80,58,31,8,0.242,2B| 3B,0.042,0.982,0.437,1.95,-0.631,2.78,8.049999999999999,5.27,19.30145838383861,,,,,,,,,,,,,,,,,,,,,,,,,,,,,,,,,,,19.30145838383861
53,58,Shea Langeliers,ATH,123,4,RIGHT,523,481,133,73,31,72,36,7,1,0.277,CC,-0.068,0.982,0.04,-0.334,0.721,1.34,8.02,6.68,19.22952748302928,,,,,,,,,,,,,,,,,,,,,,,,,,,,,,,,,,,19.22952748302928
54,39,Jackson Chourio,MIL,131,2,RIGHT,589,549,148,88,21,78,30,21,7,0.27,LF| RF| CF,0.76,-0.027,0.338,0.999,0.503,2.573,7.843,5.27,18.805135168254196,,,,,,,,,,,,,,,,,,,,,,,,,,,,,,,,,,,18.805135168254196
55,40,Nico Hoerner,CHN,156,6,RIGHT,649,599,178,89,7,61,39,29,6,0.297,2B,0.816,-1.439,-0.507,1.76,1.938,2.568,7.837999999999999,5.27,18.793146684785967,,,,,,,,,,,,,,,,,,,,,,,,,,,,,,,,,,,18.793146684785967
56,42,Maikel Garcia,KCA,158,4,RIGHT,666,595,170,81,16,74,62,23,8,0.286,3B,0.374,-0.531,0.139,1.189,1.353,2.523,7.792999999999999,5.27,18.685250333571965,,,,,,,,,,,,,,,,,,,,,,,,,,,,,,,,,,,18.685250333571965
57,43,Brent Rooker,ATH,162,3,RIGHT,699,626,164,92,30,89,65,6,1,0.262,DH| RF,0.981,0.881,0.884,-0.429,0.174,2.491,7.760999999999999,5.27,18.608524039375336,,,,,,,,,,,,,,,,,,,,,,,,,,,,,,,,,,,18.608524039375336
58,,,,,,,,,,,,,,,,,,,,,,,,,,,,22,Merrill Kelly,ARI| TEX,RIGHT,SP,184.0,32,32,157,79,72,23,48,167,12,9,0,0,0,3.522,1.114,14,2,0.076,0.978,0.776,-0.506,0.372,0.766,2.385,7.641999999999999,18.55265012853738,,18.55265012853738
59,,,,,,,,,,,,,,,,,,,,,,,,,,,,23,Drew Rasmussen,TBA,RIGHT,SP,150.0,31,31,116,47,46,18,37,127,10,5,0,0,0,2.76,1.02,19,7,0.127,0.453,-0.103,-0.506,1.194,1.264,2.302,7.558999999999999,18.35114921769354,,18.35114921769354
60,,,,,,,,,,,,,,,,,,,,,,,,,,,,24,Trevor Rogers,BAL,LEFT,SP,109.66666666666666,18,18,70,23,22,6,29,103,9,3,0,0,0,1.806,0.903,3,1,0.027,0.19,-0.63,-0.506,1.689,1.507,2.25,7.507,18.22490768318897,,18.22490768318897
61,,,,,,,,,,,,,,,,,,,,,,,,,,,,25,Jhoan Duran,MIN| PHI,RIGHT,RP,70.0,0,72,58,19,16,3,19,80,7,6,32,0,0,2.057,1.1,13,1,0.186,-0.334,-1.135,2.411,0.941,0.336,2.219,7.475999999999999,18.149648306849706,,18.149648306849706
62,45,Andy Pages,LAN,153,6,RIGHT,616,576,157,73,27,86,26,14,7,0.273,LF| CF| RF,-0.068,0.578,0.735,0.332,0.673,2.25,7.52,5.27,18.030679136207,,,,,,,,,,,,,,,,,,,,,,,,,,,,,,,,,,,18.030679136207
63,27,Nick Kurtz,ATH,117,3,LEFT,489,420,122,90,36,86,63,2,1,0.29,1B,0.871,1.486,0.735,-0.81,1.123,3.405,7.52,4.115,18.030679136207,,,,,,,,,,,,,,,,,,,,,,,,,,,,,,,,,,,18.030679136207
64,,,,,,,,,,,,,,,,,,,,,,,,,,,,26,Robert Suarez,SDN,RIGHT,RP,69.66666666666666,0,70,47,24,23,6,16,75,4,6,40,0,0,2.971,0.904,3,0,0.043,-1.121,-1.245,3.14,0.44,0.952,2.166,7.423,18.02097905052774,,18.02097905052774
65,28,Rafael Devers,BOS| SFN,163,2,LEFT,729,607,153,99,35,109,112,1,1,0.252,DH| 1B,1.368,1.385,1.878,-0.905,-0.338,3.388,7.503,4.115,17.989918292415044,,,,,,,,,,,,,,,,,,,,,,,,,,,,,,,,,,,17.989918292415044
66,46,Brandon Nimmo,NYN,155,4,LEFT,652,587,154,81,25,92,50,13,1,0.262,LF,0.374,0.376,1.033,0.237,0.181,2.202,7.471999999999999,5.27,17.915589694912065,,,,,,,,,,,,,,,,,,,,,,,,,,,,,,,,,,,17.915589694912065
67,47,Tyler Soderstrom,ATH,157,3,LEFT,624,561,155,75,25,93,55,8,3,0.276,1B| LF,0.042,0.376,1.083,-0.239,0.831,2.094,7.363999999999999,5.27,17.65663845199845,,,,,,,,,,,,,,,,,,,,,,,,,,,,,,,,,,,17.65663845199845
68,,,,,,,,,,,,,,,,,,,,,,,,,,,,27,Andres Munoz,SEA,RIGHT,RP,62.333333333333336,0,64,36,18,12,2,28,83,3,3,38,0,0,1.733,1.027,5,1,0.08,-1.384,-1.069,2.958,0.996,0.506,2.007,7.263999999999999,17.634971281561832,,17.634971281561832
69,29,Vladimir Guerrero,TOR,156,3,RIGHT,680,589,172,96,23,84,81,6,3,0.292,1B| DH,1.202,0.175,0.636,-0.429,1.651,3.235,7.35,4.115,17.623070698287428,,,,,,,,,,,,,,,,,,,,,,,,,,,,,,,,,,,17.623070698287428
70,,,,,,,,,,,,,,,,,,,,,,,,,,,,28,Andrew Abbott,CIN,LEFT,SP,166.33333333333331,29,29,148,60,53,19,43,149,10,7,0,0,0,2.868,1.148,12,1,0.072,0.453,0.381,-0.506,1.184,0.435,1.946,7.202999999999999,17.486880250700697,,17.486880250700697
71,,,,,,,,,,,,,,,,,,,,,,,,,,,,29,Chris Sale,ATL,LEFT,SP,125.66666666666669,20,21,102,38,36,11,32,165,7,5,0,0,0,2.578,1.066,23,8,0.183,-0.334,0.732,-0.506,1.179,0.795,1.865,7.122,17.290234783491652,,17.290234783491652
72,32,Matt Olson,ATL,162,2,LEFT,724,624,170,98,29,95,91,1,0,0.272,1B,1.313,0.78,1.182,-0.905,0.722,3.092,7.207000000000001,4.115,17.28020007109626,,,,,,,,,,,,,,,,,,,,,,,,,,,,,,,,,,,17.28020007109626
73,50,Jarren Duran,BOS,157,1,LEFT,696,620,159,86,16,84,60,24,6,0.256,LF| CF,0.65,-0.531,0.636,1.284,-0.116,1.922,7.191999999999999,5.27,17.24423462069159,,,,,,,,,,,,,,,,,,,,,,,,,,,,,,,,,,,17.24423462069159
74,,,,,,,,,,,,,,,,,,,,,,,,,,,,30,Gavin Williams,CLE,RIGHT,SP,167.66666666666669,31,31,130,62,57,23,83,173,12,5,0,0,0,3.06,1.27,7,6,0.042,0.978,0.908,-0.506,0.943,-0.489,1.833,7.09,17.212547685334993,,17.212547685334993
75,33,Bo Bichette,TOR,139,1,RIGHT,628,582,181,78,18,94,40,4,3,0.311,SS,0.208,-0.33,1.132,-0.619,2.56,2.952,7.177,4.225,17.208269170286922,,,,,,,,,,,,,,,,,,,,,,,,,,,,,,,,,,,17.208269170286922
76,,,,,,,,,,,,,,,,,,,,,,,,,,,,31,Framber Valdez,HOU,LEFT,SP,192.0,31,31,171,82,78,15,68,187,13,11,0,0,0,3.656,1.245,25,3,0.13,1.24,1.215,-0.506,0.187,-0.337,1.798,7.055,17.127577421726148,,17.127577421726148
77,,,,,,,,,,,,,,,,,,,,,,,,,,,,32,Josh Hader,HOU,LEFT,RP,52.66666666666667,0,48,29,16,12,8,16,76,6,2,28,0,0,2.051,0.854,4,0,0.076,-0.597,-1.223,2.046,0.711,0.839,1.776,7.033,17.074167541743442,,17.074167541743442
78,53,Ketel Marte,ARI,126,2,SWITCH,556,480,136,87,28,72,64,4,2,0.283,2B| DH,0.705,0.679,0.04,-0.619,0.995,1.799,7.068999999999999,5.27,16.94931792737331,,,,,,,,,,,,,,,,,,,,,,,,,,,,,,,,,,,16.94931792737331
79,,,,,,,,,,,,,,,,,,,,,,,,,,,,33,Nick Lodolo,CIN,LEFT,SP,156.66666666666666,28,29,138,60,58,22,31,156,9,8,0,0,0,3.332,1.079,14,6,0.089,0.19,0.535,-0.506,0.549,0.903,1.67,6.927,16.816829029099505,,16.816829029099505
80,,,,,,,,,,,,,,,,,,,,,,,,,,,,34,Adrian Morejon,SDN,LEFT,RP,73.66666666666664,0,75,49,23,17,2,17,70,13,6,3,0,0,2.077,0.896,9,1,0.122,1.24,-1.355,-0.233,0.979,1.035,1.666,6.923,16.807118141829925,,16.807118141829925
81,54,Seiya Suzuki,CHN,149,3,RIGHT,642,563,140,75,32,103,70,5,2,0.249,DH| RF,0.042,1.082,1.58,-0.524,-0.474,1.707,6.976999999999999,5.27,16.728729831558013,,,,,,,,,,,,,,,,,,,,,,,,,,,,,,,,,,,16.728729831558013
82,35,Freddie Freeman,LAN,147,3,LEFT,627,556,164,81,24,90,60,6,2,0.295,1B,0.374,0.276,0.934,-0.429,1.696,2.85,6.965,4.115,16.699957471234278,,,,,,,,,,,,,,,,,,,,,,,,,,,,,,,,,,,16.699957471234278
83,24,Christian Yelich,MIL,150,3,LEFT,644,573,151,88,29,103,64,16,6,0.264,DH,0.76,0.78,1.58,0.523,0.234,3.876,6.96225,3.08625,16.693363805326758,,,,,,,,,,,,,,,,,,,,,,,,,,,,,,,,,,,16.693363805326758
84,,,,,,,,,,,,,,,,,,,,,,,,,,,,35,Carlos Estevez,KCA,RIGHT,RP,66.0,0,67,48,22,18,5,22,54,4,5,42,0,0,2.454,1.061,0,1,0.0,-1.121,-1.706,3.322,0.683,0.435,1.612,6.869,16.67602116369056,,16.67602116369056
85,69,William Contreras,MIL,150,3,RIGHT,659,566,147,89,17,76,84,6,4,0.26,CC| DH,0.816,-0.43,0.238,-0.429,0.05,0.244,6.924,6.68,16.601651906794853,,,,,,,,,,,,,,,,,,,,,,,,,,,,,,,,,,,16.601651906794853
86,,,,,,,,,,,,,,,,,,,,,,,,,,,,36,Sonny Gray,SLN,RIGHT,SP,180.66666666666663,32,32,185,93,86,25,38,201,14,8,0,0,0,4.284,1.234,11,10,0.061,1.502,1.523,-0.506,-0.709,-0.232,1.578,6.835,16.59347862189911,,16.59347862189911
87,,,,,,,,,,,,,,,,,,,,,,,,,,,,37,David Bednar,NYA| PIT,RIGHT,RP,62.66666666666666,0,64,46,18,16,4,19,86,6,5,27,0,0,2.298,1.037,7,2,0.112,-0.597,-1.003,1.955,0.725,0.479,1.559,6.816,16.54735190736859,,16.54735190736859
88,,,,,,,,,,,,,,,,,,,,,,,,,,,,38,Robbie Ray,SFN,LEFT,SP,182.3333333333333,32,32,148,81,74,22,73,186,11,8,0,0,0,3.653,1.212,20,10,0.11,0.715,1.194,-0.506,0.182,-0.05,1.535,6.792,16.489086583751096,,16.489086583751096
89,55,Taylor Ward,ANA,157,4,RIGHT,663,579,132,86,36,103,75,4,1,0.228,LF,0.65,1.486,1.58,-0.619,-1.494,1.602,6.872,5.27,16.476971678725334,,,,,,,,,,,,,,,,,,,,,,,,,,,,,,,,,,,16.476971678725334
90,,,,,,,,,,,,,,,,,,,,,,,,,,,,39,Ranger Suarez,PHI,LEFT,SP,157.33333333333334,26,26,154,57,56,14,38,151,12,8,0,0,0,3.203,1.22,6,4,0.038,0.978,0.425,-0.506,0.709,-0.102,1.502,6.759,16.40897176377704,,16.40897176377704
91,38,Gunnar Henderson,BAL,154,3,LEFT,651,577,158,85,17,68,62,30,5,0.274,SS,0.595,-0.43,-0.159,1.855,0.735,2.595,6.82,4.225,16.35229145065582,,,,,,,,,,,,,,,,,,,,,,,,,,,,,,,,,,,16.35229145065582
92,,,,,,,,,,,,,,,,,,,,,,,,,,,,40,Cade Smith,CLE,RIGHT,RP,73.66666666666669,0,76,55,31,24,4,19,104,8,5,16,0,0,2.932,1.004,1,1,0.014,-0.072,-0.608,0.952,0.488,0.672,1.432,6.689,16.23903123655935,,16.23903123655935
93,,,,,,,,,,,,,,,,,,,,,,,,,,,,41,Luis Castillo,SEA,RIGHT,SP,180.66666666666669,32,32,168,76,71,23,46,162,11,8,0,0,0,3.537,1.185,13,5,0.072,0.715,0.666,-0.506,0.344,0.176,1.395,6.651999999999999,16.149205529315708,,16.149205529315708
94,,,,,,,,,,,,,,,,,,,,,,,,,,,,42,Jeff Hoffman,TOR,RIGHT,RP,67.99999999999999,0,71,54,34,33,15,27,84,9,7,33,0,0,4.368,1.191,7,2,0.103,0.19,-1.047,2.502,-0.311,0.046,1.38,6.637,16.112789702054773,,16.112789702054773
95,,,,,,,,,,,,,,,,,,,,,,,,,,,,43,Hunter Greene,CIN,RIGHT,SP,107.66666666666664,19,19,75,35,33,15,26,132,7,4,0,0,0,2.759,0.938,9,3,0.084,-0.334,0.007,-0.506,0.858,1.307,1.332,6.589,15.996259054819784,,15.996259054819784
96,41,Yandy Diaz,TBA,150,1,RIGHT,651,583,175,79,25,83,57,3,1,0.3,DH| 1B,0.263,0.376,0.586,-0.714,2.034,2.545,6.66,4.115,15.968659979672692,,,,,,,,,,,,,,,,,,,,,,,,,,,,,,,,,,,15.968659979672692
97,57,Jose Altuve,HOU,155,3,RIGHT,654,588,156,80,26,77,55,10,6,0.265,LF| 2B| DH,0.319,0.477,0.288,-0.048,0.328,1.363,6.632999999999999,5.27,15.903922168944288,,,,,,,,,,,,,,,,,,,,,,,,,,,,,,,,,,,15.903922168944288
98,,,,,,,,,,,,,,,,,,,,,,,,,,,,44,Ryan Pepiot,TBA,RIGHT,SP,167.66666666666666,31,31,134,77,72,26,61,167,11,12,0,0,0,3.865,1.163,16,8,0.095,0.715,0.776,-0.506,-0.11,0.326,1.202,6.459,15.680655218558352,,15.680655218558352
99,,,,,,,,,,,,,,,,,,,,,,,,,,,,45,Logan Gilbert,SEA,RIGHT,SP,131.0,25,25,104,53,50,20,31,173,6,6,0,0,0,3.435,1.03,10,2,0.076,-0.597,0.908,-0.506,0.353,1.041,1.199,6.456,15.673372053106164,,15.673372053106164
100,44,Vinnie Pasquantino,KCA,160,3,LEFT,682,621,164,72,32,113,49,1,0,0.264,DH| 1B,-0.123,1.082,2.076,-0.905,0.283,2.413,6.5280000000000005,4.115,15.652164016111612,,,,,,,,,,,,,,,,,,,,,,,,,,,,,,,,,,,15.652164016111612
101,,,,,,,,,,,,,,,,,,,,,,,,,,,,46,Cade Horton,CHN,RIGHT,SP,118.0,22,23,95,40,35,10,33,97,11,4,0,0,0,2.67,1.085,8,7,0.068,0.715,-0.762,-0.506,1.023,0.648,1.118,6.375,15.47672658589712,,15.47672658589712
102,,,,,,,,,,,,,,,,,,,,,,,,,,,,47,Brady Singer,CIN,RIGHT,SP,169.66666666666666,32,32,150,80,76,19,60,163,14,12,0,0,0,4.031,1.238,14,4,0.083,1.502,0.688,-0.506,-0.331,-0.244,1.109,6.366,15.45487708954056,,15.45487708954056
103,,,,,,,,,,,,,,,,,,,,,,,,,,,,48,Quinn Priester,MIL,RIGHT,SP| RP,157.33333333333331,24,29,145,62,58,18,50,132,13,3,0,0,0,3.318,1.239,7,5,0.044,1.24,0.007,-0.506,0.568,-0.238,1.071,6.327999999999999,15.362623660479525,,15.362623660479525
104,,,,,,,,,,,,,,,,,,,,,,,,,,,,49,Emilio Pagan,CIN,RIGHT,RP,68.66666666666667,0,70,41,26,22,10,22,81,2,4,32,0,0,2.884,0.917,3,1,0.044,-1.646,-1.113,2.411,0.481,0.897,1.03,6.287,15.263087065966303,,15.263087065966303
105,62,Brandon Lowe,TBA,134,2,LEFT,553,507,130,79,31,83,38,3,2,0.256,2B,0.263,0.982,0.586,-0.714,-0.097,1.02,6.289999999999999,5.27,15.081512203024207,,,,,,,,,,,,,,,,,,,,,,,,,,,,,,,,,,,15.081512203024207
106,48,CJ Abrams,WAS,144,1,LEFT,635,580,149,92,19,60,37,31,3,0.257,SS,0.981,-0.229,-0.556,1.95,-0.087,2.06,6.285,4.225,15.069523719555988,,,,,,,,,,,,,,,,,,,,,,,,,,,,,,,,,,,15.069523719555988
107,,,,,,,,,,,,,,,,,,,,,,,,,,,,50,Kenley Jansen,ANA,RIGHT,RP,59.0,0,62,37,18,17,8,19,57,5,4,29,0,0,2.593,0.949,13,0,0.22,-0.859,-1.64,2.137,0.546,0.686,0.871,6.128,14.8770792970004,,14.8770792970004
108,,,,,,,,,,,,,,,,,,,,,,,,,,,,51,Shota Imanaga,CHN,LEFT,SP,144.66666666666666,25,25,117,62,60,31,26,117,9,8,0,0,0,3.733,0.989,2,3,0.014,0.19,-0.322,-0.506,0.054,1.426,0.842,6.098999999999999,14.806675364295923,,14.806675364295923
109,64,Ramon Laureano,BAL| SDN,129,5,RIGHT,488,441,124,72,24,76,35,7,4,0.281,RF| LF,-0.123,0.276,0.238,-0.334,0.834,0.891,6.161,5.27,14.772209329544062,,,,,,,,,,,,,,,,,,,,,,,,,,,,,,,,,,,14.772209329544062
110,,,,,,,,,,,,,,,,,,,,,,,,,,,,52,Noah Cameron,KCA,LEFT,SP,138.33333333333331,24,24,109,46,46,18,43,114,9,7,0,0,0,2.993,1.099,2,2,0.014,0.19,-0.388,-0.506,0.85,0.672,0.818,6.074999999999999,14.748410040678433,,14.748410040678433
111,65,Sal Frelick,MIL,141,1,LEFT,594,528,152,76,12,63,47,19,6,0.288,RF,0.098,-0.935,-0.407,0.808,1.296,0.86,6.13,5.27,14.697880732041082,,,,,,,,,,,,,,,,,,,,,,,,,,,,,,,,,,,14.697880732041082
112,49,Michael Busch,CHN,152,1,LEFT,585,518,137,78,34,90,55,3,0,0.264,1B,0.208,1.284,0.934,-0.714,0.253,1.964,6.079000000000001,4.115,14.57559820066521,,,,,,,,,,,,,,,,,,,,,,,,,,,,,,,,,,,14.57559820066521
113,52,Zach Neto,ANA,128,1,RIGHT,554,502,129,82,26,62,33,26,9,0.257,SS,0.429,0.477,-0.457,1.474,-0.072,1.852,6.077,4.225,14.57080280727792,,,,,,,,,,,,,,,,,,,,,,,,,,,,,,,,,,,14.57080280727792
114,,,,,,,,,,,,,,,,,,,,,,,,,,,,53,Zack Littell,CIN| TBA,RIGHT,SP,186.66666666666663,32,32,174,81,79,36,32,130,10,8,0,0,0,3.809,1.104,16,5,0.086,0.453,-0.037,-0.506,-0.041,0.866,0.735,5.992,14.546909129834596,,14.546909129834596
115,,,,,,,,,,,,,,,,,,,,,,,,,,,,54,Trevor Megill,MIL,RIGHT,RP,47.0,0,50,36,16,13,3,17,60,6,3,30,0,0,2.489,1.128,9,0,0.191,-0.597,-1.574,2.228,0.473,0.167,0.698,5.955,14.457083422590957,,14.457083422590957
116,,,,,,,,,,,,,,,,,,,,,,,,,,,,55,Raisel Iglesias,ATL,RIGHT,RP,67.33333333333334,0,70,51,25,24,8,16,73,4,6,29,0,0,3.208,0.995,5,1,0.074,-1.121,-1.289,2.137,0.301,0.643,0.671,5.928,14.391534933521276,,14.391534933521276
117,,,,,,,,,,,,,,,,,,,,,,,,,,,,56,Ryne Nelson,ARI,RIGHT,SP| RP,154.0,23,33,124,62,58,17,41,132,7,3,1,0,0,3.39,1.071,1,1,0.006,-0.334,0.007,-0.415,0.47,0.939,0.667,5.924,14.381824046251692,,14.381824046251692
118,66,Jo Adell,ANA,149,5,RIGHT,573,526,124,62,37,98,33,5,1,0.236,CF| RF,-0.676,1.587,1.331,-0.524,-1.014,0.704,5.973999999999999,5.27,14.32384004783253,,,,,,,,,,,,,,,,,,,,,,,,,,,,,,,,,,,14.32384004783253
119,87,Ben Rice,NYA,136,2,LEFT,530,467,119,74,26,65,50,3,2,0.255,DH| 1B| CC,-0.013,0.477,-0.308,-0.714,-0.151,-0.71,5.97,6.68,14.314249261057952,,,,,,,,,,,,,,,,,,,,,,,,,,,,,,,,,,,14.314249261057952
120,,,,,,,,,,,,,,,,,,,,,,,,,,,,57,Casey Mize,DET,RIGHT,SP,149.00000000000003,28,28,153,68,64,21,36,139,14,6,0,0,0,3.866,1.268,11,7,0.074,1.502,0.161,-0.506,-0.098,-0.422,0.637,5.894,14.308992391729824,,14.308992391729824
121,56,Jeremy Pena,HOU,125,1,RIGHT,543,493,150,68,17,62,35,20,2,0.304,SS,-0.344,-0.43,-0.457,0.903,1.889,1.561,5.786,4.225,13.873073069427356,,,,,,,,,,,,,,,,,,,,,,,,,,,,,,,,,,,13.873073069427356
122,,,,,,,,,,,,,,,,,,,,,,,,,,,,58,Jameson Taillon,CHN,RIGHT,SP,129.66666666666666,23,23,110,54,53,24,27,98,11,7,0,0,0,3.679,1.057,10,5,0.077,0.715,-0.74,-0.506,0.103,0.878,0.451,5.707999999999999,13.857436133694236,,13.857436133694236
123,,,,,,,,,,,,,,,,,,,,,,,,,,,,59,Spencer Schwellenbach,ATL,RIGHT,SP,110.66666666666669,17,17,89,44,38,13,18,108,7,4,0,0,0,3.09,0.967,3,2,0.027,-0.334,-0.52,-0.506,0.596,1.199,0.434,5.691,13.816164862798512,,13.816164862798512
124,91,Salvador Perez,KCA,155,5,RIGHT,641,597,141,54,30,100,28,0,0,0.236,CC| 1B| DH,-1.117,0.881,1.431,-1.0,-1.129,-0.935,5.744999999999999,6.68,13.774767504987928,,,,,,,,,,,,,,,,,,,,,,,,,,,,,,,,,,,13.774767504987928
125,,,,,,,,,,,,,,,,,,,,,,,,,,,,60,Brayan Bello,BOS,RIGHT,SP,166.66666666666666,28,29,147,71,62,16,59,124,11,9,0,0,0,3.348,1.236,16,6,0.096,0.715,-0.168,-0.506,0.563,-0.227,0.377,5.634,13.67778471920696,,13.67778471920696
126,,,,,,,,,,,,,,,,,,,,,,,,,,,,61,Mason Miller,ATH| SDN,RIGHT,RP,61.66666666666667,0,60,28,19,18,5,28,104,1,2,22,0,0,2.627,0.908,4,2,0.065,-1.909,-0.608,1.499,0.555,0.832,0.37,5.627,13.660790666485193,,13.660790666485193
127,67,Trent Grisham,NYA,138,1,LEFT,581,494,116,87,34,74,82,3,2,0.235,CF,0.705,1.284,0.139,-0.714,-0.991,0.423,5.693,5.27,13.650087276918413,,,,,,,,,,,,,,,,,,,,,,,,,,,,,,,,,,,13.650087276918413
128,,,,,,,,,,,,,,,,,,,,,,,,,,,,62,Kris Bubic,KCA,LEFT,SP,116.33333333333334,20,20,98,38,33,6,39,116,8,7,0,0,0,2.553,1.178,2,3,0.017,-0.072,-0.344,-0.506,1.114,0.149,0.341,5.598,13.590386733780718,,13.590386733780718
129,,,,,,,,,,,,,,,,,,,,,,,,,,,,63,Ronny Henriquez,MIA,RIGHT,RP,72.99999999999999,0,69,53,23,18,8,27,98,7,1,7,0,0,2.219,1.096,17,0,0.233,-0.334,-0.74,0.132,0.889,0.364,0.311,5.568,13.517555079258848,,13.517555079258848
130,,,,,,,,,,,,,,,,,,,,,,,,,,,,64,Tanner Bibee,CLE,RIGHT,SP,182.3333333333333,31,31,170,93,86,27,54,162,12,11,0,0,0,4.245,1.228,17,4,0.093,0.978,0.666,-0.506,-0.66,-0.186,0.292,5.549,13.471428364728332,,13.471428364728332
131,98,Agustin Ramirez,MIA,136,2,RIGHT,585,537,124,72,21,67,36,16,3,0.231,CC| DH,-0.123,-0.027,-0.209,0.523,-1.253,-1.09,5.59,6.68,13.403124517473024,,,,,,,,,,,,,,,,,,,,,,,,,,,,,,,,,,,13.403124517473024
132,68,Steven Kwan,CLE,156,1,LEFT,693,625,170,81,11,56,55,21,5,0.272,LF,0.374,-1.036,-0.755,0.999,0.7,0.282,5.552,5.27,13.312012043114532,,,,,,,,,,,,,,,,,,,,,,,,,,,,,,,,,,,13.312012043114532
133,,,,,,,,,,,,,,,,,,,,,,,,,,,,65,Dennis Santana,PIT,RIGHT,RP,70.33333333333333,0,70,44,18,17,5,17,60,4,5,16,0,0,2.175,0.867,3,3,0.043,-1.121,-1.574,0.952,0.881,1.079,0.216,5.473,13.286921506606264,,13.286921506606264
134,59,Mookie Betts,LAN,150,2,RIGHT,663,589,152,95,20,82,61,8,2,0.258,SS,1.147,-0.128,0.536,-0.239,-0.03,1.287,5.512,4.225,13.216104175368748,,,,,,,,,,,,,,,,,,,,,,,,,,,,,,,,,,,13.216104175368748
135,,,,,,,,,,,,,,,,,,,,,,,,,,,,66,Will Vest,DET,RIGHT,RP,68.66666666666667,0,64,61,26,23,4,22,75,6,5,23,0,0,3.015,1.209,2,0,0.029,-0.597,-1.245,1.59,0.41,-0.009,0.151,5.408,13.129119588475548,,13.129119588475548
136,70,Kyle Stowers,MIA,116,5,LEFT,457,399,115,61,25,73,48,5,1,0.288,LF| RF,-0.731,0.376,0.089,-0.524,0.991,0.202,5.472,5.27,13.120196307622969,,,,,,,,,,,,,,,,,,,,,,,,,,,,,,,,,,,13.120196307622969
137,60,Willy Adames,SFN,160,2,RIGHT,686,591,133,94,30,87,80,12,4,0.225,SS,1.092,0.881,0.785,0.142,-1.671,1.228,5.452999999999999,4.225,13.07464007044372,,,,,,,,,,,,,,,,,,,,,,,,,,,,,,,,,,,13.07464007044372
138,,,,,,,,,,,,,,,,,,,,,,,,,,,,67,Pete Fairbanks,TBA,RIGHT,RP,60.333333333333336,0,61,45,22,19,7,18,59,4,5,27,0,0,2.834,1.044,8,4,0.133,-1.121,-1.596,1.955,0.445,0.442,0.125,5.382,13.065998821223262,,13.065998821223262
139,,,,,,,,,,,,,,,,,,,,,,,,,,,,68,Shawn Armstrong,TEX,RIGHT,RP,74.00000000000001,2,71,40,21,19,5,20,74,4,3,9,0,0,2.311,0.811,4,0,0.054,-1.121,-1.267,0.314,0.848,1.325,0.099,5.356,13.002878053970976,,13.002878053970976
140,101,Drake Baldwin,ATL,123,4,LEFT,446,405,111,56,19,80,38,0,0,0.274,CC,-1.007,-0.229,0.437,-1.0,0.524,-1.274,5.406,6.68,12.961948325842428,,,,,,,,,,,,,,,,,,,,,,,,,,,,,,,,,,,12.961948325842428
141,61,Dansby Swanson,CHN,157,5,RIGHT,638,584,142,83,24,76,46,20,3,0.243,SS,0.484,0.276,0.238,0.903,-0.762,1.139,5.364,4.225,12.861245064709356,,,,,,,,,,,,,,,,,,,,,,,,,,,,,,,,,,,12.861245064709356
142,71,Jorge Polanco,SEA,137,6,SWITCH,524,471,125,64,26,78,42,6,3,0.265,2B| DH,-0.565,0.477,0.338,-0.429,0.266,0.087,5.356999999999999,5.27,12.844461187853843,,,,,,,,,,,,,,,,,,,,,,,,,,,,,,,,,,,12.844461187853843
143,,,,,,,,,,,,,,,,,,,,,,,,,,,,69,Clay Holmes,NYN,RIGHT,SP,165.66666666666666,31,33,150,74,65,14,66,129,12,8,0,0,0,3.531,1.304,8,7,0.048,0.978,-0.059,-0.506,0.323,-0.734,0.001,5.258,12.764961315866206,,12.764961315866206
144,,,,,,,,,,,,,,,,,,,,,,,,,,,,70,Eric Lauer,TOR,LEFT,SP| RP,104.66666666666666,15,28,90,39,37,15,26,102,9,2,0,0,0,3.182,1.108,9,2,0.086,0.19,-0.652,-0.506,0.489,0.463,-0.015,5.242,12.726117766787876,,12.726117766787876
145,,,,,,,,,,,,,,,,,,,,,,,,,,,,71,Edward Cabrera,MIA,RIGHT,SP,137.66666666666666,26,26,121,60,54,17,48,150,8,7,0,0,0,3.53,1.228,35,4,0.254,-0.072,0.403,-0.506,0.269,-0.135,-0.041,5.215999999999999,12.662996999535588,,12.662996999535588
146,73,Ceddanne Rafaela,BOS,151,9,RIGHT,587,546,136,83,16,63,28,20,5,0.249,CF| 2B,0.484,-0.531,-0.407,0.903,-0.44,0.009,5.279,5.27,12.657440845749573,,,,,,,,,,,,,,,,,,,,,,,,,,,,,,,,,,,12.657440845749573
147,74,Ian Happ,CHN,148,1,SWITCH,654,562,136,87,23,78,85,6,3,0.242,LF,0.705,0.175,0.338,-0.429,-0.788,0.0,5.27,5.27,12.635861575506768,,,,,,,,,,,,,,,,,,,,,,,,,,,,,,,,,,,12.635861575506768
148,105,Will Smith,LAN,108,4,RIGHT,427,358,105,62,17,60,59,2,3,0.293,CC,-0.676,-0.43,-0.556,-0.81,1.042,-1.43,5.25,6.68,12.587907641633878,,,,,,,,,,,,,,,,,,,,,,,,,,,,,,,,,,,12.587907641633878
149,75,Michael Harris,ATL,159,8,LEFT,641,611,152,55,20,86,16,20,6,0.249,CF,-1.062,-0.128,0.735,0.903,-0.509,-0.06,5.21,5.27,12.491999773888097,,,,,,,,,,,,,,,,,,,,,,,,,,,,,,,,,,,12.491999773888097
150,,,,,,,,,,,,,,,,,,,,,,,,,,,,72,Jeffrey Springs,ATH,LEFT,SP,171.0,30,32,153,90,78,28,54,138,11,11,0,0,0,4.105,1.21,20,3,0.117,0.715,0.139,-0.506,-0.432,-0.035,-0.12,5.137,12.471206975961334,,12.471206975961334
151,76,Wyatt Langford,TEX,133,2,RIGHT,573,489,118,73,22,62,74,22,6,0.241,LF| CF,-0.068,0.074,-0.457,1.094,-0.714,-0.072,5.198,5.27,12.46322741356436,,,,,,,,,,,,,,,,,,,,,,,,,,,,,,,,,,,12.46322741356436
152,77,Heliot Ramos,SFN,157,1,RIGHT,695,620,159,85,21,69,52,6,4,0.256,LF,0.595,-0.027,-0.109,-0.429,-0.116,-0.087,5.183,5.27,12.427261963159694,,,,,,,,,,,,,,,,,,,,,,,,,,,,,,,,,,,12.427261963159694
153,78,Lawrence Butler,ATH,149,1,LEFT,630,569,133,82,21,63,59,22,7,0.234,RF| CF,0.429,-0.027,-0.407,1.094,-1.193,-0.104,5.166,5.27,12.386501119367736,,,,,,,,,,,,,,,,,,,,,,,,,,,,,,,,,,,12.386501119367736
154,,,,,,,,,,,,,,,,,,,,,,,,,,,,73,Dean Kremer,BAL,RIGHT,SP,171.66666666666666,29,31,163,83,80,22,45,142,11,10,0,0,0,4.194,1.212,5,2,0.029,0.715,0.227,-0.506,-0.553,-0.044,-0.161,5.096,12.371670381448114,,12.371670381448114
155,,,,,,,,,,,,,,,,,,,,,,,,,,,,74,Chris Bassitt,TOR,RIGHT,SP,170.33333333333331,31,32,174,80,75,22,52,166,11,9,0,0,0,3.963,1.327,14,3,0.082,0.715,0.754,-0.506,-0.241,-0.932,-0.211,5.045999999999999,12.250284290578332,,12.250284290578332
156,,,,,,,,,,,,,,,,,,,,,,,,,,,,75,George Kirby,SEA,RIGHT,SP,126.0,23,23,121,60,59,15,29,137,10,8,0,0,0,4.214,1.19,9,3,0.071,0.453,0.117,-0.506,-0.426,0.089,-0.274,4.983,12.097337816082408,,12.097337816082408
157,,,,,,,,,,,,,,,,,,,,,,,,,,,,76,Jack Leiter,TEX,RIGHT,SP,151.66666666666663,29,29,127,69,65,18,67,148,10,10,0,0,0,3.857,1.279,17,1,0.112,0.453,0.359,-0.506,-0.09,-0.502,-0.287,4.97,12.065777432456263,,12.065777432456263
158,63,Bryce Harper,PHI,132,3,LEFT,580,501,131,72,27,75,70,12,2,0.261,1B,-0.123,0.578,0.189,0.142,0.118,0.904,5.019,4.115,12.034039705401987,,,,,,,,,,,,,,,,,,,,,,,,,,,,,,,,,,,12.034039705401987
159,,,,,,,,,,,,,,,,,,,,,,,,,,,,77,Colin Rea,CHN,RIGHT,SP| RP,159.33333333333334,27,32,155,73,70,20,44,127,11,7,1,0,0,3.954,1.249,7,4,0.044,0.715,-0.103,-0.415,-0.215,-0.31,-0.328,4.928999999999999,11.966240837943042,,11.966240837943042
160,,,,,,,,,,,,,,,,,,,,,,,,,,,,78,Abner Uribe,MIL,RIGHT,RP,75.33333333333331,0,75,51,18,14,4,27,90,3,2,7,0,0,1.673,1.035,0,1,0.0,-1.384,-0.915,0.132,1.239,0.582,-0.347,4.91,11.920114123412528,,11.920114123412528
161,79,Mickey Moniak,COL,132,2,LEFT,461,434,117,62,24,68,22,9,2,0.27,RF| CF,-0.676,0.276,-0.159,-0.143,0.398,-0.304,4.965999999999999,5.27,11.906961780638824,,,,,,,,,,,,,,,,,,,,,,,,,,,,,,,,,,,11.906961780638824
162,,,,,,,,,,,,,,,,,,,,,,,,,,,,79,Zac Gallen,ARI,RIGHT,SP,192.0,33,33,176,109,103,31,66,175,13,15,0,0,0,4.828,1.26,14,3,0.073,1.24,0.952,-0.506,-1.568,-0.473,-0.356,4.901,11.898264627055966,,11.898264627055966
163,80,Teoscar Hernandez,LAN,132,4,RIGHT,537,503,125,64,25,88,25,5,2,0.249,RF,-0.565,0.376,0.834,-0.524,-0.43,-0.308,4.962,5.27,11.897370993864248,,,,,,,,,,,,,,,,,,,,,,,,,,,,,,,,,,,11.897370993864248
164,,,,,,,,,,,,,,,,,,,,,,,,,,,,80,Garrett Whitlock,BOS,RIGHT,RP,71.99999999999999,0,62,54,21,18,2,24,91,7,3,1,0,0,2.25,1.083,7,3,0.097,-0.334,-0.893,-0.415,0.86,0.4,-0.383,4.874,11.832716137986283,,11.832716137986283
165,,,,,,,,,,,,,,,,,,,,,,,,,,,,81,Michael Wacha,KCA,RIGHT,SP,172.6666666666666,31,31,166,74,74,15,45,126,10,13,0,0,0,3.857,1.222,2,0,0.012,0.453,-0.124,-0.506,-0.103,-0.125,-0.406,4.851,11.776878536186183,,11.776878536186183
166,,,,,,,,,,,,,,,,,,,,,,,,,,,,82,Lucas Giolito,BOS,RIGHT,SP,144.99999999999997,26,26,131,62,55,17,56,121,10,4,0,0,0,3.414,1.29,12,5,0.083,0.453,-0.234,-0.506,0.415,-0.549,-0.422,4.835,11.738034987107856,,11.738034987107856
167,82,Bryson Stott,PHI,145,8,LEFT,560,499,128,65,13,66,54,24,5,0.257,2B,-0.51,-0.834,-0.258,1.284,-0.091,-0.409,4.861,5.27,11.655203627806149,,,,,,,,,,,,,,,,,,,,,,,,,,,,,,,,,,,11.655203627806149
168,,,,,,,,,,,,,,,,,,,,,,,,,,,,83,Edwin Uceta,TBA,RIGHT,RP,75.99999999999999,0,70,62,33,32,11,27,103,10,3,1,0,0,3.789,1.171,10,2,0.132,0.453,-0.63,-0.415,-0.005,0.12,-0.477,4.779999999999999,11.604510287151095,,11.604510287151095
169,83,Xavier Edwards,MIA,138,1,SWITCH,619,561,159,75,3,43,49,27,7,0.283,SS| 2B,0.042,-1.842,-1.401,1.57,1.167,-0.464,4.805999999999999,5.27,11.523330309655696,,,,,,,,,,,,,,,,,,,,,,,,,,,,,,,,,,,11.523330309655696
170,,,,,,,,,,,,,,,,,,,,,,,,,,,,84,Clayton Kershaw,LAN,LEFT,SP,112.66666666666669,22,23,102,46,42,8,35,84,11,2,0,0,0,3.355,1.216,0,1,0.0,0.715,-1.047,-0.506,0.374,-0.051,-0.515,4.742,11.512256858090062,,11.512256858090062
171,,,,,,,,,,,,,,,,,,,,,,,,,,,,85,Shane Smith,CHA,RIGHT,SP,146.33333333333334,29,29,117,70,62,17,58,145,7,8,0,0,0,3.813,1.196,14,1,0.096,-0.334,0.293,-0.506,-0.037,0.067,-0.518,4.739,11.504973692637876,,11.504973692637876
172,124,Alejandro Kirk,TOR,130,5,RIGHT,506,451,127,45,15,76,48,1,0,0.282,CC,-1.614,-0.632,0.238,-0.905,0.869,-2.044,4.635999999999999,6.68,11.115721871736124,,,,,,,,,,,,,,,,,,,,,,,,,,,,,,,,,,,11.115721871736124
173,,,,,,,,,,,,,,,,,,,,,,,,,,,,86,Dylan Cease,SDN,RIGHT,SP,168.0,32,32,152,91,85,21,71,215,8,12,0,0,0,4.554,1.327,12,4,0.071,-0.072,1.831,-0.506,-1.012,-0.924,-0.684,4.573,11.1019718709502,,11.1019718709502
174,,,,,,,,,,,,,,,,,,,,,,,,,,,,87,Emmet Sheehan,LAN,RIGHT,SP| RP,73.33333333333333,12,15,49,29,23,7,22,89,6,3,0,0,0,2.823,0.968,0,3,0.0,-0.597,-0.937,-0.506,0.548,0.79,-0.702,4.555,11.05827287823708,,11.05827287823708
175,,,,,,,,,,,,,,,,,,,,,,,,,,,,88,Kyle Finnegan,DET| WAS,RIGHT,RP,57.00000000000001,0,56,45,24,22,4,18,55,4,4,24,0,0,3.474,1.105,6,4,0.105,-1.121,-1.684,1.681,0.137,0.26,-0.727,4.529999999999999,10.997579832802188,,10.997579832802188
176,,,,,,,,,,,,,,,,,,,,,,,,,,,,89,Brandon Woodruff,MIL,RIGHT,SP,64.66666666666666,12,12,45,26,23,9,14,83,7,2,0,0,0,3.201,0.912,6,0,0.093,-0.334,-1.069,-0.506,0.292,0.86,-0.757,4.5,10.92474817828032,,10.92474817828032
177,88,Ronald Acuna,ATL,95,3,RIGHT,412,338,98,74,21,42,71,9,1,0.29,RF,-0.013,-0.027,-1.451,-0.143,0.888,-0.746,4.523999999999999,5.27,10.847179842047934,,,,,,,,,,,,,,,,,,,,,,,,,,,,,,,,,,,10.847179842047934
178,,,,,,,,,,,,,,,,,,,,,,,,,,,,90,Jason Adam,SDN,RIGHT,RP,65.33333333333333,0,65,50,18,14,4,25,70,8,4,0,0,0,1.929,1.148,12,1,0.184,-0.072,-1.355,-0.506,0.944,0.172,-0.818,4.439,10.776657147419188,,10.776657147419188
179,89,Alec Burleson,SLN,138,3,LEFT,546,497,144,54,18,69,39,5,1,0.29,DH| 1B| LF| RF,-1.117,-0.33,-0.109,-0.524,1.298,-0.783,4.486999999999999,5.27,10.758465064383088,,,,,,,,,,,,,,,,,,,,,,,,,,,,,,,,,,,10.758465064383088
180,130,Yainer Diaz,HOU,143,6,RIGHT,567,542,139,56,20,70,20,1,1,0.256,CC| DH,-1.007,-0.128,-0.06,-0.905,-0.101,-2.2,4.48,6.68,10.741681187527576,,,,,,,,,,,,,,,,,,,,,,,,,,,,,,,,,,,10.741681187527576
181,,,,,,,,,,,,,,,,,,,,,,,,,,,,91,Bryan Abreu,HOU,RIGHT,RP,71.0,0,70,51,18,18,4,31,105,3,4,7,0,0,2.282,1.155,10,2,0.141,-1.384,-0.586,0.132,0.83,0.164,-0.844,4.412999999999999,10.7135363801669,,10.7135363801669
182,,,,,,,,,,,,,,,,,,,,,,,,,,,,92,Emmanuel Clase,CLE,RIGHT,RP,47.333333333333336,0,48,46,20,17,2,12,47,5,3,24,0,0,3.232,1.225,7,1,0.148,-0.859,-1.86,1.681,0.202,-0.041,-0.876,4.380999999999999,10.63584928201024,,10.63584928201024
183,,,,,,,,,,,,,,,,,,,,,,,,,,,,93,Brad Keller,CHN,RIGHT,RP,69.66666666666667,1,68,45,18,16,4,22,75,4,2,3,0,0,2.067,0.962,0,0,0.0,-1.121,-1.245,-0.233,0.931,0.771,-0.897,4.359999999999999,10.584867123844932,,10.584867123844932
184,90,Gleyber Torres,DET,145,2,RIGHT,628,532,136,79,16,74,85,4,1,0.256,2B,0.263,-0.531,0.139,-0.619,-0.136,-0.884,4.385999999999999,5.27,10.516297698324989,,,,,,,,,,,,,,,,,,,,,,,,,,,,,,,,,,,10.516297698324989
185,,,,,,,,,,,,,,,,,,,,,,,,,,,,94,Jack Flaherty,DET,RIGHT,SP,161.0,31,31,147,85,83,23,59,188,8,15,0,0,0,4.64,1.28,7,2,0.043,-0.072,1.237,-0.506,-1.078,-0.536,-0.955,4.302,10.444059258435985,,10.444059258435985
186,92,Otto Lopez,MIA,142,3,RIGHT,594,544,134,66,15,77,44,15,6,0.246,2B| SS,-0.455,-0.632,0.288,0.428,-0.565,-0.936,4.334,5.27,10.391617470255472,,,,,,,,,,,,,,,,,,,,,,,,,,,,,,,,,,,10.391617470255472
187,93,TJ Friedl,CIN,151,1,LEFT,685,579,151,82,14,53,81,12,3,0.261,CF,0.429,-0.733,-0.904,0.142,0.103,-0.963,4.307,5.27,10.326879659527068,,,,,,,,,,,,,,,,,,,,,,,,,,,,,,,,,,,10.326879659527068
188,,,,,,,,,,,,,,,,,,,,,,,,,,,,95,Eduard Bazardo,SEA,RIGHT,RP,78.66666666666667,0,73,53,23,22,9,27,82,5,0,0,0,0,2.517,1.017,7,0,0.089,-0.859,-1.091,-0.506,0.775,0.674,-1.007,4.25,10.317817723931414,,10.317817723931414
189,,,,,,,,,,,,,,,,,,,,,,,,,,,,96,Nick Martinez,CIN,RIGHT,SP| RP,165.66666666666669,26,40,158,86,82,22,42,116,11,14,0,0,0,4.455,1.207,12,6,0.072,0.715,-0.344,-0.506,-0.87,-0.009,-1.015,4.242,10.29839594939225,,10.29839594939225
190,94,Ozzie Albies,ATL,157,6,SWITCH,667,603,145,74,16,74,55,14,3,0.24,2B,-0.013,-0.531,0.139,0.332,-0.923,-0.996,4.273999999999999,5.27,10.247755668636795,,,,,,,,,,,,,,,,,,,,,,,,,,,,,,,,,,,10.247755668636795
191,96,Oneil Cruz,PIT,134,1,LEFT,544,471,94,62,20,61,64,38,4,0.2,CF,-0.676,-0.128,-0.507,2.616,-2.34,-1.034,4.236,5.27,10.156643194278306,,,,,,,,,,,,,,,,,,,,,,,,,,,,,,,,,,,10.156643194278306
192,,,,,,,,,,,,,,,,,,,,,,,,,,,,97,Eury Perez,MIA,RIGHT,SP,95.33333333333334,20,20,68,47,45,12,32,105,7,6,0,0,0,4.248,1.049,15,4,0.157,-0.334,-0.586,-0.506,-0.347,0.678,-1.096,4.161,10.101750482183204,,10.101750482183204
193,97,Ryan O'Hearn,BAL| SDN,144,4,LEFT,544,474,133,67,17,63,58,3,1,0.281,DH| 1B| RF,-0.399,-0.43,-0.407,-0.714,0.873,-1.079,4.191,5.27,10.048746843064302,,,,,,,,,,,,,,,,,,,,,,,,,,,,,,,,,,,10.048746843064302
194,72,Spencer Torkelson,DET,155,5,RIGHT,649,563,135,82,31,78,72,2,1,0.24,1B,0.429,0.982,0.338,-0.81,-0.894,0.045,4.16,4.115,9.97441824556132,,,,,,,,,,,,,,,,,,,,,,,,,,,,,,,,,,,9.97441824556132
195,99,Luis Garcia,WAS,138,3,LEFT,526,488,123,67,16,66,27,14,5,0.252,2B,-0.399,-0.531,-0.258,0.332,-0.272,-1.129,4.141,5.27,9.928862008382074,,,,,,,,,,,,,,,,,,,,,,,,,,,,,,,,,,,9.928862008382074
196,,,,,,,,,,,,,,,,,,,,,,,,,,,,98,Tyler Mahle,TEX,RIGHT,SP,86.66666666666667,16,16,69,21,21,5,29,66,6,4,0,0,0,2.181,1.131,2,1,0.023,-0.597,-1.442,-0.506,1.081,0.295,-1.169,4.087999999999999,9.92452678951332,,9.92452678951332
197,,,,,,,,,,,,,,,,,,,,,,,,,,,,99,Devin Williams,NYA,RIGHT,RP,62.0,0,67,45,37,33,5,25,90,4,6,18,0,0,4.79,1.129,12,1,0.194,-1.121,-0.915,1.135,-0.488,0.216,-1.174,4.083,9.912388180426344,,9.912388180426344
198,,,,,,,,,,,,,,,,,,,,,,,,,,,,100,Gabe Speier,SEA,LEFT,RP,61.99999999999999,0,76,43,19,18,5,11,82,4,3,0,0,0,2.613,0.871,9,1,0.145,-1.121,-1.091,-0.506,0.565,0.941,-1.213,4.044,9.817707029547911,,9.817707029547911
199,,,,,,,,,,,,,,,,,,,,,,,,,,,,101,Kodai Senga,NYN,RIGHT,SP,113.33333333333334,22,22,94,44,38,12,55,109,7,6,0,0,0,3.018,1.315,5,6,0.044,-0.334,-0.498,-0.506,0.675,-0.558,-1.222,4.035,9.795857533191354,,9.795857533191354
200,,,,,,,,,,,,,,,,,,,,,,,,,,,,102,Matt Svanson,SLN,RIGHT,RP,60.333333333333336,0,39,33,14,13,3,20,68,4,0,0,0,0,1.939,0.878,1,0,0.017,-1.121,-1.399,-0.506,0.866,0.895,-1.265,3.992,9.691465495043342,,9.691465495043342
201,,,,,,,,,,,,,,,,,,,,,,,,,,,,103,Mike Vasil,CHA,RIGHT,SP| RP,101.0,3,47,74,32,28,8,52,82,5,3,4,0,0,2.495,1.248,24,3,0.238,-0.859,-1.091,-0.142,1.013,-0.19,-1.269,3.988,9.681754607773758,,9.681754607773758
202,100,Lenyn Sosa,CHA,140,6,RIGHT,544,518,137,57,22,75,18,2,1,0.264,2B| 1B,-0.952,0.074,0.189,-0.81,0.253,-1.246,4.023999999999999,5.27,9.64833149522566,,,,,,,,,,,,,,,,,,,,,,,,,,,,,,,,,,,9.64833149522566
203,,,,,,,,,,,,,,,,,,,,,,,,,,,,104,Tyler Glasnow,LAN,RIGHT,SP,90.33333333333331,18,18,56,33,32,10,43,106,4,3,0,0,0,3.188,1.096,10,0,0.111,-1.121,-0.564,-0.506,0.418,0.45,-1.324,3.933,9.548229907817,,9.548229907817
204,,,,,,,,,,,,,,,,,,,,,,,,,,,,105,Aaron Ashby,MIL,LEFT,RP,66.66666666666664,1,43,54,16,16,3,24,76,5,2,3,0,0,2.16,1.17,7,1,0.105,-0.859,-1.223,-0.233,0.843,0.109,-1.363,3.894,9.45354875693857,,9.45354875693857
205,,,,,,,,,,,,,,,,,,,,,,,,,,,,106,Alex Vesia,LAN,LEFT,RP,59.66666666666667,0,68,37,21,20,9,22,80,4,2,5,0,0,3.017,0.989,4,4,0.067,-1.121,-1.135,-0.051,0.356,0.587,-1.364,3.893,9.451121035121174,,9.451121035121174
206,81,Jacob Wilson,ATH,125,2,RIGHT,523,486,151,62,13,63,27,5,2,0.311,SS,-0.676,-0.834,-0.407,-0.524,2.126,-0.316,3.909,4.225,9.372596375456538,,,,,,,,,,,,,,,,,,,,,,,,,,,,,,,,,,,9.372596375456538
207,,,,,,,,,,,,,,,,,,,,,,,,,,,,107,Jose Berrios,TOR,RIGHT,SP,166.00000000000006,30,31,160,86,77,26,56,138,9,5,0,0,0,4.175,1.301,13,3,0.078,0.19,0.139,-0.506,-0.51,-0.716,-1.402,3.855,9.35886760606014,,9.35886760606014
208,,,,,,,,,,,,,,,,,,,,,,,,,,,,108,Steven Okert,HOU,LEFT,RP,71.66666666666669,1,68,45,25,24,6,19,84,3,2,1,0,0,3.014,0.893,8,1,0.112,-1.384,-1.047,-0.415,0.429,1.016,-1.402,3.855,9.35886760606014,,9.35886760606014
209,,,,,,,,,,,,,,,,,,,,,,,,,,,,109,Phil Maton,SLN| TEX,RIGHT,RP,61.33333333333333,0,63,42,21,19,3,23,81,4,5,5,0,0,2.788,1.06,8,1,0.13,-1.121,-1.113,-0.051,0.475,0.406,-1.404,3.853,9.354012162425349,,9.354012162425349
210,,,,,,,,,,,,,,,,,,,,,,,,,,,,110,Adrian Houser,CHA| TBA,RIGHT,SP,125.0,21,21,122,49,46,10,38,92,8,5,0,0,0,3.312,1.28,7,2,0.056,-0.072,-0.871,-0.506,0.457,-0.419,-1.412,3.845,9.334590387886184,,9.334590387886184
211,,,,,,,,,,,,,,,,,,,,,,,,,,,,111,Randy Rodriguez,SFN,RIGHT,RP,50.66666666666666,0,50,34,12,10,4,11,67,3,5,4,0,0,1.776,0.888,7,2,0.138,-1.384,-1.421,-0.142,0.792,0.73,-1.425,3.832,9.30303000426004,,9.30303000426004
212,,,,,,,,,,,,,,,,,,,,,,,,,,,,112,Jose Quintana,MIL,LEFT,SP,131.66666666666666,24,24,120,65,58,18,50,89,11,7,0,0,0,3.965,1.291,9,2,0.068,0.715,-0.937,-0.506,-0.188,-0.508,-1.425,3.832,9.30303000426004,,9.30303000426004
213,102,Ernie Clement,TOR,149,7,RIGHT,588,545,151,83,9,50,27,6,5,0.277,3B| SS| 2B,0.484,-1.237,-1.053,-0.429,0.843,-1.393,3.877,5.27,9.295870081259912,,,,,,,,,,,,,,,,,,,,,,,,,,,,,,,,,,,9.295870081259912
214,103,Jordan Beck,COL,146,4,RIGHT,588,539,139,61,16,53,43,19,8,0.258,LF,-0.731,-0.531,-0.904,0.808,-0.036,-1.394,3.876,5.27,9.293472384566268,,,,,,,,,,,,,,,,,,,,,,,,,,,,,,,,,,,9.293472384566268
215,104,Harrison Bader,MIN| PHI,136,9,RIGHT,501,448,124,59,17,54,39,11,7,0.277,LF| CF,-0.841,-0.43,-0.855,0.047,0.682,-1.397,3.8729999999999993,5.27,9.286279294485334,,,,,,,,,,,,,,,,,,,,,,,,,,,,,,,,,,,9.286279294485334
216,,,,,,,,,,,,,,,,,,,,,,,,,,,,113,Daniel Palencia,CHN,RIGHT,RP,52.66666666666667,0,54,44,19,17,5,16,61,1,6,22,0,0,2.905,1.139,4,0,0.076,-1.909,-1.552,1.499,0.36,0.159,-1.443,3.814,9.25933101154692,,9.25933101154692
217,,,,,,,,,,,,,,,,,,,,,,,,,,,,114,Tyler Rogers,NYN| SFN,RIGHT,RP,77.33333333333334,0,81,66,20,17,4,7,48,4,6,0,0,0,1.978,0.944,5,0,0.065,-1.121,-1.838,-0.506,1.087,0.918,-1.461,3.796,9.215632018833798,,9.215632018833798
218,,,,,,,,,,,,,,,,,,,,,,,,,,,,115,Shane Baz,TBA,RIGHT,SP,166.33333333333334,31,31,158,91,90,26,64,176,10,12,0,0,0,4.87,1.335,20,2,0.12,0.453,0.974,-0.506,-1.412,-0.97,-1.461,3.796,9.215632018833798,,9.215632018833798
219,,,,,,,,,,,,,,,,,,,,,,,,,,,,116,Will Warren,NYA,RIGHT,SP,162.33333333333334,33,33,158,90,80,22,65,171,9,8,0,0,0,4.435,1.374,6,2,0.037,0.19,0.864,-0.506,-0.828,-1.233,-1.514,3.743,9.08696276251183,,9.08696276251183
220,,,,,,,,,,,,,,,,,,,,,,,,,,,,117,Braydon Fisher,TOR,RIGHT,RP,50.000000000000014,1,52,32,15,15,4,19,62,7,0,0,0,0,2.7,1.02,6,1,0.12,-0.334,-1.53,-0.506,0.421,0.421,-1.528,3.729,9.052974657068292,,9.052974657068292
221,,,,,,,,,,,,,,,,,,,,,,,,,,,,118,Bryan King,HOU,LEFT,RP,68.0,0,68,60,21,21,10,11,69,5,4,2,0,0,2.779,1.044,1,0,0.015,-0.859,-1.377,-0.324,0.531,0.499,-1.53,3.727,9.0481192134335,,9.0481192134335
222,107,Nick Castellanos,PHI,146,5,RIGHT,589,547,137,72,17,72,32,4,0,0.25,RF,-0.123,-0.43,0.04,-0.619,-0.378,-1.511,3.759,5.27,9.012941871409856,,,,,,,,,,,,,,,,,,,,,,,,,,,,,,,,,,,9.012941871409856
223,,,,,,,,,,,,,,,,,,,,,,,,,,,,119,Jeremiah Estrada,SDN,RIGHT,RP,72.99999999999999,0,77,58,31,28,12,27,108,4,5,3,0,0,3.452,1.164,4,0,0.055,-1.121,-0.52,-0.233,0.187,0.138,-1.549,3.708,9.001992498902984,,9.001992498902984
224,108,Lourdes Gurriel,ARI,129,3,RIGHT,546,500,124,52,19,80,31,10,4,0.248,LF,-1.228,-0.229,0.437,-0.048,-0.449,-1.517,3.753,5.27,8.998555691247988,,,,,,,,,,,,,,,,,,,,,,,,,,,,,,,,,,,8.998555691247988
225,154,Dillon Dingler,DET,126,7,RIGHT,469,435,121,54,13,57,23,0,0,0.278,CC,-1.117,-0.834,-0.706,-1.0,0.713,-2.944,3.736,6.68,8.957794847456032,,,,,,,,,,,,,,,,,,,,,,,,,,,,,,,,,,,8.957794847456032
226,,,,,,,,,,,,,,,,,,,,,,,,,,,,120,Luke Weaver,NYA,RIGHT,RP,64.66666666666666,0,64,46,28,26,10,20,72,4,4,8,0,0,3.619,1.021,2,1,0.031,-1.121,-1.311,0.223,0.082,0.543,-1.584,3.673,8.917022235294136,,8.917022235294136
227,111,Chandler Simpson,TBA,107,1,LEFT,441,414,122,52,0,26,20,40,12,0.295,CF| LF,-1.228,-2.145,-2.245,2.807,1.253,-1.558,3.712,5.27,8.900250126808563,,,,,,,,,,,,,,,,,,,,,,,,,,,,,,,,,,,8.900250126808563
228,,,,,,,,,,,,,,,,,,,,,,,,,,,,121,Tanner Banks,PHI,LEFT,RP,67.33333333333334,1,69,56,24,23,9,12,61,6,2,1,0,0,3.074,1.01,4,0,0.059,-0.597,-1.552,-0.415,0.371,0.598,-1.595,3.662,8.890317295302784,,8.890317295302784
229,,,,,,,,,,,,,,,,,,,,,,,,,,,,122,Joey Cantillo,CLE,LEFT,SP| RP,95.33333333333331,13,34,78,39,34,10,42,108,5,3,1,0,0,3.21,1.259,4,2,0.042,-0.859,-0.52,-0.415,0.425,-0.228,-1.597,3.66,8.885461851667992,,8.885461851667992
230,,,,,,,,,,,,,,,,,,,,,,,,,,,,123,Lucas Erceg,KCA,RIGHT,RP,61.333333333333336,0,61,54,19,18,4,18,48,8,4,2,0,0,2.641,1.174,3,0,0.049,-0.072,-1.838,-0.324,0.545,0.089,-1.6,3.657,8.878178686215806,,8.878178686215806
231,,,,,,,,,,,,,,,,,,,,,,,,,,,,124,Lake Bachar,MIA,RIGHT,RP,70.99999999999999,1,53,55,34,31,10,30,75,8,2,3,0,0,3.93,1.197,4,0,0.056,-0.072,-1.245,-0.233,-0.082,0.028,-1.604,3.653,8.868467798946224,,8.868467798946224
232,112,Kerry Carpenter,DET,130,3,LEFT,464,433,109,66,26,62,18,1,1,0.252,LF| RF| DH,-0.455,0.477,-0.457,-0.905,-0.253,-1.592,3.678,5.27,8.818728439224648,,,,,,,,,,,,,,,,,,,,,,,,,,,,,,,,,,,8.818728439224648
233,,,,,,,,,,,,,,,,,,,,,,,,,,,,125,Garrett Cleavinger,TBA,LEFT,RP,61.33333333333333,0,67,40,17,16,9,18,82,2,6,2,0,0,2.348,0.946,2,3,0.033,-1.646,-1.091,-0.324,0.685,0.723,-1.653,3.604,8.749509429893838,,8.749509429893838
234,113,Matt Chapman,SFN,128,4,RIGHT,535,454,105,76,21,61,71,9,4,0.231,3B,0.098,-0.027,-0.507,-0.143,-1.046,-1.625,3.645,5.27,8.739604448334378,,,,,,,,,,,,,,,,,,,,,,,,,,,,,,,,,,,8.739604448334378
235,,,,,,,,,,,,,,,,,,,,,,,,,,,,126,Mitch Keller,PIT,RIGHT,SP,176.33333333333334,32,32,171,91,82,21,51,150,6,15,0,0,0,4.185,1.259,23,3,0.13,-0.597,0.403,-0.506,-0.556,-0.423,-1.679,3.5779999999999994,8.686388662641551,,8.686388662641551
236,114,Jackson Holliday,BAL,149,1,LEFT,649,586,142,70,17,55,56,17,11,0.242,2B,-0.234,-0.43,-0.805,0.618,-0.806,-1.657,3.613,5.27,8.662878154137752,,,,,,,,,,,,,,,,,,,,,,,,,,,,,,,,,,,8.662878154137752
237,,,,,,,,,,,,,,,,,,,,,,,,,,,,127,Jose Soriano,ANA,RIGHT,SP,169.0,31,31,158,89,80,12,78,152,10,11,0,0,0,4.26,1.396,5,1,0.03,0.453,0.447,-0.506,-0.632,-1.458,-1.697,3.56,8.64268966992843,,8.64268966992843
238,84,Willson Contreras,SLN,135,4,RIGHT,563,490,126,70,20,80,44,5,1,0.257,1B,-0.234,-0.128,0.437,-0.524,-0.063,-0.512,3.603,4.115,8.638901187201308,,,,,,,,,,,,,,,,,,,,,,,,,,,,,,,,,,,8.638901187201308
239,,,,,,,,,,,,,,,,,,,,,,,,,,,,128,Camilo Doval,NYA| SFN,RIGHT,RP,65.33333333333334,0,69,51,34,26,4,35,72,4,3,16,0,0,3.582,1.316,11,1,0.168,-1.121,-1.311,0.952,0.102,-0.327,-1.705,3.552,8.623267895389265,,8.623267895389265
240,85,Luis Arraez,SDN,154,2,LEFT,675,620,181,66,8,61,34,11,4,0.292,1B| DH,-0.455,-1.338,-0.507,0.047,1.734,-0.519,3.596,4.115,8.622117310345796,,,,,,,,,,,,,,,,,,,,,,,,,,,,,,,,,,,8.622117310345796
241,,,,,,,,,,,,,,,,,,,,,,,,,,,,129,Pablo Lopez,MIN,RIGHT,SP,75.66666666666666,14,14,64,28,23,6,20,73,5,4,0,0,0,2.736,1.11,10,2,0.132,-0.859,-1.289,-0.506,0.617,0.329,-1.709,3.548,8.613557008119683,,8.613557008119683
242,,,,,,,,,,,,,,,,,,,,,,,,,,,,130,Shelby Miller,ARI| MIL,RIGHT,RP,46.0,0,48,33,17,14,5,15,54,4,3,10,0,0,2.739,1.044,8,1,0.174,-1.121,-1.706,0.405,0.374,0.339,-1.71,3.547,8.611129286302287,,8.611129286302287
243,,,,,,,,,,,,,,,,,,,,,,,,,,,,131,Seth Lugo,KCA,RIGHT,SP,145.33333333333337,26,26,133,70,67,27,55,125,8,7,0,0,0,4.149,1.294,4,7,0.028,-0.072,-0.146,-0.506,-0.417,-0.577,-1.719,3.538,8.589279789945726,,8.589279789945726
244,,,,,,,,,,,,,,,,,,,,,,,,,,,,132,Ryan Walker,SFN,RIGHT,RP,61.33333333333334,0,68,60,32,28,4,18,60,5,7,17,0,0,4.109,1.272,0,1,0.0,-0.859,-1.574,1.043,-0.157,-0.183,-1.729,3.528,8.565002571771771,,8.565002571771771
245,,,,,,,,,,,,,,,,,,,,,,,,,,,,133,Jared Koenig,MIL,LEFT,RP,66.0,0,72,57,21,21,6,20,68,6,1,2,0,0,2.864,1.167,1,3,0.015,-0.597,-1.399,-0.324,0.472,0.118,-1.73,3.527,8.562574849954375,,8.562574849954375
246,,,,,,,,,,,,,,,,,,,,,,,,,,,,134,David Peterson,NYN,LEFT,SP,168.66666666666669,30,30,166,84,79,11,65,150,9,6,0,0,0,4.215,1.37,4,1,0.024,0.19,0.403,-0.506,-0.571,-1.25,-1.734,3.523,8.552863962684793,,8.552863962684793
247,,,,,,,,,,,,,,,,,,,,,,,,,,,,135,MacKenzie Gore,WAS,LEFT,SP,159.66666666666669,30,30,152,75,74,20,64,185,5,15,0,0,0,4.171,1.353,13,9,0.081,-0.859,1.172,-0.506,-0.486,-1.062,-1.742,3.515,8.533442188145628,,8.533442188145628
248,86,Christian Walker,HOU,154,4,RIGHT,640,585,139,72,27,88,40,2,1,0.238,1B,-0.123,0.578,0.834,-0.81,-1.036,-0.556,3.559,4.115,8.533402532680947,,,,,,,,,,,,,,,,,,,,,,,,,,,,,,,,,,,8.533402532680947
249,115,Zach McKinstry,DET,142,6,LEFT,511,452,117,67,12,49,46,18,5,0.259,SS| 3B| RF,-0.399,-0.935,-1.103,0.713,0.007,-1.717,3.5529999999999995,5.27,8.51901635251908,,,,,,,,,,,,,,,,,,,,,,,,,,,,,,,,,,,8.51901635251908
250,,,,,,,,,,,,,,,,,,,,,,,,,,,,136,Jacob Lopez,ATH,LEFT,SP| RP,92.66666666666669,17,21,81,47,42,15,37,113,7,7,0,0,0,4.079,1.273,8,3,0.086,-0.334,-0.41,-0.506,-0.215,-0.283,-1.749,3.508,8.516448135423857,,8.516448135423857
251,,,,,,,,,,,,,,,,,,,,,,,,,,,,137,Jack Dreyer,LAN,LEFT,SP| RP,76.33333333333333,5,67,56,26,25,4,24,74,3,2,4,0,0,2.948,1.048,5,2,0.066,-1.384,-1.267,-0.142,0.496,0.546,-1.75,3.507,8.514020413606461,,8.514020413606461
252,,,,,,,,,,,,,,,,,,,,,,,,,,,,138,Greg Weissert,BOS,RIGHT,RP,67.00000000000001,0,72,57,27,21,6,21,57,6,6,4,0,0,2.821,1.164,6,3,0.09,-0.597,-1.64,-0.142,0.502,0.127,-1.75,3.507,8.514020413606461,,8.514020413606461
253,,,,,,,,,,,,,,,,,,,,,,,,,,,,139,Slade Cecconi,CLE,RIGHT,SP,132.0,23,23,125,66,63,24,32,109,7,7,0,0,0,4.295,1.189,3,1,0.023,-0.334,-0.498,-0.506,-0.53,0.099,-1.769,3.4879999999999995,8.467893699075946,,8.467893699075946
254,159,J. T. Realmuto,PHI,134,4,RIGHT,550,502,129,57,12,52,35,8,2,0.257,CC,-0.952,-0.935,-0.954,-0.239,-0.072,-3.151,3.529,6.68,8.46147163187161,,,,,,,,,,,,,,,,,,,,,,,,,,,,,,,,,,,8.46147163187161
255,116,Alex Bregman,BOS,114,3,RIGHT,495,433,118,64,18,62,51,1,1,0.273,3B,-0.565,-0.33,-0.457,-0.905,0.504,-1.753,3.5169999999999995,5.27,8.432699271547875,,,,,,,,,,,,,,,,,,,,,,,,,,,,,,,,,,,8.432699271547875
256,160,Austin Wells,NYA,119,7,LEFT,448,401,88,51,21,71,30,5,1,0.219,CC,-1.283,-0.027,-0.01,-0.524,-1.322,-3.166,3.514,6.68,8.425506181466941,,,,,,,,,,,,,,,,,,,,,,,,,,,,,,,,,,,8.425506181466941
257,117,Mike Trout,ANA,130,3,RIGHT,556,456,106,73,26,64,87,2,0,0.232,RF| DH,-0.068,0.477,-0.358,-0.81,-1.005,-1.763,3.507,5.27,8.40872230461143,,,,,,,,,,,,,,,,,,,,,,,,,,,,,,,,,,,8.40872230461143
258,,,,,,,,,,,,,,,,,,,,,,,,,,,,140,Calvin Faucher,MIA,RIGHT,RP,60.333333333333336,0,65,53,27,22,8,24,59,4,4,15,0,0,3.282,1.276,4,0,0.066,-1.121,-1.596,0.861,0.235,-0.192,-1.814,3.443,8.358646217293142,,8.358646217293142
259,,,,,,,,,,,,,,,,,,,,,,,,,,,,141,Bennett Sousa,HOU,LEFT,RP,50.66666666666667,0,44,37,18,16,4,15,59,5,1,4,0,0,2.842,1.026,11,0,0.217,-0.859,-1.596,-0.142,0.371,0.412,-1.814,3.443,8.358646217293142,,8.358646217293142
260,119,Addison Barger,TOR,134,5,LEFT,502,460,112,61,21,74,36,4,1,0.243,RF| 3B,-0.731,-0.027,0.139,-0.619,-0.588,-1.826,3.4439999999999995,5.27,8.257667412911823,,,,,,,,,,,,,,,,,,,,,,,,,,,,,,,,,,,8.257667412911823
261,,,,,,,,,,,,,,,,,,,,,,,,,,,,142,JoJo Romero,SLN,LEFT,RP,61.00000000000001,0,65,47,21,14,2,29,55,4,6,8,0,0,2.066,1.246,4,1,0.066,-1.121,-1.684,0.223,0.816,-0.11,-1.877,3.38,8.205699742797218,,8.205699742797218
262,,,,,,,,,,,,,,,,,,,,,,,,,,,,143,Orion Kerkering,PHI,RIGHT,RP,60.00000000000001,0,69,55,28,22,6,27,65,8,4,4,0,0,3.3,1.367,5,0,0.083,-0.072,-1.464,-0.142,0.225,-0.437,-1.89,3.367,8.174139359171075,,8.174139359171075
263,120,Austin Hays,CIN,103,4,RIGHT,416,380,101,60,15,64,29,7,0,0.266,DH| LF,-0.786,-0.632,-0.358,-0.334,0.227,-1.882,3.388,5.27,8.12339639806773,,,,,,,,,,,,,,,,,,,,,,,,,,,,,,,,,,,8.12339639806773
264,121,Luis Robert,CHA,108,4,RIGHT,431,382,85,52,14,53,40,33,8,0.223,CF,-1.228,-0.733,-0.904,2.141,-1.161,-1.886,3.3839999999999995,5.27,8.11380561129315,,,,,,,,,,,,,,,,,,,,,,,,,,,,,,,,,,,8.11380561129315
265,,,,,,,,,,,,,,,,,,,,,,,,,,,,144,Robert Garcia,TEX,LEFT,RP,63.99999999999999,0,71,58,26,21,8,22,68,4,8,9,0,0,2.953,1.25,3,2,0.047,-1.121,-1.399,0.314,0.413,-0.128,-1.92,3.337,8.101307704649205,,8.101307704649205
266,,,,,,,,,,,,,,,,,,,,,,,,,,,,145,Tyler Holton,DET,LEFT,SP| RP,78.66666666666666,6,70,65,34,32,15,17,64,6,5,0,0,0,3.661,1.042,3,0,0.038,-0.597,-1.486,-0.506,0.074,0.583,-1.933,3.324,8.069747321023064,,8.069747321023064
267,,,,,,,,,,,,,,,,,,,,,,,,,,,,147,Brandon Pfaadt,ARI,RIGHT,SP,176.66666666666666,33,33,198,107,103,26,37,147,13,9,0,0,0,5.247,1.33,13,2,0.074,1.24,0.337,-0.506,-2.02,-0.994,-1.943,3.314,8.045470102849107,,8.045470102849107
268,,,,,,,,,,,,,,,,,,,,,,,,,,,,146,Tony Santillan,CIN,RIGHT,RP,73.66666666666667,0,80,53,23,20,7,29,75,1,5,7,0,0,2.443,1.113,1,3,0.014,-1.909,-1.245,0.132,0.768,0.31,-1.943,3.314,8.045470102849107,,8.045470102849107
269,,,,,,,,,,,,,,,,,,,,,,,,,,,,148,Simeon Woods Richardson,MIN,RIGHT,SP,111.33333333333334,22,23,96,53,50,17,46,107,7,4,0,0,0,4.042,1.275,8,5,0.072,-0.334,-0.542,-0.506,-0.227,-0.35,-1.959,3.298,8.006626553770776,,8.006626553770776
270,,,,,,,,,,,,,,,,,,,,,,,,,,,,149,Andrew Kittredge,BAL| CHN,RIGHT,RP,53.0,0,54,41,22,20,7,11,64,4,3,5,0,0,3.396,0.981,8,0,0.151,-1.121,-1.486,-0.051,0.159,0.54,-1.96,3.297,8.004198831953381,,8.004198831953381
271,,,,,,,,,,,,,,,,,,,,,,,,,,,,150,Yusei Kikuchi,ANA,LEFT,SP,178.33333333333331,33,33,180,87,79,24,74,174,7,11,0,0,0,3.987,1.424,11,5,0.062,-0.334,0.93,-0.506,-0.286,-1.764,-1.961,3.296,8.001771110135984,,8.001771110135984
272,,,,,,,,,,,,,,,,,,,,,,,,,,,,151,Steven Matz,BOS| SLN,LEFT,RP,76.66666666666667,2,53,73,31,26,8,11,59,5,2,2,0,0,3.052,1.096,1,1,0.013,-0.859,-1.596,-0.324,0.436,0.383,-1.961,3.296,8.001771110135984,,8.001771110135984
273,,,,,,,,,,,,,,,,,,,,,,,,,,,,152,Jacob Webb,TEX,RIGHT,RP,66.00000000000001,0,55,49,24,22,10,19,58,5,4,1,0,0,3.0,1.03,8,1,0.121,-0.859,-1.618,-0.415,0.402,0.525,-1.965,3.292,7.992060222866403,,7.992060222866403
274,,,,,,,,,,,,,,,,,,,,,,,,,,,,153,Jordan Leasure,CHA,RIGHT,RP,64.33333333333333,1,68,49,30,28,12,30,81,5,6,7,0,0,3.917,1.228,5,2,0.078,-0.859,-1.113,0.132,-0.068,-0.064,-1.973,3.284,7.972638448327237,,7.972638448327237
275,,,,,,,,,,,,,,,,,,,,,,,,,,,,154,Matthew Liberatore,SLN,LEFT,SP,151.66666666666666,29,29,158,79,71,19,40,122,8,12,0,0,0,4.213,1.306,22,4,0.145,-0.072,-0.212,-0.506,-0.511,-0.684,-1.985,3.272,7.9435057865184895,,7.9435057865184895
276,122,Jung Hoo Lee,SFN,148,3,LEFT,617,560,149,72,8,55,47,10,3,0.266,CF,-0.123,-1.338,-0.805,-0.048,0.348,-1.966,3.3039999999999994,5.27,7.921989875801586,,,,,,,,,,,,,,,,,,,,,,,,,,,,,,,,,,,7.921989875801586
277,,,,,,,,,,,,,,,,,,,,,,,,,,,,155,Nolan McLean,NYN,RIGHT,SP,48.0,8,8,34,13,11,4,16,57,5,1,0,0,0,2.062,1.042,0,3,0.0,-0.859,-1.64,-0.506,0.643,0.357,-2.005,3.252,7.894951350170578,,7.894951350170578
278,,,,,,,,,,,,,,,,,,,,,,,,,,,,156,Stephen Kolek,KCA| SDN,RIGHT,SP,112.66666666666669,19,19,98,49,44,9,31,77,5,7,0,0,0,3.515,1.145,3,2,0.027,-0.859,-1.201,-0.506,0.234,0.311,-2.021,3.236,7.856107801092247,,7.856107801092247
279,,,,,,,,,,,,,,,,,,,,,,,,,,,,157,Felix Bautista,BAL,RIGHT,RP,34.666666666666664,0,35,16,10,10,3,23,50,1,1,19,0,0,2.596,1.125,10,1,0.288,-1.909,-1.794,1.226,0.32,0.127,-2.029,3.228,7.836686026553083,,7.836686026553083
280,123,Wilyer Abreu,BOS,114,5,LEFT,417,373,92,53,22,69,40,6,3,0.247,RF,-1.173,0.074,-0.109,-0.429,-0.377,-2.014,3.256,5.27,7.806900434506649,,,,,,,,,,,,,,,,,,,,,,,,,,,,,,,,,,,7.806900434506649
281,125,Adolis Garcia,TEX,135,4,RIGHT,547,507,115,58,19,75,28,13,4,0.227,RF,-0.896,-0.229,0.189,0.237,-1.357,-2.057,3.213,5.27,7.703799476679933,,,,,,,,,,,,,,,,,,,,,,,,,,,,,,,,,,,7.703799476679933
282,,,,,,,,,,,,,,,,,,,,,,,,,,,,158,Caleb Thielbar,CHN,LEFT,RP,58.00000000000001,0,67,38,17,17,5,13,56,3,4,1,0,0,2.638,0.879,2,1,0.034,-1.384,-1.662,-0.415,0.517,0.858,-2.086,3.171,7.698305882961532,,7.698305882961532
283,,,,,,,,,,,,,,,,,,,,,,,,,,,,159,Matt Strahm,PHI,LEFT,RP,62.33333333333333,0,66,47,22,19,5,20,70,2,3,6,0,0,2.743,1.075,3,0,0.048,-1.646,-1.355,0.041,0.504,0.37,-2.086,3.171,7.698305882961532,,7.698305882961532
284,,,,,,,,,,,,,,,,,,,,,,,,,,,,160,Blake Snell,LAN,LEFT,SP,61.333333333333336,11,11,51,21,16,3,26,72,5,4,0,0,0,2.348,1.255,6,5,0.098,-0.859,-1.311,-0.506,0.685,-0.137,-2.128,3.129,7.596341566630915,,7.596341566630915
285,,,,,,,,,,,,,,,,,,,,,,,,,,,,161,Tyler Kinley,ATL| COL,RIGHT,RP,72.66666666666667,0,73,53,35,32,6,33,73,6,3,3,0,0,3.963,1.183,12,0,0.165,-0.597,-1.289,-0.233,-0.103,0.074,-2.148,3.1089999999999995,7.547787130283003,,7.547787130283003
286,,,,,,,,,,,,,,,,,,,,,,,,,,,,162,Chad Patrick,MIL,RIGHT,SP| RP,119.66666666666664,23,27,113,49,47,13,40,127,3,8,0,0,0,3.535,1.279,6,6,0.05,-1.384,-0.103,-0.506,0.23,-0.393,-2.156,3.1009999999999995,7.528365355743837,,7.528365355743837
287,127,Bryan Reynolds,PIT,154,3,SWITCH,654,587,144,68,16,73,57,3,2,0.245,RF| DH,-0.344,-0.531,0.089,-0.714,-0.659,-2.16,3.1099999999999994,5.27,7.456836717234544,,,,,,,,,,,,,,,,,,,,,,,,,,,,,,,,,,,7.456836717234544
288,128,Caleb Durbin,MIL,134,8,RIGHT,506,445,114,59,11,53,30,18,6,0.256,3B,-0.841,-1.036,-0.904,0.713,-0.093,-2.161,3.1089999999999995,5.27,7.4544390205408995,,,,,,,,,,,,,,,,,,,,,,,,,,,,,,,,,,,7.4544390205408995
289,,,,,,,,,,,,,,,,,,,,,,,,,,,,163,Janson Junk,MIA,RIGHT,SP| RP,110.0,16,21,112,54,51,8,13,77,6,4,1,0,0,4.173,1.136,12,2,0.109,-0.597,-1.201,-0.415,-0.336,0.347,-2.202,3.055,7.416690152143639,,7.416690152143639
290,,,,,,,,,,,,,,,,,,,,,,,,,,,,164,Justin Sterner,ATH,RIGHT,RP,65.0,1,59,47,24,23,10,21,70,4,3,0,0,0,3.185,1.046,14,4,0.215,-1.121,-1.355,-0.506,0.302,0.471,-2.21,3.047,7.397268377604474,,7.397268377604474
291,,,,,,,,,,,,,,,,,,,,,,,,,,,,165,Sandy Alcantara,MIA,RIGHT,SP,174.66666666666666,31,31,165,107,104,22,57,142,11,12,0,0,0,5.359,1.271,35,1,0.2,0.715,0.227,-0.506,-2.149,-0.514,-2.227,3.03,7.355997106708749,,7.355997106708749
292,,,,,,,,,,,,,,,,,,,,,,,,,,,,166,Clarke Schmidt,NYA,RIGHT,SP,78.66666666666666,14,14,56,29,29,9,30,73,4,4,0,0,0,3.318,1.093,6,1,0.076,-1.121,-1.289,-0.506,0.284,0.402,-2.231,3.026,7.3462862194391665,,7.3462862194391665
293,,,,,,,,,,,,,,,,,,,,,,,,,,,,167,Dylan Lee,ATL,LEFT,RP,68.33333333333336,0,74,53,27,25,13,14,76,2,4,2,0,0,3.293,0.981,2,1,0.029,-1.646,-1.223,-0.324,0.26,0.698,-2.235,3.022,7.336575332169583,,7.336575332169583
294,,,,,,,,,,,,,,,,,,,,,,,,,,,,168,Cam Schlittler,NYA,RIGHT,SP,72.99999999999999,14,14,58,24,24,8,31,84,4,3,0,0,0,2.959,1.219,10,2,0.137,-1.121,-1.047,-0.506,0.468,-0.044,-2.251,3.006,7.297731783091254,,7.297731783091254
295,131,Miguel Vargas,CHA,138,4,RIGHT,569,504,118,80,16,60,56,6,0,0.234,3B| 1B,0.319,-0.531,-0.556,-0.429,-1.04,-2.238,3.032,5.27,7.26981637513027,,,,,,,,,,,,,,,,,,,,,,,,,,,,,,,,,,,7.26981637513027
296,,,,,,,,,,,,,,,,,,,,,,,,,,,,169,Bryan Baker,BAL| TBA,RIGHT,RP,68.66666666666666,0,73,59,33,31,13,17,83,4,4,3,0,0,4.063,1.107,6,1,0.087,-1.121,-1.069,-0.233,-0.151,0.309,-2.266,2.991,7.261315955830319,,7.261315955830319
297,,,,,,,,,,,,,,,,,,,,,,,,,,,,170,Kyle Leahy,SLN,RIGHT,RP,87.99999999999999,1,62,80,32,30,5,28,80,4,2,1,0,0,3.068,1.227,2,2,0.023,-1.121,-1.135,-0.415,0.489,-0.085,-2.267,2.99,7.2588882340129235,,7.2588882340129235
298,132,Jasson Dominguez,NYA,116,6,SWITCH,429,381,98,55,10,47,41,23,4,0.257,LF,-1.062,-1.136,-1.202,1.189,-0.047,-2.259,3.011,5.27,7.2194647445637345,,,,,,,,,,,,,,,,,,,,,,,,,,,,,,,,,,,7.2194647445637345
299,133,Gavin Sheets,SDN,145,6,LEFT,545,492,124,57,19,71,44,2,1,0.252,DH| LF,-0.952,-0.229,-0.01,-0.81,-0.275,-2.275,2.995,5.27,7.181101597465421,,,,,,,,,,,,,,,,,,,,,,,,,,,,,,,,,,,7.181101597465421
300,135,Jackson Merrill,SDN,114,4,LEFT,483,440,116,59,16,67,33,1,2,0.264,CF,-0.841,-0.531,-0.209,-0.905,0.184,-2.303,2.967,5.27,7.113966090043374,,,,,,,,,,,,,,,,,,,,,,,,,,,,,,,,,,,7.113966090043374
301,,,,,,,,,,,,,,,,,,,,,,,,,,,,171,Davis Martin,CHA,RIGHT,SP,142.66666666666666,25,26,136,74,65,20,48,104,7,10,0,0,0,4.101,1.29,14,5,0.098,-0.334,-0.608,-0.506,-0.355,-0.541,-2.345,2.9119999999999995,7.069525932256064,,7.069525932256064
302,,,,,,,,,,,,,,,,,,,,,,,,,,,,172,Hurston Waldrep,ATL,RIGHT,SP,56.33333333333333,9,10,45,18,18,3,22,55,6,1,0,0,0,2.876,1.189,8,3,0.142,-0.597,-1.684,-0.506,0.398,0.042,-2.347,2.91,7.064670488621273,,7.064670488621273
303,,,,,,,,,,,,,,,,,,,,,,,,,,,,173,Mike King,SDN,RIGHT,SP,73.33333333333333,15,15,62,31,28,12,26,76,5,3,0,0,0,3.436,1.2,0,1,0.0,-0.859,-1.223,-0.506,0.197,0.02,-2.371,2.886,7.006405165003778,,7.006405165003778
304,,,,,,,,,,,,,,,,,,,,,,,,,,,,174,Louis Varland,MIN| TOR,RIGHT,RP,72.66666666666666,1,74,65,27,24,6,22,75,4,3,0,0,0,2.973,1.197,6,3,0.083,-1.121,-1.245,-0.506,0.458,0.029,-2.386,2.871,6.969989337742844,,6.969989337742844
305,136,Brendan Donovan,SLN,118,3,LEFT,515,460,132,64,10,50,42,3,3,0.287,2B,-0.565,-1.136,-1.053,-0.714,1.094,-2.376,2.894,5.27,6.938934231407322,,,,,,,,,,,,,,,,,,,,,,,,,,,,,,,,,,,6.938934231407322
306,137,Cedric Mullins,BAL| NYN,130,8,LEFT,498,435,94,58,17,59,50,22,4,0.216,CF,-0.896,-0.43,-0.606,1.094,-1.557,-2.397,2.873,5.27,6.888582600840786,,,,,,,,,,,,,,,,,,,,,,,,,,,,,,,,,,,6.888582600840786
307,,,,,,,,,,,,,,,,,,,,,,,,,,,,175,Luis Severino,ATH,RIGHT,SP,162.6666666666667,29,29,162,93,82,16,50,124,8,11,0,0,0,4.537,1.303,10,2,0.061,-0.072,-0.168,-0.506,-0.959,-0.717,-2.422,2.8349999999999995,6.8825913523166005,,6.8825913523166005
308,,,,,,,,,,,,,,,,,,,,,,,,,,,,176,Nick Mears,MIL,RIGHT,RP,56.66666666666664,0,63,42,25,22,7,13,46,5,3,1,0,0,3.494,0.971,2,2,0.035,-0.859,-1.882,-0.415,0.127,0.604,-2.425,2.832,6.875308186864415,,6.875308186864415
309,138,Isaac Collins,MIL,126,6,SWITCH,441,372,98,56,9,54,57,16,7,0.263,LF,-1.007,-1.237,-0.855,0.523,0.149,-2.427,2.8429999999999995,5.27,6.81665170003145,,,,,,,,,,,,,,,,,,,,,,,,,,,,,,,,,,,6.81665170003145
310,,,,,,,,,,,,,,,,,,,,,,,,,,,,177,Brock Burke,ANA,LEFT,RP,61.66666666666667,1,69,58,24,23,8,18,52,7,1,0,0,0,3.357,1.232,4,2,0.065,-0.334,-1.75,-0.506,0.204,-0.074,-2.461,2.796,6.787910201438172,,6.787910201438172
311,,,,,,,,,,,,,,,,,,,,,,,,,,,,178,Tanner Scott,LAN,LEFT,RP,57.0,0,61,54,33,30,11,18,60,1,4,23,0,0,4.737,1.263,1,1,0.018,-1.909,-1.574,1.59,-0.425,-0.148,-2.465,2.792,6.77819931416859,,6.77819931416859
312,139,Jose Caballero,NYA| TBA,109,7,RIGHT,370,314,74,48,5,36,47,42,9,0.236,RF| 3B| SS| 2B,-1.449,-1.641,-1.749,2.997,-0.607,-2.448,2.822,5.27,6.766300069464914,,,,,,,,,,,,,,,,,,,,,,,,,,,,,,,,,,,6.766300069464914
313,,,,,,,,,,,,,,,,,,,,,,,,,,,,179,Riley O'Brien,SLN,RIGHT,RP,48.0,0,42,33,13,11,2,22,45,3,1,6,0,0,2.062,1.146,2,1,0.042,-1.384,-1.904,0.041,0.643,0.131,-2.473,2.784,6.758777539629424,,6.758777539629424
314,,,,,,,,,,,,,,,,,,,,,,,,,,,,180,Seranthony Dominguez,BAL| TOR,RIGHT,RP,62.66666666666667,0,67,44,30,22,5,36,79,4,4,2,0,0,3.16,1.277,19,4,0.303,-1.121,-1.157,-0.324,0.304,-0.2,-2.499,2.758,6.695656772377138,,6.695656772377138
315,,,,,,,,,,,,,,,,,,,,,,,,,,,,181,Brendon Little,TOR,LEFT,RP,68.33333333333334,0,79,48,28,23,2,45,91,4,2,1,0,0,3.029,1.361,2,4,0.029,-1.121,-0.893,-0.415,0.401,-0.48,-2.509,2.748,6.671379554203182,,6.671379554203182
316,,,,,,,,,,,,,,,,,,,,,,,,,,,,182,Braxton Ashcraft,PIT,RIGHT,SP| RP,69.66666666666666,8,26,63,22,21,3,24,71,4,4,0,0,0,2.713,1.249,5,3,0.072,-1.121,-1.333,-0.506,0.58,-0.135,-2.515,2.7419999999999995,6.656813223298808,,6.656813223298808
317,,,,,,,,,,,,,,,,,,,,,,,,,,,,183,Keegan Akin,BAL,LEFT,SP| RP,63.33333333333333,3,64,54,28,24,10,33,59,5,4,8,0,0,3.41,1.374,2,1,0.032,-0.859,-1.596,0.223,0.183,-0.481,-2.531,2.7259999999999995,6.617969674220477,,6.617969674220477
318,,,,,,,,,,,,,,,,,,,,,,,,,,,,184,Anthony Bender,MIA,RIGHT,RP,50.0,0,51,32,13,12,3,21,42,3,5,4,0,0,2.16,1.06,11,1,0.22,-1.384,-1.97,-0.142,0.632,0.331,-2.533,2.724,6.613114230585687,,6.613114230585687
319,,,,,,,,,,,,,,,,,,,,,,,,,,,,185,Brant Hurter,DET,LEFT,SP| RP,62.99999999999999,4,43,57,26,17,4,27,68,4,3,2,0,0,2.429,1.333,9,3,0.143,-1.121,-1.399,-0.324,0.664,-0.363,-2.543,2.7139999999999995,6.58883701241173,,6.58883701241173
320,140,Alec Bohm,PHI,120,3,RIGHT,504,464,133,53,11,59,29,2,0,0.287,3B,-1.173,-1.036,-0.606,-0.81,1.091,-2.533,2.737,5.27,6.562495850505128,,,,,,,,,,,,,,,,,,,,,,,,,,,,,,,,,,,6.562495850505128
321,106,Xander Bogaerts,SDN,136,5,RIGHT,552,491,129,63,11,53,48,20,2,0.263,SS,-0.62,-1.036,-0.904,0.903,0.167,-1.489,2.736,4.225,6.560098153811484,,,,,,,,,,,,,,,,,,,,,,,,,,,,,,,,,,,6.560098153811484
322,,,,,,,,,,,,,,,,,,,,,,,,,,,,186,Carmen Mlodzinski,PIT,RIGHT,SP| RP,99.0,12,34,102,42,39,8,27,89,5,8,0,0,0,3.546,1.303,2,2,0.02,-0.859,-0.937,-0.506,0.182,-0.435,-2.556,2.701,6.557276628785587,,6.557276628785587
323,,,,,,,,,,,,,,,,,,,,,,,,,,,,187,Tomoyuki Sugano,BAL,RIGHT,SP,157.00000000000003,30,30,173,85,81,33,36,106,10,10,0,0,0,4.643,1.331,8,4,0.051,0.453,-0.564,-0.506,-1.056,-0.891,-2.564,2.693,6.537854854246422,,6.537854854246422
324,,,,,,,,,,,,,,,,,,,,,,,,,,,,188,Yariel Rodriguez,TOR,RIGHT,RP,73.00000000000003,1,66,50,26,25,8,34,66,3,2,2,0,0,3.082,1.151,6,0,0.082,-1.384,-1.442,-0.324,0.398,0.183,-2.57,2.687,6.523288523342049,,6.523288523342049
325,,,,,,,,,,,,,,,,,,,,,,,,,,,,189,Jimmy Herget,COL,RIGHT,RP,83.33333333333334,0,59,72,24,23,6,26,81,1,2,0,0,0,2.484,1.176,6,3,0.072,-1.909,-1.113,-0.506,0.843,0.113,-2.572,2.685,6.518433079707257,,6.518433079707257
326,,,,,,,,,,,,,,,,,,,,,,,,,,,,190,Spencer Strider,ATL,RIGHT,SP,125.33333333333331,23,23,124,63,62,20,51,131,7,14,0,0,0,4.452,1.396,15,6,0.12,-0.334,-0.015,-0.506,-0.656,-1.08,-2.592,2.665,6.469878643359344,,6.469878643359344
327,,,,,,,,,,,,,,,,,,,,,,,,,,,,191,Reid Detmers,ANA,LEFT,RP,63.66666666666666,0,61,58,29,28,6,25,80,5,3,3,0,0,3.958,1.304,4,2,0.063,-0.859,-1.135,-0.233,-0.088,-0.282,-2.597,2.66,6.457740034272367,,6.457740034272367
328,,,,,,,,,,,,,,,,,,,,,,,,,,,,192,Jose Ferrer,WAS,LEFT,RP,76.33333333333333,0,72,81,41,38,5,16,71,4,4,11,0,0,4.48,1.271,3,1,0.039,-1.121,-1.333,0.496,-0.416,-0.224,-2.598,2.659,6.455312312454971,,6.455312312454971
329,,,,,,,,,,,,,,,,,,,,,,,,,,,,193,Ryan Helsley,NYN| SLN,RIGHT,RP,56.0,0,58,61,32,28,8,25,63,3,4,21,0,0,4.5,1.536,6,2,0.107,-1.384,-1.508,1.408,-0.314,-0.836,-2.635,2.622,6.365486605211333,,6.365486605211333
330,,,,,,,,,,,,,,,,,,,,,,,,,,,,194,Anthony Banda,LAN,LEFT,RP,64.99999999999999,1,71,45,23,23,8,34,61,5,1,0,0,0,3.185,1.215,9,2,0.138,-0.859,-1.552,-0.506,0.302,-0.028,-2.643,2.614,6.346064830672168,,6.346064830672168
331,142,Trevor Larnach,MIN,141,2,LEFT,567,503,126,62,17,60,53,4,4,0.25,DH| RF,-0.676,-0.43,-0.556,-0.619,-0.346,-2.628,2.6419999999999995,5.27,6.334714664608895,,,,,,,,,,,,,,,,,,,,,,,,,,,,,,,,,,,6.334714664608895
332,143,Carlos Correa,HOU| MIN,143,4,RIGHT,584,537,148,63,13,52,45,0,0,0.276,SS| 3B,-0.62,-0.834,-0.954,-1.0,0.764,-2.644,2.6259999999999994,5.27,6.296351517510582,,,,,,,,,,,,,,,,,,,,,,,,,,,,,,,,,,,6.296351517510582
333,,,,,,,,,,,,,,,,,,,,,,,,,,,,195,Justin Verlander,SFN,RIGHT,SP,152.0,29,29,155,74,65,16,52,137,4,11,0,0,0,3.849,1.362,13,7,0.086,-1.121,0.117,-0.506,-0.08,-1.073,-2.664,2.5929999999999995,6.295082672506859,,6.295082672506859
334,,,,,,,,,,,,,,,,,,,,,,,,,,,,196,Michael Lorenzen,KCA,RIGHT,SP,141.66666666666663,26,27,149,76,73,25,39,127,7,11,0,0,0,4.638,1.327,8,2,0.056,-0.334,-0.103,-0.506,-0.946,-0.777,-2.666,2.591,6.290227228872069,,6.290227228872069
335,,,,,,,,,,,,,,,,,,,,,,,,,,,,197,JP Sears,ATH| SDN,LEFT,SP,135.66666666666666,27,27,143,79,76,30,36,117,9,11,0,0,0,5.042,1.319,4,4,0.029,0.19,-0.322,-0.506,-1.334,-0.697,-2.669,2.588,6.282944063419881,,6.282944063419881
336,144,Brenton Doyle,COL,138,5,RIGHT,538,502,117,57,15,57,30,18,2,0.233,CF,-0.952,-0.632,-0.706,0.713,-1.081,-2.657,2.6129999999999995,5.27,6.265181460493204,,,,,,,,,,,,,,,,,,,,,,,,,,,,,,,,,,,6.265181460493204
337,,,,,,,,,,,,,,,,,,,,,,,,,,,,198,Victor Vodnik,COL,RIGHT,RP,50.66666666666666,0,52,45,19,17,4,26,49,4,3,10,0,0,3.02,1.401,0,2,0.0,-1.121,-1.816,0.405,0.301,-0.448,-2.68,2.5769999999999995,6.256239123428529,,6.256239123428529
338,,,,,,,,,,,,,,,,,,,,,,,,,,,,199,Wandy Peralta,SDN,LEFT,RP,71.6666666666667,1,71,66,29,25,5,30,63,6,1,0,0,0,3.139,1.339,6,1,0.084,-0.597,-1.508,-0.506,0.358,-0.434,-2.687,2.57,6.239245070706761,,6.239245070706761
339,109,Spencer Steer,CIN,142,6,RIGHT,568,509,121,66,21,75,51,7,1,0.238,1B,-0.455,-0.027,0.189,-0.334,-0.897,-1.523,2.5920000000000005,4.115,6.21482982992667,,,,,,,,,,,,,,,,,,,,,,,,,,,,,,,,,,,6.21482982992667
340,,,,,,,,,,,,,,,,,,,,,,,,,,,,200,Grant Holmes,ATL,RIGHT,SP,115.0,21,22,100,52,51,16,54,123,4,9,0,0,0,3.991,1.339,2,1,0.017,-1.121,-0.19,-0.506,-0.189,-0.694,-2.7,2.5569999999999995,6.207684687080617,,6.207684687080617
341,187,Carson Kelly,CHN,108,4,RIGHT,417,366,91,47,17,50,44,2,0,0.249,CC,-1.504,-0.43,-1.053,-0.81,-0.309,-4.106,2.574,6.68,6.171671289441067,,,,,,,,,,,,,,,,,,,,,,,,,,,,,,,,,,,6.171671289441067
342,,,,,,,,,,,,,,,,,,,,,,,,,,,,201,Corbin Burnes,ARI,RIGHT,SP,64.33333333333333,11,11,49,23,19,7,26,63,3,2,0,0,0,2.658,1.166,2,1,0.031,-1.384,-1.508,-0.506,0.563,0.117,-2.718,2.539,6.163985694367495,,6.163985694367495
343,,,,,,,,,,,,,,,,,,,,,,,,,,,,202,Tyler Phillips,MIA,RIGHT,RP,77.66666666666667,1,54,65,26,24,8,24,52,2,1,4,0,0,2.781,1.146,1,0,0.013,-1.646,-1.75,-0.142,0.606,0.211,-2.721,2.536,6.156702528915308,,6.156702528915308
344,,,,,,,,,,,,,,,,,,,,,,,,,,,,203,Sean Newcomb,ATH| BOS,LEFT,SP| RP,92.33333333333334,5,48,94,36,28,5,31,91,2,5,2,0,0,2.729,1.354,7,3,0.076,-1.646,-0.893,-0.324,0.757,-0.618,-2.725,2.532,6.146991641645726,,6.146991641645726
345,,,,,,,,,,,,,,,,,,,,,,,,,,,,205,Patrick Corbin,TEX,LEFT,SP,155.33333333333331,30,31,161,79,76,21,51,131,7,11,0,0,0,4.403,1.365,26,4,0.167,-0.334,-0.015,-0.506,-0.754,-1.117,-2.727,2.53,6.142136198010936,,6.142136198010936
346,,,,,,,,,,,,,,,,,,,,,,,,,,,,204,Logan Allen,CLE,LEFT,SP,156.66666666666666,29,30,157,84,74,18,62,122,8,11,0,0,0,4.251,1.398,8,10,0.051,-0.072,-0.212,-0.506,-0.574,-1.362,-2.727,2.53,6.142136198010936,,6.142136198010936
347,110,Jonathan Aranda,TBA,106,4,LEFT,422,370,117,56,14,59,41,0,2,0.316,1B,-1.007,-0.733,-0.606,-1.0,1.79,-1.556,2.559,4.115,6.135705839036399,,,,,,,,,,,,,,,,,,,,,,,,,,,,,,,,,,,6.135705839036399
348,,,,,,,,,,,,,,,,,,,,,,,,,,,,206,Kyle Hendricks,ANA,RIGHT,SP,164.66666666666669,31,31,167,92,87,25,43,114,8,10,0,0,0,4.755,1.275,24,2,0.146,-0.072,-0.388,-0.506,-1.251,-0.517,-2.734,2.523,6.125142145289166,,6.125142145289166
349,,,,,,,,,,,,,,,,,,,,,,,,,,,,207,Ben Casparius,LAN,RIGHT,SP| RP,77.66666666666664,3,46,78,41,40,8,21,71,7,5,2,0,0,4.635,1.275,8,3,0.103,-0.334,-1.333,-0.324,-0.517,-0.242,-2.75,2.507,6.086298596210836,,6.086298596210836
350,,,,,,,,,,,,,,,,,,,,,,,,,,,,208,Hunter Gaddis,CLE,RIGHT,RP,66.66666666666666,0,73,58,24,23,8,21,73,2,2,3,0,0,3.105,1.185,6,1,0.09,-1.646,-1.289,-0.233,0.351,0.063,-2.753,2.504,6.079015430758648,,6.079015430758648
351,,,,,,,,,,,,,,,,,,,,,,,,,,,,209,Jacob Misiorowski,MIL,RIGHT,SP,66.0,14,15,51,34,32,8,31,87,5,3,0,0,0,4.364,1.242,1,1,0.015,-0.859,-0.981,-0.506,-0.3,-0.109,-2.755,2.502,6.074159987123857,,6.074159987123857
352,,,,,,,,,,,,,,,,,,,,,,,,,,,,210,Justin Wrobleski,LAN,LEFT,RP,66.66666666666666,2,24,65,34,32,6,17,76,5,5,2,0,0,4.32,1.23,6,1,0.09,-0.859,-1.223,-0.324,-0.28,-0.072,-2.759,2.498,6.064449099854275,,6.064449099854275
353,,,,,,,,,,,,,,,,,,,,,,,,,,,,211,Reese Olson,DET,RIGHT,SP,68.66666666666667,13,13,58,24,24,5,25,65,4,4,0,0,0,3.146,1.209,4,2,0.058,-1.121,-1.464,-0.506,0.34,-0.009,-2.761,2.496,6.059593656219484,,6.059593656219484
354,,,,,,,,,,,,,,,,,,,,,,,,,,,,212,Drew Pomeranz,CHN,LEFT,SP| RP,49.66666666666666,4,57,38,14,12,5,15,57,2,2,1,0,0,2.175,1.067,5,1,0.101,-1.646,-1.64,-0.415,0.622,0.312,-2.767,2.49,6.04502732531511,,6.04502732531511
355,146,Jake Mangum,TBA,116,6,SWITCH,428,405,120,36,3,40,19,26,6,0.296,RF| LF| CF,-2.111,-1.842,-1.55,1.474,1.281,-2.749,2.5209999999999995,5.27,6.044593364677905,,,,,,,,,,,,,,,,,,,,,,,,,,,,,,,,,,,6.044593364677905
356,,,,,,,,,,,,,,,,,,,,,,,,,,,,213,Jacob Latz,TEX,LEFT,SP| RP,85.66666666666669,8,33,69,28,27,7,37,76,2,0,1,0,0,2.837,1.237,9,3,0.105,-1.646,-1.223,-0.415,0.631,-0.122,-2.775,2.482,6.025605550775945,,6.025605550775945
357,,,,,,,,,,,,,,,,,,,,,,,,,,,,214,Griffin Canning,NYN,RIGHT,SP,76.33333333333333,16,16,70,35,32,8,35,70,7,3,0,0,0,3.773,1.375,3,1,0.039,-0.334,-1.355,-0.506,0.005,-0.586,-2.777,2.4799999999999995,6.020750107141153,,6.020750107141153
358,149,Matt McLain,CIN,144,2,RIGHT,577,510,112,72,15,50,55,18,2,0.22,2B,-0.123,-0.632,-1.053,0.713,-1.675,-2.771,2.499,5.27,5.991844037417725,,,,,,,,,,,,,,,,,,,,,,,,,,,,,,,,,,,5.991844037417725
359,,,,,,,,,,,,,,,,,,,,,,,,,,,,215,Jalen Beeks,ARI,LEFT,RP,57.333333333333336,2,61,42,26,24,6,20,47,5,3,1,0,0,3.767,1.081,5,1,0.087,-0.859,-1.86,-0.415,0.006,0.324,-2.805,2.4519999999999995,5.952773896254076,,5.952773896254076
360,,,,,,,,,,,,,,,,,,,,,,,,,,,,216,Huascar Brazoban,NYN,RIGHT,SP| RP,63.0,3,52,51,29,25,6,27,57,5,2,2,0,0,3.571,1.238,3,2,0.048,-0.859,-1.64,-0.324,0.103,-0.092,-2.812,2.445,5.935779843532307,,5.935779843532307
361,,,,,,,,,,,,,,,,,,,,,,,,,,,,217,Graham Ashcraft,CIN,RIGHT,RP,65.33333333333333,0,62,68,37,29,2,25,64,8,5,0,0,0,3.995,1.423,4,1,0.061,-0.072,-1.486,-0.506,-0.109,-0.644,-2.817,2.4399999999999995,5.923641234445328,,5.923641234445328
362,,,,,,,,,,,,,,,,,,,,,,,,,,,,218,Landen Roupp,SFN,RIGHT,SP,106.66666666666669,22,22,113,55,45,11,45,102,7,7,0,0,0,3.797,1.481,6,2,0.056,-0.334,-0.652,-0.506,-0.013,-1.33,-2.836,2.421,5.877514519914812,,5.877514519914812
363,,,,,,,,,,,,,,,,,,,,,,,,,,,,219,Matt Festa,CLE,RIGHT,RP,54.66666666666666,0,63,44,29,25,4,15,56,5,4,0,0,0,4.116,1.079,8,3,0.146,-0.859,-1.662,-0.506,-0.143,0.314,-2.857,2.3999999999999995,5.826532361749503,,5.826532361749503
364,151,Romy Gonzalez,BOS,93,6,RIGHT,341,315,96,47,9,53,18,6,5,0.305,2B| 1B,-1.504,-1.237,-0.904,-0.429,1.22,-2.854,2.4159999999999995,5.27,5.792835211845228,,,,,,,,,,,,,,,,,,,,,,,,,,,,,,,,,,,5.792835211845228
365,,,,,,,,,,,,,,,,,,,,,,,,,,,,220,Tylor Megill,NYN,RIGHT,SP,68.33333333333333,14,14,60,37,30,6,33,89,5,5,0,0,0,3.951,1.361,3,1,0.044,-0.859,-0.937,-0.506,-0.091,-0.48,-2.873,2.3839999999999995,5.787688812671173,,5.787688812671173
366,152,Marcus Semien,TEX,127,3,RIGHT,534,470,108,62,15,62,50,11,1,0.23,2B,-0.676,-0.632,-0.457,0.047,-1.141,-2.859,2.411,5.27,5.780846728377005,,,,,,,,,,,,,,,,,,,,,,,,,,,,,,,,,,,5.780846728377005
367,118,J. P. Crawford,SEA,155,1,LEFT,654,570,151,69,12,58,74,8,1,0.265,SS,-0.289,-0.935,-0.656,-0.239,0.299,-1.819,2.406,4.225,5.768858244908783,,,,,,,,,,,,,,,,,,,,,,,,,,,,,,,,,,,5.768858244908783
368,,,,,,,,,,,,,,,,,,,,,,,,,,,,221,Michael McGreevy,SLN,RIGHT,SP,95.66666666666669,16,17,100,50,47,12,20,58,8,4,0,0,0,4.422,1.254,0,2,0.0,-0.072,-1.618,-0.506,-0.478,-0.21,-2.884,2.373,5.760983872679822,,5.760983872679822
369,,,,,,,,,,,,,,,,,,,,,,,,,,,,222,Michael Soroka,CHN| WAS,RIGHT,SP| RP,89.66666666666669,17,22,72,49,45,12,29,95,3,8,0,0,0,4.517,1.126,8,4,0.089,-1.384,-0.805,-0.506,-0.514,0.323,-2.887,2.37,5.753700707227635,,5.753700707227635
370,,,,,,,,,,,,,,,,,,,,,,,,,,,,223,Fernando Cruz,NYA,RIGHT,RP,48.00000000000001,0,49,33,21,19,5,24,72,3,4,2,0,0,3.562,1.188,2,0,0.042,-1.384,-1.311,-0.324,0.082,0.04,-2.897,2.36,5.729423489053679,,5.729423489053679
371,,,,,,,,,,,,,,,,,,,,,,,,,,,,224,Caleb Ferguson,PIT| SEA,LEFT,RP,65.33333333333331,0,70,54,27,26,2,22,51,5,4,0,0,0,3.582,1.163,10,1,0.153,-0.859,-1.772,-0.506,0.102,0.126,-2.909,2.348,5.700290827244931,,5.700290827244931
372,153,Max Muncy,LAN,98,5,LEFT,379,306,75,47,19,67,62,4,0,0.245,3B,-1.504,-0.229,-0.209,-0.619,-0.349,-2.91,2.3599999999999994,5.27,5.658564197001133,,,,,,,,,,,,,,,,,,,,,,,,,,,,,,,,,,,5.658564197001133
373,,,,,,,,,,,,,,,,,,,,,,,,,,,,225,Jakob Junis,CLE,RIGHT,RP,66.66666666666666,0,57,64,24,22,5,18,55,4,1,0,0,0,2.97,1.23,5,3,0.075,-1.121,-1.684,-0.506,0.422,-0.072,-2.963,2.294,5.569193849105567,,5.569193849105567
374,,,,,,,,,,,,,,,,,,,,,,,,,,,,226,Ian Seymour,TBA,LEFT,SP| RP,57.0,5,19,48,33,23,5,19,64,4,3,0,0,0,3.632,1.175,3,0,0.053,-1.121,-1.486,-0.506,0.066,0.079,-2.969,2.288,5.554627518201194,,5.554627518201194
375,,,,,,,,,,,,,,,,,,,,,,,,,,,,227,Brad Lord,WAS,RIGHT,SP| RP,130.66666666666666,19,48,126,65,63,17,43,108,5,10,0,0,0,4.339,1.293,3,5,0.023,-0.859,-0.52,-0.506,-0.569,-0.517,-2.971,2.286,5.549772074566402,,5.549772074566402
376,,,,,,,,,,,,,,,,,,,,,,,,,,,,228,Cole Ragans,KCA,LEFT,SP,61.66666666666667,13,13,53,33,32,7,20,98,3,3,0,0,0,4.67,1.184,3,1,0.049,-1.384,-0.74,-0.506,-0.428,0.062,-2.995,2.262,5.491506750948907,,5.491506750948907
377,155,Brett Baty,NYN,127,7,LEFT,432,393,100,52,18,50,33,8,0,0.254,2B| 3B,-1.228,-0.33,-1.053,-0.239,-0.139,-2.989,2.281,5.27,5.4691461582032135,,,,,,,,,,,,,,,,,,,,,,,,,,,,,,,,,,,5.4691461582032135
378,,,,,,,,,,,,,,,,,,,,,,,,,,,,229,Daniel Lynch,KCA,LEFT,RP,67.66666666666667,2,57,66,24,23,8,26,45,6,2,1,0,0,3.059,1.36,0,3,0.0,-0.597,-1.904,-0.415,0.381,-0.471,-3.006,2.251,5.464801810957556,,5.464801810957556
379,,,,,,,,,,,,,,,,,,,,,,,,,,,,230,AJ Blubaugh,HOU,RIGHT,SP| RP,32.0,3,11,17,11,6,6,11,35,3,1,0,0,0,1.688,0.875,2,0,0.062,-1.384,-2.123,-0.506,0.522,0.48,-3.012,2.245,5.450235480053181,,5.450235480053181
380,156,Brandon Marsh,PHI,126,9,LEFT,425,379,106,58,11,43,38,7,1,0.28,CF| LF,-0.896,-1.036,-1.401,-0.334,0.669,-2.998,2.272,5.27,5.447566887960412,,,,,,,,,,,,,,,,,,,,,,,,,,,,,,,,,,,5.447566887960412
381,,,,,,,,,,,,,,,,,,,,,,,,,,,,231,Tim Hill,NYA,LEFT,RP,67.0,0,70,58,27,23,8,16,37,4,4,0,0,0,3.09,1.105,0,0,0.0,-1.121,-2.079,-0.506,0.361,0.308,-3.038,2.219,5.387114712800895,,5.387114712800895
382,,,,,,,,,,,,,,,,,,,,,,,,,,,,232,Cade Gibson,MIA,LEFT,RP,54.66666666666666,1,44,44,18,16,3,21,43,4,5,0,0,0,2.634,1.189,2,1,0.037,-1.121,-1.948,-0.506,0.489,0.042,-3.045,2.212,5.370120660079126,,5.370120660079126
383,158,Andrew Benintendi,CHA,116,3,LEFT,470,420,101,57,20,63,40,1,0,0.24,DH| LF,-0.952,-0.128,-0.407,-0.905,-0.643,-3.034,2.236,5.27,5.36124980698921,,,,,,,,,,,,,,,,,,,,,,,,,,,,,,,,,,,5.36124980698921
384,,,,,,,,,,,,,,,,,,,,,,,,,,,,233,Mason Fluharty,TOR,LEFT,RP,52.66666666666665,0,55,36,28,26,6,24,56,5,2,1,0,0,4.443,1.139,0,2,0.0,-0.859,-1.662,-0.415,-0.272,0.159,-3.049,2.208,5.360409772809543,,5.360409772809543
385,,,,,,,,,,,,,,,,,,,,,,,,,,,,234,Pierce Johnson,ATL,RIGHT,RP,58.99999999999999,0,65,52,21,20,8,19,59,3,3,1,0,0,3.051,1.203,8,2,0.136,-1.384,-1.596,-0.415,0.336,0.007,-3.053,2.204,5.350698885539961,,5.350698885539961
386,,,,,,,,,,,,,,,,,,,,,,,,,,,,235,Connor Phillips,CIN,RIGHT,RP,25.0,0,21,11,9,8,3,12,32,5,0,0,0,0,2.88,0.92,2,1,0.08,-0.859,-2.189,-0.506,0.176,0.324,-3.055,2.2019999999999995,5.345843441905169,,5.345843441905169
387,,,,,,,,,,,,,,,,,,,,,,,,,,,,236,Bailey Falter,KCA| PIT,LEFT,SP,125.33333333333331,24,26,115,68,62,19,46,81,7,7,0,0,0,4.452,1.285,12,4,0.096,-0.334,-1.113,-0.506,-0.656,-0.446,-3.056,2.201,5.343415720087774,,5.343415720087774
388,,,,,,,,,,,,,,,,,,,,,,,,,,,,237,Randy Vasquez,SDN,RIGHT,SP,133.66666666666666,26,28,125,59,57,16,52,78,6,7,0,0,0,3.838,1.324,10,3,0.075,-0.597,-1.179,-0.506,-0.059,-0.716,-3.057,2.2,5.3409879982703785,,5.3409879982703785
389,,,,,,,,,,,,,,,,,,,,,,,,,,,,238,Scott Barlow,CIN,RIGHT,RP,68.3333333333333,1,75,50,35,32,8,45,75,6,3,1,0,0,4.215,1.39,13,1,0.19,-0.597,-1.245,-0.415,-0.231,-0.57,-3.058,2.199,5.338560276452983,,5.338560276452983
390,200,Carlos Narvaez,BOS,117,8,RIGHT,446,403,97,51,15,50,38,1,1,0.241,CC,-1.283,-0.632,-1.053,-0.905,-0.609,-4.482,2.1979999999999995,6.68,5.270137332630716,,,,,,,,,,,,,,,,,,,,,,,,,,,,,,,,,,,5.270137332630716
391,,,,,,,,,,,,,,,,,,,,,,,,,,,,239,Cole Sands,MIN,RIGHT,SP| RP,72.0,3,69,65,41,36,7,19,64,4,6,3,0,0,4.5,1.167,7,1,0.097,-1.121,-1.486,-0.233,-0.404,0.128,-3.116,2.141,5.197752411044036,,5.197752411044036
392,,,,,,,,,,,,,,,,,,,,,,,,,,,,240,Taylor Clarke,KCA,RIGHT,RP,55.33333333333334,0,51,38,20,20,8,9,44,1,1,1,0,0,3.253,0.849,3,1,0.054,-1.909,-1.926,-0.415,0.228,0.894,-3.128,2.129,5.1686197492352886,,5.1686197492352886
393,,,,,,,,,,,,,,,,,,,,,,,,,,,,241,Isaac Mattson,PIT,RIGHT,RP,47.66666666666666,0,44,35,14,13,4,19,45,3,3,0,0,0,2.454,1.133,0,0,0.0,-1.384,-1.904,-0.506,0.493,0.158,-3.143,2.114,5.132203921974354,,5.132203921974354
394,,,,,,,,,,,,,,,,,,,,,,,,,,,,242,Mike Burrows,PIT,RIGHT,SP| RP,96.0,19,23,88,43,42,13,31,97,2,4,0,0,0,3.938,1.24,8,2,0.083,-1.646,-0.762,-0.506,-0.117,-0.146,-3.177,2.08,5.0496613801829024,,5.0496613801829024
395,,,,,,,,,,,,,,,,,,,,,,,,,,,,243,Enyel De Los Santos,ATL| HOU,RIGHT,RP,65.99999999999999,0,65,61,35,32,7,24,62,6,3,0,0,0,4.364,1.288,5,1,0.076,-0.597,-1.53,-0.506,-0.3,-0.245,-3.178,2.079,5.047233658365507,,5.047233658365507
396,161,Daylen Lile,WAS,91,7,LEFT,351,321,96,51,9,41,21,8,6,0.299,RF| LF,-1.283,-1.237,-1.5,-0.239,1.09,-3.169,2.1009999999999995,5.27,5.037560753347194,,,,,,,,,,,,,,,,,,,,,,,,,,,,,,,,,,,5.037560753347194
397,126,Corey Seager,TEX,102,2,LEFT,445,380,103,61,21,50,58,3,0,0.271,SS,-0.731,-0.027,-1.053,-0.714,0.395,-2.13,2.095,4.225,5.023174573185328,,,,,,,,,,,,,,,,,,,,,,,,,,,,,,,,,,,5.023174573185328
398,203,Ryan Jeffers,MIN,115,2,RIGHT,464,406,108,47,9,47,50,1,1,0.266,CC| DH,-1.504,-1.237,-1.202,-0.905,0.25,-4.598,2.082,6.68,4.992004516167949,,,,,,,,,,,,,,,,,,,,,,,,,,,,,,,,,,,4.992004516167949
399,162,Jesus Sanchez,HOU| MIA,134,2,LEFT,497,451,107,61,14,48,42,13,3,0.237,RF| LF,-0.731,-0.733,-1.153,0.237,-0.812,-3.191,2.079,5.27,4.984811426087015,,,,,,,,,,,,,,,,,,,,,,,,,,,,,,,,,,,4.984811426087015
400,,,,,,,,,,,,,,,,,,,,,,,,,,,,244,Luis Morales,ATH,RIGHT,SP,48.66666666666666,9,10,38,18,17,8,18,43,4,3,0,0,0,3.144,1.151,4,0,0.082,-1.121,-1.948,-0.506,0.242,0.122,-3.212,2.0449999999999995,4.964691116574056,,4.964691116574056
401,,,,,,,,,,,,,,,,,,,,,,,,,,,,245,Troy Melton,DET,RIGHT,SP| RP,45.66666666666666,4,16,31,15,14,7,15,36,3,2,0,0,0,2.759,1.007,4,4,0.088,-1.384,-2.101,-0.506,0.364,0.411,-3.217,2.04,4.952552507487078,,4.952552507487078
402,95,Ivan Herrera,SLN,107,2,RIGHT,452,388,110,54,19,66,43,8,2,0.284,DH,-1.117,-0.229,-0.258,-0.239,0.81,-1.033,2.05325,3.08625,4.923070736225669,,,,,,,,,,,,,,,,,,,,,,,,,,,,,,,,,,,4.923070736225669
403,129,Anthony Volpe,NYA,149,6,RIGHT,596,539,114,64,19,72,43,18,8,0.212,SS,-0.565,-0.229,0.04,0.713,-2.137,-2.179,2.046,4.225,4.905687435196746,,,,,,,,,,,,,,,,,,,,,,,,,,,,,,,,,,,4.905687435196746
404,163,Nathan Lukes,TOR,129,1,LEFT,438,388,99,55,12,65,38,2,3,0.255,CF| LF| RF,-1.062,-0.935,-0.308,-0.81,-0.115,-3.229,2.0409999999999995,5.27,4.893698951728521,,,,,,,,,,,,,,,,,,,,,,,,,,,,,,,,,,,4.893698951728521
405,206,Gabriel Moreno,ARI,81,6,RIGHT,309,277,79,44,9,40,29,2,2,0.285,CC,-1.67,-1.237,-1.55,-0.81,0.618,-4.649,2.031,6.68,4.8697219847920765,,,,,,,,,,,,,,,,,,,,,,,,,,,,,,,,,,,4.8697219847920765
406,,,,,,,,,,,,,,,,,,,,,,,,,,,,246,Shohei Ohtani,LAN,RIGHT,SP,46.99999999999999,14,14,40,15,15,3,9,62,1,1,0,0,0,2.872,1.043,1,0,0.021,-1.909,-1.53,-0.506,0.333,0.348,-3.264,1.993,4.838449582069484,,4.838449582069484
407,,,,,,,,,,,,,,,,,,,,,,,,,,,,247,Matt Brash,SEA,RIGHT,RP,47.33333333333333,0,53,41,15,13,4,18,58,1,3,4,0,0,2.472,1.246,4,0,0.085,-1.909,-1.618,-0.142,0.483,-0.087,-3.272,1.985,4.819027807530319,,4.819027807530319
408,,,,,,,,,,,,,,,,,,,,,,,,,,,,248,John Schreiber,KCA,RIGHT,RP,64.00000000000001,0,74,57,29,27,10,19,62,3,3,1,0,0,3.797,1.188,0,0,0.0,-1.384,-1.53,-0.415,-0.008,0.054,-3.284,1.973,4.789895145721571,,4.789895145721571
409,,,,,,,,,,,,,,,,,,,,,,,,,,,,249,Taj Bradley,MIN| TBA,RIGHT,SP,142.66666666666666,27,27,131,88,80,19,56,127,6,8,0,0,0,5.047,1.311,7,2,0.049,-0.597,-0.103,-0.506,-1.408,-0.677,-3.291,1.966,4.772901092999802,,4.772901092999802
410,164,Austin Riley,ATL,102,2,RIGHT,447,416,108,54,16,54,27,2,1,0.26,3B,-1.117,-0.531,-0.855,-0.81,0.033,-3.28,1.99,5.27,4.771416420352651,,,,,,,,,,,,,,,,,,,,,,,,,,,,,,,,,,,4.771416420352651
411,,,,,,,,,,,,,,,,,,,,,,,,,,,,250,Shane Bieber,TOR,RIGHT,SP,40.333333333333336,7,7,34,16,16,8,7,37,4,2,0,0,0,3.57,1.016,0,0,0.0,-1.121,-2.079,-0.506,0.066,0.346,-3.295,1.962,4.763190205730219,,4.763190205730219
412,,,,,,,,,,,,,,,,,,,,,,,,,,,,251,Grant Anderson,MIL,RIGHT,RP,69.66666666666666,0,66,59,35,25,8,29,74,2,6,0,0,0,3.23,1.263,6,2,0.086,-1.646,-1.267,-0.506,0.299,-0.18,-3.3,1.957,4.751051596643241,,4.751051596643241
413,165,Noelvi Marte,CIN,88,2,RIGHT,360,339,89,45,14,51,16,10,3,0.263,3B| RF,-1.614,-0.733,-1.004,-0.048,0.11,-3.289,1.9809999999999997,5.27,4.749837150109848,,,,,,,,,,,,,,,,,,,,,,,,,,,,,,,,,,,4.749837150109848
414,,,,,,,,,,,,,,,,,,,,,,,,,,,,252,Jose Alvarado,PHI,LEFT,RP,26.0,0,28,27,12,11,4,7,32,4,2,7,0,0,3.808,1.308,1,1,0.038,-1.121,-2.189,0.132,-0.005,-0.12,-3.304,1.953,4.741340709373659,,4.741340709373659
415,167,Javier Baez,DET,123,9,RIGHT,437,417,107,55,12,57,10,5,1,0.257,SS| 3B| CF,-1.062,-0.935,-0.706,-0.524,-0.073,-3.299,1.971,5.27,4.725860183173404,,,,,,,,,,,,,,,,,,,,,,,,,,,,,,,,,,,4.725860183173404
416,,,,,,,,,,,,,,,,,,,,,,,,,,,,253,Brandon Walter,HOU,LEFT,SP,53.66666666666667,9,9,46,20,20,10,4,52,1,3,0,0,0,3.354,0.932,3,1,0.056,-1.909,-1.75,-0.506,0.179,0.667,-3.32,1.937,4.702497160295328,,4.702497160295328
417,,,,,,,,,,,,,,,,,,,,,,,,,,,,254,Ryan Zeferjahn,ANA,RIGHT,RP,57.00000000000001,1,62,49,31,30,12,35,73,6,5,2,0,0,4.737,1.474,7,0,0.123,-0.597,-1.289,-0.324,-0.425,-0.691,-3.326,1.931,4.687930829390955,,4.687930829390955
418,,,,,,,,,,,,,,,,,,,,,,,,,,,,255,Chris Flexen,CHN,RIGHT,RP,43.66666666666667,1,21,38,18,15,7,12,22,5,1,1,0,0,3.092,1.145,0,2,0.0,-0.859,-2.409,-0.415,0.235,0.121,-3.328,1.929,4.683075385756164,,4.683075385756164
419,,,,,,,,,,,,,,,,,,,,,,,,,,,,256,Danny Coulombe,MIN| TEX,LEFT,RP,42.99999999999999,1,55,32,11,11,3,18,43,2,1,2,0,0,2.302,1.163,7,2,0.163,-1.646,-1.948,-0.324,0.496,0.084,-3.338,1.919,4.658798167582207,,4.658798167582207
420,,,,,,,,,,,,,,,,,,,,,,,,,,,,257,Brennan Bernardino,BOS,LEFT,SP| RP,51.66666666666666,3,55,39,23,18,1,26,43,4,3,1,0,0,3.135,1.258,4,1,0.077,-1.121,-1.948,-0.415,0.26,-0.122,-3.346,1.911,4.639376393043042,,4.639376393043042
421,,,,,,,,,,,,,,,,,,,,,,,,,,,,258,Miles Mikolas,SLN,RIGHT,SP,156.33333333333337,31,31,169,87,84,29,37,100,8,11,0,0,0,4.836,1.318,12,4,0.077,-0.072,-0.696,-0.506,-1.286,-0.791,-3.351,1.906,4.627237783956064,,4.627237783956064
422,168,Josh Jung,TEX,130,6,RIGHT,511,482,121,53,14,61,27,4,1,0.251,3B,-1.173,-0.733,-0.507,-0.619,-0.309,-3.341,1.9289999999999996,5.27,4.625156922040333,,,,,,,,,,,,,,,,,,,,,,,,,,,,,,,,,,,4.625156922040333
423,169,Isaac Paredes,HOU,102,2,RIGHT,438,378,96,53,20,53,50,0,1,0.254,3B,-1.173,-0.128,-0.904,-1.0,-0.15,-3.354,1.9159999999999997,5.27,4.593986865022953,,,,,,,,,,,,,,,,,,,,,,,,,,,,,,,,,,,4.593986865022953
424,,,,,,,,,,,,,,,,,,,,,,,,,,,,259,Hogan Harris,ATH,LEFT,RP,64.66666666666666,0,48,54,26,23,5,33,65,2,1,4,0,0,3.201,1.345,8,1,0.124,-1.646,-1.464,-0.142,0.292,-0.408,-3.368,1.889,4.585966513060338,,4.585966513060338
425,170,Josh Smith,TEX,142,1,LEFT,563,495,124,70,10,35,55,12,3,0.251,SS| 3B| 1B,-0.234,-1.136,-1.798,0.142,-0.34,-3.367,1.903,5.27,4.562816808005574,,,,,,,,,,,,,,,,,,,,,,,,,,,,,,,,,,,4.562816808005574
426,,,,,,,,,,,,,,,,,,,,,,,,,,,,260,Bubba Chandler,PIT,RIGHT,SP| RP,31.33333333333333,4,7,25,14,14,2,4,31,4,1,1,0,0,4.021,0.925,3,0,0.096,-1.121,-2.211,-0.415,-0.059,0.398,-3.409,1.848,4.486429918547118,,4.486429918547118
427,,,,,,,,,,,,,,,,,,,,,,,,,,,,261,Logan Henderson,MIL,RIGHT,SP,25.33333333333333,5,5,17,5,5,3,8,33,3,0,0,0,0,1.776,0.987,1,0,0.039,-1.384,-2.167,-0.506,0.396,0.252,-3.41,1.8469999999999995,4.484002196729722,,4.484002196729722
428,171,Mike Yastrzemski,KCA| SFN,144,1,LEFT,558,477,111,68,17,46,72,7,2,0.233,RF,-0.344,-0.43,-1.252,-0.334,-1.041,-3.402,1.8679999999999997,5.27,4.478897423728015,,,,,,,,,,,,,,,,,,,,,,,,,,,,,,,,,,,4.478897423728015
429,,,,,,,,,,,,,,,,,,,,,,,,,,,,262,Reed Garrett,NYN,RIGHT,RP,55.33333333333333,1,58,47,27,24,5,26,64,3,6,3,0,0,3.904,1.319,3,0,0.054,-1.384,-1.486,-0.233,-0.053,-0.284,-3.44,1.817,4.411170542207853,,4.411170542207853
430,134,Paul Goldschmidt,NYA,139,1,RIGHT,534,489,134,75,10,45,36,5,1,0.274,1B,0.042,-1.136,-1.302,-0.524,0.631,-2.289,1.826,4.115,4.378194162594945,,,,,,,,,,,,,,,,,,,,,,,,,,,,,,,,,,,4.378194162594945
431,,,,,,,,,,,,,,,,,,,,,,,,,,,,263,Brooks Raley,NYN,LEFT,RP,25.666666666666668,0,30,14,7,7,0,6,25,3,1,0,0,0,2.454,0.779,0,0,0.0,-1.384,-2.343,-0.506,0.265,0.496,-3.472,1.7849999999999997,4.333483444051193,,4.333483444051193
432,,,,,,,,,,,,,,,,,,,,,,,,,,,,264,Bailey Ober,MIN,RIGHT,SP,146.33333333333334,27,27,159,84,83,30,31,120,6,9,0,0,0,5.105,1.298,4,4,0.027,-0.597,-0.256,-0.506,-1.51,-0.613,-3.482,1.7749999999999997,4.309206225877237,,4.309206225877237
433,,,,,,,,,,,,,,,,,,,,,,,,,,,,265,Luis Ortiz,CLE,RIGHT,SP,88.66666666666667,16,16,80,44,43,12,42,96,4,9,0,0,0,4.365,1.376,11,1,0.124,-1.121,-0.783,-0.506,-0.404,-0.683,-3.498,1.7589999999999997,4.270362676798906,,4.270362676798906
434,172,Jordan Westburg,BAL,85,2,RIGHT,352,328,87,59,17,41,17,1,2,0.265,3B,-0.841,-0.43,-1.5,-0.905,0.181,-3.496,1.7739999999999996,5.27,4.253513934525428,,,,,,,,,,,,,,,,,,,,,,,,,,,,,,,,,,,4.253513934525428
435,,,,,,,,,,,,,,,,,,,,,,,,,,,,266,Tyler Gilbert,CHA,LEFT,SP| RP,51.00000000000001,5,46,40,24,22,5,24,49,4,2,1,0,0,3.882,1.255,8,2,0.157,-1.121,-1.816,-0.415,-0.04,-0.113,-3.506,1.751,4.250940902259742,,4.250940902259742
436,,,,,,,,,,,,,,,,,,,,,,,,,,,,268,Andrew Saalfrank,ARI,LEFT,RP,29.0,0,28,19,5,4,1,10,19,2,1,3,0,0,1.241,1.0,5,0,0.172,-1.646,-2.475,-0.233,0.574,0.271,-3.509,1.7479999999999998,4.243657736807555,,4.243657736807555
437,,,,,,,,,,,,,,,,,,,,,,,,,,,,267,Sean Burke,CHA,RIGHT,SP| RP,134.33333333333334,22,28,131,76,63,23,63,133,4,11,0,0,0,4.221,1.444,16,5,0.119,-1.121,0.029,-0.506,-0.461,-1.449,-3.509,1.7479999999999998,4.243657736807555,,4.243657736807555
438,,,,,,,,,,,,,,,,,,,,,,,,,,,,270,Chase Shugart,PIT,RIGHT,RP,45.0,0,35,33,18,17,6,17,31,4,3,0,0,0,3.4,1.111,2,0,0.044,-1.121,-2.211,-0.506,0.134,0.193,-3.512,1.7449999999999997,4.236374571355368,,4.236374571355368
439,,,,,,,,,,,,,,,,,,,,,,,,,,,,269,Spencer Bivens,SFN,RIGHT,RP,81.00000000000003,0,54,83,42,36,6,25,61,4,3,3,0,0,4.0,1.333,4,3,0.049,-1.121,-1.552,-0.233,-0.138,-0.467,-3.512,1.7449999999999997,4.236374571355368,,4.236374571355368
440,,,,,,,,,,,,,,,,,,,,,,,,,,,,271,Kolby Allard,CLE,LEFT,RP,65.0,2,33,64,22,19,5,14,42,2,2,0,0,0,2.631,1.2,5,2,0.077,-1.646,-1.97,-0.506,0.583,0.018,-3.522,1.735,4.212097353181412,,4.212097353181412
441,173,Matt Shaw,CHN,121,9,RIGHT,428,384,88,56,13,44,38,17,5,0.229,3B,-1.007,-0.834,-1.351,0.618,-0.953,-3.527,1.7429999999999994,5.27,4.179185337022447,,,,,,,,,,,,,,,,,,,,,,,,,,,,,,,,,,,4.179185337022447
442,,,,,,,,,,,,,,,,,,,,,,,,,,,,272,Dustin May,BOS| LAN,RIGHT,SP,132.33333333333334,23,25,132,78,73,21,56,123,7,11,0,0,0,4.965,1.421,18,6,0.136,-0.334,-0.19,-0.506,-1.221,-1.287,-3.539,1.7179999999999995,4.170826082285686,,4.170826082285686
443,,,,,,,,,,,,,,,,,,,,,,,,,,,,273,Ryan Bergert,KCA| SDN,RIGHT,SP| RP,76.33333333333333,15,19,61,32,31,8,35,73,2,2,0,0,0,3.655,1.258,2,0,0.026,-1.646,-1.289,-0.506,0.075,-0.179,-3.545,1.7119999999999995,4.156259751381312,,4.156259751381312
444,,,,,,,,,,,,,,,,,,,,,,,,,,,,274,Justin Wilson,BOS,LEFT,RP,48.33333333333335,0,61,48,22,18,3,20,57,4,1,0,0,0,3.352,1.407,6,3,0.124,-1.121,-1.64,-0.506,0.162,-0.44,-3.546,1.711,4.153832029563917,,4.153832029563917
445,174,Jake Cronenworth,SDN,135,7,LEFT,515,419,103,61,11,59,69,3,3,0.246,2B,-0.731,-1.036,-0.606,-0.714,-0.453,-3.54,1.7299999999999995,5.27,4.148015280005067,,,,,,,,,,,,,,,,,,,,,,,,,,,,,,,,,,,4.148015280005067
446,,,,,,,,,,,,,,,,,,,,,,,,,,,,275,Jose Butto,NYN| SFN,RIGHT,RP,67.00000000000001,0,55,62,31,29,4,32,58,5,3,1,0,0,3.896,1.403,5,2,0.075,-0.859,-1.618,-0.415,-0.06,-0.598,-3.55,1.707,4.144121142294335,,4.144121142294335
447,,,,,,,,,,,,,,,,,,,,,,,,,,,,276,Yu Darvish,SDN,RIGHT,SP,72.0,15,15,66,44,43,14,19,68,5,5,0,0,0,5.375,1.181,10,3,0.139,-0.859,-1.399,-0.506,-0.895,0.083,-3.576,1.6809999999999996,4.081000375042048,,4.081000375042048
448,,,,,,,,,,,,,,,,,,,,,,,,,,,,277,Cole Winn,TEX,RIGHT,RP,41.66666666666666,0,33,23,8,7,3,17,35,0,1,0,0,0,1.512,0.96,1,1,0.024,-2.171,-2.123,-0.506,0.737,0.464,-3.599,1.6579999999999997,4.025162773241948,,4.025162773241948
449,,,,,,,,,,,,,,,,,,,,,,,,,,,,278,Carlos Vargas,SEA,RIGHT,RP,76.99999999999999,0,70,81,39,34,10,23,54,5,5,1,0,0,3.974,1.351,6,2,0.078,-0.859,-1.706,-0.415,-0.116,-0.505,-3.601,1.6559999999999997,4.020307329607157,,4.020307329607157
450,,,,,,,,,,,,,,,,,,,,,,,,,,,,279,Griffin Jax,MIN| TBA,RIGHT,RP,65.99999999999999,2,73,64,33,31,7,21,99,1,7,0,0,0,4.227,1.288,6,0,0.091,-1.909,-0.718,-0.506,-0.23,-0.245,-3.607,1.6499999999999997,4.005740998702783,,4.005740998702783
451,,,,,,,,,,,,,,,,,,,,,,,,,,,,280,Tommy Nance,TOR,RIGHT,RP,31.666666666666668,0,30,25,11,7,0,7,32,2,0,0,0,0,1.99,1.01,6,0,0.189,-1.646,-2.189,-0.506,0.442,0.28,-3.619,1.6379999999999997,3.976608336894036,,3.976608336894036
452,,,,,,,,,,,,,,,,,,,,,,,,,,,,281,Aaron Civale,CHA| CHN| MIL,RIGHT,SP| RP,102.0,18,23,96,59,55,16,33,88,4,9,1,0,0,4.853,1.265,1,2,0.01,-1.121,-0.959,-0.415,-0.853,-0.271,-3.62,1.6369999999999996,3.97418061507664,,3.97418061507664
453,,,,,,,,,,,,,,,,,,,,,,,,,,,,282,Chase Lee,DET,RIGHT,RP,37.333333333333336,0,32,32,17,17,7,9,36,4,1,0,0,0,4.098,1.098,2,0,0.054,-1.121,-2.101,-0.506,-0.092,0.182,-3.639,1.618,3.928053900546124,,3.928053900546124
454,175,Jurickson Profar,ATL,80,1,SWITCH,371,318,78,56,14,43,48,9,2,0.245,LF,-1.007,-0.733,-1.401,-0.143,-0.358,-3.642,1.6279999999999997,5.27,3.903450217253324,,,,,,,,,,,,,,,,,,,,,,,,,,,,,,,,,,,3.903450217253324
455,,,,,,,,,,,,,,,,,,,,,,,,,,,,283,Chris Martin,TEX,RIGHT,RP,42.333333333333336,0,49,43,18,14,6,8,43,2,6,2,0,0,2.976,1.205,9,1,0.213,-1.646,-1.948,-0.324,0.266,0.002,-3.65,1.6069999999999998,3.901348960554772,,3.901348960554772
456,176,Victor Scott,SLN,132,9,LEFT,463,398,86,54,5,37,42,34,4,0.216,CF,-1.117,-1.641,-1.699,2.236,-1.425,-3.647,1.6229999999999998,5.27,3.891461733785101,,,,,,,,,,,,,,,,,,,,,,,,,,,,,,,,,,,3.891461733785101
457,,,,,,,,,,,,,,,,,,,,,,,,,,,,284,Michael Kelly,ATH,RIGHT,RP,39.66666666666666,0,42,32,17,14,5,19,29,4,4,2,0,0,3.176,1.286,3,1,0.076,-1.121,-2.255,-0.324,0.187,-0.143,-3.657,1.5999999999999996,3.8843549078330017,,3.8843549078330017
458,,,,,,,,,,,,,,,,,,,,,,,,,,,,285,Angel Zerpa,KCA,LEFT,RP,64.66666666666667,2,69,67,30,30,7,22,58,5,2,0,0,0,4.175,1.376,3,0,0.046,-0.859,-1.618,-0.506,-0.199,-0.499,-3.681,1.5759999999999996,3.8260895842155063,,3.8260895842155063
459,,,,,,,,,,,,,,,,,,,,,,,,,,,,286,Juan Mejia,COL,RIGHT,RP,61.33333333333333,0,55,52,34,27,6,25,68,2,2,1,0,0,3.962,1.255,2,1,0.033,-1.646,-1.399,-0.415,-0.087,-0.137,-3.684,1.5729999999999995,3.81880641876332,,3.81880641876332
460,,,,,,,,,,,,,,,,,,,,,,,,,,,,287,Taijuan Walker,PHI,RIGHT,SP| RP,123.66666666666669,21,34,132,62,56,21,42,86,5,8,1,0,0,4.075,1.407,13,3,0.105,-0.859,-1.003,-0.415,-0.284,-1.126,-3.688,1.5689999999999995,3.809095531493737,,3.809095531493737
461,178,Colt Keith,DET,137,1,LEFT,468,414,106,64,13,45,48,1,1,0.256,2B| DH| 3B,-0.565,-0.834,-1.302,-0.905,-0.092,-3.697,1.5729999999999995,5.27,3.771576899102873,,,,,,,,,,,,,,,,,,,,,,,,,,,,,,,,,,,3.771576899102873
462,,,,,,,,,,,,,,,,,,,,,,,,,,,,288,Kyle Bradish,BAL,RIGHT,SP,32.0,6,6,23,9,9,3,10,47,1,1,0,0,0,2.531,1.031,0,1,0.0,-1.909,-1.86,-0.506,0.312,0.253,-3.71,1.5469999999999997,3.7556856515110337,,3.7556856515110337
463,,,,,,,,,,,,,,,,,,,,,,,,,,,,289,Logan Evans,SEA,RIGHT,SP,81.33333333333333,15,16,82,45,39,13,31,59,6,5,0,0,0,4.316,1.389,4,2,0.049,-0.597,-1.596,-0.506,-0.339,-0.676,-3.714,1.5429999999999997,3.7459747642414514,,3.7459747642414514
464,,,,,,,,,,,,,,,,,,,,,,,,,,,,290,Brock Stewart,LAN| MIN,RIGHT,RP,37.66666666666666,0,43,32,11,11,3,13,44,2,2,0,0,0,2.628,1.195,8,1,0.212,-1.646,-1.926,-0.506,0.339,0.019,-3.721,1.5359999999999996,3.728980711519682,,3.728980711519682
465,141,Nathaniel Lowe,BOS| WAS,152,4,LEFT,609,540,123,64,18,84,62,1,0,0.228,1B,-0.565,-0.33,0.636,-0.905,-1.403,-2.566,1.5490000000000004,4.115,3.714032178455406,,,,,,,,,,,,,,,,,,,,,,,,,,,,,,,,,,,3.714032178455406
466,,,,,,,,,,,,,,,,,,,,,,,,,,,,291,Max Scherzer,TOR,RIGHT,SP,85.0,17,17,87,49,49,19,23,82,5,5,0,0,0,5.188,1.294,7,3,0.082,-0.859,-1.091,-0.506,-0.933,-0.339,-3.729,1.5279999999999996,3.7095589369805166,,3.7095589369805166
467,,,,,,,,,,,,,,,,,,,,,,,,,,,,292,Hoby Milner,TEX,LEFT,RP,70.33333333333333,0,73,68,35,30,5,21,58,3,4,0,0,0,3.839,1.265,0,1,0.0,-1.384,-1.618,-0.506,-0.032,-0.189,-3.73,1.5269999999999997,3.7071312151631215,,3.7071312151631215
468,,,,,,,,,,,,,,,,,,,,,,,,,,,,293,Mark Leiter,NYA,RIGHT,RP,48.33333333333333,0,59,57,31,26,5,17,54,6,7,2,0,0,4.841,1.531,7,1,0.145,-0.597,-1.706,-0.324,-0.4,-0.712,-3.738,1.5189999999999997,3.687709440623956,,3.687709440623956
469,,,,,,,,,,,,,,,,,,,,,,,,,,,,294,John Curtiss,ARI,RIGHT,RP,36.66666666666666,0,30,29,18,16,5,5,24,3,2,1,0,0,3.927,0.927,0,0,0.0,-1.384,-2.365,-0.415,-0.042,0.463,-3.743,1.5139999999999998,3.6755708315369775,,3.6755708315369775
470,,,,,,,,,,,,,,,,,,,,,,,,,,,,295,Jack Perkins,ATH,RIGHT,SP| RP,38.66666666666667,4,12,27,18,18,4,18,37,3,2,3,0,0,4.19,1.164,2,0,0.052,-1.384,-2.079,-0.233,-0.123,0.074,-3.746,1.5109999999999997,3.668287666084791,,3.668287666084791
471,,,,,,,,,,,,,,,,,,,,,,,,,,,,296,Ryan Yarbrough,NYA,LEFT,SP| RP,64.0,8,19,58,31,31,13,19,55,3,1,1,0,0,4.359,1.203,7,3,0.109,-1.384,-1.684,-0.415,-0.289,0.008,-3.764,1.493,3.624588673371671,,3.624588673371671
472,,,,,,,,,,,,,,,,,,,,,,,,,,,,297,Bryce Elder,ATL,RIGHT,SP,156.33333333333337,28,28,167,95,92,24,51,131,8,11,0,0,0,5.296,1.395,17,3,0.109,-0.072,-0.015,-0.506,-1.847,-1.335,-3.775,1.4819999999999998,3.597883733380318,,3.597883733380318
473,,,,,,,,,,,,,,,,,,,,,,,,,,,,298,Aaron Bummer,ATL,LEFT,RP,54.333333333333336,2,42,51,27,23,3,17,51,3,2,0,0,0,3.81,1.252,11,1,0.202,-1.384,-1.772,-0.506,-0.012,-0.112,-3.787,1.4699999999999998,3.5687510715715707,,3.5687510715715707
474,,,,,,,,,,,,,,,,,,,,,,,,,,,,299,Ronel Blanco,HOU,RIGHT,SP,48.333333333333336,9,9,37,22,22,7,20,48,3,4,0,0,0,4.097,1.179,5,1,0.103,-1.384,-1.838,-0.506,-0.119,0.058,-3.789,1.4679999999999995,3.563895627936779,,3.563895627936779
475,,,,,,,,,,,,,,,,,,,,,,,,,,,,300,Kirby Yates,LAN,RIGHT,RP,41.33333333333333,0,50,38,26,24,9,17,52,4,3,3,0,0,5.226,1.331,8,1,0.194,-1.121,-1.75,-0.233,-0.466,-0.233,-3.803,1.4539999999999995,3.529907522493241,,3.529907522493241
476,,,,,,,,,,,,,,,,,,,,,,,,,,,,301,Nic Enright,CLE,RIGHT,RP,31.000000000000004,0,27,24,8,7,3,12,30,2,1,1,0,0,2.032,1.161,3,0,0.097,-1.646,-2.233,-0.415,0.423,0.063,-3.809,1.4479999999999995,3.5153411915888664,,3.5153411915888664
477,,,,,,,,,,,,,,,,,,,,,,,,,,,,302,Parker Messick,CLE,LEFT,SP,39.66666666666667,7,7,46,12,12,4,6,38,3,1,0,0,0,2.723,1.311,0,0,0.0,-1.384,-2.058,-0.506,0.327,-0.189,-3.809,1.4479999999999995,3.5153411915888664,,3.5153411915888664
478,147,Masyn Winn,SLN,127,2,RIGHT,537,491,124,72,9,51,34,9,5,0.253,SS,-0.123,-1.237,-1.004,-0.143,-0.253,-2.761,1.4639999999999995,4.225,3.5102279594956176,,,,,,,,,,,,,,,,,,,,,,,,,,,,,,,,,,,3.5102279594956176
479,,,,,,,,,,,,,,,,,,,,,,,,,,,,303,Walker Buehler,BOS| PHI,RIGHT,SP,126.0,24,26,130,73,69,22,61,92,10,7,0,0,0,4.929,1.516,19,2,0.151,0.453,-0.871,-0.506,-1.127,-1.769,-3.821,1.4359999999999995,3.486208529780119,,3.486208529780119
480,,,,,,,,,,,,,,,,,,,,,,,,,,,,304,Steven Wilson,CHA,RIGHT,RP,55.33333333333333,0,59,50,21,21,7,22,51,2,2,2,0,0,3.416,1.301,8,0,0.145,-1.646,-1.772,-0.324,0.158,-0.239,-3.823,1.4339999999999995,3.481353086145328,,3.481353086145328
481,,,,,,,,,,,,,,,,,,,,,,,,,,,,305,David Morgan,SDN,RIGHT,RP,47.333333333333336,2,41,35,14,14,4,23,50,1,2,0,0,0,2.662,1.225,4,2,0.085,-1.909,-1.794,-0.506,0.413,-0.041,-3.838,1.4189999999999996,3.4449372588843934,,3.4449372588843934
482,,,,,,,,,,,,,,,,,,,,,,,,,,,,306,Brenan Hanifee,DET,RIGHT,RP,60.00000000000001,0,54,65,31,20,3,14,40,3,3,0,0,0,3.0,1.317,5,1,0.083,-1.384,-2.014,-0.506,0.365,-0.301,-3.839,1.4179999999999997,3.442509537066998,,3.442509537066998
483,,,,,,,,,,,,,,,,,,,,,,,,,,,,307,Luke Jackson,DET| SEA| TEX,RIGHT,RP,50.99999999999999,0,52,41,30,23,4,28,38,2,5,9,0,0,4.059,1.353,6,0,0.118,-1.646,-2.058,0.314,-0.11,-0.339,-3.84,1.4169999999999998,3.4400818152496027,,3.4400818152496027
484,,,,,,,,,,,,,,,,,,,,,,,,,,,,308,Keider Montero,DET,RIGHT,SP| RP,90.66666666666666,12,20,95,46,44,16,31,72,5,3,0,0,0,4.368,1.39,2,2,0.022,-0.859,-1.311,-0.506,-0.415,-0.755,-3.845,1.4119999999999997,3.427943206162624,,3.427943206162624
485,223,Victor Caratini,HOU,113,6,SWITCH,386,344,89,35,12,46,23,1,0,0.259,CC| DH,-2.167,-0.935,-1.252,-0.905,0.001,-5.257,1.423,6.68,3.4119223950561923,,,,,,,,,,,,,,,,,,,,,,,,,,,,,,,,,,,3.4119223950561923
486,145,Nolan Schanuel,ANA,131,2,LEFT,564,488,129,64,12,53,59,5,1,0.264,1B,-0.565,-0.935,-0.904,-0.524,0.233,-2.696,1.419,4.115,3.402331608281614,,,,,,,,,,,,,,,,,,,,,,,,,,,,,,,,,,,3.402331608281614
487,,,,,,,,,,,,,,,,,,,,,,,,,,,,309,Erik Miller,SFN,LEFT,RP,30.00000000000001,0,36,24,5,5,0,20,22,4,1,0,0,0,1.5,1.467,1,1,0.033,-1.121,-2.409,-0.506,0.534,-0.354,-3.858,1.3989999999999996,3.3963828225364807,,3.3963828225364807
488,,,,,,,,,,,,,,,,,,,,,,,,,,,,310,Taylor Rogers,CHN| CIN,LEFT,RP,50.66666666666666,0,57,47,25,19,7,23,53,3,2,0,0,0,3.375,1.382,5,1,0.099,-1.384,-1.728,-0.506,0.16,-0.403,-3.861,1.3959999999999997,3.389099657084293,,3.389099657084293
489,,,,,,,,,,,,,,,,,,,,,,,,,,,,311,Tyler Ferguson,ATH,RIGHT,RP,58.00000000000001,0,56,43,32,30,4,34,54,4,2,2,0,0,4.655,1.328,6,1,0.103,-1.121,-1.706,-0.324,-0.395,-0.319,-3.866,1.3909999999999996,3.376961047997316,,3.376961047997316
490,180,Brooks Lee,MIN,137,7,SWITCH,527,487,115,50,16,64,31,3,1,0.236,3B| SS| 2B,-1.338,-0.531,-0.358,-0.714,-0.923,-3.864,1.4059999999999997,5.27,3.371161551264234,,,,,,,,,,,,,,,,,,,,,,,,,,,,,,,,,,,3.371161551264234
491,,,,,,,,,,,,,,,,,,,,,,,,,,,,312,Yuki Matsui,SDN,LEFT,RP,63.333333333333336,0,61,53,29,28,10,33,61,3,1,1,0,0,3.979,1.358,5,1,0.079,-1.384,-1.552,-0.415,-0.098,-0.436,-3.885,1.372,3.3308343334668,,3.3308343334668
492,,,,,,,,,,,,,,,,,,,,,,,,,,,,313,Steven Cruz,KCA,RIGHT,RP,45.66666666666667,0,47,36,20,19,5,18,38,3,1,0,0,0,3.744,1.183,0,0,0.0,-1.384,-2.058,-0.506,0.013,0.049,-3.886,1.3709999999999996,3.3284066116494038,,3.3284066116494038
493,181,Jake Meyers,HOU,98,7,RIGHT,381,343,100,53,3,24,31,16,5,0.292,CF,-1.173,-1.842,-2.345,0.523,0.948,-3.889,1.3809999999999998,5.27,3.3112191339231205,,,,,,,,,,,,,,,,,,,,,,,,,,,,,,,,,,,3.3112191339231205
494,,,,,,,,,,,,,,,,,,,,,,,,,,,,314,J. T. Ginn,ATH,RIGHT,SP| RP,90.33333333333331,16,23,92,52,51,17,31,99,4,7,0,0,0,5.081,1.362,10,0,0.111,-1.121,-0.718,-0.506,-0.916,-0.637,-3.898,1.3589999999999995,3.299273949840656,,3.299273949840656
495,,,,,,,,,,,,,,,,,,,,,,,,,,,,315,Hunter Dobbins,BOS,RIGHT,SP,61.0,11,13,61,30,28,6,17,45,4,1,0,0,0,4.131,1.279,1,1,0.016,-1.121,-1.904,-0.506,-0.167,-0.201,-3.899,1.3579999999999997,3.29684622802326,,3.29684622802326
496,,,,,,,,,,,,,,,,,,,,,,,,,,,,316,Eduardo Rodriguez,ARI,LEFT,SP,154.33333333333331,29,29,178,94,86,25,60,143,9,9,0,0,0,5.015,1.542,8,2,0.052,0.19,0.249,-0.506,-1.485,-2.35,-3.902,1.3549999999999995,3.289563062571073,,3.289563062571073
497,,,,,,,,,,,,,,,,,,,,,,,,,,,,317,Chris Murphy,BOS,LEFT,RP,34.66666666666666,0,23,21,12,12,4,20,30,3,0,0,0,0,3.115,1.183,2,0,0.058,-1.384,-2.233,-0.506,0.18,0.037,-3.907,1.3499999999999996,3.277424453484095,,3.277424453484095
498,182,Tyler Freeman,COL,107,1,RIGHT,428,377,106,49,2,31,34,18,9,0.281,RF| DH,-1.393,-1.943,-1.997,0.713,0.713,-3.908,1.3619999999999997,5.27,3.265662896743874,,,,,,,,,,,,,,,,,,,,,,,,,,,,,,,,,,,3.265662896743874
499,183,Miguel Andujar,ATH| CIN,94,4,RIGHT,341,321,102,36,10,44,17,1,0,0.318,LF| DH| 3B,-2.111,-1.136,-1.351,-0.905,1.594,-3.91,1.3599999999999994,5.27,3.260867503356584,,,,,,,,,,,,,,,,,,,,,,,,,,,,,,,,,,,3.260867503356584
500,,,,,,,,,,,,,,,,,,,,,,,,,,,,318,Luis Gil,NYA,RIGHT,SP,56.99999999999999,11,11,47,23,21,5,33,41,4,1,0,0,0,3.316,1.403,2,1,0.035,-1.121,-1.992,-0.506,0.207,-0.51,-3.923,1.3339999999999996,3.238580904405765,,3.238580904405765
501,148,Kyle Manzardo,CLE,142,4,LEFT,531,470,110,47,27,70,48,2,0,0.234,DH| 1B,-1.504,0.578,-0.06,-0.81,-0.973,-2.768,1.3470000000000004,4.115,3.229697446339208,,,,,,,,,,,,,,,,,,,,,,,,,,,,,,,,,,,3.229697446339208
502,,,,,,,,,,,,,,,,,,,,,,,,,,,,319,Max Kranick,NYN,RIGHT,RP,36.99999999999999,0,24,34,15,15,5,5,25,3,2,0,0,0,3.649,1.054,1,1,0.027,-1.384,-2.343,-0.506,0.038,0.255,-3.941,1.3159999999999998,3.194881911692645,,3.194881911692645
503,,,,,,,,,,,,,,,,,,,,,,,,,,,,320,Tommy Kahnle,DET,RIGHT,RP,63.0,0,66,51,32,31,8,31,50,1,5,9,0,0,4.429,1.302,0,0,0.0,-1.909,-1.794,0.314,-0.318,-0.273,-3.979,1.2779999999999996,3.10262848263161,,3.10262848263161
504,,,,,,,,,,,,,,,,,,,,,,,,,,,,321,Martin Perez,CHA,LEFT,SP,55.99999999999999,10,11,40,23,22,6,22,44,1,6,0,0,0,3.536,1.107,4,1,0.071,-1.909,-1.926,-0.506,0.107,0.251,-3.983,1.2739999999999996,3.092917595362028,,3.092917595362028
505,,,,,,,,,,,,,,,,,,,,,,,,,,,,322,Grant Taylor,CHA,RIGHT,RP,36.66666666666667,2,36,37,20,20,0,15,54,2,4,6,0,0,4.909,1.418,6,0,0.164,-1.646,-1.706,0.041,-0.323,-0.352,-3.987,1.2699999999999996,3.083206708092445,,3.083206708092445
506,,,,,,,,,,,,,,,,,,,,,,,,,,,,324,Joel Peguero,SFN,RIGHT,RP,22.33333333333333,0,17,15,7,6,2,8,17,3,1,0,0,0,2.418,1.03,2,0,0.09,-1.384,-2.519,-0.506,0.237,0.178,-3.994,1.2629999999999997,3.066212655370675,,3.066212655370675
507,,,,,,,,,,,,,,,,,,,,,,,,,,,,323,Javier Assad,CHN,RIGHT,SP,37.0,7,8,33,15,15,3,12,23,4,1,0,0,0,3.649,1.216,4,0,0.108,-1.121,-2.387,-0.506,0.038,-0.017,-3.994,1.2629999999999997,3.066212655370675,,3.066212655370675
508,185,Lars Nootbaar,SLN,132,1,LEFT,583,509,119,68,13,48,64,4,5,0.234,LF| RF,-0.344,-0.834,-1.153,-0.619,-1.065,-4.015,1.255,5.27,3.009109350523908,,,,,,,,,,,,,,,,,,,,,,,,,,,,,,,,,,,3.009109350523908
509,,,,,,,,,,,,,,,,,,,,,,,,,,,,325,Brandon Eisert,CHA,LEFT,SP| RP,69.66666666666666,3,72,75,36,34,12,25,74,3,8,2,0,0,4.392,1.435,9,0,0.129,-1.384,-1.267,-0.324,-0.332,-0.724,-4.031,1.226,2.9763869481270384,,2.9763869481270384
510,,,,,,,,,,,,,,,,,,,,,,,,,,,,326,Kody Funderburk,MIN,LEFT,RP,40.99999999999999,0,39,44,17,16,2,18,40,4,1,1,0,0,3.512,1.512,3,0,0.073,-1.121,-2.014,-0.415,0.086,-0.569,-4.033,1.2239999999999993,2.971531504492245,,2.971531504492245
511,,,,,,,,,,,,,,,,,,,,,,,,,,,,327,Dietrich Enns,BAL| DET,LEFT,SP| RP,46.333333333333336,3,24,50,25,21,6,15,49,3,3,2,0,0,4.079,1.403,5,2,0.108,-1.384,-1.816,-0.324,-0.108,-0.413,-4.045,1.2119999999999995,2.942398842683499,,2.942398842683499
512,186,Daulton Varsho,TOR,67,5,LEFT,271,248,59,42,20,55,17,1,0,0.238,CF,-1.78,-0.128,-0.805,-0.905,-0.433,-4.051,1.2189999999999994,5.27,2.922792269552703,,,,,,,,,,,,,,,,,,,,,,,,,,,,,,,,,,,2.922792269552703
513,232,Tyler Stephenson,CIN,88,7,RIGHT,342,299,69,40,13,50,37,0,1,0.231,CC,-1.891,-0.834,-1.053,-1.0,-0.701,-5.479,1.2009999999999996,6.68,2.879633729067101,,,,,,,,,,,,,,,,,,,,,,,,,,,,,,,,,,,2.879633729067101
514,,,,,,,,,,,,,,,,,,,,,,,,,,,,328,Johan Oviedo,PIT,RIGHT,SP,40.333333333333336,9,9,26,17,16,6,23,42,2,1,0,0,0,3.57,1.215,4,2,0.099,-1.646,-1.97,-0.506,0.066,-0.016,-4.072,1.1849999999999996,2.8768503536138166,,2.8768503536138166
515,234,Kyle Teel,CHA,77,5,LEFT,297,253,69,38,8,35,37,3,1,0.273,CC,-2.001,-1.338,-1.798,-0.714,0.299,-5.553,1.1269999999999998,6.68,2.7022041737374054,,,,,,,,,,,,,,,,,,,,,,,,,,,,,,,,,,,2.7022041737374054
516,,,,,,,,,,,,,,,,,,,,,,,,,,,,329,Tyler Alexander,CHA| MIL,LEFT,SP| RP,97.66666666666664,5,52,107,62,54,9,30,82,5,14,1,0,0,4.976,1.403,6,2,0.061,-0.859,-1.091,-0.415,-0.91,-0.87,-4.146,1.1109999999999998,2.6971989391265407,,2.6971989391265407
517,,,,,,,,,,,,,,,,,,,,,,,,,,,,330,Manuel Rodriguez,TBA,RIGHT,RP,30.33333333333333,0,31,26,9,7,2,6,25,1,2,0,0,0,2.077,1.055,6,0,0.198,-1.909,-2.343,-0.506,0.403,0.208,-4.148,1.109,2.69234349549175,,2.69234349549175
518,,,,,,,,,,,,,,,,,,,,,,,,,,,,331,Justin Lawrence,PIT,RIGHT,RP,17.666666666666668,0,17,9,1,1,0,8,23,1,0,0,0,0,0.509,0.962,1,2,0.057,-1.909,-2.387,-0.506,0.451,0.195,-4.156,1.101,2.672921720952585,,2.672921720952585
519,,,,,,,,,,,,,,,,,,,,,,,,,,,,332,Justin Slaten,BOS,RIGHT,RP,33.99999999999999,0,36,27,19,16,3,10,25,2,4,3,0,0,4.235,1.088,2,0,0.059,-1.646,-2.343,-0.233,-0.12,0.181,-4.161,1.096,2.660783111865608,,2.660783111865608
520,,,,,,,,,,,,,,,,,,,,,,,,,,,,333,Jorge Lopez,WAS,RIGHT,RP,24.666666666666668,0,26,25,18,18,1,7,17,6,0,1,0,0,6.568,1.297,4,0,0.162,-0.597,-2.519,-0.415,-0.536,-0.102,-4.169,1.088,2.641361337326442,,2.641361337326442
521,,,,,,,,,,,,,,,,,,,,,,,,,,,,334,Ben Lively,CLE,RIGHT,SP,44.66666666666666,9,9,38,16,16,6,15,29,2,2,0,0,0,3.224,1.187,7,2,0.157,-1.646,-2.255,-0.506,0.194,0.039,-4.175,1.082,2.626795006422068,,2.626795006422068
522,,,,,,,,,,,,,,,,,,,,,,,,,,,,335,Jason Alexander,ATH| HOU,RIGHT,SP| RP,77.33333333333334,13,18,80,45,41,15,26,65,4,2,1,0,0,4.772,1.371,6,2,0.078,-1.121,-1.464,-0.415,-0.597,-0.577,-4.175,1.082,2.626795006422068,,2.626795006422068
523,189,Josh Lowe,TBA,108,5,LEFT,435,396,87,56,11,40,33,18,4,0.22,RF,-1.007,-1.036,-1.55,0.713,-1.298,-4.177,1.093,5.27,2.620682486153491,,,,,,,,,,,,,,,,,,,,,,,,,,,,,,,,,,,2.620682486153491
524,,,,,,,,,,,,,,,,,,,,,,,,,,,,336,Ryan Thompson,ARI,RIGHT,RP,41.33333333333333,0,48,42,21,18,4,13,36,3,2,1,0,0,3.919,1.331,10,2,0.242,-1.384,-2.101,-0.415,-0.045,-0.233,-4.179,1.0779999999999994,2.617084119152484,,2.617084119152484
525,,,,,,,,,,,,,,,,,,,,,,,,,,,,337,Tyler Wells,BAL,RIGHT,SP,21.666666666666668,4,4,17,7,7,4,2,18,2,1,0,0,0,2.908,0.877,3,0,0.138,-1.646,-2.497,-0.506,0.148,0.323,-4.179,1.0779999999999994,2.617084119152484,,2.617084119152484
526,,,,,,,,,,,,,,,,,,,,,,,,,,,,338,Dylan Dodd,ATL,LEFT,RP,35.0,0,28,28,14,14,5,5,30,1,0,0,0,0,3.6,0.943,1,2,0.029,-1.909,-2.233,-0.506,0.049,0.417,-4.182,1.0749999999999993,2.609800953700297,,2.609800953700297
527,,,,,,,,,,,,,,,,,,,,,,,,,,,,339,Erik Sabrowski,CLE,LEFT,RP,29.33333333333333,0,33,14,8,6,2,21,42,0,1,0,0,0,1.841,1.193,5,2,0.17,-2.171,-1.97,-0.506,0.444,0.017,-4.186,1.0709999999999995,2.6000900664307154,,2.6000900664307154
528,,,,,,,,,,,,,,,,,,,,,,,,,,,,340,Colton Gordon,HOU,LEFT,SP| RP,85.99999999999999,14,20,103,54,51,21,19,72,6,4,1,0,0,5.337,1.419,3,0,0.035,-0.597,-1.311,-0.415,-1.044,-0.828,-4.195,1.0619999999999994,2.578240570074154,,2.578240570074154
529,,,,,,,,,,,,,,,,,,,,,,,,,,,,341,Chris Paddack,DET| MIN,RIGHT,SP| RP,158.00000000000003,28,33,166,98,94,31,37,112,5,12,1,0,0,5.354,1.285,8,3,0.051,-0.859,-0.432,-0.415,-1.938,-0.564,-4.209,1.048,2.544252464630617,,2.544252464630617
530,,,,,,,,,,,,,,,,,,,,,,,,,,,,342,Eric Orze,TBA,RIGHT,RP,41.66666666666666,0,33,38,16,14,4,19,40,1,1,3,0,0,3.024,1.368,7,2,0.168,-1.909,-2.014,-0.233,0.246,-0.306,-4.215,1.0419999999999998,2.529686133726243,,2.529686133726243
531,,,,,,,,,,,,,,,,,,,,,,,,,,,,343,Cole Sulser,TBA,RIGHT,RP,22.666666666666668,0,18,20,5,5,1,7,22,2,1,0,0,0,1.985,1.191,3,0,0.132,-1.646,-2.409,-0.506,0.317,0.015,-4.229,1.0279999999999996,2.4956980282827037,,2.4956980282827037
532,,,,,,,,,,,,,,,,,,,,,,,,,,,,344,Elvis Alvarado,ATH,RIGHT,RP,42.33333333333334,0,37,34,17,15,6,22,50,1,1,0,0,0,3.189,1.323,3,2,0.071,-1.909,-1.794,-0.506,0.195,-0.224,-4.238,1.0189999999999992,2.4738485319261416,,2.4738485319261416
533,,,,,,,,,,,,,,,,,,,,,,,,,,,,345,Daysbel Hernandez,ATL,RIGHT,RP,37.0,0,39,27,16,14,3,30,33,4,3,0,0,0,3.405,1.54,4,1,0.108,-1.121,-2.167,-0.506,0.108,-0.561,-4.248,1.0089999999999997,2.449571313752186,,2.449571313752186
534,237,Kyle Higashioka,TEX,93,8,RIGHT,327,303,73,33,11,47,20,3,1,0.241,CC| DH,-2.277,-1.036,-1.202,-0.714,-0.452,-5.682,0.9979999999999992,6.68,2.392901300257257,,,,,,,,,,,,,,,,,,,,,,,,,,,,,,,,,,,2.392901300257257
535,,,,,,,,,,,,,,,,,,,,,,,,,,,,346,Luis Garcia,ANA| LAN| WAS,RIGHT,RP,55.33333333333333,0,58,55,23,21,2,26,48,2,2,2,0,0,3.416,1.464,4,1,0.072,-1.646,-1.838,-0.324,0.158,-0.646,-4.297,0.96,2.3306129446998014,,2.3306129446998014
536,,,,,,,,,,,,,,,,,,,,,,,,,,,,347,Edgardo Henriquez,LAN,RIGHT,RP,19.0,0,22,17,5,5,2,5,18,2,1,1,0,0,2.368,1.158,1,1,0.053,-1.646,-2.497,-0.415,0.209,0.041,-4.308,0.9489999999999998,2.303908004708449,,2.303908004708449
537,,,,,,,,,,,,,,,,,,,,,,,,,,,,348,Sean Manaea,NYN,LEFT,SP| RP,60.66666666666666,12,15,62,38,38,13,12,75,2,4,0,0,0,5.637,1.22,4,2,0.066,-1.646,-1.245,-0.506,-0.878,-0.038,-4.313,0.944,2.2917693956214715,,2.2917693956214715
538,,,,,,,,,,,,,,,,,,,,,,,,,,,,349,AJ Smith-Shawver,ATL,RIGHT,SP,44.33333333333333,9,9,42,20,19,4,21,42,3,2,0,0,0,3.857,1.421,7,1,0.158,-1.384,-1.97,-0.506,-0.026,-0.432,-4.318,0.939,2.2796307865344936,,2.2796307865344936
539,191,Ryan McMahon,COL| NYA,151,4,LEFT,586,509,109,62,20,53,70,3,1,0.214,3B,-0.676,-0.128,-0.904,-0.714,-1.905,-4.328,0.9419999999999992,5.27,2.2586302854131626,,,,,,,,,,,,,,,,,,,,,,,,,,,,,,,,,,,2.2586302854131626
540,,,,,,,,,,,,,,,,,,,,,,,,,,,,350,Tim Herrin,CLE,LEFT,RP,42.66666666666666,0,54,37,23,23,5,30,45,5,4,0,0,0,4.852,1.57,6,1,0.141,-0.859,-1.904,-0.506,-0.356,-0.704,-4.33,0.9269999999999996,2.250498124725745,,2.250498124725745
541,,,,,,,,,,,,,,,,,,,,,,,,,,,,351,Lou Trivino,LAN| PHI| SFN,RIGHT,RP,47.66666666666668,2,47,46,23,21,6,18,37,3,2,0,0,0,3.965,1.343,3,0,0.063,-1.384,-2.079,-0.506,-0.068,-0.295,-4.333,0.9239999999999996,2.243214959273558,,2.243214959273558
542,,,,,,,,,,,,,,,,,,,,,,,,,,,,352,Ryan Gusto,HOU| MIA,RIGHT,SP| RP,101.66666666666669,17,27,114,67,64,17,36,97,7,7,0,0,0,5.666,1.475,8,1,0.079,-0.334,-0.762,-0.506,-1.494,-1.241,-4.337,0.92,2.2335040720039765,,2.2335040720039765
543,,,,,,,,,,,,,,,,,,,,,,,,,,,,353,Connelly Early,BOS,LEFT,SP,19.33333333333333,4,4,17,6,5,0,4,29,1,2,0,0,0,2.328,1.086,1,1,0.052,-1.909,-2.255,-0.506,0.219,0.105,-4.346,0.9109999999999996,2.211654575647415,,2.211654575647415
544,,,,,,,,,,,,,,,,,,,,,,,,,,,,354,Jonathan Bowlan,KCA,RIGHT,RP,44.33333333333333,1,34,37,21,19,6,17,46,1,2,0,0,0,3.857,1.218,3,2,0.068,-1.909,-1.882,-0.506,-0.026,-0.024,-4.347,0.9099999999999993,2.2092268538300184,,2.2092268538300184
545,,,,,,,,,,,,,,,,,,,,,,,,,,,,355,Tristan Beck,SFN,RIGHT,RP,56.66666666666666,1,31,47,29,29,7,16,41,1,0,2,0,0,4.606,1.112,3,0,0.053,-1.909,-1.992,-0.324,-0.364,0.242,-4.347,0.9099999999999993,2.2092268538300184,,2.2092268538300184
546,,,,,,,,,,,,,,,,,,,,,,,,,,,,356,Rob Zastryzny,MIL,LEFT,RP,22.0,1,26,16,7,6,3,10,20,2,1,0,0,0,2.454,1.182,1,0,0.045,-1.646,-2.453,-0.506,0.228,0.024,-4.354,0.9029999999999996,2.19223280110825,,2.19223280110825
547,,,,,,,,,,,,,,,,,,,,,,,,,,,,357,Ian Hamilton,NYA,RIGHT,RP,40.0,1,36,28,20,19,5,22,42,2,1,0,0,0,4.275,1.25,0,0,0.0,-1.646,-1.97,-0.506,-0.154,-0.08,-4.356,0.9009999999999998,2.1873773574734594,,2.1873773574734594
548,,,,,,,,,,,,,,,,,,,,,,,,,,,,358,Aaron Nola,PHI,RIGHT,SP,94.33333333333331,17,17,99,65,63,18,28,97,5,10,0,0,0,6.011,1.346,5,3,0.053,-0.859,-0.762,-0.506,-1.64,-0.6,-4.367,0.8899999999999997,2.160672417482107,,2.160672417482107
549,,,,,,,,,,,,,,,,,,,,,,,,,,,,359,DL Hall,MIL,LEFT,SP| RP,38.66666666666666,3,20,24,15,15,2,17,27,1,0,0,0,0,3.491,1.06,0,0,0.0,-1.909,-2.299,-0.506,0.087,0.255,-4.372,0.8849999999999998,2.148533808395129,,2.148533808395129
550,,,,,,,,,,,,,,,,,,,,,,,,,,,,360,Jose Suarez,ATL,LEFT,RP,19.333333333333336,1,7,15,5,4,1,10,16,2,0,1,0,0,1.862,1.293,2,0,0.103,-1.646,-2.541,-0.415,0.289,-0.076,-4.389,0.8679999999999994,2.1072625374994027,,2.1072625374994027
551,194,Wenceel Perez,DET,98,6,SWITCH,383,344,84,47,13,43,31,8,3,0.244,CF| RF,-1.504,-0.834,-1.401,-0.239,-0.419,-4.396,0.8739999999999997,5.27,2.0955869102453346,,,,,,,,,,,,,,,,,,,,,,,,,,,,,,,,,,,2.0955869102453346
552,193,Max Kepler,PHI,126,6,LEFT,474,417,90,58,18,52,48,3,0,0.216,LF| RF,-0.896,-0.33,-0.954,-0.714,-1.502,-4.396,0.8739999999999997,5.27,2.0955869102453346,,,,,,,,,,,,,,,,,,,,,,,,,,,,,,,,,,,2.0955869102453346
553,,,,,,,,,,,,,,,,,,,,,,,,,,,,361,Hayden Birdsong,SFN,RIGHT,SP| RP,65.66666666666667,10,21,61,42,35,10,37,68,4,4,0,0,0,4.797,1.492,1,1,0.015,-1.121,-1.399,-0.506,-0.52,-0.852,-4.399,0.8579999999999997,2.082985319325447,,2.082985319325447
554,,,,,,,,,,,,,,,,,,,,,,,,,,,,362,Max Meyer,MIA,RIGHT,SP,64.66666666666667,12,12,72,39,34,12,20,68,3,5,0,0,0,4.732,1.423,3,1,0.046,-1.384,-1.399,-0.506,-0.48,-0.635,-4.403,0.8540000000000001,2.0732744320558654,,2.0732744320558654
555,,,,,,,,,,,,,,,,,,,,,,,,,,,,363,Jose Fermin,ANA,RIGHT,RP,34.33333333333333,0,40,25,21,17,8,23,39,3,2,0,0,0,4.456,1.398,1,0,0.029,-1.384,-2.036,-0.506,-0.181,-0.299,-4.405,0.8519999999999994,2.0684189884210724,,2.0684189884210724
556,195,Mark Vientos,NYN,121,5,RIGHT,463,424,99,44,17,61,30,1,0,0.233,3B| DH,-1.67,-0.43,-0.507,-0.905,-0.898,-4.409,0.8609999999999998,5.27,2.0644168532279554,,,,,,,,,,,,,,,,,,,,,,,,,,,,,,,,,,,2.0644168532279554
557,,,,,,,,,,,,,,,,,,,,,,,,,,,,364,Ben Brown,CHN,RIGHT,SP| RP,106.33333333333331,15,25,121,73,70,18,32,121,5,8,1,0,0,5.925,1.439,8,0,0.075,-0.859,-0.234,-0.415,-1.777,-1.122,-4.408,0.8489999999999993,2.0611358229688856,,2.0611358229688856
558,,,,,,,,,,,,,,,,,,,,,,,,,,,,365,Ryan Weathers,MIA,LEFT,SP,38.333333333333336,8,8,37,20,17,7,12,37,2,2,0,0,0,3.991,1.278,5,0,0.13,-1.646,-2.079,-0.506,-0.063,-0.125,-4.421,0.8359999999999994,2.0295754393427425,,2.0295754393427425
559,,,,,,,,,,,,,,,,,,,,,,,,,,,,366,Justin Martinez,ARI,RIGHT,RP,15.333333333333332,0,17,7,8,7,1,12,22,1,2,5,0,0,4.109,1.239,0,0,0.0,-1.909,-2.409,-0.051,-0.039,-0.023,-4.43,0.827,2.007725942986183,,2.007725942986183
560,,,,,,,,,,,,,,,,,,,,,,,,,,,,367,Justin Steele,CHN,LEFT,SP,22.666666666666668,4,4,21,12,12,5,5,21,3,1,0,0,0,4.765,1.147,0,1,0.0,-1.384,-2.431,-0.506,-0.174,0.061,-4.435,0.8220000000000001,1.9955873338992052,,1.9955873338992052
561,,,,,,,,,,,,,,,,,,,,,,,,,,,,368,Zebby Matthews,MIN,RIGHT,SP,79.33333333333333,16,16,94,50,49,12,24,88,5,6,0,0,0,5.559,1.487,5,0,0.063,-0.859,-0.959,-0.506,-1.1,-1.011,-4.436,0.8209999999999997,1.993159612081809,,1.993159612081809
562,196,Cam Smith,HOU,133,8,RIGHT,493,441,104,54,9,51,43,8,1,0.236,RF,-1.117,-1.237,-1.004,-0.239,-0.847,-4.444,0.8259999999999996,5.27,1.980497468950396,,,,,,,,,,,,,,,,,,,,,,,,,,,,,,,,,,,1.980497468950396
563,197,Adam Frazier,KCA| PIT,134,6,LEFT,459,419,112,43,7,44,26,8,6,0.267,2B| LF,-1.725,-1.439,-1.351,-0.239,0.304,-4.45,0.8199999999999994,5.27,1.966111288788528,,,,,,,,,,,,,,,,,,,,,,,,,,,,,,,,,,,1.966111288788528
564,166,Josh Bell,WAS,140,3,SWITCH,533,468,111,54,22,63,57,0,3,0.237,DH| 1B,-1.117,0.074,-0.407,-1.0,-0.846,-3.297,0.8180000000000001,4.115,1.9613158954012408,,,,,,,,,,,,,,,,,,,,,,,,,,,,,,,,,,,1.9613158954012408
565,198,Royce Lewis,MIN,105,7,RIGHT,403,376,89,36,13,52,25,12,2,0.237,3B,-2.111,-0.834,-0.954,0.142,-0.695,-4.452,0.8179999999999996,5.27,1.9613158954012395,,,,,,,,,,,,,,,,,,,,,,,,,,,,,,,,,,,1.9613158954012395
566,199,Gavin Lux,CIN,140,5,LEFT,503,446,120,49,5,53,56,1,0,0.269,LF| DH,-1.393,-1.641,-0.904,-0.905,0.389,-4.454,0.8159999999999998,5.27,1.9565205020139511,,,,,,,,,,,,,,,,,,,,,,,,,,,,,,,,,,,1.9565205020139511
567,,,,,,,,,,,,,,,,,,,,,,,,,,,,369,David Festa,MIN,RIGHT,SP,53.33333333333334,10,11,49,35,32,10,19,53,3,4,0,0,0,5.4,1.275,5,3,0.094,-1.384,-1.728,-0.506,-0.673,-0.167,-4.458,0.7989999999999995,1.9397497320991048,,1.9397497320991048
568,,,,,,,,,,,,,,,,,,,,,,,,,,,,370,Jackson Jobe,DET,RIGHT,SP,49.0,10,10,46,24,23,7,27,39,4,1,0,0,0,4.224,1.49,5,1,0.102,-1.121,-2.036,-0.506,-0.169,-0.63,-4.463,0.7939999999999996,1.927611123012127,,1.927611123012127
569,,,,,,,,,,,,,,,,,,,,,,,,,,,,371,Gregory Soto,BAL| NYN,LEFT,RP,60.333333333333336,0,70,62,33,28,4,24,70,1,5,1,0,0,4.177,1.425,12,0,0.199,-1.909,-1.355,-0.415,-0.186,-0.6,-4.464,0.7929999999999993,1.9251834011947304,,1.9251834011947304
570,,,,,,,,,,,,,,,,,,,,,,,,,,,,372,Yimi Garcia,TOR,RIGHT,RP,21.0,0,22,13,10,9,2,12,25,1,2,3,0,0,3.857,1.19,2,1,0.095,-1.909,-2.343,-0.233,-0.012,0.015,-4.482,0.7749999999999995,1.8814844084816091,,1.8814844084816091
571,,,,,,,,,,,,,,,,,,,,,,,,,,,,373,Hunter Harvey,KCA,RIGHT,RP,10.666666666666666,0,12,6,0,0,0,1,11,1,0,0,0,0,0.0,0.656,0,0,0.0,-1.909,-2.651,-0.506,0.314,0.266,-4.486,0.7709999999999999,1.871773521212028,,1.871773521212028
572,,,,,,,,,,,,,,,,,,,,,,,,,,,,374,Andrew Chafin,ANA| WAS,LEFT,RP,33.66666666666667,0,42,29,11,9,2,19,36,1,1,0,0,0,2.406,1.426,3,4,0.089,-1.909,-2.101,-0.506,0.361,-0.335,-4.491,0.766,1.8596349121250504,,1.8596349121250504
573,,,,,,,,,,,,,,,,,,,,,,,,,,,,375,Kade Strowd,BAL,RIGHT,RP,26.33333333333333,0,25,16,6,5,1,13,24,0,1,0,0,0,1.709,1.101,1,0,0.038,-2.171,-2.365,-0.506,0.425,0.125,-4.492,0.7649999999999997,1.8572071903076537,,1.8572071903076537
574,,,,,,,,,,,,,,,,,,,,,,,,,,,,376,Landon Knack,LAN,RIGHT,SP| RP,42.333333333333336,7,10,40,25,23,10,19,42,3,2,1,0,0,4.89,1.394,3,0,0.071,-1.384,-1.97,-0.415,-0.366,-0.36,-4.495,0.7619999999999996,1.8499240248554665,,1.8499240248554665
575,,,,,,,,,,,,,,,,,,,,,,,,,,,,377,Andrew Alvarez,WAS,LEFT,SP,23.33333333333333,5,5,16,8,6,1,10,20,1,1,0,0,0,2.314,1.114,1,0,0.043,-1.909,-2.453,-0.506,0.267,0.097,-4.504,0.7530000000000001,1.8280745284989075,,1.8280745284989075
576,,,,,,,,,,,,,,,,,,,,,,,,,,,,378,Luinder Avila,KCA,RIGHT,RP,14.000000000000002,0,13,7,2,2,0,6,16,1,1,0,0,0,1.286,0.929,1,0,0.071,-1.909,-2.541,-0.506,0.272,0.176,-4.508,0.7489999999999997,1.818363641229324,,1.818363641229324
577,,,,,,,,,,,,,,,,,,,,,,,,,,,,379,Seth Halvorsen,COL,RIGHT,RP,39.66666666666666,0,42,41,26,22,7,21,36,1,2,11,0,0,4.992,1.563,2,2,0.05,-1.909,-2.101,0.496,-0.374,-0.642,-4.53,0.7269999999999994,1.7649537612466193,,1.7649537612466193
578,,,,,,,,,,,,,,,,,,,,,,,,,,,,380,Justin Topa,MIN,RIGHT,RP,59.99999999999999,1,54,68,32,26,2,18,49,1,5,4,0,0,3.9,1.433,7,0,0.117,-1.909,-1.816,-0.142,-0.056,-0.618,-4.54,0.7169999999999996,1.7406765430726634,,1.7406765430726634
579,,,,,,,,,,,,,,,,,,,,,,,,,,,,381,Rico Garcia,BAL| NYA| NYN,RIGHT,RP,34.333333333333336,1,29,31,12,12,5,10,38,0,2,0,0,0,3.146,1.194,1,0,0.029,-2.171,-2.058,-0.506,0.17,0.018,-4.547,0.71,1.723682490350895,,1.723682490350895
580,202,Isiah Kiner-Falefa,PIT| TOR,132,9,RIGHT,459,431,113,45,2,40,17,15,4,0.262,SS| 3B,-1.614,-1.943,-1.55,0.428,0.127,-4.553,0.7169999999999996,5.27,1.7191485293431403,,,,,,,,,,,,,,,,,,,,,,,,,,,,,,,,,,,1.7191485293431403
581,,,,,,,,,,,,,,,,,,,,,,,,,,,,382,Albert Suarez,BAL,RIGHT,RP,11.666666666666666,1,5,9,4,3,0,2,10,2,0,0,0,0,2.314,0.943,2,1,0.171,-1.646,-2.673,-0.506,0.133,0.139,-4.553,0.7039999999999997,1.7091161594465205,,1.7091161594465205
582,,,,,,,,,,,,,,,,,,,,,,,,,,,,383,Ryne Stanek,NYN,RIGHT,RP,55.99999999999999,0,65,56,39,33,7,32,58,4,6,3,0,0,5.304,1.571,1,0,0.018,-1.121,-1.618,-0.233,-0.665,-0.927,-4.565,0.6919999999999993,1.679983497637772,,1.679983497637772
583,,,,,,,,,,,,,,,,,,,,,,,,,,,,384,Casey Legumina,SEA,RIGHT,RP,49.66666666666667,1,48,47,36,31,7,25,55,4,6,0,0,0,5.617,1.45,1,0,0.02,-1.121,-1.684,-0.506,-0.711,-0.548,-4.571,0.6859999999999999,1.6654171667334,,1.6654171667334
584,,,,,,,,,,,,,,,,,,,,,,,,,,,,385,Kaleb Ort,HOU,RIGHT,RP,46.0,0,49,35,26,25,8,27,49,2,2,1,0,0,4.891,1.348,5,1,0.109,-1.646,-1.816,-0.415,-0.398,-0.296,-4.571,0.6859999999999999,1.6654171667334,,1.6654171667334
585,,,,,,,,,,,,,,,,,,,,,,,,,,,,386,Nabil Crismatt,ARI,RIGHT,SP| RP,34.0,5,8,40,20,14,6,9,25,3,0,0,0,0,3.706,1.441,5,0,0.147,-1.384,-2.343,-0.506,0.02,-0.362,-4.576,0.681,1.653278557646422,,1.653278557646422
586,,,,,,,,,,,,,,,,,,,,,,,,,,,,387,Chase Burns,CIN,RIGHT,SP| RP,43.333333333333336,8,13,41,25,22,5,16,67,0,3,0,0,0,4.569,1.315,4,1,0.092,-2.171,-1.421,-0.506,-0.266,-0.215,-4.579,0.6779999999999999,1.6459953921942347,,1.6459953921942347
587,245,Patrick Bailey,SFN,129,8,SWITCH,452,409,91,47,6,55,30,1,0,0.222,CC,-1.504,-1.54,-0.805,-0.905,-1.244,-5.998,0.6819999999999995,6.68,1.6352291450655807,,,,,,,,,,,,,,,,,,,,,,,,,,,,,,,,,,,1.6352291450655807
588,,,,,,,,,,,,,,,,,,,,,,,,,,,,388,Dan Altavilla,CHA,RIGHT,RP,29.000000000000004,0,28,19,9,8,4,15,21,0,1,2,0,0,2.483,1.172,1,0,0.034,-2.171,-2.431,-0.324,0.294,0.044,-4.588,0.6689999999999996,1.624145895837673,,1.624145895837673
589,,,,,,,,,,,,,,,,,,,,,,,,,,,,389,Charlie Morton,ATL| BAL| DET,RIGHT,SP| RP,142.0,27,33,152,94,92,23,72,149,9,11,0,0,0,5.831,1.577,10,2,0.07,0.19,0.381,-0.506,-2.27,-2.39,-4.595,0.6619999999999999,1.6071518431159046,,1.6071518431159046
590,,,,,,,,,,,,,,,,,,,,,,,,,,,,390,Emerson Hancock,SEA,RIGHT,SP| RP,90.00000000000001,16,22,93,51,49,15,31,64,4,5,0,0,0,4.9,1.378,4,5,0.044,-1.121,-1.486,-0.506,-0.785,-0.7,-4.6,0.657,1.595013234028927,,1.595013234028927
591,,,,,,,,,,,,,,,,,,,,,,,,,,,,391,Wikelman Gonzalez,CHA,RIGHT,RP,20.333333333333336,0,16,13,9,6,1,12,25,1,0,0,0,0,2.656,1.23,2,0,0.098,-1.909,-2.343,-0.506,0.178,-0.022,-4.601,0.6559999999999997,1.5925855122115304,,1.5925855122115304
592,,,,,,,,,,,,,,,,,,,,,,,,,,,,392,Yoendrys Gomez,CHA| LAN| NYA,RIGHT,SP| RP,62.66666666666667,9,21,60,40,36,12,27,58,3,3,1,0,0,5.17,1.388,6,1,0.096,-1.384,-1.618,-0.415,-0.679,-0.518,-4.614,0.6429999999999998,1.5610251285853876,,1.5610251285853876
593,,,,,,,,,,,,,,,,,,,,,,,,,,,,393,Yohan Ramirez,PIT,RIGHT,RP,33.33333333333334,0,24,33,25,20,4,16,45,3,3,0,0,0,5.4,1.47,1,0,0.03,-1.384,-1.904,-0.506,-0.421,-0.399,-4.614,0.6429999999999998,1.5610251285853876,,1.5610251285853876
594,,,,,,,,,,,,,,,,,,,,,,,,,,,,394,PJ Poulin,WAS,LEFT,RP,24.666666666666664,0,28,23,10,10,2,13,27,2,1,1,0,0,3.649,1.46,3,0,0.122,-1.646,-2.299,-0.415,0.025,-0.283,-4.618,0.6389999999999993,1.551314241315804,,1.551314241315804
595,247,Liam Hicks,MIA,119,4,LEFT,390,332,82,37,6,45,43,2,0,0.247,CC| DH| 1B,-2.056,-1.54,-1.302,-0.81,-0.326,-6.034,0.6459999999999999,6.68,1.548912064094378,,,,,,,,,,,,,,,,,,,,,,,,,,,,,,,,,,,1.548912064094378
596,,,,,,,,,,,,,,,,,,,,,,,,,,,,395,Brent Headrick,NYA,LEFT,RP,23.0,0,17,17,8,8,4,7,30,0,0,0,0,0,3.13,1.044,0,1,0.0,-2.171,-2.233,-0.506,0.117,0.169,-4.625,0.6319999999999997,1.5343201885940354,,1.5343201885940354
597,,,,,,,,,,,,,,,,,,,,,,,,,,,,396,Mason Englert,TBA,RIGHT,RP,44.66666666666666,0,29,43,20,19,4,11,44,0,1,0,0,0,3.828,1.209,3,0,0.067,-2.171,-1.926,-0.506,-0.016,-0.006,-4.626,0.6309999999999993,1.531892466776639,,1.531892466776639
598,,,,,,,,,,,,,,,,,,,,,,,,,,,,398,Trevor McDonald,SFN,RIGHT,P,15.0,2,3,13,6,3,1,2,14,1,0,0,0,0,1.8,1.0,0,0,0.0,-1.909,-2.585,-0.506,0.232,0.14,-4.628,0.6289999999999996,1.5270370231418482,,1.5270370231418482
599,,,,,,,,,,,,,,,,,,,,,,,,,,,,397,Kyle Hart,SDN,LEFT,SP| RP,43.00000000000001,6,20,38,28,28,9,13,37,3,3,0,0,0,5.861,1.186,1,1,0.023,-1.384,-2.079,-0.506,-0.697,0.039,-4.628,0.6289999999999996,1.5270370231418482,,1.5270370231418482
600,204,Roman Anthony,BOS,71,1,LEFT,303,257,75,48,8,32,40,4,1,0.292,RF,-1.449,-1.338,-1.947,-0.619,0.716,-4.637,0.633,5.27,1.5177420070769991,,,,,,,,,,,,,,,,,,,,,,,,,,,,,,,,,,,1.5177420070769991
601,,,,,,,,,,,,,,,,,,,,,,,,,,,,399,Kyle Freeland,COL,LEFT,SP,162.66666666666663,31,31,193,105,90,22,38,124,5,17,0,0,0,4.979,1.42,5,2,0.031,-0.859,-0.168,-0.506,-1.52,-1.578,-4.632,0.625,1.5173261358722667,,1.5173261358722667
602,,,,,,,,,,,,,,,,,,,,,,,,,,,,400,David Robertson,PHI,RIGHT,RP,17.666666666666668,0,20,18,9,8,4,8,22,2,0,2,0,0,4.075,1.472,0,1,0.0,-1.646,-2.409,-0.324,-0.041,-0.213,-4.633,0.6239999999999997,1.5148984140548702,,1.5148984140548702
603,,,,,,,,,,,,,,,,,,,,,,,,,,,,401,Tony Gonsolin,LAN,RIGHT,SP,36.0,7,7,33,21,20,9,18,38,3,2,0,0,0,5.0,1.417,2,1,0.056,-1.384,-2.058,-0.506,-0.342,-0.344,-4.634,0.6229999999999993,1.5124706922374738,,1.5124706922374738
604,205,Luis Rengifo,ANA,146,7,SWITCH,541,501,119,55,9,43,33,10,7,0.238,3B| 2B,-1.062,-1.237,-1.401,-0.048,-0.891,-4.64,0.6299999999999999,5.27,1.510548916996065,,,,,,,,,,,,,,,,,,,,,,,,,,,,,,,,,,,1.510548916996065
605,,,,,,,,,,,,,,,,,,,,,,,,,,,,402,Rafael Montero,ATL| DET| HOU,RIGHT,RP,60.333333333333336,0,59,42,34,30,5,37,58,1,2,0,0,0,4.475,1.309,2,1,0.033,-1.909,-1.618,-0.506,-0.327,-0.283,-4.642,0.6149999999999993,1.4930489176983088,,1.4930489176983088
606,,,,,,,,,,,,,,,,,,,,,,,,,,,,403,Connor Brogdon,ANA,RIGHT,RP,46.99999999999999,0,43,45,31,29,11,18,49,3,2,0,0,0,5.553,1.34,2,3,0.043,-1.384,-1.816,-0.506,-0.649,-0.286,-4.642,0.6149999999999993,1.4930489176983088,,1.4930489176983088
607,,,,,,,,,,,,,,,,,,,,,,,,,,,,404,Robert Stephenson,ANA,RIGHT,RP,10.0,0,12,7,4,3,1,3,10,2,0,0,0,0,2.7,1.0,2,1,0.2,-1.646,-2.673,-0.506,0.084,0.093,-4.648,0.609,1.4784825867939366,,1.4784825867939366
608,,,,,,,,,,,,,,,,,,,,,,,,,,,,405,Cristian Javier,HOU,RIGHT,SP,36.99999999999999,8,8,32,22,19,3,15,34,2,4,0,0,0,4.622,1.27,6,4,0.162,-1.646,-2.145,-0.506,-0.243,-0.108,-4.648,0.609,1.4784825867939366,,1.4784825867939366
609,,,,,,,,,,,,,,,,,,,,,,,,,,,,406,Jake Bird,COL| NYA,RIGHT,RP,55.333333333333336,0,48,60,37,34,7,25,66,4,2,0,0,0,5.53,1.536,2,3,0.036,-1.121,-1.442,-0.506,-0.755,-0.828,-4.653,0.6040000000000001,1.466343977706959,,1.466343977706959
610,207,Kody Clemens,MIN| PHI,112,5,LEFT,386,348,74,45,19,52,29,5,1,0.213,2B| 1B,-1.614,-0.229,-0.954,-0.524,-1.347,-4.668,0.6019999999999994,5.27,1.4434134095740168,,,,,,,,,,,,,,,,,,,,,,,,,,,,,,,,,,,1.4434134095740168
611,,,,,,,,,,,,,,,,,,,,,,,,,,,,407,Konnor Pilkington,WAS,LEFT,RP,28.333333333333336,0,32,22,16,14,7,17,34,2,0,0,0,0,4.447,1.377,0,1,0.0,-1.646,-2.145,-0.506,-0.147,-0.219,-4.664,0.593,1.4396390377156063,,1.4396390377156063
612,,,,,,,,,,,,,,,,,,,,,,,,,,,,408,Cade Cavalli,WAS,RIGHT,SP,48.66666666666666,10,10,57,28,23,7,15,40,3,1,0,0,0,4.253,1.48,5,2,0.103,-1.384,-2.014,-0.506,-0.179,-0.603,-4.686,0.5709999999999997,1.3862291577329022,,1.3862291577329022
613,,,,,,,,,,,,,,,,,,,,,,,,,,,,409,Hayden Wesneski,HOU,RIGHT,SP,32.0,6,6,29,16,16,7,6,29,1,3,0,0,0,4.5,1.094,2,1,0.062,-1.909,-2.255,-0.506,-0.179,0.163,-4.687,0.5699999999999994,1.3838014359155058,,1.3838014359155058
614,,,,,,,,,,,,,,,,,,,,,,,,,,,,410,Jaden Hill,COL,RIGHT,RP,29.33333333333333,0,28,27,14,11,2,12,31,1,1,0,0,0,3.375,1.329,4,0,0.136,-1.909,-2.211,-0.506,0.093,-0.164,-4.698,0.5589999999999993,1.3570964959241536,,1.3570964959241536
615,,,,,,,,,,,,,,,,,,,,,,,,,,,,411,Cole Henry,WAS,RIGHT,RP,52.66666666666666,0,57,43,27,25,7,32,52,1,2,2,0,0,4.272,1.424,10,0,0.19,-1.909,-1.75,-0.324,-0.202,-0.52,-4.705,0.5519999999999996,1.340102443202385,,1.340102443202385
616,,,,,,,,,,,,,,,,,,,,,,,,,,,,412,Grant Holman,ATH,RIGHT,RP,23.0,2,22,26,14,13,3,9,17,4,2,0,0,0,5.087,1.522,0,0,0.0,-1.121,-2.519,-0.506,-0.234,-0.329,-4.71,0.5469999999999997,1.3279638341154072,,1.3279638341154072
617,,,,,,,,,,,,,,,,,,,,,,,,,,,,413,Jesus Tinoco,MIA,RIGHT,RP,19.33333333333333,0,20,17,12,11,1,8,10,2,1,4,0,0,5.121,1.293,2,1,0.103,-1.646,-2.673,-0.142,-0.202,-0.076,-4.739,0.5179999999999998,1.2575599014109342,,1.2575599014109342
618,,,,,,,,,,,,,,,,,,,,,,,,,,,,414,Tobias Myers,MIL,RIGHT,SP| RP,50.66666666666666,6,22,54,21,20,5,15,38,1,2,0,0,0,3.553,1.362,0,2,0.0,-1.909,-2.058,-0.506,0.09,-0.358,-4.74,0.5169999999999995,1.2551321795935375,,1.2551321795935375
619,,,,,,,,,,,,,,,,,,,,,,,,,,,,415,Ryan Pressly,CHN,RIGHT,RP,41.33333333333333,0,44,46,24,20,6,17,28,2,3,5,0,0,4.355,1.524,2,2,0.048,-1.646,-2.277,-0.051,-0.185,-0.596,-4.755,0.5019999999999998,1.218716352332604,,1.218716352332604
620,,,,,,,,,,,,,,,,,,,,,,,,,,,,416,Dylan Smith,DET,RIGHT,RP,13.000000000000002,0,7,6,2,2,0,5,4,1,0,0,0,0,1.385,0.846,0,1,0.0,-1.909,-2.804,-0.506,0.243,0.212,-4.765,0.492,1.1944391341586484,,1.1944391341586484
621,,,,,,,,,,,,,,,,,,,,,,,,,,,,417,Yennier Cano,BAL,RIGHT,RP,58.000000000000014,0,65,62,36,33,7,24,53,3,7,2,0,0,5.121,1.483,12,4,0.207,-1.384,-1.728,-0.324,-0.606,-0.727,-4.769,0.4879999999999995,1.1847282468890648,,1.1847282468890648
622,,,,,,,,,,,,,,,,,,,,,,,,,,,,418,Joe Boyle,TBA,RIGHT,SP| RP,52.0,9,13,43,33,27,6,28,58,1,4,0,0,0,4.673,1.365,11,2,0.212,-1.909,-1.618,-0.506,-0.362,-0.375,-4.77,0.4870000000000001,1.1823005250716705,,1.1823005250716705
623,,,,,,,,,,,,,,,,,,,,,,,,,,,,419,Zach Eflin,BAL,RIGHT,SP,71.33333333333333,14,14,88,48,47,18,13,50,6,5,0,0,0,5.93,1.416,2,3,0.028,-0.597,-1.794,-0.506,-1.195,-0.678,-4.771,0.4859999999999997,1.179872803254274,,1.179872803254274
624,210,Nolan Arenado,SLN,106,4,RIGHT,436,401,95,48,12,52,28,3,0,0.237,3B,-1.449,-0.935,-0.954,-0.714,-0.734,-4.786,0.484,5.27,1.1604851997239614,,,,,,,,,,,,,,,,,,,,,,,,,,,,,,,,,,,1.1604851997239614
625,,,,,,,,,,,,,,,,,,,,,,,,,,,,420,Brent Suter,CIN,LEFT,SP| RP,67.66666666666666,3,48,69,38,34,11,18,53,1,2,0,0,0,4.522,1.286,0,1,0.0,-1.909,-1.728,-0.506,-0.391,-0.244,-4.779,0.4779999999999997,1.160451028715109,,1.160451028715109
626,211,Tommy Pham,PIT,115,4,RIGHT,449,392,96,43,10,52,50,5,3,0.245,LF,-1.725,-1.136,-0.954,-0.524,-0.454,-4.793,0.4769999999999994,5.27,1.143701322868448,,,,,,,,,,,,,,,,,,,,,,,,,,,,,,,,,,,1.143701322868448
627,,,,,,,,,,,,,,,,,,,,,,,,,,,,421,Michael Tonkin,MIN,RIGHT,RP,24.0,0,21,20,13,13,3,8,19,2,1,0,0,0,4.875,1.167,2,1,0.083,-1.646,-2.475,-0.506,-0.205,0.043,-4.79,0.4669999999999996,1.1337460887237567,,1.1337460887237567
628,256,Pedro Pages,SLN,107,8,RIGHT,389,361,83,38,11,45,19,0,0,0.23,CC,-2.001,-1.036,-1.302,-1.0,-0.873,-6.211,0.4689999999999994,6.68,1.1245197493192918,,,,,,,,,,,,,,,,,,,,,,,,,,,,,,,,,,,1.1245197493192918
629,,,,,,,,,,,,,,,,,,,,,,,,,,,,422,Jackson Kowar,SEA,RIGHT,RP,17.0,0,15,14,8,8,4,7,15,2,0,0,0,0,4.235,1.235,2,0,0.118,-1.646,-2.563,-0.506,-0.06,-0.023,-4.798,0.4589999999999996,1.1143243141845918,,1.1143243141845918
630,212,Jeff McNeil,NYN,122,5,LEFT,462,399,97,42,12,54,49,3,0,0.243,2B| CF,-1.78,-0.935,-0.855,-0.714,-0.522,-4.806,0.4639999999999995,5.27,1.112531265851069,,,,,,,,,,,,,,,,,,,,,,,,,,,,,,,,,,,1.112531265851069
631,,,,,,,,,,,,,,,,,,,,,,,,,,,,423,Richard Fitts,BOS,RIGHT,SP,45.0,10,11,43,27,25,11,16,40,2,4,0,0,0,5.0,1.311,3,1,0.067,-1.646,-2.014,-0.506,-0.428,-0.214,-4.808,0.4489999999999998,1.090047096010636,,1.090047096010636
632,,,,,,,,,,,,,,,,,,,,,,,,,,,,424,Kyle Harrison,BOS| SFN,LEFT,SP| RP,35.666666666666664,6,11,35,16,16,4,14,38,1,1,0,0,0,4.037,1.374,2,1,0.056,-1.909,-2.058,-0.506,-0.071,-0.271,-4.815,0.4419999999999993,1.0730530432888652,,1.0730530432888652
633,,,,,,,,,,,,,,,,,,,,,,,,,,,,425,Trent Thornton,SEA,RIGHT,RP,42.333333333333336,0,33,41,23,22,6,14,32,2,0,0,0,0,4.677,1.299,5,1,0.118,-1.646,-2.189,-0.506,-0.296,-0.179,-4.817,0.4399999999999995,1.0681975996540745,,1.0681975996540745
634,,,,,,,,,,,,,,,,,,,,,,,,,,,,426,Paul Sewald,CLE| DET,RIGHT,RP,19.666666666666668,0,22,18,11,10,4,6,20,1,1,2,0,0,4.576,1.22,3,0,0.153,-1.909,-2.453,-0.324,-0.122,-0.013,-4.82,0.4369999999999994,1.0609144342018877,,1.0609144342018877
635,,,,,,,,,,,,,,,,,,,,,,,,,,,,427,Chris Devenski,NYN,RIGHT,RP,16.666666666666664,1,13,10,4,4,1,5,14,0,0,0,0,0,2.16,0.9,2,1,0.12,-2.171,-2.585,-0.506,0.211,0.231,-4.821,0.4359999999999999,1.0584867123844932,,1.0584867123844932
636,258,Logan O'Hoppe,ANA,119,5,RIGHT,451,423,90,35,19,43,24,2,1,0.213,CC,-2.167,-0.229,-1.401,-0.81,-1.633,-6.239,0.4409999999999998,6.68,1.0573842418972454,,,,,,,,,,,,,,,,,,,,,,,,,,,,,,,,,,,1.0573842418972454
637,,,,,,,,,,,,,,,,,,,,,,,,,,,,428,Tyler Anderson,ANA,LEFT,SP,136.33333333333334,26,26,135,73,69,28,57,104,2,8,0,0,0,4.555,1.408,9,1,0.066,-1.646,-0.608,-0.506,-0.823,-1.249,-4.833,0.4239999999999995,1.0293540505757446,,1.0293540505757446
638,177,Spencer Horwitz,PIT,108,1,LEFT,411,364,99,55,11,51,44,0,1,0.272,1B,-1.062,-1.036,-1.004,-1.0,0.407,-3.694,0.4210000000000002,4.115,1.0094303080243554,,,,,,,,,,,,,,,,,,,,,,,,,,,,,,,,,,,1.0094303080243554
639,,,,,,,,,,,,,,,,,,,,,,,,,,,,429,Hunter Strickland,ANA,RIGHT,RP,22.0,0,19,17,9,8,2,10,14,1,2,1,0,0,3.273,1.227,1,2,0.045,-1.909,-2.585,-0.415,0.087,-0.021,-4.843,0.4139999999999997,1.0050768324017887,,1.0050768324017887
640,,,,,,,,,,,,,,,,,,,,,,,,,,,,430,Anthony DeSclafani,ARI,RIGHT,SP| RP,38.66666666666666,4,13,37,23,22,11,12,36,1,2,2,0,0,5.121,1.267,7,0,0.181,-1.909,-2.101,-0.324,-0.404,-0.107,-4.845,0.4119999999999999,1.000221388766998,,1.000221388766998
641,,,,,,,,,,,,,,,,,,,,,,,,,,,,431,Clayton Beeter,NYA| WAS,RIGHT,RP,25.333333333333336,0,26,13,12,12,3,18,33,0,3,1,0,0,4.263,1.224,3,1,0.118,-2.171,-2.167,-0.415,-0.095,-0.02,-4.869,0.3879999999999999,0.9419560651495028,,0.9419560651495028
642,179,Wilmer Flores,SFN,125,5,RIGHT,463,419,101,44,16,71,34,1,0,0.241,DH| 1B,-1.67,-0.531,-0.01,-0.905,-0.621,-3.737,0.3780000000000001,4.115,0.9063293501976396,,,,,,,,,,,,,,,,,,,,,,,,,,,,,,,,,,,0.9063293501976396
643,213,Alek Thomas,ARI,135,8,LEFT,469,433,108,50,9,38,21,7,4,0.249,CF,-1.338,-1.237,-1.649,-0.334,-0.337,-4.896,0.3739999999999996,5.27,0.8967385634230602,,,,,,,,,,,,,,,,,,,,,,,,,,,,,,,,,,,0.8967385634230602
644,,,,,,,,,,,,,,,,,,,,,,,,,,,,432,Nick Sandlin,TOR,RIGHT,RP,16.333333333333332,0,19,11,7,4,2,8,16,0,2,1,0,0,2.204,1.163,0,1,0.0,-2.171,-2.541,-0.415,0.201,0.032,-4.895,0.3620000000000001,0.8788352978972171,,0.8788352978972171
645,263,Bo Naylor,CLE,119,8,LEFT,414,359,70,46,14,47,45,1,2,0.195,CC,-1.559,-0.733,-1.202,-0.905,-1.922,-6.321,0.359,6.68,0.8607731130183928,,,,,,,,,,,,,,,,,,,,,,,,,,,,,,,,,,,0.8607731130183928
646,,,,,,,,,,,,,,,,,,,,,,,,,,,,433,Cade Povich,BAL,LEFT,SP,112.33333333333336,20,22,125,70,65,17,43,118,3,8,0,0,0,5.208,1.496,4,3,0.036,-1.384,-0.3,-0.506,-1.25,-1.473,-4.914,0.3429999999999999,0.8327085833667,,0.8327085833667
647,,,,,,,,,,,,,,,,,,,,,,,,,,,,434,Joey Lucchesi,SFN,LEFT,RP,38.33333333333333,0,38,35,17,16,4,12,31,0,1,0,0,0,3.756,1.226,0,0,0.0,-2.171,-2.211,-0.506,0.007,-0.035,-4.916,0.3409999999999993,0.827853139731907,,0.827853139731907
648,,,,,,,,,,,,,,,,,,,,,,,,,,,,435,Luis Mey,CIN,RIGHT,RP,21.0,0,23,17,8,8,3,17,21,2,0,0,0,0,3.429,1.619,0,0,0.0,-1.646,-2.431,-0.506,0.058,-0.393,-4.919,0.3380000000000001,0.820569974279722,,0.820569974279722
649,214,Angel Martinez,CLE,135,2,SWITCH,484,446,100,55,11,45,23,8,2,0.224,CF| 2B,-1.062,-1.036,-1.302,-0.239,-1.292,-4.93,0.3399999999999998,5.27,0.815216875839146,,,,,,,,,,,,,,,,,,,,,,,,,,,,,,,,,,,0.815216875839146
650,,,,,,,,,,,,,,,,,,,,,,,,,,,,436,Will Klein,LAN,RIGHT,RP,15.333333333333334,0,14,14,6,4,0,10,21,1,1,0,0,0,2.348,1.565,2,0,0.13,-1.909,-2.431,-0.506,0.171,-0.25,-4.924,0.3329999999999993,0.8084313651927421,,0.8084313651927421
651,,,,,,,,,,,,,,,,,,,,,,,,,,,,437,Ron Marinaccio,SDN,RIGHT,RP,10.666666666666668,0,7,6,1,1,0,4,12,0,0,0,0,0,0.844,0.938,1,0,0.094,-2.171,-2.629,-0.506,0.244,0.13,-4.932,0.3249999999999993,0.789009590653577,,0.789009590653577
652,,,,,,,,,,,,,,,,,,,,,,,,,,,,438,Evan Sisk,KCA| PIT,LEFT,RP,17.666666666666664,0,19,16,7,7,1,10,25,1,1,0,0,0,3.566,1.472,4,1,0.226,-1.909,-2.343,-0.506,0.03,-0.213,-4.941,0.3159999999999998,0.7671600942970177,,0.7671600942970177
653,265,Francisco Alvarez,NYN,74,7,RIGHT,277,246,63,32,11,32,27,0,0,0.256,CC,-2.332,-1.036,-1.947,-1.0,-0.053,-6.369,0.3109999999999999,6.68,0.7456836717234544,,,,,,,,,,,,,,,,,,,,,,,,,,,,,,,,,,,0.7456836717234544
654,,,,,,,,,,,,,,,,,,,,,,,,,,,,439,Dauri Moreta,PIT,RIGHT,RP,16.666666666666668,0,18,16,8,6,2,7,19,1,1,0,0,0,3.24,1.38,3,1,0.18,-1.909,-2.475,-0.506,0.07,-0.131,-4.951,0.306,0.7428828761230619,,0.7428828761230619
655,,,,,,,,,,,,,,,,,,,,,,,,,,,,440,Zack Kelly,BOS,RIGHT,RP,35.333333333333336,0,28,35,21,18,3,12,35,1,3,0,0,0,4.585,1.33,2,0,0.057,-1.909,-2.123,-0.506,-0.221,-0.199,-4.959,0.298,0.7234611015838969,,0.7234611015838969
656,215,Willi Castro,CHN| MIN,119,7,SWITCH,454,402,91,58,11,33,40,10,4,0.226,2B| LF| 3B| RF,-0.896,-1.036,-1.898,-0.048,-1.092,-4.97,0.2999999999999998,5.27,0.7193090080933641,,,,,,,,,,,,,,,,,,,,,,,,,,,,,,,,,,,0.7193090080933641
657,,,,,,,,,,,,,,,,,,,,,,,,,,,,441,Ryan Borucki,PIT| TOR,LEFT,RP,35.0,0,39,29,20,18,4,16,32,1,3,0,0,0,4.629,1.286,2,2,0.057,-1.909,-2.189,-0.506,-0.231,-0.126,-4.962,0.2949999999999999,0.7161779361317098,,0.7161779361317098
658,216,Ke'Bryan Hayes,CIN| PIT,150,6,RIGHT,570,527,124,50,5,49,36,12,3,0.235,3B,-1.338,-1.641,-1.103,0.142,-1.036,-4.976,0.2939999999999996,5.27,0.7049228279314962,,,,,,,,,,,,,,,,,,,,,,,,,,,,,,,,,,,0.7049228279314962
659,150,Giancarlo Stanton,NYA,77,4,RIGHT,281,249,68,36,24,66,29,0,0,0.273,DH,-2.111,0.276,-0.258,-1.0,0.302,-2.793,0.29325,3.08625,0.7031245554112638,,,,,,,,,,,,,,,,,,,,,,,,,,,,,,,,,,,0.7031245554112638
660,,,,,,,,,,,,,,,,,,,,,,,,,,,,442,Seth Johnson,PHI,RIGHT,RP,12.666666666666666,0,10,11,8,6,3,4,17,1,1,0,0,0,4.263,1.184,1,0,0.079,-1.909,-2.519,-0.506,-0.048,0.013,-4.969,0.2879999999999993,0.699183883409939,,0.699183883409939
661,,,,,,,,,,,,,,,,,,,,,,,,,,,,443,A. J. Minter,NYN,LEFT,RP,11.0,0,13,6,2,2,0,5,14,0,0,0,0,0,1.636,1.0,1,0,0.091,-2.171,-2.585,-0.506,0.184,0.103,-4.976,0.2809999999999997,0.6821898306881704,,0.6821898306881704
662,,,,,,,,,,,,,,,,,,,,,,,,,,,,444,Jake Irvin,WAS,RIGHT,SP,180.00000000000006,33,33,195,120,114,38,62,124,9,13,0,0,0,5.7,1.428,10,3,0.056,0.19,-0.168,-0.506,-2.693,-1.808,-4.986,0.2709999999999999,0.6579126125142146,,0.6579126125142146
663,,,,,,,,,,,,,,,,,,,,,,,,,,,,445,Mitchell Parker,WAS,LEFT,SP| RP,164.66666666666663,30,33,178,116,104,25,58,103,9,16,1,0,0,5.684,1.433,2,0,0.012,0.19,-0.63,-0.415,-2.444,-1.695,-4.993,0.2639999999999993,0.6409185597924438,,0.6409185597924438
664,,,,,,,,,,,,,,,,,,,,,,,,,,,,446,Andrew Heaney,LAN| PIT,LEFT,SP| RP,122.33333333333334,23,27,129,77,75,25,40,86,5,10,0,0,0,5.518,1.381,7,1,0.057,-0.859,-1.003,-0.506,-1.657,-0.972,-4.998,0.2589999999999994,0.628779950705466,,0.628779950705466
665,,,,,,,,,,,,,,,,,,,,,,,,,,,,447,Justin Hagenman,NYN,RIGHT,RP,23.666666666666664,1,9,24,13,12,4,2,23,0,1,1,0,0,4.563,1.099,1,0,0.042,-2.171,-2.387,-0.415,-0.144,0.115,-5.003,0.2539999999999995,0.6166413416184882,,0.6166413416184882
666,184,Colson Montgomery,CHA,71,3,LEFT,284,255,61,43,21,55,25,0,0,0.239,SS,-1.725,-0.027,-0.805,-1.0,-0.417,-3.974,0.2509999999999994,4.225,0.6018218701047803,,,,,,,,,,,,,,,,,,,,,,,,,,,,,,,,,,,0.6018218701047803
667,218,Chase Meidroth,CHA,119,1,RIGHT,505,450,114,54,5,23,45,14,4,0.253,2B| SS,-1.117,-1.641,-2.395,0.332,-0.202,-5.022,0.2479999999999993,5.27,0.5946287800238463,,,,,,,,,,,,,,,,,,,,,,,,,,,,,,,,,,,0.5946287800238463
668,,,,,,,,,,,,,,,,,,,,,,,,,,,,448,Kumar Rocker,TEX,RIGHT,SP,64.33333333333334,14,14,71,42,41,11,23,56,4,5,0,0,0,5.736,1.461,11,0,0.171,-1.121,-1.662,-0.506,-0.981,-0.744,-5.014,0.2429999999999994,0.5899364016271359,,0.5899364016271359
669,,,,,,,,,,,,,,,,,,,,,,,,,,,,449,Mitch Spence,ATH,RIGHT,SP| RP,84.66666666666666,8,32,96,57,48,16,26,66,3,6,1,0,0,5.102,1.441,5,2,0.059,-1.384,-1.442,-0.415,-0.872,-0.901,-5.015,0.242,0.5875086798097416,,0.5875086798097416
670,,,,,,,,,,,,,,,,,,,,,,,,,,,,450,Scott Blewett,ATL| BAL| MIN,RIGHT,RP,44.333333333333336,2,26,45,29,27,9,18,35,3,0,0,0,0,5.481,1.421,5,2,0.113,-1.384,-2.123,-0.506,-0.588,-0.432,-5.033,0.2239999999999993,0.5438096870966187,,0.5438096870966187
671,,,,,,,,,,,,,,,,,,,,,,,,,,,,451,Trey Yesavage,TOR,RIGHT,SP,14.0,3,3,13,5,5,0,7,16,1,0,0,0,0,3.214,1.429,0,0,0.0,-1.909,-2.541,-0.506,0.062,-0.141,-5.035,0.2219999999999995,0.538954243461828,,0.538954243461828
672,,,,,,,,,,,,,,,,,,,,,,,,,,,,452,Cam Booser,CHA,LEFT,RP,31.000000000000004,0,39,28,22,19,8,19,35,2,4,1,0,0,5.516,1.516,0,1,0.0,-1.646,-2.123,-0.415,-0.419,-0.436,-5.04,0.2169999999999996,0.5268156343748501,,0.5268156343748501
673,,,,,,,,,,,,,,,,,,,,,,,,,,,,453,Chad Green,TOR,RIGHT,RP,43.66666666666666,0,45,51,28,27,14,13,35,3,2,1,0,0,5.565,1.466,5,6,0.115,-1.384,-2.123,-0.415,-0.607,-0.514,-5.044,0.213,0.5171047471052687,,0.5171047471052687
674,,,,,,,,,,,,,,,,,,,,,,,,,,,,455,Bryce Miller,SEA,RIGHT,SP,90.33333333333334,18,18,93,57,57,17,34,74,4,6,0,0,0,5.679,1.406,14,3,0.155,-1.121,-1.267,-0.506,-1.337,-0.818,-5.05,0.2069999999999998,0.5025384162008943,,0.5025384162008943
675,,,,,,,,,,,,,,,,,,,,,,,,,,,,454,Hunter Bigge,TBA,RIGHT,RP,15.0,0,13,11,4,4,4,5,12,0,0,0,0,0,2.4,1.067,1,0,0.067,-2.171,-2.629,-0.506,0.162,0.095,-5.05,0.2069999999999998,0.5025384162008943,,0.5025384162008943
676,272,Edgar Quero,CHA,111,5,SWITCH,403,365,98,31,5,36,32,0,1,0.268,CC| DH,-2.388,-1.641,-1.749,-1.0,0.301,-6.476,0.2039999999999997,6.68,0.4891301255034872,,,,,,,,,,,,,,,,,,,,,,,,,,,,,,,,,,,0.4891301255034872
677,219,Heriberto Hernandez,MIA,86,4,RIGHT,294,256,68,40,10,45,31,1,1,0.266,LF| DH,-1.891,-1.136,-1.302,-0.905,0.15,-5.084,0.1859999999999999,5.27,0.4459715850178858,,,,,,,,,,,,,,,,,,,,,,,,,,,,,,,,,,,0.4459715850178858
678,273,Sean Murphy,ATL,93,6,RIGHT,337,291,58,34,16,45,35,0,0,0.199,CC,-2.222,-0.531,-1.302,-1.0,-1.452,-6.507,0.173,6.68,0.4148015280005069,,,,,,,,,,,,,,,,,,,,,,,,,,,,,,,,,,,0.4148015280005069
679,,,,,,,,,,,,,,,,,,,,,,,,,,,,456,JT Brubaker,NYA| SFN,RIGHT,RP,28.666666666666664,1,17,23,12,12,0,12,22,0,0,0,0,0,3.767,1.221,2,2,0.07,-2.171,-2.409,-0.506,0.003,-0.019,-5.103,0.1539999999999999,0.3738691598789263,,0.3738691598789263
680,,,,,,,,,,,,,,,,,,,,,,,,,,,,457,Brandon Waddell,NYN,LEFT,RP,31.33333333333333,1,11,29,12,12,4,11,22,0,0,0,0,0,3.447,1.277,1,0,0.032,-2.171,-2.409,-0.506,0.082,-0.1,-5.105,0.1519999999999992,0.3690137162441334,,0.3690137162441334
681,,,,,,,,,,,,,,,,,,,,,,,,,,,,458,Shawn Dubin,BAL| HOU,RIGHT,RP,33.666666666666664,0,30,37,19,19,6,11,28,2,0,0,0,0,5.079,1.426,1,1,0.03,-1.646,-2.277,-0.506,-0.341,-0.335,-5.106,0.1509999999999998,0.3665859944267391,,0.3665859944267391
682,274,Danny Jansen,MIL| TBA,98,9,RIGHT,337,288,62,38,14,36,42,0,0,0.215,CC,-2.001,-0.733,-1.749,-1.0,-1.051,-6.533,0.1469999999999993,6.68,0.352461413965747,,,,,,,,,,,,,,,,,,,,,,,,,,,,,,,,,,,0.352461413965747
683,,,,,,,,,,,,,,,,,,,,,,,,,,,,459,Max Lazar,PHI,RIGHT,RP,41.333333333333336,0,36,41,23,22,7,12,26,1,1,1,0,0,4.79,1.282,1,1,0.024,-1.909,-2.321,-0.415,-0.325,-0.143,-5.113,0.1439999999999992,0.3495919417049684,,0.3495919417049684
684,,,,,,,,,,,,,,,,,,,,,,,,,,,,460,Valente Bellozo,MIA,RIGHT,SP| RP,81.33333333333334,6,32,85,44,42,15,23,54,1,4,0,0,0,4.647,1.328,1,5,0.012,-1.909,-1.706,-0.506,-0.55,-0.449,-5.12,0.1369999999999995,0.3325978889831998,,0.3325978889831998
685,,,,,,,,,,,,,,,,,,,,,,,,,,,,461,Kyle Nicolas,PIT,RIGHT,RP,37.99999999999999,0,31,34,21,20,3,18,34,1,2,0,0,0,4.737,1.368,3,0,0.079,-1.909,-2.145,-0.506,-0.283,-0.28,-5.123,0.1339999999999994,0.3253147235310126,,0.3253147235310126
686,,,,,,,,,,,,,,,,,,,,,,,,,,,,462,Jose Castillo,ARI| BAL| NYN| SEA,LEFT,RP,32.0,0,29,40,18,14,4,14,30,2,2,0,0,0,3.938,1.688,4,2,0.125,-1.646,-2.233,-0.506,-0.039,-0.698,-5.123,0.1339999999999994,0.3253147235310126,,0.3253147235310126
687,,,,,,,,,,,,,,,,,,,,,,,,,,,,463,Tanner Gordon,COL,RIGHT,SP,75.33333333333333,15,15,96,60,53,16,17,62,6,8,0,0,0,6.332,1.5,5,0,0.066,-0.597,-1.53,-0.506,-1.498,-1.003,-5.135,0.1219999999999998,0.2961820617222662,,0.2961820617222662
688,,,,,,,,,,,,,,,,,,,,,,,,,,,,464,Andre Granillo,SLN,RIGHT,RP,21.0,0,14,22,11,11,3,7,18,1,0,1,0,0,4.714,1.381,1,1,0.048,-1.909,-2.497,-0.415,-0.153,-0.166,-5.14,0.1169999999999999,0.2840434526352883,,0.2840434526352883
689,,,,,,,,,,,,,,,,,,,,,,,,,,,,465,Jayden Murray,HOU,RIGHT,RP,11.666666666666666,1,9,10,2,2,0,3,8,0,0,0,0,0,1.543,1.114,0,0,0.0,-2.171,-2.717,-0.506,0.204,0.048,-5.142,0.1149999999999993,0.2791880090004954,,0.2791880090004954
690,,,,,,,,,,,,,,,,,,,,,,,,,,,,466,Collin Snider,SEA,RIGHT,RP,26.333333333333336,0,24,32,20,16,3,6,24,2,1,0,0,0,5.468,1.443,1,0,0.038,-1.646,-2.365,-0.506,-0.346,-0.283,-5.147,0.1099999999999994,0.2670493999135175,,0.2670493999135175
691,,,,,,,,,,,,,,,,,,,,,,,,,,,,467,Gordon Graceffo,SLN,RIGHT,RP,43.0,0,26,50,33,30,2,13,40,3,1,1,0,0,6.279,1.465,2,1,0.047,-1.384,-2.014,-0.415,-0.838,-0.505,-5.155,0.1019999999999994,0.2476276253743525,,0.2476276253743525
692,220,Jakob Marsee,MIA,55,2,LEFT,234,209,61,28,5,33,22,14,6,0.292,CF,-2.553,-1.641,-1.898,0.332,0.583,-5.176,0.0939999999999994,5.27,0.2253834892025861,,,,,,,,,,,,,,,,,,,,,,,,,,,,,,,,,,,0.2253834892025861
693,,,,,,,,,,,,,,,,,,,,,,,,,,,,468,Craig Kimbrel,ATL| HOU,RIGHT,RP,12.0,0,14,10,4,3,2,7,17,0,1,0,0,0,2.25,1.417,4,3,0.333,-2.171,-2.519,-0.506,0.143,-0.115,-5.168,0.0889999999999995,0.2160672417482096,,0.2160672417482096
694,,,,,,,,,,,,,,,,,,,,,,,,,,,,469,Easton Lucas,TOR,LEFT,SP,24.333333333333336,5,6,25,18,18,5,12,23,3,3,0,0,0,6.657,1.52,1,0,0.041,-1.384,-2.387,-0.506,-0.546,-0.347,-5.17,0.0869999999999997,0.2112117981134189,,0.2112117981134189
695,,,,,,,,,,,,,,,,,,,,,,,,,,,,470,Blake Treinen,LAN,RIGHT,RP,26.66666666666667,0,32,30,18,16,4,19,36,2,7,2,0,0,5.4,1.837,11,1,0.412,-1.646,-2.101,-0.324,-0.337,-0.763,-5.171,0.0859999999999994,0.2087840762960224,,0.2087840762960224
696,221,Matt Wallner,MIN,103,5,LEFT,392,336,68,47,22,40,46,4,3,0.202,RF,-1.504,0.074,-1.55,-0.619,-1.59,-5.19,0.0799999999999991,5.27,0.1918157354915619,,,,,,,,,,,,,,,,,,,,,,,,,,,,,,,,,,,0.1918157354915619
697,,,,,,,,,,,,,,,,,,,,,,,,,,,,471,Porter Hodge,CHN,RIGHT,RP,33.0,0,36,34,24,23,9,18,40,2,2,2,0,0,6.273,1.576,1,0,0.03,-1.646,-2.014,-0.324,-0.641,-0.553,-5.178,0.0789999999999997,0.1917900235742538,,0.1917900235742538
698,,,,,,,,,,,,,,,,,,,,,,,,,,,,472,Fraser Ellard,CHA,LEFT,SP| RP,17.0,3,18,8,9,8,1,19,22,1,2,0,0,0,4.235,1.588,2,3,0.118,-1.909,-2.409,-0.506,-0.06,-0.294,-5.179,0.0779999999999994,0.1893623017568574,,0.1893623017568574
699,,,,,,,,,,,,,,,,,,,,,,,,,,,,473,Taylor Rashi,ARI,RIGHT,RP,16.333333333333336,0,10,16,8,8,0,8,22,0,1,2,0,0,4.408,1.469,1,1,0.061,-2.171,-2.409,-0.324,-0.08,-0.195,-5.179,0.0779999999999994,0.1893623017568574,,0.1893623017568574
700,157,Marcell Ozuna,ATL,145,3,RIGHT,592,487,113,61,21,68,94,0,0,0.232,DH,-0.731,-0.027,-0.159,-1.0,-1.091,-3.008,0.0782500000000001,3.08625,0.1876197662776862,,,,,,,,,,,,,,,,,,,,,,,,,,,,,,,,,,,0.1876197662776862
701,,,,,,,,,,,,,,,,,,,,,,,,,,,,474,Carson Whisenhunt,SFN,LEFT,SP,23.33333333333333,5,5,22,14,13,6,12,16,2,1,0,0,0,5.014,1.457,2,0,0.086,-1.646,-2.541,-0.506,-0.224,-0.265,-5.183,0.0739999999999998,0.179651414487276,,0.179651414487276
702,,,,,,,,,,,,,,,,,,,,,,,,,,,,475,Erasmo Ramirez,MIN,RIGHT,RP,11.0,0,9,10,4,3,2,2,5,0,1,1,0,0,2.454,1.091,0,0,0.0,-2.171,-2.782,-0.415,0.114,0.057,-5.198,0.0589999999999992,0.1432355872263402,,0.1432355872263402
703,,,,,,,,,,,,,,,,,,,,,,,,,,,,476,Joey Wentz,ATL| MIN| PIT,LEFT,SP| RP,98.0,13,39,110,66,61,11,43,92,5,7,0,0,0,5.602,1.561,19,3,0.194,-0.859,-0.871,-0.506,-1.392,-1.577,-5.205,0.0519999999999996,0.1262415345045716,,0.1262415345045716
704,222,Tommy Edman,LAN,94,6,SWITCH,367,336,76,48,12,47,19,3,1,0.226,CF| 2B,-1.449,-0.935,-1.202,-0.714,-0.918,-5.218,0.0519999999999996,5.27,0.1246802280695155,,,,,,,,,,,,,,,,,,,,,,,,,,,,,,,,,,,0.1246802280695155
705,,,,,,,,,,,,,,,,,,,,,,,,,,,,477,Kevin Kelly,TBA,RIGHT,RP,39.66666666666666,0,41,45,29,26,11,9,35,2,5,0,0,0,5.899,1.361,4,1,0.101,-1.646,-2.123,-0.506,-0.655,-0.279,-5.21,0.0469999999999997,0.1141029254175937,,0.1141029254175937
706,,,,,,,,,,,,,,,,,,,,,,,,,,,,478,Hector Neris,ANA| ATL| HOU,RIGHT,RP,26.666666666666668,0,35,29,25,20,6,16,35,3,2,0,0,0,6.75,1.688,7,1,0.263,-1.384,-2.123,-0.506,-0.617,-0.582,-5.213,0.0439999999999995,0.1068197599654065,,0.1068197599654065
707,,,,,,,,,,,,,,,,,,,,,,,,,,,,479,Mick Abel,MIN| PHI,RIGHT,SP,39.0,8,10,43,28,27,8,16,39,3,4,0,0,0,6.231,1.513,2,1,0.051,-1.384,-2.036,-0.506,-0.745,-0.542,-5.213,0.0439999999999995,0.1068197599654065,,0.1068197599654065
708,,,,,,,,,,,,,,,,,,,,,,,,,,,,480,Chase Silseth,ANA,RIGHT,RP,11.0,0,10,10,2,2,1,6,13,0,0,0,0,0,1.636,1.454,4,0,0.364,-2.171,-2.607,-0.506,0.184,-0.124,-5.224,0.0329999999999994,0.0801148199740544,,0.0801148199740544
709,,,,,,,,,,,,,,,,,,,,,,,,,,,,481,Zak Kent,CLE,RIGHT,RP,17.666666666666668,0,12,17,10,9,1,8,16,1,0,0,0,0,4.585,1.415,1,1,0.057,-1.909,-2.541,-0.506,-0.111,-0.167,-5.234,0.0229999999999996,0.0558376018000986,,0.0558376018000986
710,,,,,,,,,,,,,,,,,,,,,,,,,,,,482,Jordan Romano,PHI,RIGHT,RP,42.66666666666667,0,49,45,40,39,10,17,47,2,4,8,0,0,8.227,1.453,10,4,0.234,-1.646,-1.86,0.223,-1.479,-0.478,-5.24,0.0169999999999994,0.0412712708957243,,0.0412712708957243
711,,,,,,,,,,,,,,,,,,,,,,,,,,,,483,Grant Wolfram,BAL,LEFT,RP,26.66666666666667,0,21,35,20,16,2,15,31,3,1,0,0,0,5.4,1.875,2,0,0.075,-1.384,-2.211,-0.506,-0.337,-0.808,-5.246,0.0109999999999992,0.02670493999135,,0.02670493999135
712,225,Gabriel Arias,CLE,127,6,RIGHT,471,432,95,43,11,54,27,8,4,0.22,2B| SS,-1.725,-1.036,-0.855,-0.239,-1.408,-5.262,0.008,5.27,0.0191815735491564,,,,,,,,,,,,,,,,,,,,,,,,,,,,,,,,,,,0.0191815735491564
713,,,,,,,,,,,,,,,,,,,,,,,,,,,,484,Kai-Wei Teng,SFN,RIGHT,SP,29.666666666666668,7,8,29,24,21,2,17,39,2,4,0,0,0,6.371,1.551,2,0,0.067,-1.646,-2.036,-0.506,-0.599,-0.463,-5.25,0.0069999999999996,0.0169940527217685,,0.0169940527217685
714,,,,,,,,,,,,,,,,,,,,,,,,,,,,485,Jackson Rutledge,WAS,RIGHT,RP,73.33333333333331,0,63,87,49,47,16,24,65,4,2,0,0,0,5.768,1.514,5,0,0.068,-1.121,-1.464,-0.506,-1.136,-1.022,-5.251,0.0059999999999993,0.0145663309043721,,0.0145663309043721
715,,,,,,,,,,,,,,,,,,,,,,,,,,,,486,Colin Selby,BAL,RIGHT,RP,14.0,0,11,16,5,5,2,2,14,0,2,0,0,0,3.214,1.286,1,0,0.071,-2.171,-2.585,-0.506,0.062,-0.051,-5.251,0.0059999999999993,0.0145663309043721,,0.0145663309043721
716,,,,,,,,,,,,,,,,,,,,,,,,,,,,487,Roki Sasaki,LAN,RIGHT,SP,36.333333333333336,8,10,30,18,18,6,22,28,1,1,0,0,0,4.459,1.431,4,0,0.11,-1.909,-2.277,-0.506,-0.192,-0.371,-5.255,0.0019999999999997,0.0048554436347907,,0.0048554436347907
717,190,Joey Ortiz,MIL,146,9,RIGHT,506,470,108,62,7,45,27,14,3,0.23,SS,-0.676,-1.439,-1.302,0.332,-1.141,-4.225,0.0,4.225,0.0,,,,,,,,,,,,,,,,,,,,,,,,,,,,,,,,,,,0.0
718,226,Jonathan India,KCA,136,1,RIGHT,567,497,116,62,9,45,54,0,4,0.233,3B| LF| DH| 2B,-0.676,-1.237,-1.302,-1.0,-1.056,-5.27,0.0,5.27,0.0,,,,,,,,,,,,,,,,,,,,,,,,,,,,,,,,,,,0.0
719,188,Eric Wagaman,MIA,138,6,RIGHT,514,476,119,56,9,53,32,4,1,0.25,1B,-1.007,-1.237,-0.904,-0.619,-0.347,-4.115,0.0,4.115,0.0,,,,,,,,,,,,,,,,,,,,,,,,,,,,,,,,,,,0.0
720,279,Jonah Heim,TEX,122,8,SWITCH,433,395,84,38,11,43,32,3,0,0.213,CC| DH,-2.001,-1.036,-1.401,-0.714,-1.528,-6.68,0.0,6.68,0.0,,,,,,,,,,,,,,,,,,,,,,,,,,,,,,,,,,,0.0
721,,,,,,,,,,,,,,,,,,,,,,,,,,,,488,Andre Pallante,SLN,RIGHT,SP,162.66666666666669,31,31,173,109,96,21,62,111,6,15,0,0,0,5.311,1.445,18,3,0.111,-0.597,-0.454,-0.506,-1.941,-1.759,-5.257,0.0,0.0,,0.0
722,227,Myles Straw,TOR,104,9,RIGHT,299,267,70,45,4,32,19,10,1,0.262,CF| LF,-1.614,-1.742,-1.947,-0.048,0.079,-5.273,-0.0030000000000001,5.27,-0.0071930900809339,,,,,,,,,,,,,,,,,,,,,,,,,,,,,,,,,,,-0.0071930900809339
723,,,,,,,,,,,,,,,,,,,,,,,,,,,,489,Matt Gage,DET| SFN,LEFT,RP,31.0,2,33,35,11,11,0,12,27,0,1,0,0,0,3.193,1.516,1,1,0.032,-2.171,-2.299,-0.506,0.142,-0.436,-5.27,-0.0129999999999999,-0.0315603836261429,,-0.0315603836261429
724,228,Dominic Canzone,SEA,82,7,LEFT,269,243,73,30,11,32,20,3,1,0.3,RF,-2.443,-1.036,-1.947,-0.714,0.853,-5.288,-0.0180000000000006,5.27,-0.0431585404856035,,,,,,,,,,,,,,,,,,,,,,,,,,,,,,,,,,,-0.0431585404856035
725,,,,,,,,,,,,,,,,,,,,,,,,,,,,490,Cooper Criswell,BOS,RIGHT,RP,17.666666666666664,1,7,23,10,7,3,5,9,1,0,1,0,0,3.566,1.585,1,1,0.057,-1.909,-2.695,-0.415,0.03,-0.303,-5.292,-0.0350000000000001,-0.0849702636088472,,-0.0849702636088472
726,,,,,,,,,,,,,,,,,,,,,,,,,,,,491,Ryan Brasier,CHN,RIGHT,RP,26.000000000000004,1,28,27,13,13,2,5,20,0,1,0,0,0,4.5,1.231,4,2,0.154,-2.171,-2.453,-0.506,-0.146,-0.029,-5.305,-0.048,-0.1165306472349901,,-0.1165306472349901
727,,,,,,,,,,,,,,,,,,,,,,,,,,,,492,Carson Seymour,SFN,RIGHT,SP| RP,36.0,3,16,37,21,19,9,13,26,1,3,0,0,0,4.75,1.389,2,0,0.056,-1.909,-2.321,-0.506,-0.272,-0.298,-5.306,-0.0490000000000003,-0.1189583690523866,,-0.1189583690523866
728,,,,,,,,,,,,,,,,,,,,,,,,,,,,493,Paxton Schultz,TOR,RIGHT,RP,24.666666666666664,2,13,27,16,12,4,8,28,0,0,0,0,0,4.378,1.419,0,0,0.0,-2.171,-2.277,-0.506,-0.115,-0.238,-5.308,-0.0510000000000001,-0.1238138126871773,,-0.1238138126871773
729,,,,,,,,,,,,,,,,,,,,,,,,,,,,494,Brady Basso,ATH,LEFT,RP,11.666666666666668,1,11,12,4,3,0,9,8,1,1,0,0,0,2.314,1.8,0,0,0.0,-1.909,-2.717,-0.506,0.133,-0.314,-5.312,-0.0550000000000006,-0.1335246999567609,,-0.1335246999567609
730,,,,,,,,,,,,,,,,,,,,,,,,,,,,495,Yerry De los Santos,NYA,RIGHT,RP,35.66666666666667,0,25,37,15,13,1,17,28,0,1,0,0,0,3.28,1.514,3,1,0.084,-2.171,-2.277,-0.506,0.139,-0.498,-5.313,-0.056,-0.1359524217741552,,-0.1359524217741552
731,,,,,,,,,,,,,,,,,,,,,,,,,,,,496,Alan Rangel,PHI,RIGHT,RP,11.0,0,5,10,3,3,1,6,8,0,0,1,0,0,2.454,1.454,0,0,0.0,-2.171,-2.717,-0.415,0.114,-0.124,-5.313,-0.056,-0.1359524217741552,,-0.1359524217741552
732,,,,,,,,,,,,,,,,,,,,,,,,,,,,497,Kyle Backhus,ARI,LEFT,RP,25.333333333333336,0,32,28,14,13,3,8,22,0,3,2,0,0,4.618,1.421,0,0,0.0,-2.171,-2.409,-0.324,-0.165,-0.247,-5.316,-0.0590000000000001,-0.1432355872263424,,-0.1432355872263424
733,,,,,,,,,,,,,,,,,,,,,,,,,,,,498,Tim Mayza,PHI| PIT,LEFT,RP,16.666666666666664,0,15,17,7,7,2,5,15,0,0,0,0,0,3.78,1.32,1,0,0.06,-2.171,-2.563,-0.506,0.0,-0.086,-5.326,-0.0689999999999999,-0.1675128054002981,,-0.1675128054002981
734,,,,,,,,,,,,,,,,,,,,,,,,,,,,499,Sauryn Lao,SEA| WAS,RIGHT,RP,11.000000000000002,0,8,14,7,6,2,2,9,1,0,0,0,0,4.909,1.454,0,0,0.0,-1.909,-2.695,-0.506,-0.097,-0.124,-5.33,-0.0730000000000004,-0.1772236926698817,,-0.1772236926698817
735,229,Mike Tauchman,CHA,93,1,LEFT,385,335,88,44,9,40,45,0,0,0.263,RF,-1.67,-1.237,-1.55,-1.0,0.113,-5.344,-0.0740000000000007,5.27,-0.1774295553296983,,,,,,,,,,,,,,,,,,,,,,,,,,,,,,,,,,,-0.1774295553296983
736,,,,,,,,,,,,,,,,,,,,,,,,,,,,500,Joe Ross,PHI,RIGHT,RP,50.99999999999999,1,37,57,30,29,8,18,39,2,1,0,0,0,5.118,1.471,0,1,0.0,-1.646,-2.036,-0.506,-0.532,-0.611,-5.331,-0.0740000000000007,-0.1796514144872781,,-0.1796514144872781
737,,,,,,,,,,,,,,,,,,,,,,,,,,,,501,Yaramil Hiraldo,BAL,RIGHT,RP,19.666666666666664,0,18,17,13,10,4,9,21,0,0,0,0,0,4.576,1.322,2,0,0.102,-2.171,-2.431,-0.506,-0.122,-0.103,-5.334,-0.0769999999999999,-0.1869345799394631,,-0.1869345799394631
738,,,,,,,,,,,,,,,,,,,,,,,,,,,,502,Luis Curvelo,TEX,RIGHT,RP,19.000000000000004,0,17,17,13,12,3,10,20,1,1,0,0,0,5.684,1.421,1,0,0.053,-1.909,-2.453,-0.506,-0.282,-0.185,-5.335,-0.0780000000000002,-0.1893623017568595,,-0.1893623017568595
739,,,,,,,,,,,,,,,,,,,,,,,,,,,,503,Dugan Darnell,COL,RIGHT,RP,11.666666666666666,0,9,10,5,5,1,7,5,1,0,0,0,0,3.857,1.457,5,1,0.429,-1.909,-2.782,-0.506,-0.007,-0.133,-5.337,-0.08,-0.1942177453916503,,-0.1942177453916503
740,,,,,,,,,,,,,,,,,,,,,,,,,,,,504,Corbin Martin,BAL,RIGHT,RP,18.0,0,17,22,15,12,4,9,23,1,0,2,0,0,6.0,1.722,0,0,0.0,-1.909,-2.387,-0.324,-0.311,-0.421,-5.352,-0.0950000000000006,-0.2306335726525861,,-0.2306335726525861
741,,,,,,,,,,,,,,,,,,,,,,,,,,,,505,Matt Sauer,LAN,RIGHT,RP,29.666666666666668,1,10,35,23,21,6,8,24,2,1,1,0,0,6.371,1.449,0,0,0.0,-1.646,-2.365,-0.415,-0.599,-0.327,-5.353,-0.096,-0.2330612944699803,,-0.2330612944699803
742,,,,,,,,,,,,,,,,,,,,,,,,,,,,506,Bailey Horn,DET,LEFT,RP,11.333333333333332,0,10,11,2,2,1,7,10,0,1,0,0,0,1.588,1.588,0,0,0.0,-2.171,-2.673,-0.506,0.194,-0.196,-5.353,-0.096,-0.2330612944699803,,-0.2330612944699803
743,,,,,,,,,,,,,,,,,,,,,,,,,,,,507,Brandon Sproat,NYN,RIGHT,SP,20.666666666666668,4,4,18,11,11,0,7,17,0,2,0,0,0,4.79,1.21,1,1,0.048,-2.171,-2.519,-0.506,-0.163,-0.003,-5.362,-0.1050000000000004,-0.2549107908265418,,-0.2549107908265418
744,,,,,,,,,,,,,,,,,,,,,,,,,,,,508,Sam Bachman,ANA,RIGHT,RP,20.33333333333333,0,23,22,15,14,1,10,18,2,3,0,0,0,6.197,1.574,2,0,0.098,-1.646,-2.497,-0.506,-0.383,-0.339,-5.371,-0.1140000000000007,-0.2767602871831033,,-0.2767602871831033
745,,,,,,,,,,,,,,,,,,,,,,,,,,,,509,Sam Moll,CIN,LEFT,RP,18.333333333333336,0,23,16,16,13,4,10,22,1,0,0,0,0,6.382,1.418,2,1,0.109,-1.909,-2.409,-0.506,-0.372,-0.176,-5.372,-0.1150000000000002,-0.2791880090004976,,-0.2791880090004976
746,,,,,,,,,,,,,,,,,,,,,,,,,,,,510,Michael Petersen,ATL| MIA,RIGHT,RP,18.0,0,15,18,11,8,3,7,17,0,0,0,0,0,4.0,1.389,0,0,0.0,-2.171,-2.519,-0.506,-0.031,-0.149,-5.376,-0.1190000000000006,-0.2888988962700812,,-0.2888988962700812
747,,,,,,,,,,,,,,,,,,,,,,,,,,,,511,Spencer Arrighetti,HOU,RIGHT,SP,35.333333333333336,7,7,30,21,21,6,20,31,1,5,0,0,0,5.349,1.415,11,0,0.311,-1.909,-2.211,-0.506,-0.432,-0.335,-5.393,-0.1360000000000001,-0.3301701671658055,,-0.3301701671658055
748,,,,,,,,,,,,,,,,,,,,,,,,,,,,512,Kevin Herget,ATL| NYN,RIGHT,RP,13.0,0,7,12,5,4,0,5,6,0,0,0,0,0,2.769,1.308,0,0,0.0,-2.171,-2.76,-0.506,0.103,-0.06,-5.395,-0.1379999999999999,-0.3350256108005962,,-0.3350256108005962
749,,,,,,,,,,,,,,,,,,,,,,,,,,,,513,Hunter Stratton,ATL| PIT,RIGHT,RP,19.0,0,15,23,12,11,3,7,16,1,1,1,0,0,5.21,1.579,0,0,0.0,-1.909,-2.541,-0.415,-0.212,-0.321,-5.398,-0.141,-0.3423087762527834,,-0.3423087762527834
750,,,,,,,,,,,,,,,,,,,,,,,,,,,,514,Jonathan Loaisiga,NYA,RIGHT,RP,29.666666666666668,0,30,34,15,14,7,10,25,0,1,1,0,0,4.247,1.483,1,1,0.034,-2.171,-2.343,-0.415,-0.108,-0.372,-5.41,-0.1530000000000004,-0.371441438061532,,-0.371441438061532
751,,,,,,,,,,,,,,,,,,,,,,,,,,,,515,Zach Maxwell,CIN,RIGHT,RP,10.0,0,8,10,5,5,3,4,13,0,0,0,0,0,4.5,1.4,1,0,0.1,-2.171,-2.607,-0.506,-0.056,-0.088,-5.428,-0.1710000000000002,-0.4151404307746528,,-0.4151404307746528
752,,,,,,,,,,,,,,,,,,,,,,,,,,,,516,Mason Montgomery,TBA,LEFT,RP,45.99999999999999,0,57,49,32,29,6,27,63,1,3,1,0,0,5.674,1.652,11,2,0.239,-1.909,-1.508,-0.415,-0.679,-0.93,-5.441,-0.1840000000000001,-0.4467008144007957,,-0.4467008144007957
753,,,,,,,,,,,,,,,,,,,,,,,,,,,,517,Josh Simpson,MIA,LEFT,RP,30.66666666666667,0,31,34,28,25,5,22,36,4,2,0,0,0,7.337,1.826,1,0,0.033,-1.121,-2.101,-0.506,-0.85,-0.861,-5.441,-0.1840000000000001,-0.4467008144007957,,-0.4467008144007957
754,231,Connor Norby,MIA,87,6,RIGHT,337,311,78,41,8,34,18,8,2,0.251,3B,-1.835,-1.338,-1.848,-0.239,-0.206,-5.466,-0.1960000000000006,5.27,-0.4699485519543329,,,,,,,,,,,,,,,,,,,,,,,,,,,,,,,,,,,-0.4699485519543329
755,,,,,,,,,,,,,,,,,,,,,,,,,,,,518,Casey Lawrence,SEA| TOR,RIGHT,RP,17.666666666666664,0,6,26,15,8,2,1,7,1,2,0,0,0,4.075,1.528,2,0,0.113,-1.909,-2.738,-0.506,-0.041,-0.258,-5.452,-0.1950000000000002,-0.4734057543921479,,-0.4734057543921479
756,,,,,,,,,,,,,,,,,,,,,,,,,,,,519,Michael Kopech,LAN,RIGHT,RP,11.0,0,14,6,3,3,0,13,12,0,0,0,0,0,2.454,1.727,0,0,0.0,-2.171,-2.629,-0.506,0.114,-0.26,-5.452,-0.1950000000000002,-0.4734057543921479,,-0.4734057543921479
757,,,,,,,,,,,,,,,,,,,,,,,,,,,,520,Josh Winckowski,BOS,RIGHT,RP,11.666666666666668,0,6,11,7,5,0,5,9,0,1,0,0,0,3.857,1.371,2,0,0.171,-2.171,-2.695,-0.506,-0.007,-0.087,-5.466,-0.2090000000000005,-0.5073938598356873,,-0.5073938598356873
758,,,,,,,,,,,,,,,,,,,,,,,,,,,,521,Jake Eder,ANA,LEFT,RP,18.333333333333336,0,8,15,10,10,3,9,15,0,1,0,0,0,4.909,1.309,0,0,0.0,-2.171,-2.563,-0.506,-0.161,-0.086,-5.487,-0.2300000000000004,-0.5583760180009952,,-0.5583760180009952
759,,,,,,,,,,,,,,,,,,,,,,,,,,,,523,Carson Fulmer,ANA,RIGHT,RP,29.33333333333333,0,13,25,19,19,5,11,26,0,0,0,0,0,5.83,1.227,3,0,0.102,-2.171,-2.321,-0.506,-0.469,-0.028,-5.495,-0.2380000000000004,-0.5777977925401602,,-0.5777977925401602
760,,,,,,,,,,,,,,,,,,,,,,,,,,,,522,Luis Guerrero,BOS,RIGHT,RP,17.333333333333336,0,13,9,8,8,0,14,10,0,1,0,0,0,4.154,1.327,3,1,0.173,-2.171,-2.673,-0.506,-0.05,-0.095,-5.495,-0.2380000000000004,-0.5777977925401602,,-0.5777977925401602
761,,,,,,,,,,,,,,,,,,,,,,,,,,,,524,Ben Bowden,ATH,LEFT,RP,10.666666666666666,0,11,9,6,5,2,5,7,0,0,0,0,0,4.219,1.312,2,0,0.188,-2.171,-2.738,-0.506,-0.036,-0.051,-5.504,-0.2469999999999999,-0.5996472888967196,,-0.5996472888967196
762,,,,,,,,,,,,,,,,,,,,,,,,,,,,525,Keaton Winn,SFN,RIGHT,RP,10.0,0,7,12,5,5,1,2,9,0,0,0,0,0,4.5,1.4,2,0,0.2,-2.171,-2.695,-0.506,-0.056,-0.088,-5.516,-0.2590000000000003,-0.6287799507054681,,-0.6287799507054681
763,192,Andrew Vaughn,CHA| MIL,112,5,RIGHT,447,406,103,35,14,65,31,0,0,0.254,1B,-2.167,-0.733,-0.308,-1.0,-0.17,-4.378,-0.2629999999999999,4.115,-0.6305942304285159,,,,,,,,,,,,,,,,,,,,,,,,,,,,,,,,,,,-0.6305942304285159
764,,,,,,,,,,,,,,,,,,,,,,,,,,,,526,Daniel Robert,PHI,RIGHT,RP,12.999999999999998,0,15,11,7,6,2,10,15,0,0,0,0,0,4.154,1.615,0,1,0.0,-2.171,-2.563,-0.506,-0.038,-0.241,-5.519,-0.2620000000000004,-0.6360631161576553,,-0.6360631161576553
765,,,,,,,,,,,,,,,,,,,,,,,,,,,,527,Frankie Montas,NYN,RIGHT,SP,38.66666666666667,7,9,48,29,27,8,14,32,3,2,0,0,0,6.285,1.603,4,0,0.103,-1.384,-2.189,-0.506,-0.755,-0.696,-5.531,-0.274,-0.6651957779664018,,-0.6651957779664018
766,,,,,,,,,,,,,,,,,,,,,,,,,,,,528,Marcus Stroman,NYA,RIGHT,SP,39.0,9,9,44,27,27,6,16,26,3,2,0,0,0,6.231,1.538,3,0,0.077,-1.384,-2.321,-0.506,-0.745,-0.587,-5.544,-0.2869999999999999,-0.6967561615925447,,-0.6967561615925447
767,,,,,,,,,,,,,,,,,,,,,,,,,,,,529,Sean Reynolds,SDN,RIGHT,RP,27.0,1,19,20,16,16,4,17,25,0,1,0,0,0,5.333,1.37,2,0,0.074,-2.171,-2.343,-0.506,-0.327,-0.201,-5.548,-0.2910000000000003,-0.7064670488621283,,-0.7064670488621283
768,,,,,,,,,,,,,,,,,,,,,,,,,,,,530,Juan Morillo,ARI,RIGHT,RP,34.33333333333334,0,42,38,19,16,2,20,36,0,3,1,0,0,4.194,1.689,1,1,0.029,-2.171,-2.101,-0.415,-0.111,-0.752,-5.55,-0.2930000000000001,-0.711322492496919,,-0.711322492496919
769,,,,,,,,,,,,,,,,,,,,,,,,,,,,531,Ian Gibaut,CIN,RIGHT,RP,25.33333333333334,0,25,26,13,13,3,8,15,0,1,0,0,0,4.618,1.342,2,1,0.079,-2.171,-2.563,-0.506,-0.165,-0.156,-5.562,-0.3050000000000006,-0.7404551543056677,,-0.7404551543056677
770,,,,,,,,,,,,,,,,,,,,,,,,,,,,532,Roansy Contreras,BAL| COL,RIGHT,RP,12.666666666666666,0,5,12,8,8,3,2,6,0,0,0,0,0,5.684,1.105,1,1,0.079,-2.171,-2.76,-0.506,-0.188,0.058,-5.568,-0.3109999999999999,-0.7550214852100398,,-0.7550214852100398
771,235,Colton Cowser,BAL,91,6,LEFT,360,327,64,36,16,40,27,14,0,0.196,LF| CF,-2.111,-0.531,-1.55,0.332,-1.731,-5.591,-0.3210000000000006,5.27,-0.7696606386599015,,,,,,,,,,,,,,,,,,,,,,,,,,,,,,,,,,,-0.7696606386599015
772,,,,,,,,,,,,,,,,,,,,,,,,,,,,533,Mitch Farris,ANA,LEFT,SP,24.33333333333333,5,5,24,19,18,4,11,24,1,3,0,0,0,6.657,1.438,2,2,0.082,-1.909,-2.365,-0.506,-0.546,-0.256,-5.582,-0.3250000000000002,-0.7890095906535791,,-0.7890095906535791
773,,,,,,,,,,,,,,,,,,,,,,,,,,,,534,Easton McGee,MIL,RIGHT,RP,14.666666666666666,0,9,15,9,9,1,5,13,0,0,0,0,0,5.523,1.364,0,0,0.0,-2.171,-2.607,-0.506,-0.199,-0.105,-5.588,-0.3310000000000004,-0.8035759215579534,,-0.8035759215579534
774,,,,,,,,,,,,,,,,,,,,,,,,,,,,535,Jonathan Cannon,CHA,RIGHT,SP| RP,103.66666666666664,17,22,116,69,67,19,38,86,4,10,0,0,0,5.817,1.486,12,1,0.116,-1.121,-1.003,-0.506,-1.646,-1.313,-5.589,-0.3320000000000007,-0.8060036433753499,,-0.8060036433753499
775,236,Luke Keaschall,MIN,49,4,RIGHT,207,182,55,25,4,28,19,14,3,0.302,2B,-2.719,-1.742,-2.146,0.332,0.666,-5.608,-0.3380000000000001,5.27,-0.8104214824518575,,,,,,,,,,,,,,,,,,,,,,,,,,,,,,,,,,,-0.8104214824518575
776,,,,,,,,,,,,,,,,,,,,,,,,,,,,536,Alek Jacob,SDN,RIGHT,RP,33.333333333333336,0,29,36,20,19,6,14,23,1,0,0,0,0,5.13,1.5,5,1,0.15,-1.909,-2.387,-0.506,-0.351,-0.444,-5.597,-0.3400000000000007,-0.825425417914515,,-0.825425417914515
777,,,,,,,,,,,,,,,,,,,,,,,,,,,,537,Anthony Veneziano,MIA| SLN,LEFT,RP,25.000000000000004,1,26,28,13,13,4,11,25,0,0,0,0,0,4.68,1.56,5,0,0.2,-2.171,-2.343,-0.506,-0.175,-0.401,-5.597,-0.3400000000000007,-0.825425417914515,,-0.825425417914515
778,,,,,,,,,,,,,,,,,,,,,,,,,,,,538,Jonah Tong,NYN,RIGHT,SP,18.666666666666664,5,5,24,20,16,3,9,22,2,3,0,0,0,7.714,1.768,0,1,0.0,-1.646,-2.409,-0.506,-0.572,-0.475,-5.609,-0.3520000000000003,-0.8545580797232614,,-0.8545580797232614
779,,,,,,,,,,,,,,,,,,,,,,,,,,,,539,Kevin Ginkel,ARI,RIGHT,RP,25.666666666666668,0,29,29,22,21,2,13,29,1,4,3,0,0,7.364,1.636,1,0,0.039,-1.909,-2.255,-0.233,-0.717,-0.5,-5.614,-0.3570000000000002,-0.8666966888102392,,-0.8666966888102392
780,,,,,,,,,,,,,,,,,,,,,,,,,,,,540,Sean Guenther,DET,LEFT,RP,10.333333333333332,1,9,10,7,6,0,5,8,0,1,0,0,0,5.226,1.452,0,1,0.0,-2.171,-2.717,-0.506,-0.116,-0.115,-5.625,-0.3680000000000003,-0.8934016288015915,,-0.8934016288015915
781,,,,,,,,,,,,,,,,,,,,,,,,,,,,541,Ryan Feltner,COL,RIGHT,SP,30.333333333333336,6,6,33,17,16,4,12,25,0,2,0,0,0,4.747,1.484,8,0,0.264,-2.171,-2.343,-0.506,-0.229,-0.381,-5.63,-0.3730000000000002,-0.9055402378885692,,-0.9055402378885692
782,,,,,,,,,,,,,,,,,,,,,,,,,,,,542,Juan Burgos,ARI| SEA,RIGHT,RP,13.333333333333334,0,13,17,10,9,2,8,14,1,1,0,0,0,6.075,1.875,1,1,0.075,-1.909,-2.585,-0.506,-0.238,-0.404,-5.642,-0.3850000000000007,-0.934672899697318,,-0.934672899697318
783,,,,,,,,,,,,,,,,,,,,,,,,,,,,543,Bryce Jarvis,ARI,RIGHT,RP,22.0,0,12,23,14,14,3,10,21,0,0,1,0,0,5.727,1.5,1,1,0.045,-2.171,-2.431,-0.415,-0.334,-0.293,-5.644,-0.3870000000000004,-0.9395283433321088,,-0.9395283433321088
784,,,,,,,,,,,,,,,,,,,,,,,,,,,,544,Connor Seabold,ATL| TBA,RIGHT,RP,10.333333333333332,0,7,12,5,5,1,6,10,0,0,0,0,0,4.355,1.742,0,0,0.0,-2.171,-2.673,-0.506,-0.046,-0.251,-5.647,-0.3900000000000005,-0.9468115087842958,,-0.9468115087842958
785,,,,,,,,,,,,,,,,,,,,,,,,,,,,545,Jon Gray,TEX,RIGHT,RP,14.000000000000002,0,6,15,12,12,5,6,12,1,1,0,0,0,7.714,1.5,2,0,0.143,-1.909,-2.629,-0.506,-0.429,-0.186,-5.66,-0.4030000000000004,-0.9783718924104388,,-0.9783718924104388
786,238,Dylan Crews,WAS,83,7,RIGHT,322,293,61,43,10,27,24,17,5,0.208,RF,-1.725,-1.136,-2.196,0.618,-1.243,-5.683,-0.4130000000000002,5.27,-0.990248734475199,,,,,,,,,,,,,,,,,,,,,,,,,,,,,,,,,,,-0.990248734475199
787,239,Edmundo Sosa,PHI,85,7,RIGHT,261,243,67,29,11,39,10,1,1,0.276,2B| 3B,-2.498,-1.036,-1.6,-0.905,0.348,-5.69,-0.4200000000000008,5.27,-1.0070326113307122,,,,,,,,,,,,,,,,,,,,,,,,,,,,,,,,,,,-1.0070326113307122
788,,,,,,,,,,,,,,,,,,,,,,,,,,,,546,Davis Daniel,ATL,RIGHT,P,10.0,2,3,9,6,6,1,7,9,0,1,0,0,0,5.4,1.6,5,0,0.5,-2.171,-2.695,-0.506,-0.126,-0.178,-5.677,-0.4199999999999999,-1.0196431633061631,,-1.0196431633061631
789,,,,,,,,,,,,,,,,,,,,,,,,,,,,547,Zach Agnos,COL,RIGHT,RP,31.33333333333333,0,30,31,25,23,5,17,19,1,3,4,0,0,6.606,1.532,0,2,0.0,-1.909,-2.475,-0.142,-0.69,-0.463,-5.678,-0.4210000000000002,-1.0220708851235596,,-1.0220708851235596
790,,,,,,,,,,,,,,,,,,,,,,,,,,,,548,Nick Anderson,COL,RIGHT,RP,14.666666666666668,0,12,17,10,10,3,2,10,0,0,0,0,0,6.136,1.296,3,1,0.205,-2.171,-2.673,-0.506,-0.269,-0.059,-5.679,-0.4220000000000006,-1.0244986069409558,,-1.0244986069409558
791,,,,,,,,,,,,,,,,,,,,,,,,,,,,549,Andrew Hoffmann,ARI| KCA,RIGHT,RP,11.999999999999998,0,11,14,12,8,2,10,12,1,1,0,0,0,6.0,2.0,1,0,0.083,-1.909,-2.629,-0.506,-0.208,-0.432,-5.683,-0.4260000000000001,-1.034209494210537,,-1.034209494210537
792,,,,,,,,,,,,,,,,,,,,,,,,,,,,550,Pierson Ohl,MIN,RIGHT,SP| RP,30.0,3,14,38,22,17,5,7,27,0,3,0,0,0,5.1,1.5,1,0,0.033,-2.171,-2.299,-0.506,-0.309,-0.4,-5.685,-0.4279999999999999,-1.039064937845328,,-1.039064937845328
793,,,,,,,,,,,,,,,,,,,,,,,,,,,,551,Jose Urena,ANA| LAN| MIN| NYN| TOR,RIGHT,SP| RP,55.0,6,19,57,29,28,8,23,34,0,1,1,0,0,4.582,1.454,1,1,0.018,-2.171,-2.145,-0.415,-0.343,-0.619,-5.694,-0.4370000000000003,-1.0609144342018897,,-1.0609144342018897
794,,,,,,,,,,,,,,,,,,,,,,,,,,,,552,John King,SLN,LEFT,RP,48.33333333333333,0,51,65,30,25,8,14,28,2,1,0,0,0,4.655,1.635,4,1,0.083,-1.646,-2.277,-0.506,-0.329,-0.938,-5.698,-0.4410000000000007,-1.0706253214714732,,-1.0706253214714732
795,,,,,,,,,,,,,,,,,,,,,,,,,,,,553,Lyon Richardson,CIN,RIGHT,RP,37.66666666666666,0,34,37,25,19,2,21,30,0,3,0,0,0,4.54,1.54,1,1,0.027,-2.171,-2.233,-0.506,-0.223,-0.57,-5.703,-0.4460000000000006,-1.082763930558451,,-1.082763930558451
796,,,,,,,,,,,,,,,,,,,,,,,,,,,,554,Dane Dunning,ATL| TEX,RIGHT,RP,20.666666666666664,0,12,24,17,16,4,7,21,0,0,2,0,0,6.968,1.5,0,0,0.0,-2.171,-2.431,-0.324,-0.514,-0.275,-5.715,-0.4580000000000002,-1.1118965923671975,,-1.1118965923671975
797,,,,,,,,,,,,,,,,,,,,,,,,,,,,555,Liam Hendriks,BOS,RIGHT,RP,13.666666666666666,0,14,12,11,10,2,7,12,0,2,0,0,0,6.585,1.39,2,0,0.146,-2.171,-2.629,-0.506,-0.299,-0.114,-5.719,-0.4620000000000006,-1.1216074796367812,,-1.1216074796367812
798,,,,,,,,,,,,,,,,,,,,,,,,,,,,556,Bryan Hudson,CHA| MIL,LEFT,RP,15.0,0,16,15,10,8,2,13,19,0,1,0,0,0,4.8,1.867,4,0,0.267,-2.171,-2.475,-0.506,-0.119,-0.449,-5.72,-0.4630000000000001,-1.1240352014541757,,-1.1240352014541757
799,,,,,,,,,,,,,,,,,,,,,,,,,,,,557,Wade Miley,CIN,LEFT,P,12.0,2,3,15,9,9,3,6,7,1,0,0,0,0,6.75,1.75,2,0,0.167,-1.909,-2.738,-0.506,-0.278,-0.296,-5.727,-0.4700000000000006,-1.141029254175946,,-1.141029254175946
800,,,,,,,,,,,,,,,,,,,,,,,,,,,,558,Payton Tolle,BOS,LEFT,SP| RP,16.333333333333332,3,7,18,12,11,5,8,19,0,1,0,0,0,6.061,1.592,3,0,0.184,-2.171,-2.475,-0.506,-0.29,-0.285,-5.728,-0.4710000000000001,-1.1434569759933404,,-1.1434569759933404
801,,,,,,,,,,,,,,,,,,,,,,,,,,,,559,Nestor Cortes,MIL| SDN,LEFT,SP,34.333333333333336,8,8,36,24,24,13,20,29,2,4,0,0,0,6.291,1.631,2,0,0.058,-1.646,-2.255,-0.506,-0.672,-0.661,-5.741,-0.484,-1.1750173596194833,,-1.1750173596194833
802,,,,,,,,,,,,,,,,,,,,,,,,,,,,560,Carson Spiers,CIN,RIGHT,P,13.333333333333334,2,3,13,9,9,3,7,11,0,2,0,0,0,6.075,1.5,0,0,0.0,-2.171,-2.651,-0.506,-0.238,-0.178,-5.744,-0.4870000000000001,-1.1823005250716705,,-1.1823005250716705
803,,,,,,,,,,,,,,,,,,,,,,,,,,,,561,Logan VanWey,HOU,RIGHT,RP,10.666666666666668,0,9,15,7,6,2,3,7,0,0,0,0,0,5.062,1.688,0,0,0.0,-2.171,-2.738,-0.506,-0.107,-0.233,-5.755,-0.4980000000000002,-1.2090054650630226,,-1.2090054650630226
804,,,,,,,,,,,,,,,,,,,,,,,,,,,,562,Nick Hernandez,HOU,RIGHT,RP,10.666666666666666,0,10,12,6,6,3,8,11,0,0,0,0,0,5.062,1.875,0,0,0.0,-2.171,-2.651,-0.506,-0.107,-0.323,-5.758,-0.5010000000000003,-1.21628863051521,,-1.21628863051521
805,,,,,,,,,,,,,,,,,,,,,,,,,,,,563,Justin Bruihl,TOR,LEFT,RP,13.666666666666668,0,15,19,10,8,2,7,18,0,0,0,0,0,5.268,1.902,1,1,0.073,-2.171,-2.497,-0.506,-0.158,-0.431,-5.764,-0.5070000000000006,-1.230854961419584,,-1.230854961419584
806,,,,,,,,,,,,,,,,,,,,,,,,,,,,564,Luis Contreras,HOU,RIGHT,RP,12.0,0,9,11,9,9,2,8,13,0,0,0,0,0,6.75,1.583,0,0,0.0,-2.171,-2.607,-0.506,-0.278,-0.205,-5.767,-0.5100000000000007,-1.2381381268717713,,-1.2381381268717713
807,,,,,,,,,,,,,,,,,,,,,,,,,,,,565,Beau Brieske,DET,RIGHT,RP,22.0,1,22,24,20,16,5,12,16,1,3,1,0,0,6.545,1.636,3,0,0.136,-1.909,-2.541,-0.415,-0.474,-0.429,-5.768,-0.5110000000000001,-1.2405658486891655,,-1.2405658486891655
808,,,,,,,,,,,,,,,,,,,,,,,,,,,,566,Sam Long,KCA,LEFT,RP,40.33333333333333,0,39,48,31,24,7,22,33,2,3,0,0,0,5.355,1.736,2,0,0.05,-1.646,-2.167,-0.506,-0.495,-0.968,-5.783,-0.5260000000000007,-1.2769816759501014,,-1.2769816759501014
809,,,,,,,,,,,,,,,,,,,,,,,,,,,,567,Ryan Johnson,ANA,RIGHT,RP,14.666666666666666,0,14,24,15,12,4,5,16,1,1,1,0,0,7.364,1.977,0,0,0.0,-1.909,-2.541,-0.415,-0.41,-0.512,-5.787,-0.5300000000000002,-1.2866925632196828,,-1.2866925632196828
810,,,,,,,,,,,,,,,,,,,,,,,,,,,,568,Eduarniel Nunez,ATH| SDN,RIGHT,RP,12.666666666666666,0,10,13,10,10,2,11,11,1,0,0,0,0,7.105,1.895,2,2,0.158,-1.909,-2.651,-0.506,-0.328,-0.395,-5.789,-0.532,-1.2915480068544736,,-1.2915480068544736
811,,,,,,,,,,,,,,,,,,,,,,,,,,,,569,Adam Mazur,MIA,RIGHT,SP,30.0,6,6,33,21,16,4,12,19,0,4,0,0,0,4.8,1.5,2,0,0.067,-2.171,-2.475,-0.506,-0.238,-0.4,-5.79,-0.5330000000000004,-1.29397572867187,,-1.29397572867187
812,,,,,,,,,,,,,,,,,,,,,,,,,,,,570,Alexis Diaz,ATL| CIN| LAN,RIGHT,RP,17.666666666666668,0,18,15,17,16,6,12,17,1,0,0,0,0,8.151,1.528,7,1,0.396,-1.909,-2.519,-0.506,-0.602,-0.258,-5.794,-0.5369999999999999,-1.3036866159414513,,-1.3036866159414513
813,240,Daniel Schneemann,CLE,127,2,LEFT,422,379,78,46,12,41,38,9,3,0.206,2B| CF| 3B,-1.559,-0.935,-1.5,-0.143,-1.684,-5.822,-0.5520000000000005,5.27,-1.3235285748917918,,,,,,,,,,,,,,,,,,,,,,,,,,,,,,,,,,,-1.3235285748917918
814,,,,,,,,,,,,,,,,,,,,,,,,,,,,571,Jordan Wicks,CHN,LEFT,RP,14.333333333333334,0,8,24,12,10,2,1,13,0,1,1,0,0,6.279,1.744,0,1,0.0,-2.171,-2.607,-0.415,-0.279,-0.349,-5.822,-0.5650000000000004,-1.37166282682853,,-1.37166282682853
815,,,,,,,,,,,,,,,,,,,,,,,,,,,,572,Thomas Hatch,KCA| MIN,RIGHT,RP,34.0,1,12,40,23,22,7,17,22,2,1,0,0,0,5.824,1.677,5,1,0.147,-1.646,-2.409,-0.506,-0.542,-0.725,-5.828,-0.5710000000000006,-1.3862291577329044,,-1.3862291577329044
816,208,Ty France,MIN| TOR,136,5,RIGHT,490,444,114,50,7,52,22,1,0,0.257,1B,-1.338,-1.439,-0.954,-0.905,-0.072,-4.708,-0.593,4.115,-1.421834139331217,,,,,,,,,,,,,,,,,,,,,,,,,,,,,,,,,,,-1.421834139331217
817,,,,,,,,,,,,,,,,,,,,,,,,,,,,573,Scott McGough,ARI| ATH,RIGHT,RP,16.0,0,13,18,12,12,4,7,16,0,0,0,0,0,6.75,1.562,0,0,0.0,-2.171,-2.541,-0.506,-0.37,-0.258,-5.847,-0.5900000000000007,-1.4323558722634215,,-1.4323558722634215
818,,,,,,,,,,,,,,,,,,,,,,,,,,,,574,Roddery Munoz,SLN,RIGHT,RP,11.0,0,9,9,10,10,4,9,14,0,0,0,0,0,8.182,1.636,2,0,0.182,-2.171,-2.585,-0.506,-0.377,-0.214,-5.854,-0.5970000000000004,-1.4493499249851902,,-1.4493499249851902
819,,,,,,,,,,,,,,,,,,,,,,,,,,,,575,Brandyn Garcia,ARI| SEA,LEFT,RP,14.333333333333332,0,14,18,12,9,0,8,14,0,2,0,0,0,5.651,1.814,1,1,0.07,-2.171,-2.585,-0.506,-0.209,-0.395,-5.866,-0.609,-1.4784825867939366,,-1.4784825867939366
820,241,Ramon Urias,BAL| HOU,110,5,RIGHT,391,352,85,33,11,44,27,3,0,0.241,3B| 2B,-2.277,-1.036,-1.351,-0.714,-0.509,-5.887,-0.617,5.27,-1.4793788599786863,,,,,,,,,,,,,,,,,,,,,,,,,,,,,,,,,,,-1.4793788599786863
821,242,JJ Bleday,ATH,97,5,LEFT,344,307,65,48,14,39,36,1,2,0.212,CF| RF,-1.449,-0.733,-1.6,-0.905,-1.212,-5.898,-0.6280000000000001,5.27,-1.505753523608777,,,,,,,,,,,,,,,,,,,,,,,,,,,,,,,,,,,-1.505753523608777
822,209,Jake Burger,TEX,103,7,RIGHT,376,356,84,43,16,53,12,1,1,0.236,1B,-1.725,-0.531,-0.904,-0.905,-0.68,-4.745,-0.6299999999999999,4.115,-1.510548916996065,,,,,,,,,,,,,,,,,,,,,,,,,,,,,,,,,,,-1.510548916996065
823,243,Eli White,ATL,89,8,RIGHT,271,256,60,36,10,35,11,7,1,0.234,RF| LF,-2.111,-1.136,-1.798,-0.334,-0.523,-5.903,-0.633,5.27,-1.5177420070769991,,,,,,,,,,,,,,,,,,,,,,,,,,,,,,,,,,,-1.5177420070769991
824,244,Nolan Gorman,SLN,109,7,LEFT,402,351,72,48,14,46,47,1,1,0.205,2B| 3B| DH,-1.449,-0.733,-1.252,-0.905,-1.58,-5.919,-0.649,5.27,-1.556105154175312,,,,,,,,,,,,,,,,,,,,,,,,,,,,,,,,,,,-1.556105154175312
825,,,,,,,,,,,,,,,,,,,,,,,,,,,,576,Mason Barnett,ATH,RIGHT,SP,22.33333333333333,5,5,26,18,17,3,11,18,1,1,0,0,0,6.851,1.657,2,0,0.09,-1.909,-2.497,-0.506,-0.535,-0.456,-5.903,-0.6459999999999999,-1.5683082940375748,,-1.5683082940375748
826,,,,,,,,,,,,,,,,,,,,,,,,,,,,577,Richard Lovelady,NYN| TOR,LEFT,RP,11.666666666666668,0,10,12,12,11,3,6,12,0,1,0,0,0,8.486,1.543,0,0,0.0,-2.171,-2.629,-0.506,-0.428,-0.178,-5.912,-0.6550000000000002,-1.5901577903941362,,-1.5901577903941362
827,,,,,,,,,,,,,,,,,,,,,,,,,,,,578,Caden Dana,ANA,RIGHT,SP,32.333333333333336,5,7,30,24,23,9,18,33,0,4,0,0,0,6.402,1.484,7,3,0.216,-2.171,-2.167,-0.506,-0.661,-0.408,-5.914,-0.657,-1.595013234028927,,-1.595013234028927
828,,,,,,,,,,,,,,,,,,,,,,,,,,,,579,Gunnar Hoglund,ATH,RIGHT,SP,32.33333333333333,6,6,38,23,23,10,11,23,1,3,0,0,0,6.402,1.516,2,1,0.062,-1.909,-2.387,-0.506,-0.661,-0.453,-5.916,-0.6590000000000007,-1.5998686776637197,,-1.5998686776637197
829,,,,,,,,,,,,,,,,,,,,,,,,,,,,580,Sawyer Gipson-Long,DET,RIGHT,SP| RP,31.33333333333333,3,8,34,26,25,8,6,26,0,2,0,0,0,7.181,1.277,6,2,0.191,-2.171,-2.321,-0.506,-0.831,-0.1,-5.929,-0.6720000000000006,-1.6314290612898623,,-1.6314290612898623
830,,,,,,,,,,,,,,,,,,,,,,,,,,,,581,Bowden Francis,TOR,RIGHT,SP,63.99999999999999,14,14,71,46,43,19,27,54,2,8,0,0,0,6.047,1.531,0,0,0.0,-1.646,-1.706,-0.506,-1.131,-0.943,-5.933,-0.6760000000000002,-1.641139948559444,,-1.641139948559444
831,,,,,,,,,,,,,,,,,,,,,,,,,,,,582,Scott Alexander,COL| SFN,LEFT,RP,17.666666666666668,0,21,23,12,12,5,9,8,1,1,0,0,0,6.113,1.811,1,2,0.057,-1.909,-2.717,-0.506,-0.321,-0.484,-5.937,-0.6800000000000006,-1.6508508358290277,,-1.6508508358290277
832,,,,,,,,,,,,,,,,,,,,,,,,,,,,583,Joel Payamps,ATL| MIL,RIGHT,RP,26.33333333333333,0,30,31,20,20,4,9,24,0,1,1,0,0,6.835,1.519,0,0,0.0,-2.171,-2.365,-0.415,-0.627,-0.373,-5.952,-0.6950000000000003,-1.687266663089961,,-1.687266663089961
833,,,,,,,,,,,,,,,,,,,,,,,,,,,,584,Matthew Bowman,BAL,RIGHT,RP,24.666666666666664,0,20,31,18,17,4,6,18,0,1,0,0,0,6.203,1.5,3,0,0.122,-2.171,-2.497,-0.506,-0.466,-0.329,-5.969,-0.7120000000000006,-1.728537933985688,,-1.728537933985688
834,246,Dane Myers,MIA,102,9,RIGHT,333,307,72,28,6,31,23,18,5,0.235,RF| CF,-2.553,-1.54,-1.997,0.713,-0.623,-6.0,-0.7300000000000004,5.27,-1.7503185863605213,,,,,,,,,,,,,,,,,,,,,,,,,,,,,,,,,,,-1.7503185863605213
835,,,,,,,,,,,,,,,,,,,,,,,,,,,,585,Garrett McDaniels,ANA,LEFT,RP,10.666666666666666,0,10,13,8,7,2,8,6,0,0,0,0,0,5.906,1.969,4,0,0.375,-2.171,-2.76,-0.506,-0.177,-0.369,-5.983,-0.726,-1.762526039429225,,-1.762526039429225
836,,,,,,,,,,,,,,,,,,,,,,,,,,,,586,John Brebbia,ATL| DET,RIGHT,RP,23.333333333333336,0,22,28,23,20,5,12,26,1,1,0,0,0,7.714,1.714,2,0,0.086,-1.909,-2.321,-0.506,-0.716,-0.537,-5.989,-0.7320000000000002,-1.7770923703335992,,-1.7770923703335992
837,295,Adley Rutschman,BAL,90,2,SWITCH,365,322,71,37,9,29,40,0,0,0.22,CC,-2.056,-1.237,-2.096,-1.0,-1.033,-7.423,-0.7430000000000003,6.68,-1.7814886433779002,,,,,,,,,,,,,,,,,,,,,,,,,,,,,,,,,,,-1.7814886433779002
838,296,Freddy Fermin,KCA| SDN,102,9,RIGHT,347,319,80,30,5,26,19,1,2,0.251,CC,-2.443,-1.641,-2.245,-0.905,-0.212,-7.445,-0.7650000000000006,6.68,-1.834237970638081,,,,,,,,,,,,,,,,,,,,,,,,,,,,,,,,,,,-1.834237970638081
839,248,Javier Sanoja,MIA,110,9,RIGHT,342,313,76,38,6,38,19,6,4,0.243,LF| 3B| 2B,-2.001,-1.54,-1.649,-0.429,-0.417,-6.037,-0.7670000000000003,5.27,-1.839033364025369,,,,,,,,,,,,,,,,,,,,,,,,,,,,,,,,,,,-1.839033364025369
840,,,,,,,,,,,,,,,,,,,,,,,,,,,,587,Paul Blackburn,NYA| NYN,RIGHT,SP| RP,39.0,4,15,47,29,27,6,12,34,0,3,1,0,0,6.231,1.513,4,0,0.103,-2.171,-2.145,-0.415,-0.745,-0.542,-6.019,-0.7620000000000005,-1.8499240248554687,,-1.8499240248554687
841,249,Alex Call,LAN| WAS,97,6,RIGHT,322,270,72,42,5,31,36,2,1,0.267,RF| LF,-1.78,-1.641,-1.997,-0.81,0.181,-6.046,-0.7760000000000007,5.27,-1.860612634268171,,,,,,,,,,,,,,,,,,,,,,,,,,,,,,,,,,,-1.860612634268171
842,,,,,,,,,,,,,,,,,,,,,,,,,,,,588,Sammy Peralta,ANA,LEFT,RP,10.666666666666668,0,5,14,12,9,0,6,8,0,1,0,0,0,7.594,1.875,3,0,0.281,-2.171,-2.717,-0.506,-0.317,-0.323,-6.034,-0.7770000000000001,-1.8863398521164023,,-1.8863398521164023
843,,,,,,,,,,,,,,,,,,,,,,,,,,,,589,Cal Quantrill,ATL| MIA,RIGHT,SP,117.66666666666669,26,26,136,81,79,22,35,85,4,12,0,0,0,6.043,1.453,25,3,0.212,-1.121,-1.025,-0.506,-2.075,-1.318,-6.046,-0.7890000000000006,-1.915472513925151,,-1.915472513925151
844,,,,,,,,,,,,,,,,,,,,,,,,,,,,590,Caleb Boushley,TEX,RIGHT,RP,43.333333333333336,1,25,54,33,29,5,14,41,0,0,1,0,0,6.023,1.569,1,1,0.023,-2.171,-1.992,-0.415,-0.758,-0.713,-6.049,-0.7920000000000007,-1.9227556793773384,,-1.9227556793773384
845,,,,,,,,,,,,,,,,,,,,,,,,,,,,591,Julian Merryweather,CHN,RIGHT,RP,18.666666666666668,0,21,23,13,12,2,11,15,0,1,0,0,0,5.786,1.821,3,0,0.161,-2.171,-2.563,-0.506,-0.292,-0.52,-6.052,-0.7949999999999999,-1.9300388448295231,,-1.9300388448295231
846,,,,,,,,,,,,,,,,,,,,,,,,,,,,592,Shaun Anderson,ANA,RIGHT,RP,11.333333333333334,0,7,20,13,13,6,3,11,1,0,0,0,0,10.323,2.029,1,0,0.088,-1.909,-2.651,-0.506,-0.578,-0.423,-6.067,-0.8100000000000005,-1.966454672090459,,-1.966454672090459
847,,,,,,,,,,,,,,,,,,,,,,,,,,,,593,Sean Hjelle,SFN,RIGHT,RP,15.0,1,12,21,13,13,2,9,11,1,1,0,0,0,7.8,2.0,0,0,0.0,-1.909,-2.651,-0.506,-0.47,-0.54,-6.075,-0.8180000000000005,-1.985876446629624,,-1.985876446629624
848,,,,,,,,,,,,,,,,,,,,,,,,,,,,594,Penn Murfee,CHA,RIGHT,RP,12.666666666666668,0,15,19,11,11,3,5,13,0,1,0,0,0,7.816,1.895,0,0,0.0,-2.171,-2.607,-0.506,-0.399,-0.395,-6.078,-0.8210000000000006,-1.9931596120818111,,-1.9931596120818111
849,,,,,,,,,,,,,,,,,,,,,,,,,,,,595,Tayler Saucedo,SEA,LEFT,RP,13.333333333333332,0,10,19,12,11,2,6,12,0,0,0,0,0,7.425,1.875,3,0,0.225,-2.171,-2.629,-0.506,-0.379,-0.404,-6.089,-0.8320000000000007,-2.0198645520731637,,-2.0198645520731637
850,251,Brooks Baldwin,CHA,102,8,SWITCH,328,300,72,30,11,38,21,5,0,0.24,RF| LF| CF,-2.443,-1.036,-1.649,-0.524,-0.471,-6.123,-0.8530000000000006,5.27,-2.0452352796788014,,,,,,,,,,,,,,,,,,,,,,,,,,,,,,,,,,,-2.0452352796788014
851,,,,,,,,,,,,,,,,,,,,,,,,,,,,596,Scott Effross,NYA,RIGHT,RP,10.666666666666666,0,11,16,10,10,1,3,6,0,0,0,0,0,8.438,1.781,1,0,0.094,-2.171,-2.76,-0.506,-0.387,-0.278,-6.103,-0.8460000000000001,-2.0538526575167007,,-2.0538526575167007
852,217,Carlos Santana,CHN| CLE,122,5,SWITCH,474,415,91,49,11,54,52,7,0,0.219,1B,-1.393,-1.036,-0.855,-0.334,-1.374,-4.992,-0.8769999999999998,4.115,-2.1027800003262684,,,,,,,,,,,,,,,,,,,,,,,,,,,,,,,,,,,-2.1027800003262684
853,300,Mitch Garver,SEA,87,5,RIGHT,290,254,53,29,9,30,30,3,0,0.209,CC| DH,-2.498,-1.237,-2.047,-0.714,-1.068,-7.565,-0.8850000000000007,6.68,-2.121961573875427,,,,,,,,,,,,,,,,,,,,,,,,,,,,,,,,,,,-2.121961573875427
854,252,Miguel Rojas,LAN,108,9,RIGHT,309,283,75,35,7,27,23,5,0,0.265,2B| SS| 3B,-2.167,-1.439,-2.196,-0.524,0.151,-6.175,-0.9050000000000002,5.27,-2.1699155077483168,,,,,,,,,,,,,,,,,,,,,,,,,,,,,,,,,,,-2.1699155077483168
855,,,,,,,,,,,,,,,,,,,,,,,,,,,,597,Trevor Williams,WAS,RIGHT,SP,82.66666666666666,17,17,106,59,57,11,21,65,3,10,0,0,0,6.206,1.536,10,3,0.121,-1.384,-1.464,-0.506,-1.563,-1.237,-6.155,-0.8980000000000006,-2.1800941920212744,,-2.1800941920212744
856,253,Kyle Isbel,KCA,126,9,LEFT,409,368,94,41,4,33,23,4,5,0.255,CF,-1.835,-1.742,-1.898,-0.619,-0.1,-6.194,-0.9240000000000004,5.27,-2.215471744927564,,,,,,,,,,,,,,,,,,,,,,,,,,,,,,,,,,,-2.215471744927564
857,254,Yoan Moncada,ANA,84,3,SWITCH,289,248,58,39,12,35,32,0,0,0.234,3B,-1.946,-0.935,-1.798,-1.0,-0.517,-6.196,-0.9260000000000002,5.27,-2.220267138314852,,,,,,,,,,,,,,,,,,,,,,,,,,,,,,,,,,,-2.220267138314852
858,,,,,,,,,,,,,,,,,,,,,,,,,,,,598,Carlos Hernandez,CLE| DET| PHI,RIGHT,RP,43.33333333333334,0,41,50,32,30,4,22,39,1,0,0,0,0,6.231,1.661,9,1,0.208,-1.909,-2.036,-0.506,-0.828,-0.894,-6.173,-0.9160000000000004,-2.223793184734395,,-2.223793184734395
859,,,,,,,,,,,,,,,,,,,,,,,,,,,,599,Victor Mederos,ANA,RIGHT,SP,17.0,3,5,18,14,14,4,12,14,0,2,0,0,0,7.412,1.765,0,0,0.0,-2.171,-2.585,-0.506,-0.481,-0.43,-6.174,-0.9170000000000008,-2.2262209065517915,,-2.2262209065517915
860,,,,,,,,,,,,,,,,,,,,,,,,,,,,600,Jose Ruiz,ATL| PHI,RIGHT,RP,16.333333333333336,0,18,23,17,16,3,9,15,1,0,0,0,0,8.816,1.959,1,1,0.061,-1.909,-2.563,-0.506,-0.641,-0.557,-6.176,-0.9190000000000004,-2.2310763501865822,,-2.2310763501865822
861,255,Brayan Rocchio,CLE,111,9,SWITCH,383,344,80,34,5,44,22,8,4,0.233,SS| 2B,-2.222,-1.641,-1.351,-0.239,-0.755,-6.208,-0.9380000000000006,5.27,-2.249039498638588,,,,,,,,,,,,,,,,,,,,,,,,,,,,,,,,,,,-2.249039498638588
862,,,,,,,,,,,,,,,,,,,,,,,,,,,,601,Jake Woodford,ARI,RIGHT,RP,36.333333333333336,0,22,45,28,26,3,13,23,0,4,3,0,0,6.44,1.596,2,1,0.055,-2.171,-2.387,-0.233,-0.753,-0.642,-6.187,-0.9300000000000006,-2.257781290177934,,-2.257781290177934
863,,,,,,,,,,,,,,,,,,,,,,,,,,,,602,Kendall Graveman,ARI,RIGHT,RP,17.666666666666664,0,19,23,14,14,2,12,9,1,0,0,0,0,7.132,1.981,4,2,0.226,-1.909,-2.695,-0.506,-0.462,-0.62,-6.192,-0.9350000000000004,-2.269919899264912,,-2.269919899264912
864,,,,,,,,,,,,,,,,,,,,,,,,,,,,603,Genesis Cabrera,CHN| MIN| NYN| PIT,LEFT,RP,42.66666666666667,0,40,46,32,31,12,18,35,0,1,1,0,0,6.539,1.5,6,3,0.141,-2.171,-2.123,-0.415,-0.918,-0.568,-6.196,-0.939,-2.2796307865344936,,-2.2796307865344936
865,257,Evan Carter,TEX,61,5,LEFT,220,194,48,30,5,25,19,14,2,0.247,CF,-2.443,-1.641,-2.295,0.332,-0.184,-6.23,-0.9600000000000009,5.27,-2.301788825898768,,,,,,,,,,,,,,,,,,,,,,,,,,,,,,,,,,,-2.301788825898768
866,,,,,,,,,,,,,,,,,,,,,,,,,,,,604,Osvaldo Bido,ATH,RIGHT,SP| RP,79.66666666666664,10,26,93,56,52,19,35,68,2,5,1,0,0,5.875,1.607,13,2,0.163,-1.646,-1.399,-0.415,-1.3,-1.446,-6.207,-0.9500000000000002,-2.306335726525846,,-2.306335726525846
867,,,,,,,,,,,,,,,,,,,,,,,,,,,,605,Shinnosuke Ogasawara,WAS,LEFT,RP,38.66666666666667,2,23,43,30,30,9,17,30,1,1,0,0,0,6.983,1.552,2,2,0.052,-1.909,-2.233,-0.506,-0.965,-0.606,-6.219,-0.9620000000000006,-2.3354683883345944,,-2.3354683883345944
868,,,,,,,,,,,,,,,,,,,,,,,,,,,,606,Chris Roycroft,SLN,RIGHT,RP,20.666666666666668,0,20,26,21,18,2,12,15,1,3,0,0,0,7.839,1.839,2,1,0.097,-1.909,-2.563,-0.506,-0.654,-0.592,-6.224,-0.9670000000000004,-2.3476069974215723,,-2.3476069974215723
869,260,Casey Schmitt,SFN,94,6,RIGHT,348,312,74,34,12,40,27,0,0,0.237,2B| 3B,-2.222,-0.935,-1.55,-1.0,-0.564,-6.27,-1.0,5.27,-2.3976966936445483,,,,,,,,,,,,,,,,,,,,,,,,,,,,,,,,,,,-2.3976966936445483
870,,,,,,,,,,,,,,,,,,,,,,,,,,,,607,T. J. McFarland,ATH,LEFT,RP,15.666666666666671,0,27,26,12,12,2,3,7,0,0,0,0,0,6.894,1.851,0,0,0.0,-2.171,-2.738,-0.506,-0.38,-0.458,-6.254,-0.997,-2.4204386519434395,,-2.4204386519434395
871,,,,,,,,,,,,,,,,,,,,,,,,,,,,608,Brandon Young,BAL,RIGHT,SP,57.66666666666666,12,12,67,42,40,12,22,47,1,7,0,0,0,6.243,1.543,0,0,0.0,-1.909,-1.86,-0.506,-1.107,-0.881,-6.263,-1.0060000000000002,-2.442288148300001,,-2.442288148300001
872,262,Will Benson,CIN,85,8,LEFT,253,230,52,30,12,41,16,2,2,0.226,LF| RF,-2.443,-0.935,-1.5,-0.81,-0.63,-6.318,-1.048,5.27,-2.512786134939487,,,,,,,,,,,,,,,,,,,,,,,,,,,,,,,,,,,-2.512786134939487
873,261,Mauricio Dubon,HOU,119,9,RIGHT,398,369,89,43,7,33,24,3,0,0.241,2B| LF| 3B| SS,-1.725,-1.439,-1.898,-0.714,-0.542,-6.318,-1.048,5.27,-2.512786134939487,,,,,,,,,,,,,,,,,,,,,,,,,,,,,,,,,,,-2.512786134939487
874,307,Elias Diaz,SDN,96,9,RIGHT,283,255,52,34,9,29,21,0,0,0.204,CC,-2.222,-1.237,-2.096,-1.0,-1.174,-7.729,-1.0490000000000004,6.68,-2.515183831633132,,,,,,,,,,,,,,,,,,,,,,,,,,,,,,,,,,,-2.515183831633132
875,,,,,,,,,,,,,,,,,,,,,,,,,,,,609,Travis Adams,MIN,RIGHT,RP,33.666666666666664,2,18,39,29,28,6,17,31,1,4,0,0,0,7.485,1.663,3,1,0.089,-1.909,-2.211,-0.506,-0.972,-0.698,-6.296,-1.0390000000000006,-2.522402968274058,,-2.522402968274058
876,,,,,,,,,,,,,,,,,,,,,,,,,,,,610,Brooks Kriske,CHN| MIN,RIGHT,RP,18.0,0,16,20,15,15,1,15,18,0,1,0,0,0,7.5,1.944,1,1,0.056,-2.171,-2.497,-0.506,-0.522,-0.602,-6.298,-1.0410000000000004,-2.527258411908848,,-2.527258411908848
877,264,Rob Refsnyder,BOS,70,4,RIGHT,209,182,49,29,9,30,24,3,0,0.269,RF| DH,-2.498,-1.237,-2.047,-0.714,0.162,-6.335,-1.0650000000000004,5.27,-2.5535469787314446,,,,,,,,,,,,,,,,,,,,,,,,,,,,,,,,,,,-2.5535469787314446
878,309,Tyler Heineman,TOR,54,8,SWITCH,174,149,43,21,3,20,12,2,0,0.289,CC,-2.94,-1.842,-2.544,-0.81,0.375,-7.761,-1.0810000000000004,6.68,-2.5919101258297577,,,,,,,,,,,,,,,,,,,,,,,,,,,,,,,,,,,-2.5919101258297577
879,266,Jared Triolo,PIT,100,1,RIGHT,376,331,75,41,7,24,39,12,2,0.227,3B| SS,-1.835,-1.439,-2.345,0.142,-0.893,-6.37,-1.1000000000000003,5.27,-2.6374663630090045,,,,,,,,,,,,,,,,,,,,,,,,,,,,,,,,,,,-2.6374663630090045
880,,,,,,,,,,,,,,,,,,,,,,,,,,,,611,Orlando Ribalta,WAS,RIGHT,RP,24.333333333333336,0,22,28,19,19,6,17,25,0,0,0,0,0,7.027,1.849,1,0,0.041,-2.171,-2.343,-0.506,-0.616,-0.709,-6.346,-1.0890000000000004,-2.6437890591438387,,-2.6437890591438387
881,,,,,,,,,,,,,,,,,,,,,,,,,,,,612,Tyler Zuber,MIA| NYN,RIGHT,RP,12.0,0,10,17,15,15,3,6,14,0,1,0,0,0,11.25,1.917,0,0,0.0,-2.171,-2.585,-0.506,-0.699,-0.386,-6.347,-1.0900000000000007,-2.646216780961235,,-2.646216780961235
882,,,,,,,,,,,,,,,,,,,,,,,,,,,,613,Joey Estes,ATH,RIGHT,P,11.0,2,3,16,12,12,4,6,6,0,2,0,0,0,9.818,2.0,1,0,0.091,-2.171,-2.76,-0.506,-0.518,-0.396,-6.351,-1.0940000000000003,-2.6559276682308166,,-2.6559276682308166
883,,,,,,,,,,,,,,,,,,,,,,,,,,,,614,Sam Aldegheri,ANA,LEFT,P,13.666666666666668,2,4,20,14,12,3,10,12,0,2,0,0,0,7.902,2.195,2,1,0.146,-2.171,-2.629,-0.506,-0.439,-0.612,-6.358,-1.101,-2.672921720952585,,-2.672921720952585
884,,,,,,,,,,,,,,,,,,,,,,,,,,,,615,Ryan Fernandez,SLN,RIGHT,RP,30.33333333333333,0,32,36,30,26,6,16,34,0,4,1,0,0,7.714,1.714,2,1,0.066,-2.171,-2.145,-0.415,-0.93,-0.698,-6.36,-1.1030000000000006,-2.677777164587378,,-2.677777164587378
885,267,Andres Gimenez,TOR,98,9,LEFT,369,329,69,39,7,35,25,12,2,0.21,2B,-1.946,-1.439,-1.798,0.142,-1.354,-6.395,-1.125,5.27,-2.6974087803501168,,,,,,,,,,,,,,,,,,,,,,,,,,,,,,,,,,,-2.6974087803501168
886,,,,,,,,,,,,,,,,,,,,,,,,,,,,616,Blade Tidwell,NYN,RIGHT,P,15.0,2,4,23,15,15,4,10,10,1,1,0,0,0,9.0,2.2,2,0,0.133,-1.909,-2.673,-0.506,-0.61,-0.675,-6.374,-1.117,-2.711765270030915,,-2.711765270030915
887,268,Christopher Morel,TBA,100,5,RIGHT,305,278,61,34,11,33,25,7,2,0.219,LF,-2.222,-1.036,-1.898,-0.334,-0.917,-6.406,-1.136,5.27,-2.7237834439802078,,,,,,,,,,,,,,,,,,,,,,,,,,,,,,,,,,,-2.7237834439802078
888,269,Davis Schneider,TOR,80,6,RIGHT,227,188,44,33,11,31,36,3,1,0.234,LF| 2B,-2.277,-1.036,-1.997,-0.714,-0.389,-6.414,-1.144,5.27,-2.742965017529364,,,,,,,,,,,,,,,,,,,,,,,,,,,,,,,,,,,-2.742965017529364
889,,,,,,,,,,,,,,,,,,,,,,,,,,,,617,Lance McCullers,HOU,RIGHT,SP| RP,55.33333333333333,13,16,61,45,40,10,39,61,2,5,0,0,0,6.506,1.807,9,0,0.163,-1.646,-1.552,-0.506,-1.176,-1.507,-6.388,-1.1310000000000002,-2.7457533754744543,,-2.7457533754744543
890,,,,,,,,,,,,,,,,,,,,,,,,,,,,618,Luarbert Arias,MIA,RIGHT,RP,10.333333333333334,0,7,17,13,13,2,5,10,0,0,0,0,0,11.323,2.129,2,0,0.194,-2.171,-2.673,-0.506,-0.608,-0.432,-6.39,-1.133,-2.750608819109245,,-2.750608819109245
891,,,,,,,,,,,,,,,,,,,,,,,,,,,,619,George Soriano,MIA,RIGHT,RP,36.66666666666666,0,24,46,36,34,10,19,36,2,0,1,0,0,8.345,1.773,2,0,0.055,-1.646,-2.101,-0.415,-1.305,-0.941,-6.409,-1.152,-2.7967355336397626,,-2.7967355336397626
892,,,,,,,,,,,,,,,,,,,,,,,,,,,,621,Mason Thompson,WAS,RIGHT,RP,10.666666666666666,0,14,16,16,14,1,12,11,1,1,0,0,0,11.812,2.625,3,0,0.281,-1.909,-2.651,-0.506,-0.668,-0.686,-6.419,-1.162,-2.821012751813718,,-2.821012751813718
893,,,,,,,,,,,,,,,,,,,,,,,,,,,,620,Elvin Rodriguez,BAL| MIL,RIGHT,RP,19.666666666666668,2,7,26,20,20,9,7,18,0,2,0,0,0,9.152,1.678,0,1,0.0,-2.171,-2.497,-0.506,-0.824,-0.42,-6.419,-1.162,-2.821012751813718,,-2.821012751813718
894,,,,,,,,,,,,,,,,,,,,,,,,,,,,622,Jared Shuster,CHA,LEFT,RP,15.666666666666666,2,12,27,15,14,0,5,12,0,0,0,0,0,8.043,2.043,2,0,0.128,-2.171,-2.629,-0.506,-0.521,-0.594,-6.42,-1.1630000000000005,-2.8234404736311145,,-2.8234404736311145
895,315,Joey Bart,PIT,90,4,RIGHT,332,285,71,21,4,30,40,1,1,0.249,CC,-2.94,-1.742,-2.047,-0.905,-0.229,-7.862,-1.1820000000000004,6.68,-2.834077491887857,,,,,,,,,,,,,,,,,,,,,,,,,,,,,,,,,,,-2.834077491887857
896,,,,,,,,,,,,,,,,,,,,,,,,,,,,623,Austin Cox,ATL,LEFT,RP,21.333333333333336,1,13,30,21,21,9,7,22,0,0,0,0,0,8.859,1.734,0,0,0.0,-2.171,-2.409,-0.506,-0.845,-0.511,-6.442,-1.1850000000000005,-2.876850353613819,,-2.876850353613819
897,,,,,,,,,,,,,,,,,,,,,,,,,,,,624,Anthony Molina,COL,RIGHT,RP,34.666666666666664,1,17,52,30,28,12,6,24,1,1,0,0,0,7.269,1.673,0,1,0.0,-1.909,-2.365,-0.506,-0.943,-0.734,-6.457,-1.2000000000000002,-2.9132661808747526,,-2.9132661808747526
898,,,,,,,,,,,,,,,,,,,,,,,,,,,,625,Chris Stratton,KCA| LAN,RIGHT,RP,21.0,0,15,32,20,18,4,10,22,0,0,0,0,0,7.714,2.0,1,0,0.048,-2.171,-2.409,-0.506,-0.644,-0.755,-6.486,-1.229,-2.9836701135792256,,-2.9836701135792256
899,,,,,,,,,,,,,,,,,,,,,,,,,,,,626,McCade Brown,COL,RIGHT,SP,25.666666666666664,7,7,30,21,21,6,17,23,0,5,0,0,0,7.364,1.831,5,1,0.195,-2.171,-2.387,-0.506,-0.717,-0.727,-6.508,-1.2510000000000003,-3.03707999356193,,-3.03707999356193
900,275,Jordan Walker,SLN,104,7,RIGHT,396,363,78,36,6,41,29,10,3,0.215,RF,-2.111,-1.54,-1.5,-0.048,-1.337,-6.537,-1.2670000000000003,5.27,-3.0378817108476435,,,,,,,,,,,,,,,,,,,,,,,,,,,,,,,,,,,-3.0378817108476435
901,,,,,,,,,,,,,,,,,,,,,,,,,,,,627,Carlos Carrasco,ATL| NYA,RIGHT,SP,45.66666666666666,9,11,61,36,36,10,17,34,2,2,0,0,0,7.095,1.708,4,0,0.088,-1.646,-2.145,-0.506,-1.18,-1.039,-6.517,-1.260000000000001,-3.058929489918492,,-3.058929489918492
902,,,,,,,,,,,,,,,,,,,,,,,,,,,,628,Tayler Scott,ARI| HOU,RIGHT,RP,27.333333333333336,0,24,34,25,24,6,18,24,1,2,0,0,0,7.902,1.902,12,0,0.439,-1.909,-2.365,-0.506,-0.878,-0.862,-6.521,-1.2640000000000002,-3.0686403771880726,,-3.0686403771880726
903,230,Rowdy Tellez,SEA| TEX,110,6,LEFT,312,289,66,34,17,49,17,1,0,0.228,1B,-2.222,-0.43,-1.103,-0.905,-0.736,-5.396,-1.2809999999999997,4.115,-3.0714494645586656,,,,,,,,,,,,,,,,,,,,,,,,,,,,,,,,,,,-3.0714494645586656
904,233,Ezequiel Tovar,COL,95,2,RIGHT,390,360,91,44,9,33,21,5,3,0.253,SS,-1.67,-1.237,-1.898,-0.524,-0.178,-5.507,-1.282,4.225,-3.073847161252311,,,,,,,,,,,,,,,,,,,,,,,,,,,,,,,,,,,-3.073847161252311
905,,,,,,,,,,,,,,,,,,,,,,,,,,,,629,Zach Brzykcy,WAS,RIGHT,RP,23.0,0,26,28,23,23,6,12,24,0,1,0,0,0,9.0,1.739,2,1,0.087,-2.171,-2.365,-0.506,-0.936,-0.555,-6.534,-1.277,-3.100200760814216,,-3.100200760814216
906,277,Jacob Young,WAS,107,9,RIGHT,364,324,75,32,2,31,27,15,9,0.231,CF,-2.332,-1.943,-1.997,0.428,-0.741,-6.586,-1.3160000000000007,5.27,-3.1553688488362277,,,,,,,,,,,,,,,,,,,,,,,,,,,,,,,,,,,-3.1553688488362277
907,,,,,,,,,,,,,,,,,,,,,,,,,,,,630,Erick Fedde,ATL| MIL| SLN,RIGHT,SP| RP,140.99999999999997,24,32,147,90,86,19,67,83,4,13,0,0,0,5.489,1.518,30,2,0.213,-1.121,-1.069,-0.506,-1.878,-1.991,-6.566,-1.3090000000000002,-3.177887858970876,,-3.177887858970876
908,278,Nick Gonzales,PIT,96,4,RIGHT,408,381,99,39,5,30,21,0,2,0.26,2B,-1.946,-1.641,-2.047,-1.0,0.037,-6.596,-1.3260000000000003,5.27,-3.179345815772672,,,,,,,,,,,,,,,,,,,,,,,,,,,,,,,,,,,-3.179345815772672
909,,,,,,,,,,,,,,,,,,,,,,,,,,,,631,Connor Gillispie,MIA,RIGHT,SP,26.0,6,6,32,26,25,6,11,23,0,3,0,0,0,8.654,1.654,6,1,0.231,-2.171,-2.387,-0.506,-0.988,-0.527,-6.58,-1.3230000000000004,-3.211875964414415,,-3.211875964414415
910,,,,,,,,,,,,,,,,,,,,,,,,,,,,632,Ryan Loutos,LAN| WAS,RIGHT,RP,11.999999999999998,0,12,20,21,17,4,8,8,1,0,0,0,0,12.75,2.333,2,0,0.167,-1.909,-2.717,-0.506,-0.839,-0.613,-6.584,-1.327,-3.2215868516839965,,-3.2215868516839965
911,,,,,,,,,,,,,,,,,,,,,,,,,,,,633,Lucas Sims,WAS,RIGHT,RP,12.333333333333332,0,18,14,19,19,2,14,13,1,0,0,0,0,13.865,2.27,1,1,0.081,-1.909,-2.607,-0.506,-0.97,-0.595,-6.586,-1.3290000000000006,-3.226442295318789,,-3.226442295318789
912,,,,,,,,,,,,,,,,,,,,,,,,,,,,634,Colin Holderman,PIT,RIGHT,RP,25.666666666666668,0,24,34,21,20,4,16,18,0,2,1,0,0,7.013,1.948,5,0,0.195,-2.171,-2.497,-0.415,-0.647,-0.863,-6.593,-1.3360000000000003,-3.243436348040558,,-3.243436348040558
913,,,,,,,,,,,,,,,,,,,,,,,,,,,,635,Jorge Alcala,BOS| MIN| SLN,RIGHT,RP,55.000000000000014,0,56,66,44,38,13,30,61,0,2,0,0,0,6.218,1.746,8,3,0.145,-2.171,-1.552,-0.506,-1.045,-1.344,-6.619,-1.362,-3.306557115292844,,-3.306557115292844
914,,,,,,,,,,,,,,,,,,,,,,,,,,,,636,Jordan Hicks,BOS| SFN,RIGHT,SP| RP,67.33333333333331,9,34,80,56,52,6,32,58,2,7,2,0,0,6.95,1.663,3,1,0.045,-1.646,-1.618,-0.324,-1.664,-1.395,-6.648,-1.391,-3.376961047997317,,-3.376961047997317
915,201,Andrew McCutchen,PIT,135,2,RIGHT,551,477,114,51,13,57,67,1,1,0.239,DH,-1.283,-0.834,-0.706,-0.905,-0.789,-4.516,-1.42975,3.08625,-3.428106847738293,,,,,,,,,,,,,,,,,,,,,,,,,,,,,,,,,,,-3.428106847738293
916,,,,,,,,,,,,,,,,,,,,,,,,,,,,637,Nate Pearson,CHN,RIGHT,RP,14.666666666666666,0,11,22,15,15,2,10,7,0,1,0,0,0,9.204,2.182,1,0,0.068,-2.171,-2.738,-0.506,-0.62,-0.648,-6.685,-1.428,-3.466786755240955,,-3.466786755240955
917,322,Jose Trevino,CIN,89,8,RIGHT,302,282,67,30,4,22,15,0,0,0.238,CC,-2.443,-1.742,-2.444,-1.0,-0.5,-8.128,-1.4480000000000004,6.68,-3.471864812397307,,,,,,,,,,,,,,,,,,,,,,,,,,,,,,,,,,,-3.471864812397307
918,323,Austin Wynns,ATH| CIN,36,9,RIGHT,110,103,30,13,6,21,5,0,0,0.291,CC,-3.382,-1.54,-2.494,-1.0,0.282,-8.133,-1.4529999999999994,6.68,-3.483853295865527,,,,,,,,,,,,,,,,,,,,,,,,,,,,,,,,,,,-3.483853295865527
919,280,Jake Bauers,MIL,83,7,LEFT,218,183,43,28,7,28,32,8,1,0.235,1B| LF,-2.553,-1.439,-2.146,-0.239,-0.365,-6.742,-1.4720000000000004,5.27,-3.529409533044776,,,,,,,,,,,,,,,,,,,,,,,,,,,,,,,,,,,-3.529409533044776
920,,,,,,,,,,,,,,,,,,,,,,,,,,,,638,Andry Lara,WAS,RIGHT,RP,14.333333333333332,0,9,27,15,14,2,8,10,0,0,0,0,0,8.791,2.442,1,0,0.07,-2.171,-2.673,-0.506,-0.56,-0.802,-6.712,-1.455,-3.5323352443106373,,-3.5323352443106373
921,326,Reese McGuire,CHN,40,9,LEFT,140,133,30,16,9,24,4,0,0,0.226,CC,-3.216,-1.237,-2.345,-1.0,-0.37,-8.168,-1.4879999999999995,6.68,-3.567772680143087,,,,,,,,,,,,,,,,,,,,,,,,,,,,,,,,,,,-3.567772680143087
922,,,,,,,,,,,,,,,,,,,,,,,,,,,,639,Luis Peralta,COL,LEFT,RP,19.0,0,22,26,22,20,6,18,16,1,3,0,0,0,9.474,2.316,4,1,0.211,-1.909,-2.541,-0.506,-0.843,-0.955,-6.754,-1.497,-3.634299560641253,,-3.634299560641253
923,,,,,,,,,,,,,,,,,,,,,,,,,,,,640,Cionel Perez,BAL,LEFT,RP,21.666666666666668,0,19,28,22,20,3,18,21,0,0,0,0,0,8.308,2.123,1,0,0.046,-2.171,-2.431,-0.506,-0.765,-0.9,-6.773,-1.516,-3.68042627517177,,-3.68042627517177
924,,,,,,,,,,,,,,,,,,,,,,,,,,,,641,Forrest Whitley,HOU| TBA,RIGHT,RP,11.999999999999998,0,10,19,20,18,3,8,12,0,0,0,0,0,13.5,2.25,1,0,0.083,-2.171,-2.629,-0.506,-0.909,-0.568,-6.783,-1.5260000000000007,-3.704703493345728,,-3.704703493345728
925,281,Michael Conforto,LAN,136,7,LEFT,478,411,81,54,12,36,55,1,0,0.197,LF,-1.117,-0.935,-1.749,-0.905,-2.128,-6.834,-1.564,5.27,-3.749997628860074,,,,,,,,,,,,,,,,,,,,,,,,,,,,,,,,,,,-3.749997628860074
926,331,Miguel Amaya,CHN,27,8,RIGHT,100,93,26,14,4,24,4,0,0,0.28,CC,-3.326,-1.742,-2.345,-1.0,0.163,-8.25,-1.5700000000000005,6.68,-3.7643838090219415,,,,,,,,,,,,,,,,,,,,,,,,,,,,,,,,,,,-3.7643838090219415
927,282,Dylan Moore,SEA| TEX,95,7,RIGHT,243,219,44,30,11,25,20,10,5,0.201,2B| RF,-2.443,-1.036,-2.295,-0.048,-1.063,-6.885,-1.6150000000000002,5.27,-3.872280160235946,,,,,,,,,,,,,,,,,,,,,,,,,,,,,,,,,,,-3.872280160235946
928,,,,,,,,,,,,,,,,,,,,,,,,,,,,642,Chase Dollander,COL,RIGHT,SP,98.0,21,21,103,76,71,18,49,82,2,12,0,0,0,6.52,1.551,17,1,0.173,-1.646,-1.091,-0.506,-2.093,-1.532,-6.869,-1.612,-3.913487569641751,,-3.913487569641751
929,337,Luis Torrens,NYN,88,9,RIGHT,283,261,59,20,5,29,19,1,0,0.226,CC,-2.995,-1.641,-2.096,-0.905,-0.716,-8.353,-1.673,6.68,-4.01134656846733,,,,,,,,,,,,,,,,,,,,,,,,,,,,,,,,,,,-4.01134656846733
930,,,,,,,,,,,,,,,,,,,,,,,,,,,,643,Ryan Rolison,COL,LEFT,RP,42.333333333333336,1,31,55,35,33,11,20,25,1,0,0,0,0,7.016,1.772,2,0,0.047,-1.909,-2.343,-0.506,-1.068,-1.085,-6.911,-1.654,-4.015451885972366,,-4.015451885972366
931,,,,,,,,,,,,,,,,,,,,,,,,,,,,644,Didier Fuentes,ATL,RIGHT,SP,13.0,4,4,23,20,20,6,6,12,0,3,0,0,0,13.846,2.231,0,1,0.0,-2.171,-2.629,-0.506,-1.02,-0.603,-6.93,-1.673,-4.061578600502884,,-4.061578600502884
932,340,James McCann,ARI,38,7,RIGHT,137,123,32,18,5,17,8,0,0,0.26,CC,-3.106,-1.641,-2.693,-1.0,0.015,-8.423,-1.7430000000000003,6.68,-4.1791853370224485,,,,,,,,,,,,,,,,,,,,,,,,,,,,,,,,,,,-4.1791853370224485
933,283,Michael Taylor,CHA,111,9,RIGHT,325,295,59,31,9,35,23,8,2,0.2,LF| RF| CF,-2.388,-1.237,-1.798,-0.239,-1.455,-7.117,-1.8470000000000004,5.27,-4.428545793161482,,,,,,,,,,,,,,,,,,,,,,,,,,,,,,,,,,,-4.428545793161482
934,342,Keibert Ruiz,WAS,68,4,SWITCH,267,255,63,19,2,25,8,0,2,0.247,CC,-3.05,-1.943,-2.295,-1.0,-0.249,-8.538,-1.8580000000000003,6.68,-4.454920456791572,,,,,,,,,,,,,,,,,,,,,,,,,,,,,,,,,,,-4.454920456791572
935,,,,,,,,,,,,,,,,,,,,,,,,,,,,645,Noah Davis,LAN| MIN,RIGHT,RP,11.0,0,9,22,24,22,7,6,15,0,2,0,0,0,18.0,2.546,1,1,0.091,-2.171,-2.563,-0.506,-1.22,-0.667,-7.127,-1.87,-4.5398397985298224,,-4.5398397985298224
936,349,Gary Sanchez,BAL,28,7,RIGHT,101,91,21,13,5,24,4,0,0,0.231,CC,-3.382,-1.641,-2.345,-1.0,-0.213,-8.581,-1.901,6.68,-4.558021414618286,,,,,,,,,,,,,,,,,,,,,,,,,,,,,,,,,,,-4.558021414618286
937,,,,,,,,,,,,,,,,,,,,,,,,,,,,646,Angel Chivilli,COL,RIGHT,RP,58.66666666666666,0,43,76,49,46,13,23,43,1,5,0,0,0,7.057,1.688,4,2,0.068,-1.909,-1.948,-0.506,-1.499,-1.28,-7.141,-1.8840000000000003,-4.573827903973362,,-4.573827903973362
938,285,Jorge Soler,ANA,81,4,RIGHT,315,279,60,31,12,34,28,0,0,0.215,DH| RF,-2.388,-0.935,-1.848,-1.0,-1.023,-7.193,-1.923,5.27,-4.610770741878467,,,,,,,,,,,,,,,,,,,,,,,,,,,,,,,,,,,-4.610770741878467
939,350,Nick Fortes,MIA| TBA,86,9,RIGHT,242,218,50,19,5,21,14,1,0,0.229,CC,-3.05,-1.641,-2.494,-0.905,-0.537,-8.627,-1.947000000000001,6.68,-4.668315462525938,,,,,,,,,,,,,,,,,,,,,,,,,,,,,,,,,,,-4.668315462525938
940,250,Rhys Hoskins,MIL,90,6,RIGHT,328,279,66,30,12,43,38,2,1,0.237,1B,-2.443,-0.935,-1.401,-0.81,-0.519,-6.107,-1.992,4.115,-4.77621181373994,,,,,,,,,,,,,,,,,,,,,,,,,,,,,,,,,,,-4.77621181373994
941,288,Jake Fraley,ATL| CIN,72,8,LEFT,217,191,46,30,6,23,25,4,3,0.241,RF,-2.443,-1.54,-2.395,-0.619,-0.286,-7.283,-2.013000000000001,5.27,-4.826563444306478,,,,,,,,,,,,,,,,,,,,,,,,,,,,,,,,,,,-4.826563444306478
942,259,Taylor Walls,TBA,90,9,SWITCH,317,282,62,35,4,38,26,13,5,0.22,SS,-2.167,-1.742,-1.649,0.237,-0.92,-6.241,-2.016,4.225,-4.833756534387409,,,,,,,,,,,,,,,,,,,,,,,,,,,,,,,,,,,-4.833756534387409
943,,,,,,,,,,,,,,,,,,,,,,,,,,,,647,Noah Murdock,ATH,RIGHT,RP,17.0,0,14,26,25,25,0,20,21,1,1,0,0,0,13.235,2.706,3,1,0.176,-1.909,-2.431,-0.506,-1.253,-1.155,-7.254,-1.997,-4.848160469339066,,-4.848160469339066
944,289,Randal Grichuk,ARI| KCA,112,3,RIGHT,293,272,62,35,9,27,17,0,1,0.228,DH| RF,-2.167,-1.237,-2.196,-1.0,-0.703,-7.303,-2.0330000000000004,5.27,-4.874517378179368,,,,,,,,,,,,,,,,,,,,,,,,,,,,,,,,,,,-4.874517378179368
945,290,Tyrone Taylor,NYN,101,9,RIGHT,341,310,69,33,2,27,16,11,2,0.223,CF,-2.277,-1.943,-2.196,0.047,-0.941,-7.31,-2.04,5.27,-4.891301255034879,,,,,,,,,,,,,,,,,,,,,,,,,,,,,,,,,,,-4.891301255034879
946,291,Ben Williamson,SEA,82,8,RIGHT,295,277,70,36,1,21,15,5,1,0.253,3B,-2.111,-2.044,-2.494,-0.524,-0.139,-7.313,-2.043,5.27,-4.898494345115813,,,,,,,,,,,,,,,,,,,,,,,,,,,,,,,,,,,-4.898494345115813
947,,,,,,,,,,,,,,,,,,,,,,,,,,,,648,Tanner Houck,BOS,RIGHT,SP,43.66666666666667,9,9,57,41,39,10,17,32,0,3,0,0,0,8.038,1.695,6,1,0.137,-2.171,-2.189,-0.506,-1.45,-0.967,-7.283,-2.0260000000000007,-4.9185644020435415,,-4.9185644020435415
948,292,Blaze Alexander,ARI,68,5,RIGHT,266,230,53,31,7,28,22,2,6,0.23,3B,-2.388,-1.439,-2.146,-0.81,-0.546,-7.328,-2.0580000000000007,5.27,-4.934459795520482,,,,,,,,,,,,,,,,,,,,,,,,,,,,,,,,,,,-4.934459795520482
949,361,Riley Adams,WAS,81,8,RIGHT,286,263,49,28,8,24,18,1,0,0.186,CC,-2.553,-1.338,-2.345,-0.905,-1.6,-8.741,-2.061,6.68,-4.941652885601414,,,,,,,,,,,,,,,,,,,,,,,,,,,,,,,,,,,-4.941652885601414
950,,,,,,,,,,,,,,,,,,,,,,,,,,,,649,Bryse Wilson,CHA,RIGHT,SP| RP,47.333333333333336,5,20,67,37,35,11,19,28,0,2,0,0,0,6.655,1.817,9,1,0.19,-2.171,-2.277,-0.506,-1.061,-1.31,-7.325,-2.0680000000000005,-5.020528718374157,,-5.020528718374157
951,293,Otto Kemp,PHI,62,7,RIGHT,218,197,46,26,8,28,12,2,2,0.234,3B,-2.664,-1.338,-2.146,-0.81,-0.417,-7.375,-2.1050000000000004,5.27,-5.047151540121775,,,,,,,,,,,,,,,,,,,,,,,,,,,,,,,,,,,-5.047151540121775
952,294,Jose Iglesias,SDN,108,7,RIGHT,343,306,70,29,3,36,24,5,1,0.229,3B| 2B| SS,-2.498,-1.842,-1.749,-0.524,-0.77,-7.383,-2.1130000000000004,5.27,-5.066333113670932,,,,,,,,,,,,,,,,,,,,,,,,,,,,,,,,,,,-5.066333113670932
953,365,Yohel Pozo,SLN,63,8,RIGHT,168,160,37,16,5,19,7,0,0,0.231,CC,-3.216,-1.641,-2.593,-1.0,-0.369,-8.819,-2.139000000000001,6.68,-5.128673227705692,,,,,,,,,,,,,,,,,,,,,,,,,,,,,,,,,,,-5.128673227705692
954,,,,,,,,,,,,,,,,,,,,,,,,,,,,650,Eduardo Salazar,WAS,RIGHT,RP,29.000000000000004,0,30,47,29,27,7,16,23,0,1,0,0,0,8.379,2.172,6,0,0.207,-2.171,-2.387,-0.506,-1.04,-1.27,-7.374,-2.117,-5.1394870874265415,,-5.1394870874265415
955,224,Starling Marte,NYN,96,6,RIGHT,329,293,79,36,9,34,22,7,2,0.27,DH,-2.111,-1.237,-1.848,-0.334,0.27,-5.261,-2.17475,3.08625,-5.214390884503481,,,,,,,,,,,,,,,,,,,,,,,,,,,,,,,,,,,-5.214390884503481
956,297,Hyeseong Kim,LAN,58,9,LEFT,170,161,45,17,3,17,7,10,1,0.28,2B,-3.161,-1.842,-2.693,-0.048,0.282,-7.462,-2.192,5.27,-5.25575115246885,,,,,,,,,,,,,,,,,,,,,,,,,,,,,,,,,,,-5.25575115246885
957,298,Sam Haggerty,TEX,58,1,SWITCH,182,162,41,28,2,13,16,10,3,0.253,LF,-2.553,-1.943,-2.891,-0.048,-0.076,-7.512,-2.242,5.27,-5.375635987151077,,,,,,,,,,,,,,,,,,,,,,,,,,,,,,,,,,,-5.375635987151077
958,299,Nolan Jones,CLE,130,5,LEFT,403,355,75,31,5,34,39,8,3,0.211,RF| CF,-2.388,-1.641,-1.848,-0.239,-1.415,-7.53,-2.2600000000000007,5.27,-5.418794527636681,,,,,,,,,,,,,,,,,,,,,,,,,,,,,,,,,,,-5.418794527636681
959,270,Pavin Smith,ARI,86,3,LEFT,288,244,63,36,8,28,41,2,2,0.258,DH| 1B,-2.111,-1.338,-2.146,-0.81,-0.01,-6.415,-2.3,4.115,-5.514702395382461,,,,,,,,,,,,,,,,,,,,,,,,,,,,,,,,,,,-5.514702395382461
960,271,Ryan Mountcastle,BAL,88,4,RIGHT,357,332,83,34,7,35,15,3,0,0.25,1B| DH,-2.222,-1.439,-1.798,-0.714,-0.242,-6.416,-2.301,4.115,-5.517100092076106,,,,,,,,,,,,,,,,,,,,,,,,,,,,,,,,,,,-5.517100092076106
961,301,Brady House,WAS,73,6,RIGHT,274,261,61,26,4,29,8,5,3,0.234,3B,-2.664,-1.742,-2.096,-0.524,-0.548,-7.574,-2.3040000000000003,5.27,-5.52429318215704,,,,,,,,,,,,,,,,,,,,,,,,,,,,,,,,,,,-5.52429318215704
962,383,Dalton Rushing,LAN,51,9,LEFT,155,142,29,15,4,24,10,0,0,0.204,CC,-3.271,-1.742,-2.345,-1.0,-0.65,-9.008,-2.3279999999999994,6.68,-5.581837902804507,,,,,,,,,,,,,,,,,,,,,,,,,,,,,,,,,,,-5.581837902804507
963,,,,,,,,,,,,,,,,,,,,,,,,,,,,651,Kyle Gibson,BAL,RIGHT,SP,12.333333333333332,4,4,29,23,23,7,7,10,0,3,0,0,0,16.784,2.919,0,0,0.0,-2.171,-2.673,-0.506,-1.25,-0.957,-7.558,-2.301,-5.586187901827338,,-5.586187901827338
964,303,Amed Rosario,NYA| WAS,60,2,RIGHT,191,181,50,19,6,23,7,1,0,0.276,3B,-3.05,-1.54,-2.395,-0.905,0.267,-7.622,-2.3520000000000003,5.27,-5.639382623451978,,,,,,,,,,,,,,,,,,,,,,,,,,,,,,,,,,,-5.639382623451978
965,304,Luis Matos,SFN,55,8,RIGHT,184,172,38,25,8,22,11,4,0,0.221,RF,-2.719,-1.338,-2.444,-0.619,-0.546,-7.666,-2.396000000000001,5.27,-5.74488127797234,,,,,,,,,,,,,,,,,,,,,,,,,,,,,,,,,,,-5.74488127797234
966,305,Thomas Saggese,SLN,81,6,RIGHT,295,275,71,25,2,25,16,3,0,0.258,2B| SS,-2.719,-1.943,-2.295,-0.714,-0.011,-7.683,-2.4130000000000003,5.27,-5.785642121764296,,,,,,,,,,,,,,,,,,,,,,,,,,,,,,,,,,,-5.785642121764296
967,306,Enrique Hernandez,LAN,83,8,RIGHT,247,224,46,29,9,32,18,0,0,0.205,1B| 3B,-2.498,-1.237,-1.947,-1.0,-1.004,-7.687,-2.4170000000000007,5.27,-5.795232908538875,,,,,,,,,,,,,,,,,,,,,,,,,,,,,,,,,,,-5.795232908538875
968,,,,,,,,,,,,,,,,,,,,,,,,,,,,652,Carson Palmquist,COL,LEFT,SP,34.333333333333336,7,9,45,35,34,10,25,27,0,4,0,0,0,8.913,2.039,10,0,0.291,-2.171,-2.299,-0.506,-1.374,-1.295,-7.646,-2.389,-5.7998274217581525,,-5.7998274217581525
969,276,Dominic Smith,SFN,63,4,LEFT,225,204,58,26,5,33,15,2,0,0.284,1B,-2.664,-1.641,-1.898,-0.81,0.44,-6.572,-2.457,4.115,-5.891140776284654,,,,,,,,,,,,,,,,,,,,,,,,,,,,,,,,,,,-5.891140776284654
970,308,Luis Urias,ATH,92,7,RIGHT,330,287,66,27,8,25,31,2,1,0.23,2B,-2.608,-1.338,-2.295,-0.81,-0.693,-7.744,-2.474,5.27,-5.931901620076613,,,,,,,,,,,,,,,,,,,,,,,,,,,,,,,,,,,-5.931901620076613
971,310,David Hamilton,BOS,65,8,LEFT,194,177,35,22,6,19,13,12,4,0.198,2B,-2.885,-1.54,-2.593,0.142,-0.907,-7.782,-2.5120000000000005,5.27,-6.023014094435107,,,,,,,,,,,,,,,,,,,,,,,,,,,,,,,,,,,-6.023014094435107
972,311,Tim Tawa,ARI,69,8,RIGHT,225,199,40,29,7,18,20,8,2,0.201,2B,-2.498,-1.439,-2.643,-0.239,-0.965,-7.783,-2.513000000000001,5.27,-6.025411791128752,,,,,,,,,,,,,,,,,,,,,,,,,,,,,,,,,,,-6.025411791128752
973,400,Alex Jackson,BAL,31,9,RIGHT,100,91,20,17,5,8,5,0,0,0.22,CC,-3.161,-1.641,-3.14,-1.0,-0.298,-9.239,-2.559000000000001,6.68,-6.135705839036402,,,,,,,,,,,,,,,,,,,,,,,,,,,,,,,,,,,-6.135705839036402
974,313,Kameron Misner,TBA,63,6,LEFT,217,197,42,26,5,22,16,7,1,0.213,CF,-2.664,-1.641,-2.444,-0.334,-0.753,-7.836,-2.5660000000000007,5.27,-6.152489715891913,,,,,,,,,,,,,,,,,,,,,,,,,,,,,,,,,,,-6.152489715891913
975,314,Kyle Farmer,COL,96,7,RIGHT,300,277,63,24,8,31,17,0,1,0.227,2B| DH,-2.774,-1.338,-1.997,-1.0,-0.727,-7.837,-2.567,5.27,-6.154887412585556,,,,,,,,,,,,,,,,,,,,,,,,,,,,,,,,,,,-6.154887412585556
976,316,Christian Koss,SFN,61,9,RIGHT,191,174,46,20,3,23,9,3,1,0.264,2B,-2.995,-1.842,-2.395,-0.714,0.083,-7.863,-2.593000000000001,5.27,-6.217227526620316,,,,,,,,,,,,,,,,,,,,,,,,,,,,,,,,,,,-6.217227526620316
977,,,,,,,,,,,,,,,,,,,,,,,,,,,,653,Austin Gomber,COL,LEFT,SP,57.66666666666667,12,12,82,51,48,16,17,34,0,7,0,0,0,7.491,1.717,5,1,0.087,-2.171,-2.145,-0.506,-1.668,-1.334,-7.826,-2.569,-6.236817348889365,,-6.236817348889365
978,318,Jeremiah Jackson,BAL,48,2,RIGHT,183,170,47,20,5,21,11,0,2,0.276,RF,-2.995,-1.641,-2.494,-1.0,0.254,-7.875,-2.6050000000000004,5.27,-6.245999886944049,,,,,,,,,,,,,,,,,,,,,,,,,,,,,,,,,,,-6.245999886944049
979,319,Tyler O'Neill,BAL,54,4,RIGHT,209,181,36,22,9,26,22,4,0,0.199,RF,-2.885,-1.237,-2.245,-0.619,-0.91,-7.896,-2.6260000000000003,5.27,-6.296351517510584,,,,,,,,,,,,,,,,,,,,,,,,,,,,,,,,,,,-6.296351517510584
980,320,Austin Martin,MIN,46,2,RIGHT,181,156,44,21,1,7,22,10,4,0.282,LF,-2.94,-2.044,-3.189,-0.048,0.307,-7.915,-2.6450000000000005,5.27,-6.341907754689832,,,,,,,,,,,,,,,,,,,,,,,,,,,,,,,,,,,-6.341907754689832
981,411,Travis d'Arnaud,ANA,67,6,RIGHT,231,213,42,16,6,21,13,0,0,0.197,CC,-3.216,-1.54,-2.494,-1.0,-1.101,-9.351,-2.671000000000001,6.68,-6.404247868724592,,,,,,,,,,,,,,,,,,,,,,,,,,,,,,,,,,,-6.404247868724592
982,321,Andy Ibanez,DET,86,6,RIGHT,193,176,42,23,4,21,12,4,1,0.239,3B,-2.829,-1.742,-2.494,-0.619,-0.296,-7.981,-2.7110000000000003,5.27,-6.500155736470371,,,,,,,,,,,,,,,,,,,,,,,,,,,,,,,,,,,-6.500155736470371
983,415,Henry Davis,PIT,81,8,RIGHT,283,252,42,24,7,22,18,2,1,0.167,CC,-2.774,-1.439,-2.444,-0.81,-1.949,-9.416,-2.7360000000000007,6.68,-6.560098153811485,,,,,,,,,,,,,,,,,,,,,,,,,,,,,,,,,,,-6.560098153811485
984,417,Matt Thaiss,CHA| TBA,59,7,LEFT,190,156,34,16,1,16,29,1,1,0.218,CC,-3.216,-2.044,-2.742,-0.905,-0.534,-9.441,-2.761000000000001,6.68,-6.6200405711526,,,,,,,,,,,,,,,,,,,,,,,,,,,,,,,,,,,-6.6200405711526
985,420,Jake Rogers,DET,45,9,RIGHT,142,123,23,14,3,19,15,0,0,0.187,CC,-3.326,-1.842,-2.593,-1.0,-0.741,-9.503,-2.8230000000000004,6.68,-6.768697766158561,,,,,,,,,,,,,,,,,,,,,,,,,,,,,,,,,,,-6.768697766158561
986,324,Curtis Mead,CHA| TBA,88,6,RIGHT,264,240,56,26,3,19,15,5,1,0.233,1B| 3B,-2.664,-1.842,-2.593,-0.524,-0.511,-8.135,-2.865,5.27,-6.869401027291631,,,,,,,,,,,,,,,,,,,,,,,,,,,,,,,,,,,-6.869401027291631
987,325,Paul DeJong,WAS,55,7,RIGHT,208,193,44,18,6,23,11,4,0,0.228,3B,-3.106,-1.54,-2.395,-0.619,-0.498,-8.157,-2.8870000000000005,5.27,-6.922150354551812,,,,,,,,,,,,,,,,,,,,,,,,,,,,,,,,,,,-6.922150354551812
988,426,Jose Herrera,ARI,57,9,SWITCH,204,166,31,21,2,17,23,0,0,0.187,CC,-2.94,-1.943,-2.693,-1.0,-1.004,-9.579,-2.899000000000001,6.68,-6.950922714875548,,,,,,,,,,,,,,,,,,,,,,,,,,,,,,,,,,,-6.950922714875548
989,328,Blake Perkins,MIL,47,8,SWITCH,171,155,35,22,3,19,15,6,2,0.226,CF,-2.885,-1.842,-2.593,-0.429,-0.428,-8.178,-2.9080000000000013,5.27,-6.97250198511835,,,,,,,,,,,,,,,,,,,,,,,,,,,,,,,,,,,-6.97250198511835
990,329,Michael Helman,TEX,36,9,RIGHT,110,99,23,17,5,20,7,4,0,0.232,CF,-3.161,-1.641,-2.544,-0.619,-0.219,-8.184,-2.914,5.27,-6.986888165280213,,,,,,,,,,,,,,,,,,,,,,,,,,,,,,,,,,,-6.986888165280213
991,428,Braxton Fulford,COL,37,8,RIGHT,120,108,23,11,1,16,7,1,0,0.213,CC,-3.492,-2.044,-2.742,-0.905,-0.415,-9.598,-2.918000000000001,6.68,-6.996478952054795,,,,,,,,,,,,,,,,,,,,,,,,,,,,,,,,,,,-6.996478952054795
992,330,Johan Rojas,PHI,61,9,RIGHT,172,152,34,19,1,18,13,10,1,0.224,CF,-3.05,-2.044,-2.643,-0.048,-0.447,-8.233,-2.963000000000001,5.27,-7.104375303268799,,,,,,,,,,,,,,,,,,,,,,,,,,,,,,,,,,,-7.104375303268799
993,434,Eric Haase,MIL,27,9,RIGHT,77,70,16,11,2,9,4,0,0,0.229,CC,-3.492,-1.943,-3.09,-1.0,-0.177,-9.703,-3.023,6.68,-7.248237104887469,,,,,,,,,,,,,,,,,,,,,,,,,,,,,,,,,,,-7.248237104887469
994,284,Abraham Toro,BOS,77,7,SWITCH,284,259,62,33,7,27,14,2,1,0.239,1B,-2.277,-1.439,-2.196,-0.81,-0.42,-7.142,-3.027,4.115,-7.257827891662048,,,,,,,,,,,,,,,,,,,,,,,,,,,,,,,,,,,-7.257827891662048
995,332,Kristian Campbell,BOS,67,6,RIGHT,263,229,51,24,6,21,29,2,1,0.223,2B,-2.774,-1.54,-2.494,-0.81,-0.692,-8.31,-3.040000000000001,5.27,-7.288997948679429,,,,,,,,,,,,,,,,,,,,,,,,,,,,,,,,,,,-7.288997948679429
996,333,Alexander Canario,PIT,75,6,RIGHT,234,216,47,24,6,20,17,3,1,0.218,LF| RF| CF,-2.774,-1.54,-2.544,-0.714,-0.746,-8.318,-3.048,5.27,-7.308179522228583,,,,,,,,,,,,,,,,,,,,,,,,,,,,,,,,,,,-7.308179522228583
997,334,Joey Loperfido,TOR,38,7,LEFT,104,96,32,12,4,14,4,1,2,0.333,LF,-3.437,-1.742,-2.842,-0.905,0.603,-8.322,-3.052,5.27,-7.31777030900316,,,,,,,,,,,,,,,,,,,,,,,,,,,,,,,,,,,-7.31777030900316
998,335,Colby Thomas,ATH,47,6,RIGHT,132,120,27,19,6,19,7,2,1,0.225,RF,-3.05,-1.54,-2.593,-0.81,-0.34,-8.333,-3.0630000000000006,5.27,-7.344144972633253,,,,,,,,,,,,,,,,,,,,,,,,,,,,,,,,,,,-7.344144972633253
999,286,Coby Mayo,BAL,84,7,RIGHT,294,263,57,30,11,28,27,3,0,0.217,1B,-2.443,-1.036,-2.146,-0.714,-0.927,-7.266,-3.151,4.115,-7.555142281673971,,,,,,,,,,,,,,,,,,,,,,,,,,,,,,,,,,,-7.555142281673971
1000,451,Martin Maldonado,SDN,61,9,RIGHT,161,147,30,11,4,12,8,0,0,0.204,CC,-3.492,-1.742,-2.941,-1.0,-0.675,-9.849,-3.1690000000000005,6.68,-7.598300822159575,,,,,,,,,,,,,,,,,,,,,,,,,,,,,,,,,,,-7.598300822159575
1001,453,Rafael Marchan,PHI,39,9,SWITCH,118,105,22,9,2,13,10,0,0,0.21,CC,-3.603,-1.943,-2.891,-1.0,-0.434,-9.871,-3.1910000000000007,6.68,-7.651050149419755,,,,,,,,,,,,,,,,,,,,,,,,,,,,,,,,,,,-7.651050149419755
1002,341,Max Muncy,ATH,60,5,RIGHT,220,206,44,17,9,23,10,1,1,0.214,2B| 3B,-3.161,-1.237,-2.395,-0.905,-0.781,-8.478,-3.208,5.27,-7.691810993211711,,,,,,,,,,,,,,,,,,,,,,,,,,,,,,,,,,,-7.691810993211711
1003,460,Samuel Basallo,BAL,31,8,LEFT,118,109,18,10,4,15,6,0,0,0.165,CC,-3.547,-1.742,-2.792,-1.0,-0.857,-9.938,-3.258000000000001,6.68,-7.81169582789394,,,,,,,,,,,,,,,,,,,,,,,,,,,,,,,,,,,-7.81169582789394
1004,343,Tyler Fitzgerald,SFN,69,9,RIGHT,243,217,47,19,4,14,17,9,4,0.217,2B,-3.05,-1.742,-2.842,-0.143,-0.768,-8.545,-3.2750000000000004,5.27,-7.852456671685896,,,,,,,,,,,,,,,,,,,,,,,,,,,,,,,,,,,-7.852456671685896
1005,344,Michael Massey,KCA,75,5,LEFT,277,262,64,19,3,20,9,2,1,0.244,2B,-3.05,-1.842,-2.544,-0.81,-0.317,-8.563,-3.293000000000001,5.27,-7.8956152121715,,,,,,,,,,,,,,,,,,,,,,,,,,,,,,,,,,,-7.8956152121715
1006,345,Ryan Ritter,COL,59,9,RIGHT,207,187,45,22,1,18,10,3,1,0.241,SS| 2B,-2.885,-2.044,-2.643,-0.714,-0.283,-8.57,-3.3000000000000007,5.27,-7.912399089027011,,,,,,,,,,,,,,,,,,,,,,,,,,,,,,,,,,,-7.912399089027011
1007,464,Willie MacIver,ATH,30,8,RIGHT,111,102,19,7,3,9,7,3,0,0.186,CC,-3.713,-1.842,-3.09,-0.714,-0.621,-9.981,-3.301,6.68,-7.914796785720655,,,,,,,,,,,,,,,,,,,,,,,,,,,,,,,,,,,-7.914796785720655
1008,347,Robert Hassell,WAS,64,9,LEFT,206,197,44,22,3,18,8,4,0,0.223,CF,-2.885,-1.842,-2.643,-0.619,-0.585,-8.574,-3.3040000000000003,5.27,-7.921989875801588,,,,,,,,,,,,,,,,,,,,,,,,,,,,,,,,,,,-7.921989875801588
1009,348,C. J. Kayfus,CLE,42,8,LEFT,138,123,27,16,4,19,11,4,0,0.22,RF,-3.216,-1.742,-2.593,-0.619,-0.405,-8.575,-3.305,5.27,-7.924387572495231,,,,,,,,,,,,,,,,,,,,,,,,,,,,,,,,,,,-7.924387572495231
1010,,,,,,,,,,,,,,,,,,,,,,,,,,,,654,Jack Kochanowicz,ANA,RIGHT,SP,111.0,23,23,136,89,84,21,58,72,3,11,0,0,0,6.811,1.748,4,3,0.036,-1.384,-1.311,-0.506,-2.622,-2.724,-8.547,-3.290000000000001,-7.9872047792316145,,-7.9872047792316145
1011,471,Andrew Knizner,SFN,30,9,RIGHT,88,77,17,12,1,5,7,0,0,0.221,CC,-3.437,-2.044,-3.289,-1.0,-0.245,-10.015,-3.335000000000001,6.68,-7.99631847330457,,,,,,,,,,,,,,,,,,,,,,,,,,,,,,,,,,,-7.99631847330457
1012,473,Christian Vazquez,MIN,62,9,RIGHT,214,190,36,14,3,14,18,1,1,0.189,CC,-3.326,-1.842,-2.842,-0.905,-1.105,-10.021,-3.341000000000001,6.68,-8.010704653466439,,,,,,,,,,,,,,,,,,,,,,,,,,,,,,,,,,,-8.010704653466439
1013,351,Thairo Estrada,COL,39,5,RIGHT,165,154,39,14,3,21,6,1,3,0.253,2B,-3.326,-1.842,-2.494,-0.905,-0.07,-8.638,-3.3680000000000003,5.27,-8.07544246419484,,,,,,,,,,,,,,,,,,,,,,,,,,,,,,,,,,,-8.07544246419484
1014,476,J. C. Escarra,NYA,35,8,LEFT,98,84,17,5,2,11,11,1,0,0.202,CC,-3.823,-1.943,-2.991,-0.905,-0.398,-10.06,-3.380000000000001,6.68,-8.104214824518575,,,,,,,,,,,,,,,,,,,,,,,,,,,,,,,,,,,-8.104214824518575
1015,353,Cole Young,SEA,75,9,LEFT,257,223,47,24,4,24,28,1,0,0.211,2B,-2.774,-1.742,-2.345,-0.905,-0.898,-8.664,-3.394,5.27,-8.137782578229597,,,,,,,,,,,,,,,,,,,,,,,,,,,,,,,,,,,-8.137782578229597
1016,354,Drew Waters,KCA,67,7,SWITCH,219,206,50,20,1,14,11,5,3,0.243,LF| RF| CF,-2.995,-2.044,-2.842,-0.524,-0.276,-8.681,-3.411,5.27,-8.178543422021553,,,,,,,,,,,,,,,,,,,,,,,,,,,,,,,,,,,-8.178543422021553
1017,355,Parker Meadows,DET,56,1,LEFT,213,191,41,22,4,16,21,4,0,0.215,CF,-2.885,-1.742,-2.742,-0.619,-0.707,-8.695,-3.4250000000000007,5.27,-8.212111175732579,,,,,,,,,,,,,,,,,,,,,,,,,,,,,,,,,,,-8.212111175732579
1018,356,Ronny Mauricio,NYN,58,8,SWITCH,184,168,38,19,6,10,15,4,0,0.226,3B,-3.05,-1.54,-3.04,-0.619,-0.459,-8.709,-3.439,5.27,-8.245678929443601,,,,,,,,,,,,,,,,,,,,,,,,,,,,,,,,,,,-8.245678929443601
1019,358,Christian Moore,ANA,50,9,RIGHT,184,162,32,20,7,16,19,3,0,0.198,2B,-2.995,-1.439,-2.742,-0.714,-0.833,-8.724,-3.4540000000000006,5.27,-8.281644379848272,,,,,,,,,,,,,,,,,,,,,,,,,,,,,,,,,,,-8.281644379848272
1020,359,Kyren Paris,ANA,43,8,RIGHT,140,126,24,19,6,11,10,6,1,0.19,CF,-3.05,-1.54,-2.991,-0.429,-0.722,-8.732,-3.462,5.27,-8.300825953397426,,,,,,,,,,,,,,,,,,,,,,,,,,,,,,,,,,,-8.300825953397426
1021,,,,,,,,,,,,,,,,,,,,,,,,,,,,655,Bradley Blalock,COL,RIGHT,SP,58.66666666666666,12,14,85,61,61,17,23,27,2,6,0,0,0,9.358,1.841,7,2,0.119,-1.646,-2.299,-0.506,-2.551,-1.687,-8.69,-3.433,-8.334368999119187,,-8.334368999119187
1022,363,Jake McCarthy,ARI,65,9,LEFT,222,206,42,18,4,20,10,6,0,0.204,LF,-3.106,-1.742,-2.544,-0.429,-0.949,-8.769,-3.499000000000001,5.27,-8.389540731062276,,,,,,,,,,,,,,,,,,,,,,,,,,,,,,,,,,,-8.389540731062276
1023,,,,,,,,,,,,,,,,,,,,,,,,,,,,656,German Marquez,COL,RIGHT,SP,126.33333333333331,26,26,168,106,94,23,48,83,3,16,0,0,0,6.697,1.71,19,3,0.15,-1.384,-1.069,-0.506,-2.872,-2.883,-8.714,-3.4570000000000007,-8.392634322736683,,-8.392634322736683
1024,364,Luisangel Acuna,NYN,68,8,RIGHT,193,175,41,18,0,8,13,10,1,0.234,2B,-3.106,-2.145,-3.14,-0.048,-0.359,-8.797,-3.527000000000001,5.27,-8.456676238484324,,,,,,,,,,,,,,,,,,,,,,,,,,,,,,,,,,,-8.456676238484324
1025,498,Austin Hedges,CLE,58,9,RIGHT,180,155,25,13,5,10,18,1,2,0.161,CC,-3.382,-1.641,-3.04,-0.905,-1.269,-10.236,-3.556000000000001,6.68,-8.526209442600017,,,,,,,,,,,,,,,,,,,,,,,,,,,,,,,,,,,-8.526209442600017
1026,366,Miles Mastrobuoni,SEA,73,8,LEFT,175,152,38,16,1,12,17,5,3,0.25,3B,-3.216,-2.044,-2.941,-0.524,-0.111,-8.836,-3.5660000000000007,5.27,-8.550186409536462,,,,,,,,,,,,,,,,,,,,,,,,,,,,,,,,,,,-8.550186409536462
1027,367,Leody Taveras,SEA| TEX,54,9,SWITCH,180,171,35,13,3,17,5,9,3,0.205,CF| RF,-3.382,-1.842,-2.693,-0.143,-0.776,-8.836,-3.5660000000000007,5.27,-8.550186409536462,,,,,,,,,,,,,,,,,,,,,,,,,,,,,,,,,,,-8.550186409536462
1028,369,Luke Raley,SEA,69,5,LEFT,219,183,37,23,4,19,19,2,1,0.202,1B| RF,-2.829,-1.742,-2.593,-0.81,-0.869,-8.843,-3.5730000000000004,5.27,-8.566970286391973,,,,,,,,,,,,,,,,,,,,,,,,,,,,,,,,,,,-8.566970286391973
1029,370,Derek Hill,CHA| MIA,49,8,RIGHT,149,134,29,18,3,11,9,6,0,0.216,CF,-3.106,-1.842,-2.991,-0.429,-0.476,-8.844,-3.574,5.27,-8.569367983085614,,,,,,,,,,,,,,,,,,,,,,,,,,,,,,,,,,,-8.569367983085614
1030,371,Jose Tena,WAS,48,8,LEFT,169,152,37,19,0,16,15,3,1,0.243,3B,-3.05,-2.145,-2.742,-0.714,-0.195,-8.847,-3.577,5.27,-8.57656107316655,,,,,,,,,,,,,,,,,,,,,,,,,,,,,,,,,,,-8.57656107316655
1031,372,Denzel Clarke,ATH,46,9,RIGHT,159,148,34,18,3,8,6,6,0,0.23,CF,-3.106,-1.842,-3.14,-0.429,-0.36,-8.877,-3.607000000000001,5.27,-8.648491973975888,,,,,,,,,,,,,,,,,,,,,,,,,,,,,,,,,,,-8.648491973975888
1032,373,Santiago Espinal,CIN,104,2,RIGHT,328,301,73,24,0,16,21,2,1,0.243,3B,-2.774,-2.145,-2.742,-0.81,-0.409,-8.88,-3.610000000000001,5.27,-8.655685064056822,,,,,,,,,,,,,,,,,,,,,,,,,,,,,,,,,,,-8.655685064056822
1033,374,Leo Rivas,SEA,41,8,SWITCH,111,90,22,16,2,9,20,5,0,0.244,2B,-3.216,-1.943,-3.09,-0.524,-0.108,-8.881,-3.6110000000000007,5.27,-8.658082760750466,,,,,,,,,,,,,,,,,,,,,,,,,,,,,,,,,,,-8.658082760750466
1034,375,Brandon Lockridge,MIL| SDN,51,8,RIGHT,148,134,31,16,0,11,8,8,1,0.231,LF| CF,-3.216,-2.145,-2.991,-0.239,-0.308,-8.898,-3.628,5.27,-8.698843604542422,,,,,,,,,,,,,,,,,,,,,,,,,,,,,,,,,,,-8.698843604542422
1035,376,Dylan Beavers,BAL,35,8,LEFT,137,110,25,16,4,14,26,2,2,0.227,LF,-3.216,-1.742,-2.842,-0.81,-0.29,-8.899,-3.629,5.27,-8.701241301236065,,,,,,,,,,,,,,,,,,,,,,,,,,,,,,,,,,,-8.701241301236065
1036,377,Austin Slater,CHA| NYA,61,2,RIGHT,160,148,32,21,5,13,11,1,0,0.216,RF| LF,-2.94,-1.641,-2.891,-0.905,-0.528,-8.905,-3.635,5.27,-8.715627481397933,,,,,,,,,,,,,,,,,,,,,,,,,,,,,,,,,,,-8.715627481397933
1037,317,Trey Sweeney,DET,108,8,LEFT,326,296,58,36,6,32,26,3,1,0.196,SS,-2.111,-1.54,-1.947,-0.714,-1.561,-7.874,-3.649,4.225,-8.749195235108957,,,,,,,,,,,,,,,,,,,,,,,,,,,,,,,,,,,-8.749195235108957
1038,510,Sam Huff,SFN,20,8,RIGHT,58,53,11,5,2,4,4,0,0,0.208,CC,-3.823,-1.943,-3.338,-1.0,-0.228,-10.333,-3.653000000000001,6.68,-8.758786021883536,,,,,,,,,,,,,,,,,,,,,,,,,,,,,,,,,,,-8.758786021883536
1039,514,Connor Wong,BOS,55,9,RIGHT,188,168,32,15,0,7,16,2,1,0.19,CC,-3.271,-2.145,-3.189,-0.81,-0.963,-10.378,-3.698,6.68,-8.866682373097541,,,,,,,,,,,,,,,,,,,,,,,,,,,,,,,,,,,-8.866682373097541
1040,382,Weston Wilson,PHI,46,8,RIGHT,125,111,22,15,5,17,12,2,2,0.198,LF,-3.271,-1.641,-2.693,-0.81,-0.564,-8.979,-3.709,5.27,-8.89305703672763,,,,,,,,,,,,,,,,,,,,,,,,,,,,,,,,,,,-8.89305703672763
1041,381,Dylan Carlson,BAL,74,8,SWITCH,241,217,44,17,6,20,21,3,3,0.203,LF,-3.161,-1.54,-2.544,-0.714,-1.02,-8.979,-3.709,5.27,-8.89305703672763,,,,,,,,,,,,,,,,,,,,,,,,,,,,,,,,,,,-8.89305703672763
1042,519,Jhonny Pereda,ATH| MIN,26,9,RIGHT,78,69,17,4,0,4,8,0,0,0.246,CC,-3.879,-2.145,-3.338,-1.0,-0.071,-10.433,-3.753,6.68,-8.99855569124799,,,,,,,,,,,,,,,,,,,,,,,,,,,,,,,,,,,-8.99855569124799
1043,388,John Rave,KCA,56,8,LEFT,175,153,30,17,4,14,18,5,2,0.196,RF| LF,-3.161,-1.742,-2.842,-0.524,-0.805,-9.073,-3.803000000000001,5.27,-9.11844052593022,,,,,,,,,,,,,,,,,,,,,,,,,,,,,,,,,,,-9.11844052593022
1044,389,Marcelo Mayer,BOS,42,7,LEFT,136,127,29,20,4,10,8,0,2,0.228,3B,-2.995,-1.742,-3.04,-1.0,-0.324,-9.101,-3.831000000000001,5.27,-9.185576033352268,,,,,,,,,,,,,,,,,,,,,,,,,,,,,,,,,,,-9.185576033352268
1045,390,Nick Loftin,KCA,65,7,RIGHT,188,168,35,16,4,20,14,1,1,0.208,LF,-3.216,-1.742,-2.544,-0.905,-0.711,-9.117,-3.847000000000001,5.27,-9.22393918045058,,,,,,,,,,,,,,,,,,,,,,,,,,,,,,,,,,,-9.22393918045058
1046,391,Graham Pauley,MIA,57,8,LEFT,184,161,36,18,4,11,21,2,0,0.224,3B,-3.106,-1.742,-2.991,-0.81,-0.475,-9.122,-3.852,5.27,-9.2359276639188,,,,,,,,,,,,,,,,,,,,,,,,,,,,,,,,,,,-9.2359276639188
1047,394,Victor Robles,SEA,31,8,RIGHT,114,106,26,11,1,9,3,6,2,0.245,RF,-3.492,-2.044,-3.09,-0.429,-0.119,-9.175,-3.905000000000001,5.27,-9.363005588681965,,,,,,,,,,,,,,,,,,,,,,,,,,,,,,,,,,,-9.363005588681965
1048,396,DJ LeMahieu,NYA,41,9,RIGHT,142,128,34,13,2,12,14,0,0,0.266,2B,-3.382,-1.943,-2.941,-1.0,0.075,-9.191,-3.921000000000001,5.27,-9.401368735780276,,,,,,,,,,,,,,,,,,,,,,,,,,,,,,,,,,,-9.401368735780276
1049,537,Hayden Senger,NYN,28,9,RIGHT,78,72,13,8,0,4,3,0,0,0.181,CC,-3.658,-2.145,-3.338,-1.0,-0.473,-10.614,-3.934000000000001,6.68,-9.432538792797656,,,,,,,,,,,,,,,,,,,,,,,,,,,,,,,,,,,-9.432538792797656
1050,327,Ha-Seong Kim,ATL| TBA,48,5,RIGHT,191,171,40,19,5,17,16,6,2,0.234,SS,-3.05,-1.641,-2.693,-0.429,-0.356,-8.168,-3.943,4.225,-9.454118063040452,,,,,,,,,,,,,,,,,,,,,,,,,,,,,,,,,,,-9.454118063040452
1051,399,Nacho Alvarez,ATL,57,8,RIGHT,208,188,44,18,2,15,12,0,0,0.234,3B,-3.106,-1.943,-2.792,-1.0,-0.389,-9.23,-3.960000000000001,5.27,-9.494878906832414,,,,,,,,,,,,,,,,,,,,,,,,,,,,,,,,,,,-9.494878906832414
1052,401,Alex Verdugo,ATL,56,1,LEFT,213,197,47,21,0,12,14,1,0,0.239,LF,-2.94,-2.145,-2.941,-0.905,-0.333,-9.263,-3.993,5.27,-9.574002897722682,,,,,,,,,,,,,,,,,,,,,,,,,,,,,,,,,,,-9.574002897722682
1053,402,Cody Freeman,TEX,35,8,RIGHT,121,114,26,12,3,15,5,1,1,0.228,2B,-3.437,-1.842,-2.792,-0.905,-0.293,-9.269,-3.999000000000001,5.27,-9.58838907788455,,,,,,,,,,,,,,,,,,,,,,,,,,,,,,,,,,,-9.58838907788455
1054,545,Ben Rortvedt,LAN| TBA,41,9,LEFT,128,112,17,9,1,10,11,0,0,0.152,CC,-3.603,-2.044,-3.04,-1.0,-1.006,-10.693,-4.013,6.68,-9.621956831595572,,,,,,,,,,,,,,,,,,,,,,,,,,,,,,,,,,,-9.621956831595572
1055,404,Alejandro Osuna,TEX,56,9,LEFT,176,151,32,12,2,15,21,5,4,0.212,LF,-3.437,-1.943,-2.792,-0.524,-0.593,-9.29,-4.02,5.27,-9.638740708451085,,,,,,,,,,,,,,,,,,,,,,,,,,,,,,,,,,,-9.638740708451085
1056,406,Tyler Tolbert,KCA,39,9,RIGHT,57,50,14,9,1,6,1,5,0,0.28,CF,-3.603,-2.044,-3.239,-0.524,0.09,-9.32,-4.050000000000001,5.27,-9.710671609260425,,,,,,,,,,,,,,,,,,,,,,,,,,,,,,,,,,,-9.710671609260425
1057,407,Heston Kjerstad,BAL,52,8,LEFT,167,156,30,16,4,19,6,1,0,0.192,RF| LF,-3.216,-1.742,-2.593,-0.905,-0.87,-9.326,-4.056000000000001,5.27,-9.72505778942229,,,,,,,,,,,,,,,,,,,,,,,,,,,,,,,,,,,-9.72505778942229
1058,410,Oswaldo Cabrera,NYA,33,9,SWITCH,122,107,26,17,1,11,11,0,1,0.243,3B,-3.161,-2.044,-2.991,-1.0,-0.141,-9.337,-4.067,5.27,-9.75143245305238,,,,,,,,,,,,,,,,,,,,,,,,,,,,,,,,,,,-9.75143245305238
1059,412,Oswald Peraza,ANA| NYA,94,9,RIGHT,265,244,40,20,5,20,17,8,0,0.164,3B,-2.995,-1.641,-2.544,-0.239,-1.943,-9.361,-4.091000000000001,5.27,-9.80897717369985,,,,,,,,,,,,,,,,,,,,,,,,,,,,,,,,,,,-9.80897717369985
1060,336,Nick Allen,ATL,130,9,RIGHT,416,371,82,32,0,22,31,8,7,0.221,SS,-2.332,-2.145,-2.444,-0.239,-1.174,-8.335,-4.110000000000001,4.225,-9.854533410879096,,,,,,,,,,,,,,,,,,,,,,,,,,,,,,,,,,,-9.854533410879096
1061,558,Hunter Feduccia,LAN| TBA,36,7,LEFT,105,88,13,5,0,8,15,1,0,0.148,CC,-3.823,-2.145,-3.14,-0.905,-0.821,-10.834,-4.154,6.68,-9.960032065399451,,,,,,,,,,,,,,,,,,,,,,,,,,,,,,,,,,,-9.960032065399451
1062,339,Andruw Monasterio,MIL,50,9,RIGHT,135,126,34,16,4,16,7,2,1,0.27,SS,-3.216,-1.742,-2.742,-0.81,0.118,-8.391,-4.166,4.225,-9.988804425723188,,,,,,,,,,,,,,,,,,,,,,,,,,,,,,,,,,,-9.988804425723188
1063,287,Jahmai Jones,DET,70,1,RIGHT,150,129,37,21,7,23,18,2,0,0.287,DH,-2.94,-1.439,-2.395,-0.81,0.305,-7.278,-4.191749999999999,3.08625,-10.050545115584534,,,,,,,,,,,,,,,,,,,,,,,,,,,,,,,,,,,-10.050545115584534
1064,338,Michael Toglia,COL,87,5,SWITCH,337,306,58,22,11,32,28,3,0,0.19,1B,-2.885,-1.036,-1.947,-0.714,-1.778,-8.361,-4.246,4.115,-10.180620161214753,,,,,,,,,,,,,,,,,,,,,,,,,,,,,,,,,,,-10.180620161214753
1065,422,Taylor Trammell,HOU,48,7,LEFT,135,117,23,14,3,12,17,2,2,0.197,LF| CF,-3.326,-1.842,-2.941,-0.81,-0.611,-9.53,-4.26,5.27,-10.214187914925777,,,,,,,,,,,,,,,,,,,,,,,,,,,,,,,,,,,-10.214187914925777
1066,424,Gio Urshela,ATH,56,8,RIGHT,197,181,43,10,0,20,13,0,1,0.238,3B,-3.547,-2.145,-2.544,-1.0,-0.321,-9.557,-4.287000000000001,5.27,-10.27892572565418,,,,,,,,,,,,,,,,,,,,,,,,,,,,,,,,,,,-10.27892572565418
1067,425,Kyle Karros,COL,42,7,RIGHT,156,137,31,19,1,9,15,0,0,0.226,3B,-3.05,-2.044,-3.09,-1.0,-0.373,-9.558,-4.288,5.27,-10.281323422347825,,,,,,,,,,,,,,,,,,,,,,,,,,,,,,,,,,,-10.281323422347825
1068,,,,,,,,,,,,,,,,,,,,,,,,,,,,657,Antonio Senzatela,COL,RIGHT,SP| RP,130.0,23,30,192,103,96,22,47,73,4,15,0,0,0,6.646,1.839,5,1,0.038,-1.121,-1.289,-0.506,-2.904,-3.725,-9.546,-4.289,-10.412498874809842,,-10.412498874809842
1069,430,Bryce Teodosio,ANA,49,9,RIGHT,150,138,28,12,1,7,5,7,1,0.203,CF,-3.437,-2.044,-3.189,-0.334,-0.647,-9.651,-4.381,5.27,-10.504309214856766,,,,,,,,,,,,,,,,,,,,,,,,,,,,,,,,,,,-10.504309214856766
1070,431,Drew Gilbert,SFN,34,9,LEFT,109,100,19,12,3,13,7,1,1,0.19,RF,-3.437,-1.842,-2.891,-0.905,-0.577,-9.653,-4.383000000000001,5.27,-10.509104608244057,,,,,,,,,,,,,,,,,,,,,,,,,,,,,,,,,,,-10.509104608244057
1071,435,Jonatan Clase,TOR,33,9,SWITCH,112,100,21,10,2,9,10,3,1,0.21,LF,-3.547,-1.943,-3.09,-0.714,-0.409,-9.704,-4.434000000000001,5.27,-10.63138713961993,,,,,,,,,,,,,,,,,,,,,,,,,,,,,,,,,,,-10.63138713961993
1072,438,Gustavo Campero,ANA,26,8,SWITCH,66,58,10,7,3,8,5,4,1,0.172,RF,-3.713,-1.842,-3.14,-0.619,-0.421,-9.735,-4.465,5.27,-10.705715737122908,,,,,,,,,,,,,,,,,,,,,,,,,,,,,,,,,,,-10.705715737122908
1073,439,Jhonkensy Noel,CLE,61,8,RIGHT,153,148,24,18,6,13,4,0,0,0.162,RF,-3.106,-1.54,-2.891,-1.0,-1.201,-9.737,-4.4670000000000005,5.27,-10.7105111305102,,,,,,,,,,,,,,,,,,,,,,,,,,,,,,,,,,,-10.7105111305102
1074,440,Brett Harris,ATH,29,9,RIGHT,84,73,20,11,0,5,7,1,0,0.274,3B,-3.492,-2.145,-3.289,-0.905,0.094,-9.737,-4.4670000000000005,5.27,-10.7105111305102,,,,,,,,,,,,,,,,,,,,,,,,,,,,,,,,,,,-10.7105111305102
1075,443,Edouard Julien,MIN,62,1,LEFT,208,182,40,13,3,12,22,0,3,0.22,2B| 1B,-3.382,-1.842,-2.941,-1.0,-0.595,-9.76,-4.49,5.27,-10.765658154464022,,,,,,,,,,,,,,,,,,,,,,,,,,,,,,,,,,,-10.765658154464022
1076,444,Matt Vierling,DET,31,7,RIGHT,100,88,21,6,1,11,7,2,0,0.239,CF,-3.768,-2.044,-2.991,-0.81,-0.148,-9.761,-4.491,5.27,-10.768055851157666,,,,,,,,,,,,,,,,,,,,,,,,,,,,,,,,,,,-10.768055851157666
1077,445,Max Schuemann,ATH,77,9,RIGHT,213,183,36,15,2,13,22,3,0,0.197,2B| SS| 3B,-3.271,-1.943,-2.891,-0.714,-0.953,-9.773,-4.503,5.27,-10.7968282114814,,,,,,,,,,,,,,,,,,,,,,,,,,,,,,,,,,,-10.7968282114814
1078,302,Yordan Alvarez,HOU,48,3,LEFT,199,165,45,17,6,27,28,1,1,0.273,DH,-3.161,-1.54,-2.196,-0.905,0.195,-7.606,-4.51975,3.08625,-10.836989631099948,,,,,,,,,,,,,,,,,,,,,,,,,,,,,,,,,,,-10.836989631099948
1079,449,Jac Caglianone,KCA,62,6,LEFT,232,210,33,19,7,18,18,1,0,0.157,RF,-3.05,-1.439,-2.643,-0.905,-1.792,-9.829,-4.559000000000001,5.27,-10.931099226325498,,,,,,,,,,,,,,,,,,,,,,,,,,,,,,,,,,,-10.931099226325498
1080,452,Emmanuel Rivera,BAL,39,9,RIGHT,127,120,30,5,0,13,6,1,0,0.25,3B,-3.823,-2.145,-2.891,-0.905,-0.088,-9.852,-4.582000000000001,5.27,-10.986246250279322,,,,,,,,,,,,,,,,,,,,,,,,,,,,,,,,,,,-10.986246250279322
1081,456,Kevin Newman,ANA,45,9,RIGHT,116,114,23,11,2,11,1,1,0,0.202,3B,-3.492,-1.943,-2.991,-0.905,-0.545,-9.876,-4.606,5.27,-11.04379097092679,,,,,,,,,,,,,,,,,,,,,,,,,,,,,,,,,,,-11.04379097092679
1082,457,Will Wagner,SDN| TOR,55,7,LEFT,149,129,29,15,0,7,17,1,0,0.225,3B,-3.271,-2.145,-3.189,-0.905,-0.367,-9.878,-4.6080000000000005,5.27,-11.04858636431408,,,,,,,,,,,,,,,,,,,,,,,,,,,,,,,,,,,-11.04858636431408
1083,581,Jacob Stallings,BAL| COL,41,9,RIGHT,129,119,16,5,0,9,6,0,0,0.134,CC,-3.823,-2.145,-3.09,-1.0,-1.243,-11.301,-4.621,6.68,-11.079756421331458,,,,,,,,,,,,,,,,,,,,,,,,,,,,,,,,,,,-11.079756421331458
1084,458,Alan Roden,MIN| TOR,50,9,LEFT,153,136,26,16,2,9,8,1,1,0.191,LF,-3.216,-1.943,-3.09,-0.905,-0.772,-9.926,-4.656000000000001,5.27,-11.16367580560902,,,,,,,,,,,,,,,,,,,,,,,,,,,,,,,,,,,-11.16367580560902
1085,459,Lane Thomas,CLE,38,5,RIGHT,142,125,20,10,4,11,14,4,1,0.16,CF,-3.547,-1.742,-2.991,-0.619,-1.037,-9.936,-4.666,5.27,-11.187652772545464,,,,,,,,,,,,,,,,,,,,,,,,,,,,,,,,,,,-11.187652772545464
1086,312,Masataka Yoshida,BOS,55,5,LEFT,205,188,50,16,4,26,10,3,0,0.266,DH,-3.216,-1.742,-2.245,-0.714,0.115,-7.802,-4.71575,3.08625,-11.306938183054278,,,,,,,,,,,,,,,,,,,,,,,,,,,,,,,,,,,-11.306938183054278
1087,465,Jon Berti,CHN,40,9,RIGHT,100,94,18,10,0,2,5,7,2,0.191,3B,-3.547,-2.145,-3.438,-0.334,-0.531,-9.995,-4.725,5.27,-11.32911687747049,,,,,,,,,,,,,,,,,,,,,,,,,,,,,,,,,,,-11.32911687747049
1088,466,Jack Suwinski,PIT,55,6,LEFT,178,150,22,15,3,10,24,6,1,0.147,CF,-3.271,-1.842,-3.04,-0.429,-1.412,-9.995,-4.725,5.27,-11.32911687747049,,,,,,,,,,,,,,,,,,,,,,,,,,,,,,,,,,,-11.32911687747049
1089,368,Warming Bernabel,COL,39,5,RIGHT,146,139,35,15,4,14,7,1,1,0.252,1B,-3.271,-1.742,-2.842,-0.905,-0.08,-8.84,-4.725,4.115,-11.32911687747049,,,,,,,,,,,,,,,,,,,,,,,,,,,,,,,,,,,-11.32911687747049
1090,467,James Outman,LAN| MIN,47,9,LEFT,148,134,18,17,6,11,12,1,0,0.134,CF,-3.161,-1.54,-2.991,-0.905,-1.401,-9.997,-4.727,5.27,-11.33391227085778,,,,,,,,,,,,,,,,,,,,,,,,,,,,,,,,,,,-11.33391227085778
1091,379,Darell Hernaiz,ATH,50,7,RIGHT,197,173,40,17,2,16,17,3,4,0.231,SS,-3.161,-1.943,-2.742,-0.714,-0.399,-8.96,-4.735000000000001,4.225,-11.353093844406938,,,,,,,,,,,,,,,,,,,,,,,,,,,,,,,,,,,-11.353093844406938
1092,474,Brendan Rodgers,HOU,37,8,RIGHT,128,115,22,12,2,11,11,0,1,0.191,2B,-3.437,-1.943,-2.991,-1.0,-0.651,-10.022,-4.752000000000001,5.27,-11.393854688198894,,,,,,,,,,,,,,,,,,,,,,,,,,,,,,,,,,,-11.393854688198894
1093,475,Johnathan Rodriguez,CLE,28,7,RIGHT,77,71,14,6,2,10,6,1,0,0.197,RF,-3.768,-1.943,-3.04,-0.905,-0.367,-10.024,-4.754,5.27,-11.39865008158618,,,,,,,,,,,,,,,,,,,,,,,,,,,,,,,,,,,-11.39865008158618
1094,480,Chas McCormick,HOU,48,9,RIGHT,116,100,21,12,1,5,9,1,3,0.21,CF,-3.437,-2.044,-3.289,-0.905,-0.409,-10.084,-4.814,5.27,-11.542511883204856,,,,,,,,,,,,,,,,,,,,,,,,,,,,,,,,,,,-11.542511883204856
1095,485,Jason Heyward,SDN,31,8,LEFT,95,85,15,8,2,12,6,0,1,0.176,LF,-3.658,-1.943,-2.941,-1.0,-0.587,-10.129,-4.859,5.27,-11.65040823441886,,,,,,,,,,,,,,,,,,,,,,,,,,,,,,,,,,,-11.65040823441886
1096,486,Zack Gelof,ATH,27,8,RIGHT,101,92,16,12,2,7,7,1,2,0.174,2B,-3.437,-1.943,-3.189,-0.905,-0.656,-10.13,-4.860000000000001,5.27,-11.652805931112509,,,,,,,,,,,,,,,,,,,,,,,,,,,,,,,,,,,-11.652805931112509
1097,487,Josh Rojas,CHA,66,8,LEFT,211,189,34,14,2,11,19,4,1,0.18,3B| 2B,-3.326,-1.943,-2.991,-0.619,-1.252,-10.131,-4.861000000000001,5.27,-11.65520362780615,,,,,,,,,,,,,,,,,,,,,,,,,,,,,,,,,,,-11.65520362780615
1098,489,Joshua Palacios,CHA,46,6,LEFT,145,128,26,9,3,9,12,0,0,0.203,RF,-3.603,-1.842,-3.09,-1.0,-0.598,-10.133,-4.863,5.27,-11.659999021193435,,,,,,,,,,,,,,,,,,,,,,,,,,,,,,,,,,,-11.659999021193435
1099,490,Cooper Hummel,BAL| HOU,36,7,SWITCH,105,88,15,10,3,7,14,1,0,0.17,LF,-3.547,-1.842,-3.189,-0.905,-0.653,-10.137,-4.867000000000001,5.27,-11.669589807968018,,,,,,,,,,,,,,,,,,,,,,,,,,,,,,,,,,,-11.669589807968018
1100,492,Garrett Mitchell,MIL,24,7,LEFT,78,68,14,9,0,3,7,3,0,0.206,CF,-3.603,-2.145,-3.388,-0.714,-0.302,-10.152,-4.882,5.27,-11.705555258372684,,,,,,,,,,,,,,,,,,,,,,,,,,,,,,,,,,,-11.705555258372684
1101,385,Donovan Solano,SEA| TEX,66,6,RIGHT,179,166,41,10,3,21,8,0,0,0.247,1B,-3.547,-1.842,-2.494,-1.0,-0.163,-9.047,-4.932,4.115,-11.825440093054914,,,,,,,,,,,,,,,,,,,,,,,,,,,,,,,,,,,-11.825440093054914
1102,387,Christian Encarnacion-Strand,CIN,36,4,RIGHT,137,130,27,13,6,19,3,0,2,0.208,1B,-3.382,-1.54,-2.593,-1.0,-0.557,-9.072,-4.956999999999999,4.115,-11.885382510396024,,,,,,,,,,,,,,,,,,,,,,,,,,,,,,,,,,,-11.885382510396024
1103,507,Everson Pereira,TBA,22,6,RIGHT,73,65,9,6,2,8,7,2,0,0.138,CF,-3.768,-1.943,-3.14,-0.81,-0.657,-10.318,-5.048,5.27,-12.10357290951768,,,,,,,,,,,,,,,,,,,,,,,,,,,,,,,,,,,-12.10357290951768
1104,393,Justin Turner,CHN,75,8,RIGHT,189,168,37,14,3,18,16,2,0,0.22,1B,-3.326,-1.842,-2.643,-0.81,-0.543,-9.164,-5.049,4.115,-12.105970606211324,,,,,,,,,,,,,,,,,,,,,,,,,,,,,,,,,,,-12.105970606211324
1105,403,Ezequiel Duran,TEX,77,9,RIGHT,219,205,46,15,0,14,8,6,2,0.224,1B| SS,-3.271,-2.145,-2.842,-0.429,-0.591,-9.278,-5.053000000000001,4.225,-12.115561392985905,,,,,,,,,,,,,,,,,,,,,,,,,,,,,,,,,,,-12.115561392985905
1106,509,Mark Canha,KCA,46,6,RIGHT,125,113,24,9,1,6,7,0,1,0.212,LF,-3.603,-2.044,-3.239,-1.0,-0.44,-10.325,-5.055,5.27,-12.120356786373192,,,,,,,,,,,,,,,,,,,,,,,,,,,,,,,,,,,-12.120356786373192
1107,511,Anthony Seigler,MIL,33,8,LEFT,73,62,12,6,0,5,8,2,0,0.194,3B,-3.768,-2.145,-3.289,-0.81,-0.339,-10.351,-5.081000000000001,5.27,-12.182696900407953,,,,,,,,,,,,,,,,,,,,,,,,,,,,,,,,,,,-12.182696900407953
1108,413,Matt Mervis,MIA,42,4,LEFT,134,120,21,15,7,14,11,0,0,0.175,1B,-3.271,-1.439,-2.842,-1.0,-0.844,-9.396,-5.281000000000001,4.115,-12.66223623913686,,,,,,,,,,,,,,,,,,,,,,,,,,,,,,,,,,,-12.66223623913686
1109,529,Jarred Kelenic,ATL,23,8,LEFT,65,60,10,7,2,2,5,0,1,0.167,RF,-3.713,-1.943,-3.438,-1.0,-0.464,-10.558,-5.288,5.27,-12.679020115992373,,,,,,,,,,,,,,,,,,,,,,,,,,,,,,,,,,,-12.679020115992373
1110,534,Adael Amador,COL,38,9,SWITCH,128,113,20,5,1,10,11,1,1,0.177,2B,-3.823,-2.044,-3.04,-0.905,-0.776,-10.589,-5.319000000000001,5.27,-12.753348713495354,,,,,,,,,,,,,,,,,,,,,,,,,,,,,,,,,,,-12.753348713495354
1111,429,Carson Williams,TBA,31,8,RIGHT,106,99,17,11,5,12,6,2,1,0.172,SS,-3.492,-1.641,-2.941,-0.81,-0.724,-9.607,-5.382,4.225,-12.904403605194958,,,,,,,,,,,,,,,,,,,,,,,,,,,,,,,,,,,-12.904403605194958
1112,346,Joc Pederson,TEX,96,3,LEFT,306,265,48,28,9,26,34,2,0,0.181,DH,-2.553,-1.237,-2.245,-0.81,-1.727,-8.573,-5.486750000000001,3.08625,-13.155562333854228,,,,,,,,,,,,,,,,,,,,,,,,,,,,,,,,,,,-13.155562333854228
1113,557,Vinny Capra,CHA| MIL,41,9,RIGHT,105,96,12,8,1,6,3,2,0,0.125,3B,-3.658,-2.044,-3.239,-0.81,-1.079,-10.829,-5.559000000000001,5.27,-13.328795919970046,,,,,,,,,,,,,,,,,,,,,,,,,,,,,,,,,,,-13.328795919970046
1114,571,Hunter Renfroe,KCA,32,6,RIGHT,108,99,18,5,0,4,8,0,0,0.182,RF,-3.823,-2.145,-3.338,-1.0,-0.64,-10.947,-5.677,5.27,-13.6117241298201,,,,,,,,,,,,,,,,,,,,,,,,,,,,,,,,,,,-13.6117241298201
1115,574,Jonah Bride,MIA| MIN,42,5,RIGHT,125,112,19,7,0,5,11,0,0,0.17,3B,-3.713,-2.145,-3.289,-1.0,-0.838,-10.985,-5.715,5.27,-13.702836604178591,,,,,,,,,,,,,,,,,,,,,,,,,,,,,,,,,,,-13.702836604178591
1116,461,Zack Short,HOU,20,9,RIGHT,56,50,11,8,2,7,4,0,1,0.22,SS,-3.658,-1.943,-3.189,-1.0,-0.163,-9.953,-5.728,4.225,-13.734006661195972,,,,,,,,,,,,,,,,,,,,,,,,,,,,,,,,,,,-13.734006661195972
1117,378,David Fry,CLE,66,4,RIGHT,157,146,25,16,8,23,9,1,0,0.171,DH,-3.216,-1.338,-2.395,-0.905,-1.073,-8.927,-5.84075,3.08625,-14.004346963404394,,,,,,,,,,,,,,,,,,,,,,,,,,,,,,,,,,,-14.004346963404394
1118,479,Orlando Arcia,ATL| COL,65,9,RIGHT,214,203,41,13,3,13,10,0,0,0.202,SS,-3.382,-1.842,-2.891,-1.0,-0.968,-10.083,-5.8580000000000005,4.225,-14.045707231369764,,,,,,,,,,,,,,,,,,,,,,,,,,,,,,,,,,,-14.045707231369764
1119,463,Enmanuel Valdez,PIT,30,4,LEFT,102,91,19,7,2,12,11,0,0,0.209,1B,-3.713,-1.943,-2.941,-1.0,-0.382,-9.979,-5.863999999999999,4.115,-14.060093411531629,,,,,,,,,,,,,,,,,,,,,,,,,,,,,,,,,,,-14.060093411531629
1120,472,Tyler Locklear,ARI,31,6,RIGHT,116,103,18,11,3,6,10,3,1,0.175,1B,-3.492,-1.842,-3.239,-0.714,-0.727,-10.015,-5.9,4.115,-14.146410492502836,,,,,,,,,,,,,,,,,,,,,,,,,,,,,,,,,,,-14.146410492502836
1121,493,Bob Seymour,TBA,24,9,LEFT,83,78,16,9,1,5,4,1,0,0.205,1B,-3.603,-2.044,-3.289,-0.905,-0.351,-10.191,-6.0760000000000005,4.115,-14.568405110584276,,,,,,,,,,,,,,,,,,,,,,,,,,,,,,,,,,,-14.568405110584276
1122,494,LaMonte Wade,ANA| SFN,74,7,LEFT,242,209,35,18,2,18,27,1,0,0.167,1B,-3.106,-1.943,-2.643,-0.905,-1.603,-10.199,-6.084,4.115,-14.58758668413343,,,,,,,,,,,,,,,,,,,,,,,,,,,,,,,,,,,-14.58758668413343
1123,397,Adrian Del Castillo,ARI,43,5,LEFT,131,120,29,9,4,17,8,0,0,0.242,DH,-3.603,-1.742,-2.693,-1.0,-0.172,-9.208,-6.1217500000000005,3.08625,-14.678099734318517,,,,,,,,,,,,,,,,,,,,,,,,,,,,,,,,,,,-14.678099734318517
1124,506,Triston Casas,BOS,29,4,LEFT,112,99,18,5,3,11,11,0,0,0.182,1B,-3.823,-1.842,-2.991,-1.0,-0.64,-10.296,-6.180999999999999,4.115,-14.820163263416951,,,,,,,,,,,,,,,,,,,,,,,,,,,,,,,,,,,-14.820163263416951
1125,409,Justyn-Henry Malloy,DET,51,1,RIGHT,127,104,23,15,1,17,20,0,0,0.221,DH,-3.271,-2.044,-2.693,-1.0,-0.328,-9.336,-6.249750000000001,3.08625,-14.985004911105015,,,,,,,,,,,,,,,,,,,,,,,,,,,,,,,,,,,-14.985004911105015
1126,421,Yanquiel Fernandez,COL,52,8,LEFT,147,138,31,13,4,11,8,0,0,0.225,DH,-3.382,-1.742,-2.991,-1.0,-0.395,-9.509,-6.422750000000001,3.08625,-15.399806439105523,,,,,,,,,,,,,,,,,,,,,,,,,,,,,,,,,,,-15.399806439105523
1127,547,Jacob Amaya,CHA,31,9,RIGHT,73,66,7,6,0,8,3,2,0,0.106,SS,-3.768,-2.145,-3.14,-0.81,-0.847,-10.709,-6.484,4.225,-15.54666536159125,,,,,,,,,,,,,,,,,,,,,,,,,,,,,,,,,,,-15.54666536159125
1128,540,Andres Chaparro,WAS,27,3,RIGHT,73,66,12,4,1,5,5,0,0,0.182,1B,-3.879,-2.044,-3.289,-1.0,-0.426,-10.638,-6.523,4.115,-15.640175532643388,,,,,,,,,,,,,,,,,,,,,,,,,,,,,,,,,,,-15.640175532643388
1129,442,Anthony Santander,TOR,54,3,SWITCH,221,194,34,16,6,18,25,0,0,0.175,DH,-3.216,-1.54,-2.643,-1.0,-1.36,-9.759,-6.672750000000001,3.08625,-15.99923061251666,,,,,,,,,,,,,,,,,,,,,,,,,,,,,,,,,,,-15.99923061251666
1130,448,Jesse Winker,NYN,26,5,LEFT,81,70,16,8,1,10,9,1,0,0.229,DH,-3.658,-2.044,-3.04,-0.905,-0.177,-9.824,-6.73775,3.08625,-16.155080897603554,,,,,,,,,,,,,,,,,,,,,,,,,,,,,,,,,,,-16.155080897603554
1131,352,Nasim Nunez,WAS,32,9,SWITCH,92,82,19,11,4,13,8,7,1,0.232,,-3.492,-1.742,-2.891,-0.334,-0.186,-8.645,-8.645,0.0,-20.72808791655712,,,,,,,,,,,,,,,,,,,,,,,,,,,,,,,,,,,-20.72808791655712
1132,357,Troy Johnston,MIA,44,7,LEFT,121,112,31,12,4,13,8,2,2,0.277,,-3.437,-1.742,-2.891,-0.81,0.171,-8.709,-8.709,0.0,-20.88154050495037,,,,,,,,,,,,,,,,,,,,,,,,,,,,,,,,,,,-20.88154050495037
1133,360,Carlos Cortes,ATH,39,7,LEFT,99,94,29,10,4,14,3,0,0,0.309,,-3.547,-1.742,-2.842,-1.0,0.394,-8.737,-8.737,0.0,-20.94867601237242,,,,,,,,,,,,,,,,,,,,,,,,,,,,,,,,,,,-20.94867601237242
1134,362,Ildemaro Vargas,ARI,37,6,SWITCH,121,115,31,12,3,19,2,0,0,0.27,,-3.437,-1.842,-2.593,-1.0,0.105,-8.767,-8.767,0.0,-21.020606913181755,,,,,,,,,,,,,,,,,,,,,,,,,,,,,,,,,,,-21.020606913181755
1135,380,Carter Jensen,KCA,20,8,LEFT,69,60,18,12,3,13,9,0,0,0.3,,-3.437,-1.842,-2.891,-1.0,0.208,-8.962,-8.962,0.0,-21.48815776844244,,,,,,,,,,,,,,,,,,,,,,,,,,,,,,,,,,,-21.48815776844244
1136,384,Nate Eaton,BOS,32,1,RIGHT,90,81,24,13,1,4,6,5,2,0.296,,-3.382,-2.044,-3.338,-0.524,0.256,-9.032,-9.032,0.0,-21.65599653699756,,,,,,,,,,,,,,,,,,,,,,,,,,,,,,,,,,,-21.65599653699756
1137,386,Zach Cole,HOU,15,8,LEFT,52,47,12,9,4,11,5,3,0,0.255,,-3.603,-1.742,-2.991,-0.714,-0.013,-9.063,-9.063,0.0,-21.730325134500543,,,,,,,,,,,,,,,,,,,,,,,,,,,,,,,,,,,-21.730325134500543
1138,392,Zach Dezenzo,HOU,32,7,RIGHT,109,98,24,17,2,10,11,1,0,0.245,,-3.161,-1.943,-3.04,-0.905,-0.113,-9.163,-9.163,0.0,-21.970094803864995,,,,,,,,,,,,,,,,,,,,,,,,,,,,,,,,,,,-21.970094803864995
1139,395,Moises Ballesteros,CHN,20,4,LEFT,66,57,17,12,2,11,9,0,0,0.298,,-3.437,-1.943,-2.991,-1.0,0.19,-9.181,-9.181,0.0,-22.013253344350595,,,,,,,,,,,,,,,,,,,,,,,,,,,,,,,,,,,-22.013253344350595
1140,398,Bryce Johnson,SDN,37,8,SWITCH,84,76,26,6,1,8,3,2,0,0.342,,-3.768,-2.044,-3.14,-0.81,0.533,-9.229,-9.229,0.0,-22.128342785645533,,,,,,,,,,,,,,,,,,,,,,,,,,,,,,,,,,,-22.128342785645533
1141,405,Sal Stewart,CIN,18,6,RIGHT,58,55,14,11,5,8,3,0,0,0.255,,-3.492,-1.641,-3.14,-1.0,-0.019,-9.292,-9.292,0.0,-22.27939767734514,,,,,,,,,,,,,,,,,,,,,,,,,,,,,,,,,,,-22.27939767734514
1142,408,Richie Palacios,TBA,16,7,LEFT,48,42,14,10,1,3,5,4,0,0.333,,-3.547,-2.044,-3.388,-0.619,0.264,-9.335,-9.335,0.0,-22.38249863517186,,,,,,,,,,,,,,,,,,,,,,,,,,,,,,,,,,,-22.38249863517186
1143,414,Nick Sogard,BOS,30,7,SWITCH,104,96,25,13,0,9,5,2,1,0.26,,-3.382,-2.145,-3.09,-0.81,0.014,-9.412,-9.412,0.0,-22.56712128058249,,,,,,,,,,,,,,,,,,,,,,,,,,,,,,,,,,,-22.56712128058249
1144,416,Jonny DeLuca,TBA,18,9,RIGHT,59,57,19,4,0,4,2,6,0,0.333,,-3.879,-2.145,-3.338,-0.429,0.358,-9.433,-9.433,0.0,-22.617472911149022,,,,,,,,,,,,,,,,,,,,,,,,,,,,,,,,,,,-22.617472911149022
1145,418,Blaine Crim,COL| TEX,20,3,RIGHT,74,65,13,10,5,12,6,0,0,0.2,,-3.547,-1.641,-2.941,-1.0,-0.321,-9.45,-9.45,0.0,-22.65823375494098,,,,,,,,,,,,,,,,,,,,,,,,,,,,,,,,,,,-22.65823375494098
1146,419,Griffin Conine,MIA,24,6,LEFT,86,79,20,13,2,8,7,0,1,0.253,,-3.382,-1.943,-3.14,-1.0,-0.037,-9.501,-9.501,0.0,-22.780516286316853,,,,,,,,,,,,,,,,,,,,,,,,,,,,,,,,,,,-22.780516286316853
1147,423,Liover Peguero,PIT,30,8,RIGHT,88,80,16,8,4,8,6,4,0,0.2,,-3.658,-1.742,-3.14,-0.619,-0.395,-9.553,-9.553,0.0,-22.90519651438637,,,,,,,,,,,,,,,,,,,,,,,,,,,,,,,,,,,-22.90519651438637
1148,427,Matthew Lugo,ANA,25,7,RIGHT,70,69,16,9,4,9,0,0,0,0.232,,-3.603,-1.742,-3.09,-1.0,-0.155,-9.59,-9.59,0.0,-22.99391129205122,,,,,,,,,,,,,,,,,,,,,,,,,,,,,,,,,,,-22.99391129205122
1149,432,Joey Wiemer,MIA,19,8,RIGHT,61,55,13,6,3,12,2,0,0,0.236,,-3.768,-1.842,-2.941,-1.0,-0.103,-9.655,-9.655,0.0,-23.14976157713811,,,,,,,,,,,,,,,,,,,,,,,,,,,,,,,,,,,-23.14976157713811
1150,433,Jose Fermin,SLN,28,9,RIGHT,70,60,17,4,1,9,8,2,1,0.283,,-3.879,-2.044,-3.09,-0.81,0.124,-9.698,-9.698,0.0,-23.25286253496483,,,,,,,,,,,,,,,,,,,,,,,,,,,,,,,,,,,-23.25286253496483
1151,436,Chris Taylor,ANA| LAN,43,9,RIGHT,125,113,21,14,2,12,5,2,0,0.186,,-3.326,-1.943,-2.941,-0.81,-0.692,-9.712,-9.712,0.0,-23.28643028867585,,,,,,,,,,,,,,,,,,,,,,,,,,,,,,,,,,,-23.28643028867585
1152,437,Drew Millas,WAS,16,8,SWITCH,55,49,15,6,0,7,4,2,0,0.306,,-3.768,-2.145,-3.189,-0.81,0.195,-9.717,-9.717,0.0,-23.29841877214408,,,,,,,,,,,,,,,,,,,,,,,,,,,,,,,,,,,-23.29841877214408
1153,441,Jorge Mateo,BAL,28,9,RIGHT,83,79,14,5,1,3,4,11,0,0.177,,-3.823,-2.044,-3.388,0.047,-0.541,-9.75,-9.75,0.0,-23.377542763034345,,,,,,,,,,,,,,,,,,,,,,,,,,,,,,,,,,,-23.377542763034345
1154,446,Tristan Gray,TBA,29,9,LEFT,86,78,18,8,3,9,6,0,0,0.231,,-3.658,-1.842,-3.09,-1.0,-0.183,-9.773,-9.773,0.0,-23.43268978698817,,,,,,,,,,,,,,,,,,,,,,,,,,,,,,,,,,,-23.43268978698817
1155,447,Ryan Fitzgerald,MIN,18,9,LEFT,53,46,9,7,4,9,7,0,0,0.196,,-3.713,-1.742,-3.09,-1.0,-0.244,-9.788,-9.788,0.0,-23.46865523739284,,,,,,,,,,,,,,,,,,,,,,,,,,,,,,,,,,,-23.46865523739284
1156,450,Brice Matthews,HOU,13,8,RIGHT,47,42,7,6,4,9,2,1,0,0.167,,-3.768,-1.742,-3.09,-0.905,-0.325,-9.83,-9.83,0.0,-23.56935849852591,,,,,,,,,,,,,,,,,,,,,,,,,,,,,,,,,,,-23.56935849852591
1157,454,Vidal Brujan,ATL| BAL| CHN,45,9,SWITCH,95,87,22,10,0,8,6,0,0,0.253,,-3.547,-2.145,-3.14,-1.0,-0.042,-9.874,-9.874,0.0,-23.674857153046272,,,,,,,,,,,,,,,,,,,,,,,,,,,,,,,,,,,-23.674857153046272
1158,455,Mickey Gasper,MIN,39,8,SWITCH,110,95,15,14,2,11,10,2,0,0.158,,-3.326,-1.943,-2.991,-0.81,-0.805,-9.875,-9.875,0.0,-23.677254849739917,,,,,,,,,,,,,,,,,,,,,,,,,,,,,,,,,,,-23.677254849739917
1159,462,Nick Yorke,PIT,22,7,RIGHT,72,69,16,7,1,8,3,1,0,0.232,,-3.713,-2.044,-3.14,-0.905,-0.155,-9.957,-9.957,0.0,-23.87386597861877,,,,,,,,,,,,,,,,,,,,,,,,,,,,,,,,,,,-23.87386597861877
1160,468,Maximo Acosta,MIA,18,9,RIGHT,61,54,11,7,3,5,6,1,2,0.204,,-3.713,-1.842,-3.289,-0.905,-0.25,-9.999,-9.999,0.0,-23.97456923975184,,,,,,,,,,,,,,,,,,,,,,,,,,,,,,,,,,,-23.97456923975184
1161,469,Ronny Simon,MIA| PIT,27,1,SWITCH,88,77,18,9,0,7,8,1,0,0.234,,-3.603,-2.145,-3.189,-0.905,-0.161,-10.003,-10.003,0.0,-23.984160026526418,,,,,,,,,,,,,,,,,,,,,,,,,,,,,,,,,,,-23.984160026526418
1162,470,Luke Maile,KCA,21,8,RIGHT,54,45,11,6,1,6,7,1,0,0.244,,-3.768,-2.044,-3.239,-0.905,-0.054,-10.01,-10.01,0.0,-24.000943903381927,,,,,,,,,,,,,,,,,,,,,,,,,,,,,,,,,,,-24.000943903381927
1163,477,Jared Young,NYN,19,6,LEFT,47,43,8,5,4,6,2,0,0,0.186,,-3.823,-1.742,-3.239,-1.0,-0.263,-10.067,-10.067,0.0,-24.137612614919668,,,,,,,,,,,,,,,,,,,,,,,,,,,,,,,,,,,-24.137612614919668
1164,478,George Valera,CLE,16,2,LEFT,48,41,9,7,2,5,7,0,0,0.22,,-3.713,-1.943,-3.289,-1.0,-0.135,-10.08,-10.08,0.0,-24.16878267193705,,,,,,,,,,,,,,,,,,,,,,,,,,,,,,,,,,,-24.16878267193705
1165,481,Daniel Johnson,BAL| SFN,23,9,LEFT,57,53,10,12,1,1,4,2,0,0.189,,-3.437,-2.044,-3.487,-0.81,-0.312,-10.09,-10.09,0.0,-24.192759638873493,,,,,,,,,,,,,,,,,,,,,,,,,,,,,,,,,,,-24.192759638873493
1166,482,Tyler Wade,SDN,48,8,LEFT,127,107,22,11,0,9,15,1,2,0.206,,-3.492,-2.145,-3.09,-0.905,-0.477,-10.109,-10.109,0.0,-24.238315876052734,,,,,,,,,,,,,,,,,,,,,,,,,,,,,,,,,,,-24.238315876052734
1167,483,Alex Freeland,LAN,29,8,SWITCH,97,84,16,10,2,6,11,1,0,0.19,,-3.547,-1.943,-3.239,-0.905,-0.482,-10.116,-10.116,0.0,-24.25509975290825,,,,,,,,,,,,,,,,,,,,,,,,,,,,,,,,,,,-24.25509975290825
1168,484,Nathan Church,SLN,19,9,LEFT,65,56,10,8,1,8,3,1,0,0.179,,-3.658,-2.044,-3.14,-0.905,-0.377,-10.124,-10.124,0.0,-24.27428132645741,,,,,,,,,,,,,,,,,,,,,,,,,,,,,,,,,,,-24.27428132645741
1169,488,Jerar Encarnacion,SFN,19,7,RIGHT,56,55,11,5,2,7,1,1,0,0.2,,-3.823,-1.943,-3.189,-0.905,-0.271,-10.132,-10.132,0.0,-24.293462900006563,,,,,,,,,,,,,,,,,,,,,,,,,,,,,,,,,,,-24.293462900006563
1170,491,Korey Lee,CHA,16,7,RIGHT,40,35,9,7,1,3,4,0,0,0.257,,-3.713,-2.044,-3.388,-1.0,-0.005,-10.15,-10.15,0.0,-24.336621440492166,,,,,,,,,,,,,,,,,,,,,,,,,,,,,,,,,,,-24.336621440492166
1171,495,Brett Wisely,ATL| SFN,21,9,LEFT,63,54,10,4,1,10,7,1,0,0.185,,-3.879,-2.044,-3.04,-0.905,-0.334,-10.202,-10.202,0.0,-24.46130166856168,,,,,,,,,,,,,,,,,,,,,,,,,,,,,,,,,,,-24.46130166856168
1172,496,Tomas Nido,DET,10,8,RIGHT,37,35,12,4,0,2,0,0,0,0.343,,-3.879,-2.145,-3.438,-1.0,0.248,-10.214,-10.214,0.0,-24.490074028885417,,,,,,,,,,,,,,,,,,,,,,,,,,,,,,,,,,,-24.490074028885417
1173,497,Sam Hilliard,COL,18,7,LEFT,61,51,10,7,2,3,10,1,1,0.196,,-3.713,-1.943,-3.388,-0.905,-0.268,-10.218,-10.218,0.0,-24.499664815659997,,,,,,,,,,,,,,,,,,,,,,,,,,,,,,,,,,,-24.499664815659997
1174,499,Jacob Melton,HOU,26,9,LEFT,78,70,11,4,0,7,6,6,1,0.157,,-3.879,-2.145,-3.189,-0.429,-0.597,-10.24,-10.24,0.0,-24.55241414292017,,,,,,,,,,,,,,,,,,,,,,,,,,,,,,,,,,,-24.55241414292017
1175,500,Victor Mesa,MIA,13,8,LEFT,38,32,6,6,1,6,5,0,0,0.188,,-3.768,-2.044,-3.239,-1.0,-0.191,-10.243,-10.243,0.0,-24.55960723300111,,,,,,,,,,,,,,,,,,,,,,,,,,,,,,,,,,,-24.55960723300111
1176,501,Tim Elko,CHA,22,7,RIGHT,72,67,9,6,4,8,5,1,0,0.134,,-3.768,-1.742,-3.14,-0.905,-0.7,-10.255,-10.255,0.0,-24.588379593324845,,,,,,,,,,,,,,,,,,,,,,,,,,,,,,,,,,,-24.588379593324845
1177,502,Nick Martini,COL,43,8,LEFT,111,102,23,9,1,4,9,0,0,0.225,,-3.603,-2.044,-3.338,-1.0,-0.285,-10.27,-10.27,0.0,-24.62434504372951,,,,,,,,,,,,,,,,,,,,,,,,,,,,,,,,,,,-24.62434504372951
1178,503,Jordan Lawlar,ARI,26,9,RIGHT,74,66,12,9,0,5,6,2,0,0.182,,-3.603,-2.145,-3.289,-0.81,-0.426,-10.272,-10.272,0.0,-24.6291404371168,,,,,,,,,,,,,,,,,,,,,,,,,,,,,,,,,,,-24.6291404371168
1179,504,Blake Dunn,CIN,26,9,RIGHT,75,60,9,9,1,7,8,1,1,0.15,,-3.603,-2.044,-3.189,-0.905,-0.548,-10.289,-10.289,0.0,-24.66990128090876,,,,,,,,,,,,,,,,,,,,,,,,,,,,,,,,,,,-24.66990128090876
1180,505,Kevin Pillar,TEX,19,1,RIGHT,43,43,9,6,0,1,0,3,0,0.209,,-3.768,-2.145,-3.487,-0.714,-0.178,-10.294,-10.294,0.0,-24.681889764376983,,,,,,,,,,,,,,,,,,,,,,,,,,,,,,,,,,,-24.681889764376983
1181,508,Dominic Fletcher,CHA,11,9,LEFT,34,32,7,5,1,2,2,1,0,0.219,,-3.823,-2.044,-3.438,-0.905,-0.107,-10.318,-10.318,0.0,-24.73943448502445,,,,,,,,,,,,,,,,,,,,,,,,,,,,,,,,,,,-24.73943448502445
1182,512,Sean Bouchard,COL,31,6,RIGHT,73,66,11,7,1,7,7,1,1,0.167,,-3.713,-2.044,-3.189,-0.905,-0.51,-10.362,-10.362,0.0,-24.84493313954481,,,,,,,,,,,,,,,,,,,,,,,,,,,,,,,,,,,-24.84493313954481
1183,513,Travis Jankowski,CHA| NYN| TBA,18,7,LEFT,50,45,11,5,0,2,3,1,0,0.244,,-3.823,-2.145,-3.438,-0.905,-0.054,-10.365,-10.365,0.0,-24.852126229625743,,,,,,,,,,,,,,,,,,,,,,,,,,,,,,,,,,,-24.852126229625743
1184,515,Jorge Alfaro,WAS,11,6,RIGHT,39,39,10,3,0,3,0,1,0,0.256,,-3.934,-2.145,-3.388,-0.905,-0.007,-10.379,-10.379,0.0,-24.885693983336765,,,,,,,,,,,,,,,,,,,,,,,,,,,,,,,,,,,-24.885693983336765
1185,516,Daz Cameron,MIL,17,5,RIGHT,42,41,8,5,1,3,1,1,0,0.195,,-3.823,-2.044,-3.388,-0.905,-0.219,-10.38,-10.38,0.0,-24.888091680030413,,,,,,,,,,,,,,,,,,,,,,,,,,,,,,,,,,,-24.888091680030413
1186,517,Owen Caissie,CHN,12,6,LEFT,27,26,5,4,1,4,1,0,0,0.192,,-3.879,-2.044,-3.338,-1.0,-0.145,-10.406,-10.406,0.0,-24.95043179406517,,,,,,,,,,,,,,,,,,,,,,,,,,,,,,,,,,,-24.95043179406517
1187,518,Luis Vazquez,BAL,20,9,RIGHT,53,50,8,6,1,3,3,2,0,0.16,,-3.768,-2.044,-3.388,-0.81,-0.415,-10.425,-10.425,0.0,-24.99598803124442,,,,,,,,,,,,,,,,,,,,,,,,,,,,,,,,,,,-24.99598803124442
1188,520,Denzer Guzman,ANA,13,8,RIGHT,43,42,8,4,2,3,1,0,0,0.19,,-3.879,-1.943,-3.388,-1.0,-0.241,-10.451,-10.451,0.0,-25.058328145279177,,,,,,,,,,,,,,,,,,,,,,,,,,,,,,,,,,,-25.058328145279177
1189,521,Stuart Fairchild,ATL,22,8,RIGHT,55,51,11,4,0,2,4,2,1,0.216,,-3.879,-2.145,-3.438,-0.81,-0.184,-10.455,-10.455,0.0,-25.067918932053757,,,,,,,,,,,,,,,,,,,,,,,,,,,,,,,,,,,-25.067918932053757
1190,522,Ryan Bliss,SEA,11,8,RIGHT,39,35,7,1,1,3,4,2,2,0.2,,-4.044,-2.044,-3.388,-0.81,-0.173,-10.459,-10.459,0.0,-25.07750971882833,,,,,,,,,,,,,,,,,,,,,,,,,,,,,,,,,,,-25.07750971882833
1191,523,Dustin Harris,TEX,17,6,LEFT,43,40,8,4,1,2,3,1,1,0.2,,-3.879,-2.044,-3.438,-0.905,-0.197,-10.463,-10.463,0.0,-25.08710050560291,,,,,,,,,,,,,,,,,,,,,,,,,,,,,,,,,,,-25.08710050560291
1192,524,Tim Anderson,ANA,28,9,RIGHT,90,83,17,8,0,3,3,1,1,0.205,,-3.658,-2.145,-3.388,-0.905,-0.376,-10.471,-10.471,0.0,-25.106282079152063,,,,,,,,,,,,,,,,,,,,,,,,,,,,,,,,,,,-25.106282079152063
1193,525,Matt Gorski,PIT,14,6,RIGHT,42,41,8,2,2,4,1,0,1,0.195,,-3.989,-1.943,-3.338,-1.0,-0.219,-10.49,-10.49,0.0,-25.15183831633131,,,,,,,,,,,,,,,,,,,,,,,,,,,,,,,,,,,-25.15183831633131
1194,526,Oliver Dunn,MIL,13,8,LEFT,41,36,6,3,0,6,2,1,0,0.167,,-3.934,-2.145,-3.239,-0.905,-0.278,-10.501,-10.501,0.0,-25.1782129799614,,,,,,,,,,,,,,,,,,,,,,,,,,,,,,,,,,,-25.1782129799614
1195,527,Nick Maton,CHA,23,1,LEFT,63,54,9,5,2,4,9,0,1,0.167,,-3.823,-1.943,-3.338,-1.0,-0.418,-10.523,-10.523,0.0,-25.23096230722158,,,,,,,,,,,,,,,,,,,,,,,,,,,,,,,,,,,-25.23096230722158
1196,528,Will Wilson,CLE,33,7,RIGHT,91,78,15,7,0,2,7,2,0,0.192,,-3.713,-2.145,-3.438,-0.81,-0.435,-10.541,-10.541,0.0,-25.274120847707184,,,,,,,,,,,,,,,,,,,,,,,,,,,,,,,,,,,-25.274120847707184
1197,530,Jorbit Vivas,NYA,27,9,LEFT,66,56,9,6,1,5,5,0,0,0.161,,-3.768,-2.044,-3.289,-1.0,-0.461,-10.562,-10.562,0.0,-25.32447247827372,,,,,,,,,,,,,,,,,,,,,,,,,,,,,,,,,,,-25.32447247827372
1198,531,Seth Brown,ATH,34,8,LEFT,76,65,12,5,1,3,9,1,0,0.185,,-3.823,-2.044,-3.388,-0.905,-0.405,-10.565,-10.565,0.0,-25.33166556835465,,,,,,,,,,,,,,,,,,,,,,,,,,,,,,,,,,,-25.33166556835465
1199,532,Sebastian Rivero,ANA,11,8,RIGHT,34,33,6,4,0,2,1,1,0,0.182,,-3.879,-2.145,-3.438,-0.905,-0.213,-10.58,-10.58,0.0,-25.36763101875932,,,,,,,,,,,,,,,,,,,,,,,,,,,,,,,,,,,-25.36763101875932
1200,533,Luken Baker,SLN,18,2,RIGHT,41,34,8,3,0,2,7,0,0,0.235,,-3.934,-2.145,-3.438,-1.0,-0.067,-10.584,-10.584,0.0,-25.3772218055339,,,,,,,,,,,,,,,,,,,,,,,,,,,,,,,,,,,-25.3772218055339
1201,535,Jorge Barrosa,ARI,28,9,SWITCH,77,71,10,8,1,7,2,0,0,0.141,,-3.658,-2.044,-3.189,-1.0,-0.703,-10.595,-10.595,0.0,-25.40359646916399,,,,,,,,,,,,,,,,,,,,,,,,,,,,,,,,,,,-25.40359646916399
1202,536,Jose Miranda,MIN,12,8,RIGHT,36,36,6,2,1,5,0,0,0,0.167,,-3.989,-2.044,-3.289,-1.0,-0.278,-10.6,-10.6,0.0,-25.41558495263221,,,,,,,,,,,,,,,,,,,,,,,,,,,,,,,,,,,-25.41558495263221
1203,538,Rece Hinds,CIN,14,9,RIGHT,44,43,5,6,2,3,1,0,0,0.116,,-3.768,-1.943,-3.388,-1.0,-0.515,-10.614,-10.614,0.0,-25.44915270634324,,,,,,,,,,,,,,,,,,,,,,,,,,,,,,,,,,,-25.44915270634324
1204,539,Austin Barnes,LAN,13,9,RIGHT,44,42,9,4,0,2,1,0,0,0.214,,-3.879,-2.145,-3.438,-1.0,-0.157,-10.618,-10.618,0.0,-25.45874349311781,,,,,,,,,,,,,,,,,,,,,,,,,,,,,,,,,,,-25.45874349311781
1205,541,Logan Davidson,ANA| ATH,16,8,SWITCH,47,42,7,3,1,4,3,0,0,0.167,,-3.934,-2.044,-3.338,-1.0,-0.325,-10.641,-10.641,0.0,-25.51389051707164,,,,,,,,,,,,,,,,,,,,,,,,,,,,,,,,,,,-25.51389051707164
1206,542,Cavan Biggio,KCA,29,7,LEFT,83,69,12,6,1,4,11,0,0,0.174,,-3.768,-2.044,-3.338,-1.0,-0.492,-10.642,-10.642,0.0,-25.51628821376528,,,,,,,,,,,,,,,,,,,,,,,,,,,,,,,,,,,-25.51628821376528
1207,543,Pablo Reyes,NYA,20,2,RIGHT,34,31,6,2,0,2,2,1,0,0.194,,-3.989,-2.145,-3.438,-0.905,-0.17,-10.646,-10.646,0.0,-25.525879000539863,,,,,,,,,,,,,,,,,,,,,,,,,,,,,,,,,,,-25.525879000539863
1208,544,Oscar Gonzalez,SDN,20,5,RIGHT,61,59,13,2,0,4,2,0,1,0.22,,-3.989,-2.145,-3.338,-1.0,-0.19,-10.663,-10.663,0.0,-25.56663984433182,,,,,,,,,,,,,,,,,,,,,,,,,,,,,,,,,,,-25.56663984433182
1209,546,Trenton Brooks,SDN,24,9,LEFT,43,41,6,5,1,2,2,0,0,0.146,,-3.823,-2.044,-3.438,-1.0,-0.387,-10.693,-10.693,0.0,-25.63857074514116,,,,,,,,,,,,,,,,,,,,,,,,,,,,,,,,,,,-25.63857074514116
1210,548,Connor Joe,CIN| SDN,37,9,RIGHT,80,70,13,2,0,4,7,2,2,0.186,,-3.989,-2.145,-3.338,-0.81,-0.429,-10.712,-10.712,0.0,-25.6841269823204,,,,,,,,,,,,,,,,,,,,,,,,,,,,,,,,,,,-25.6841269823204
1211,549,Jose Barrero,SLN,12,9,RIGHT,31,29,4,2,1,3,1,0,0,0.138,,-3.989,-2.044,-3.388,-1.0,-0.294,-10.716,-10.716,0.0,-25.693717769094977,,,,,,,,,,,,,,,,,,,,,,,,,,,,,,,,,,,-25.693717769094977
1212,550,Garrett Hampson,ARI| CIN| SLN,40,9,RIGHT,91,77,11,10,0,1,11,2,1,0.143,,-3.547,-2.145,-3.487,-0.81,-0.75,-10.739,-10.739,0.0,-25.748864793048806,,,,,,,,,,,,,,,,,,,,,,,,,,,,,,,,,,,-25.748864793048806
1213,551,Luke Williams,ATL,18,9,RIGHT,34,31,4,2,0,5,1,0,0,0.129,,-3.989,-2.145,-3.289,-1.0,-0.338,-10.761,-10.761,0.0,-25.801614120308983,,,,,,,,,,,,,,,,,,,,,,,,,,,,,,,,,,,-25.801614120308983
1214,552,Shay Whitcomb,HOU,15,9,RIGHT,32,32,4,4,1,1,0,0,0,0.125,,-3.879,-2.044,-3.487,-1.0,-0.36,-10.77,-10.77,0.0,-25.823193390551783,,,,,,,,,,,,,,,,,,,,,,,,,,,,,,,,,,,-25.823193390551783
1215,553,Scott Kingery,ANA,13,9,RIGHT,29,27,4,3,0,0,2,1,1,0.148,,-3.934,-2.145,-3.537,-0.905,-0.251,-10.772,-10.772,0.0,-25.827988783939077,,,,,,,,,,,,,,,,,,,,,,,,,,,,,,,,,,,-25.827988783939077
1216,554,Endy Rodriguez,PIT,16,7,SWITCH,57,52,9,5,0,2,5,0,1,0.173,,-3.823,-2.145,-3.438,-1.0,-0.374,-10.78,-10.78,0.0,-25.847170357488228,,,,,,,,,,,,,,,,,,,,,,,,,,,,,,,,,,,-25.847170357488228
1217,555,Jace Jung,DET,20,6,LEFT,55,47,5,8,0,3,7,0,0,0.106,,-3.658,-2.145,-3.388,-1.0,-0.602,-10.793,-10.793,0.0,-25.878340414505608,,,,,,,,,,,,,,,,,,,,,,,,,,,,,,,,,,,-25.878340414505608
1218,556,Ryan Kreidler,DET,15,9,RIGHT,44,38,4,5,0,0,4,2,0,0.105,,-3.823,-2.145,-3.537,-0.81,-0.49,-10.805,-10.805,0.0,-25.907112774829343,,,,,,,,,,,,,,,,,,,,,,,,,,,,,,,,,,,-25.907112774829343
1219,559,Zac Veen,COL,10,7,LEFT,37,34,4,1,1,2,2,1,1,0.118,,-4.044,-2.044,-3.438,-0.905,-0.403,-10.834,-10.834,0.0,-25.97664597894504,,,,,,,,,,,,,,,,,,,,,,,,,,,,,,,,,,,-25.97664597894504
1220,560,Alan Trejo,COL,13,9,RIGHT,43,40,7,3,0,1,1,0,0,0.175,,-3.934,-2.145,-3.487,-1.0,-0.281,-10.848,-10.848,0.0,-26.010213732656062,,,,,,,,,,,,,,,,,,,,,,,,,,,,,,,,,,,-26.010213732656062
1221,561,Austin Nola,COL,14,8,RIGHT,41,38,7,2,0,1,2,0,0,0.184,,-3.989,-2.145,-3.487,-1.0,-0.238,-10.859,-10.859,0.0,-26.03658839628615,,,,,,,,,,,,,,,,,,,,,,,,,,,,,,,,,,,-26.03658839628615
1222,562,Bryce Eldridge,SFN,10,5,LEFT,37,28,3,1,0,4,7,0,0,0.107,,-4.044,-2.145,-3.338,-1.0,-0.357,-10.884,-10.884,0.0,-26.096530813627265,,,,,,,,,,,,,,,,,,,,,,,,,,,,,,,,,,,-26.096530813627265
1223,563,Jose Siri,NYN,12,9,RIGHT,36,32,2,5,0,1,4,1,0,0.062,,-3.823,-2.145,-3.487,-0.905,-0.528,-10.888,-10.888,0.0,-26.10612160040184,,,,,,,,,,,,,,,,,,,,,,,,,,,,,,,,,,,-26.10612160040184
1224,564,Bryan De La Cruz,ATL,16,7,RIGHT,50,47,9,1,0,0,3,1,0,0.191,,-4.044,-2.145,-3.537,-0.905,-0.265,-10.897,-10.897,0.0,-26.12770087064464,,,,,,,,,,,,,,,,,,,,,,,,,,,,,,,,,,,-26.12770087064464
1225,565,Jeimer Candelario,CIN,22,5,SWITCH,91,80,9,3,2,10,9,0,1,0.113,,-3.934,-1.943,-3.04,-1.0,-0.983,-10.901,-10.901,0.0,-26.13729165741922,,,,,,,,,,,,,,,,,,,,,,,,,,,,,,,,,,,-26.13729165741922
1226,566,Aaron Schunk,COL,11,9,RIGHT,33,32,6,1,0,0,0,0,0,0.188,,-4.044,-2.145,-3.537,-1.0,-0.191,-10.918,-10.918,0.0,-26.178052501211177,,,,,,,,,,,,,,,,,,,,,,,,,,,,,,,,,,,-26.178052501211177
1227,567,Ryan Noda,BAL| CHA,21,7,LEFT,59,47,5,3,1,2,11,1,0,0.106,,-3.934,-2.044,-3.438,-0.905,-0.602,-10.922,-10.922,0.0,-26.18764328798576,,,,,,,,,,,,,,,,,,,,,,,,,,,,,,,,,,,-26.18764328798576
1228,568,Jimmy Crooks,SLN,13,6,LEFT,46,45,6,3,1,1,0,0,0,0.133,,-3.934,-2.044,-3.487,-1.0,-0.474,-10.94,-10.94,0.0,-26.23080182847136,,,,,,,,,,,,,,,,,,,,,,,,,,,,,,,,,,,-26.23080182847136
1229,569,DaShawn Keirsey,MIN,38,8,LEFT,88,84,9,4,2,6,2,2,1,0.107,,-3.879,-1.943,-3.239,-0.81,-1.07,-10.941,-10.941,0.0,-26.23319952516501,,,,,,,,,,,,,,,,,,,,,,,,,,,,,,,,,,,-26.23319952516501
1230,570,Carson McCusker,MIN,16,6,RIGHT,30,29,5,0,0,1,1,0,1,0.172,,-4.1,-2.145,-3.487,-1.0,-0.21,-10.942,-10.942,0.0,-26.235597221858647,,,,,,,,,,,,,,,,,,,,,,,,,,,,,,,,,,,-26.235597221858647
1231,572,Kris Bryant,COL,11,5,RIGHT,41,39,6,2,0,1,2,0,0,0.154,,-3.989,-2.145,-3.487,-1.0,-0.344,-10.965,-10.965,0.0,-26.290744245812476,,,,,,,,,,,,,,,,,,,,,,,,,,,,,,,,,,,-26.290744245812476
1232,573,Yuli Gurriel,SDN,16,6,RIGHT,40,36,4,2,0,3,4,0,0,0.111,,-3.989,-2.145,-3.388,-1.0,-0.447,-10.969,-10.969,0.0,-26.30033503258705,,,,,,,,,,,,,,,,,,,,,,,,,,,,,,,,,,,-26.30033503258705
1233,575,Leo Jimenez,TOR,13,9,RIGHT,32,29,2,1,1,1,2,0,0,0.069,,-4.044,-2.044,-3.487,-1.0,-0.462,-11.038,-11.038,0.0,-26.465776104448526,,,,,,,,,,,,,,,,,,,,,,,,,,,,,,,,,,,-26.465776104448526
1234,576,Cam Devanney,PIT,13,9,RIGHT,38,36,5,1,0,1,2,0,1,0.139,,-4.044,-2.145,-3.487,-1.0,-0.363,-11.039,-11.039,0.0,-26.468173801142168,,,,,,,,,,,,,,,,,,,,,,,,,,,,,,,,,,,-26.468173801142168
1235,577,Will Robertson,CHA| TOR,25,8,LEFT,75,70,9,1,0,9,2,0,0,0.129,,-4.044,-2.145,-3.09,-1.0,-0.766,-11.045,-11.045,0.0,-26.48255998130404,,,,,,,,,,,,,,,,,,,,,,,,,,,,,,,,,,,-26.48255998130404
1236,578,Buddy Kennedy,LAN| PHI| TOR,12,9,RIGHT,32,29,2,1,0,1,2,0,0,0.069,,-4.044,-2.145,-3.487,-1.0,-0.462,-11.139,-11.139,0.0,-26.70794347050662,,,,,,,,,,,,,,,,,,,,,,,,,,,,,,,,,,,-26.70794347050662
1237,579,Maverick Handley,BAL,16,9,RIGHT,47,41,3,2,0,3,2,0,0,0.073,,-3.989,-2.145,-3.388,-1.0,-0.639,-11.162,-11.162,0.0,-26.76309049446045,,,,,,,,,,,,,,,,,,,,,,,,,,,,,,,,,,,-26.76309049446045
1238,580,MJ Melendez,KCA,19,7,LEFT,65,60,5,4,1,1,3,0,0,0.083,,-3.879,-2.044,-3.487,-1.0,-0.884,-11.295,-11.295,0.0,-27.081984154715173,,,,,,,,,,,,,,,,,,,,,,,,,,,,,,,,,,,-27.081984154715173
