,Name,Team,L/R,POS,IP,GS,GP,HA,R,ER,HR,BB,K,W,L,S,HD,BS,ERA,WHIP,SB,CS,SBP,W-Z,K-Z,S-Z,ERA-Z,WHIP-Z,Z-SUM,Z-SUM-A,ACV,
1,Garrett Crochet,BOS,LEFT,SP,205.33333333333331,32,32,219,62,59,24,46,255,18,5,0,0,0,2.586,1.291,13,7,0.063,2.552,2.709,-0.506,1.913,1.666,8.334,13.703,32.596574716436436,
2,Tarik Skubal,DET,RIGHT,SP,195.33333333333334,31,31,187,55,48,18,33,241,13,6,0,0,0,2.212,1.126,3,4,0.015,1.24,2.402,-0.506,2.39,2.716,8.241,13.61,32.3753471422827,
3,Paul Skenes,PIT,RIGHT,SP,187.66666666666666,32,32,186,45,41,11,42,216,10,10,0,0,0,1.966,1.215,4,2,0.021,0.453,1.853,-0.506,2.656,2.023,6.478,11.847,28.181538397841525,
4,Max Fried,NYA,LEFT,SP,195.33333333333334,32,32,211,73,62,14,51,189,19,5,0,0,0,2.857,1.341,6,5,0.031,2.814,1.259,-0.506,1.408,1.236,6.211,11.58,27.54640116881952,
5,Carlos Rodon,NYA,LEFT,SP,195.33333333333331,33,33,181,74,67,22,73,203,18,9,0,0,0,3.087,1.300,17,3,0.087,2.552,1.567,-0.506,1.057,1.518,6.187,11.556000000000001,27.489310181941143,
6,Cristopher Sanchez,PHI,LEFT,SP,202.0,32,32,218,58,56,12,44,212,13,5,0,0,0,2.495,1.297,10,4,0.05,1.24,1.765,-0.506,2.025,1.593,6.117,11.486,27.32279480354586,
7,Freddy Peralta,MIL,RIGHT,SP,176.66666666666669,33,33,168,54,53,21,66,204,17,6,0,0,0,2.700,1.325,12,1,0.068,2.29,1.589,-0.506,1.489,1.222,6.084,11.453,27.24429469658808,
8,Bryan Woo,SEA,RIGHT,SP,186.66666666666666,30,30,189,64,61,26,36,198,15,7,0,0,0,2.941,1.205,4,1,0.021,1.765,1.457,-0.506,1.223,2.075,6.013,11.382,27.075400527072865,
9,Hunter Brown,HOU,RIGHT,SP,185.33333333333331,31,31,173,55,50,17,57,206,12,9,0,0,0,2.428,1.241,20,8,0.108,0.978,1.633,-0.506,1.955,1.828,5.887,11.256,26.77567284596136,
10,Yoshinobu Yamamoto,LAN,RIGHT,SP,173.66666666666669,30,30,147,53,48,14,59,201,12,8,0,0,0,2.487,1.186,7,5,0.04,0.978,1.523,-0.506,1.752,2.048,5.794,11.163,26.55444527180763,
11,Nick Pivetta,SDN,RIGHT,SP,181.66666666666666,31,31,172,63,58,22,50,190,13,5,0,0,0,2.873,1.222,9,3,0.05,1.24,1.281,-0.506,1.286,1.913,5.214,10.583,25.17474642224672,
12,Jacob deGrom,TEX,LEFT,SP,172.66666666666669,30,30,168,57,57,26,37,185,12,8,0,0,0,2.971,1.187,11,6,0.064,0.978,1.172,-0.506,1.09,2.03,4.763,10.132,24.101911627157115,
13,Zack Wheeler,PHI,LEFT,SP,149.66666666666666,24,24,149,48,45,19,33,195,10,5,0,0,0,2.706,1.216,4,4,0.027,0.453,1.391,-0.506,1.255,1.608,4.2,9.568999999999999,22.76265222663506,
14,Nathan Eovaldi,TEX,RIGHT,SP,130.0,22,22,121,28,25,10,21,129,11,3,0,0,0,1.731,1.092,4,1,0.031,0.715,-0.059,-0.506,2.078,1.963,4.191,9.559999999999999,22.741243106555665,
15,Logan Webb,SFN,RIGHT,SP,207.00000000000003,34,34,276,82,74,14,46,224,15,11,0,0,0,3.217,1.556,9,7,0.043,1.765,2.028,-0.506,0.91,-0.252,3.944,9.312999999999999,22.153681699932314,
16,Joe Ryan,MIN,RIGHT,SP,170.99999999999997,30,31,196,69,65,26,39,194,13,10,0,0,0,3.421,1.374,21,11,0.123,1.24,1.369,-0.506,0.48,0.884,3.466,8.835,21.016619544604534,
17,Matt Boyd,CHN,LEFT,SP,179.66666666666669,31,31,201,69,64,19,42,154,14,8,0,0,0,3.206,1.353,5,3,0.028,1.502,0.491,-0.506,0.806,1.066,3.358,8.727,20.759710103651813,
18,Aroldis Chapman,BOS,LEFT,RP,61.33333333333334,0,67,36,9,8,3,15,85,5,3,32,0,0,1.174,0.832,4,0,0.065,-0.859,-1.025,2.411,1.247,1.489,3.263,8.632,20.533724947258214,
19,Jesus Luzardo,PHI,LEFT,SP,183.66666666666666,32,32,216,85,80,16,57,216,15,7,0,0,0,3.920,1.486,22,11,0.12,1.765,1.853,-0.506,-0.199,0.224,3.135,8.504,20.22923968390684,
20,Edwin Diaz,NYN,RIGHT,RP,66.33333333333334,0,62,47,14,12,4,21,98,6,3,28,0,0,1.628,1.025,15,5,0.226,-0.597,-0.74,2.046,1.114,1.158,2.982,8.350999999999999,19.86528464255715,
21,Kevin Gausman,TOR,LEFT,SP,193.0,32,32,212,79,77,21,50,189,10,11,0,0,0,3.591,1.357,17,3,0.088,0.453,1.259,-0.506,0.286,1.111,2.604,7.973,18.96610159922263,
22,Drew Rasmussen,TBA,RIGHT,SP,150.0,31,31,148,47,46,18,37,127,10,5,0,0,0,2.760,1.233,19,7,0.127,0.453,-0.103,-0.506,1.194,1.52,2.558,7.927,18.85667720770573,
23,Jhoan Duran,MIN| PHI,RIGHT,RP,70.0,0,72,69,19,16,3,19,80,7,6,32,0,0,2.057,1.257,13,1,0.186,-0.334,-1.135,2.411,0.941,0.651,2.533,7.901999999999999,18.797207429707413,
24,Trevor Rogers,BAL,LEFT,SP,109.66666666666666,18,18,87,23,22,6,29,103,9,3,0,0,0,1.806,1.058,3,1,0.027,0.19,-0.63,-0.506,1.689,1.789,2.533,7.901999999999999,18.797207429707413,
25,Andres Munoz,SEA,RIGHT,RP,62.333333333333336,0,64,44,18,12,2,28,83,3,3,38,0,0,1.733,1.155,5,1,0.08,-1.384,-1.069,2.958,0.996,0.803,2.304,7.673,18.25246426324285,
26,Robert Suarez,SDN,RIGHT,RP,69.66666666666666,0,70,60,24,23,6,16,75,4,6,40,0,0,2.971,1.091,3,0,0.043,-1.121,-1.245,3.14,0.44,1.055,2.269,7.638,18.16920657404521,
27,Framber Valdez,HOU,RIGHT,SP,191.99999999999997,31,31,223,82,78,15,68,187,13,11,0,0,0,3.656,1.516,25,3,0.13,1.24,1.215,-0.506,0.187,0.036,2.172,7.541,17.938463835411746,
28,Gavin Williams,CLE,LEFT,SP,167.66666666666669,31,31,177,62,57,23,83,173,12,5,0,0,0,3.060,1.551,7,6,0.042,0.978,0.908,-0.506,0.943,-0.175,2.147,7.516,17.878994057413433,
29,Merrill Kelly,ARI| TEX,RIGHT,SP,184.0,32,32,218,79,72,23,48,167,12,9,0,0,0,3.522,1.446,14,2,0.076,0.978,0.776,-0.506,0.372,0.488,2.108,7.477,17.786221203736062,
30,Chris Sale,ATL,LEFT,SP,125.66666666666667,20,21,132,38,36,11,32,165,7,5,0,0,0,2.578,1.305,23,8,0.183,-0.334,0.732,-0.506,1.179,0.956,2.026,7.395,17.591160331901584,
31,Adrian Morejon,SDN,LEFT,RP,73.66666666666664,0,75,57,23,17,2,17,70,13,6,3,0,0,2.077,1.004,9,1,0.122,1.24,-1.355,-0.233,0.979,1.34,1.971,7.34,17.460326820305294,
32,Andrew Abbott,CIN,LEFT,SP,166.33333333333331,29,29,197,60,53,19,43,149,10,7,0,0,0,2.868,1.443,12,1,0.072,0.453,0.381,-0.506,1.184,0.458,1.969,7.338,17.45556923806543,
33,Ranger Suarez,PHI,LEFT,SP,157.33333333333334,26,26,195,57,56,14,38,151,12,8,0,0,0,3.203,1.481,6,4,0.038,0.978,0.425,-0.506,0.709,0.222,1.826,7.195,17.115402107915067,
34,David Bednar,NYA| PIT,LEFT,RP,62.666666666666664,0,64,60,18,16,4,19,86,6,5,27,0,0,2.298,1.261,7,2,0.112,-0.597,-1.003,1.955,0.725,0.575,1.655,7.024,16.708628826406592,
35,Carlos Estevez,KCA,RIGHT,RP,66.0,0,67,65,22,18,5,22,54,4,5,42,0,0,2.454,1.318,0,1,0.0,-1.121,-1.706,3.322,0.683,0.471,1.649,7.018,16.694356079686994,
36,Nick Lodolo,CIN,LEFT,SP,156.66666666666666,28,29,184,60,58,22,31,156,9,8,0,0,0,3.332,1.372,14,6,0.089,0.19,0.535,-0.506,0.549,0.82,1.587,6.9559999999999995,16.54687103025117,
37,Josh Hader,HOU,LEFT,RP,52.66666666666667,0,48,47,16,12,8,16,76,6,2,28,0,0,2.051,1.196,4,0,0.076,-0.597,-1.223,2.046,0.711,0.602,1.54,6.909,16.43506784761434,
38,Sonny Gray,SLN,RIGHT,SP,180.66666666666666,32,32,245,93,86,25,38,201,14,8,0,0,0,4.284,1.566,11,10,0.061,1.502,1.523,-0.506,-0.709,-0.289,1.521,6.89,16.389870816335623,
39,Robbie Ray,SFN,LEFT,SP,182.33333333333331,32,32,211,81,74,22,73,186,11,8,0,0,0,3.653,1.558,20,10,0.11,0.715,1.194,-0.506,0.182,-0.235,1.35,6.718999999999999,15.983097534827147,
40,Cade Horton,CHN,RIGHT,SP,118.0,22,23,123,40,35,10,33,97,11,4,0,0,0,2.670,1.322,8,7,0.068,0.715,-0.762,-0.506,1.023,0.827,1.297,6.6659999999999995,15.857021605470718,
41,Luis Castillo,SEA,RIGHT,SP,180.66666666666669,32,32,228,76,71,23,46,162,11,8,0,0,0,3.537,1.517,13,5,0.072,0.715,0.666,-0.506,0.344,0.028,1.247,6.616,15.73808204947409,
42,Cade Smith,CLE,RIGHT,RP,73.66666666666669,0,76,81,31,24,4,19,104,8,5,16,0,0,2.932,1.357,1,1,0.014,-0.072,-0.608,0.952,0.488,0.424,1.184,6.553,15.588218208918336,
43,Jeff Hoffman,TOR,RIGHT,RP,67.99999999999999,0,71,83,34,33,15,27,84,9,7,33,0,0,4.368,1.618,7,2,0.103,0.19,-1.047,2.502,-0.311,-0.231,1.103,6.4719999999999995,15.395536128203794,
44,Ryan Pepiot,TBA,RIGHT,SP,167.66666666666666,31,31,190,77,72,26,61,167,11,12,0,0,0,3.865,1.497,16,8,0.095,0.715,0.776,-0.506,-0.11,0.142,1.017,6.385999999999999,15.19096009188959,
45,Logan Gilbert,SEA,RIGHT,SP,131.0,25,25,145,53,50,20,31,173,6,6,0,0,0,3.435,1.343,10,2,0.076,-0.597,0.908,-0.506,0.353,0.819,0.977,6.346,15.095808447092288,
46,Quinn Priester,MIL,RIGHT,SP| RP,157.33333333333331,24,29,199,62,58,18,50,132,13,3,0,0,0,3.318,1.583,7,5,0.044,1.24,0.007,-0.506,0.568,-0.341,0.968,6.337,15.074399327012893,
47,Noah Cameron,KCA,LEFT,SP,138.33333333333331,24,24,146,46,46,18,43,114,9,7,0,0,0,2.993,1.366,2,2,0.014,0.19,-0.388,-0.506,0.85,0.754,0.9,6.269,14.912641530857478,
48,Hunter Greene,CIN,RIGHT,SP,107.66666666666664,19,19,113,35,33,15,26,132,7,4,0,0,0,2.759,1.291,9,3,0.084,-0.334,0.007,-0.506,0.858,0.872,0.897,6.266,14.90550515749768,
49,Brady Singer,CIN,RIGHT,SP,169.66666666666666,32,32,211,80,76,19,60,163,14,12,0,0,0,4.031,1.597,14,4,0.083,1.502,0.688,-0.506,-0.331,-0.456,0.897,6.266,14.90550515749768,
50,Kenley Jansen,ANA,SWITCH,RP,59.0,0,62,51,18,17,8,19,57,5,4,29,0,0,2.593,1.186,13,0,0.22,-0.859,-1.64,2.137,0.546,0.695,0.88,6.249,14.865065708458825,
51,Brayan Bello,BOS,RIGHT,SP,166.66666666666666,28,29,187,71,62,16,59,124,11,9,0,0,0,3.348,1.476,16,6,0.096,0.715,-0.168,-0.506,0.563,0.264,0.867,6.236,14.834141423899702,
52,Emilio Pagan,CIN,LEFT,RP,68.66666666666667,0,70,62,26,22,10,22,81,2,4,32,0,0,2.884,1.223,3,1,0.044,-1.646,-1.113,2.411,0.481,0.72,0.852,6.221,14.798459557100713,
53,Trevor Megill,MIL,LEFT,RP,47.0,0,50,50,16,13,3,17,60,6,3,30,0,0,2.489,1.425,9,0,0.191,-0.597,-1.574,2.228,0.473,0.158,0.689,6.058,14.410716604551698,
54,Clay Holmes,NYN,RIGHT,SP,165.66666666666666,31,33,190,74,65,14,66,129,12,8,0,0,0,3.531,1.545,8,7,0.048,0.978,-0.059,-0.506,0.323,-0.142,0.594,5.963,14.184731448158102,
55,Raisel Iglesias,ATL,RIGHT,RP,67.33333333333334,0,70,71,25,24,8,16,73,4,6,29,0,0,3.208,1.292,5,1,0.074,-1.121,-1.289,2.137,0.301,0.543,0.571,5.9399999999999995,14.13001925239965,
56,Kris Bubic,KCA,LEFT,SP,116.33333333333334,20,20,128,38,33,6,39,116,8,7,0,0,0,2.553,1.435,2,3,0.017,-0.072,-0.344,-0.506,1.114,0.35,0.542,5.911,14.061034309921606,
57,Mason Miller,ATH| SDN,RIGHT,RP,61.66666666666667,0,60,38,19,18,5,28,104,1,2,22,0,0,2.627,1.070,4,2,0.065,-1.909,-0.608,1.499,0.555,0.979,0.517,5.886,14.001564531923291,
58,Casey Mize,DET,RIGHT,SP,149.00000000000003,28,28,208,68,64,21,36,139,14,6,0,0,0,3.866,1.638,11,7,0.074,1.502,0.161,-0.506,-0.098,-0.612,0.447,5.816,13.835049153528008,
59,Will Vest,DET,RIGHT,RP,68.66666666666667,0,64,75,26,23,4,22,75,6,5,23,0,0,3.015,1.413,2,0,0.029,-0.597,-1.245,1.59,0.41,0.262,0.421,5.79,13.77320058440976,
60,Tanner Bibee,CLE,RIGHT,SP,182.33333333333331,31,31,226,93,86,27,54,162,12,11,0,0,0,4.245,1.536,17,4,0.093,0.978,0.666,-0.506,-0.66,-0.094,0.384,5.753,13.685185312972255,
61,Ryne Nelson,ARI,RIGHT,SP| RP,154.0,23,33,175,62,58,17,41,132,7,3,1,0,0,3.390,1.403,1,1,0.006,-0.334,0.007,-0.415,0.47,0.642,0.37,5.739,13.651882237293199,
62,Ronny Henriquez,MIA,RIGHT,RP,72.99999999999999,0,69,73,23,18,8,27,98,7,1,7,0,0,2.219,1.370,17,0,0.233,-0.334,-0.74,0.132,0.889,0.389,0.335,5.704,13.568624548095556,
63,Shota Imanaga,CHN,LEFT,SP,144.66666666666666,25,25,169,62,60,31,26,117,9,8,0,0,0,3.733,1.348,2,3,0.014,0.19,-0.322,-0.506,0.054,0.882,0.298,5.667,13.48060927665805,
64,Spencer Schwellenbach,ATL,RIGHT,SP,110.66666666666667,17,17,122,44,38,13,18,108,7,4,0,0,0,3.090,1.265,3,2,0.027,-0.334,-0.52,-0.506,0.596,0.998,0.233,5.601999999999999,13.325987853862431,
65,Dennis Santana,PIT,RIGHT,RP,70.33333333333333,0,70,60,18,17,5,17,60,4,5,16,0,0,2.175,1.095,3,3,0.043,-1.121,-1.574,0.952,0.881,1.056,0.193,5.561999999999999,13.230836209065126,
66,Zack Littell,CIN| TBA,RIGHT,SP,186.66666666666666,32,32,244,81,79,36,32,130,10,8,0,0,0,3.809,1.479,16,5,0.086,0.453,-0.037,-0.506,-0.041,0.279,0.148,5.5169999999999995,13.12379060866816,
67,Shawn Armstrong,TEX,RIGHT,RP,74.00000000000001,2,71,55,21,19,5,20,74,4,3,9,0,0,2.311,1.014,4,0,0.054,-1.121,-1.267,0.314,0.848,1.323,0.097,5.466,13.002472261551599,
68,Abner Uribe,MIL,RIGHT,RP,75.33333333333331,0,75,59,18,14,4,27,90,3,2,7,0,0,1.673,1.142,0,1,0.0,-1.384,-0.915,0.132,1.239,1.007,0.078,5.447,12.957275230272879,
69,Edward Cabrera,MIA,RIGHT,SP,137.66666666666666,26,26,162,60,54,17,48,150,8,7,0,0,0,3.530,1.525,35,4,0.254,-0.072,0.403,-0.506,0.269,-0.021,0.072,5.441,12.943002483553283,
70,Pete Fairbanks,TBA,RIGHT,RP,60.333333333333336,0,61,63,22,19,7,18,59,4,5,27,0,0,2.834,1.343,8,4,0.133,-1.121,-1.596,1.955,0.445,0.379,0.062,5.431,12.919214572353958,
71,Jack Leiter,TEX,RIGHT,SP,151.66666666666663,29,29,170,69,65,18,67,148,10,10,0,0,0,3.857,1.563,17,1,0.112,0.453,0.359,-0.506,-0.09,-0.222,-0.007,5.362,12.755077985078609,
72,Garrett Whitlock,BOS,RIGHT,RP,71.99999999999999,0,62,64,21,18,2,24,91,7,3,1,0,0,2.250,1.222,7,3,0.097,-0.334,-0.893,-0.415,0.86,0.758,-0.026,5.343,12.709880953799889,
73,Jameson Taillon,CHN,RIGHT,SP,129.66666666666666,23,23,159,54,53,24,27,98,11,7,0,0,0,3.679,1.434,10,5,0.077,0.715,-0.74,-0.506,0.103,0.395,-0.032,5.337,12.695608207080292,
74,Chris Bassitt,TOR,RIGHT,SP,170.33333333333331,31,32,230,80,75,22,52,166,11,9,0,0,0,3.963,1.656,14,3,0.082,0.715,0.754,-0.506,-0.241,-0.807,-0.086,5.2829999999999995,12.567153486603932,
75,Lucas Giolito,BOS,RIGHT,SP,144.99999999999997,26,26,171,62,55,17,56,121,10,4,0,0,0,3.414,1.565,12,5,0.083,0.453,-0.234,-0.506,0.415,-0.227,-0.1,5.269,12.533850410924876,
76,George Kirby,SEA,RIGHT,SP,126.0,23,23,157,60,59,15,29,137,10,8,0,0,0,4.214,1.476,9,3,0.071,0.453,0.117,-0.506,-0.426,0.199,-0.163,5.2059999999999995,12.383986570369121,
77,Michael Wacha,KCA,RIGHT,SP,172.6666666666666,31,31,216,74,74,15,45,126,10,13,0,0,0,3.857,1.512,2,0,0.012,0.453,-0.124,-0.506,-0.103,0.057,-0.223,5.146,12.241259103173165,
78,Dean Kremer,BAL,RIGHT,SP,171.66666666666666,29,31,220,83,80,22,45,142,11,10,0,0,0,4.194,1.544,5,2,0.029,0.715,0.227,-0.506,-0.553,-0.137,-0.254,5.115,12.167516578455256,
79,Colin Rea,CHN,RIGHT,SP| RP,159.33333333333334,27,32,206,73,70,20,44,127,11,7,1,0,0,3.954,1.569,7,4,0.044,0.715,-0.103,-0.415,-0.215,-0.27,-0.287,5.082,12.08901647149748,
80,Eric Lauer,TOR,RIGHT,SP| RP,104.66666666666666,15,28,129,39,37,15,26,102,9,2,0,0,0,3.182,1.481,9,2,0.086,0.19,-0.652,-0.506,0.489,0.148,-0.331,5.037999999999999,11.984349662220444,
81,Clayton Kershaw,LAN,LEFT,SP,112.66666666666667,22,23,134,46,42,8,35,84,11,2,0,0,0,3.355,1.500,0,1,0.0,0.715,-1.047,-0.506,0.374,0.083,-0.381,4.9879999999999995,11.865410106223814,
82,Shane Smith,CHA,RIGHT,SP,146.33333333333334,29,29,160,70,62,17,58,145,7,8,0,0,0,3.813,1.490,14,1,0.096,-0.334,0.293,-0.506,-0.037,0.161,-0.424,4.944999999999999,11.763122088066712,
83,Jason Adam,SDN,RIGHT,RP,65.33333333333333,0,65,59,18,14,4,25,70,8,4,0,0,0,1.929,1.286,12,1,0.184,-0.072,-1.355,-0.506,0.944,0.541,-0.448,4.920999999999999,11.70603110118833,
84,Jeffrey Springs,ATH,LEFT,SP,171.0,30,32,217,90,78,28,54,138,11,11,0,0,0,4.105,1.585,20,3,0.117,0.715,0.139,-0.506,-0.432,-0.384,-0.469,4.8999999999999995,11.656076487669745,
85,Edwin Uceta,TBA,RIGHT,RP,75.99999999999999,0,70,86,33,32,11,27,103,10,3,1,0,0,3.789,1.487,10,2,0.132,0.453,-0.63,-0.415,-0.005,0.091,-0.506,4.8629999999999995,11.56806121623224,
86,Bryan Abreu,HOU,RIGHT,RP,71.0,0,70,64,18,18,4,31,105,3,4,7,0,0,2.282,1.338,10,2,0.141,-1.384,-0.586,0.132,0.83,0.458,-0.55,4.819,11.463394406955205,
87,Brad Keller,CHN,RIGHT,RP,69.66666666666667,1,68,53,18,16,4,22,75,4,2,3,0,0,2.067,1.077,0,0,0.0,-1.121,-1.245,-0.233,0.931,1.091,-0.578,4.7909999999999995,11.396788255597091,
88,Zac Gallen,ARI,RIGHT,SP,192.0,33,33,248,109,103,31,66,175,13,15,0,0,0,4.828,1.635,14,3,0.073,1.24,0.952,-0.506,-1.568,-0.774,-0.656,4.713,11.21124254824235,
89,Kyle Finnegan,DET| WAS,RIGHT,RP,57.00000000000001,0,56,60,24,22,4,18,55,4,4,24,0,0,3.474,1.368,6,4,0.105,-1.121,-1.684,1.681,0.137,0.306,-0.681,4.688,11.151772770244035,
90,Dylan Cease,SDN,RIGHT,SP,168.0,32,32,211,91,85,21,71,215,8,12,0,0,0,4.554,1.679,12,4,0.071,-0.072,1.831,-0.506,-1.012,-0.932,-0.692,4.677,11.125606067924775,
91,Emmanuel Clase,CLE,RIGHT,RP,47.333333333333336,0,48,57,20,17,2,12,47,5,3,24,0,0,3.232,1.458,7,1,0.148,-0.859,-1.86,1.681,0.202,0.105,-0.729,4.64,11.037590796487269,
92,Emmet Sheehan,LAN,RIGHT,SP| RP,73.33333333333333,12,15,68,29,23,7,22,89,6,3,0,0,0,2.823,1.227,0,3,0.0,-0.597,-0.937,-0.506,0.548,0.759,-0.734,4.635,11.025696840887607,
93,Brandon Woodruff,MIL,LEFT,SP,64.66666666666666,12,12,61,26,23,9,14,83,7,2,0,0,0,3.201,1.160,6,0,0.093,-0.334,-1.069,-0.506,0.292,0.823,-0.795,4.574,10.880590582571719,
94,Eduard Bazardo,SEA,RIGHT,RP,78.66666666666667,0,73,68,23,22,9,27,82,5,0,0,0,0,2.517,1.208,7,0,0.089,-0.859,-1.091,-0.506,0.775,0.868,-0.813,4.556,10.837772342412931,
95,Mike Vasil,CHA,LEFT,SP| RP,101.00000000000001,3,47,96,32,28,8,52,82,5,3,4,0,0,2.495,1.465,24,3,0.238,-0.859,-1.091,-0.142,1.013,0.198,-0.881,4.4879999999999995,10.676014546257514,
96,Tyler Mahle,TEX,RIGHT,SP,86.66666666666667,16,16,87,21,21,5,29,66,6,4,0,0,0,2.181,1.339,2,1,0.023,-0.597,-1.442,-0.506,1.081,0.557,-0.907,4.462,10.614165977139267,
97,Jose Soriano,ANA,RIGHT,SP,169.0,31,31,199,89,80,12,78,152,10,11,0,0,0,4.260,1.639,5,1,0.03,0.453,0.447,-0.506,-0.632,-0.703,-0.941,4.428,10.533287079061559,
98,Jack Flaherty,DET,RIGHT,SP,161.0,31,31,202,85,83,23,59,188,8,15,0,0,0,4.640,1.621,7,2,0.043,-0.072,1.237,-0.506,-1.078,-0.568,-0.987,4.382,10.423862687544657,
99,Jose Quintana,MIL,RIGHT,SP,131.66666666666666,24,24,154,65,58,18,50,89,11,7,0,0,0,3.965,1.549,9,2,0.068,0.715,-0.937,-0.506,-0.188,-0.132,-1.048,4.321,10.27875642922877,
100,Aaron Ashby,MIL,RIGHT,RP,66.66666666666664,1,43,66,16,16,3,24,76,5,2,3,0,0,2.160,1.350,7,1,0.105,-0.859,-1.223,-0.233,0.843,0.402,-1.071,4.298,10.22404423347032,
101,Adrian Houser,CHA| TBA,RIGHT,SP,125.0,21,21,156,49,46,10,38,92,8,5,0,0,0,3.312,1.552,7,2,0.056,-0.072,-0.871,-0.506,0.457,-0.136,-1.129,4.24,10.08607434851423,
102,Devin Williams,NYA,RIGHT,RP,62.0,0,67,62,37,33,5,25,90,4,6,18,0,0,4.790,1.403,12,1,0.194,-1.121,-0.915,1.135,-0.488,0.257,-1.133,4.236,10.0765591840345,
103,Matt Svanson,SLN,RIGHT,RP,60.333333333333336,0,39,43,14,13,3,20,68,4,0,0,0,0,1.939,1.044,1,0,0.017,-1.121,-1.399,-0.506,0.866,1.013,-1.147,4.2219999999999995,10.043256108355441,
104,Tyler Glasnow,LAN,LEFT,SP,90.33333333333333,18,18,78,33,32,10,43,106,4,3,0,0,0,3.188,1.339,10,0,0.111,-1.121,-0.564,-0.506,0.418,0.578,-1.197,4.172,9.924316552358812,
105,Tyler Rogers,NYN| SFN,RIGHT,RP,77.33333333333334,0,81,78,20,17,4,7,48,4,6,0,0,0,1.978,1.099,5,0,0.065,-1.121,-1.838,-0.506,1.087,1.149,-1.23,4.138999999999999,9.845816445401034,
106,David Peterson,NYN,LEFT,SP,168.66666666666669,30,30,214,84,79,11,65,150,9,6,0,0,0,4.215,1.654,4,1,0.024,0.19,0.403,-0.506,-0.571,-0.791,-1.276,4.093,9.736392053884137,
107,Eury Perez,MIA,RIGHT,SP,95.33333333333334,20,20,99,47,45,12,32,105,7,6,0,0,0,4.248,1.374,15,4,0.157,-0.334,-0.586,-0.506,-0.347,0.493,-1.281,4.088,9.724498098284474,
108,Kodai Senga,NYN,LEFT,SP,113.33333333333334,22,22,136,44,38,12,55,109,7,6,0,0,0,3.018,1.685,5,6,0.044,-0.334,-0.498,-0.506,0.675,-0.656,-1.32,4.0489999999999995,9.631725244607102,
109,Steven Okert,HOU,LEFT,RP,71.66666666666669,1,68,59,25,24,6,19,84,3,2,1,0,0,3.014,1.088,8,1,0.112,-1.384,-1.047,-0.415,0.429,1.092,-1.326,4.042999999999999,9.617452497887506,
110,Phil Maton,SLN| TEX,RIGHT,RP,61.33333333333333,0,63,57,21,19,3,23,81,4,5,5,0,0,2.788,1.304,8,1,0.13,-1.121,-1.113,-0.051,0.475,0.468,-1.342,4.026999999999999,9.579391839968583,
111,Camilo Doval,NYA| SFN,RIGHT,RP,65.33333333333334,0,69,64,34,26,4,35,72,4,3,16,0,0,3.582,1.515,11,1,0.168,-1.121,-1.311,0.952,0.102,0.013,-1.365,4.004,9.524679644210135,
112,Gabe Speier,SEA,LEFT,RP,61.999999999999986,0,76,61,19,18,5,11,82,4,3,0,0,0,2.613,1.161,9,1,0.145,-1.121,-1.091,-0.506,0.565,0.785,-1.369,4.0,9.515164479730405,
113,Randy Rodriguez,SFN,RIGHT,RP,50.666666666666664,0,50,44,12,10,4,11,67,3,5,4,0,0,1.776,1.085,7,2,0.138,-1.384,-1.421,-0.142,0.792,0.777,-1.377,3.992,9.496134150770944,
114,Daniel Palencia,CHN,RIGHT,RP,52.66666666666667,0,54,58,19,17,5,16,61,1,6,22,0,0,2.905,1.405,4,0,0.076,-1.909,-1.552,1.499,0.36,0.215,-1.387,3.9819999999999998,9.472346239571618,
115,Alex Vesia,LAN,LEFT,RP,59.66666666666667,0,68,53,21,20,9,22,80,4,2,5,0,0,3.017,1.257,4,4,0.067,-1.121,-1.135,-0.051,0.356,0.555,-1.397,3.9719999999999995,9.448558328372291,
116,Braydon Fisher,TOR,RIGHT,RP,50.000000000000014,1,52,42,15,15,4,19,62,7,0,0,0,0,2.700,1.220,6,1,0.12,-0.334,-1.53,-0.506,0.421,0.53,-1.42,3.949,9.393846132613842,
117,Lucas Erceg,KCA,LEFT,RP,61.333333333333336,0,61,68,19,18,4,18,48,8,4,2,0,0,2.641,1.402,3,0,0.049,-0.072,-1.838,-0.324,0.545,0.257,-1.432,3.937,9.36530063917465,
118,Jose Berrios,TOR,RIGHT,SP,166.00000000000006,30,31,218,86,77,26,56,138,9,5,0,0,0,4.175,1.651,13,3,0.078,0.19,0.139,-0.506,-0.51,-0.758,-1.444,3.925,9.33675514573546,
119,MacKenzie Gore,WAS,LEFT,SP,159.66666666666669,30,30,201,75,74,20,64,185,5,15,0,0,0,4.171,1.660,13,9,0.081,-0.859,1.172,-0.506,-0.486,-0.78,-1.46,3.909,9.298694487816539,
120,Joey Cantillo,CLE,LEFT,SP| RP,95.33333333333331,13,34,106,39,34,10,42,108,5,3,1,0,0,3.210,1.552,4,2,0.042,-0.859,-0.52,-0.415,0.425,-0.106,-1.475,3.8939999999999997,9.263012621017548,
121,Will Warren,NYA,RIGHT,SP,162.33333333333334,33,33,216,90,80,22,65,171,9,8,0,0,0,4.435,1.731,6,2,0.037,0.19,0.864,-0.506,-0.828,-1.201,-1.481,3.888,9.248739874297954,
122,Bryan King,HOU,RIGHT,RP,68.0,0,68,77,21,21,10,11,69,5,4,2,0,0,2.779,1.294,1,0,0.015,-0.859,-1.377,-0.324,0.531,0.543,-1.485,3.8839999999999995,9.239224709818222,
123,Nick Martinez,CIN,LEFT,SP| RP,165.66666666666669,26,40,225,86,82,22,42,116,11,14,0,0,0,4.455,1.612,12,6,0.072,0.715,-0.344,-0.506,-0.87,-0.529,-1.535,3.8339999999999996,9.120285153821593,
124,Jeremiah Estrada,SDN,SWITCH,RP,72.99999999999999,0,77,80,31,28,12,27,108,4,5,3,0,0,3.452,1.466,4,0,0.055,-1.121,-0.52,-0.233,0.187,0.142,-1.545,3.824,9.096497242622267,
125,Calvin Faucher,MIA,RIGHT,RP,60.333333333333336,0,65,66,27,22,8,24,59,4,4,15,0,0,3.282,1.492,4,0,0.066,-1.121,-1.596,0.861,0.235,0.062,-1.56,3.8089999999999997,9.060815375823278,
126,JoJo Romero,SLN,LEFT,RP,61.00000000000001,0,65,58,21,14,2,29,55,4,6,8,0,0,2.066,1.426,4,1,0.066,-1.121,-1.684,0.223,0.816,0.204,-1.563,3.806,9.05367900246348,
127,Tanner Banks,PHI,RIGHT,RP,67.33333333333334,1,69,73,24,23,9,12,61,6,2,1,0,0,3.074,1.262,4,0,0.059,-0.597,-1.552,-0.415,0.371,0.613,-1.58,3.7889999999999997,9.013239553424626,
128,Lake Bachar,MIA,RIGHT,RP,70.99999999999999,1,53,77,34,31,10,30,75,8,2,3,0,0,3.930,1.507,4,0,0.056,-0.072,-1.245,-0.233,-0.082,0.035,-1.597,3.772,8.972800104385772,
129,Shane Baz,TBA,RIGHT,SP,166.33333333333334,31,31,221,91,90,26,64,176,10,12,0,0,0,4.870,1.713,20,2,0.12,0.453,0.974,-0.506,-1.412,-1.127,-1.619,3.75,8.920466699747255,
130,Shelby Miller,ARI| MIL,RIGHT,RP,46.0,0,48,43,17,14,5,15,54,4,3,10,0,0,2.739,1.261,8,1,0.174,-1.121,-1.706,0.405,0.374,0.421,-1.627,3.742,8.901436370787794,
131,Pablo Lopez,MIN,LEFT,SP,75.66666666666666,14,14,84,28,23,6,20,73,5,4,0,0,0,2.736,1.374,10,2,0.132,-0.859,-1.289,-0.506,0.617,0.391,-1.647,3.7219999999999995,8.853860548389141,
132,Jared Koenig,MIL,RIGHT,RP,66.0,0,72,75,21,21,6,20,68,6,1,2,0,0,2.864,1.439,1,3,0.015,-0.597,-1.399,-0.324,0.472,0.19,-1.658,3.711,8.827693846069883,
133,Garrett Cleavinger,TBA,RIGHT,RP,61.33333333333333,0,67,55,17,16,9,18,82,2,6,2,0,0,2.348,1.190,2,3,0.033,-1.646,-1.091,-0.324,0.685,0.715,-1.661,3.7079999999999997,8.820557472710085,
134,Ryan Walker,SFN,RIGHT,RP,61.33333333333334,0,68,79,32,28,4,18,60,5,7,17,0,0,4.109,1.581,0,1,0.0,-0.859,-1.574,1.043,-0.157,-0.131,-1.677,3.6919999999999997,8.782496814791163,
135,Stephen Kolek,KCA| SDN,RIGHT,SP,112.66666666666667,19,19,122,49,44,9,31,77,5,7,0,0,0,3.515,1.358,3,2,0.027,-0.859,-1.201,-0.506,0.234,0.647,-1.686,3.683,8.76108769471177,
136,Luke Weaver,NYA,RIGHT,RP,64.66666666666666,0,64,66,28,26,10,20,72,4,4,8,0,0,3.619,1.330,2,1,0.031,-1.121,-1.311,0.223,0.082,0.435,-1.692,3.6769999999999996,8.746814947992174,
137,Yusei Kikuchi,ANA,LEFT,SP,178.33333333333331,33,33,240,87,79,24,74,174,7,11,0,0,0,3.987,1.761,11,5,0.062,-0.334,0.93,-0.506,-0.286,-1.506,-1.703,3.6659999999999995,8.720648245672916,
138,Jacob Lopez,ATH,LEFT,SP| RP,92.66666666666667,17,21,111,47,42,15,37,113,7,7,0,0,0,4.079,1.597,8,3,0.086,-0.334,-0.41,-0.506,-0.215,-0.248,-1.715,3.654,8.692102752233724,
139,Orion Kerkering,PHI,RIGHT,RP,60.00000000000001,0,69,72,28,22,6,27,65,8,4,4,0,0,3.300,1.650,5,0,0.083,-0.072,-1.464,-0.142,0.225,-0.273,-1.726,3.643,8.665936049914466,
140,Jack Dreyer,LAN,RIGHT,SP| RP,76.33333333333333,5,67,76,26,25,4,24,74,3,2,4,0,0,2.948,1.310,5,2,0.066,-1.384,-1.267,-0.142,0.496,0.567,-1.729,3.6399999999999997,8.658799676554668,
141,Greg Weissert,BOS,RIGHT,RP,67.00000000000001,0,72,77,27,21,6,21,57,6,6,4,0,0,2.821,1.463,6,3,0.09,-0.597,-1.64,-0.142,0.502,0.138,-1.739,3.63,8.635011765355342,
142,Robert Garcia,TEX,RIGHT,RP,63.99999999999999,0,71,74,26,21,8,22,68,4,8,9,0,0,2.953,1.500,3,2,0.047,-1.121,-1.399,0.314,0.413,0.047,-1.746,3.6229999999999998,8.618360227515813,
143,Seth Lugo,KCA,RIGHT,SP,145.33333333333337,26,26,184,70,67,27,55,125,8,7,0,0,0,4.149,1.645,4,7,0.028,-0.072,-0.146,-0.506,-0.417,-0.632,-1.774,3.5949999999999998,8.551754076157701,
144,Nolan McLean,NYN,RIGHT,SP,48.0,8,8,42,13,11,4,16,57,5,1,0,0,0,2.062,1.208,0,3,0.0,-0.859,-1.64,-0.506,0.643,0.529,-1.834,3.5349999999999997,8.409026608961744,
145,Simeon Woods Richardson,MIN,RIGHT,SP,111.33333333333334,22,23,130,53,50,17,46,107,7,4,0,0,0,4.042,1.581,8,5,0.072,-0.334,-0.542,-0.506,-0.227,-0.235,-1.844,3.5249999999999995,8.385238697762418,
146,Mitch Keller,PIT,RIGHT,SP,176.33333333333334,32,32,234,91,82,21,51,150,6,15,0,0,0,4.185,1.616,23,3,0.13,-0.597,0.403,-0.506,-0.556,-0.592,-1.848,3.521,8.375723533282688,
147,Bennett Sousa,HOU,LEFT,RP,50.66666666666667,0,44,52,18,16,4,15,59,5,1,4,0,0,2.842,1.322,11,0,0.217,-0.859,-1.596,-0.142,0.371,0.354,-1.872,3.497,8.318632546404306,
148,Blake Snell,LAN,LEFT,SP,61.333333333333336,11,11,64,21,16,3,26,72,5,4,0,0,0,2.348,1.467,6,5,0.098,-0.859,-1.311,-0.506,0.685,0.116,-1.875,3.4939999999999998,8.311496173044508,
149,Tony Santillan,CIN,RIGHT,RP,73.66666666666667,0,80,73,23,20,7,29,75,1,5,7,0,0,2.443,1.385,1,3,0.014,-1.909,-1.245,0.132,0.768,0.354,-1.9,3.469,8.252026395046194,
150,Felix Bautista,BAL,RIGHT,RP,34.666666666666664,0,35,23,10,10,3,23,50,1,1,19,0,0,2.596,1.327,10,1,0.288,-1.909,-1.794,1.226,0.32,0.237,-1.92,3.449,8.204450572647541,
151,Tyler Kinley,ATL| COL,RIGHT,RP,72.66666666666667,0,73,70,35,32,6,33,73,6,3,3,0,0,3.963,1.417,12,0,0.165,-0.597,-1.289,-0.233,-0.103,0.265,-1.957,3.412,8.116435301210036,
152,Tyler Holton,DET,LEFT,SP| RP,78.66666666666666,6,70,87,34,32,15,17,64,6,5,0,0,0,3.661,1.322,3,0,0.038,-0.597,-1.486,-0.506,0.074,0.551,-1.965,3.404,8.097404972250574,
153,Jacob Webb,TEX,RIGHT,RP,66.00000000000001,0,55,67,24,22,10,19,58,5,4,1,0,0,3.000,1.303,8,1,0.121,-0.859,-1.618,-0.415,0.402,0.507,-1.984,3.385,8.052207940971854,
154,Cam Schlittler,NYA,RIGHT,SP,72.99999999999999,14,14,74,24,24,8,31,84,4,3,0,0,0,2.959,1.438,10,2,0.137,-1.121,-1.047,-0.506,0.468,0.212,-1.995,3.3739999999999997,8.026041238652596,
155,Kyle Leahy,SLN,SWITCH,RP,87.99999999999999,1,62,101,32,30,5,28,80,4,2,1,0,0,3.068,1.466,2,2,0.023,-1.121,-1.135,-0.415,0.489,0.171,-2.012,3.3569999999999998,7.985601789613742,
156,Matthew Liberatore,SLN,LEFT,SP,151.66666666666666,29,29,211,79,71,19,40,122,8,12,0,0,0,4.213,1.655,22,4,0.145,-0.072,-0.212,-0.506,-0.511,-0.715,-2.017,3.352,7.973707834014079,
157,Andrew Kittredge,BAL| CHN,RIGHT,RP,53.0,0,54,56,22,20,7,11,64,4,3,5,0,0,3.396,1.264,8,0,0.151,-1.121,-1.486,-0.051,0.159,0.479,-2.02,3.3489999999999998,7.966571460654281,
158,Steven Matz,BOS| SLN,RIGHT,RP,76.66666666666667,2,53,97,31,26,8,11,59,5,2,2,0,0,3.052,1.409,1,1,0.013,-0.859,-1.596,-0.324,0.436,0.303,-2.041,3.328,7.916616847135697,
159,Chad Patrick,MIL,RIGHT,SP| RP,119.66666666666664,23,27,150,49,47,13,40,127,3,8,0,0,0,3.535,1.588,6,6,0.05,-1.384,-0.103,-0.506,0.23,-0.281,-2.044,3.3249999999999997,7.909480473775899,
160,Brendon Little,TOR,LEFT,RP,68.33333333333334,0,79,61,28,23,2,45,91,4,2,1,0,0,3.029,1.551,2,4,0.029,-1.121,-0.893,-0.415,0.401,-0.073,-2.102,3.267,7.771510588819808,
161,Matt Strahm,PHI,RIGHT,RP,62.33333333333333,0,66,65,22,19,5,20,70,2,3,6,0,0,2.743,1.364,3,0,0.048,-1.646,-1.355,0.041,0.504,0.345,-2.11,3.259,7.752480259860348,
162,Hurston Waldrep,ATL,RIGHT,SP,56.33333333333333,9,10,56,18,18,3,22,55,6,1,0,0,0,2.876,1.385,8,3,0.142,-0.597,-1.684,-0.506,0.398,0.271,-2.119,3.2499999999999996,7.731071139780953,
163,Justin Sterner,ATH,RIGHT,RP,65.0,1,59,62,24,23,10,21,70,4,3,0,0,0,3.185,1.277,14,4,0.215,-1.121,-1.355,-0.506,0.302,0.559,-2.122,3.247,7.723934766421156,
164,Caleb Thielbar,CHN,RIGHT,RP,58.00000000000001,0,67,53,17,17,5,13,56,3,4,1,0,0,2.638,1.138,2,1,0.034,-1.384,-1.662,-0.415,0.517,0.783,-2.162,3.207,7.628783121623852,
165,Brant Hurter,DET,LEFT,SP| RP,62.999999999999986,4,43,69,26,17,4,27,68,4,3,2,0,0,2.429,1.524,9,3,0.143,-1.121,-1.399,-0.324,0.664,-0.006,-2.186,3.183,7.5716921347454695,
166,Slade Cecconi,CLE,RIGHT,SP,132.0,23,23,178,66,63,24,32,109,7,7,0,0,0,4.295,1.591,3,1,0.023,-0.334,-0.498,-0.506,-0.53,-0.325,-2.193,3.1759999999999997,7.555040596905941,
167,Jordan Leasure,CHA,RIGHT,RP,64.33333333333333,1,68,76,30,28,12,30,81,5,6,7,0,0,3.917,1.648,5,2,0.078,-0.859,-1.113,0.132,-0.068,-0.287,-2.196,3.1729999999999996,7.547904223546143,
168,Seranthony Dominguez,BAL| TOR,RIGHT,RP,62.66666666666667,0,67,57,30,22,5,36,79,4,4,2,0,0,3.160,1.484,19,4,0.303,-1.121,-1.157,-0.324,0.304,0.082,-2.217,3.1519999999999997,7.497949610027558,
169,Riley O'Brien,SLN,RIGHT,RP,48.0,0,42,41,13,11,2,22,45,3,1,6,0,0,2.062,1.312,2,1,0.042,-1.384,-1.904,0.041,0.643,0.352,-2.251,3.118,7.417070711949851,
170,Luis Severino,ATH,RIGHT,SP,162.6666666666667,29,29,213,93,82,16,50,124,8,11,0,0,0,4.537,1.617,10,2,0.061,-0.072,-0.168,-0.506,-0.959,-0.549,-2.254,3.1149999999999998,7.409934338590053,
171,Clarke Schmidt,NYA,RIGHT,SP,78.66666666666666,14,14,79,29,29,9,30,73,4,4,0,0,0,3.318,1.386,6,1,0.076,-1.121,-1.289,-0.506,0.284,0.375,-2.257,3.1119999999999997,7.4027979652302545,
172,Sean Newcomb,ATH| BOS,LEFT,SP| RP,92.33333333333334,5,48,115,36,28,5,31,91,2,5,2,0,0,2.729,1.581,7,3,0.076,-1.646,-0.893,-0.324,0.757,-0.196,-2.302,3.0669999999999997,7.295752364833287,
173,Sandy Alcantara,MIA,RIGHT,SP,174.66666666666666,31,31,226,107,104,22,57,142,11,12,0,0,0,5.359,1.620,35,1,0.2,0.715,0.227,-0.506,-2.149,-0.61,-2.324,3.045,7.243418960194771,
174,Dylan Lee,ATL,LEFT,RP,68.33333333333336,0,74,73,27,25,13,14,76,2,4,2,0,0,3.293,1.273,2,1,0.029,-1.646,-1.223,-0.324,0.26,0.596,-2.337,3.0319999999999996,7.2124946756356465,
175,Reid Detmers,ANA,LEFT,RP,63.666666666666664,0,61,73,29,28,6,25,80,5,3,3,0,0,3.958,1.539,4,2,0.063,-0.859,-1.135,-0.233,-0.088,-0.041,-2.356,3.013,7.167297644356927,
176,Yariel Rodriguez,TOR,RIGHT,RP,73.00000000000003,1,66,66,26,25,8,34,66,3,2,2,0,0,3.082,1.370,6,0,0.082,-1.384,-1.442,-0.324,0.398,0.389,-2.364,3.005,7.148267315397467,
177,Jose Ferrer,WAS,LEFT,RP,76.33333333333333,0,72,100,41,38,5,16,71,4,4,11,0,0,4.480,1.520,3,1,0.039,-1.121,-1.333,0.496,-0.416,0.004,-2.37,2.9989999999999997,7.1339945686778705,
178,Keegan Akin,BAL,LEFT,SP| RP,63.33333333333333,3,64,73,28,24,10,33,59,5,4,8,0,0,3.410,1.674,2,1,0.032,-0.859,-1.596,0.223,0.183,-0.341,-2.39,2.9789999999999996,7.086418746279218,
179,Brock Burke,ANA,LEFT,RP,61.66666666666667,1,69,76,24,23,8,18,52,7,1,0,0,0,3.357,1.524,4,2,0.065,-0.334,-1.75,-0.506,0.204,-0.007,-2.394,2.9749999999999996,7.076903581799488,
180,Grant Holmes,ATL,LEFT,SP,115.0,21,22,132,52,51,16,54,123,4,9,0,0,0,3.991,1.617,2,1,0.017,-1.121,-0.19,-0.506,-0.189,-0.39,-2.397,2.972,7.069767208439691,
181,Janson Junk,MIA,RIGHT,SP| RP,110.00000000000001,16,21,150,54,51,8,13,77,6,4,1,0,0,4.173,1.482,12,2,0.109,-0.597,-1.201,-0.415,-0.336,0.152,-2.397,2.972,7.069767208439691,
182,Mike King,SDN,RIGHT,SP,73.33333333333333,15,15,86,31,28,12,26,76,5,3,0,0,0,3.436,1.527,0,1,0.0,-0.859,-1.223,-0.506,0.197,-0.016,-2.407,2.9619999999999997,7.045979297240365,
183,Logan Allen,CLE,RIGHT,SP,156.66666666666666,29,30,206,84,74,18,62,122,8,11,0,0,0,4.251,1.711,8,10,0.051,-0.072,-0.212,-0.506,-0.574,-1.046,-2.411,2.9579999999999997,7.036464132760634,
184,Braxton Ashcraft,PIT,LEFT,SP| RP,69.66666666666666,8,26,83,22,21,3,24,71,4,4,0,0,0,2.713,1.536,5,3,0.072,-1.121,-1.333,-0.506,0.58,-0.037,-2.417,2.952,7.0221913860410385,
185,Bryan Baker,BAL| TBA,RIGHT,RP,68.66666666666666,0,73,83,33,31,13,17,83,4,4,3,0,0,4.063,1.456,6,1,0.087,-1.121,-1.069,-0.233,-0.151,0.156,-2.418,2.9509999999999996,7.019812594921105,
186,Carmen Mlodzinski,PIT,RIGHT,SP| RP,99.00000000000001,12,34,132,42,39,8,27,89,5,8,0,0,0,3.546,1.606,2,2,0.02,-0.859,-0.937,-0.506,0.182,-0.297,-2.418,2.9509999999999996,7.019812594921105,
187,Louis Varland,MIN| TOR,LEFT,RP,72.66666666666666,1,74,89,27,24,6,22,75,4,3,0,0,0,2.973,1.528,6,3,0.083,-1.121,-1.245,-0.506,0.458,-0.017,-2.431,2.9379999999999997,6.988888310361982,
188,Anthony Bender,MIA,RIGHT,RP,50.0,0,51,43,13,12,3,21,42,3,5,4,0,0,2.160,1.280,11,1,0.22,-1.384,-1.97,-0.142,0.632,0.424,-2.439,2.9299999999999997,6.969857981402521,
189,Jimmy Herget,COL,RIGHT,RP,83.33333333333334,0,59,94,24,23,6,26,81,1,2,0,0,0,2.484,1.440,6,3,0.072,-1.909,-1.113,-0.506,0.843,0.238,-2.448,2.921,6.948448861323128,
190,Nick Mears,MIL,RIGHT,RP,56.66666666666664,0,63,57,25,22,7,13,46,5,3,1,0,0,3.494,1.235,2,2,0.035,-0.859,-1.882,-0.415,0.127,0.57,-2.459,2.9099999999999997,6.922282159003869,
191,Griffin Canning,NYN,RIGHT,SP,76.33333333333333,16,16,89,35,32,8,35,70,7,3,0,0,0,3.773,1.625,3,1,0.039,-0.334,-1.355,-0.506,0.005,-0.278,-2.469,2.9,6.8984942478045435,
192,Davis Martin,CHA,LEFT,SP,142.66666666666666,25,26,188,74,65,20,48,104,7,10,0,0,0,4.101,1.654,14,5,0.098,-0.334,-0.608,-0.506,-0.355,-0.669,-2.473,2.896,6.888979083324813,
193,Wandy Peralta,SDN,LEFT,RP,71.6666666666667,1,71,86,29,25,5,30,63,6,1,0,0,0,3.139,1.619,6,1,0.084,-0.597,-1.508,-0.506,0.358,-0.246,-2.499,2.8699999999999997,6.827130514206565,
194,Tanner Scott,LAN,RIGHT,RP,57.0,0,61,74,33,30,11,18,60,1,4,23,0,0,4.737,1.614,1,1,0.018,-1.909,-1.574,1.59,-0.425,-0.187,-2.504,2.8649999999999998,6.815236558606902,
195,Ryan Helsley,NYN| SLN,RIGHT,RP,56.0,0,58,81,32,28,8,25,63,3,4,21,0,0,4.500,1.893,6,2,0.107,-1.384,-1.508,1.408,-0.314,-0.733,-2.532,2.8369999999999997,6.748630407248789,
196,Drew Pomeranz,CHN,RIGHT,SP| RP,49.66666666666666,4,57,45,14,12,5,15,57,2,2,1,0,0,2.175,1.208,5,1,0.101,-1.646,-1.64,-0.415,0.622,0.547,-2.532,2.8369999999999997,6.748630407248789,
197,Landen Roupp,SFN,RIGHT,SP,106.66666666666667,22,22,147,55,45,11,45,102,7,7,0,0,0,3.797,1.800,6,2,0.056,-0.334,-0.652,-0.506,-0.013,-1.048,-2.554,2.815,6.696297002610272,
198,Tyler Phillips,MIA,RIGHT,RP,77.66666666666667,1,54,84,26,24,8,24,52,2,1,4,0,0,2.781,1.391,1,0,0.013,-1.646,-1.75,-0.142,0.606,0.357,-2.576,2.7929999999999997,6.643963597971755,
199,Brandon Pfaadt,ARI,RIGHT,SP,176.66666666666666,33,33,278,107,103,26,37,147,13,9,0,0,0,5.247,1.783,13,2,0.074,1.24,0.337,-0.506,-2.02,-1.63,-2.58,2.7889999999999997,6.634448433492024,
200,Victor Vodnik,COL,RIGHT,RP,50.666666666666664,0,52,61,19,17,4,26,49,4,3,10,0,0,3.020,1.717,0,2,0.0,-1.121,-1.816,0.405,0.301,-0.35,-2.581,2.788,6.632069642372092,
201,Anthony Banda,LAN,LEFT,RP,64.99999999999999,1,71,64,23,23,8,34,61,5,1,0,0,0,3.185,1.508,9,2,0.138,-0.859,-1.552,-0.506,0.302,0.03,-2.585,2.784,6.622554477892361,
202,Huascar Brazoban,NYN,RIGHT,SP| RP,63.0,3,52,65,29,25,6,27,57,5,2,2,0,0,3.571,1.460,3,2,0.048,-0.859,-1.64,-0.324,0.103,0.135,-2.586,2.783,6.620175686772429,
203,Reese Olson,DET,RIGHT,SP,68.66666666666667,13,13,75,24,24,5,25,65,4,4,0,0,0,3.146,1.456,4,2,0.058,-1.121,-1.464,-0.506,0.34,0.156,-2.596,2.7729999999999997,6.596387775573103,
204,Tylor Megill,NYN,RIGHT,SP,68.33333333333333,14,14,77,37,30,6,33,89,5,5,0,0,0,3.951,1.610,3,1,0.044,-0.859,-0.937,-0.506,-0.091,-0.214,-2.607,2.7619999999999996,6.570221073253844,
205,Tomoyuki Sugano,BAL,RIGHT,SP,157.00000000000003,30,30,230,85,81,33,36,106,10,10,0,0,0,4.643,1.694,8,4,0.051,0.453,-0.564,-0.506,-1.056,-0.958,-2.631,2.738,6.513130086375463,
206,Jacob Misiorowski,MIL,RIGHT,SP,66.0,14,15,69,34,32,8,31,87,5,3,0,0,0,4.364,1.515,1,1,0.015,-0.859,-0.981,-0.506,-0.3,0.014,-2.633,2.7359999999999998,6.508372504135597,
207,Jacob Latz,TEX,RIGHT,SP| RP,85.66666666666669,8,33,93,28,27,7,37,76,2,0,1,0,0,2.837,1.518,9,3,0.105,-1.646,-1.223,-0.415,0.631,0.011,-2.643,2.726,6.484584592936271,
208,Graham Ashcraft,CIN,LEFT,RP,65.33333333333333,0,62,88,37,29,2,25,64,8,5,0,0,0,3.995,1.730,4,1,0.061,-0.072,-1.486,-0.506,-0.109,-0.48,-2.654,2.715,6.458417890617012,
209,Patrick Corbin,TEX,LEFT,SP,155.33333333333331,30,31,215,79,76,21,51,131,7,11,0,0,0,4.403,1.712,26,4,0.167,-0.334,-0.015,-0.506,-0.754,-1.047,-2.657,2.7119999999999997,6.451281517257214,
210,Caleb Ferguson,PIT| SEA,RIGHT,RP,65.33333333333331,0,70,67,27,26,2,22,51,5,4,0,0,0,3.582,1.362,10,1,0.153,-0.859,-1.772,-0.506,0.102,0.365,-2.671,2.698,6.417978441578158,
211,Randy Vasquez,SDN,RIGHT,SP,133.66666666666666,26,28,161,59,57,16,52,78,6,7,0,0,0,3.838,1.593,10,3,0.075,-0.597,-1.179,-0.506,-0.059,-0.341,-2.683,2.686,6.389432948138967,
212,Hunter Gaddis,CLE,RIGHT,RP,66.66666666666666,0,73,77,24,23,8,21,73,2,2,3,0,0,3.105,1.470,6,1,0.09,-1.646,-1.289,-0.233,0.351,0.12,-2.697,2.6719999999999997,6.35612987245991,
213,Justin Wrobleski,LAN,LEFT,RP,66.66666666666666,2,24,85,34,32,6,17,76,5,5,2,0,0,4.320,1.530,6,1,0.09,-0.859,-1.223,-0.324,-0.28,-0.021,-2.707,2.662,6.3323419612605845,
214,Matt Festa,CLE,RIGHT,RP,54.66666666666666,0,63,55,29,25,4,15,56,5,4,0,0,0,4.116,1.280,8,3,0.146,-0.859,-1.662,-0.506,-0.143,0.463,-2.707,2.662,6.3323419612605845,
215,Spencer Strider,ATL,RIGHT,SP,125.33333333333333,23,23,174,63,62,20,51,131,7,14,0,0,0,4.452,1.795,15,6,0.12,-0.334,-0.015,-0.506,-0.656,-1.21,-2.722,2.647,6.296660094461595,
216,Corbin Burnes,ARI,RIGHT,SP,64.33333333333333,11,11,69,23,19,7,26,63,3,2,0,0,0,2.658,1.477,2,1,0.031,-1.384,-1.508,-0.506,0.563,0.1,-2.735,2.634,6.265735809902472,
217,Scott Barlow,CIN,RIGHT,RP,68.3333333333333,1,75,67,35,32,8,45,75,6,3,1,0,0,4.215,1.639,13,1,0.19,-0.597,-1.245,-0.415,-0.231,-0.284,-2.772,2.597,6.177720538464966,
218,Justin Verlander,SFN,RIGHT,SP,152.0,29,29,213,74,65,16,52,137,4,11,0,0,0,3.849,1.743,13,7,0.086,-1.121,0.117,-0.506,-0.08,-1.191,-2.782,2.5869999999999997,6.153932627265639,
219,Fernando Cruz,NYA,SWITCH,RP,48.00000000000001,0,49,45,21,19,5,24,72,3,4,2,0,0,3.562,1.438,2,0,0.042,-1.384,-1.311,-0.324,0.082,0.141,-2.796,2.573,6.120629551586583,
220,Ian Seymour,TBA,LEFT,SP| RP,57.0,5,19,61,33,23,5,19,64,4,3,0,0,0,3.632,1.403,3,0,0.053,-1.121,-1.486,-0.506,0.066,0.236,-2.812,2.557,6.082568893667661,
221,Jalen Beeks,ARI,LEFT,RP,57.333333333333336,2,61,59,26,24,6,20,47,5,3,1,0,0,3.767,1.378,5,1,0.087,-0.859,-1.86,-0.415,0.006,0.289,-2.839,2.53,6.0183415334294805,
222,Jakob Junis,CLE,RIGHT,RP,66.66666666666666,0,57,82,24,22,5,18,55,4,1,0,0,0,2.970,1.500,5,3,0.075,-1.121,-1.684,-0.506,0.422,0.049,-2.841,2.5279999999999996,6.013583951189615,
223,Daniel Lynch,KCA,LEFT,RP,67.66666666666667,2,57,86,24,23,8,26,45,6,2,1,0,0,3.059,1.655,0,3,0.0,-0.597,-1.904,-0.415,0.381,-0.32,-2.855,2.514,5.980280875510559,
224,Michael McGreevy,SLN,LEFT,SP,95.66666666666667,16,17,131,50,47,12,20,58,8,4,0,0,0,4.422,1.578,0,2,0.0,-0.072,-1.618,-0.506,-0.478,-0.193,-2.868,2.501,5.949356590951435,
225,Brad Lord,WAS,RIGHT,SP| RP,130.66666666666666,19,48,168,65,63,17,43,108,5,10,0,0,0,4.339,1.615,3,5,0.023,-0.859,-0.52,-0.506,-0.569,-0.432,-2.886,2.4829999999999997,5.9065383507926486,
226,Cade Gibson,MIA,LEFT,RP,54.66666666666666,1,44,57,18,16,3,21,43,4,5,0,0,0,2.634,1.427,2,1,0.037,-1.121,-1.948,-0.506,0.489,0.181,-2.905,2.464,5.8613413195139294,
227,Ben Casparius,LAN,RIGHT,SP| RP,77.66666666666664,3,46,109,41,40,8,21,71,7,5,2,0,0,4.635,1.674,8,3,0.103,-0.334,-1.333,-0.324,-0.517,-0.418,-2.926,2.4429999999999996,5.811386705995344,
228,Michael Soroka,CHN| WAS,RIGHT,SP| RP,89.66666666666669,17,22,100,49,45,12,29,95,3,8,0,0,0,4.517,1.439,8,4,0.089,-1.384,-0.805,-0.506,-0.514,0.26,-2.95,2.4189999999999996,5.7542957191169615,
229,Tim Hill,NYA,RIGHT,RP,67.0,0,70,75,27,23,8,16,37,4,4,0,0,0,3.090,1.358,0,0,0.0,-1.121,-2.079,-0.506,0.361,0.384,-2.962,2.4069999999999996,5.72575022567777,
230,Mason Fluharty,TOR,RIGHT,RP,52.66666666666665,0,55,50,28,26,6,24,56,5,2,1,0,0,4.443,1.405,0,2,0.0,-0.859,-1.662,-0.415,-0.272,0.215,-2.993,2.376,5.65200770095986,
231,Mike Burrows,PIT,RIGHT,SP| RP,95.99999999999999,19,23,114,43,42,13,31,97,2,4,0,0,0,3.938,1.510,8,2,0.083,-1.646,-0.762,-0.506,-0.117,0.036,-2.996,2.3729999999999998,5.644871327600062,
232,Pierce Johnson,ATL,RIGHT,RP,58.99999999999999,0,65,69,21,20,8,19,59,3,3,1,0,0,3.051,1.492,8,2,0.136,-1.384,-1.596,-0.415,0.336,0.061,-2.998,2.3709999999999996,5.640113745360196,
233,Michael Lorenzen,KCA,RIGHT,SP,141.66666666666663,26,27,208,76,73,25,39,127,7,11,0,0,0,4.638,1.744,8,2,0.056,-0.334,-0.103,-0.506,-0.946,-1.11,-3.0,2.3689999999999998,5.635356163120332,
234,Isaac Mattson,PIT,RIGHT,RP,47.666666666666664,0,44,46,14,13,4,19,45,3,3,0,0,0,2.454,1.364,0,0,0.0,-1.384,-1.904,-0.506,0.493,0.264,-3.037,2.332,5.5473408916828255,
235,Connor Phillips,CIN,RIGHT,RP,24.999999999999996,0,21,17,9,8,3,12,32,5,0,0,0,0,2.880,1.160,2,1,0.08,-0.859,-2.189,-0.506,0.176,0.318,-3.061,2.308,5.490249904804443,
236,Brennan Bernardino,BOS,LEFT,SP| RP,51.666666666666664,3,55,48,23,18,1,26,43,4,3,1,0,0,3.135,1.432,4,1,0.077,-1.121,-1.948,-0.415,0.26,0.161,-3.063,2.3059999999999996,5.4854923225645775,
237,Cole Ragans,KCA,LEFT,SP,61.66666666666667,13,13,74,33,32,7,20,98,3,3,0,0,0,4.670,1.524,3,1,0.049,-1.384,-0.74,-0.506,-0.428,-0.007,-3.065,2.304,5.480734740324713,
238,AJ Blubaugh,HOU,RIGHT,SP| RP,32.0,3,11,26,11,6,6,11,35,3,1,0,0,0,1.688,1.156,2,0,0.062,-1.384,-2.123,-0.506,0.522,0.411,-3.08,2.2889999999999997,5.445052873525723,
239,Matt Brash,SEA,RIGHT,RP,47.33333333333333,0,53,51,15,13,4,18,58,1,3,4,0,0,2.472,1.458,4,0,0.085,-1.909,-1.618,-0.142,0.483,0.105,-3.08,2.2889999999999997,5.445052873525723,
240,Kyle Hendricks,ANA,RIGHT,SP,164.66666666666669,31,31,232,92,87,25,43,114,8,10,0,0,0,4.755,1.670,24,2,0.146,-0.072,-0.388,-0.506,-1.251,-0.864,-3.082,2.287,5.440295291285859,
241,Grant Anderson,MIL,RIGHT,RP,69.66666666666666,0,66,76,35,25,8,29,74,2,6,0,0,0,3.230,1.507,6,2,0.086,-1.646,-1.267,-0.506,0.299,0.034,-3.086,2.283,5.430780126806129,
242,Danny Coulombe,MIN| TEX,LEFT,RP,42.99999999999999,1,55,39,11,11,3,18,43,2,1,2,0,0,2.302,1.326,7,2,0.163,-1.646,-1.948,-0.324,0.496,0.296,-3.126,2.243,5.335628482008825,
243,Shohei Ohtani,LAN,LEFT,SP,46.99999999999999,14,14,49,15,15,3,9,62,1,1,0,0,0,2.872,1.234,1,0,0.021,-1.909,-1.53,-0.506,0.333,0.475,-3.137,2.2319999999999998,5.309461779689565,
244,Cole Sands,MIN,RIGHT,SP| RP,72.0,3,69,88,41,36,7,19,64,4,6,3,0,0,4.500,1.486,7,1,0.097,-1.121,-1.486,-0.233,-0.404,0.088,-3.156,2.2129999999999996,5.264264748410846,
245,Hogan Harris,ATH,RIGHT,RP,64.66666666666666,0,48,71,26,23,5,33,65,2,1,4,0,0,3.201,1.608,8,1,0.124,-1.646,-1.464,-0.142,0.292,-0.199,-3.159,2.21,5.257128375051049,
246,Chris Flexen,CHN,RIGHT,RP,43.66666666666667,1,21,47,18,15,7,12,22,5,1,1,0,0,3.092,1.351,0,2,0.0,-0.859,-2.409,-0.415,0.235,0.261,-3.187,2.182,5.190522223692936,
247,Troy Melton,DET,RIGHT,SP| RP,45.666666666666664,4,16,42,15,14,7,15,36,3,2,0,0,0,2.759,1.248,4,4,0.088,-1.384,-2.101,-0.506,0.364,0.439,-3.189,2.1799999999999997,5.18576464145307,
248,Jose Alvarado,PHI,LEFT,RP,26.0,0,28,33,12,11,4,7,32,4,2,7,0,0,3.808,1.538,1,1,0.038,-1.121,-2.189,0.132,-0.005,-0.016,-3.201,2.1679999999999997,5.157219148013879,
249,Taj Bradley,MIN| TBA,RIGHT,SP,142.66666666666666,27,27,178,88,80,19,56,127,6,8,0,0,0,5.047,1.640,7,2,0.049,-0.597,-0.103,-0.506,-1.408,-0.599,-3.213,2.1559999999999997,5.128673654574688,
250,Bailey Falter,KCA| PIT,RIGHT,SP,125.33333333333333,24,26,162,68,62,19,46,81,7,7,0,0,0,4.452,1.660,12,4,0.096,-0.334,-1.113,-0.506,-0.656,-0.612,-3.221,2.1479999999999997,5.1096433256152265,
251,Luis Morales,ATH,RIGHT,SP,48.666666666666664,9,10,53,18,17,8,18,43,4,3,0,0,0,3.144,1.459,4,0,0.082,-1.121,-1.948,-0.506,0.242,0.106,-3.227,2.142,5.095370578895632,
252,Enyel De Los Santos,ATL| HOU,RIGHT,RP,65.99999999999999,0,65,85,35,32,7,24,62,6,3,0,0,0,4.364,1.651,5,1,0.076,-0.597,-1.53,-0.506,-0.3,-0.303,-3.237,2.1319999999999997,5.071582667696305,
253,Taylor Clarke,KCA,RIGHT,RP,55.33333333333334,0,51,53,20,20,8,9,44,1,1,1,0,0,3.253,1.121,3,1,0.054,-1.909,-1.926,-0.415,0.228,0.781,-3.241,2.1279999999999997,5.062067503216575,
254,Luis Ortiz,CLE,RIGHT,SP,88.66666666666667,16,16,105,44,43,12,42,96,4,9,0,0,0,4.365,1.658,11,1,0.124,-1.121,-0.783,-0.506,-0.404,-0.427,-3.242,2.127,5.0596887120966425,
255,Ryan Zeferjahn,ANA,RIGHT,RP,57.00000000000001,1,62,69,31,30,12,35,73,6,5,2,0,0,4.737,1.825,7,0,0.123,-0.597,-1.289,-0.324,-0.425,-0.609,-3.244,2.1249999999999996,5.054931129856777,
256,Logan Henderson,MIL,RIGHT,SP,25.333333333333332,5,5,21,5,5,3,8,33,3,0,0,0,0,1.776,1.145,1,0,0.039,-1.384,-2.167,-0.506,0.396,0.336,-3.326,2.0429999999999997,4.859870258022304,
257,Reed Garrett,NYN,RIGHT,RP,55.33333333333333,1,58,64,27,24,5,26,64,3,6,3,0,0,3.904,1.627,3,0,0.054,-1.384,-1.486,-0.233,-0.053,-0.206,-3.362,2.0069999999999997,4.77423377770473,
258,JP Sears,ATH| SDN,RIGHT,SP,135.66666666666666,27,27,210,79,76,30,36,117,9,11,0,0,0,5.042,1.813,4,4,0.029,0.19,-0.322,-0.506,-1.334,-1.397,-3.368,2.001,4.759961030985135,
259,Justin Wilson,BOS,LEFT,RP,48.33333333333335,0,61,61,22,18,3,20,57,4,1,0,0,0,3.352,1.676,6,3,0.124,-1.121,-1.64,-0.506,0.162,-0.264,-3.37,1.9989999999999997,4.755203448745269,
260,Shane Bieber,TOR,RIGHT,SP,40.333333333333336,7,7,47,16,16,8,7,37,4,2,0,0,0,3.570,1.339,0,0,0.0,-1.121,-2.079,-0.506,0.066,0.259,-3.382,1.9869999999999997,4.726657955306078,
261,John Schreiber,KCA,RIGHT,RP,64.00000000000001,0,74,80,29,27,10,19,62,3,3,1,0,0,3.797,1.547,0,0,0.0,-1.384,-1.53,-0.415,-0.008,-0.058,-3.396,1.9729999999999999,4.693354879627022,
262,Tommy Nance,TOR,RIGHT,RP,31.666666666666668,0,30,27,11,7,0,7,32,2,0,0,0,0,1.990,1.074,6,0,0.189,-1.646,-2.189,-0.506,0.442,0.499,-3.401,1.968,4.681460924027359,
263,Walker Buehler,BOS| PHI,RIGHT,SP,126.0,24,26,169,73,69,22,61,92,10,7,0,0,0,4.929,1.825,19,2,0.151,0.453,-0.871,-0.506,-1.127,-1.351,-3.403,1.9659999999999997,4.676703341787493,
264,Andrew Saalfrank,ARI,LEFT,RP,28.999999999999996,0,28,24,5,4,1,10,19,2,1,3,0,0,1.241,1.172,5,0,0.172,-1.646,-2.475,-0.233,0.574,0.356,-3.424,1.9449999999999998,4.626748728268909,
265,Spencer Bivens,SFN,RIGHT,RP,81.00000000000003,0,54,109,42,36,6,25,61,4,3,3,0,0,4.000,1.654,4,3,0.049,-1.121,-1.552,-0.233,-0.138,-0.38,-3.425,1.944,4.624369937148977,
266,Ryan Bergert,KCA| SDN,RIGHT,SP| RP,76.33333333333333,15,19,83,32,31,8,35,73,2,2,0,0,0,3.655,1.546,2,0,0.026,-1.646,-1.289,-0.506,0.075,-0.067,-3.433,1.936,4.605339608189516,
267,Carlos Vargas,SEA,RIGHT,RP,76.99999999999999,0,70,104,39,34,10,23,54,5,5,1,0,0,3.974,1.649,6,2,0.078,-0.859,-1.706,-0.415,-0.116,-0.348,-3.444,1.9249999999999998,4.579172905870257,
268,Jose Butto,NYN| SFN,RIGHT,RP,67.00000000000001,0,55,84,31,29,4,32,58,5,3,1,0,0,3.896,1.731,5,2,0.075,-0.859,-1.618,-0.415,-0.06,-0.496,-3.449,1.92,4.567278950270595,
269,Bubba Chandler,PIT,SWITCH,SP| RP,31.333333333333332,4,7,34,14,14,2,4,31,4,1,1,0,0,4.021,1.213,3,0,0.096,-1.121,-2.211,-0.415,-0.059,0.34,-3.467,1.9019999999999997,4.524460710111807,
270,Kolby Allard,CLE,LEFT,RP,65.0,2,33,83,22,19,5,14,42,2,2,0,0,0,2.631,1.492,5,2,0.077,-1.646,-1.97,-0.506,0.583,0.066,-3.474,1.8949999999999996,4.507809172272278,
271,Brooks Raley,NYN,LEFT,RP,25.666666666666668,0,30,19,7,7,0,6,25,3,1,0,0,0,2.454,0.974,0,0,0.0,-1.384,-2.343,-0.506,0.265,0.494,-3.474,1.8949999999999996,4.507809172272278,
272,Dustin May,BOS| LAN,RIGHT,SP,132.33333333333334,23,25,180,78,73,21,56,123,7,11,0,0,0,4.965,1.783,18,6,0.136,-0.334,-0.19,-0.506,-1.221,-1.223,-3.475,1.8939999999999997,4.505430381152346,
273,Tyler Gilbert,CHA,LEFT,SP| RP,51.00000000000001,5,46,56,24,22,5,24,49,4,2,1,0,0,3.882,1.569,8,2,0.157,-1.121,-1.816,-0.415,-0.04,-0.086,-3.479,1.8899999999999997,4.495915216672616,
274,Luke Jackson,DET| SEA| TEX,RIGHT,RP,50.99999999999999,0,52,49,30,23,4,28,38,2,5,9,0,0,4.059,1.510,6,0,0.118,-1.646,-2.058,0.314,-0.11,0.02,-3.48,1.8889999999999998,4.4935364255526835,
275,Chris Martin,TEX,RIGHT,RP,42.333333333333336,0,49,52,18,14,6,8,43,2,6,2,0,0,2.976,1.417,9,1,0.213,-1.646,-1.948,-0.324,0.266,0.155,-3.498,1.8709999999999996,4.450718185393896,
276,Griffin Jax,MIN| TBA,RIGHT,RP,65.99999999999999,2,73,84,33,31,7,21,99,1,7,0,0,0,4.227,1.591,6,0,0.091,-1.909,-0.718,-0.506,-0.23,-0.163,-3.525,1.8439999999999999,4.386490825155716,
277,Brandon Walter,HOU,LEFT,SP,53.66666666666667,9,9,65,20,20,10,4,52,1,3,0,0,0,3.354,1.286,3,1,0.056,-1.909,-1.75,-0.506,0.179,0.445,-3.542,1.827,4.346051376116862,
278,Taijuan Walker,PHI,SWITCH,SP| RP,123.66666666666667,21,34,174,62,56,21,42,86,5,8,1,0,0,4.075,1.747,13,3,0.105,-0.859,-1.003,-0.415,-0.284,-0.983,-3.544,1.8249999999999997,4.341293793876996,
279,Tyler Ferguson,ATH,RIGHT,RP,58.00000000000001,0,56,55,32,30,4,34,54,4,2,2,0,0,4.655,1.534,6,1,0.103,-1.121,-1.706,-0.324,-0.395,-0.028,-3.575,1.7939999999999996,4.267551269159085,
280,Chase Shugart,PIT,LEFT,RP,45.0,0,35,48,18,17,6,17,31,4,3,0,0,0,3.400,1.444,2,0,0.044,-1.121,-2.211,-0.506,0.134,0.121,-3.584,1.7849999999999997,4.2461421490796925,
281,Kyle Bradish,BAL,RIGHT,SP,32.0,6,6,28,9,9,3,10,47,1,1,0,0,0,2.531,1.188,0,1,0.0,-1.909,-1.86,-0.506,0.312,0.376,-3.587,1.7819999999999996,4.239005775719894,
282,Brock Stewart,LAN| MIN,LEFT,RP,37.66666666666666,0,43,40,11,11,3,13,44,2,2,0,0,0,2.628,1.407,8,1,0.212,-1.646,-1.926,-0.506,0.339,0.151,-3.589,1.7799999999999998,4.23424819348003,
283,Sean Burke,CHA,RIGHT,SP| RP,134.33333333333334,22,28,185,76,63,23,63,133,4,11,0,0,0,4.221,1.846,16,5,0.119,-1.121,0.029,-0.506,-0.461,-1.538,-3.598,1.771,4.2128390734006365,
284,Mark Leiter,NYA,RIGHT,RP,48.33333333333333,0,59,73,31,26,5,17,54,6,7,2,0,0,4.841,1.862,7,1,0.145,-0.597,-1.706,-0.324,-0.4,-0.581,-3.607,1.7619999999999996,4.191429953321243,
285,Michael Kelly,ATH,RIGHT,RP,39.666666666666664,0,42,44,17,14,5,19,29,4,4,2,0,0,3.176,1.588,3,1,0.076,-1.121,-2.255,-0.324,0.187,-0.094,-3.608,1.7609999999999997,4.18905116220131,
286,Erik Miller,SFN,LEFT,RP,30.00000000000001,0,36,29,5,5,0,20,22,4,1,0,0,0,1.500,1.633,1,1,0.033,-1.121,-2.409,-0.506,0.534,-0.119,-3.622,1.7469999999999999,4.155748086522254,
287,Cole Winn,TEX,RIGHT,RP,41.666666666666664,0,33,34,8,7,3,17,35,0,1,0,0,0,1.512,1.224,1,1,0.024,-2.171,-2.123,-0.506,0.737,0.436,-3.628,1.7409999999999997,4.141475339802658,
288,Hoby Milner,TEX,LEFT,RP,70.33333333333333,0,73,89,35,30,5,21,58,3,4,0,0,0,3.839,1.564,0,1,0.0,-1.384,-1.618,-0.506,-0.032,-0.106,-3.647,1.722,4.09627830852394,
289,Steven Wilson,CHA,RIGHT,RP,55.33333333333333,0,59,64,21,21,7,22,51,2,2,2,0,0,3.416,1.554,8,0,0.145,-1.646,-1.772,-0.324,0.158,-0.065,-3.649,1.7199999999999998,4.091520726284074,
290,Grant Taylor,CHA,RIGHT,RP,36.66666666666667,2,36,42,20,20,0,15,54,2,4,6,0,0,4.909,1.554,6,0,0.164,-1.646,-1.706,0.041,-0.323,-0.043,-3.678,1.6909999999999998,4.0225357838060285,
291,Jack Perkins,ATH,RIGHT,SP| RP,38.66666666666667,4,12,37,18,18,4,18,37,3,2,3,0,0,4.190,1.422,2,0,0.052,-1.384,-2.079,-0.233,-0.123,0.134,-3.685,1.6839999999999997,4.0058842459665,
292,Nic Enright,CLE,RIGHT,RP,31.000000000000004,0,27,30,8,7,3,12,30,2,1,1,0,0,2.032,1.355,3,0,0.097,-1.646,-2.233,-0.415,0.423,0.181,-3.691,1.678,3.991611499246905,
293,David Morgan,SDN,RIGHT,RP,47.333333333333336,2,41,46,14,14,4,23,50,1,2,0,0,0,2.662,1.458,4,2,0.085,-1.909,-1.794,-0.506,0.413,0.105,-3.691,1.678,3.991611499246905,
294,Angel Zerpa,KCA,LEFT,RP,64.66666666666667,2,69,91,30,30,7,22,58,5,2,0,0,0,4.175,1.747,3,0,0.046,-0.859,-1.618,-0.506,-0.199,-0.516,-3.698,1.6709999999999998,3.9749599614073765,
295,Juan Mejia,COL,RIGHT,RP,61.33333333333333,0,55,73,34,27,6,25,68,2,2,1,0,0,3.962,1.598,2,1,0.033,-1.646,-1.399,-0.415,-0.087,-0.166,-3.713,1.6559999999999997,3.939278094608387,
296,Parker Messick,CLE,LEFT,SP,39.66666666666667,7,7,57,12,12,4,6,38,3,1,0,0,0,2.723,1.588,0,0,0.0,-1.384,-2.058,-0.506,0.327,-0.094,-3.714,1.6549999999999998,3.9368993034884547,
297,Logan Evans,SEA,RIGHT,SP,81.33333333333333,15,16,112,45,39,13,31,59,6,5,0,0,0,4.316,1.758,4,2,0.049,-0.597,-1.596,-0.506,-0.339,-0.679,-3.718,1.6509999999999998,3.927384139008724,
298,Keider Montero,DET,RIGHT,SP| RP,90.66666666666666,12,20,125,46,44,16,31,72,5,3,0,0,0,4.368,1.721,2,2,0.022,-0.859,-1.311,-0.506,-0.415,-0.637,-3.728,1.6409999999999996,3.903596227809398,
299,Chris Murphy,BOS,LEFT,RP,34.66666666666666,0,23,27,12,12,4,20,30,3,0,0,0,0,3.115,1.356,2,0,0.058,-1.384,-2.233,-0.506,0.18,0.202,-3.742,1.6269999999999998,3.870293152130342,
300,Aaron Bummer,ATL,LEFT,RP,54.333333333333336,2,42,68,27,23,3,17,51,3,2,0,0,0,3.810,1.564,11,1,0.202,-1.384,-1.772,-0.506,-0.012,-0.083,-3.758,1.6109999999999998,3.83223249421142,
301,Brenan Hanifee,DET,RIGHT,RP,60.00000000000001,0,54,84,31,20,3,14,40,3,3,0,0,0,3.000,1.633,5,1,0.083,-1.384,-2.014,-0.506,0.365,-0.237,-3.776,1.593,3.789414254052634,
302,Bryce Elder,ATL,RIGHT,SP,156.33333333333337,28,28,225,95,92,24,51,131,8,11,0,0,0,5.296,1.766,17,3,0.109,-0.072,-0.015,-0.506,-1.847,-1.346,-3.786,1.5829999999999997,3.765626342853307,
303,Ryan Yarbrough,NYA,RIGHT,SP| RP,64.0,8,19,79,31,31,13,19,55,3,1,1,0,0,4.359,1.531,7,3,0.109,-1.384,-1.684,-0.415,-0.289,-0.023,-3.795,1.5739999999999998,3.744217222773914,
304,Steven Cruz,KCA,RIGHT,RP,45.66666666666667,0,47,48,20,19,5,18,38,3,1,0,0,0,3.744,1.445,0,0,0.0,-1.384,-2.058,-0.506,0.013,0.122,-3.813,1.5559999999999996,3.701398982615127,
305,Ronel Blanco,HOU,RIGHT,SP,48.333333333333336,9,9,53,22,22,7,20,48,3,4,0,0,0,4.097,1.510,5,1,0.103,-1.384,-1.838,-0.506,-0.119,0.018,-3.829,1.5399999999999996,3.663338324696205,
306,Chase Lee,DET,RIGHT,RP,37.333333333333336,0,32,48,17,17,7,9,36,4,1,0,0,0,4.098,1.527,2,0,0.054,-1.121,-2.101,-0.506,-0.092,-0.008,-3.829,1.5399999999999996,3.663338324696205,
307,Kody Funderburk,MIN,LEFT,RP,40.99999999999999,0,39,55,17,16,2,18,40,4,1,1,0,0,3.512,1.780,3,0,0.073,-1.121,-2.014,-0.415,0.086,-0.375,-3.839,1.5299999999999998,3.6395504134968797,
308,Luis Gil,NYA,RIGHT,SP,56.99999999999999,11,11,66,23,21,5,33,41,4,1,0,0,0,3.316,1.737,2,1,0.035,-1.121,-1.992,-0.506,0.207,-0.433,-3.846,1.5229999999999997,3.622898875657351,
309,Yu Darvish,SDN,RIGHT,SP,72.0,15,15,96,44,43,14,19,68,5,5,0,0,0,5.375,1.597,10,3,0.139,-0.859,-1.399,-0.506,-0.895,-0.193,-3.852,1.517,3.608626128937756,
310,Tommy Kahnle,DET,RIGHT,RP,63.0,0,66,69,32,31,8,31,50,1,5,9,0,0,4.429,1.587,0,0,0.0,-1.909,-1.794,0.314,-0.318,-0.147,-3.854,1.5149999999999997,3.6038685466978904,
311,Yuki Matsui,SDN,LEFT,RP,63.333333333333336,0,61,75,29,28,10,33,61,3,1,1,0,0,3.979,1.705,5,1,0.079,-1.384,-1.552,-0.415,-0.098,-0.411,-3.86,1.509,3.5895957999782953,
312,Tyler Alexander,CHA| MIL,RIGHT,SP| RP,97.66666666666663,5,52,136,62,54,9,30,82,5,14,1,0,0,4.976,1.700,6,2,0.061,-0.859,-1.091,-0.415,-0.91,-0.615,-3.89,1.4789999999999996,3.5182320663803166,
313,John Curtiss,ARI,RIGHT,RP,36.66666666666666,0,30,42,18,16,5,5,24,3,2,1,0,0,3.927,1.282,0,0,0.0,-1.384,-2.365,-0.415,-0.042,0.309,-3.897,1.472,3.501580528540789,
314,Aaron Civale,CHA| CHN| MIL,RIGHT,SP| RP,102.0,18,23,138,59,55,16,33,88,4,9,1,0,0,4.853,1.677,1,2,0.01,-1.121,-0.959,-0.415,-0.853,-0.559,-3.907,1.4619999999999997,3.4777926173414624,
315,Hunter Dobbins,BOS,RIGHT,SP,61.0,11,13,82,30,28,6,17,45,4,1,0,0,0,4.131,1.623,1,1,0.016,-1.121,-1.904,-0.506,-0.167,-0.219,-3.917,1.452,3.454004706142137,
316,Dietrich Enns,BAL| DET,LEFT,SP| RP,46.333333333333336,3,24,64,25,21,6,15,49,3,3,2,0,0,4.079,1.705,5,2,0.108,-1.384,-1.816,-0.324,-0.108,-0.3,-3.932,1.4369999999999998,3.4183228393431477,
317,Javier Assad,CHN,RIGHT,SP,37.0,7,8,43,15,15,3,12,23,4,1,0,0,0,3.649,1.486,4,0,0.108,-1.121,-2.387,-0.506,0.038,0.045,-3.932,1.4369999999999998,3.4183228393431477,
318,Max Kranick,NYN,RIGHT,RP,36.99999999999999,0,24,44,15,15,5,5,25,3,2,0,0,0,3.649,1.324,1,1,0.027,-1.384,-2.343,-0.506,0.038,0.256,-3.939,1.4299999999999997,3.4016713015036193,
319,Taylor Rogers,CHN| CIN,LEFT,RP,50.666666666666664,0,57,68,25,19,7,23,53,3,2,0,0,0,3.375,1.796,5,1,0.099,-1.384,-1.728,-0.506,0.16,-0.491,-3.949,1.42,3.3778833903042935,
320,Eduardo Rodriguez,ARI,LEFT,SP,154.33333333333331,29,29,243,94,86,25,60,143,9,9,0,0,0,5.015,1.963,8,2,0.052,0.19,0.249,-0.506,-1.485,-2.404,-3.956,1.4129999999999998,3.361231852464765,
321,Joel Peguero,SFN,RIGHT,RP,22.333333333333332,0,17,20,7,6,2,8,17,3,1,0,0,0,2.418,1.254,2,0,0.09,-1.384,-2.519,-0.506,0.237,0.21,-3.962,1.4069999999999996,3.346959105745169,
322,Johan Oviedo,PIT,RIGHT,SP,40.333333333333336,9,9,36,17,16,6,23,42,2,1,0,0,0,3.570,1.463,4,2,0.099,-1.646,-1.97,-0.506,0.066,0.083,-3.973,1.396,3.3207924034259113,
323,Daysbel Hernandez,ATL,RIGHT,RP,37.0,0,39,35,16,14,3,30,33,4,3,0,0,0,3.405,1.757,4,1,0.108,-1.121,-2.167,-0.506,0.108,-0.307,-3.994,1.3749999999999996,3.2708377899073255,
324,Martin Perez,CHA,LEFT,SP,55.99999999999999,10,11,57,23,22,6,22,44,1,6,0,0,0,3.536,1.411,4,1,0.071,-1.909,-1.926,-0.506,0.107,0.218,-4.016,1.3529999999999998,3.218504385268809,
325,Manuel Rodriguez,TBA,RIGHT,RP,30.333333333333332,0,31,31,9,7,2,6,25,1,2,0,0,0,2.077,1.220,6,0,0.198,-1.909,-2.343,-0.506,0.403,0.322,-4.033,1.3359999999999994,3.178064936229954,
326,Justin Slaten,BOS,RIGHT,RP,33.99999999999999,0,36,33,19,16,3,10,25,2,4,3,0,0,4.235,1.265,2,0,0.059,-1.646,-2.343,-0.233,-0.12,0.307,-4.036,1.3330000000000002,3.170928562870158,
327,Jorge Lopez,WAS,RIGHT,RP,24.666666666666668,0,26,30,18,18,1,7,17,6,0,1,0,0,6.568,1.500,4,0,0.162,-0.597,-2.519,-0.415,-0.536,0.018,-4.049,1.3199999999999994,3.1400042783110322,
328,Ryan Thompson,ARI,RIGHT,RP,41.33333333333333,0,48,53,21,18,4,13,36,3,2,1,0,0,3.919,1.597,10,2,0.242,-1.384,-2.101,-0.415,-0.045,-0.11,-4.056,1.3129999999999997,3.1233527404715047,
329,Erik Sabrowski,CLE,RIGHT,RP,29.33333333333333,0,33,20,8,6,2,21,42,0,1,0,0,0,1.841,1.398,5,2,0.17,-2.171,-1.97,-0.506,0.444,0.127,-4.076,1.2930000000000001,3.075776918072854,
330,Bailey Ober,MIN,RIGHT,SP,146.33333333333334,27,27,226,84,83,30,31,120,6,9,0,0,0,5.105,1.756,4,4,0.027,-0.597,-0.256,-0.506,-1.51,-1.213,-4.082,1.287,3.0615041713532576,
331,Miles Mikolas,SLN,RIGHT,SP,156.33333333333337,31,31,244,87,84,29,37,100,8,11,0,0,0,4.836,1.797,12,4,0.077,-0.072,-0.696,-0.506,-1.286,-1.522,-4.082,1.287,3.0615041713532576,
332,Cole Sulser,TBA,RIGHT,RP,22.666666666666668,0,18,23,5,5,1,7,22,2,1,0,0,0,1.985,1.323,3,0,0.132,-1.646,-2.409,-0.506,0.317,0.158,-4.087,1.282,3.049610215753595,
333,Eric Orze,TBA,RIGHT,RP,41.666666666666664,0,33,50,16,14,4,19,40,1,1,3,0,0,3.024,1.656,7,2,0.168,-1.909,-2.014,-0.233,0.246,-0.198,-4.107,1.2619999999999996,3.0020343933549416,
334,Gregory Soto,BAL| NYN,LEFT,RP,60.333333333333336,0,70,75,33,28,4,24,70,1,5,1,0,0,4.177,1.641,12,0,0.199,-1.909,-1.355,-0.415,-0.186,-0.255,-4.119,1.25,2.9734888999157514,
335,Max Scherzer,TOR,RIGHT,SP,85.0,17,17,127,49,49,19,23,82,5,5,0,0,0,5.188,1.765,7,3,0.082,-0.859,-1.091,-0.506,-0.933,-0.73,-4.119,1.25,2.9734888999157514,
336,J. T. Ginn,ATH,RIGHT,SP| RP,90.33333333333333,16,23,131,52,51,17,31,99,4,7,0,0,0,5.081,1.793,10,0,0.111,-1.121,-0.718,-0.506,-0.916,-0.867,-4.128,1.2409999999999997,2.952079779836357,
337,Justin Lawrence,PIT,RIGHT,RP,17.666666666666668,0,17,13,1,1,0,8,23,1,0,0,0,0,0.509,1.189,1,2,0.057,-1.909,-2.387,-0.506,0.451,0.207,-4.145,1.2240000000000002,2.9116403307975043,
338,Andrew Chafin,ANA| WAS,RIGHT,RP,33.66666666666667,0,42,32,11,9,2,19,36,1,1,0,0,0,2.406,1.515,3,4,0.089,-1.909,-2.101,-0.506,0.361,0.007,-4.148,1.221,2.9045039574377065,
339,Tim Herrin,CLE,LEFT,RP,42.66666666666666,0,54,50,23,23,5,30,45,5,4,0,0,0,4.852,1.875,6,1,0.141,-0.859,-1.904,-0.506,-0.356,-0.532,-4.157,1.2119999999999997,2.8830948373583123,
340,Lou Trivino,LAN| PHI| SFN,RIGHT,RP,47.66666666666668,2,47,58,23,21,6,18,37,3,2,0,0,0,3.965,1.594,3,0,0.063,-1.384,-2.079,-0.506,-0.068,-0.123,-4.161,1.2080000000000002,2.873579672878583,
341,Elvis Alvarado,ATH,RIGHT,RP,42.33333333333334,0,37,47,17,15,6,22,50,1,1,0,0,0,3.189,1.630,3,2,0.071,-1.909,-1.794,-0.506,0.195,-0.162,-4.176,1.1929999999999996,2.8378978060795923,
342,Ben Lively,CLE,RIGHT,SP,44.666666666666664,9,9,52,16,16,6,15,29,2,2,0,0,0,3.224,1.500,7,2,0.157,-1.646,-2.255,-0.506,0.194,0.033,-4.181,1.1879999999999997,2.8260038504799296,
343,AJ Smith-Shawver,ATL,RIGHT,SP,44.33333333333333,9,9,55,20,19,4,21,42,3,2,0,0,0,3.857,1.714,7,1,0.158,-1.384,-1.97,-0.506,-0.026,-0.302,-4.188,1.181,2.809352312640402,
344,Connelly Early,BOS,LEFT,SP,19.333333333333332,4,4,18,6,5,0,4,29,1,2,0,0,0,2.328,1.138,1,1,0.052,-1.909,-2.255,-0.506,0.219,0.261,-4.19,1.1789999999999994,2.8045947304005354,
345,Luis Garcia,ANA| LAN| WAS,RIGHT,RP,55.33333333333333,0,58,74,23,21,2,26,48,2,2,2,0,0,3.416,1.807,4,1,0.072,-1.646,-1.838,-0.324,0.158,-0.558,-4.208,1.1609999999999996,2.761776490241749,
346,Kirby Yates,LAN,LEFT,RP,41.33333333333333,0,50,64,26,24,9,17,52,4,3,3,0,0,5.226,1.960,8,1,0.194,-1.121,-1.75,-0.233,-0.466,-0.639,-4.209,1.1600000000000001,2.7593976991218176,
347,Ian Hamilton,NYA,RIGHT,RP,40.0,1,36,38,20,19,5,22,42,2,1,0,0,0,4.275,1.500,0,0,0.0,-1.646,-1.97,-0.506,-0.154,0.03,-4.247,1.1219999999999999,2.6690036365643786,
348,Jose Suarez,ATL,LEFT,RP,19.333333333333336,1,7,18,5,4,1,10,16,2,0,1,0,0,1.862,1.448,2,0,0.103,-1.646,-2.541,-0.415,0.289,0.05,-4.264,1.1049999999999995,2.6285641875255235,
349,Dylan Dodd,ATL,LEFT,RP,35.0,0,28,39,14,14,5,5,30,1,0,0,0,0,3.600,1.257,1,2,0.029,-1.909,-2.233,-0.506,0.049,0.325,-4.274,1.0949999999999998,2.6047762763261977,
350,Jason Alexander,ATH| HOU,RIGHT,SP| RP,77.33333333333334,13,18,111,45,41,15,26,65,4,2,1,0,0,4.772,1.772,6,2,0.078,-1.121,-1.464,-0.415,-0.597,-0.682,-4.281,1.088,2.5881247384866706,
351,Zebby Matthews,MIN,RIGHT,SP,79.33333333333333,16,16,121,50,49,12,24,88,5,6,0,0,0,5.559,1.828,5,0,0.063,-0.859,-0.959,-0.506,-1.1,-0.857,-4.282,1.0869999999999997,2.585745947366737,
352,Edgardo Henriquez,LAN,RIGHT,RP,19.0,0,22,22,5,5,2,5,18,2,1,1,0,0,2.368,1.421,1,1,0.053,-1.646,-2.497,-0.415,0.209,0.067,-4.282,1.0869999999999997,2.585745947366737,
353,Rob Zastryzny,MIL,RIGHT,RP,22.0,1,26,21,7,6,3,10,20,2,1,0,0,0,2.454,1.409,1,0,0.045,-1.646,-2.453,-0.506,0.228,0.087,-4.291,1.0779999999999994,2.5643368272873426,
354,Brandon Eisert,CHA,LEFT,SP| RP,69.66666666666666,3,72,109,36,34,12,25,74,3,8,2,0,0,4.392,1.923,9,0,0.129,-1.384,-1.267,-0.324,-0.332,-0.987,-4.294,1.0750000000000002,2.557200453927547,
355,Kade Strowd,BAL,RIGHT,RP,26.333333333333332,0,25,18,6,5,1,13,24,0,1,0,0,0,1.709,1.177,1,0,0.038,-2.171,-2.365,-0.506,0.425,0.319,-4.298,1.0709999999999997,2.5476852894478155,
356,Ryan Gusto,HOU| MIA,RIGHT,SP| RP,101.66666666666667,17,27,153,67,64,17,36,97,7,7,0,0,0,5.666,1.859,8,1,0.079,-0.334,-0.762,-0.506,-1.494,-1.21,-4.307,1.0619999999999994,2.5262761693684213,
357,DL Hall,MIL,LEFT,SP| RP,38.666666666666664,3,20,33,15,15,2,17,27,1,0,0,0,0,3.491,1.293,0,0,0.0,-1.909,-2.299,-0.506,0.087,0.31,-4.317,1.0519999999999996,2.5024882581690955,
358,Hayden Birdsong,SFN,RIGHT,SP| RP,65.66666666666667,10,21,85,42,35,10,37,68,4,4,0,0,0,4.797,1.858,1,1,0.015,-1.121,-1.399,-0.506,-0.52,-0.779,-4.326,1.0430000000000001,2.4810791380897035,
359,Tyler Wells,BAL,RIGHT,SP,21.666666666666668,4,4,26,7,7,4,2,18,2,1,0,0,0,2.908,1.292,3,0,0.138,-1.646,-2.497,-0.506,0.148,0.175,-4.328,1.0409999999999995,2.476321555849837,
360,Jose Fermin,ANA,RIGHT,RP,34.33333333333333,0,40,36,21,17,8,23,39,3,2,0,0,0,4.456,1.718,1,0,0.029,-1.384,-2.036,-0.506,-0.181,-0.239,-4.345,1.024,2.435882106810984,
361,Yimi Garcia,TOR,RIGHT,RP,21.0,0,22,16,10,9,2,12,25,1,2,3,0,0,3.857,1.333,2,1,0.095,-1.909,-2.343,-0.233,-0.012,0.139,-4.358,1.0110000000000001,2.4049578222518604,
362,Justin Martinez,ARI,RIGHT,RP,15.333333333333332,0,17,10,8,7,1,12,22,1,2,5,0,0,4.109,1.435,0,0,0.0,-1.909,-2.409,-0.051,-0.039,0.047,-4.361,1.008,2.397821448892062,
363,Ryne Stanek,NYN,RIGHT,RP,55.999999999999986,0,65,74,39,33,7,32,58,4,6,3,0,0,5.304,1.893,1,0,0.018,-1.121,-1.618,-0.233,-0.665,-0.733,-4.371,0.9979999999999993,2.3740335376927346,
364,Tristan Beck,SFN,RIGHT,RP,56.66666666666666,1,31,64,29,29,7,16,41,1,0,2,0,0,4.606,1.412,3,0,0.053,-1.909,-1.992,-0.324,-0.364,0.218,-4.371,0.9979999999999993,2.3740335376927346,
365,Andrew Alvarez,WAS,LEFT,SP,23.333333333333332,5,5,19,8,6,1,10,20,1,1,0,0,0,2.314,1.243,1,0,0.043,-1.909,-2.453,-0.506,0.267,0.229,-4.373,0.9959999999999996,2.3692759554528697,
366,Jackson Jobe,DET,RIGHT,SP,49.0,10,10,63,24,23,7,27,39,4,1,0,0,0,4.224,1.837,5,1,0.102,-1.121,-2.036,-0.506,-0.169,-0.545,-4.378,0.9909999999999997,2.357381999853207,
367,Jonathan Bowlan,KCA,RIGHT,RP,44.33333333333333,1,34,52,21,19,6,17,46,1,2,0,0,0,3.857,1.556,3,2,0.068,-1.909,-1.882,-0.506,-0.026,-0.055,-4.378,0.9909999999999997,2.357381999853207,
368,Max Meyer,MIA,LEFT,SP,64.66666666666667,12,12,96,39,34,12,20,68,3,5,0,0,0,4.732,1.794,3,1,0.046,-1.384,-1.399,-0.506,-0.48,-0.621,-4.39,0.9790000000000001,2.328836506414017,
369,Justin Topa,MIN,RIGHT,RP,59.99999999999999,1,54,87,32,26,2,18,49,1,5,4,0,0,3.900,1.750,7,0,0.117,-1.909,-1.816,-0.142,-0.056,-0.484,-4.406,0.9630000000000001,2.290775848495095,
370,Mason Englert,TBA,SWITCH,RP,44.666666666666664,0,29,51,20,19,4,11,44,0,1,0,0,0,3.828,1.388,3,0,0.067,-2.171,-1.926,-0.506,-0.016,0.209,-4.411,0.9580000000000002,2.2788818928954324,
371,Ben Brown,CHN,RIGHT,SP| RP,106.33333333333333,15,25,162,73,70,18,32,121,5,8,1,0,0,5.925,1.825,8,0,0.075,-0.859,-0.234,-0.415,-1.777,-1.136,-4.423,0.9459999999999997,2.25033639945624,
372,PJ Poulin,WAS,RIGHT,RP,24.666666666666664,0,28,27,10,10,2,13,27,2,1,1,0,0,3.649,1.622,3,0,0.122,-1.646,-2.299,-0.415,0.025,-0.087,-4.423,0.9459999999999997,2.25033639945624,
373,Hunter Harvey,KCA,RIGHT,RP,10.666666666666666,0,12,6,0,0,0,1,11,1,0,0,0,0,0.00,0.656,0,0,0.0,-1.909,-2.651,-0.506,0.314,0.325,-4.426,0.9429999999999996,2.243200026096442,
374,David Festa,MIN,RIGHT,SP,53.33333333333334,10,11,66,35,32,10,19,53,3,4,0,0,0,5.400,1.594,5,3,0.094,-1.384,-1.728,-0.506,-0.673,-0.137,-4.428,0.9409999999999998,2.2384424438565773,
375,Ryan Weathers,MIA,RIGHT,SP,38.333333333333336,8,8,51,20,17,7,12,37,2,2,0,0,0,3.991,1.643,5,0,0.13,-1.646,-2.079,-0.506,-0.063,-0.165,-4.46,0.9089999999999998,2.162321128018734,
376,Casey Legumina,SEA,RIGHT,RP,49.66666666666667,1,48,63,36,31,7,25,55,4,6,0,0,0,5.617,1.772,1,0,0.02,-1.121,-1.684,-0.506,-0.711,-0.439,-4.462,0.907,2.1575635457788693,
377,Rafael Montero,ATL| DET| HOU,RIGHT,RP,60.333333333333336,0,59,58,34,30,5,37,58,1,2,0,0,0,4.475,1.575,2,1,0.033,-1.909,-1.618,-0.506,-0.327,-0.114,-4.474,0.8949999999999996,2.1290180523396773,
378,Rico Garcia,BAL| NYA| NYN,RIGHT,RP,34.333333333333336,1,29,40,12,12,5,10,38,0,2,0,0,0,3.146,1.456,1,0,0.029,-2.171,-2.058,-0.506,0.17,0.078,-4.487,0.8819999999999997,2.0980937677805533,
379,Kaleb Ort,HOU,RIGHT,RP,46.0,0,49,49,26,25,8,27,49,2,2,1,0,0,4.891,1.652,5,1,0.109,-1.646,-1.816,-0.415,-0.398,-0.213,-4.488,0.8809999999999993,2.09571497666062,
380,Yennier Cano,BAL,RIGHT,RP,58.000000000000014,0,65,77,36,33,7,24,53,3,7,2,0,0,5.121,1.741,12,4,0.207,-1.384,-1.728,-0.324,-0.606,-0.45,-4.492,0.8769999999999998,2.0861998121808907,
381,Charlie Morton,ATL| BAL| DET,RIGHT,SP| RP,142.0,27,33,209,94,92,23,72,149,9,11,0,0,0,5.831,1.979,10,2,0.07,0.19,0.381,-0.506,-2.27,-2.29,-4.495,0.8739999999999997,2.079063438821093,
382,Luinder Avila,KCA,RIGHT,RP,14.000000000000002,0,13,10,2,2,0,6,16,1,1,0,0,0,1.286,1.143,1,0,0.071,-1.909,-2.541,-0.506,0.272,0.186,-4.497,0.8719999999999999,2.074305856581228,
383,Sean Manaea,NYN,RIGHT,SP| RP,60.66666666666666,12,15,87,38,38,13,12,75,2,4,0,0,0,5.637,1.632,4,2,0.066,-1.646,-1.245,-0.506,-0.878,-0.237,-4.513,0.8559999999999999,2.0362451986623062,
384,Justin Steele,CHN,LEFT,SP,22.666666666666668,4,4,30,12,12,5,5,21,3,1,0,0,0,4.765,1.544,0,1,0.0,-1.384,-2.431,-0.506,-0.174,-0.018,-4.514,0.8549999999999995,2.033866407542373,
385,Cole Henry,WAS,RIGHT,RP,52.666666666666664,0,57,58,27,25,7,32,52,1,2,2,0,0,4.272,1.709,10,0,0.19,-1.909,-1.75,-0.324,-0.202,-0.348,-4.533,0.8359999999999994,1.9886693762636534,
386,Emerson Hancock,SEA,RIGHT,SP| RP,90.00000000000001,16,22,124,51,49,15,31,64,4,5,0,0,0,4.900,1.722,4,5,0.044,-1.121,-1.486,-0.506,-0.785,-0.638,-4.537,0.8319999999999999,1.9791542117839238,
387,Nabil Crismatt,ARI,RIGHT,SP| RP,34.0,5,8,52,20,14,6,9,25,3,0,0,0,0,3.706,1.794,5,0,0.147,-1.384,-2.343,-0.506,0.02,-0.327,-4.541,0.8279999999999994,1.9696390473041925,
388,Wikelman Gonzalez,CHA,RIGHT,RP,20.333333333333336,0,16,18,9,6,1,12,25,1,0,0,0,0,2.656,1.475,2,0,0.098,-1.909,-2.343,-0.506,0.178,0.033,-4.547,0.8220000000000001,1.9553663005845985,
389,Jake Bird,COL| NYA,RIGHT,RP,55.333333333333336,0,48,80,37,34,7,25,66,4,2,0,0,0,5.530,1.898,2,3,0.036,-1.121,-1.442,-0.506,-0.755,-0.734,-4.559,0.8099999999999996,1.926820807145406,
390,Albert Suarez,BAL,RIGHT,RP,11.666666666666666,1,5,12,4,3,0,2,10,2,0,0,0,0,2.314,1.200,2,1,0.171,-1.646,-2.673,-0.506,0.133,0.132,-4.56,0.8090000000000002,1.924442016025475,
391,Trevor McDonald,SFN,RIGHT,P,15.0,2,3,15,6,3,1,2,14,1,0,0,0,0,1.800,1.133,0,0,0.0,-1.909,-2.585,-0.506,0.232,0.205,-4.563,0.806,1.9173056426656767,
392,Cade Cavalli,WAS,RIGHT,SP,48.666666666666664,10,10,73,28,23,7,15,40,3,1,0,0,0,4.253,1.808,5,2,0.103,-1.384,-2.014,-0.506,-0.179,-0.492,-4.576,0.7930000000000001,1.8863813581065532,
393,Yoendrys Gomez,CHA| LAN| NYA,RIGHT,SP| RP,62.66666666666667,9,21,82,40,36,12,27,58,3,3,1,0,0,5.170,1.739,6,1,0.096,-1.384,-1.618,-0.415,-0.679,-0.482,-4.578,0.7909999999999995,1.8816237758666863,
394,Yohan Ramirez,PIT,RIGHT,RP,33.33333333333334,0,24,45,25,20,4,16,45,3,3,0,0,0,5.400,1.830,1,0,0.03,-1.384,-1.904,-0.506,-0.421,-0.363,-4.578,0.7909999999999995,1.8816237758666863,
395,Landon Knack,LAN,LEFT,SP| RP,42.333333333333336,7,10,58,25,23,10,19,42,3,2,1,0,0,4.890,1.819,3,0,0.071,-1.384,-1.97,-0.415,-0.366,-0.444,-4.579,0.79,1.8792449847467552,
396,Tony Gonsolin,LAN,RIGHT,SP,36.0,7,7,45,21,20,9,18,38,3,2,0,0,0,5.000,1.750,2,1,0.056,-1.384,-2.058,-0.506,-0.342,-0.29,-4.58,0.7889999999999997,1.8768661936268216,
397,Seth Halvorsen,COL,RIGHT,RP,39.666666666666664,0,42,59,26,22,7,21,36,1,2,11,0,0,4.992,2.017,2,2,0.05,-1.909,-2.101,0.496,-0.374,-0.693,-4.581,0.7879999999999994,1.8744874025068883,
398,Grant Holman,ATH,RIGHT,RP,23.0,2,22,32,14,13,3,9,17,4,2,0,0,0,5.087,1.783,0,0,0.0,-1.121,-2.519,-0.506,-0.234,-0.212,-4.593,0.7759999999999998,1.845941909067698,
399,Dan Altavilla,CHA,RIGHT,RP,29.000000000000004,0,28,28,9,8,4,15,21,0,1,2,0,0,2.483,1.483,1,0,0.034,-2.171,-2.431,-0.324,0.294,0.039,-4.593,0.7759999999999998,1.845941909067698,
400,Aaron Nola,PHI,RIGHT,SP,94.33333333333333,17,17,139,65,63,18,28,97,5,10,0,0,0,6.011,1.770,5,3,0.053,-0.859,-0.762,-0.506,-1.64,-0.828,-4.595,0.774,1.8411843268278334,
401,Cristian Javier,HOU,RIGHT,SP,36.99999999999999,8,8,43,22,19,3,15,34,2,4,0,0,0,4.622,1.568,6,4,0.162,-1.646,-2.145,-0.506,-0.243,-0.061,-4.601,0.7679999999999998,1.8269115801082374,
402,Kyle Freeland,COL,LEFT,SP,162.66666666666663,31,31,254,105,90,22,38,124,5,17,0,0,0,4.979,1.795,5,2,0.031,-0.859,-0.168,-0.506,-1.52,-1.57,-4.624,0.7450000000000001,1.7721993843497883,
403,Tobias Myers,MIL,RIGHT,SP| RP,50.66666666666666,6,22,69,21,20,5,15,38,1,2,0,0,0,3.553,1.658,0,2,0.0,-1.909,-2.058,-0.506,0.09,-0.244,-4.627,0.742,1.76506301098999,
404,Colton Gordon,HOU,LEFT,SP| RP,85.99999999999999,14,20,148,54,51,21,19,72,6,4,1,0,0,5.337,1.942,3,0,0.035,-0.597,-1.311,-0.415,-1.044,-1.275,-4.641,0.7279999999999998,1.7317599353109332,
405,Jaden Hill,COL,RIGHT,RP,29.333333333333332,0,28,36,14,11,2,12,31,1,1,0,0,0,3.375,1.636,4,0,0.136,-1.909,-2.211,-0.506,0.093,-0.119,-4.653,0.7160000000000002,1.703214441871743,
406,Ryan Pressly,CHN,RIGHT,RP,41.33333333333333,0,44,60,24,20,6,17,28,2,3,5,0,0,4.355,1.863,2,2,0.048,-1.646,-2.277,-0.051,-0.185,-0.498,-4.657,0.7119999999999997,1.6936992773920114,
407,Trent Thornton,SEA,RIGHT,RP,42.333333333333336,0,33,51,23,22,6,14,32,2,0,0,0,0,4.677,1.535,5,1,0.118,-1.646,-2.189,-0.506,-0.296,-0.022,-4.659,0.71,1.6889416951521468,
408,David Robertson,PHI,RIGHT,RP,17.666666666666668,0,20,26,9,8,4,8,22,2,0,2,0,0,4.075,1.925,0,1,0.0,-1.646,-2.409,-0.324,-0.041,-0.251,-4.671,0.6979999999999995,1.6603962017129545,
409,Chase Burns,CIN,RIGHT,SP| RP,43.333333333333336,8,13,59,25,22,5,16,67,0,3,0,0,0,4.569,1.731,4,1,0.092,-2.171,-1.421,-0.506,-0.266,-0.32,-4.684,0.6849999999999996,1.629471917153831,
410,Chris Paddack,DET| MIN,RIGHT,SP| RP,158.00000000000003,28,33,233,98,94,31,37,112,5,12,1,0,0,5.354,1.709,8,3,0.051,-0.859,-0.432,-0.415,-1.938,-1.045,-4.69,0.6789999999999994,1.6151991704342348,
411,Dylan Smith,DET,RIGHT,RP,13.000000000000002,0,7,7,2,2,0,5,4,1,0,0,0,0,1.385,0.923,0,1,0.0,-1.909,-2.804,-0.506,0.243,0.274,-4.703,0.6659999999999995,1.5842748858751112,
412,Jesus Tinoco,MIA,RIGHT,RP,19.333333333333332,0,20,23,12,11,1,8,10,2,1,4,0,0,5.121,1.603,2,1,0.103,-1.646,-2.673,-0.142,-0.202,-0.056,-4.719,0.6499999999999995,1.5462142279561895,
413,Richard Fitts,BOS,RIGHT,SP,45.0,10,11,56,27,25,11,16,40,2,4,0,0,0,5.000,1.600,3,1,0.067,-1.646,-2.014,-0.506,-0.428,-0.125,-4.719,0.6499999999999995,1.5462142279561895,
414,Brent Headrick,NYA,LEFT,RP,23.0,0,17,26,8,8,4,7,30,0,0,0,0,0,3.130,1.435,0,1,0.0,-2.171,-2.233,-0.506,0.117,0.07,-4.724,0.6449999999999996,1.5343202723565268,
415,Konnor Pilkington,WAS,LEFT,RP,28.333333333333336,0,32,34,16,14,7,17,34,2,0,0,0,0,4.447,1.800,0,1,0.0,-1.646,-2.145,-0.506,-0.147,-0.278,-4.724,0.6449999999999996,1.5343202723565268,
416,Clayton Beeter,NYA| WAS,RIGHT,RP,25.333333333333336,0,26,17,12,12,3,18,33,0,3,1,0,0,4.263,1.382,3,1,0.118,-2.171,-2.167,-0.415,-0.095,0.124,-4.725,0.6440000000000001,1.5319414812365955,
417,Robert Stephenson,ANA,RIGHT,RP,10.0,0,12,12,4,3,1,3,10,2,0,0,0,0,2.700,1.500,2,1,0.2,-1.646,-2.673,-0.506,0.084,0.007,-4.734,0.6349999999999998,1.5105323611572012,
418,Joe Boyle,TBA,RIGHT,SP| RP,52.0,9,13,61,33,27,6,28,58,1,4,0,0,0,4.673,1.712,11,2,0.212,-1.909,-1.618,-0.506,-0.362,-0.349,-4.744,0.625,1.4867444499578757,
419,Brent Suter,CIN,LEFT,SP| RP,67.66666666666666,3,48,91,38,34,11,18,53,1,2,0,0,0,4.522,1.611,0,1,0.0,-1.909,-1.728,-0.506,-0.391,-0.214,-4.748,0.6209999999999996,1.4772292854781444,
420,Kyle Hart,SDN,LEFT,SP| RP,43.00000000000001,6,20,55,28,28,9,13,37,3,3,0,0,0,5.861,1.581,1,1,0.023,-1.384,-2.079,-0.506,-0.697,-0.091,-4.759,0.6099999999999994,1.4510625831588855,
421,Luis Mey,CIN,RIGHT,RP,20.999999999999996,0,23,22,8,8,3,17,21,2,0,0,0,0,3.429,1.857,0,0,0.0,-1.646,-2.431,-0.506,0.058,-0.249,-4.775,0.5939999999999994,1.4130019252399637,
422,Cade Povich,BAL,LEFT,SP,112.33333333333336,20,22,166,70,65,17,43,118,3,8,0,0,0,5.208,1.861,4,3,0.036,-1.384,-0.3,-0.506,-1.25,-1.343,-4.784,0.585,1.3915928051605717,
423,Connor Brogdon,ANA,RIGHT,RP,46.999999999999986,0,43,66,31,29,11,18,49,3,2,0,0,0,5.553,1.787,2,3,0.043,-1.384,-1.816,-0.506,-0.649,-0.441,-4.796,0.5729999999999995,1.3630473117213793,
424,Michael Tonkin,MIN,RIGHT,RP,23.999999999999996,0,21,28,13,13,3,8,19,2,1,0,0,0,4.875,1.500,2,1,0.083,-1.646,-2.475,-0.506,-0.205,0.018,-4.815,0.5539999999999994,1.3178502804426597,
425,Jackson Kowar,SEA,RIGHT,RP,17.0,0,15,20,8,8,4,7,15,2,0,0,0,0,4.235,1.588,2,0,0.118,-1.646,-2.563,-0.506,-0.06,-0.04,-4.816,0.5529999999999999,1.3154714893227284,
426,Kyle Harrison,BOS| SFN,RIGHT,SP| RP,35.666666666666664,6,11,48,16,16,4,14,38,1,1,0,0,0,4.037,1.738,2,1,0.056,-1.909,-2.058,-0.506,-0.071,-0.273,-4.817,0.5519999999999996,1.313092698202795,
427,Joey Wentz,ATL| MIN| PIT,LEFT,SP| RP,98.0,13,39,140,66,61,11,43,92,5,7,0,0,0,5.602,1.867,19,3,0.194,-0.859,-0.871,-0.506,-1.392,-1.195,-4.824,0.5449999999999999,1.2964411603632675,
428,Evan Sisk,KCA| PIT,LEFT,RP,17.666666666666664,0,19,20,7,7,1,10,25,1,1,0,0,0,3.566,1.698,4,1,0.226,-1.909,-2.343,-0.506,0.03,-0.11,-4.839,0.5299999999999994,1.260759293564277,
429,Will Klein,LAN,RIGHT,RP,15.333333333333334,0,14,18,6,4,0,10,21,1,1,0,0,0,2.348,1.826,2,0,0.13,-1.909,-2.431,-0.506,0.171,-0.165,-4.839,0.5299999999999994,1.260759293564277,
430,Ron Marinaccio,SDN,RIGHT,RP,10.666666666666668,0,7,6,1,1,0,4,12,0,0,0,0,0,0.844,0.938,1,0,0.094,-2.171,-2.629,-0.506,0.244,0.219,-4.843,0.5259999999999998,1.2512441290845477,
431,Paul Sewald,CLE| DET,RIGHT,RP,19.666666666666668,0,22,25,11,10,4,6,20,1,1,2,0,0,4.576,1.576,3,0,0.153,-1.909,-2.453,-0.324,-0.122,-0.038,-4.846,0.5229999999999997,1.2441077557247497,
432,Nick Sandlin,TOR,RIGHT,RP,16.333333333333332,0,19,15,7,4,2,8,16,0,2,1,0,0,2.204,1.408,0,1,0.0,-2.171,-2.541,-0.415,0.201,0.065,-4.861,0.508,1.2084258889257615,
433,Chris Devenski,NYN,RIGHT,RP,16.666666666666664,1,13,15,4,4,1,5,14,0,0,0,0,0,2.160,1.200,2,1,0.12,-2.171,-2.585,-0.506,0.211,0.188,-4.863,0.5059999999999993,1.2036683066858946,
434,Hunter Strickland,ANA,RIGHT,RP,22.0,0,19,25,9,8,2,10,14,1,2,1,0,0,3.273,1.591,1,2,0.045,-1.909,-2.585,-0.415,0.087,-0.054,-4.876,0.49299999999999944,1.172744022126771,
435,Dauri Moreta,PIT,RIGHT,RP,16.666666666666668,0,18,20,8,6,2,7,19,1,1,0,0,0,3.240,1.620,3,1,0.18,-1.909,-2.475,-0.506,0.07,-0.058,-4.878,0.49099999999999966,1.1679864398869064,
436,Hayden Wesneski,HOU,RIGHT,SP,32.0,6,6,44,16,16,7,6,29,1,3,0,0,0,4.500,1.562,2,1,0.062,-1.909,-2.255,-0.506,-0.179,-0.047,-4.897,0.47199999999999953,1.1227894086081867,
437,A. J. Minter,NYN,LEFT,RP,11.0,0,13,7,2,2,0,5,14,0,0,0,0,0,1.636,1.091,1,0,0.091,-2.171,-2.585,-0.506,0.184,0.167,-4.912,0.45699999999999985,1.0871075418091984,
438,Trey Yesavage,TOR,RIGHT,SP,14.0,3,3,15,5,5,0,7,16,1,0,0,0,0,3.214,1.571,0,0,0.0,-1.909,-2.541,-0.506,0.062,-0.025,-4.919,0.4500000000000002,1.070456003969671,
439,Joey Lucchesi,SFN,LEFT,RP,38.33333333333333,0,38,48,17,16,4,12,31,0,1,0,0,0,3.756,1.565,0,0,0.0,-2.171,-2.211,-0.506,0.007,-0.06,-4.941,0.42799999999999994,1.0181225993311531,
440,Zack Kelly,BOS,RIGHT,RP,35.333333333333336,0,28,47,21,18,3,12,35,1,3,0,0,0,4.585,1.670,2,0,0.057,-1.909,-2.123,-0.506,-0.221,-0.185,-4.945,0.4239999999999995,1.0086074348514218,
441,Ryan Borucki,PIT| TOR,LEFT,RP,35.0,0,39,41,20,18,4,16,32,1,3,0,0,0,4.629,1.629,2,2,0.057,-1.909,-2.189,-0.506,-0.231,-0.133,-4.968,0.4009999999999998,0.9538952390929727,
442,Scott Blewett,ATL| BAL| MIN,RIGHT,RP,44.333333333333336,2,26,60,29,27,9,18,35,3,0,0,0,0,5.481,1.759,5,2,0.113,-1.384,-2.123,-0.506,-0.588,-0.372,-4.974,0.3949999999999996,0.9396224923733765,
443,JT Brubaker,NYA| SFN,RIGHT,RP,28.666666666666664,1,17,29,12,12,0,12,22,0,0,0,0,0,3.767,1.430,2,2,0.07,-2.171,-2.409,-0.506,0.003,0.092,-4.992,0.3769999999999998,0.8968042522145901,
444,Fraser Ellard,CHA,LEFT,SP| RP,17.0,3,18,10,9,8,1,19,22,1,2,0,0,0,4.235,1.706,2,3,0.118,-1.909,-2.409,-0.506,-0.06,-0.111,-4.995,0.37399999999999967,0.889667878854792,
445,Jose Castillo,ARI| BAL| NYN| SEA,LEFT,RP,32.0,0,29,51,18,14,4,14,30,2,2,0,0,0,3.938,2.031,4,2,0.125,-1.646,-2.233,-0.506,-0.039,-0.575,-5.0,0.3689999999999998,0.8777739232551294,
446,Blake Treinen,LAN,RIGHT,RP,26.66666666666667,0,32,39,18,16,4,19,36,2,7,2,0,0,5.400,2.175,11,1,0.412,-1.646,-2.101,-0.324,-0.337,-0.614,-5.023,0.3460000000000001,0.8230617274966803,
447,Jayden Murray,HOU,RIGHT,RP,11.666666666666666,1,9,10,2,2,0,3,8,0,0,0,0,0,1.543,1.114,0,0,0.0,-2.171,-2.717,-0.506,0.204,0.167,-5.023,0.3460000000000001,0.8230617274966803,
448,Kyle Nicolas,PIT,RIGHT,RP,37.99999999999999,0,31,45,21,20,3,18,34,1,2,0,0,0,4.737,1.658,3,0,0.079,-1.909,-2.145,-0.506,-0.283,-0.183,-5.027,0.34199999999999964,0.8135465630169488,
449,Seth Johnson,PHI,RIGHT,RP,12.666666666666666,0,10,17,8,6,3,4,17,1,1,0,0,0,4.263,1.658,1,0,0.079,-1.909,-2.519,-0.506,-0.048,-0.061,-5.043,0.3259999999999996,0.7754859050980272,
450,Kumar Rocker,TEX,RIGHT,SP,64.33333333333334,14,14,97,42,41,11,23,56,4,5,0,0,0,5.736,1.865,11,0,0.171,-1.121,-1.662,-0.506,-0.981,-0.78,-5.051,0.3179999999999996,0.7564555761385663,
451,Yerry De los Santos,NYA,RIGHT,RP,35.66666666666667,0,25,44,15,13,1,17,28,0,1,0,0,0,3.280,1.710,3,1,0.084,-2.171,-2.277,-0.506,0.139,-0.238,-5.053,0.31599999999999984,0.7516979938987016,
452,Cam Booser,CHA,LEFT,RP,31.000000000000004,0,39,41,22,19,8,19,35,2,4,1,0,0,5.516,1.935,0,1,0.0,-1.646,-2.123,-0.415,-0.419,-0.453,-5.057,0.3119999999999994,0.7421828294189702,
453,Anthony DeSclafani,ARI,RIGHT,SP| RP,38.666666666666664,4,13,56,23,22,11,12,36,1,2,2,0,0,5.121,1.759,7,0,0.181,-1.909,-2.101,-0.324,-0.404,-0.324,-5.062,0.3069999999999995,0.7302888738193074,
454,Kai-Wei Teng,SFN,RIGHT,SP,29.666666666666668,7,8,36,24,21,2,17,39,2,4,0,0,0,6.371,1.786,2,0,0.067,-1.646,-2.036,-0.506,-0.599,-0.277,-5.065,0.3039999999999994,0.7231525004595093,
455,Andre Pallante,SLN,RIGHT,SP,162.66666666666669,31,31,230,109,96,21,62,111,6,15,0,0,0,5.311,1.795,18,3,0.111,-0.597,-0.454,-0.506,-1.941,-1.57,-5.069,0.2999999999999998,0.71363733597978,
456,Matt Gage,DET| SFN,LEFT,RP,30.999999999999996,2,33,42,11,11,0,12,27,0,1,0,0,0,3.193,1.742,1,1,0.032,-2.171,-2.299,-0.506,0.142,-0.241,-5.076,0.29300000000000015,0.6969857981402525,
457,Craig Kimbrel,ATL| HOU,RIGHT,RP,12.0,0,14,12,4,3,2,7,17,0,1,0,0,0,2.250,1.583,4,3,0.333,-2.171,-2.519,-0.506,0.143,-0.026,-5.079,0.29000000000000004,0.6898494247804544,
458,Shawn Dubin,BAL| HOU,RIGHT,RP,33.666666666666664,0,30,49,19,19,6,11,28,2,0,0,0,0,5.079,1.782,1,1,0.03,-1.646,-2.277,-0.506,-0.341,-0.31,-5.08,0.2889999999999997,0.6874706336605211,
459,Hunter Bigge,TBA,RIGHT,RP,15.0,0,13,16,4,4,4,5,12,0,0,0,0,0,2.400,1.400,1,0,0.067,-2.171,-2.629,-0.506,0.162,0.064,-5.081,0.28799999999999937,0.6850918425405876,
460,Mick Abel,MIN| PHI,RIGHT,SP,39.0,8,10,55,28,27,8,16,39,3,4,0,0,0,6.231,1.821,2,1,0.051,-1.384,-2.036,-0.506,-0.745,-0.411,-5.082,0.2869999999999999,0.6827130514206564,
461,Justin Hagenman,NYN,RIGHT,RP,23.666666666666664,1,9,33,13,12,4,2,23,0,1,1,0,0,4.563,1.479,1,0,0.042,-2.171,-2.387,-0.415,-0.144,0.035,-5.083,0.2859999999999996,0.680334260300723,
462,Taylor Rashi,ARI,RIGHT,RP,16.333333333333336,0,10,20,8,8,0,8,22,0,1,2,0,0,4.408,1.714,1,1,0.061,-2.171,-2.409,-0.324,-0.08,-0.111,-5.095,0.274,0.6517887668615328,
463,Zak Kent,CLE,RIGHT,RP,17.666666666666668,0,12,20,10,9,1,8,16,1,0,0,0,0,4.585,1.585,1,1,0.057,-1.909,-2.541,-0.506,-0.111,-0.04,-5.106,0.2629999999999999,0.6256220645422739,
464,Grant Wolfram,BAL,LEFT,RP,26.66666666666667,0,21,45,20,16,2,15,31,3,1,0,0,0,5.400,2.250,2,0,0.075,-1.384,-2.211,-0.506,-0.337,-0.685,-5.123,0.24599999999999955,0.5851826155034189,
465,Zach Eflin,BAL,RIGHT,SP,71.33333333333333,14,14,125,48,47,18,13,50,6,5,0,0,0,5.930,1.935,2,3,0.028,-0.597,-1.794,-0.506,-1.195,-1.039,-5.131,0.23799999999999955,0.566152286543958,
466,Easton Lucas,TOR,LEFT,SP,24.333333333333336,5,6,34,18,18,5,12,23,3,3,0,0,0,6.657,1.890,1,0,0.041,-1.384,-2.387,-0.506,-0.546,-0.317,-5.14,0.2290000000000001,0.5447431664645659,
467,Mitch Spence,ATH,RIGHT,SP| RP,84.66666666666666,8,32,132,57,48,16,26,66,3,6,1,0,0,5.102,1.866,5,2,0.059,-1.384,-1.442,-0.415,-0.872,-1.029,-5.143,0.22599999999999998,0.5376067931047679,
468,Chad Green,TOR,LEFT,RP,43.666666666666664,0,45,71,28,27,14,13,35,3,2,1,0,0,5.565,1.924,5,6,0.115,-1.384,-2.123,-0.415,-0.607,-0.619,-5.149,0.21999999999999975,0.5233340463851717,
469,Andre Granillo,SLN,RIGHT,RP,20.999999999999996,0,14,30,11,11,3,7,18,1,0,1,0,0,4.714,1.762,1,1,0.048,-1.909,-2.497,-0.415,-0.153,-0.178,-5.152,0.21699999999999964,0.5161976730253737,
470,Tyler Anderson,ANA,LEFT,SP,136.33333333333334,26,26,195,73,69,28,57,104,2,8,0,0,0,4.555,1.848,9,1,0.066,-1.646,-0.608,-0.506,-0.823,-1.572,-5.155,0.21399999999999952,0.5090612996655756,
471,Chase Silseth,ANA,RIGHT,RP,11.0,0,10,13,2,2,1,6,13,0,0,0,0,0,1.636,1.727,4,0,0.364,-2.171,-2.607,-0.506,0.184,-0.08,-5.18,0.18900000000000006,0.4495915216672618,
472,Brady Basso,ATH,RIGHT,RP,11.666666666666668,1,11,14,4,3,0,9,8,1,1,0,0,0,2.314,1.971,0,0,0.0,-1.909,-2.717,-0.506,0.133,-0.185,-5.183,0.18599999999999994,0.4424551483074637,
473,Max Lazar,PHI,RIGHT,RP,41.333333333333336,0,36,57,23,22,7,12,26,1,1,1,0,0,4.790,1.669,1,1,0.024,-1.909,-2.321,-0.415,-0.325,-0.216,-5.186,0.18299999999999983,0.43531877494766563,
474,Roki Sasaki,LAN,RIGHT,SP,36.333333333333336,8,10,42,18,18,6,22,28,1,1,0,0,0,4.459,1.762,4,0,0.11,-1.909,-2.277,-0.506,-0.192,-0.308,-5.192,0.1769999999999996,0.42104602822806947,
475,Erasmo Ramirez,MIN,RIGHT,RP,11.0,0,9,13,4,3,2,2,5,0,1,1,0,0,2.454,1.364,0,0,0.0,-2.171,-2.782,-0.415,0.114,0.061,-5.194,0.17499999999999982,0.4162884459882048,
476,Cooper Criswell,BOS,RIGHT,RP,17.666666666666664,1,7,28,10,7,3,5,9,1,0,1,0,0,3.566,1.868,1,1,0.057,-1.909,-2.695,-0.415,0.03,-0.216,-5.205,0.1639999999999997,0.3901217436689459,
477,Valente Bellozo,MIA,RIGHT,SP| RP,81.33333333333334,6,32,116,44,42,15,23,54,1,4,0,0,0,4.647,1.709,1,5,0.012,-1.909,-1.706,-0.506,-0.55,-0.539,-5.209,0.16000000000000014,0.38060657918921653,
478,Porter Hodge,CHN,RIGHT,RP,33.0,0,36,49,24,23,9,18,40,2,2,2,0,0,6.273,2.030,1,0,0.03,-1.646,-2.014,-0.324,-0.641,-0.592,-5.217,0.15200000000000014,0.3615762502297557,
479,Sam Bachman,ANA,RIGHT,RP,20.333333333333332,0,23,27,15,14,1,10,18,2,3,0,0,0,6.197,1.820,2,0,0.098,-1.646,-2.497,-0.506,-0.383,-0.214,-5.246,0.12299999999999933,0.2925913077517084,
480,Carson Whisenhunt,SFN,LEFT,SP,23.333333333333332,5,5,33,14,13,6,12,16,2,1,0,0,0,5.014,1.929,2,0,0.086,-1.646,-2.541,-0.506,-0.224,-0.335,-5.253,0.11599999999999966,0.27593976991218094,
481,Bailey Horn,DET,LEFT,RP,11.333333333333332,0,10,13,2,2,1,7,10,0,1,0,0,0,1.588,1.765,0,0,0.0,-2.171,-2.673,-0.506,0.194,-0.097,-5.254,0.11500000000000021,0.27356097879224966,
482,Colin Selby,BAL,RIGHT,RP,14.0,0,11,21,5,5,2,2,14,0,2,0,0,0,3.214,1.643,1,0,0.071,-2.171,-2.585,-0.506,0.062,-0.06,-5.26,0.10899999999999999,0.2592882320726535,
483,Brandon Waddell,NYN,LEFT,RP,31.333333333333332,1,11,44,12,12,4,11,22,0,0,0,0,0,3.447,1.755,1,0,0.032,-2.171,-2.409,-0.506,0.082,-0.259,-5.263,0.10599999999999987,0.25215185871285545,
484,Michael Kopech,LAN,RIGHT,RP,11.0,0,14,6,3,3,0,13,12,0,0,0,0,0,2.454,1.727,0,0,0.0,-2.171,-2.629,-0.506,0.114,-0.08,-5.272,0.09699999999999953,0.2307427386334612,
485,Bryce Miller,SEA,RIGHT,SP,90.33333333333334,18,18,133,57,57,17,34,74,4,6,0,0,0,5.679,1.849,14,3,0.155,-1.121,-1.267,-0.506,-1.337,-1.043,-5.274,0.09499999999999975,0.22598515639359654,
486,Dugan Darnell,COL,LEFT,RP,11.666666666666666,0,9,13,5,5,1,7,5,1,0,0,0,0,3.857,1.714,5,1,0.429,-1.909,-2.782,-0.506,-0.007,-0.079,-5.284,0.08499999999999996,0.202197245194271,
487,Mason Montgomery,TBA,LEFT,RP,45.999999999999986,0,57,65,32,29,6,27,63,1,3,1,0,0,5.674,2.000,11,2,0.239,-1.909,-1.508,-0.415,-0.679,-0.776,-5.287,0.08199999999999985,0.19506087183447296,
488,Hunter Stratton,ATL| PIT,RIGHT,RP,19.0,0,15,28,12,11,3,7,16,1,1,1,0,0,5.210,1.842,0,0,0.0,-1.909,-2.541,-0.415,-0.212,-0.215,-5.291,0.0779999999999994,0.1855457073547415,
489,Josh Simpson,MIA,LEFT,RP,30.66666666666667,0,31,45,28,25,5,22,36,4,2,0,0,0,7.337,2.185,1,0,0.033,-1.121,-2.101,-0.506,-0.85,-0.717,-5.297,0.07200000000000006,0.17127296063514744,
490,Jackson Rutledge,WAS,RIGHT,RP,73.33333333333331,0,63,118,49,47,16,24,65,4,2,0,0,0,5.768,1.936,5,0,0.068,-1.121,-1.464,-0.506,-1.136,-1.073,-5.301,0.06799999999999962,0.16175779615541597,
491,Alan Rangel,PHI,RIGHT,RP,11.0,0,5,14,3,3,1,6,8,0,0,1,0,0,2.454,1.818,0,0,0.0,-2.171,-2.717,-0.415,0.114,-0.115,-5.304,0.0649999999999995,0.1546214227956179,
492,Gordon Graceffo,SLN,RIGHT,RP,43.0,0,26,71,33,30,2,13,40,3,1,1,0,0,6.279,1.954,2,1,0.047,-1.384,-2.014,-0.415,-0.838,-0.655,-5.305,0.06400000000000006,0.1522426316756866,
493,Spencer Arrighetti,HOU,RIGHT,SP,35.333333333333336,7,7,41,21,21,6,20,31,1,5,0,0,0,5.349,1.726,11,0,0.311,-1.909,-2.211,-0.506,-0.432,-0.256,-5.314,0.054999999999999716,0.1308335115962924,
494,Hector Neris,ANA| ATL| HOU,RIGHT,RP,26.666666666666668,0,35,44,25,20,6,16,35,3,2,0,0,0,6.750,2.250,7,1,0.263,-1.384,-2.123,-0.506,-0.617,-0.685,-5.316,0.052999999999999936,0.12607592935642772,
495,Mitchell Parker,WAS,LEFT,SP| RP,164.66666666666663,30,33,250,116,104,25,58,103,9,16,1,0,0,5.684,1.870,2,0,0.012,0.19,-0.63,-0.415,-2.444,-2.027,-5.325,0.043999999999999595,0.10466680927703349,
496,Ryan Brasier,CHN,RIGHT,RP,26.000000000000004,1,28,36,13,13,2,5,20,0,1,0,0,0,4.500,1.577,4,2,0.154,-2.171,-2.453,-0.506,-0.146,-0.051,-5.327,0.041999999999999815,0.09990922703716881,
497,Jordan Romano,PHI,RIGHT,RP,42.66666666666667,0,49,64,40,39,10,17,47,2,4,8,0,0,8.227,1.898,10,4,0.234,-1.646,-1.86,0.223,-1.479,-0.567,-5.329,0.040000000000000036,0.09515164479730413,
498,Tim Mayza,PHI| PIT,LEFT,RP,16.666666666666664,0,15,23,7,7,2,5,15,0,0,0,0,0,3.780,1.680,1,0,0.06,-2.171,-2.563,-0.506,0.0,-0.093,-5.333,0.03599999999999959,0.08563648031757266,
499,Carson Seymour,SFN,RIGHT,SP| RP,36.0,3,16,51,21,19,9,13,26,1,3,0,0,0,4.750,1.778,2,0,0.056,-1.909,-2.321,-0.506,-0.272,-0.326,-5.334,0.03500000000000014,0.08325768919764139,
500,Yaramil Hiraldo,BAL,RIGHT,RP,19.666666666666664,0,18,24,13,10,4,9,21,0,0,0,0,0,4.576,1.678,2,0,0.102,-2.171,-2.431,-0.506,-0.122,-0.109,-5.339,0.02999999999999936,0.07136373359797651,
501,Brandon Sproat,NYN,RIGHT,SP,20.666666666666668,4,4,24,11,11,0,7,17,0,2,0,0,0,4.790,1.500,1,1,0.048,-2.171,-2.519,-0.506,-0.163,0.015,-5.344,0.024999999999999467,0.059469777998313766,
502,Michael Petersen,ATL| MIA,RIGHT,RP,18.0,0,15,24,11,8,3,7,17,0,0,0,0,0,4.000,1.722,0,0,0.0,-2.171,-2.519,-0.506,-0.031,-0.128,-5.355,0.013999999999999346,0.03330307567905486,
503,Kyle Backhus,ARI,LEFT,RP,25.333333333333336,0,32,39,14,13,3,8,22,0,3,2,0,0,4.618,1.855,0,0,0.0,-2.171,-2.409,-0.324,-0.165,-0.298,-5.368,0.0009999999999994458,0.002378791119931283,
504,Jake Irvin,WAS,RIGHT,SP,180.00000000000006,33,33,274,120,114,38,62,124,9,13,0,0,0,5.700,1.867,10,3,0.056,0.19,-0.168,-0.506,-2.693,-2.191,-5.369,0.0,0.0,
505,Kevin Herget,ATL| NYN,LEFT,RP,13.0,0,7,16,5,4,0,5,6,0,0,0,0,0,2.769,1.615,0,0,0.0,-2.171,-2.76,-0.506,0.103,-0.043,-5.379,-0.009999999999999787,-0.023787911199325506,
506,Tanner Gordon,COL,LEFT,SP,75.33333333333333,15,15,133,60,53,16,17,62,6,8,0,0,0,6.332,1.991,5,0,0.066,-0.597,-1.53,-0.506,-1.498,-1.247,-5.379,-0.009999999999999787,-0.023787911199325506,
507,Josh Winckowski,BOS,RIGHT,RP,11.666666666666668,0,6,13,7,5,0,5,9,0,1,0,0,0,3.857,1.543,2,0,0.171,-2.171,-2.695,-0.506,-0.007,-0.009,-5.388,-0.019000000000000128,-0.045197031278719726,
508,Luis Guerrero,BOS,RIGHT,RP,17.333333333333336,0,13,12,8,8,0,14,10,0,1,0,0,0,4.154,1.500,3,1,0.173,-2.171,-2.673,-0.506,-0.05,0.013,-5.388,-0.019000000000000128,-0.045197031278719726,
509,Juan Morillo,ARI,RIGHT,RP,34.33333333333334,0,42,49,19,16,2,20,36,0,3,1,0,0,4.194,2.010,1,1,0.029,-2.171,-2.101,-0.415,-0.111,-0.591,-5.389,-0.020000000000000462,-0.04757582239865312,
510,Collin Snider,SEA,RIGHT,RP,26.333333333333336,0,24,49,20,16,3,6,24,2,1,0,0,0,5.468,2.089,1,0,0.038,-1.646,-2.365,-0.506,-0.346,-0.526,-5.391,-0.02200000000000024,-0.0523334046385178,
511,Sauryn Lao,SEA| WAS,RIGHT,RP,11.000000000000002,0,8,20,7,6,2,2,9,1,0,0,0,0,4.909,2.000,0,0,0.0,-1.909,-2.695,-0.506,-0.097,-0.186,-5.392,-0.023000000000000576,-0.054712195758451196,
512,Luis Curvelo,TEX,RIGHT,RP,19.000000000000004,0,17,26,13,12,3,10,20,1,1,0,0,0,5.684,1.895,1,0,0.053,-1.909,-2.453,-0.506,-0.282,-0.25,-5.4,-0.031000000000000583,-0.07374252471791203,
513,Matt Sauer,LAN,RIGHT,RP,29.666666666666668,1,10,48,23,21,6,8,24,2,1,1,0,0,6.371,1.888,0,0,0.0,-1.646,-2.365,-0.415,-0.599,-0.383,-5.409,-0.040000000000000036,-0.09515164479730413,
514,Corbin Martin,BAL,RIGHT,RP,18.0,0,17,32,15,12,4,9,23,1,0,2,0,0,6.000,2.278,0,0,0.0,-1.909,-2.387,-0.324,-0.311,-0.48,-5.411,-0.041999999999999815,-0.09990922703716881,
515,Kevin Kelly,TBA,RIGHT,RP,39.66666666666666,0,41,65,29,26,11,9,35,2,5,0,0,0,5.899,1.865,4,1,0.101,-1.646,-2.123,-0.506,-0.655,-0.481,-5.413,-0.04400000000000048,-0.1046668092770356,
516,Paxton Schultz,TOR,LEFT,RP,24.666666666666664,2,13,40,16,12,4,8,28,0,0,0,0,0,4.378,1.946,0,0,0.0,-2.171,-2.277,-0.506,-0.115,-0.369,-5.439,-0.07000000000000028,-0.16651537839528277,
517,Sam Moll,CIN,LEFT,RP,18.333333333333336,0,23,25,16,13,4,10,22,1,0,0,0,0,6.382,1.909,2,1,0.109,-1.909,-2.409,-0.506,-0.372,-0.251,-5.446,-0.07699999999999996,-0.18316691623481018,
518,Daniel Robert,PHI,LEFT,RP,12.999999999999998,0,15,15,7,6,2,10,15,0,0,0,0,0,4.154,1.923,0,1,0.0,-2.171,-2.563,-0.506,-0.038,-0.184,-5.462,-0.09299999999999997,-0.22122757415373184,
519,Jake Eder,ANA,LEFT,RP,18.333333333333336,0,8,21,10,10,3,9,15,0,1,0,0,0,4.909,1.636,0,0,0.0,-2.171,-2.563,-0.506,-0.161,-0.074,-5.476,-0.1070000000000002,-0.25453064983278884,
520,Casey Lawrence,SEA| TOR,RIGHT,RP,17.666666666666664,0,6,34,15,8,2,1,7,1,2,0,0,0,4.075,1.981,2,0,0.113,-1.909,-2.738,-0.506,-0.041,-0.286,-5.48,-0.11100000000000065,-0.2640458143125203,
521,John King,SLN,LEFT,RP,48.33333333333333,0,51,80,30,25,8,14,28,2,1,0,0,0,4.655,1.945,4,1,0.083,-1.646,-2.277,-0.506,-0.329,-0.721,-5.481,-0.1120000000000001,-0.26642460543245156,
522,Sean Reynolds,SDN,LEFT,RP,27.0,1,19,28,16,16,4,17,25,0,1,0,0,0,5.333,1.667,2,0,0.074,-2.171,-2.343,-0.506,-0.327,-0.139,-5.486,-0.11699999999999999,-0.27831856103211433,
523,Zach Maxwell,CIN,RIGHT,RP,10.0,0,8,16,5,5,3,4,13,0,0,0,0,0,4.500,2.000,1,0,0.1,-2.171,-2.607,-0.506,-0.056,-0.169,-5.509,-0.14000000000000057,-0.33303075679056554,
524,Carson Fulmer,ANA,RIGHT,RP,29.33333333333333,0,13,35,19,19,5,11,26,0,0,0,0,0,5.830,1.568,3,0,0.102,-2.171,-2.321,-0.506,-0.469,-0.049,-5.516,-0.14700000000000024,-0.349682294630093,
525,Jonathan Loaisiga,NYA,RIGHT,RP,29.666666666666668,0,30,49,15,14,7,10,25,0,1,1,0,0,4.247,1.989,1,1,0.034,-2.171,-2.343,-0.415,-0.108,-0.489,-5.526,-0.15700000000000003,-0.3734702058294185,
526,Kevin Ginkel,ARI,LEFT,RP,25.666666666666668,0,29,38,22,21,2,13,29,1,4,3,0,0,7.364,1.987,1,0,0.039,-1.909,-2.255,-0.233,-0.717,-0.421,-5.535,-0.16600000000000037,-0.3948793259088127,
527,Andrew Heaney,LAN| PIT,LEFT,SP| RP,122.33333333333334,23,27,189,77,75,25,40,86,5,10,0,0,0,5.518,1.872,7,1,0.057,-0.859,-1.003,-0.506,-1.657,-1.512,-5.537,-0.16800000000000015,-0.39963690814867736,
528,Joe Ross,PHI,RIGHT,RP,50.99999999999999,1,37,83,30,29,8,18,39,2,1,0,0,0,5.118,1.980,0,1,0.0,-1.646,-2.036,-0.506,-0.532,-0.825,-5.545,-0.17600000000000016,-0.4186672371081382,
529,Connor Seabold,ATL| TBA,RIGHT,RP,10.333333333333332,0,7,14,5,5,1,6,10,0,0,0,0,0,4.355,1.935,0,0,0.0,-2.171,-2.673,-0.506,-0.046,-0.151,-5.547,-0.17799999999999994,-0.42342481934800286,
530,Sean Guenther,DET,LEFT,RP,10.333333333333332,1,9,12,7,6,0,5,8,0,1,0,0,0,5.226,1.645,0,1,0.0,-2.171,-2.717,-0.506,-0.116,-0.045,-5.556,-0.18700000000000028,-0.4448339394273971,
531,Keaton Winn,SFN,RIGHT,RP,10.0,0,7,17,5,5,1,2,9,0,0,0,0,0,4.500,1.900,2,0,0.2,-2.171,-2.695,-0.506,-0.056,-0.133,-5.562,-0.1930000000000005,-0.45910668614699324,
532,Ian Gibaut,CIN,RIGHT,RP,25.33333333333334,0,25,35,13,13,3,8,15,0,1,0,0,0,4.618,1.697,2,1,0.079,-2.171,-2.563,-0.506,-0.165,-0.157,-5.563,-0.19399999999999995,-0.4614854772669245,
533,Easton McGee,MIL,RIGHT,RP,14.666666666666666,0,9,20,9,9,1,5,13,0,0,0,0,0,5.523,1.704,0,0,0.0,-2.171,-2.607,-0.506,-0.199,-0.095,-5.578,-0.20900000000000052,-0.4971673440659149,
534,Jonah Tong,NYN,RIGHT,SP,18.666666666666664,5,5,32,20,16,3,9,22,2,3,0,0,0,7.714,2.196,0,1,0.0,-1.646,-2.409,-0.506,-0.572,-0.444,-5.578,-0.20900000000000052,-0.4971673440659149,
535,Marcus Stroman,NYA,RIGHT,SP,39.0,9,9,61,27,27,6,16,26,3,2,0,0,0,6.231,1.974,3,0,0.077,-1.384,-2.321,-0.506,-0.745,-0.623,-5.579,-0.20999999999999996,-0.4995461351858462,
536,Roansy Contreras,BAL| COL,RIGHT,RP,12.666666666666666,0,5,16,8,8,3,2,6,0,0,0,0,0,5.684,1.421,1,1,0.079,-2.171,-2.76,-0.506,-0.188,0.045,-5.581,-0.21200000000000063,-0.504303717425713,
537,Alek Jacob,SDN,LEFT,RP,33.333333333333336,0,29,49,20,19,6,14,23,1,0,0,0,0,5.130,1.890,5,1,0.15,-1.909,-2.387,-0.506,-0.351,-0.433,-5.586,-0.21700000000000053,-0.5161976730253758,
538,Liam Hendriks,BOS,RIGHT,RP,13.666666666666666,0,14,14,11,10,2,7,12,0,2,0,0,0,6.585,1.537,2,0,0.146,-2.171,-2.629,-0.506,-0.299,-0.008,-5.613,-0.24400000000000066,-0.5804250332635563,
539,Lyon Richardson,CIN,SWITCH,RP,37.666666666666664,0,34,50,25,19,2,21,30,0,3,0,0,0,4.540,1.885,1,1,0.027,-2.171,-2.233,-0.506,-0.223,-0.483,-5.616,-0.2469999999999999,-0.5875614066233522,
540,Anthony Veneziano,MIA| SLN,LEFT,RP,25.000000000000004,1,26,39,13,13,4,11,25,0,0,0,0,0,4.680,2.000,5,0,0.2,-2.171,-2.343,-0.506,-0.175,-0.422,-5.618,-0.24900000000000055,-0.592318988863219,
541,Mitch Farris,ANA,LEFT,SP,24.333333333333332,5,5,35,19,18,4,11,24,1,3,0,0,0,6.657,1.890,2,2,0.082,-1.909,-2.365,-0.506,-0.546,-0.317,-5.643,-0.274,-0.6517887668615328,
542,Sam Long,KCA,LEFT,RP,40.33333333333333,0,39,63,31,24,7,22,33,2,3,0,0,0,5.355,2.107,2,0,0.05,-1.646,-2.167,-0.506,-0.495,-0.833,-5.648,-0.2789999999999999,-0.6636827224611955,
543,Juan Burgos,ARI| SEA,RIGHT,RP,13.333333333333334,0,13,24,10,9,2,8,14,1,1,0,0,0,6.075,2.400,1,1,0.075,-1.909,-2.585,-0.506,-0.238,-0.413,-5.651,-0.28200000000000003,-0.6708190958209936,
544,Ben Bowden,ATH,LEFT,RP,10.666666666666666,0,11,17,6,5,2,5,7,0,0,0,0,0,4.219,2.062,2,0,0.188,-2.171,-2.738,-0.506,-0.036,-0.203,-5.656,-0.2869999999999999,-0.6827130514206564,
545,Justin Bruihl,TOR,LEFT,RP,13.666666666666668,0,15,23,10,8,2,7,18,0,0,0,0,0,5.268,2.195,1,1,0.073,-2.171,-2.497,-0.506,-0.158,-0.324,-5.657,-0.28800000000000026,-0.6850918425405897,
546,Bryan Hudson,CHA| MIL,LEFT,RP,15.0,0,16,21,10,8,2,13,19,0,1,0,0,0,4.800,2.267,4,0,0.267,-2.171,-2.475,-0.506,-0.119,-0.394,-5.666,-0.2970000000000006,-0.706500962619984,
547,Ryan Feltner,COL,RIGHT,SP,30.333333333333336,6,6,46,17,16,4,12,25,0,2,0,0,0,4.747,1.912,8,0,0.264,-2.171,-2.343,-0.506,-0.229,-0.418,-5.667,-0.29800000000000004,-0.7088797537399153,
548,Davis Daniel,ATL,RIGHT,P,10.0,2,3,13,6,6,1,7,9,0,1,0,0,0,5.400,2.000,5,0,0.5,-2.171,-2.695,-0.506,-0.126,-0.169,-5.667,-0.29800000000000004,-0.7088797537399153,
549,Ryan Johnson,ANA,SWITCH,RP,14.666666666666666,0,14,29,15,12,4,5,16,1,1,1,0,0,7.364,2.318,0,0,0.0,-1.909,-2.541,-0.415,-0.41,-0.412,-5.686,-0.31700000000000017,-0.7540767850186351,
550,Logan VanWey,HOU,RIGHT,RP,10.666666666666668,0,9,18,7,6,2,3,7,0,0,0,0,0,5.062,1.969,0,0,0.0,-2.171,-2.738,-0.506,-0.107,-0.168,-5.691,-0.32200000000000006,-0.7659707406182977,
551,Andrew Hoffmann,ARI| KCA,RIGHT,RP,11.999999999999998,0,11,21,12,8,2,10,12,1,1,0,0,0,6.000,2.583,1,0,0.083,-1.909,-2.629,-0.506,-0.208,-0.449,-5.7,-0.3310000000000004,-0.787379860697692,
552,Wade Miley,CIN,LEFT,P,12.0,2,3,20,9,9,3,6,7,1,0,0,0,0,6.750,2.167,2,0,0.167,-1.909,-2.738,-0.506,-0.278,-0.273,-5.704,-0.33499999999999996,-0.7968950251774214,
553,Bryce Jarvis,ARI,LEFT,RP,22.0,0,12,34,14,14,3,10,21,0,0,1,0,0,5.727,2.000,1,1,0.045,-2.171,-2.431,-0.415,-0.334,-0.371,-5.722,-0.35300000000000065,-0.8397132653362098,
554,Frankie Montas,NYN,RIGHT,SP,38.66666666666667,7,9,70,29,27,8,14,32,3,2,0,0,0,6.285,2.172,4,0,0.103,-1.384,-2.189,-0.506,-0.755,-0.887,-5.722,-0.35300000000000065,-0.8397132653362098,
555,Brandyn Garcia,ARI| SEA,LEFT,RP,14.333333333333332,0,14,21,12,9,0,8,14,0,2,0,0,0,5.651,2.023,1,1,0.07,-2.171,-2.585,-0.506,-0.209,-0.254,-5.725,-0.35599999999999987,-0.8468496386960057,
556,Payton Tolle,BOS,LEFT,SP| RP,16.333333333333332,3,7,25,12,11,5,8,19,0,1,0,0,0,6.061,2.020,3,0,0.184,-2.171,-2.475,-0.506,-0.29,-0.287,-5.73,-0.36100000000000065,-0.8587435942956706,
557,Carson Spiers,CIN,RIGHT,P,13.333333333333334,2,3,18,9,9,3,7,11,0,2,0,0,0,6.075,1.875,0,0,0.0,-2.171,-2.651,-0.506,-0.238,-0.166,-5.733,-0.3639999999999999,-0.8658799676554666,
558,Dane Dunning,ATL| TEX,RIGHT,RP,20.666666666666664,0,12,33,17,16,4,7,21,0,0,2,0,0,6.968,1.935,0,0,0.0,-2.171,-2.431,-0.324,-0.514,-0.302,-5.741,-0.3719999999999999,-0.8849102966149274,
559,Beau Brieske,DET,RIGHT,RP,21.999999999999996,1,22,33,20,16,5,12,16,1,3,1,0,0,6.545,2.046,3,0,0.136,-1.909,-2.541,-0.415,-0.474,-0.406,-5.745,-0.37600000000000033,-0.8944254610946589,
560,Jon Gray,TEX,RIGHT,RP,14.000000000000002,0,6,23,12,12,5,6,12,1,1,0,0,0,7.714,2.071,2,0,0.143,-1.909,-2.629,-0.506,-0.429,-0.271,-5.745,-0.37600000000000033,-0.8944254610946589,
561,Nick Anderson,COL,RIGHT,RP,14.666666666666668,0,12,24,10,10,3,2,10,0,0,0,0,0,6.136,1.773,3,1,0.205,-2.171,-2.673,-0.506,-0.269,-0.13,-5.749,-0.3799999999999999,-0.9039406255743883,
562,Pierson Ohl,MIN,RIGHT,SP| RP,29.999999999999996,3,14,52,22,17,5,7,27,0,3,0,0,0,5.100,1.967,1,0,0.033,-2.171,-2.299,-0.506,-0.309,-0.471,-5.756,-0.38700000000000045,-0.9205921634139178,
563,Luis Contreras,HOU,RIGHT,RP,12.0,0,9,16,9,9,2,8,13,0,0,0,0,0,6.750,2.000,0,0,0.0,-2.171,-2.607,-0.506,-0.278,-0.202,-5.764,-0.39500000000000046,-0.9396224923733786,
564,Eduarniel Nunez,ATH| SDN,RIGHT,RP,12.666666666666666,0,10,19,10,10,2,11,11,1,0,0,0,0,7.105,2.368,2,2,0.158,-1.909,-2.651,-0.506,-0.328,-0.378,-5.772,-0.40300000000000047,-0.9586528213328395,
565,Thomas Hatch,KCA| MIN,RIGHT,RP,34.0,1,12,54,23,22,7,17,22,2,1,0,0,0,5.824,2.088,5,1,0.147,-1.646,-2.409,-0.506,-0.542,-0.679,-5.782,-0.41300000000000026,-0.9824407325321649,
566,Zach Agnos,COL,RIGHT,RP,31.333333333333332,0,30,47,25,23,5,17,19,1,3,4,0,0,6.606,2.043,0,2,0.0,-1.909,-2.475,-0.142,-0.69,-0.576,-5.791,-0.4220000000000006,-1.0038498526115591,
567,Adam Mazur,MIA,RIGHT,SP,30.0,6,6,45,21,16,4,12,19,0,4,0,0,0,4.800,1.900,2,0,0.067,-2.171,-2.475,-0.506,-0.238,-0.4,-5.791,-0.4220000000000006,-1.0038498526115591,
568,Jose Urena,ANA| LAN| MIN| NYN| TOR,RIGHT,SP| RP,55.0,6,19,81,29,28,8,23,34,0,1,1,0,0,4.582,1.891,1,1,0.018,-2.171,-2.145,-0.415,-0.343,-0.717,-5.792,-0.42300000000000004,-1.0062286437314905,
569,Nestor Cortes,MIL| SDN,RIGHT,SP,34.333333333333336,8,8,53,24,24,13,20,29,2,4,0,0,0,6.291,2.126,2,0,0.058,-1.646,-2.255,-0.506,-0.672,-0.732,-5.812,-0.4430000000000005,-1.0538044661301436,
570,Jonathan Cannon,CHA,RIGHT,SP| RP,103.66666666666664,17,22,164,69,67,19,38,86,4,10,0,0,0,5.817,1.949,12,1,0.116,-1.121,-1.003,-0.506,-1.646,-1.561,-5.838,-0.4690000000000003,-1.1156530352483907,
571,Nick Hernandez,HOU,RIGHT,RP,10.666666666666666,0,10,20,6,6,3,8,11,0,0,0,0,0,5.062,2.625,0,0,0.0,-2.171,-2.651,-0.506,-0.107,-0.415,-5.849,-0.4800000000000004,-1.1418197375676495,
572,Jordan Wicks,CHN,LEFT,RP,14.333333333333334,0,8,32,12,10,2,1,13,0,1,1,0,0,6.279,2.302,0,1,0.0,-2.171,-2.607,-0.415,-0.279,-0.394,-5.867,-0.4980000000000002,-1.184637977726436,
573,Mason Barnett,ATH,RIGHT,SP,22.333333333333332,5,5,35,18,17,3,11,18,1,1,0,0,0,6.851,2.060,2,0,0.09,-1.909,-2.497,-0.506,-0.535,-0.424,-5.87,-0.5010000000000003,-1.191774351086234,
574,Caden Dana,ANA,LEFT,SP,32.333333333333336,5,7,42,24,23,9,18,33,0,4,0,0,0,6.402,1.856,7,3,0.216,-2.171,-2.167,-0.506,-0.661,-0.381,-5.887,-0.5179999999999998,-1.232213800125087,
575,Bowden Francis,TOR,RIGHT,SP,63.99999999999999,14,14,96,46,43,19,27,54,2,8,0,0,0,6.047,1.922,0,0,0.0,-1.646,-1.706,-0.506,-1.131,-0.904,-5.893,-0.524,-1.246486546844683,
576,Alexis Diaz,ATL| CIN| LAN,RIGHT,RP,17.666666666666668,0,18,25,17,16,6,12,17,1,0,0,0,0,8.151,2.094,7,1,0.396,-1.909,-2.519,-0.506,-0.602,-0.357,-5.893,-0.524,-1.246486546844683,
577,Roddery Munoz,SLN,RIGHT,RP,11.0,0,9,15,10,10,4,9,14,0,0,0,0,0,8.182,2.182,2,0,0.182,-2.171,-2.585,-0.506,-0.377,-0.256,-5.896,-0.5270000000000001,-1.2536229202044813,
578,Carlos Hernandez,CLE| DET| PHI,RIGHT,RP,43.33333333333334,0,41,62,32,30,4,22,39,1,0,0,0,0,6.231,1.938,9,1,0.208,-1.909,-2.036,-0.506,-0.828,-0.637,-5.916,-0.5470000000000006,-1.3011987426031344,
579,Garrett McDaniels,ANA,LEFT,RP,10.666666666666666,0,10,17,8,7,2,8,6,0,0,0,0,0,5.906,2.344,4,0,0.375,-2.171,-2.76,-0.506,-0.177,-0.309,-5.924,-0.5550000000000006,-1.320229071562595,
580,Scott McGough,ARI| ATH,RIGHT,RP,16.0,0,13,28,12,12,4,7,16,0,0,0,0,0,6.750,2.188,0,0,0.0,-2.171,-2.541,-0.506,-0.37,-0.376,-5.964,-0.5950000000000006,-1.4153807163598993,
581,Sammy Peralta,ANA,LEFT,RP,10.666666666666668,0,5,18,12,9,0,6,8,0,1,0,0,0,7.594,2.250,3,0,0.281,-2.171,-2.717,-0.506,-0.317,-0.274,-5.985,-0.6160000000000005,-1.4653353298784837,
582,Richard Lovelady,NYN| TOR,LEFT,RP,11.666666666666668,0,10,19,12,11,3,6,12,0,1,0,0,0,8.486,2.143,0,0,0.0,-2.171,-2.629,-0.506,-0.428,-0.256,-5.99,-0.6210000000000004,-1.4772292854781464,
583,Caleb Boushley,TEX,RIGHT,RP,43.333333333333336,1,25,71,33,29,5,14,41,0,0,1,0,0,6.023,1.962,1,1,0.023,-2.171,-1.992,-0.415,-0.758,-0.672,-6.008,-0.6390000000000002,-1.5200475256369328,
584,Julian Merryweather,CHN,RIGHT,RP,18.666666666666668,0,21,31,13,12,2,11,15,0,1,0,0,0,5.786,2.250,3,0,0.161,-2.171,-2.563,-0.506,-0.292,-0.479,-6.011,-0.6420000000000003,-1.5271838989967308,
585,Gunnar Hoglund,ATH,LEFT,SP,32.33333333333333,6,6,54,23,23,10,11,23,1,3,0,0,0,6.402,2.010,2,1,0.062,-1.909,-2.387,-0.506,-0.661,-0.557,-6.02,-0.6509999999999998,-1.548593019076123,
586,Tayler Saucedo,SEA,LEFT,RP,13.333333333333332,0,10,24,12,11,2,6,12,0,0,0,0,0,7.425,2.250,3,0,0.225,-2.171,-2.629,-0.506,-0.379,-0.342,-6.027,-0.6580000000000004,-1.5652445569156526,
587,John Brebbia,ATL| DET,LEFT,RP,23.333333333333336,0,22,40,23,20,5,12,26,1,1,0,0,0,7.714,2.229,2,0,0.086,-1.909,-2.321,-0.506,-0.716,-0.581,-6.033,-0.6640000000000006,-1.5795173036352486,
588,Jake Woodford,ARI,RIGHT,RP,36.333333333333336,0,22,57,28,26,3,13,23,0,4,3,0,0,6.440,1.927,2,1,0.055,-2.171,-2.387,-0.233,-0.753,-0.519,-6.063,-0.694,-1.6508810372332252,
589,Paul Blackburn,NYA| NYN,RIGHT,SP| RP,39.0,4,15,64,29,27,6,12,34,0,3,1,0,0,6.231,1.949,4,0,0.103,-2.171,-2.145,-0.415,-0.745,-0.588,-6.064,-0.6950000000000003,-1.6532598283531585,
590,Sean Hjelle,SFN,RIGHT,RP,15.0,1,12,29,13,13,2,9,11,1,1,0,0,0,7.800,2.533,0,0,0.0,-1.909,-2.651,-0.506,-0.47,-0.535,-6.071,-0.702,-1.669911366192686,
591,Trevor Williams,WAS,RIGHT,SP,82.66666666666666,17,17,138,59,57,11,21,65,3,10,0,0,0,6.206,1.923,10,3,0.121,-1.384,-1.464,-0.506,-1.563,-1.172,-6.089,-0.7200000000000006,-1.7127296063514745,
592,Shaun Anderson,ANA,RIGHT,RP,11.333333333333334,0,7,27,13,13,6,3,11,1,0,0,0,0,10.323,2.647,1,0,0.088,-1.909,-2.651,-0.506,-0.578,-0.449,-6.093,-0.7240000000000002,-1.7222447708312039,
593,Penn Murfee,CHA,RIGHT,RP,12.666666666666668,0,15,26,11,11,3,5,13,0,1,0,0,0,7.816,2.447,0,0,0.0,-2.171,-2.607,-0.506,-0.399,-0.413,-6.096,-0.7270000000000003,-1.7293811441910019,
594,Matthew Bowman,BAL,RIGHT,RP,24.666666666666664,0,20,45,18,17,4,6,18,0,1,0,0,0,6.203,2.068,3,0,0.122,-2.171,-2.497,-0.506,-0.466,-0.475,-6.115,-0.7460000000000004,-1.7745781754697216,
595,Scott Alexander,COL| SFN,LEFT,RP,17.666666666666668,0,21,37,12,12,5,9,8,1,1,0,0,0,6.113,2.604,1,2,0.057,-1.909,-2.717,-0.506,-0.321,-0.674,-6.127,-0.758,-1.8031236689089118,
596,Sawyer Gipson-Long,DET,RIGHT,SP| RP,31.333333333333332,3,8,51,26,25,8,6,26,0,2,0,0,0,7.181,1.819,6,2,0.191,-2.171,-2.321,-0.506,-0.831,-0.329,-6.158,-0.7890000000000006,-1.8768661936268238,
597,Joel Payamps,ATL| MIL,RIGHT,RP,26.333333333333332,0,30,48,20,20,4,9,24,0,1,1,0,0,6.835,2.165,0,0,0.0,-2.171,-2.365,-0.415,-0.627,-0.597,-6.175,-0.806,-1.9173056426656767,
598,Scott Effross,NYA,RIGHT,RP,10.666666666666666,0,11,24,10,10,1,3,6,0,0,0,0,0,8.438,2.531,1,0,0.094,-2.171,-2.76,-0.506,-0.387,-0.38,-6.205,-0.8360000000000003,-1.9886693762636554,
599,Victor Mederos,ANA,RIGHT,SP,17.0,3,5,27,14,14,4,12,14,0,2,0,0,0,7.412,2.294,0,0,0.0,-2.171,-2.585,-0.506,-0.481,-0.463,-6.206,-0.8370000000000006,-1.9910481673835887,
600,Jose Ruiz,ATL| PHI,RIGHT,RP,16.333333333333336,0,18,33,17,16,3,9,15,1,0,0,0,0,8.816,2.571,1,1,0.061,-1.909,-2.563,-0.506,-0.641,-0.604,-6.223,-0.8540000000000001,-2.031487616422442,
601,Lance McCullers,HOU,LEFT,SP| RP,55.33333333333333,13,16,84,45,40,10,39,61,2,5,0,0,0,6.506,2.223,9,0,0.163,-1.646,-1.552,-0.506,-1.176,-1.368,-6.249,-0.8799999999999999,-2.093336185540689,
602,Shinnosuke Ogasawara,WAS,LEFT,RP,38.66666666666667,2,23,60,30,30,9,17,30,1,1,0,0,0,6.983,1.991,2,2,0.052,-1.909,-2.233,-0.506,-0.965,-0.641,-6.254,-0.8849999999999998,-2.1052301411403516,
603,Blade Tidwell,NYN,RIGHT,P,15.0,2,4,29,15,15,4,10,10,1,1,0,0,0,9.000,2.600,2,0,0.133,-1.909,-2.673,-0.506,-0.61,-0.57,-6.268,-0.899,-2.1385332168194084,
604,Osvaldo Bido,ATH,RIGHT,SP| RP,79.66666666666664,10,26,129,56,52,19,35,68,2,5,1,0,0,5.875,2.059,13,2,0.163,-1.646,-1.399,-0.415,-1.3,-1.508,-6.269,-0.9000000000000004,-2.140912007939342,
605,Kendall Graveman,ARI,RIGHT,RP,17.666666666666664,0,19,35,14,14,2,12,9,1,0,0,0,0,7.132,2.660,4,2,0.226,-1.909,-2.695,-0.506,-0.462,-0.709,-6.28,-0.9110000000000005,-2.167078710258601,
606,Chris Roycroft,SLN,RIGHT,RP,20.666666666666668,0,20,38,21,18,2,12,15,1,3,0,0,0,7.839,2.419,2,1,0.097,-1.909,-2.563,-0.506,-0.654,-0.654,-6.286,-0.9169999999999998,-2.181351456978195,
607,T. J. McFarland,ATH,LEFT,RP,15.666666666666671,0,27,35,12,12,2,3,7,0,0,0,0,0,6.894,2.425,0,0,0.0,-2.171,-2.738,-0.506,-0.38,-0.499,-6.295,-0.9260000000000002,-2.2027605770575893,
608,Genesis Cabrera,CHN| MIN| NYN| PIT,LEFT,RP,42.66666666666667,0,40,66,32,31,12,18,35,0,1,1,0,0,6.539,1.969,6,3,0.141,-2.171,-2.123,-0.415,-0.918,-0.673,-6.3,-0.931,-2.214654532657252,
609,Orlando Ribalta,WAS,RIGHT,RP,24.333333333333336,0,22,39,19,19,6,17,25,0,0,0,0,0,7.027,2.301,1,0,0.041,-2.171,-2.343,-0.506,-0.616,-0.669,-6.305,-0.9359999999999999,-2.2265484882569146,
610,Sam Aldegheri,ANA,LEFT,P,13.666666666666668,2,4,27,14,12,3,10,12,0,2,0,0,0,7.902,2.707,2,1,0.146,-2.171,-2.629,-0.506,-0.439,-0.571,-6.316,-0.9470000000000001,-2.2527151905761738,
611,Brooks Kriske,CHN| MIN,RIGHT,RP,18.0,0,16,30,15,15,1,15,18,0,1,0,0,0,7.500,2.500,1,1,0.056,-2.171,-2.497,-0.506,-0.522,-0.621,-6.317,-0.9480000000000004,-2.255093981696107,
612,Ryan Fernandez,SLN,RIGHT,RP,30.33333333333333,0,32,49,30,26,6,16,34,0,4,1,0,0,7.714,2.143,2,1,0.066,-2.171,-2.145,-0.415,-0.93,-0.664,-6.326,-0.9569999999999999,-2.276503101775499,
613,Travis Adams,MIN,RIGHT,RP,33.666666666666664,2,18,55,29,28,6,17,31,1,4,0,0,0,7.485,2.139,3,1,0.089,-1.909,-2.211,-0.506,-0.972,-0.732,-6.331,-0.9620000000000006,-2.288397057375164,
614,Luarbert Arias,MIA,RIGHT,RP,10.333333333333334,0,7,23,13,13,2,5,10,0,0,0,0,0,11.323,2.710,2,0,0.194,-2.171,-2.673,-0.506,-0.608,-0.433,-6.39,-1.021,-2.4287457334511857,
615,Mason Thompson,WAS,RIGHT,RP,10.666666666666666,0,14,23,16,14,1,12,11,1,1,0,0,0,11.812,3.281,3,0,0.281,-1.909,-2.651,-0.506,-0.668,-0.661,-6.395,-1.0259999999999998,-2.4406396890508484,
616,Jared Shuster,CHA,LEFT,RP,15.666666666666666,2,12,35,15,14,0,5,12,0,0,0,0,0,8.043,2.553,2,0,0.128,-2.171,-2.629,-0.506,-0.521,-0.57,-6.396,-1.0270000000000001,-2.4430184801707817,
617,Joey Estes,ATH,RIGHT,P,11.0,2,3,24,12,12,4,6,6,0,2,0,0,0,9.818,2.727,1,0,0.091,-2.171,-2.76,-0.506,-0.518,-0.467,-6.423,-1.0540000000000003,-2.5072458404089626,
618,Erick Fedde,ATL| MIL| SLN,RIGHT,SP| RP,140.99999999999997,24,32,200,90,86,19,67,83,4,13,0,0,0,5.489,1.894,30,2,0.213,-1.121,-1.069,-0.506,-1.878,-1.85,-6.426,-1.0570000000000004,-2.5143822137687604,
619,George Soriano,MIA,RIGHT,RP,36.666666666666664,0,24,64,36,34,10,19,36,2,0,1,0,0,8.345,2.264,2,0,0.055,-1.646,-2.101,-0.415,-1.305,-0.959,-6.427,-1.0579999999999998,-2.516761004888692,
620,Jordan Hicks,BOS| SFN,RIGHT,SP| RP,67.33333333333331,9,34,104,56,52,6,32,58,2,7,2,0,0,6.950,2.020,3,1,0.045,-1.646,-1.618,-0.324,-1.664,-1.183,-6.436,-1.0670000000000002,-2.538170124968086,
621,Tyler Zuber,MIA| NYN,RIGHT,RP,12.0,0,10,26,15,15,3,6,14,0,1,0,0,0,11.250,2.667,0,0,0.0,-2.171,-2.585,-0.506,-0.699,-0.484,-6.445,-1.0760000000000005,-2.5595792450474804,
622,Brandon Young,BAL,RIGHT,SP,57.666666666666664,12,12,96,42,40,12,22,47,1,7,0,0,0,6.243,2.046,0,0,0.0,-1.909,-1.86,-0.506,-1.107,-1.067,-6.449,-1.08,-2.5690944095272097,
623,Cal Quantrill,ATL| MIA,LEFT,SP,117.66666666666667,26,26,193,81,79,22,35,85,4,12,0,0,0,6.043,1.938,25,3,0.212,-1.121,-1.025,-0.506,-2.075,-1.727,-6.455,-1.0860000000000003,-2.5833671562468057,
624,Chris Stratton,KCA| LAN,RIGHT,RP,21.0,0,15,43,20,18,4,10,22,0,0,0,0,0,7.714,2.524,1,0,0.048,-2.171,-2.409,-0.506,-0.644,-0.742,-6.472,-1.1030000000000006,-2.623806605285661,
625,McCade Brown,COL,RIGHT,SP,25.666666666666664,7,7,42,21,21,6,17,23,0,5,0,0,0,7.364,2.299,5,1,0.195,-2.171,-2.387,-0.506,-0.717,-0.703,-6.485,-1.1160000000000005,-2.6547308898447843,
626,Colin Holderman,PIT,RIGHT,RP,25.666666666666668,0,24,45,21,20,4,16,18,0,2,1,0,0,7.013,2.377,5,0,0.195,-2.171,-2.497,-0.415,-0.647,-0.773,-6.503,-1.1340000000000003,-2.6975491300035705,
627,Ryan Loutos,LAN| WAS,RIGHT,RP,11.999999999999998,0,12,26,21,17,4,8,8,1,0,0,0,0,12.750,2.833,2,0,0.167,-1.909,-2.717,-0.506,-0.839,-0.555,-6.525,-1.1560000000000006,-2.7498825346420883,
628,Lucas Sims,WAS,RIGHT,RP,12.333333333333332,0,18,20,19,19,2,14,13,1,0,0,0,0,13.865,2.757,1,1,0.081,-1.909,-2.607,-0.506,-0.97,-0.537,-6.528,-1.1589999999999998,-2.7570189080018843,
629,Zach Brzykcy,WAS,RIGHT,RP,23.0,0,26,39,23,23,6,12,24,0,1,0,0,0,9.000,2.217,2,1,0.087,-2.171,-2.365,-0.506,-0.936,-0.564,-6.543,-1.1740000000000004,-2.792700774800875,
630,Nate Pearson,CHN,RIGHT,RP,14.666666666666666,0,11,28,15,15,2,10,7,0,1,0,0,0,9.204,2.591,1,0,0.068,-2.171,-2.738,-0.506,-0.62,-0.553,-6.589,-1.2200000000000006,-2.902125166317775,
631,Elvin Rodriguez,BAL| MIL,RIGHT,RP,19.666666666666668,2,7,40,20,20,9,7,18,0,2,0,0,0,9.152,2.390,0,1,0.0,-2.171,-2.497,-0.506,-0.824,-0.602,-6.6,-1.2309999999999999,-2.928291868637032,
632,Chase Dollander,COL,RIGHT,SP,98.00000000000001,21,21,136,76,71,18,49,82,2,12,0,0,0,6.520,1.888,17,1,0.173,-1.646,-1.091,-0.506,-2.093,-1.266,-6.603,-1.234,-2.93542824199683,
633,Anthony Molina,COL,RIGHT,RP,34.666666666666664,1,17,72,30,28,12,6,24,1,1,0,0,0,7.269,2.250,0,1,0.0,-1.909,-2.365,-0.506,-0.943,-0.89,-6.613,-1.2440000000000007,-2.9592161531961576,
634,Andry Lara,WAS,RIGHT,RP,14.333333333333332,0,9,34,15,14,2,8,10,0,0,0,0,0,8.791,2.930,1,0,0.07,-2.171,-2.673,-0.506,-0.56,-0.711,-6.621,-1.2520000000000007,-2.9782464821556185,
635,Tayler Scott,ARI| HOU,RIGHT,RP,27.333333333333336,0,24,51,25,24,6,18,24,1,2,0,0,0,7.902,2.524,12,0,0.439,-1.909,-2.365,-0.506,-0.878,-0.966,-6.625,-1.2560000000000002,-2.987761646635348,
636,Luis Peralta,COL,LEFT,RP,18.999999999999996,0,22,35,22,20,6,18,16,1,3,0,0,0,9.474,2.789,4,1,0.211,-1.909,-2.541,-0.506,-0.843,-0.849,-6.648,-1.279,-3.0424738423937967,
637,Cionel Perez,BAL,RIGHT,RP,21.666666666666668,0,19,37,22,20,3,18,21,0,0,0,0,0,8.308,2.538,1,0,0.046,-2.171,-2.431,-0.506,-0.765,-0.776,-6.65,-1.2810000000000006,-3.047231424633664,
638,Austin Cox,ATL,LEFT,RP,21.333333333333336,1,13,46,21,21,9,7,22,0,0,0,0,0,8.859,2.484,0,0,0.0,-2.171,-2.409,-0.506,-0.845,-0.724,-6.655,-1.2860000000000005,-3.0591253802333265,
639,Carlos Carrasco,ATL| NYA,RIGHT,SP,45.666666666666664,9,11,87,36,36,10,17,34,2,2,0,0,0,7.095,2.277,4,0,0.088,-1.646,-2.145,-0.506,-1.18,-1.217,-6.695,-1.3260000000000005,-3.1542770250306305,
640,Jorge Alcala,BOS| MIN| SLN,RIGHT,RP,55.000000000000014,0,56,96,44,38,13,30,61,0,2,0,0,0,6.218,2.291,8,3,0.145,-2.171,-1.552,-0.506,-1.045,-1.491,-6.766,-1.3970000000000002,-3.3231711945458446,
641,Connor Gillispie,MIA,RIGHT,SP,26.0,6,6,49,26,25,6,11,23,0,3,0,0,0,8.654,2.308,6,1,0.231,-2.171,-2.387,-0.506,-0.988,-0.72,-6.773,-1.404,-3.339822732385372,
642,Ryan Rolison,COL,RIGHT,RP,42.333333333333336,1,31,73,35,33,11,20,25,1,0,0,0,0,7.016,2.197,2,0,0.047,-1.909,-2.343,-0.506,-1.068,-1.008,-6.834,-1.4649999999999999,-3.4849289907012606,
643,Forrest Whitley,HOU| TBA,RIGHT,RP,11.999999999999998,0,10,30,20,18,3,8,12,0,0,0,0,0,13.500,3.167,1,0,0.083,-2.171,-2.629,-0.506,-0.909,-0.696,-6.911,-1.5419999999999998,-3.668095906936071,
644,Didier Fuentes,ATL,RIGHT,SP,13.0,4,4,31,20,20,6,6,12,0,3,0,0,0,13.846,2.846,0,1,0.0,-2.171,-2.629,-0.506,-1.02,-0.607,-6.933,-1.564,-3.7204293115745886,
645,Angel Chivilli,COL,RIGHT,RP,58.666666666666664,0,43,101,49,46,13,23,43,1,5,0,0,0,7.057,2.114,4,2,0.068,-1.909,-1.948,-0.506,-1.499,-1.225,-7.086,-1.7170000000000005,-4.084384352924277,
646,Noah Murdock,ATH,RIGHT,RP,17.0,0,14,34,25,25,0,20,21,1,1,0,0,0,13.235,3.176,3,1,0.176,-1.909,-2.431,-0.506,-1.253,-0.991,-7.09,-1.721,-4.093899517404007,
647,Noah Davis,LAN| MIN,RIGHT,RP,11.0,0,9,30,24,22,7,6,15,0,2,0,0,0,18.000,3.273,1,1,0.091,-2.171,-2.563,-0.506,-1.22,-0.679,-7.138,-1.7690000000000001,-4.208081491160772,
648,Tanner Houck,BOS,RIGHT,SP,43.66666666666667,9,9,75,41,39,10,17,32,0,3,0,0,0,8.038,2.107,6,1,0.137,-2.171,-2.189,-0.506,-1.45,-0.901,-7.217,-1.8479999999999999,-4.396005989635447,
649,Bryse Wilson,CHA,RIGHT,SP| RP,47.333333333333336,5,20,90,37,35,11,19,28,0,2,0,0,0,6.655,2.303,9,1,0.19,-2.171,-2.277,-0.506,-1.061,-1.303,-7.319,-1.9500000000000002,-4.638642683868573,
650,Eduardo Salazar,WAS,RIGHT,RP,29.000000000000004,0,30,65,29,27,7,16,23,0,1,0,0,0,8.379,2.793,6,0,0.207,-2.171,-2.387,-0.506,-1.04,-1.299,-7.404,-2.035,-4.840839929062844,
651,Carson Palmquist,COL,LEFT,SP,34.333333333333336,7,9,65,35,34,10,25,27,0,4,0,0,0,8.913,2.621,10,0,0.291,-2.171,-2.299,-0.506,-1.374,-1.331,-7.681,-2.3120000000000003,-5.499765069284175,
652,Kyle Gibson,BAL,RIGHT,SP,12.333333333333332,4,4,44,23,23,7,7,10,0,3,0,0,0,16.784,4.135,0,0,0.0,-2.171,-2.673,-0.506,-1.25,-1.136,-7.736,-2.367,-5.630598580880467,
653,Jack Kochanowicz,ANA,LEFT,SP,110.99999999999999,23,23,172,89,84,21,58,72,3,11,0,0,0,6.811,2.072,4,3,0.036,-1.384,-1.311,-0.506,-2.622,-2.154,-7.978,-2.609,-6.206266031904157,
654,Austin Gomber,COL,LEFT,SP,57.66666666666667,12,12,118,51,48,16,17,34,0,7,0,0,0,7.491,2.341,5,1,0.087,-2.171,-2.145,-0.506,-1.668,-1.666,-8.157,-2.7880000000000003,-6.632069642372093,
655,Bradley Blalock,COL,RIGHT,SP,58.66666666666666,12,14,111,61,61,17,23,27,2,6,0,0,0,9.358,2.284,7,2,0.119,-1.646,-2.299,-0.506,-2.551,-1.577,-8.58,-3.2110000000000003,-7.638298286103583,
656,German Marquez,COL,RIGHT,SP,126.33333333333333,26,26,237,106,94,23,48,83,3,16,0,0,0,6.697,2.256,19,3,0.15,-1.384,-1.069,-0.506,-2.872,-3.27,-9.101,-3.732000000000001,-8.877648459588471,
657,Antonio Senzatela,COL,RIGHT,SP| RP,130.0,23,30,256,103,96,22,47,73,4,15,0,0,0,6.646,2.331,5,1,0.038,-1.121,-1.289,-0.506,-2.904,-3.708,-9.529,-4.16,-9.895771058919621,
