,Name,Team,L/R,POS,IP,GS,GP,HA,R,ER,HR,BB,K,W,L,S,HD,BS,ERA,WHIP,SB,CS,SBP,W-Z,K-Z,S-Z,ERA-Z,WHIP-Z,Z-SUM,Z-SUM-A,ACV,
1,Gerrit Cole,NYA,RIGHT,SP,208.99999999999997,33,33,157,64,61,20,48,222,15,4,0,0,0,2.627,0.981,7,4,0.033,1.703,1.804,-0.509,2.323,2.581,7.903,15.123999999999999,26.75181190974217,
2,Spencer Strider,ATL,RIGHT,SP,186.66666666666663,32,32,146,85,80,22,58,281,20,5,0,0,0,3.857,1.093,19,2,0.102,3.018,3.066,-0.509,0.125,1.289,6.989,14.21,25.135099658650905,
3,Blake Snell,LAN| TBA| SDN| SFN,LEFT,SP,180.0,32,32,115,47,45,15,99,234,14,9,0,0,0,2.250,1.189,25,1,0.139,1.44,2.061,-0.509,2.577,0.403,5.972,13.193000000000001,23.33619773374957,
4,Zac Gallen,ARI,RIGHT,SP,210.00000000000006,34,34,188,87,81,22,47,220,17,9,0,0,0,3.471,1.119,5,6,0.024,2.229,1.761,-0.509,0.828,1.183,5.493,12.714,22.488927308943534,
5,Luis Castillo,SEA| CIN,RIGHT,SP,197.0,33,33,160,81,73,28,56,219,14,9,0,0,0,3.335,1.096,6,6,0.03,1.44,1.74,-0.509,1.005,1.327,5.003,12.224,21.622199734507294,
6,Zach Eflin,BAL| PHI| TBA,RIGHT,SP,177.66666666666669,31,31,158,69,69,19,24,186,16,8,0,0,0,3.495,1.024,7,6,0.039,1.966,1.034,-0.509,0.665,1.818,4.975,12.196,21.57267244453951,
7,Logan Webb,SFN,RIGHT,SP,216.0,33,33,201,83,78,20,31,194,11,13,0,0,0,3.250,1.074,20,4,0.093,0.651,1.205,-0.509,1.258,1.689,4.295,11.516,20.36986683103616,
8,Kevin Gausman,TOR| SFN,RIGHT,SP,185.00000000000003,31,31,163,72,65,19,55,237,12,9,0,0,0,3.162,1.178,21,4,0.114,0.914,2.125,-0.509,1.216,0.509,4.255,11.475999999999999,20.299113559653605,
9,Zack Wheeler,PHI,RIGHT,SP,192.0,32,32,168,82,77,20,39,212,13,6,0,0,0,3.609,1.078,3,4,0.016,1.177,1.59,-0.509,0.533,1.464,4.255,11.475999999999999,20.299113559653605,
10,Kyle Bradish,BAL,RIGHT,SP,168.66666666666669,30,30,132,54,53,14,44,168,12,7,0,0,0,2.828,1.044,3,2,0.018,0.914,0.649,-0.509,1.587,1.57,4.211,11.432,20.221284961132802,
11,George Kirby,SEA,RIGHT,SP,190.66666666666669,31,31,179,74,71,22,19,172,13,10,0,0,0,3.351,1.038,17,4,0.089,1.177,0.735,-0.509,0.946,1.821,4.17,11.391,20.14876285796569,
12,Justin Steele,CHN,LEFT,SP,173.33333333333334,30,30,167,71,59,14,36,176,16,5,0,0,0,3.063,1.171,8,4,0.046,1.966,0.82,-0.509,1.284,0.538,4.099,11.32,20.02317580126166,
13,Felix Bautista,BAL,RIGHT,RP,61.0,0,56,30,14,10,4,26,110,8,2,33,0,0,1.475,0.918,10,2,0.164,-0.138,-0.591,2.299,1.275,0.94,3.784,11.004999999999999,19.46599378912408,
14,Corbin Burnes,ARI| MIL| BAL,RIGHT,SP,193.66666666666663,32,32,141,77,73,22,66,200,10,8,0,0,0,3.392,1.069,11,2,0.057,0.388,1.334,-0.509,0.894,1.564,3.67,10.891,19.264346965683814,
15,Chris Bassitt,TOR| OAK| NYN,RIGHT,SP,200.0,33,33,176,88,80,28,59,186,16,8,0,0,0,3.600,1.175,14,6,0.07,1.966,1.034,-0.509,0.571,0.583,3.645,10.866,19.22012617106972,
16,Framber Valdez,HOU,LEFT,SP,198.0,31,31,166,86,76,19,57,200,12,11,0,0,0,3.454,1.126,19,1,0.096,0.914,1.334,-0.509,0.809,1.046,3.594,10.815,19.129915750056966,
17,Logan Gilbert,SEA,RIGHT,SP,190.66666666666666,32,32,169,82,79,29,36,189,13,7,0,0,0,3.729,1.075,14,1,0.073,1.177,1.098,-0.509,0.335,1.481,3.582,10.803,19.108689768642204,
18,Devin Williams,NYA| MIL,RIGHT,RP,58.66666666666667,0,61,26,13,10,4,28,87,8,3,36,0,0,1.534,0.920,10,1,0.17,-0.138,-1.083,2.555,1.197,0.897,3.427,10.648,18.83452084203482,
19,Pablo Lopez,MIN| MIA,RIGHT,SP,194.00000000000003,32,32,176,81,79,24,48,234,11,8,0,0,0,3.665,1.155,8,3,0.041,0.651,2.061,-0.509,0.447,0.758,3.407,10.628,18.79914420634355,
20,Clayton Kershaw,LAN,LEFT,SP,131.66666666666666,24,24,100,39,36,19,40,137,13,5,0,0,0,2.461,1.063,6,4,0.046,1.177,-0.014,-0.509,1.649,1.099,3.403,10.624,18.792068879205292,
21,Kodai Senga,NYN,RIGHT,SP,166.33333333333331,29,29,126,60,55,17,77,202,12,7,0,0,0,2.976,1.220,11,3,0.066,0.914,1.376,-0.509,1.356,0.118,3.255,10.475999999999999,18.530281775089854,
22,Freddy Peralta,MIL,RIGHT,SP,165.66666666666669,30,30,131,77,71,26,54,210,12,10,0,0,0,3.857,1.117,7,0,0.042,0.914,1.547,-0.509,0.111,0.952,3.016,10.237,18.10753097857912,
23,Sonny Gray,SLN| CIN| MIN,RIGHT,SP,184.0,32,32,156,59,57,8,55,183,8,8,0,0,0,2.788,1.147,8,4,0.043,-0.138,0.97,-0.509,1.794,0.789,2.906,10.127,17.91295948227711,
24,Merrill Kelly,ARI| TEX,RIGHT,SP,177.66666666666666,30,30,143,71,65,20,69,187,12,8,0,0,0,3.293,1.193,13,4,0.073,0.914,1.056,-0.509,0.971,0.361,2.792,10.013,17.71131265883684,
25,Justin Verlander,SFN| HOU| NYN,RIGHT,SP,162.33333333333331,27,27,139,63,58,18,45,144,13,8,0,0,0,3.216,1.133,11,2,0.068,1.177,0.136,-0.509,0.993,0.801,2.598,9.818999999999999,17.36815929263147,
26,Shohei Ohtani,LAN| ANA,RIGHT,SP,132.0,23,23,85,50,46,18,55,167,10,5,0,0,0,3.136,1.061,5,3,0.038,0.388,0.628,-0.509,0.896,1.119,2.522,9.743,17.233728077004628,
27,Max Scherzer,TOR| WAS| LAN| NYN| TEX,RIGHT,SP,152.66666666666666,27,27,126,65,64,28,45,174,13,6,0,0,0,3.773,1.120,9,1,0.059,1.177,0.778,-0.509,0.211,0.853,2.51,9.731,17.212502095589862,
28,Alexis Diaz,ATL| CIN| LAN,RIGHT,RP,67.33333333333333,0,71,44,30,23,4,36,86,9,6,37,0,0,3.074,1.188,12,3,0.178,0.125,-1.104,2.64,0.493,0.153,2.306,9.527000000000001,16.85166041153886,
29,Eduardo Rodriguez,ARI| BOS| DET,LEFT,SP,152.66666666666669,26,26,128,59,56,15,48,143,13,9,0,0,0,3.301,1.153,10,5,0.066,1.177,0.115,-0.509,0.823,0.61,2.215,9.436,16.690696719143556,
30,Jesus Luzardo,PHI| OAK| MIA,LEFT,SP,178.66666666666666,32,32,162,79,71,22,55,208,10,10,0,0,0,3.576,1.215,11,4,0.062,0.388,1.505,-0.509,0.545,0.178,2.107,9.328,16.49966288641067,
31,Jordan Montgomery,NYA| SLN| TEX| ARI,LEFT,SP,188.66666666666666,32,32,177,75,67,18,48,166,10,11,0,0,0,3.196,1.193,14,1,0.074,0.388,0.607,-0.509,1.185,0.389,2.06,9.281,16.416527792536176,
32,Jose Berrios,TOR| MIN,RIGHT,SP,189.66666666666663,32,32,173,82,77,25,52,184,11,12,0,0,0,3.654,1.186,12,4,0.063,0.651,0.991,-0.509,0.455,0.449,2.037,9.258,16.375844661491207,
33,Camilo Doval,NYA| SFN,RIGHT,RP,67.66666666666667,0,69,51,32,22,3,26,87,6,6,39,0,0,2.926,1.138,12,5,0.177,-0.664,-1.083,2.81,0.58,0.319,1.962,9.183,16.243182277648927,
34,Michael Wacha,KCA| NYN| TBA| BOS| SDN,RIGHT,SP,134.33333333333331,24,24,113,49,48,15,43,124,14,4,0,0,0,3.216,1.161,4,3,0.03,1.44,-0.292,-0.509,0.821,0.481,1.942,9.163,16.207805641957652,
35,Tanner Scott,LAN| BAL| MIA| SDN,LEFT,RP,77.99999999999999,0,74,53,22,20,3,24,104,9,5,12,0,0,2.308,0.987,5,0,0.064,0.125,-0.719,0.512,1.078,0.939,1.936,9.157,16.19719265125027,
36,Aaron Nola,PHI,RIGHT,SP,193.66666666666663,32,32,178,105,96,32,45,202,12,9,0,0,0,4.461,1.151,21,5,0.108,0.914,1.376,-0.509,-0.864,0.786,1.704,8.925,15.78682367723148,
37,Tyler Glasnow,LAN| TBA,RIGHT,SP,119.99999999999999,21,21,93,52,47,13,37,162,10,7,0,0,0,3.525,1.083,19,1,0.158,0.388,0.521,-0.509,0.419,0.884,1.703,8.924,15.785054845446915,
38,David Bednar,NYA| PIT| SDN,RIGHT,RP,67.33333333333333,0,66,53,22,15,3,21,80,3,3,39,0,0,2.005,1.099,1,0,0.015,-1.453,-1.233,2.81,1.104,0.445,1.673,8.894,15.731989891910002,
39,Mitch Keller,PIT,RIGHT,SP,194.33333333333331,32,32,187,97,91,25,55,210,13,9,0,0,0,4.214,1.245,12,2,0.062,1.177,1.547,-0.509,-0.459,-0.097,1.659,8.88,15.707226246926112,
40,Nick Pivetta,SDN| BOS| PHI,RIGHT,SP| RP,142.66666666666666,16,38,110,69,64,23,50,183,10,9,1,0,0,4.037,1.121,12,2,0.084,0.388,0.97,-0.424,-0.123,0.787,1.598,8.819,15.599327508067722,
41,Tanner Bibee,CLE,RIGHT,SP,142.00000000000003,25,25,122,49,47,13,45,141,10,4,0,0,0,2.979,1.176,9,1,0.063,0.388,0.072,-0.509,1.154,0.407,1.512,8.733,15.447207974595239,
42,Craig Kimbrel,ATL| HOU| CHN| CHA| LAN| PHI| BAL,RIGHT,RP,69.0,0,71,44,28,25,10,28,94,8,6,23,0,0,3.261,1.044,12,0,0.174,-0.138,-0.933,1.449,0.396,0.642,1.415,8.636,15.275631291492553,
43,Nathan Eovaldi,TEX| BOS,RIGHT,SP,144.0,25,25,117,59,58,15,47,132,12,5,0,0,0,3.625,1.139,8,4,0.056,0.914,-0.121,-0.509,0.38,0.673,1.337,8.558,15.137662412296581,
44,Bailey Ober,MIN,RIGHT,SP,144.33333333333334,26,26,125,58,55,22,29,146,8,6,0,0,0,3.430,1.067,3,6,0.021,-0.138,0.179,-0.509,0.621,1.179,1.331,8.552,15.127049421589199,
45,Joe Ryan,MIN,RIGHT,SP,161.66666666666666,29,29,155,83,81,32,34,197,11,10,0,0,0,4.509,1.169,7,3,0.043,0.651,1.269,-0.509,-0.787,0.518,1.142,8.363,14.792740214306649,
46,Josh Hader,HOU| MIL| SDN,LEFT,RP,56.33333333333333,0,61,32,11,8,3,30,85,2,3,33,0,0,1.278,1.101,1,0,0.018,-1.716,-1.126,2.299,1.271,0.368,1.097,8.318,14.713142784001281,
47,Braxton Garrett,MIA,LEFT,SP,159.66666666666666,30,31,154,68,65,20,29,156,9,7,0,0,0,3.664,1.146,14,3,0.088,0.125,0.393,-0.509,0.369,0.69,1.067,8.288,14.66007783046437,
48,Emmanuel Clase,CLE,RIGHT,RP,72.66666666666667,0,75,68,37,26,4,16,64,3,9,44,0,0,3.220,1.156,10,0,0.138,-1.453,-1.575,3.236,0.442,0.279,0.928,8.149000000000001,14.41421021241001,
49,Yusei Kikuchi,ANA| SEA| TOR| HOU,LEFT,SP,167.66666666666663,32,32,165,78,72,27,48,181,11,6,0,0,0,3.865,1.270,14,1,0.083,0.651,0.927,-0.509,0.101,-0.288,0.882,8.103,14.332843950320076,
50,Charlie Morton,ATL| BAL| DET| TBA,RIGHT,SP,163.33333333333334,30,30,150,70,66,14,83,183,14,12,0,0,0,3.637,1.427,16,3,0.098,1.44,0.97,-0.509,0.415,-1.52,0.796,8.017,14.180724416847593,
51,Jordan Romano,PHI| TOR,RIGHT,RP,58.99999999999999,0,59,48,20,19,6,24,72,5,7,36,0,0,2.898,1.220,9,1,0.153,-0.927,-1.404,2.555,0.52,0.042,0.786,8.007,14.163036099001955,
52,Bobby Miller,LAN,RIGHT,SP,124.33333333333333,22,22,105,53,52,12,32,119,11,4,0,0,0,3.764,1.102,14,1,0.113,0.651,-0.399,-0.509,0.182,0.804,0.729,7.95,14.062212687281821,
53,Shane McClanahan,TBA,LEFT,SP,115.00000000000001,21,21,95,42,42,15,41,121,11,2,0,0,0,3.287,1.183,7,1,0.061,0.651,-0.356,-0.509,0.634,0.293,0.713,7.934,14.033911378728801,
54,Raisel Iglesias,ATL| CIN| ANA,RIGHT,RP,55.666666666666664,0,58,51,23,17,7,15,68,5,4,33,0,0,2.748,1.186,0,0,0.0,-0.927,-1.489,2.299,0.561,0.134,0.578,7.799,13.795119087812695,
55,Matt Strahm,PHI| SDN| BOS,LEFT,SP| RP,87.66666666666666,10,56,68,34,32,11,21,108,9,5,2,0,0,3.285,1.015,6,0,0.068,0.125,-0.634,-0.338,0.484,0.936,0.573,7.7940000000000005,13.786274928889878,
56,Dane Dunning,ATL| TEX| CHA,RIGHT,SP| RP,172.6666666666667,26,35,163,73,71,20,55,140,12,7,0,0,0,3.701,1.262,7,4,0.041,0.914,0.051,-0.509,0.345,-0.231,0.569,7.79,13.779199601751621,
57,Evan Phillips,LAN| BAL| TBA,RIGHT,RP,61.333333333333336,0,62,38,19,14,6,13,66,2,4,24,0,0,2.054,0.832,3,1,0.049,-1.716,-1.532,1.534,0.98,1.203,0.468,7.689,13.600547591510683,
58,Tyler Wells,BAL,RIGHT,SP| RP,118.66666666666667,20,25,83,50,48,25,34,117,7,6,1,0,0,3.640,0.986,2,1,0.017,-0.401,-0.441,-0.424,0.298,1.436,0.468,7.689,13.600547591510683,
59,Tarik Skubal,DET,LEFT,SP,80.33333333333334,15,15,58,28,25,4,14,102,7,3,0,0,0,2.801,0.896,4,0,0.05,-0.401,-0.762,-0.509,0.774,1.322,0.425,7.646,13.524487824774441,
60,Paul Sewald,CLE| DET| NYN| SEA| ARI,RIGHT,RP,60.66666666666667,0,65,46,23,21,8,24,80,3,2,34,0,0,3.115,1.154,7,0,0.115,-1.453,-1.233,2.385,0.423,0.239,0.361,7.582,13.411282590562362,
61,Ryan Pressly,CHN| HOU,RIGHT,RP,65.33333333333333,0,65,54,33,26,8,16,74,4,5,31,0,0,3.582,1.071,1,0,0.015,-1.19,-1.361,2.129,0.197,0.519,0.294,7.515,13.292770860996589,
62,Jhoan Duran,MIN| PHI,RIGHT,RP,62.33333333333333,0,59,46,25,17,6,25,84,3,6,27,0,0,2.454,1.139,8,1,0.128,-1.453,-1.147,1.789,0.784,0.291,0.263,7.484,13.237937075675113,
63,Dean Kremer,BAL,RIGHT,SP,172.66666666666669,32,32,171,85,79,27,55,157,13,5,0,0,0,4.118,1.309,9,6,0.052,1.177,0.414,-0.509,-0.266,-0.62,0.196,7.417,13.119425346109342,
64,Joe Musgrove,PIT| SDN,RIGHT,SP,97.33333333333333,17,17,90,35,33,10,21,97,10,3,0,0,0,3.051,1.140,5,2,0.051,0.388,-0.869,-0.509,0.731,0.447,0.189,7.41,13.107043523617396,
65,Colin Poche,NYN| WAS| TBA,LEFT,RP,60.66666666666665,0,66,42,17,15,4,24,61,12,3,1,0,0,2.225,1.088,7,1,0.115,0.914,-1.639,-0.424,0.881,0.434,0.166,7.3870000000000005,13.066360392572431,
66,Kevin Ginkel,ARI,RIGHT,RP,65.33333333333333,0,60,41,24,18,3,23,70,9,1,4,0,0,2.480,0.980,2,1,0.031,0.125,-1.446,-0.168,0.808,0.811,0.129,7.35,13.00091361654357,
67,Seth Lugo,KCA| NYN| SDN,RIGHT,SP,146.33333333333331,26,26,140,62,58,19,36,140,8,7,0,0,0,3.567,1.203,6,1,0.041,-0.138,0.051,-0.509,0.458,0.229,0.091,7.312,12.933698008730149,
68,Mike King,SDN| NYA,RIGHT,SP| RP,104.66666666666667,9,49,88,35,32,10,32,127,4,8,6,0,0,2.752,1.147,3,3,0.029,-1.19,-0.227,0.002,1.053,0.45,0.087,7.308,12.926622681591892,
69,Bryce Elder,ATL,RIGHT,SP,174.66666666666666,31,31,160,79,74,19,63,128,12,4,0,0,0,3.813,1.277,9,1,0.052,0.914,-0.206,-0.509,0.182,-0.354,0.027,7.248,12.820492774518069,
70,Taijuan Walker,PHI| SEA| TOR| NYN,RIGHT,SP,172.66666666666669,31,31,155,87,84,20,71,138,15,6,0,0,0,4.378,1.309,12,7,0.069,1.703,0.008,-0.509,-0.649,-0.62,-0.067,7.154,12.654222586769075,
71,Alex Lange,DET,RIGHT,RP,66.0,0,67,43,30,27,6,45,79,7,5,26,0,0,3.682,1.333,7,2,0.106,-0.401,-1.254,1.704,0.142,-0.315,-0.124,7.097,12.553399175048943,
72,Kyle Finnegan,DET| WAS,RIGHT,RP,69.33333333333334,0,67,66,33,29,11,24,63,7,5,28,0,0,3.764,1.298,15,1,0.216,-0.401,-1.596,1.874,0.101,-0.213,-0.235,6.986,12.357058846962365,
73,Wade Miley,CIN| CHN| MIL,LEFT,SP,120.33333333333333,23,23,99,44,42,16,38,79,9,4,0,0,0,3.141,1.139,2,3,0.017,0.125,-1.254,-0.509,0.812,0.564,-0.262,6.959,12.309300388779143,
74,David Robertson,PHI| TBA| CHN| MIA| NYN| TEX,RIGHT,RP,65.33333333333333,0,62,53,28,22,7,25,78,6,6,18,0,0,3.031,1.194,9,0,0.138,-0.664,-1.275,1.023,0.502,0.131,-0.284,6.937,12.270386089518743,
75,Clay Holmes,NYN| PIT| NYA,RIGHT,RP,63.00000000000001,0,66,51,22,20,2,23,71,4,4,24,0,0,2.857,1.175,2,0,0.032,-1.19,-1.425,1.534,0.577,0.185,-0.32,6.901,12.206708145274446,
76,Bryan Abreu,HOU,RIGHT,RP,72.00000000000001,0,72,44,17,14,6,31,100,3,2,5,0,0,1.750,1.042,4,2,0.056,-1.453,-0.805,-0.083,1.336,0.676,-0.328,6.893,12.192557490997936,
77,Tyler Holton,DET| ARI,LEFT,RP,85.33333333333331,1,59,56,21,20,9,18,74,3,2,1,0,0,2.109,0.867,1,0,0.012,-1.453,-1.361,-0.424,1.324,1.525,-0.389,6.832,12.084658752139548,
78,Hector Neris,ANA| ATL| HOU| PHI| CHN,RIGHT,RP,68.33333333333333,0,71,41,16,13,7,31,77,6,3,2,0,0,1.712,1.054,9,2,0.132,-0.664,-1.297,-0.338,1.29,0.602,-0.407,6.814,12.0528197800174,
79,Aaron Civale,CHA| CHN| MIL| CLE| TBA,RIGHT,SP,122.33333333333333,23,23,109,47,47,12,33,116,7,5,0,0,0,3.458,1.161,6,2,0.049,-0.401,-0.463,-0.509,0.497,0.441,-0.435,6.7860000000000005,12.003292490049615,
80,Kyle Gibson,BAL| TEX| PHI| SLN,RIGHT,SP,192.0,33,33,198,101,101,23,55,157,15,9,0,0,0,4.734,1.318,7,4,0.036,1.703,0.414,-0.509,-1.302,-0.772,-0.465,6.756,11.950227536512703,
81,Joel Payamps,ATL| MIL| ARI| KCA| TOR| OAK,RIGHT,RP,70.66666666666667,0,69,57,24,20,8,17,77,7,5,3,0,0,2.547,1.047,6,2,0.085,-0.401,-1.297,-0.253,0.833,0.645,-0.473,6.748,11.936076882236193,
82,Adbert Alzolay,CHN,RIGHT,RP,64.0,0,58,52,23,19,5,13,67,2,5,22,0,0,2.672,1.016,6,3,0.094,-1.716,-1.511,1.363,0.687,0.682,-0.494,6.727,11.898931414760355,
83,Matt Brash,SEA,RIGHT,RP,70.66666666666667,0,78,65,26,24,3,29,107,9,4,4,0,0,3.057,1.330,5,0,0.071,0.125,-0.655,-0.168,0.528,-0.327,-0.498,6.723,11.891856087622099,
84,Brandon Woodruff,MIL,RIGHT,SP,67.0,11,11,40,17,17,9,15,74,5,1,0,0,0,2.284,0.821,4,2,0.06,-0.927,-1.361,-0.509,0.94,1.348,-0.508,6.713,11.874167769776461,
85,Kutter Crawford,BOS,RIGHT,SP| RP,129.33333333333334,23,31,107,59,58,17,36,135,6,8,0,0,0,4.036,1.106,8,2,0.062,-0.664,-0.056,-0.509,-0.11,0.813,-0.526,6.695,11.842328797654314,
86,Julio Urias,LAN,LEFT,SP,117.33333333333333,21,21,112,61,60,24,24,117,11,8,0,0,0,4.602,1.159,11,6,0.094,0.651,-0.441,-0.509,-0.664,0.433,-0.53,6.691,11.835253470516058,
87,Brusdar Graterol,LAN,RIGHT,RP,67.33333333333333,1,68,53,14,9,3,12,48,4,2,7,0,0,1.203,0.965,5,2,0.074,-1.19,-1.917,0.087,1.563,0.882,-0.575,6.646,11.75565604021069,
88,Pete Fairbanks,TBA,RIGHT,RP,45.333333333333336,0,49,26,14,13,3,20,68,2,4,25,0,0,2.581,1.015,7,0,0.154,-1.716,-1.489,1.619,0.522,0.485,-0.58,6.641,11.74681188128787,
89,Max Fried,NYA| ATL,LEFT,SP,77.66666666666666,14,14,70,24,22,7,18,80,8,1,0,0,0,2.549,1.133,4,2,0.052,-0.138,-1.233,-0.509,0.914,0.385,-0.58,6.641,11.74681188128787,
90,Cole Ragans,KCA| TEX,LEFT,SP| RP,96.0,12,29,70,40,37,7,41,113,7,5,0,0,0,3.469,1.156,3,2,0.031,-0.401,-0.527,-0.509,0.381,0.367,-0.689,6.532,11.554009216770423,
91,Marcus Stroman,NYA| NYN| CHN,RIGHT,SP,136.66666666666669,25,27,120,68,60,9,52,119,10,9,0,0,0,3.951,1.258,17,1,0.124,0.388,-0.399,-0.509,-0.018,-0.156,-0.694,6.527,11.545165057847603,
92,Mike Clevinger,CHA| CLE| SDN,RIGHT,SP,131.33333333333331,24,24,121,56,55,16,40,110,9,9,0,0,0,3.769,1.226,27,1,0.206,0.125,-0.591,-0.509,0.186,0.058,-0.731,6.49,11.479718281818744,
93,Sandy Alcantara,MIA,RIGHT,SP,184.66666666666663,28,28,176,91,85,22,48,151,7,12,0,0,0,4.143,1.213,17,3,0.092,-0.401,0.286,-0.509,-0.324,0.197,-0.751,6.47,11.44434164612747,
94,Cristian Javier,HOU,RIGHT,SP,161.99999999999997,31,31,143,85,82,25,62,159,10,5,0,0,0,4.556,1.265,22,3,0.136,0.388,0.457,-0.509,-0.852,-0.24,-0.756,6.465,11.435497487204652,
95,A. J. Puk,ARI| OAK| MIA,LEFT,RP,56.66666666666667,0,58,54,29,25,10,13,78,7,5,15,0,0,3.971,1.182,8,1,0.141,-0.401,-1.275,0.768,-0.017,0.145,-0.781,6.44,11.391276692590559,
96,Carlos Estevez,KCA| COL| ANA| PHI,RIGHT,RP,62.33333333333333,0,63,62,34,27,7,31,78,5,5,31,0,0,3.898,1.492,2,0,0.032,-0.927,-1.275,2.129,0.02,-0.778,-0.832,6.389,11.301066271577806,
97,Bryce Miller,SEA,RIGHT,SP,131.33333333333331,25,25,124,64,63,18,26,119,8,7,0,0,0,4.317,1.142,6,4,0.046,-0.138,-0.399,-0.509,-0.425,0.593,-0.878,6.343,11.219700009487873,
98,Brayan Bello,BOS,RIGHT,SP,157.0,28,28,165,77,74,24,45,132,12,11,0,0,0,4.242,1.338,9,3,0.057,0.914,-0.121,-0.509,-0.408,-0.783,-0.906,6.315,11.170172719520089,
99,Hunter Harvey,KCA| BAL| WAS,RIGHT,RP,60.66666666666668,0,57,44,21,19,7,13,67,4,4,10,0,0,2.819,0.940,6,0,0.099,-1.19,-1.511,0.342,0.576,0.871,-0.912,6.309,11.159559728812706,
100,Andrew Nardi,MIA,LEFT,RP,57.333333333333336,0,63,45,18,17,7,21,73,8,1,3,0,0,2.669,1.151,1,1,0.017,-0.138,-1.382,-0.253,0.617,0.234,-0.923,6.298,11.140102579182505,
101,Jon Gray,TEX| COL,RIGHT,SP,157.3333333333333,29,29,149,75,72,22,54,142,9,8,0,0,0,4.119,1.290,12,9,0.076,0.125,0.093,-0.509,-0.244,-0.422,-0.957,6.264,11.079962298507338,
102,Eury Perez,MIA,RIGHT,SP,91.33333333333334,19,19,72,35,32,15,31,108,5,6,0,0,0,3.153,1.128,11,1,0.12,-0.927,-0.634,-0.509,0.607,0.476,-0.987,6.234,11.026897344970424,
103,Michael Lorenzen,KCA| CIN| ANA| DET| PHI| TEX,RIGHT,SP| RP,153.0,25,29,138,76,71,20,47,111,9,9,1,0,0,4.176,1.209,2,3,0.013,0.125,-0.57,-0.424,-0.312,0.192,-0.989,6.232,11.023359681401297,
104,Aroldis Chapman,BOS| NYA| KCA| TEX| PIT,LEFT,RP,58.33333333333333,0,61,37,24,20,4,36,103,6,5,6,0,0,3.086,1.251,15,1,0.257,-0.664,-0.741,0.002,0.421,-0.047,-1.029,6.192,10.952606410018747,
105,Bryse Wilson,CHA| ATL| PIT| MIL,RIGHT,RP,76.66666666666667,0,53,60,26,22,9,22,61,6,0,3,0,0,2.583,1.070,4,0,0.052,-0.664,-1.639,-0.253,0.881,0.616,-1.059,6.162,10.899541456481835,
106,Jason Adam,SDN| CHN| TBA,RIGHT,RP,54.33333333333333,0,56,35,21,18,7,20,69,4,2,12,0,0,2.982,1.012,10,2,0.184,-1.19,-1.468,0.512,0.44,0.588,-1.117,6.104,10.796949212977138,
107,Andrew Heaney,LAN| PIT| ANA| NYA| TEX,LEFT,SP| RP,147.33333333333337,28,34,143,74,68,23,60,151,10,6,0,0,0,4.154,1.378,11,3,0.075,0.388,0.286,-0.509,-0.273,-1.023,-1.13,6.091,10.773954399777809,
108,Chris Sale,ATL| BOS,LEFT,SP,102.66666666666666,20,20,87,52,49,15,29,125,6,5,0,0,0,4.295,1.130,8,1,0.078,-0.664,-0.27,-0.509,-0.313,0.525,-1.232,5.989,10.593533557752306,
109,Kirby Yates,LAN| SDN| ATL| TEX,RIGHT,RP,60.33333333333332,0,61,35,22,22,9,37,80,7,2,5,0,0,3.282,1.193,11,3,0.182,-0.401,-1.233,-0.083,0.335,0.122,-1.26,5.961,10.544006267784521,
110,Kenley Jansen,ANA| LAN| ATL| BOS,RIGHT,RP,44.66666666666667,0,51,40,21,18,5,17,52,3,6,29,0,0,3.627,1.276,13,4,0.291,-1.453,-1.831,1.959,0.117,-0.089,-1.298,5.923,10.476790659971098,
111,Griffin Canning,NYN| ANA,RIGHT,SP,127.0,22,24,121,62,61,22,36,139,7,8,0,0,0,4.323,1.236,2,0,0.016,-0.401,0.029,-0.509,-0.417,-0.008,-1.306,5.915,10.462640005694588,
112,J. P. France,HOU,RIGHT,SP,136.33333333333331,23,24,138,64,58,19,47,101,11,6,0,0,0,3.829,1.357,9,2,0.066,0.651,-0.783,-0.509,0.124,-0.808,-1.326,5.895,10.427263370003311,
113,Jeff Hoffman,TOR| COL| CIN| PHI,RIGHT,RP,52.33333333333334,0,54,29,16,14,3,19,69,5,2,1,0,0,2.408,0.917,9,1,0.172,-0.927,-1.468,-0.424,0.679,0.808,-1.331,5.890000000000001,10.418419211080495,
114,Emilio Pagan,CIN| SDN| MIN,RIGHT,RP,69.33333333333334,1,66,45,26,23,5,21,65,5,2,1,0,0,2.986,0.952,2,2,0.029,-0.927,-1.553,-0.424,0.56,0.954,-1.391,5.83,10.312289304006669,
115,Andrew Abbott,CIN,LEFT,SP,109.33333333333333,21,21,100,47,47,16,44,120,8,6,0,0,0,3.869,1.317,7,4,0.064,-0.138,-0.377,-0.509,0.062,-0.436,-1.398,5.823,10.299907481514724,
116,Lucas Giolito,BOS| CHA| ANA| CLE,RIGHT,SP,184.33333333333334,33,33,169,110,100,41,73,204,8,15,0,0,0,4.883,1.313,13,6,0.071,-0.138,1.419,-0.509,-1.481,-0.697,-1.407,5.814,10.28398799545365,
117,Yennier Cano,BAL| MIN,RIGHT,RP,72.66666666666667,0,72,60,19,17,4,13,65,1,4,8,0,0,2.106,1.005,7,1,0.096,-1.979,-1.553,0.172,1.129,0.814,-1.417,5.804,10.266299677608012,
118,Nick Martinez,CIN| SDN,RIGHT,SP| RP,110.33333333333333,9,63,99,45,42,12,40,106,6,4,1,0,0,3.426,1.260,12,1,0.109,-0.664,-0.677,-0.424,0.478,-0.133,-1.42,5.801,10.260993182254321,
119,Lucas Sims,WAS| CIN| BOS,RIGHT,RP,61.00000000000001,0,67,33,23,21,5,39,72,7,3,3,0,0,3.098,1.180,5,2,0.082,-0.401,-1.404,-0.253,0.434,0.162,-1.462,5.759,10.186702247302643,
120,Hunter Brown,HOU,RIGHT,SP,155.66666666666669,29,31,157,94,88,26,55,178,11,13,0,0,0,5.088,1.362,16,7,0.103,0.651,0.863,-0.509,-1.522,-0.96,-1.477,5.744,10.160169770534186,
121,Javier Assad,CHN,RIGHT,SP| RP,109.33333333333331,10,32,93,38,37,13,41,94,5,3,0,0,0,3.046,1.226,8,3,0.073,-0.927,-0.933,-0.509,0.827,0.05,-1.493,5.728,10.131868461981165,
122,Cristopher Sanchez,PHI,LEFT,SP,99.33333333333333,18,19,88,44,38,16,16,96,3,5,0,0,0,3.443,1.047,7,2,0.07,-1.453,-0.89,-0.509,0.416,0.908,-1.529,5.692,10.068190517736872,
123,Kenta Maeda,DET| MIN,RIGHT,SP,104.33333333333333,20,21,94,50,49,17,28,117,6,8,0,0,0,4.227,1.169,13,1,0.125,-0.664,-0.441,-0.509,-0.258,0.333,-1.539,5.682,10.050502199891234,
124,Sean Manaea,NYN| OAK| SDN| SFN,LEFT,SP| RP,117.66666666666669,10,37,104,68,58,14,42,128,7,6,1,0,0,4.436,1.241,8,2,0.068,-0.401,-0.206,-0.424,-0.5,-0.033,-1.564,5.657,10.00628140527714,
125,Alex Cobb,BAL| ANA| SFN| CLE,RIGHT,SP,151.33333333333331,28,28,163,69,65,19,37,131,7,7,0,0,0,3.866,1.322,13,3,0.086,-0.401,-0.142,-0.509,0.09,-0.637,-1.598,5.623,9.946141124601972,
126,Chris Martin,TEX| ATL| CHN| LAN| BOS,RIGHT,RP,51.33333333333333,0,55,45,6,6,2,8,46,4,1,3,0,0,1.052,1.032,4,0,0.078,-1.19,-1.96,-0.253,1.257,0.505,-1.641,5.58,9.87008135786573,
127,Ian Gibaut,CIN| TEX| MIN| CLE,RIGHT,RP,75.66666666666666,0,74,69,33,28,8,28,69,8,4,3,0,0,3.330,1.282,10,6,0.132,-0.138,-1.468,-0.253,0.389,-0.173,-1.643,5.578,9.866543694296604,
128,Reese Olson,DET,RIGHT,SP| RP,103.66666666666667,18,21,83,49,46,14,33,103,5,7,0,0,0,3.994,1.119,4,3,0.039,-0.927,-0.741,-0.509,-0.051,0.585,-1.643,5.578,9.866543694296604,
129,Shane Bieber,TOR| CLE,RIGHT,SP,128.0,21,21,124,56,54,14,34,107,6,6,0,0,0,3.797,1.234,11,5,0.086,-0.664,-0.655,-0.509,0.151,0.004,-1.673,5.548,9.813478740759692,
130,Domingo German,NYA| PIT,RIGHT,SP,108.66666666666666,19,20,83,61,55,20,34,114,5,7,0,0,0,4.555,1.077,12,2,0.11,-0.927,-0.505,-0.509,-0.571,0.836,-1.677,5.5440000000000005,9.806403413621437,
131,Erik Swanson,TOR| SEA,RIGHT,RP,66.66666666666669,0,69,52,22,22,8,21,75,4,2,4,0,0,2.970,1.095,8,1,0.12,-1.19,-1.339,-0.168,0.547,0.454,-1.698,5.523,9.769257946145597,
132,Johan Oviedo,PIT| SLN,RIGHT,SP,177.66666666666663,32,32,161,91,85,19,83,158,9,14,0,0,0,4.306,1.373,9,3,0.051,0.125,0.435,-0.509,-0.558,-1.195,-1.701,5.52,9.763951450791906,
133,Kyle Hendricks,ANA| CHN,RIGHT,SP,137.0,24,24,138,68,57,13,27,93,6,8,0,0,0,3.744,1.204,23,2,0.168,-0.664,-0.955,-0.509,0.223,0.204,-1.701,5.52,9.763951450791906,
134,Yu Darvish,SDN| CHN,RIGHT,SP,136.33333333333331,24,24,134,71,69,18,43,141,8,10,0,0,0,4.555,1.298,17,4,0.125,-0.138,0.072,-0.509,-0.717,-0.419,-1.711,5.51,9.746263132946268,
135,Justin Topa,MIN| MIL| SEA,RIGHT,RP,69.0,0,75,61,26,20,4,18,61,5,4,3,0,0,2.609,1.145,6,3,0.087,-0.927,-1.639,-0.253,0.778,0.302,-1.74,5.481,9.694967011193919,
136,Andres Munoz,SEA,RIGHT,RP,49.0,0,52,40,20,16,2,22,67,4,7,13,0,0,2.939,1.265,8,2,0.163,-1.19,-1.511,0.598,0.415,-0.072,-1.761,5.46,9.65782154371808,
137,Dylan Cease,SDN| CHA,RIGHT,SP,177.0,33,33,172,98,90,19,79,214,7,9,0,0,0,4.576,1.418,13,2,0.073,-0.401,1.633,-0.509,-0.962,-1.575,-1.814,5.407,9.564073459136202,
138,Michael Tonkin,MIN| ATL| NYA| NYN,RIGHT,RP,79.99999999999999,0,45,64,41,38,13,23,75,7,3,1,0,0,4.275,1.087,7,0,0.088,-0.401,-1.339,-0.424,-0.23,0.573,-1.821,5.4,9.551691636644257,
139,Ryan Helsley,NYN| SLN,RIGHT,RP,36.666666666666664,0,33,22,11,10,1,17,52,3,4,14,0,0,2.454,1.064,2,1,0.055,-1.453,-1.831,0.683,0.461,0.305,-1.835,5.386,9.526927991660363,
140,Will Smith,ATL| HOU| TEX| KCA,LEFT,RP,57.33333333333332,0,60,44,31,28,5,17,55,2,7,22,0,0,4.395,1.064,7,2,0.122,-1.716,-1.767,1.363,-0.224,0.477,-1.867,5.354,9.470325374554324,
141,Jhony Brito,NYA| SDN,RIGHT,SP| RP,90.33333333333331,13,25,82,47,43,14,28,72,9,7,1,0,0,4.284,1.218,7,3,0.077,0.125,-1.404,-0.424,-0.267,0.076,-1.894,5.327,9.422566916371101,
142,Robert Stephenson,ANA| CIN| COL| PIT| TBA,RIGHT,RP,52.333333333333336,0,60,30,20,18,8,16,77,3,4,1,0,0,3.095,0.879,1,1,0.019,-1.453,-1.297,-0.424,0.373,0.905,-1.895,5.3260000000000005,9.42079808458654,
143,Kevin Kelly,TBA,RIGHT,RP,67.00000000000001,0,57,53,27,23,2,15,56,5,2,1,0,0,3.090,1.015,7,2,0.104,-0.927,-1.746,-0.424,0.482,0.717,-1.899,5.322,9.413722757448284,
144,Hoby Milner,TEX| ANA| MIL,LEFT,RP,64.33333333333334,0,73,49,16,13,5,13,59,2,1,0,0,0,1.819,0.964,0,1,0.0,-1.716,-1.682,-0.509,1.157,0.848,-1.902,5.319,9.408416262094592,
145,Mike Baumann,BAL| ANA| MIA| SEA| SFN,RIGHT,RP,64.66666666666667,0,60,52,29,27,7,33,61,10,1,0,0,0,3.758,1.314,10,1,0.155,0.388,-1.639,-0.509,0.098,-0.25,-1.912,5.309,9.390727944248955,
146,Clarke Schmidt,NYA,RIGHT,SP,159.0,32,33,169,91,82,24,46,149,9,9,0,0,0,4.641,1.352,8,3,0.05,0.125,0.243,-0.509,-0.953,-0.906,-1.999,5.2219999999999995,9.236839578991907,
147,Jameson Taillon,CHN| NYA,RIGHT,SP,154.33333333333337,29,30,156,96,83,27,41,140,8,10,1,0,0,4.840,1.276,13,3,0.084,-0.138,0.051,-0.424,-1.185,-0.311,-2.007,5.214,9.2226889247154,
148,Julian Merryweather,CHN| TOR,RIGHT,RP,72.0,0,69,58,28,27,8,36,98,5,1,2,0,0,3.375,1.306,6,4,0.083,-0.927,-0.848,-0.338,0.343,-0.247,-2.017,5.204000000000001,9.205000606869762,
149,Trevor May,MIN| NYN| OAK,RIGHT,RP,46.66666666666667,0,49,35,21,17,4,29,40,4,4,21,0,0,3.279,1.371,6,2,0.129,-1.19,-2.088,1.278,0.261,-0.309,-2.049,5.172000000000001,9.148397989763723,
150,A. J. Minter,NYN| ATL,LEFT,RP,64.66666666666666,0,70,56,28,27,6,21,82,3,6,10,0,0,3.758,1.191,15,4,0.232,-1.453,-1.19,0.342,0.098,0.139,-2.064,5.157,9.121865512995264,
151,Kendall Graveman,ARI| SEA| HOU| CHA,RIGHT,RP,66.33333333333333,0,68,51,27,23,9,36,66,5,6,8,0,0,3.121,1.312,5,1,0.075,-0.927,-1.532,0.172,0.459,-0.247,-2.075,5.146,9.102408363365063,
152,JP Sears,ATH| SDN| NYA| OAK,LEFT,SP,172.33333333333334,32,32,165,90,87,34,53,161,5,14,0,0,0,4.543,1.265,15,8,0.087,-0.927,0.5,-0.509,-0.889,-0.251,-2.077,5.144,9.098870699795937,
153,Phil Maton,SLN| TEX| CLE| HOU| NYN| TBA,RIGHT,RP,66.0,0,68,49,27,22,6,25,74,4,3,1,0,0,3.000,1.121,3,1,0.045,-1.19,-1.361,-0.424,0.525,0.365,-2.085,5.136,9.084720045519425,
154,Griffin Jax,MIN| TBA,RIGHT,RP,65.33333333333333,0,71,58,30,28,5,19,68,6,10,4,0,0,3.857,1.179,9,0,0.138,-0.664,-1.489,-0.168,0.044,0.179,-2.099,5.122,9.059956400535533,
155,Jason Foley,DET,RIGHT,RP,68.99999999999999,0,70,65,21,20,2,15,55,3,3,7,0,0,2.609,1.159,3,2,0.043,-1.453,-1.767,0.087,0.778,0.253,-2.102,5.119,9.054649905181842,
156,Colin Rea,CHN| MIL,RIGHT,SP| RP,124.66666666666669,22,26,110,65,63,23,38,110,6,6,0,0,0,4.548,1.187,17,2,0.136,-0.664,-0.591,-0.509,-0.648,0.29,-2.122,5.099,9.019273269490567,
157,Grayson Rodriguez,BAL,RIGHT,SP,122.0,23,23,121,62,59,16,42,129,7,4,0,0,0,4.353,1.336,4,2,0.033,-0.401,-0.185,-0.509,-0.431,-0.599,-2.125,5.096,9.013966774136875,
158,Dauri Moreta,PIT| CIN,RIGHT,RP,58.0,0,55,39,26,24,4,24,76,5,2,1,0,0,3.724,1.086,6,0,0.103,-0.927,-1.318,-0.424,0.104,0.419,-2.145,5.0760000000000005,8.978590138445602,
159,Logan Allen,CLE,LEFT,SP,125.33333333333334,24,24,127,55,53,16,48,119,7,8,0,0,0,3.806,1.396,0,5,0.0,-0.401,-0.399,-0.509,0.139,-0.982,-2.152,5.069,8.966208315953654,
160,Danny Coulombe,MIN| TEX| BAL,LEFT,RP,51.333333333333336,0,61,45,17,16,4,12,58,5,3,2,0,0,2.805,1.110,11,2,0.214,-0.927,-1.703,-0.338,0.493,0.311,-2.165,5.056,8.943213502754325,
161,Jordan Hicks,BOS| SFN| SLN| TOR,RIGHT,RP,65.66666666666667,0,65,57,30,24,4,32,81,3,9,12,0,0,3.289,1.355,2,2,0.03,-1.453,-1.211,0.512,0.361,-0.384,-2.175,5.046,8.925525184908688,
162,Josiah Gray,LAN| WAS,RIGHT,SP,159.00000000000003,30,30,152,72,69,22,80,143,8,13,0,0,0,3.906,1.459,21,4,0.132,-0.138,0.115,-0.509,0.041,-1.732,-2.223,4.998,8.840621259249628,
163,Miguel Castro,CHA| BAL| NYN| NYA| ARI,RIGHT,RP,64.66666666666666,0,75,51,32,31,8,25,60,6,6,7,0,0,4.314,1.175,8,0,0.124,-0.664,-1.66,0.087,-0.208,0.188,-2.258,4.963,8.778712146789896,
164,Nick Sandlin,TOR| CLE,RIGHT,RP,59.99999999999998,0,61,38,28,25,12,24,66,5,5,0,0,0,3.750,1.033,7,3,0.117,-0.927,-1.532,-0.509,0.095,0.588,-2.285,4.936,8.730953688606675,
165,Matt Moore,PHI| TEX| ANA| CLE| MIA,LEFT,RP,52.66666666666667,0,50,46,16,15,7,15,60,5,1,0,0,0,2.563,1.158,5,0,0.095,-0.927,-1.66,-0.509,0.614,0.197,-2.286,4.9350000000000005,8.729184856822112,
166,MacKenzie Gore,WAS| SDN,LEFT,SP,136.33333333333331,27,27,134,71,67,27,57,151,7,10,0,0,0,4.423,1.401,10,3,0.073,-0.401,0.286,-0.509,-0.564,-1.1,-2.288,4.933,8.725647193252984,
167,Justin Lawrence,PIT| COL,RIGHT,RP,74.99999999999999,0,69,65,37,31,5,36,78,4,7,11,0,0,3.720,1.347,8,0,0.107,-1.19,-1.275,0.427,0.138,-0.407,-2.308,4.913,8.69027055756171,
168,Shawn Armstrong,TEX| BAL| TBA| MIA| CHN| SLN,RIGHT,SP| RP,51.99999999999999,6,39,36,12,8,2,11,54,1,0,0,0,0,1.385,0.904,1,0,0.019,-1.979,-1.789,-0.509,1.127,0.837,-2.313,4.9079999999999995,8.681426398638889,
169,Tyler Rogers,NYN| SFN,RIGHT,RP,74.00000000000001,0,68,66,27,25,7,19,60,4,5,2,0,0,3.041,1.149,5,1,0.068,-1.19,-1.66,-0.338,0.563,0.311,-2.316,4.905,8.6761199032852,
170,Matt Manning,DET,RIGHT,SP,78.0,15,15,60,37,31,11,21,50,5,4,0,0,0,3.577,1.038,0,2,0.0,-0.927,-1.874,-0.509,0.238,0.745,-2.327,4.894,8.656662753654999,
171,Trevor Stephan,CLE,RIGHT,RP,68.66666666666667,0,71,63,35,31,6,26,75,7,7,2,0,0,4.063,1.296,13,1,0.189,-0.401,-1.339,-0.338,-0.074,-0.204,-2.357,4.864,8.603597800118084,
172,Reynaldo Lopez,ATL| CHA| ANA| CLE,RIGHT,RP,66.0,0,68,50,25,24,8,34,83,3,7,6,0,0,3.273,1.273,7,1,0.106,-1.453,-1.168,0.002,0.372,-0.121,-2.369,4.852,8.58237181870332,
173,Drew Smyly,SFN| ATL| CHN,LEFT,SP| RP,142.33333333333337,23,41,147,89,79,26,56,141,11,11,0,0,0,4.995,1.426,15,5,0.105,0.651,0.072,-0.509,-1.28,-1.323,-2.389,4.832000000000001,8.546995183012047,
174,Ryan Yarbrough,NYA| TBA| KCA| LAN| TOR,LEFT,SP| RP,89.66666666666669,9,25,96,45,45,13,14,67,8,7,2,0,0,4.517,1.227,8,5,0.089,-0.138,-1.511,-0.338,-0.442,0.036,-2.394,4.827,8.538151024089226,
175,Enyel De Los Santos,ATL| HOU| PHI| PIT| CLE| CHA| NYA| SDN,RIGHT,RP,65.66666666666669,0,70,50,26,24,4,25,62,5,2,0,0,0,3.289,1.142,5,1,0.076,-0.927,-1.617,-0.509,0.361,0.296,-2.397,4.824,8.532844528735534,
176,Lance Lynn,TEX| CHA| LAN| SLN,RIGHT,SP,183.66666666666669,32,32,189,127,117,44,67,191,13,11,0,0,0,5.733,1.394,7,3,0.038,1.177,1.141,-0.509,-2.803,-1.418,-2.411,4.8100000000000005,8.508080883751644,
177,Caleb Ferguson,PIT| SEA| LAN| HOU| NYA,LEFT,SP| RP,60.33333333333333,7,68,64,30,23,4,23,70,7,4,3,0,0,3.431,1.442,4,1,0.066,-0.401,-1.446,-0.253,0.259,-0.607,-2.449,4.772,8.44086527593822,
178,Ryan Brasier,CHN| BOS| LAN,RIGHT,RP,59.666666666666664,0,59,42,24,20,3,19,56,3,0,2,0,0,3.017,1.022,8,1,0.134,-1.453,-1.746,-0.338,0.466,0.617,-2.455,4.766,8.430252285230837,
179,Shelby Miller,ARI| MIL| CHN| PIT| SFN| LAN| DET,RIGHT,RP,42.0,1,36,19,8,8,3,19,42,3,0,1,0,0,1.714,0.905,8,1,0.19,-1.453,-2.045,-0.424,0.792,0.674,-2.456,4.765000000000001,8.428483453446274,
180,Ryan Borucki,PIT| TOR| SEA,LEFT,RP,40.33333333333333,2,38,26,11,11,4,4,33,4,0,0,0,0,2.454,0.744,4,1,0.099,-1.19,-2.238,-0.509,0.507,0.963,-2.466,4.755,8.410795135600637,
181,James Paxton,NYA| SEA| BOS| LAN,LEFT,SP,95.99999999999999,19,19,93,51,48,18,33,101,7,5,0,0,0,4.500,1.312,4,0,0.042,-0.401,-0.783,-0.509,-0.46,-0.362,-2.515,4.7059999999999995,8.324122378157012,
182,Taylor Rogers,CHN| CIN| MIN| MIL| SDN| SFN,LEFT,RP,51.66666666666668,0,60,39,27,22,6,25,64,6,4,2,0,0,3.832,1.239,6,1,0.116,-0.664,-1.575,-0.338,0.046,-0.009,-2.541,4.68,8.278132751758355,
183,Tim Mayza,PHI| PIT| TOR| NYA,LEFT,RP,53.33333333333333,0,69,50,10,9,2,15,53,3,1,1,0,0,1.519,1.219,3,1,0.056,-1.453,-1.81,-0.424,1.095,0.042,-2.55,4.671,8.262213265697282,
184,Jose Alvarado,PHI| TBA,LEFT,RP,41.33333333333333,0,42,30,15,8,3,18,64,0,2,10,0,0,1.742,1.161,3,1,0.073,-2.242,-1.575,0.342,0.77,0.148,-2.557,4.664,8.249831443205334,
185,Adrian Houser,CHA| TBA| MIL| NYN,RIGHT,SP,111.33333333333333,21,23,121,56,51,13,34,96,8,5,0,0,0,4.123,1.392,4,1,0.036,-0.138,-0.89,-0.509,-0.177,-0.851,-2.565,4.656000000000001,8.235680788928827,
186,Reid Detmers,ANA,LEFT,SP,148.66666666666666,28,28,141,81,74,19,60,168,4,10,0,0,0,4.480,1.352,15,4,0.101,-1.19,0.649,-0.509,-0.687,-0.845,-2.582,4.639,8.205610648591241,
187,Ian Hamilton,NYA| CHA| MIN,RIGHT,SP| RP,58.0,3,39,45,19,17,2,26,69,3,2,2,0,0,2.638,1.224,2,2,0.034,-1.453,-1.468,-0.338,0.639,0.031,-2.59,4.631,8.191459994314732,
188,Edward Cabrera,MIA,RIGHT,SP,99.66666666666667,20,22,78,48,47,11,66,118,7,7,0,0,0,4.244,1.445,16,2,0.161,-0.401,-0.42,-0.509,-0.261,-1.016,-2.607,4.614,8.161389853977148,
189,Miles Mikolas,SLN,RIGHT,SP,201.33333333333331,35,35,226,110,107,26,39,137,9,13,0,0,0,4.783,1.316,12,5,0.06,0.125,-0.014,-0.509,-1.448,-0.795,-2.641,4.58,8.10124957330198,
190,Adam Ottavino,NYA| BOS| NYN,RIGHT,RP,61.66666666666667,0,66,46,24,22,7,29,62,1,7,12,0,0,3.211,1.216,22,1,0.357,-1.979,-1.617,0.512,0.38,0.056,-2.648,4.573,8.088867750810035,
191,Josh Winckowski,BOS,RIGHT,RP,84.33333333333334,1,60,89,34,27,9,31,82,4,4,3,0,0,2.881,1.423,2,1,0.024,-1.19,-1.19,-0.253,0.755,-0.77,-2.649,4.572,8.08709891902547,
192,Wandy Peralta,SDN| SFN| NYA,LEFT,RP,54.0,0,63,36,19,17,7,30,51,4,2,4,0,0,2.833,1.222,1,2,0.019,-1.19,-1.853,-0.168,0.506,0.034,-2.672,4.5489999999999995,8.046415787980504,
193,Dustin May,BOS| LAN,RIGHT,SP,47.99999999999999,9,9,29,14,14,1,16,34,4,1,0,0,0,2.625,0.938,4,1,0.083,-1.19,-2.216,-0.509,0.534,0.694,-2.687,4.534000000000001,8.019883311212048,
194,Jakob Junis,CLE| KCA| SFN| CIN| MIL,RIGHT,SP| RP,85.99999999999999,4,40,90,42,37,12,21,96,4,3,1,0,0,3.872,1.291,5,2,0.058,-1.19,-0.89,-0.424,0.047,-0.233,-2.69,4.531000000000001,8.014576815858357,
195,Tony Gonsolin,LAN,RIGHT,SP,103.0,20,20,86,61,57,19,40,82,8,5,0,0,0,4.981,1.223,8,1,0.078,-0.138,-1.19,-0.509,-0.914,0.059,-2.692,4.529,8.011039152289229,
196,Ryan Walker,SFN,RIGHT,SP| RP,61.333333333333314,13,49,61,25,22,8,24,78,5,3,1,0,0,3.228,1.386,5,5,0.082,-0.927,-1.275,-0.424,0.369,-0.45,-2.707,4.514,7.984506675520773,
197,Kyle Nelson,ARI| CLE,LEFT,RP,56.0,2,68,59,30,26,12,14,67,7,4,0,0,0,4.179,1.304,1,0,0.018,-0.401,-1.511,-0.509,-0.115,-0.187,-2.723,4.498,7.956205366967753,
198,Drew Rasmussen,TBA| MIL,RIGHT,SP,44.666666666666664,8,8,36,13,13,2,11,47,4,2,0,0,0,2.619,1.052,3,2,0.067,-1.19,-1.938,-0.509,0.499,0.397,-2.741,4.48,7.924366394845606,
199,Bryan Woo,SEA,RIGHT,SP,87.66666666666667,18,18,75,44,41,13,31,93,4,5,0,0,0,4.209,1.209,8,0,0.091,-1.19,-0.955,-0.509,-0.203,0.11,-2.747,4.474,7.913753404138223,
200,Ryan Pepiot,TBA| LAN,RIGHT,SP| RP,42.0,3,8,27,10,10,7,5,38,2,1,0,0,0,2.143,0.762,1,1,0.024,-1.716,-2.131,-0.509,0.64,0.966,-2.751,4.470000000000001,7.9066780769999685,
201,Buck Farmer,DET| CIN,RIGHT,RP,75.0,0,71,58,36,35,11,29,70,4,5,3,0,0,4.200,1.160,12,1,0.16,-1.19,-1.446,-0.253,-0.168,0.273,-2.785,4.436,7.8465377963247995,
202,Tom Cosgrove,CHN| SDN,LEFT,RP,51.333333333333336,0,54,31,12,10,3,19,44,1,2,1,0,0,1.753,0.974,1,1,0.019,-1.979,-2.002,-0.424,0.951,0.651,-2.803,4.418,7.814698824202653,
203,Gavin Williams,CLE,RIGHT,SP,82.0,16,16,66,32,30,8,37,81,3,5,0,0,0,3.293,1.256,6,2,0.073,-1.453,-1.211,-0.509,0.448,-0.084,-2.809,4.412,7.80408583349527,
204,Mark Leiter,NYA| CHN,RIGHT,RP,64.33333333333333,0,69,48,27,25,7,24,77,1,3,4,0,0,3.497,1.119,9,1,0.14,-1.979,-1.297,-0.168,0.24,0.362,-2.843,4.378,7.743945552820103,
205,Martin Perez,CHA| BOS| TEX| PIT| SDN,LEFT,SP| RP,141.66666666666663,20,35,150,74,70,21,49,93,10,4,0,0,0,4.447,1.405,3,1,0.021,0.388,-0.955,-0.509,-0.615,-1.168,-2.859,4.362,7.715644244267082,
206,Jordan Weems,HOU| OAK| ARI| WAS,RIGHT,RP,54.66666666666665,0,51,38,25,22,9,28,60,5,1,0,0,0,3.622,1.207,3,0,0.055,-0.927,-1.66,-0.509,0.146,0.074,-2.877,4.344,7.6838052721449355,
207,Pierce Johnson,ATL| SDN| COL,RIGHT,RP,62.666666666666664,0,67,63,34,28,10,30,90,2,6,13,0,0,4.021,1.484,0,0,0.0,-1.716,-1.019,0.598,-0.045,-0.758,-2.941,4.28,7.570600037932855,
208,Chris Stratton,KCA| LAN| PIT| SLN| TEX,RIGHT,RP,82.66666666666666,0,64,69,39,36,8,25,81,2,1,1,0,0,3.919,1.137,7,2,0.085,-1.716,-1.211,-0.424,0.012,0.393,-2.946,4.275,7.561755879010037,
209,Steven Matz,BOS| SLN| NYN| TOR,LEFT,SP| RP,104.99999999999999,17,25,108,48,45,11,32,98,4,7,0,0,0,3.857,1.333,13,1,0.124,-1.19,-0.848,-0.509,0.07,-0.502,-2.978,4.243,7.505153261903996,
210,Jose Leclerc,ATH| TEX,RIGHT,RP,57.0,0,57,37,19,17,5,28,67,0,2,4,0,0,2.684,1.140,2,2,0.035,-2.242,-1.511,-0.168,0.606,0.262,-3.053,4.168,7.372490878061715,
211,Yimi Garcia,TOR| MIA| HOU| SEA,RIGHT,RP,66.0,0,73,67,35,30,8,15,79,3,4,3,0,0,4.091,1.242,6,1,0.091,-1.453,-1.254,-0.253,-0.087,-0.024,-3.071,4.15,7.340651905939568,
212,Brandon Williamson,CIN,LEFT,SP,117.00000000000001,23,23,111,63,58,18,39,98,5,5,0,0,0,4.462,1.282,1,3,0.009,-0.927,-0.848,-0.509,-0.522,-0.268,-3.073,4.148,7.337114242370439,
213,Elvis Peguero,CHA| MIL| ANA,RIGHT,RP,61.33333333333333,0,59,49,25,23,4,26,54,4,5,1,0,0,3.375,1.223,12,1,0.196,-1.19,-1.789,-0.424,0.292,0.036,-3.074,4.147,7.335345410585877,
214,Will Vest,DET| SEA,RIGHT,SP| RP,48.33333333333334,4,48,40,18,16,3,13,56,2,1,2,0,0,2.979,1.097,1,0,0.021,-1.716,-1.746,-0.338,0.393,0.325,-3.083,4.138,7.319425924524802,
215,JoJo Romero,SLN| PHI,LEFT,RP,36.666666666666664,0,27,29,17,15,1,10,42,4,2,3,0,0,3.682,1.064,0,1,0.0,-1.19,-2.045,-0.253,0.079,0.305,-3.104,4.117,7.282280457048963,
216,Chris Devenski,NYN| HOU| ARI| PHI| ANA| TBA,RIGHT,RP,42.33333333333333,0,38,36,24,21,6,11,42,6,4,0,0,0,4.465,1.110,10,0,0.236,-0.664,-2.045,-0.509,-0.19,0.257,-3.151,4.07,7.199145363174468,
217,Sam Moll,CIN| OAK,LEFT,RP,62.33333333333335,1,70,47,22,21,2,30,68,2,3,1,0,0,3.032,1.235,12,1,0.193,-1.716,-1.489,-0.424,0.478,-0.001,-3.152,4.069,7.197376531389903,
218,Scott Barlow,CIN| KCA| SDN| CLE,RIGHT,RP,68.0,0,63,61,39,33,4,34,79,2,6,13,0,0,4.368,1.397,11,0,0.162,-1.716,-1.254,0.598,-0.249,-0.536,-3.158,4.063000000000001,7.186763540682522,
219,Josh Sborz,LAN| TEX,RIGHT,RP,52.33333333333332,0,44,43,33,32,8,17,66,6,7,0,0,0,5.503,1.147,4,0,0.076,-0.664,-1.532,-0.509,-0.696,0.225,-3.176,4.045,7.154924568560373,
220,Jacob deGrom,TEX| NYN,RIGHT,SP,30.333333333333332,6,6,19,11,9,2,4,45,2,0,0,0,0,2.670,0.758,5,1,0.165,-1.716,-1.981,-0.509,0.326,0.703,-3.177,4.0440000000000005,7.15315573677581,
221,Gabe Speier,SEA| KCA,LEFT,RP,54.66666666666667,0,69,47,24,23,7,11,64,2,2,1,0,0,3.787,1.061,5,1,0.091,-1.716,-1.575,-0.424,0.069,0.462,-3.183,4.038,7.142542746068427,
222,Giovanny Gallegos,SLN,RIGHT,RP,55.00000000000001,0,56,54,28,27,11,12,59,2,4,10,0,0,4.418,1.200,4,0,0.073,-1.716,-1.682,0.342,-0.225,0.094,-3.187,4.034000000000001,7.1354674189301734,
223,Scott McGough,ARI| ATH,RIGHT,RP,70.33333333333334,1,63,60,40,37,14,30,86,2,7,9,0,0,4.735,1.280,1,1,0.014,-1.716,-1.104,0.257,-0.477,-0.153,-3.193,4.0280000000000005,7.124854428222791,
224,Bowden Francis,TOR,RIGHT,RP,36.333333333333336,0,20,22,7,7,5,8,35,1,0,1,0,0,1.734,0.826,1,0,0.028,-1.979,-2.195,-0.424,0.679,0.723,-3.196,4.025,7.119547932869099,
225,Zack Littell,CIN| TBA| MIN| SFN| BOS,RIGHT,SP| RP,90.0,14,28,94,43,41,13,12,74,3,6,0,0,0,4.100,1.178,1,0,0.011,-1.453,-1.361,-0.509,-0.125,0.25,-3.198,4.023,7.11601026929997,
226,Tristan Beck,SFN,RIGHT,SP| RP,85.0,3,33,83,40,37,10,21,68,3,3,2,0,0,3.918,1.224,2,0,0.024,-1.453,-1.489,-0.338,0.013,0.047,-3.22,4.0009999999999994,7.077095970039567,
227,Gregory Santos,SEA| SFN| CHA,RIGHT,RP,66.33333333333331,0,60,69,29,25,2,17,66,2,2,5,0,0,3.392,1.296,10,3,0.151,-1.716,-1.532,-0.083,0.306,-0.198,-3.223,3.998,7.071789474685877,
228,Hunter Greene,CIN,RIGHT,SP,112.0,22,22,111,65,60,19,48,152,4,7,0,0,0,4.821,1.420,16,4,0.143,-1.19,0.307,-0.509,-0.842,-1.005,-3.239,3.982,7.043488166132858,
229,Drew VerHagen,SLN,RIGHT,RP,60.99999999999999,0,60,52,30,27,9,26,60,5,1,0,0,0,3.984,1.279,9,0,0.148,-0.927,-1.66,-0.509,-0.025,-0.13,-3.25,3.971,7.024031016502656,
230,Brock Stewart,LAN| MIN,RIGHT,RP,27.666666666666668,0,28,19,2,2,1,11,39,2,0,1,0,0,0.651,1.084,1,2,0.036,-1.716,-2.109,-0.424,0.772,0.203,-3.275,3.946,6.979810221888562,
231,Patrick Sandoval,ANA,LEFT,SP,144.66666666666669,28,28,145,89,66,12,74,128,7,13,0,0,0,4.106,1.514,7,3,0.048,-0.401,-0.206,-0.509,-0.209,-1.96,-3.285,3.936,6.962121904042925,
232,Nick Anderson,COL| TBA| ATL| KCA,RIGHT,RP,35.333333333333336,0,35,30,14,12,3,9,36,4,0,1,0,0,3.057,1.104,0,2,0.0,-1.19,-2.173,-0.424,0.264,0.225,-3.298,3.923,6.939127090843596,
233,Gregory Soto,BAL| NYN| DET| PHI,LEFT,RP,60.33333333333333,0,69,47,34,31,6,22,65,3,4,3,0,0,4.624,1.144,2,0,0.033,-1.453,-1.553,-0.253,-0.353,0.268,-3.345,3.876,6.855991996969099,
234,Brent Suter,CIN| MIL| COL,LEFT,RP,69.33333333333336,2,57,65,36,26,3,25,55,4,3,0,0,0,3.375,1.298,3,3,0.043,-1.19,-1.767,-0.509,0.33,-0.213,-3.348,3.873,6.850685501615408,
235,Jay Jackson,SFN| ATL| TOR| MIN,RIGHT,RP,29.666666666666668,0,25,18,8,7,4,9,27,3,1,0,0,0,2.124,0.910,0,0,0.0,-1.453,-2.366,-0.509,0.457,0.468,-3.403,3.818,6.753399753464402,
236,Eli Morgan,CHN| CLE,RIGHT,RP,67.33333333333334,0,61,73,37,30,9,24,75,5,2,1,0,0,4.010,1.441,11,2,0.163,-0.927,-1.339,-0.424,-0.042,-0.673,-3.405,3.8160000000000003,6.749862089895275,
237,Keynan Middleton,ANA| SEA| ARI| CHA| NYA,RIGHT,RP,50.66666666666667,0,51,40,20,19,8,23,64,2,2,2,0,0,3.375,1.243,4,2,0.079,-1.716,-1.575,-0.338,0.241,-0.021,-3.409,3.8120000000000003,6.74278676275702,
238,Brooks Raley,NYN| CIN| HOU| TBA,LEFT,RP,54.66666666666668,0,66,44,19,17,4,25,61,1,2,3,0,0,2.799,1.262,5,0,0.091,-1.979,-1.639,-0.253,0.528,-0.072,-3.416,3.805,6.730404940265073,
239,Ranger Suarez,PHI,LEFT,SP,125.0,22,22,129,59,58,13,48,119,4,6,0,0,0,4.176,1.416,7,2,0.056,-1.19,-0.399,-0.509,-0.255,-1.1,-3.452,3.769,6.6667269960207785,
240,Brock Burke,ANA| TEX,LEFT,RP,59.66666666666667,0,53,64,32,29,13,9,52,5,3,0,0,0,4.374,1.224,1,0,0.017,-0.927,-1.831,-0.509,-0.222,0.033,-3.456,3.765,6.659651668882523,
241,Ron Marinaccio,SDN| NYA,RIGHT,RP,47.33333333333332,0,45,35,24,21,6,27,56,4,5,2,0,0,3.993,1.310,12,2,0.254,-1.19,-1.746,-0.338,-0.023,-0.172,-3.47,3.751,6.63488802389863,
242,Graham Ashcraft,CIN,RIGHT,SP,145.66666666666666,26,26,148,78,77,23,52,111,7,9,0,0,0,4.757,1.373,10,4,0.069,-0.401,-0.57,-0.509,-1.016,-0.977,-3.473,3.748,6.629581528544939,
243,Louie Varland,MIN| TOR,RIGHT,SP| RP,68.00000000000001,10,17,66,35,35,16,17,71,4,3,0,0,0,4.632,1.221,1,1,0.015,-1.19,-1.425,-0.509,-0.402,0.048,-3.478,3.743,6.620737369622121,
244,Joe Jimenez,DET| ATL,RIGHT,RP,56.33333333333333,0,59,51,22,19,9,14,73,0,3,0,0,0,3.035,1.154,8,0,0.142,-2.242,-1.382,-0.509,0.431,0.222,-3.48,3.741,6.617199706052993,
245,Bryan Baker,BAL| TBA| TOR,RIGHT,RP,44.99999999999999,0,46,33,19,18,4,24,51,4,3,0,0,0,3.600,1.267,2,5,0.044,-1.19,-1.853,-0.509,0.128,-0.069,-3.493,3.728,6.594204892853664,
246,Seranthony Dominguez,BAL| TOR| PHI,RIGHT,RP,49.99999999999999,0,57,48,25,21,7,22,48,5,5,2,0,0,3.780,1.400,4,0,0.08,-0.927,-1.917,-0.338,0.066,-0.401,-3.517,3.704,6.551752930024135,
247,Caleb Thielbar,CHN| MIN,LEFT,RP,30.666666666666664,0,36,23,12,11,7,6,36,3,1,0,0,0,3.228,0.946,2,1,0.065,-1.453,-2.173,-0.509,0.184,0.431,-3.52,3.701,6.546446434670443,
248,Tommy Kahnle,DET| NYA| LAN,RIGHT,RP,40.666666666666664,0,42,26,14,12,5,19,48,1,3,2,0,0,2.656,1.107,0,0,0.0,-1.979,-1.917,-0.338,0.442,0.254,-3.539,3.682,6.512838630763731,
249,Nestor Cortes,MIL| SDN| SEA| NYA,LEFT,SP,63.333333333333336,12,12,59,36,35,11,20,67,5,2,0,0,0,4.974,1.247,2,1,0.032,-0.927,-1.511,-0.509,-0.558,-0.038,-3.543,3.678,6.505763303625477,
250,Isaiah Campbell,BOS| SEA,RIGHT,RP,28.66666666666667,0,27,22,9,9,2,13,33,4,1,1,0,0,2.826,1.221,4,0,0.14,-1.19,-2.238,-0.424,0.27,0.02,-3.562,3.6590000000000003,6.472155499718766,
251,Chase Silseth,ANA,RIGHT,SP| RP,52.333333333333336,8,16,41,26,23,9,26,56,4,1,0,0,0,3.955,1.280,3,0,0.057,-1.19,-1.746,-0.509,-0.009,-0.115,-3.569,3.652,6.45977367722682,
252,Emmet Sheehan,LAN,RIGHT,SP,60.333333333333336,11,13,46,33,33,11,26,64,4,1,1,0,0,4.923,1.193,4,1,0.066,-1.19,-1.575,-0.424,-0.505,0.122,-3.572,3.649,6.454467181873128,
253,Jesse Chavez,ATL| TEX| ANA| CHN,RIGHT,RP,34.66666666666666,1,36,26,10,6,2,12,39,1,0,1,0,0,1.558,1.096,3,1,0.087,-1.979,-2.109,-0.424,0.7,0.234,-3.578,3.6430000000000002,6.443854191165745,
254,Jeffrey Springs,ATH| BOS| TBA,LEFT,SP,16.0,3,3,4,1,1,1,4,24,2,0,0,0,0,0.562,0.500,0,0,0.0,-1.716,-2.43,-0.509,0.458,0.572,-3.625,3.596,6.360719097291249,
255,Alex Faedo,DET,RIGHT,SP| RP,64.66666666666666,12,15,48,35,32,12,20,58,2,5,0,0,0,4.454,1.052,2,0,0.031,-1.716,-1.703,-0.509,-0.284,0.577,-3.636,3.585,6.341261947661048,
256,Tanner Houck,BOS,RIGHT,SP,105.99999999999999,21,21,104,61,59,14,41,99,6,10,0,0,0,5.009,1.368,4,2,0.038,-0.664,-0.826,-0.509,-0.966,-0.685,-3.65,3.571,6.3164983026771555,
257,Huascar Brazoban,NYN| MIA,RIGHT,RP,58.666666666666664,0,50,53,28,27,5,31,65,5,2,0,0,0,4.142,1.432,11,0,0.188,-0.927,-1.553,-0.509,-0.103,-0.561,-3.653,3.568,6.311191807323464,
258,Carmen Mlodzinski,PIT,RIGHT,RP,36.0,1,35,28,14,9,3,18,34,3,3,1,0,0,2.250,1.278,3,1,0.083,-1.453,-2.216,-0.424,0.515,-0.075,-3.653,3.568,6.311191807323464,
259,Jose Quintana,MIL| CHN| ANA| SFN| PIT| SLN| NYN,LEFT,SP,75.66666666666667,13,13,75,33,30,5,24,60,3,6,0,0,0,3.568,1.308,5,1,0.066,-1.453,-1.66,-0.509,0.236,-0.27,-3.656,3.565,6.305885311969773,
260,Drew Smith,NYN,RIGHT,RP,56.333333333333336,0,62,50,31,26,7,29,60,4,6,3,0,0,4.154,1.402,5,3,0.089,-1.19,-1.66,-0.253,-0.104,-0.458,-3.666,3.555,6.288196994124135,
261,Steven Okert,HOU| MIA| MIN,LEFT,RP,58.666666666666664,2,64,50,31,29,9,24,73,3,2,0,0,0,4.449,1.261,9,0,0.153,-1.453,-1.382,-0.509,-0.255,-0.075,-3.675,3.5460000000000003,6.272277508063062,
262,Andrew Chafin,ANA| WAS| ARI| CHN| OAK| DET| MIL| TEX,LEFT,RP,51.33333333333334,0,63,45,30,27,6,28,63,3,4,8,0,0,4.734,1.422,2,2,0.039,-1.453,-1.596,0.172,-0.348,-0.467,-3.692,3.529,6.242207367725477,
263,Scott Alexander,COL| SFN| LAN| OAK,LEFT,SP| RP,48.33333333333333,8,55,55,30,25,2,11,31,7,3,1,0,0,4.655,1.365,7,0,0.145,-0.401,-2.28,-0.424,-0.295,-0.307,-3.707,3.5140000000000002,6.215674890957022,
264,Joey Lucchesi,SFN| SDN| NYN,LEFT,SP,46.666666666666664,9,9,44,17,15,4,17,32,4,0,0,0,0,2.893,1.307,3,0,0.064,-1.19,-2.259,-0.509,0.413,-0.164,-3.708,3.513,6.213906059172458,
265,Tommy Henry,ARI,LEFT,SP,88.99999999999999,16,17,86,42,41,12,35,64,5,4,0,0,0,4.146,1.360,10,3,0.112,-0.927,-1.575,-0.509,-0.159,-0.539,-3.708,3.513,6.213906059172458,
266,Angel Perdomo,ATH| MIL| PIT,LEFT,RP,28.999999999999993,0,30,21,14,12,3,11,44,3,2,0,0,0,3.724,1.103,4,2,0.138,-1.453,-2.002,-0.509,0.052,0.185,-3.727,3.494,6.180298255265747,
267,Zack Thompson,SLN,LEFT,SP| RP,66.33333333333333,9,25,69,35,33,8,25,72,5,7,0,0,0,4.477,1.417,2,3,0.03,-0.927,-1.404,-0.509,-0.305,-0.587,-3.732,3.489,6.171454096342927,
268,Derek Law,MIN| CIN| DET| WAS,RIGHT,SP| RP,55.00000000000001,3,54,50,24,22,6,26,45,4,6,2,0,0,3.600,1.382,5,1,0.091,-1.19,-1.981,-0.338,0.157,-0.392,-3.745,3.476,6.148459283143599,
269,Julio Teheran,ANA| DET| MIL| NYN,RIGHT,SP| RP,71.66666666666666,11,14,68,36,35,13,13,50,3,5,0,0,0,4.395,1.130,9,3,0.126,-1.453,-1.874,-0.509,-0.28,0.365,-3.751,3.47,6.137846292436217,
270,Robert Suarez,SDN,RIGHT,RP,27.666666666666668,0,26,15,13,13,4,10,24,4,3,0,0,0,4.229,0.904,2,1,0.072,-1.19,-2.43,-0.509,-0.069,0.446,-3.752,3.4690000000000003,6.136077460651653,
271,Dylan Floro,LAN| MIA| MIN| ARI| WAS,RIGHT,RP,56.666666666666664,0,62,70,34,30,3,17,58,5,6,7,0,0,4.765,1.535,7,1,0.124,-0.927,-1.703,0.087,-0.399,-0.827,-3.769,3.452,6.106007320314069,
272,Nate Pearson,CHN| TOR,RIGHT,RP,42.666666666666664,0,35,36,25,23,7,18,43,5,2,1,0,0,4.852,1.266,8,1,0.188,-0.927,-2.024,-0.424,-0.332,-0.064,-3.77,3.451,6.104238488529505,
273,Brennan Bernardino,BOS| SEA,LEFT,SP| RP,50.66666666666668,6,55,48,19,18,4,18,58,2,1,0,0,0,3.197,1.303,2,1,0.039,-1.716,-1.703,-0.509,0.318,-0.167,-3.777,3.444,6.091856666037558,
274,Alex Young,ARI| CLE| SFN| CIN| NYN,LEFT,RP,53.66666666666668,0,63,53,27,23,10,20,50,4,2,1,0,0,3.857,1.360,4,1,0.075,-1.19,-1.874,-0.424,0.036,-0.327,-3.779,3.442,6.088319002468432,
275,Joe Kelly,LAN| CHA,RIGHT,RP,39.33333333333332,0,42,29,22,18,3,18,60,2,5,1,0,0,4.119,1.195,3,0,0.076,-1.716,-1.66,-0.424,-0.061,0.077,-3.785,3.436,6.077706011761049,
276,John Brebbia,ATL| DET| SFN| CHA,RIGHT,SP| RP,38.333333333333336,10,40,31,21,17,6,14,47,3,5,0,0,0,3.991,1.174,5,1,0.13,-1.453,-1.938,-0.509,-0.018,0.114,-3.804,3.4170000000000003,6.044098207854338,
277,Fernando Cruz,NYA| CIN,RIGHT,RP,66.0,2,58,52,39,36,6,28,98,1,2,0,0,0,4.909,1.212,6,0,0.091,-1.979,-0.848,-0.509,-0.545,0.073,-3.808,3.4130000000000003,6.037022880716083,
278,Garrett Whitlock,BOS,RIGHT,SP| RP,71.66666666666666,10,22,82,43,41,13,13,72,5,5,1,0,0,5.149,1.326,7,5,0.098,-0.927,-1.404,-0.424,-0.738,-0.315,-3.808,3.4130000000000003,6.037022880716083,
279,Hayden Wesneski,HOU| CHN,RIGHT,SP| RP,89.33333333333331,11,34,82,50,46,20,32,83,3,5,0,0,0,4.634,1.276,2,2,0.022,-1.453,-1.168,-0.509,-0.53,-0.179,-3.839,3.382,5.982189095394607,
280,Anthony DeSclafani,ARI| CIN| SFN,RIGHT,SP,99.66666666666667,18,19,105,59,54,15,20,79,4,8,0,0,0,4.876,1.254,8,3,0.08,-1.19,-1.254,-0.509,-0.796,-0.093,-3.842,3.379,5.976882600040915,
281,Daniel Palencia,CHN,RIGHT,RP,28.333333333333332,0,27,22,16,14,3,14,33,5,3,0,0,0,4.447,1.271,1,1,0.035,-0.927,-2.238,-0.509,-0.123,-0.049,-3.846,3.375,5.96980727290266,
282,Michael Fulmer,BOS| CHN| DET| MIN,RIGHT,RP,57.00000000000001,1,58,48,29,28,7,28,65,3,5,2,0,0,4.421,1.333,1,2,0.018,-1.453,-1.553,-0.338,-0.235,-0.272,-3.852,3.369,5.959194282195278,
283,Taj Bradley,MIN| TBA,RIGHT,SP,104.66666666666667,21,23,106,69,65,23,39,129,5,8,0,0,0,5.589,1.385,0,0,0.0,-0.927,-0.185,-0.509,-1.469,-0.765,-3.855,3.366,5.9538877868415865,
284,Abner Uribe,MIL,RIGHT,RP,30.666666666666664,0,32,16,8,6,0,20,39,1,0,1,0,0,1.761,1.174,4,0,0.13,-1.979,-2.109,-0.424,0.566,0.091,-3.855,3.366,5.9538877868415865,
285,Sam Hentges,CLE,LEFT,RP,52.33333333333334,0,56,53,24,21,2,18,56,3,2,0,0,0,3.611,1.357,6,0,0.115,-1.453,-1.746,-0.509,0.144,-0.309,-3.873,3.348,5.922048814719439,
286,Jimmy Cordero,CHA| NYA,RIGHT,RP,32.66666666666667,1,31,25,14,14,2,10,34,3,2,0,0,0,3.857,1.071,6,0,0.184,-1.453,-2.216,-0.509,0.022,0.26,-3.897,3.3240000000000003,5.879596851889909,
287,Ryne Stanek,NYN| MIA| HOU| SEA,RIGHT,RP,50.66666666666668,0,55,42,24,23,8,21,51,3,1,0,0,0,4.085,1.243,2,0,0.039,-1.453,-1.853,-0.509,-0.064,-0.021,-3.9,3.321,5.874290356536218,
288,Trevor Richards,ARI| KCA| TBA| MIL| TOR| MIN,RIGHT,SP| RP,72.66666666666667,3,56,63,41,40,13,35,105,2,1,0,0,0,4.954,1.349,2,0,0.028,-1.716,-0.698,-0.509,-0.628,-0.401,-3.952,3.269,5.782311103738903,
289,Austin Pruitt,HOU| MIA| OAK| TEX,RIGHT,SP| RP,48.33333333333332,6,38,44,18,16,5,12,30,2,6,0,0,0,2.979,1.159,2,1,0.041,-1.716,-2.302,-0.509,0.393,0.179,-3.955,3.266,5.777004608385211,
290,Vince Velasquez,PHI| SDN| CHA| PIT,RIGHT,SP,37.333333333333336,8,8,35,16,16,4,14,37,4,4,0,0,0,3.857,1.312,5,0,0.134,-1.19,-2.152,-0.509,0.025,-0.141,-3.967,3.254,5.7557786269704465,
291,Luke Jackson,DET| SEA| TEX| ATL| SFN,RIGHT,RP,33.33333333333333,0,33,26,14,11,3,15,43,2,2,0,0,0,2.970,1.230,7,0,0.21,-1.716,-2.024,-0.509,0.273,0.008,-3.967,3.254,5.7557786269704465,
292,Phil Bickford,MIL| LAN| NYN| NYA,RIGHT,RP,67.33333333333334,0,61,59,41,37,8,39,76,5,5,1,0,0,4.946,1.455,18,0,0.267,-0.927,-1.318,-0.424,-0.577,-0.721,-3.968,3.253,5.754009795185882,
293,Pedro Avila,SDN| CLE,RIGHT,SP| RP,50.33333333333333,6,14,43,23,18,3,25,54,2,2,0,0,0,3.219,1.351,3,0,0.06,-1.716,-1.789,-0.509,0.307,-0.284,-3.991,3.23,5.713326664140916,
294,Tylor Megill,NYN,RIGHT,SP,126.33333333333333,25,25,141,76,66,18,58,105,9,8,0,0,0,4.702,1.575,11,3,0.087,0.125,-0.698,-0.509,-0.822,-2.089,-3.992,3.229,5.711557832356353,
295,James Karinchak,CLE,RIGHT,RP,38.99999999999999,0,44,24,18,14,6,28,52,2,5,0,0,0,3.231,1.333,16,2,0.41,-1.716,-1.831,-0.509,0.234,-0.186,-4.009,3.2119999999999997,5.681487692018768,
296,Tayler Saucedo,SEA| TOR,LEFT,RP,47.666666666666664,0,52,41,20,19,2,23,43,3,2,1,0,0,3.587,1.343,4,1,0.084,-1.453,-2.024,-0.424,0.141,-0.249,-4.009,3.2119999999999997,5.681487692018768,
297,Hyun Jin Ryu,TOR,LEFT,SP,52.0,11,11,53,25,20,9,14,38,3,3,0,0,0,3.462,1.288,3,1,0.058,-1.453,-2.131,-0.509,0.209,-0.135,-4.018,3.2030000000000003,5.665568205957696,
298,Steven Wilson,CHA| SDN,RIGHT,RP,53.00000000000001,0,52,35,23,23,7,27,57,1,2,0,0,0,3.906,1.170,2,0,0.038,-1.979,-1.724,-0.509,0.014,0.168,-4.031,3.1900000000000004,5.642573392758367,
299,Matt Boyd,CHN| DET| SEA| CLE,LEFT,SP,71.0,15,15,69,46,43,11,25,73,5,5,0,0,0,5.451,1.324,2,2,0.028,-0.927,-1.382,-0.509,-0.913,-0.307,-4.038,3.183,5.63019157026642,
300,Victor Gonzalez,LAN| NYA,LEFT,RP,33.66666666666666,1,34,27,15,15,2,10,30,3,3,0,0,0,4.010,1.099,2,0,0.059,-1.453,-2.302,-0.509,-0.021,0.223,-4.062,3.159,5.587739607436889,
301,Alex Wood,LAN| SFN| OAK,LEFT,SP| RP,97.66666666666666,12,29,98,52,47,9,42,74,5,5,0,0,0,4.331,1.433,4,1,0.041,-0.927,-1.361,-0.509,-0.328,-0.942,-4.066,3.1550000000000002,5.5806642802986355,
302,Jake Bird,COL| NYA,RIGHT,SP| RP,89.33333333333333,3,70,94,47,43,6,27,77,3,3,0,0,0,4.332,1.355,5,1,0.056,-1.453,-1.297,-0.509,-0.3,-0.519,-4.078,3.143,5.55943829888387,
303,Cionel Perez,BAL| HOU| CIN,LEFT,RP,53.33333333333336,0,65,56,30,21,2,27,44,4,2,3,0,0,3.544,1.556,11,1,0.206,-1.19,-2.002,-0.253,0.178,-0.833,-4.101,3.12,5.518755167838903,
304,Xzavion Curry,MIA| CLE,RIGHT,SP| RP,94.99999999999997,9,41,98,47,43,12,30,67,3,4,0,0,0,4.074,1.347,10,1,0.105,-1.453,-1.511,-0.509,-0.111,-0.519,-4.102,3.1189999999999998,5.516986336054339,
305,Brandon Bielak,HOU| OAK,RIGHT,SP,80.0,13,15,86,43,34,12,36,62,5,6,0,0,0,3.825,1.525,5,6,0.062,-0.927,-1.617,-0.509,0.075,-1.127,-4.106,3.115,5.509911008916085,
306,Jack Flaherty,DET| SLN| BAL| LAN,RIGHT,SP,144.33333333333334,27,29,162,83,80,17,66,148,8,9,0,0,0,4.989,1.580,4,2,0.028,-0.138,0.222,-0.509,-1.29,-2.418,-4.133,3.088,5.462152550732863,
307,Cody Bradford,TEX,LEFT,SP| RP,55.99999999999999,8,20,56,33,33,11,12,51,4,3,0,0,0,5.304,1.214,2,0,0.036,-1.19,-1.853,-0.509,-0.65,0.056,-4.146,3.075,5.439157737533535,
308,Jacob Webb,TEX| ATL| ANA| BAL,RIGHT,RP,53.66666666666666,0,54,39,22,22,6,30,57,1,1,1,0,0,3.689,1.286,3,0,0.056,-1.979,-1.724,-0.424,0.112,-0.132,-4.147,3.074,5.43738890574897,
309,Jose Cuas,KCA| CHN| TOR,RIGHT,RP,65.33333333333334,2,72,63,30,29,8,35,71,3,2,1,0,0,3.995,1.500,4,2,0.061,-1.453,-1.425,-0.424,-0.033,-0.841,-4.176,3.045,5.386092783996622,
310,Andrew Wantz,ANA,RIGHT,SP| RP,39.33333333333333,3,27,28,18,17,4,15,33,2,0,0,0,0,3.890,1.093,1,0,0.025,-1.716,-2.238,-0.509,0.015,0.271,-4.176,3.045,5.386092783996622,
311,Tyler Alexander,CHA| MIL| DET| TBA,LEFT,RP,44.0,1,25,44,25,22,8,5,44,2,1,0,0,0,4.500,1.114,1,0,0.023,-1.716,-2.002,-0.509,-0.211,0.26,-4.179,3.042,5.3807862886429305,
312,Genesis Cabrera,CHN| MIN| NYN| PIT| SLN| TOR,LEFT,RP,55.66666666666667,0,61,49,28,25,8,24,58,2,1,0,0,0,4.042,1.311,5,0,0.09,-1.716,-1.703,-0.509,-0.05,-0.207,-4.185,3.0360000000000005,5.370173297935549,
313,Randy Vasquez,SDN| NYA,RIGHT,SP| RP,37.666666666666664,5,11,30,12,12,5,18,33,2,2,0,0,0,2.867,1.274,2,0,0.053,-1.716,-2.238,-0.509,0.342,-0.072,-4.193,3.0280000000000005,5.356022643659039,
314,Drey Jameson,ARI,RIGHT,SP| RP,40.666666666666664,3,15,40,15,15,6,18,37,3,1,1,0,0,3.320,1.426,0,0,0.0,-1.453,-2.152,-0.424,0.213,-0.378,-4.194,3.027,5.354253811874475,
315,Joe Boyle,TBA| OAK,RIGHT,SP,16.0,3,3,8,4,3,1,5,15,2,0,0,0,0,1.688,0.812,2,1,0.125,-1.716,-2.623,-0.509,0.305,0.329,-4.214,3.0069999999999997,5.318877176183199,
316,Peter Strzelecki,MIL| ARI| CLE,RIGHT,RP,37.00000000000001,0,37,33,18,18,3,12,37,3,5,0,0,0,4.378,1.216,9,0,0.243,-1.453,-2.152,-0.509,-0.139,0.034,-4.219,3.002,5.3100330172603805,
317,Trent Thornton,SEA| TOR,RIGHT,RP,31.333333333333332,1,27,30,12,7,5,6,26,1,2,0,0,0,2.011,1.149,3,1,0.096,-1.979,-2.387,-0.509,0.512,0.131,-4.232,2.989,5.2870382040610515,
318,Brad Hand,CLE| NYN| TOR| WAS| PHI| ATL| COL,LEFT,RP,53.66666666666666,0,60,54,33,33,6,22,59,5,3,1,0,0,5.534,1.416,13,1,0.242,-0.927,-1.682,-0.424,-0.728,-0.472,-4.233,2.9880000000000004,5.285269372276489,
319,Kody Funderburk,MIN,LEFT,RP,12.0,0,11,6,1,1,1,5,19,2,0,0,0,0,0.750,0.917,2,1,0.167,-1.716,-2.537,-0.509,0.325,0.186,-4.252,2.9690000000000003,5.251661568369777,
320,DL Hall,MIL| BAL,LEFT,RP,19.333333333333332,0,18,18,8,7,2,5,23,3,0,0,0,0,3.259,1.190,1,0,0.052,-1.453,-2.451,-0.509,0.111,0.043,-4.26,2.9610000000000003,5.237510914093267,
321,Alex Vesia,LAN| MIA,LEFT,RP,49.66666666666666,1,56,52,27,24,7,17,64,2,5,1,0,0,4.349,1.389,6,1,0.121,-1.716,-1.575,-0.424,-0.174,-0.372,-4.261,2.96,5.235742082308703,
322,Grant Hartwig,NYN,RIGHT,RP,35.33333333333333,0,28,34,23,19,3,15,30,5,2,0,0,0,4.840,1.387,1,0,0.028,-0.927,-2.302,-0.509,-0.271,-0.261,-4.27,2.9510000000000005,5.219822596247631,
323,Jake Diekman,OAK| BOS| CHA| TBA| NYN,LEFT,RP,56.66666666666667,0,63,37,29,21,3,38,64,0,2,0,0,0,3.335,1.323,8,1,0.141,-2.242,-1.575,-0.509,0.289,-0.244,-4.28,2.941,5.202134278401992,
324,Nick Ramirez,DET| SDN| NYA| LAN,LEFT,RP,40.66666666666667,0,32,41,17,12,1,9,28,1,2,1,0,0,2.656,1.230,3,0,0.074,-1.979,-2.345,-0.424,0.442,0.011,-4.295,2.926,5.175601801633536,
325,Robert Garcia,TEX| MIA| WAS,LEFT,RP,32.0,0,25,26,16,13,3,12,33,2,2,0,0,0,3.656,1.188,4,2,0.125,-1.716,-2.238,-0.509,0.076,0.074,-4.313,2.9080000000000004,5.143762829511389,
326,John Schreiber,KCA| DET| BOS,RIGHT,RP,46.666666666666664,2,46,41,22,20,6,25,53,2,1,1,0,0,3.857,1.414,0,0,0.0,-1.716,-1.81,-0.424,0.031,-0.407,-4.325,2.896,5.122536848096623,
327,Jordan Wicks,CHN,LEFT,SP,34.666666666666664,7,7,33,17,17,5,11,24,4,1,0,0,0,4.413,1.269,2,1,0.058,-1.19,-2.43,-0.509,-0.141,-0.058,-4.327,2.894,5.118999184527496,
328,Jose Soriano,ANA,RIGHT,RP,42.0,0,38,33,22,17,4,23,56,1,3,0,0,0,3.643,1.333,1,2,0.024,-1.979,-1.746,-0.509,0.105,-0.201,-4.33,2.891,5.113692689173805,
329,John Means,BAL,LEFT,SP,23.666666666666664,4,4,13,7,7,4,4,10,1,2,0,0,0,2.662,0.718,0,0,0.0,-1.979,-2.729,-0.509,0.256,0.594,-4.367,2.854,5.048245913144946,
330,Ryan Thompson,ARI| TBA,RIGHT,RP,30.666666666666668,0,31,20,14,13,3,8,21,1,2,1,0,0,3.815,0.913,4,1,0.13,-1.979,-2.494,-0.424,0.031,0.48,-4.386,2.835,5.014638109238234,
331,Paul Blackburn,NYA| NYN| OAK,RIGHT,SP,103.66666666666667,20,21,117,54,51,11,43,104,4,7,0,0,0,4.428,1.543,10,3,0.096,-1.19,-0.719,-0.509,-0.433,-1.554,-4.405,2.816,4.981030305331523,
332,James McArthur,KCA,RIGHT,RP,23.333333333333332,2,18,20,12,12,2,2,23,1,0,4,0,0,4.629,0.943,0,0,0.0,-1.979,-2.451,-0.168,-0.137,0.331,-4.405,2.816,4.981030305331523,
333,Bryce Jarvis,ARI,RIGHT,RP,23.666666666666668,1,11,14,9,8,3,9,12,2,1,0,0,0,3.042,0.972,0,0,0.0,-1.716,-2.687,-0.509,0.18,0.303,-4.429,2.792,4.938578342501993,
334,Tyler Mahle,TEX| CIN| MIN,RIGHT,SP,25.666666666666664,5,5,22,11,9,5,5,28,1,2,0,0,0,3.156,1.052,2,1,0.078,-1.979,-2.345,-0.509,0.17,0.228,-4.434,2.787,4.929734183579174,
335,Trevor Megill,MIL| CHN| MIN,RIGHT,RP,34.666666666666664,2,31,35,14,14,2,12,52,1,0,0,0,0,3.635,1.356,12,0,0.346,-1.979,-1.831,-0.509,0.089,-0.203,-4.434,2.787,4.929734183579174,
336,Andrew Vasquez,LAN| SFN| TOR| DET| PHI,LEFT,RP,48.33333333333333,0,42,46,21,18,4,23,43,2,1,0,0,0,3.352,1.428,0,1,0.0,-1.716,-2.024,-0.509,0.24,-0.452,-4.461,2.76,4.881975725395953,
337,Keaton Winn,SFN,RIGHT,SP| RP,42.333333333333336,5,9,36,22,22,6,8,35,1,3,1,0,0,4.677,1.039,3,2,0.071,-1.979,-2.195,-0.424,-0.266,0.402,-4.462,2.7590000000000003,4.88020689361139,
338,Cole Irvin,PHI| OAK| BAL| MIN,LEFT,SP| RP,77.33333333333334,12,24,78,42,38,11,21,68,1,4,0,0,0,4.422,1.280,0,1,0.0,-1.979,-1.489,-0.509,-0.319,-0.17,-4.466,2.755,4.873131566473134,
339,Beau Brieske,DET,RIGHT,RP,35.00000000000001,1,25,36,14,14,4,12,31,2,3,2,0,0,3.600,1.371,1,0,0.029,-1.716,-2.28,-0.338,0.1,-0.232,-4.467,2.7540000000000004,4.871362734688572,
340,Andres Machado,WAS,RIGHT,RP,50.0,0,44,53,29,29,12,13,43,4,1,0,0,0,5.220,1.320,11,0,0.22,-1.19,-2.024,-0.509,-0.545,-0.207,-4.474,2.747,4.858980912196624,
341,Touki Toussaint,ANA| ATL| CHA| CLE,RIGHT,SP| RP,87.0,16,20,69,48,48,10,57,85,4,7,0,0,0,4.965,1.448,9,2,0.103,-1.19,-1.126,-0.509,-0.761,-0.902,-4.487,2.734,4.835986098997296,
342,Miguel Diaz,SDN| DET| HOU,RIGHT,SP| RP,14.000000000000002,3,12,8,1,1,0,5,16,1,0,0,0,0,0.643,0.929,1,0,0.071,-1.979,-2.601,-0.509,0.391,0.208,-4.489,2.732,4.8324484354281685,
343,Tanner Banks,PHI| CHA,LEFT,SP| RP,61.0,3,32,59,32,30,10,16,51,1,4,1,0,0,4.426,1.230,8,1,0.131,-1.979,-1.853,-0.424,-0.254,0.016,-4.493,2.7279999999999998,4.825373108289913,
344,Lucas Erceg,KCA| OAK,RIGHT,RP,55.000000000000014,0,50,51,33,29,1,36,68,4,4,0,0,0,4.745,1.582,0,1,0.0,-1.19,-1.489,-0.509,-0.378,-0.927,-4.493,2.7279999999999998,4.825373108289913,
345,Daniel Duarte,CIN| MIN,RIGHT,RP,31.666666666666664,0,31,24,14,13,5,20,23,3,0,1,0,0,3.695,1.389,2,2,0.063,-1.453,-2.451,-0.424,0.065,-0.238,-4.501,2.7199999999999998,4.811222454013403,
346,Andre Jackson,LAN| PIT,RIGHT,SP| RP,61.333333333333336,7,19,52,34,34,11,22,57,1,3,2,0,0,4.989,1.206,4,1,0.065,-1.979,-1.724,-0.338,-0.548,0.085,-4.506,2.715,4.802378295090584,
347,J. T. Chargois,SEA| TBA| MIA,RIGHT,SP| RP,42.333333333333336,5,46,35,17,17,3,18,35,1,0,1,0,0,3.614,1.252,5,1,0.118,-1.979,-2.195,-0.424,0.116,-0.035,-4.517,2.7039999999999997,4.782921145460382,
348,Patrick Corbin,TEX| WAS,LEFT,SP,179.99999999999997,32,32,210,113,104,33,57,124,10,15,0,0,0,5.200,1.483,28,10,0.156,0.388,-0.292,-0.509,-1.932,-2.172,-4.517,2.7039999999999997,4.782921145460382,
349,Colin Holderman,PIT| NYN,RIGHT,RP,56.0,0,58,55,25,24,4,20,58,0,3,2,0,0,3.857,1.339,6,2,0.107,-2.242,-1.703,-0.338,0.037,-0.284,-4.53,2.691,4.759926332261054,
350,Angel Zerpa,KCA,LEFT,SP| RP,42.66666666666667,3,15,46,24,23,7,8,36,3,3,0,0,0,4.852,1.266,1,1,0.023,-1.453,-2.173,-0.509,-0.332,-0.064,-4.531,2.6900000000000004,4.758157500476491,
351,Sawyer Gipson-Long,DET,RIGHT,SP,20.0,4,4,14,7,6,2,8,26,1,0,0,0,0,2.700,1.100,1,1,0.05,-1.979,-2.387,-0.509,0.21,0.131,-4.534,2.6870000000000003,4.7528510051228,
352,Ryne Nelson,ARI,RIGHT,SP,144.0,27,29,159,87,85,24,46,96,8,8,0,0,0,5.312,1.424,2,4,0.014,-0.138,-0.89,-0.509,-1.683,-1.32,-4.54,2.681,4.742238014415417,
353,Brady Singer,CIN| KCA,RIGHT,SP,159.66666666666666,29,29,182,102,98,20,49,133,8,11,0,0,0,5.524,1.447,11,3,0.069,-0.138,-0.099,-0.509,-2.153,-1.643,-4.542,2.6790000000000003,4.7387003508462895,
354,Carlos Hernandez,CLE| DET| PHI| KCA,RIGHT,SP| RP,69.99999999999999,4,67,62,43,41,10,31,77,1,10,4,0,0,5.271,1.329,3,1,0.043,-1.979,-1.297,-0.168,-0.794,-0.318,-4.556,2.665,4.713936705862396,
355,Luis Garcia,ANA| LAN| WAS| TEX| SLN| SDN| BOS,RIGHT,RP,59.66666666666667,0,61,59,30,27,6,24,53,2,3,0,0,0,4.073,1.391,12,2,0.201,-1.716,-1.81,-0.509,-0.069,-0.453,-4.557,2.6639999999999997,4.712167874077832,
356,Bryan Shaw,SEA| CLE| CHA,RIGHT,RP,45.66666666666666,0,38,39,21,21,3,17,40,0,0,4,0,0,4.139,1.226,2,0,0.044,-2.242,-2.088,-0.168,-0.079,0.019,-4.558,2.6630000000000003,4.71039904229327,
357,Daniel Lynch,KCA,LEFT,SP,52.33333333333333,9,9,50,29,27,9,16,34,3,4,0,0,0,4.643,1.261,9,1,0.172,-1.453,-2.216,-0.509,-0.314,-0.066,-4.559,2.662,4.708630210508705,
358,Jake Irvin,WAS,RIGHT,SP,121.0,24,24,118,66,62,20,54,99,3,7,0,0,0,4.612,1.421,5,0,0.041,-1.453,-0.826,-0.509,-0.694,-1.097,-4.579,2.6420000000000003,4.673253574817431,
359,Joe Mantiply,ARI,LEFT,SP| RP,39.0,3,35,35,22,20,4,9,28,2,2,0,0,0,4.615,1.128,3,0,0.077,-1.716,-2.345,-0.509,-0.225,0.202,-4.592,2.6290000000000004,4.650258761618103,
360,Ben Lively,CLE| CIN,RIGHT,SP| RP,88.66666666666667,12,19,96,53,53,20,25,79,4,7,0,0,0,5.380,1.365,7,0,0.079,-1.19,-1.254,-0.509,-1.087,-0.559,-4.599,2.622,4.637876939126155,
361,Luis Garcia,HOU,RIGHT,SP,27.0,6,6,25,12,12,3,10,31,2,2,0,0,0,4.000,1.296,0,1,0.0,-1.716,-2.28,-0.509,-0.015,-0.08,-4.601,2.62,4.6343392755570285,
362,Jorge Lopez,WAS| BAL| KCA| MIN| MIA| CHN| NYN,RIGHT,RP,58.99999999999998,0,61,67,42,39,12,22,49,6,2,3,0,0,5.949,1.508,7,1,0.119,-0.664,-1.895,-0.253,-1.009,-0.784,-4.606,2.615,4.62549511663421,
363,Kyle Harrison,BOS| SFN,LEFT,SP,34.666666666666664,7,7,29,19,16,8,11,35,1,1,0,0,0,4.154,1.154,3,3,0.087,-1.979,-2.195,-0.509,-0.064,0.137,-4.61,2.6109999999999998,4.618419789495953,
364,Jose Cisnero,DET| ANA,RIGHT,RP,59.333333333333336,0,63,63,39,35,10,25,70,3,4,2,0,0,5.309,1.483,4,1,0.067,-1.453,-1.446,-0.338,-0.692,-0.716,-4.645,2.5760000000000005,4.556510677036224,
365,Zach Jackson,OAK,RIGHT,RP,18.0,0,19,18,7,5,1,10,23,2,1,1,0,0,2.500,1.556,2,1,0.111,-1.716,-2.451,-0.424,0.219,-0.28,-4.652,2.569,4.544128854544277,
366,Penn Murfee,CHA| SEA,RIGHT,RP,14.0,0,16,5,5,2,1,10,16,1,2,0,0,0,1.286,1.071,3,0,0.214,-1.979,-2.601,-0.509,0.315,0.111,-4.663,2.558,4.524671704914075,
367,George Soriano,MIA,RIGHT,RP,51.99999999999999,1,26,46,26,22,6,23,52,0,0,1,0,0,3.808,1.327,0,0,0.0,-2.242,-1.831,-0.424,0.057,-0.232,-4.673,2.548,4.506983387068438,
368,Yency Almonte,COL| LAN| CHN,RIGHT,RP,48.00000000000001,0,49,43,30,27,6,24,49,3,2,0,0,0,5.062,1.396,3,1,0.062,-1.453,-1.895,-0.509,-0.459,-0.375,-4.692,2.529,4.473375583161727,
369,Zack Greinke,HOU| KCA,RIGHT,SP| RP,142.33333333333334,27,30,158,82,80,25,23,97,2,15,0,0,0,5.059,1.272,2,1,0.014,-1.716,-0.869,-0.509,-1.357,-0.254,-4.704,2.5170000000000003,4.452149601746962,
370,Jose Butto,NYN| SFN,RIGHT,SP,42.0,7,9,33,17,17,3,23,38,1,4,0,0,0,3.643,1.333,10,0,0.238,-1.979,-2.131,-0.509,0.105,-0.201,-4.715,2.5060000000000002,4.43269245211676,
371,Rich Hill,KCA| MIN| NYN| TBA| BOS| PIT| SDN,LEFT,SP| RP,146.33333333333334,27,32,165,98,88,23,58,129,8,14,0,0,0,5.412,1.524,25,2,0.171,-0.138,-0.185,-0.509,-1.834,-2.055,-4.721,2.5,4.4220794614093775,
372,Rafael Montero,ATL| DET| HOU| TEX| SEA,RIGHT,RP,67.33333333333334,0,68,74,40,38,11,29,79,3,3,1,0,0,5.079,1.530,11,2,0.163,-1.453,-1.254,-0.424,-0.654,-0.964,-4.749,2.4720000000000004,4.372552171441593,
373,Chad Green,TOR| NYA,RIGHT,RP,11.999999999999998,0,12,12,10,7,1,4,16,3,0,0,0,0,5.250,1.333,1,0,0.083,-1.453,-2.601,-0.509,-0.134,-0.057,-4.754,2.4670000000000005,4.363708012518775,
374,Andrew Kittredge,BAL| CHN| TBA| SLN,RIGHT,RP,11.666666666666666,0,14,12,4,4,1,2,10,2,0,1,0,0,3.086,1.200,1,0,0.086,-1.716,-2.729,-0.424,0.084,0.02,-4.765,2.4560000000000004,4.344250862888574,
375,Collin McHugh,TBA| ATL,RIGHT,RP,58.66666666666667,1,41,70,34,28,5,22,47,4,1,0,0,0,4.295,1.568,3,1,0.051,-1.19,-1.938,-0.509,-0.179,-0.95,-4.766,2.455,4.3424820311040095,
376,Mason Miller,ATH| SDN| OAK,RIGHT,SP| RP,33.33333333333333,6,10,24,15,14,2,16,38,0,3,0,0,0,3.780,1.200,1,2,0.03,-2.242,-2.131,-0.509,0.044,0.057,-4.781,2.4400000000000004,4.315949554335553,
377,Drew Carlton,DET| SDN,RIGHT,RP,20.666666666666668,0,11,18,12,10,2,6,18,2,1,0,0,0,4.355,1.161,0,1,0.0,-1.716,-2.558,-0.509,-0.074,0.074,-4.783,2.4379999999999997,4.312411890766425,
378,Ray Kerr,SDN| ATL,LEFT,RP,26.999999999999996,0,22,25,15,13,5,9,35,1,1,0,0,0,4.333,1.259,0,0,0.0,-1.979,-2.195,-0.509,-0.091,-0.032,-4.806,2.415,4.271728759721459,
379,Matt Koch,SEA| COL,RIGHT,RP,38.66666666666668,1,39,41,22,22,7,9,27,3,2,0,0,0,5.121,1.293,1,1,0.026,-1.453,-2.366,-0.509,-0.389,-0.109,-4.826,2.3950000000000005,4.2363521240301845,
380,Jeff Brigham,ARI| MIA| NYN,RIGHT,RP,37.666666666666664,0,37,26,23,22,9,18,42,1,3,0,0,0,5.257,1.168,3,1,0.08,-1.979,-2.045,-0.509,-0.422,0.122,-4.833,2.388,4.2239703015382375,
381,German Marquez,COL,RIGHT,SP,20.0,4,4,19,11,11,4,3,17,2,2,0,0,0,4.950,1.100,0,2,0.0,-1.716,-2.58,-0.509,-0.172,0.131,-4.846,2.375,4.2009754883389085,
382,Josh Winder,MIN,RIGHT,RP,34.666666666666664,0,19,35,16,16,3,14,28,2,1,1,0,0,4.154,1.413,4,1,0.115,-1.716,-2.345,-0.424,-0.064,-0.301,-4.849,2.372,4.195668992985217,
383,Brendan White,DET,RIGHT,RP,40.666666666666664,2,33,40,25,23,4,15,44,2,3,0,0,0,5.090,1.353,8,1,0.197,-1.716,-2.002,-0.509,-0.399,-0.232,-4.858,2.3630000000000004,4.179749506924145,
384,Jose Hernandez,PIT,LEFT,RP,50.66666666666665,0,50,47,30,28,9,22,62,1,3,0,0,0,4.974,1.362,7,0,0.138,-1.979,-1.617,-0.509,-0.446,-0.312,-4.864,2.357,4.169136516216762,
385,Sean Newcomb,ATH| BOS| ATL| CHN| OAK,LEFT,RP,15.0,2,7,8,5,5,1,9,17,1,1,0,0,0,3.000,1.133,1,0,0.067,-1.979,-2.58,-0.509,0.119,0.074,-4.874,2.3470000000000004,4.151448198371124,
386,Dany Jimenez,SFN| OAK,RIGHT,RP,23.333333333333332,1,25,11,9,9,3,14,21,0,2,1,0,0,3.471,1.071,3,1,0.129,-2.242,-2.494,-0.424,0.092,0.185,-4.883,2.338,4.13552871231005,
387,Keegan Thompson,CHN,RIGHT,RP,28.666666666666668,0,19,20,15,15,2,19,26,2,2,1,0,0,4.709,1.361,1,0,0.035,-1.716,-2.387,-0.424,-0.188,-0.175,-4.89,2.3310000000000004,4.123146889818105,
388,Garrett Cleavinger,TBA| PHI| LAN,LEFT,RP,11.999999999999998,0,15,6,5,4,2,6,14,1,0,0,0,0,3.000,1.000,1,0,0.083,-1.979,-2.644,-0.509,0.095,0.137,-4.9,2.3209999999999997,4.105458571972465,
389,Trevor Gott,SFN| MIL| NYN| SEA,RIGHT,RP,58.0,0,64,63,34,27,4,19,62,0,5,1,0,0,4.190,1.414,12,0,0.207,-2.242,-1.617,-0.424,-0.125,-0.504,-4.912,2.309,4.0842325905577015,
390,Zack Weiss,ANA| BOS,RIGHT,RP,14.0,0,12,9,6,5,4,6,15,1,0,0,0,0,3.214,1.071,0,0,0.0,-1.979,-2.623,-0.509,0.086,0.111,-4.913,2.308,4.082463758773137,
391,Matt Waldron,SDN,RIGHT,SP,41.333333333333336,6,8,39,20,20,9,12,31,1,3,0,0,0,4.355,1.234,8,0,0.194,-1.979,-2.28,-0.509,-0.147,0.002,-4.913,2.308,4.082463758773137,
392,AJ Smith-Shawver,ATL,RIGHT,SP,25.333333333333332,5,6,17,14,12,7,11,20,1,0,0,0,0,4.263,1.105,5,1,0.197,-1.979,-2.516,-0.509,-0.07,0.16,-4.914,2.3070000000000004,4.080694926988574,
393,Kenny Rosenberg,ANA,LEFT,SP| RP,33.0,3,7,35,14,14,3,14,29,2,2,0,0,0,3.818,1.485,3,3,0.091,-1.716,-2.323,-0.509,0.033,-0.401,-4.916,2.3049999999999997,4.077157263419446,
394,Yerry De Los Santos,NYA| PIT,RIGHT,RP,24.333333333333332,0,22,17,10,9,1,13,18,1,1,0,0,0,3.329,1.233,2,1,0.082,-1.979,-2.558,-0.509,0.125,0.003,-4.918,2.303,4.073619599850319,
395,Dakota Hudson,SLN| COL,RIGHT,SP| RP,81.33333333333333,12,18,88,46,45,9,34,45,6,3,0,0,0,4.979,1.500,2,0,0.025,-0.664,-1.981,-0.509,-0.721,-1.047,-4.922,2.2990000000000004,4.066544272712065,
396,Ronel Blanco,HOU,RIGHT,SP| RP,52.0,7,17,49,29,26,12,28,52,2,1,0,0,0,4.500,1.481,2,0,0.038,-1.716,-1.831,-0.509,-0.249,-0.621,-4.926,2.295,4.059468945573808,
397,Daniel Bard,COL,RIGHT,RP,49.333333333333336,0,50,35,30,25,5,49,47,4,2,1,0,0,4.561,1.703,2,3,0.041,-1.19,-1.938,-0.424,-0.262,-1.121,-4.935,2.2860000000000005,4.043549459512736,
398,Yonny Chirinos,TBA| ATL| MIA,RIGHT,SP| RP,85.0,9,20,91,53,51,15,27,53,5,5,0,0,0,5.400,1.388,3,1,0.035,-0.927,-1.81,-0.509,-1.057,-0.633,-4.936,2.285,4.041780627728172,
399,Connor Brogdon,ANA| PHI| LAN,RIGHT,RP,29.0,1,27,29,14,13,5,13,26,2,1,0,0,0,4.035,1.448,5,1,0.172,-1.716,-2.387,-0.509,-0.024,-0.301,-4.937,2.284,4.040011795943607,
400,Aaron Bummer,ATL| CHA,LEFT,RP,58.33333333333333,0,61,53,45,44,4,36,78,5,5,0,0,0,6.789,1.526,17,1,0.291,-0.927,-1.275,-0.509,-1.413,-0.824,-4.948,2.2729999999999997,4.020554646313406,
401,Albert Abreu,NYA| KCA| TEX,RIGHT,RP,58.999999999999986,0,45,52,39,31,9,35,61,2,2,0,0,0,4.729,1.475,7,0,0.119,-1.716,-1.639,-0.509,-0.397,-0.687,-4.948,2.2729999999999997,4.020554646313406,
402,Brent Headrick,NYA| MIN,LEFT,RP,25.666666666666664,0,14,27,18,18,7,10,30,3,0,1,0,0,6.312,1.442,0,0,0.0,-1.453,-2.302,-0.424,-0.518,-0.258,-4.954,2.2670000000000003,4.009941655606024,
403,Chasen Shreve,NYN| PIT| CIN| DET| COL,LEFT,RP,44.666666666666664,0,50,46,25,23,7,14,45,1,2,0,0,0,4.634,1.343,1,0,0.022,-1.979,-1.981,-0.509,-0.265,-0.235,-4.969,2.252,3.983409178837567,
404,Bruce Zimmermann,MIL| BAL,LEFT,RP,13.333333333333334,0,7,17,8,7,3,0,14,2,0,0,0,0,4.725,1.275,0,0,0.0,-1.716,-2.644,-0.509,-0.089,-0.026,-4.984,2.237,3.9568767020691116,
405,Ty Adcock,NYN| SEA,RIGHT,RP,15.666666666666666,0,12,11,7,6,4,0,11,0,0,0,0,0,3.447,0.702,1,0,0.064,-2.242,-2.708,-0.509,0.065,0.406,-4.988,2.2329999999999997,3.9498013749308556,
406,Darius Vines,ATL,RIGHT,RP,20.333333333333336,2,5,15,10,9,3,7,14,1,0,0,0,0,3.984,1.082,2,1,0.098,-1.979,-2.644,-0.509,-0.008,0.151,-4.989,2.232,3.948032543146293,
407,David Peterson,NYN,LEFT,SP| RP,111.00000000000003,21,27,124,64,62,16,50,128,3,8,0,0,0,5.027,1.568,4,5,0.036,-1.453,-0.206,-0.509,-1.028,-1.794,-4.99,2.231,3.9462637113617287,
408,Joe La Sorsa,CIN| TBA| WAS,LEFT,RP,32.66666666666667,0,25,32,16,16,3,9,28,1,0,0,0,0,4.408,1.255,4,0,0.122,-1.979,-2.345,-0.509,-0.131,-0.032,-4.995,2.226,3.93741955243891,
409,Marco Gonzales,SEA| PIT,LEFT,SP,50.0,10,10,55,32,29,5,18,34,4,1,0,0,0,5.220,1.460,1,1,0.02,-1.19,-2.216,-0.509,-0.545,-0.547,-5.007,2.2140000000000004,3.9161935710241456,
410,Hunter Gaddis,CLE,RIGHT,SP| RP,42.0,7,11,41,21,21,6,14,24,2,1,0,0,0,4.500,1.310,3,1,0.071,-1.716,-2.43,-0.509,-0.201,-0.152,-5.008,2.213,3.9144247392395815,
411,Trevor Rogers,BAL| MIA,LEFT,SP,18.0,4,4,16,9,8,2,6,19,1,2,0,0,0,4.000,1.222,0,0,0.0,-1.979,-2.537,-0.509,-0.01,0.011,-5.024,2.197,3.8861234306865615,
412,Dominic Leone,CLE| SFN| ANA| NYN| SEA| CHA,RIGHT,RP,54.0,0,51,49,28,28,14,28,54,1,3,1,0,0,4.667,1.426,9,0,0.167,-1.979,-1.789,-0.424,-0.335,-0.501,-5.028,2.1930000000000005,3.8790481035483073,
413,Austin Gomber,COL| SLN,LEFT,SP,138.99999999999997,27,27,164,88,85,26,43,87,9,9,0,0,0,5.504,1.489,8,1,0.058,0.125,-1.083,-0.509,-1.85,-1.717,-5.034,2.1870000000000003,3.868435112840924,
414,Jimmy Herget,COL| TEX| ANA| ATL,RIGHT,RP,28.999999999999996,1,29,33,15,15,7,8,26,2,4,0,0,0,4.655,1.414,0,0,0.0,-1.716,-2.387,-0.509,-0.177,-0.252,-5.041,2.1799999999999997,3.856053290348977,
415,Michael Rucker,CHN,RIGHT,RP,40.333333333333336,0,35,39,22,22,6,19,40,2,1,0,0,0,4.909,1.438,0,1,0.0,-1.716,-2.088,-0.509,-0.333,-0.398,-5.044,2.1770000000000005,3.850746794995287,
416,Sammy Peralta,ANA| CHA,LEFT,RP,20.0,0,16,19,11,9,2,11,18,2,0,0,0,0,4.050,1.500,1,0,0.05,-1.716,-2.558,-0.509,-0.019,-0.258,-5.06,2.1610000000000005,3.822445486442267,
417,John King,SLN| TEX,LEFT,RP,37.333333333333336,0,35,45,15,15,2,10,20,2,1,0,0,0,3.616,1.473,2,0,0.054,-1.716,-2.516,-0.509,0.101,-0.432,-5.071,2.1500000000000004,3.8029883368120654,
418,Shintaro Fujinami,BAL| OAK,RIGHT,SP| RP,78.99999999999999,7,64,73,65,63,9,45,83,7,8,2,0,0,7.177,1.494,7,0,0.089,-0.401,-1.168,-0.338,-2.174,-0.993,-5.076,2.1450000000000005,3.794144177889247,
419,Jose Ferrer,WAS,LEFT,RP,34.0,0,39,37,19,19,4,13,25,3,0,0,0,0,5.029,1.471,6,1,0.176,-1.453,-2.409,-0.509,-0.316,-0.389,-5.076,2.1450000000000005,3.794144177889247,
420,Peter Lambert,COL,RIGHT,SP| RP,87.33333333333333,11,25,93,54,52,18,28,71,3,7,0,0,0,5.359,1.385,4,5,0.046,-1.453,-1.425,-0.509,-1.055,-0.639,-5.081,2.1399999999999997,3.785300018966427,
421,Angel Felipe,OAK,RIGHT,RP,15.000000000000002,0,14,6,7,7,0,13,19,1,1,0,0,0,4.200,1.267,0,0,0.0,-1.979,-2.537,-0.509,-0.034,-0.023,-5.082,2.1390000000000002,3.783531187181864,
422,Carson Fulmer,ANA| BAL| DET| CIN,RIGHT,P,10.0,1,3,6,3,3,1,4,6,1,1,0,0,0,2.700,1.000,1,0,0.1,-1.979,-2.815,-0.509,0.105,0.114,-5.084,2.1370000000000005,3.779993523612737,
423,Chris Murphy,BOS,LEFT,RP,47.666666666666664,0,20,50,27,26,5,17,49,1,2,1,0,0,4.909,1.406,3,1,0.063,-1.979,-1.895,-0.424,-0.394,-0.395,-5.087,2.1340000000000003,3.7746870282590455,
424,Davis Daniel,ATL| ANA,RIGHT,RP,12.333333333333332,0,3,7,3,3,1,9,9,1,1,0,0,0,2.189,1.297,1,0,0.081,-1.979,-2.751,-0.509,0.183,-0.037,-5.093,2.128,3.7640740375516626,
425,Tyler Anderson,ANA| SFN| PIT| SEA| LAN,LEFT,SP,141.0,25,27,146,90,85,20,64,119,6,6,0,0,0,5.426,1.489,7,2,0.05,-0.664,-0.399,-0.509,-1.783,-1.743,-5.098,2.123,3.755229878628844,
426,Dylan Lee,ATL,LEFT,RP,23.66666666666666,1,24,24,14,11,4,8,24,1,0,0,0,0,4.183,1.352,3,0,0.127,-1.979,-2.43,-0.509,-0.05,-0.135,-5.102,2.1189999999999998,3.7481545514905883,
427,Jonathan Loaisiga,NYA,RIGHT,RP,17.666666666666668,0,17,14,7,6,2,1,6,0,2,0,0,0,3.057,0.849,1,0,0.057,-2.242,-2.815,-0.509,0.132,0.331,-5.103,2.1180000000000003,3.7463857197060255,
428,Jovani Moran,BOS| MIN,LEFT,RP,42.33333333333332,0,43,35,27,25,3,27,48,2,2,0,0,0,5.315,1.465,2,1,0.047,-1.716,-1.917,-0.509,-0.496,-0.472,-5.11,2.1109999999999998,3.734003897214078,
429,Ryan Weber,BOS| MIL| SEA| NYA,RIGHT,RP,14.333333333333334,0,8,17,5,5,2,1,7,1,0,1,0,0,3.139,1.256,3,0,0.209,-1.979,-2.794,-0.424,0.097,-0.014,-5.114,2.107,3.726928570075824,
430,Carl Edwards,ANA| TEX| SEA| ATL| TOR| WAS| SDN,RIGHT,RP,31.666666666666664,0,32,31,14,13,1,17,24,1,3,2,0,0,3.695,1.516,2,0,0.063,-1.979,-2.43,-0.338,0.065,-0.432,-5.115,2.106,3.72515973829126,
431,Seth Martinez,MIA| HOU,RIGHT,RP,43.0,0,35,45,29,25,5,19,45,2,3,1,0,0,5.233,1.488,4,1,0.093,-1.716,-1.981,-0.424,-0.473,-0.529,-5.124,2.0970000000000004,3.709240252230187,
432,Richard Lovelady,NYN| TOR| KCA| OAK| CHN| TBA,LEFT,RP,23.333333333333336,0,27,15,13,12,3,10,24,0,3,0,0,0,4.629,1.071,3,1,0.129,-2.242,-2.43,-0.509,-0.137,0.185,-5.133,2.088,3.6933207661691125,
433,Austin Cox,ATL| KCA,LEFT,SP| RP,35.666666666666664,3,24,28,20,18,2,17,33,0,1,1,0,0,4.542,1.262,3,1,0.084,-2.242,-2.238,-0.424,-0.184,-0.046,-5.133,2.088,3.6933207661691125,
434,Andrew Saalfrank,ARI,LEFT,RP,10.333333333333334,0,10,7,2,0,0,4,6,0,0,0,0,0,0.00,1.065,2,0,0.194,-2.242,-2.815,-0.509,0.345,0.086,-5.135,2.0860000000000003,3.689783102599985,
435,Michael Kelly,ATH| PHI| CLE| OAK,RIGHT,RP,16.666666666666664,0,14,13,8,7,0,9,16,1,0,0,0,0,3.780,1.320,3,1,0.18,-1.979,-2.601,-0.509,0.022,-0.069,-5.136,2.085,3.688014270815421,
436,Brandon Pfaadt,ARI,RIGHT,SP,96.0,18,19,109,63,61,22,26,94,3,9,0,0,0,5.719,1.406,8,4,0.083,-1.453,-0.933,-0.509,-1.453,-0.799,-5.147,2.074,3.6685571211852195,
437,Brent Honeywell,TBA| CHA| SDN| LAN| PIT,RIGHT,RP,52.333333333333336,0,40,53,29,28,10,23,45,2,4,0,0,0,4.815,1.452,6,0,0.115,-1.716,-1.981,-0.509,-0.391,-0.552,-5.149,2.072,3.6650194576160926,
438,Jordan Lyles,TEX| BAL| KCA,RIGHT,SP,177.66666666666666,31,31,176,130,124,39,45,120,6,17,0,0,0,6.281,1.244,9,2,0.051,-0.664,-0.377,-0.509,-3.538,-0.077,-5.165,2.056,3.6367181490630722,
439,Hunter Stratton,ATL| PIT,RIGHT,RP,12.0,0,8,9,3,3,2,3,10,0,0,0,0,0,2.250,1.000,0,0,0.0,-2.242,-2.729,-0.509,0.172,0.137,-5.172,2.0490000000000004,3.6243363265711266,
440,Jose Urquidy,DET| HOU,RIGHT,SP| RP,63.0,10,16,65,37,37,11,25,45,3,3,1,0,0,5.286,1.429,13,2,0.206,-1.453,-1.981,-0.424,-0.722,-0.593,-5.173,2.048,3.6225674947865625,
441,Mason Thompson,WAS| SDN,RIGHT,RP,53.999999999999986,0,51,62,35,33,4,22,44,4,4,1,0,0,5.500,1.556,6,2,0.111,-1.19,-2.002,-0.424,-0.717,-0.841,-5.175,2.0460000000000003,3.619029831217435,
442,Yohan Ramirez,PIT| SEA| CLE| CHA| BAL| BOS| LAN| NYN,RIGHT,RP,38.333333333333336,0,31,39,21,18,3,17,35,1,0,0,0,0,4.226,1.461,7,1,0.183,-1.979,-2.195,-0.509,-0.094,-0.421,-5.198,2.0229999999999997,3.578346700172468,
443,Mauricio Llovera,PHI| SFN| BOS,RIGHT,RP,35.0,0,30,36,25,19,3,15,29,2,3,0,0,0,4.886,1.457,8,0,0.229,-1.716,-2.323,-0.509,-0.282,-0.378,-5.208,2.013,3.5606583823268307,
444,Mason Englert,TBA| DET,RIGHT,RP,56.00000000000001,1,31,67,39,34,12,17,41,4,3,0,0,0,5.464,1.500,7,0,0.125,-1.19,-2.067,-0.509,-0.727,-0.721,-5.213,2.008,3.5518142234040124,
445,Slade Cecconi,CLE| ARI,RIGHT,SP| RP,27.0,4,7,27,13,13,4,4,20,0,1,0,0,0,4.333,1.148,1,1,0.037,-2.242,-2.516,-0.509,-0.091,0.114,-5.244,1.9770000000000003,3.4969804380825367,
446,Grant Anderson,MIL| TEX,RIGHT,RP,35.666666666666664,0,26,38,20,20,5,14,30,2,1,0,0,0,5.047,1.458,5,2,0.14,-1.716,-2.302,-0.509,-0.336,-0.386,-5.25,1.971,3.486367447375154,
447,Jacob Lopez,ATH| TBA,LEFT,RP,12.333333333333332,1,4,14,7,6,0,2,8,1,0,1,0,0,4.378,1.297,0,0,0.0,-1.979,-2.772,-0.424,-0.046,-0.037,-5.259,1.9619999999999997,3.470447961314079,
448,Andre Pallante,SLN,RIGHT,RP,68.0,0,62,76,37,36,6,30,43,4,1,0,0,0,4.765,1.559,15,3,0.221,-1.19,-2.024,-0.509,-0.479,-1.07,-5.271,1.9500000000000002,3.449221979899315,
449,Sam Bachman,ANA,RIGHT,RP,17.0,0,11,17,7,6,0,11,14,1,2,1,0,0,3.176,1.647,0,0,0.0,-1.979,-2.644,-0.424,0.11,-0.34,-5.278,1.9430000000000005,3.4368401574073695,
450,Nick Vespi,BAL,LEFT,RP,14.666666666666668,0,9,16,7,7,2,2,9,1,0,0,0,0,4.295,1.227,0,1,0.0,-1.979,-2.751,-0.509,-0.045,0.006,-5.278,1.9430000000000005,3.4368401574073695,
451,Dylan Covey,BOS| LAN| PHI,RIGHT,RP,43.0,1,29,48,22,18,5,17,30,1,3,0,0,0,3.767,1.512,1,0,0.023,-1.979,-2.302,-0.509,0.062,-0.578,-5.306,1.915,3.3873128674395834,
452,Gavin Hollowell,CHN| COL,RIGHT,RP,33.666666666666664,0,26,31,23,22,8,18,32,2,0,1,0,0,5.881,1.455,4,0,0.119,-1.716,-2.259,-0.424,-0.556,-0.361,-5.316,1.9050000000000002,3.3696245495939463,
453,Tyson Miller,CHN| TEX| LAN| MIL| NYN| SEA,RIGHT,RP,15.333333333333332,0,10,13,8,8,2,6,10,1,0,0,0,0,4.696,1.239,0,0,0.0,-1.979,-2.729,-0.509,-0.099,-0.003,-5.319,1.9020000000000001,3.364318054240255,
454,Deivi Garcia,NYA| CHA,RIGHT,RP,14.999999999999998,0,8,9,9,4,2,12,10,0,1,1,0,0,2.400,1.400,0,0,0.0,-2.242,-2.729,-0.424,0.196,-0.12,-5.32,1.9009999999999998,3.3625492224556903,
455,Allan Winans,NYA| ATL,RIGHT,SP,32.33333333333333,6,6,37,19,19,5,8,34,1,2,0,0,0,5.289,1.392,1,1,0.031,-1.979,-2.216,-0.509,-0.371,-0.246,-5.322,1.899,3.3590115588865634,
456,Jalen Beeks,ARI| TBA| COL| PIT,LEFT,SP| RP,42.333333333333336,8,30,42,28,28,4,21,47,2,3,1,0,0,5.953,1.488,0,0,0.0,-1.716,-1.938,-0.424,-0.725,-0.521,-5.324,1.8970000000000002,3.355473895317436,
457,Trey Wingenter,DET| BOS| CHN,RIGHT,RP,17.0,0,17,16,11,11,2,7,22,1,0,0,0,0,5.824,1.353,2,0,0.118,-1.979,-2.473,-0.509,-0.272,-0.097,-5.331,1.8899999999999997,3.343092072825489,
458,Jimmy Lambert,CHA,RIGHT,RP,37.666666666666664,1,35,41,26,22,10,20,41,2,3,1,0,0,5.257,1.619,5,1,0.133,-1.716,-2.067,-0.424,-0.422,-0.704,-5.333,1.888,3.339554409256362,
459,Luis Frias,ARI| TOR,RIGHT,RP,31.0,0,29,30,14,14,3,17,26,1,0,0,0,0,4.064,1.516,3,0,0.097,-1.979,-2.387,-0.509,-0.034,-0.424,-5.333,1.888,3.339554409256362,
460,Matthew Liberatore,SLN,LEFT,SP| RP,61.66666666666667,11,22,66,42,36,5,25,46,3,6,0,0,0,5.254,1.476,6,1,0.097,-1.453,-1.96,-0.509,-0.69,-0.721,-5.333,1.888,3.339554409256362,
461,Bennett Sousa,HOU| CHA| MIL,LEFT,RP,9.0,0,7,6,4,4,1,2,10,0,0,0,0,0,4.000,0.889,0,0,0.0,-2.242,-2.729,-0.509,-0.005,0.151,-5.334,1.8870000000000005,3.337785577471799,
462,Jose Quijada,ANA,LEFT,RP,9.0,0,10,8,7,6,0,3,8,0,1,4,0,0,6.000,1.222,0,0,0.0,-2.242,-2.772,-0.168,-0.158,0.006,-5.335,1.8860000000000001,3.336016745687235,
463,Kyle Freeland,COL,LEFT,SP,155.66666666666666,29,29,187,96,87,29,42,94,6,14,0,0,0,5.030,1.471,13,7,0.084,-0.664,-0.933,-0.509,-1.446,-1.786,-5.338,1.883,3.3307102503335435,
464,Taylor Clarke,KCA| ARI,RIGHT,RP,58.999999999999986,2,58,71,42,39,12,24,65,3,6,3,0,0,5.949,1.610,0,3,0.0,-1.453,-1.553,-0.253,-1.009,-1.076,-5.344,1.8769999999999998,3.3200972596261606,
465,Joe Jacques,BOS| ARI,LEFT,RP,26.666666666666664,1,23,32,17,15,2,10,20,2,1,1,0,0,5.062,1.575,1,2,0.038,-1.716,-2.516,-0.424,-0.255,-0.441,-5.351,1.87,3.3077154371342146,
466,Alec Marsh,KCA,RIGHT,SP| RP,74.33333333333331,8,17,77,50,47,16,39,85,3,9,0,0,0,5.691,1.560,11,1,0.148,-1.453,-1.126,-0.509,-1.107,-1.176,-5.371,1.8499999999999996,3.272338801442939,
467,Thomas Hatch,KCA| MIN| TOR| PIT,RIGHT,RP,28.666666666666668,2,18,33,18,13,2,12,26,1,1,0,0,0,4.081,1.570,3,1,0.105,-1.979,-2.387,-0.509,-0.035,-0.466,-5.377,1.8440000000000003,3.2617258107355576,
468,Bryan Hoeing,SDN| MIA,RIGHT,SP| RP,70.66666666666666,7,33,71,45,43,13,25,53,2,3,0,0,0,5.476,1.359,6,1,0.085,-1.716,-1.81,-0.509,-0.924,-0.424,-5.383,1.838,3.2511128200281747,
469,Luis Ortiz,SFN| PHI,RIGHT,RP,19.0,0,14,23,7,7,1,5,16,0,0,1,0,0,3.316,1.474,0,1,0.0,-2.242,-2.601,-0.424,0.1,-0.22,-5.387,1.8340000000000005,3.2440374928899205,
470,Jimmy Yacabonis,SEA| MIA| TBA| NYN,RIGHT,RP,13.666666666666666,0,7,14,10,10,2,6,11,2,1,0,0,0,6.585,1.463,1,0,0.073,-1.716,-2.708,-0.509,-0.307,-0.152,-5.392,1.8289999999999997,3.2351933339671004,
471,Brad Boxberger,MIA| MIL| CHN,RIGHT,RP,19.999999999999996,0,22,15,11,11,3,11,17,0,1,2,0,0,4.950,1.300,4,0,0.2,-2.242,-2.58,-0.338,-0.172,-0.063,-5.396,1.8250000000000002,3.228118006828846,
472,Michael Kopech,LAN| CHA,RIGHT,SP| RP,129.33333333333334,27,30,115,80,78,29,91,134,5,12,0,0,0,5.428,1.593,32,7,0.247,-0.927,-0.078,-0.509,-1.638,-2.249,-5.401,1.8200000000000003,3.2192738479060274,
473,Domingo Tapia,BOS| KCA| SEA| OAK| SDN,RIGHT,RP,17.666666666666664,0,15,13,8,7,2,12,14,0,1,1,0,0,3.566,1.415,1,1,0.057,-2.242,-2.644,-0.424,0.055,-0.155,-5.409,1.8120000000000003,3.2051231936295177,
474,Nick Mears,MIL| PIT| COL,RIGHT,RP,19.333333333333336,0,16,14,8,8,1,14,21,0,1,0,0,0,3.724,1.448,1,0,0.052,-2.242,-2.494,-0.509,0.035,-0.2,-5.411,1.8100000000000005,3.2015855300603904,
475,Kris Bubic,KCA,LEFT,SP,16.0,3,3,19,7,7,1,2,16,0,2,0,0,0,3.938,1.312,1,0,0.062,-2.242,-2.601,-0.509,-0.0,-0.06,-5.413,1.8079999999999998,3.1980478664912617,
476,Eduard Bazardo,SEA| BOS| BAL,RIGHT,RP,16.0,0,12,15,8,8,2,4,15,0,0,0,0,0,4.500,1.188,2,0,0.125,-2.242,-2.623,-0.509,-0.077,0.037,-5.413,1.8079999999999998,3.1980478664912617,
477,Kevin Herget,ATL| NYN| TBA| CIN| MIL,RIGHT,RP,24.33333333333333,0,14,26,14,14,4,6,13,1,2,1,0,0,5.178,1.315,0,0,0.0,-1.979,-2.665,-0.424,-0.257,-0.095,-5.42,1.8010000000000002,3.185666043999316,
478,Jose De Leon,BOS| CIN| MIN,RIGHT,RP,17.333333333333332,1,12,16,10,9,2,5,17,0,1,0,0,0,4.673,1.212,1,0,0.058,-2.242,-2.58,-0.509,-0.108,0.02,-5.42,1.8010000000000002,3.185666043999316,
479,Oliver Ortega,ANA| MIN,RIGHT,RP,14.666666666666666,0,10,11,7,7,2,7,14,0,1,0,0,0,4.295,1.227,2,0,0.136,-2.242,-2.644,-0.509,-0.045,0.006,-5.434,1.787,3.160902399015423,
480,Freddy Tarnok,MIA| ATL| OAK,RIGHT,RP,14.666666666666666,1,5,11,8,8,4,11,14,1,1,0,0,0,4.909,1.500,1,0,0.068,-1.979,-2.644,-0.509,-0.121,-0.189,-5.442,1.779,3.1467517447389133,
481,Zach Pop,NYN| SEA| MIA| TOR,RIGHT,RP,13.666666666666664,0,15,11,11,10,4,6,14,1,1,0,0,0,6.585,1.244,1,0,0.073,-1.979,-2.644,-0.509,-0.307,-0.006,-5.445,1.7759999999999998,3.141445249385222,
482,Greg Weissert,BOS| NYA,RIGHT,RP,20.000000000000004,0,17,21,9,9,3,8,22,0,0,0,0,0,4.050,1.450,5,1,0.25,-2.242,-2.473,-0.509,-0.019,-0.209,-5.452,1.7690000000000001,3.1290634268932758,
483,Tim Herrin,CLE,LEFT,RP,27.666666666666664,0,23,29,18,17,3,12,32,1,1,0,0,0,5.530,1.482,3,0,0.108,-1.979,-2.259,-0.509,-0.375,-0.332,-5.454,1.7670000000000003,3.125525763324149,
484,Duane Underwood,CHN| PIT,RIGHT,RP,24.333333333333332,0,20,24,14,14,3,11,14,1,0,2,0,0,5.178,1.438,1,1,0.041,-1.979,-2.644,-0.338,-0.257,-0.24,-5.459,1.7620000000000005,3.11668160440133,
485,Andrew Bellatti,MIA| PHI,RIGHT,RP,24.666666666666668,0,27,25,15,14,4,12,25,1,0,0,0,0,5.108,1.500,3,0,0.122,-1.979,-2.409,-0.509,-0.246,-0.318,-5.46,1.7610000000000001,3.114912772616766,
486,John Curtiss,ARI| TBA| MIA| MIL| NYN| COL,RIGHT,RP,19.666666666666664,0,15,17,10,10,3,8,16,0,0,0,0,0,4.576,1.271,3,0,0.153,-2.242,-2.601,-0.509,-0.107,-0.035,-5.494,1.7270000000000003,3.054772491941599,
487,Luis Medina,OAK,RIGHT,SP| RP,109.66666666666666,17,23,109,73,66,14,57,106,3,10,0,0,0,5.416,1.514,7,3,0.064,-1.453,-0.677,-0.509,-1.379,-1.485,-5.502,1.7190000000000003,3.0406218376650886,
488,J. C. Mejia,CLE| MIL,RIGHT,RP,11.333333333333332,0,9,15,7,7,2,3,13,1,0,0,0,0,5.559,1.588,0,0,0.0,-1.979,-2.665,-0.509,-0.156,-0.195,-5.504,1.7170000000000005,3.0370841740959618,
489,Joe Barlow,TEX,RIGHT,RP,9.666666666666666,0,13,13,5,5,2,2,6,1,1,0,0,0,4.655,1.552,1,0,0.103,-1.979,-2.815,-0.509,-0.059,-0.149,-5.511,1.71,3.0247023516040143,
490,Cole Sands,MIN,RIGHT,RP,21.66666666666667,0,15,20,10,9,4,13,21,0,0,0,0,0,3.739,1.523,0,0,0.0,-2.242,-2.494,-0.509,0.036,-0.303,-5.512,1.7090000000000005,3.0229335198194516,
491,Josh Fleming,TBA| PIT,LEFT,SP| RP,51.66666666666667,3,12,56,29,27,9,19,25,2,0,0,0,0,4.703,1.452,1,0,0.019,-1.716,-2.409,-0.509,-0.337,-0.544,-5.514,1.7069999999999999,3.019395856250323,
492,Jared Shuster,CHA| ATL,LEFT,SP,52.666666666666664,11,11,53,34,34,7,26,30,4,3,0,0,0,5.810,1.500,9,3,0.171,-1.19,-2.302,-0.509,-0.838,-0.678,-5.517,1.7039999999999997,3.0140893608966315,
493,Jackson Stephens,ATL,RIGHT,RP,12.0,0,5,13,4,4,1,5,11,0,0,0,0,0,3.000,1.500,2,1,0.167,-2.242,-2.708,-0.509,0.095,-0.155,-5.518,1.7030000000000003,3.0123205291120687,
494,Ben Heller,NYA| ATL| PIT,RIGHT,RP,18.666666666666664,0,19,16,9,8,2,11,16,0,0,0,0,0,3.857,1.446,0,0,0.0,-2.242,-2.601,-0.509,0.012,-0.192,-5.531,1.6900000000000004,2.98932571591274,
495,Tyler Kinley,ATL| COL,RIGHT,RP,16.333333333333332,0,18,21,11,11,3,6,17,0,4,5,0,0,6.061,1.653,4,1,0.245,-2.242,-2.58,-0.083,-0.295,-0.332,-5.532,1.689,2.9875568841281757,
496,Dennis Santana,PIT| LAN| TEX| NYN| NYA,RIGHT,RP,10.666666666666666,0,9,10,7,7,2,7,12,1,0,0,0,0,5.906,1.594,0,0,0.0,-1.979,-2.687,-0.509,-0.178,-0.186,-5.539,1.6820000000000004,2.97517506163623,
497,Justin Bruihl,TOR| LAN| COL| PIT,LEFT,RP,27.999999999999996,0,27,28,18,17,2,11,22,1,0,0,0,0,5.464,1.393,4,1,0.143,-1.979,-2.473,-0.509,-0.363,-0.215,-5.539,1.6820000000000004,2.97517506163623,
498,Amir Garrett,CIN| KCA| ANA,LEFT,RP,24.333333333333332,0,27,22,11,9,4,20,28,0,1,0,0,0,3.329,1.726,2,0,0.082,-2.242,-2.345,-0.509,0.125,-0.581,-5.551,1.67,2.9539490802214643,
499,Nick Wittgren,CLE| SLN| KCA,RIGHT,RP,29.0,0,27,30,17,16,2,11,18,1,0,0,0,0,4.965,1.414,1,1,0.034,-1.979,-2.558,-0.509,-0.254,-0.252,-5.552,1.6690000000000005,2.9521802484369015,
500,Bailey Falter,KCA| PIT| PHI,LEFT,SP| RP,80.66666666666669,14,18,94,55,48,17,20,60,2,9,0,0,0,5.355,1.413,9,4,0.112,-1.716,-1.66,-0.509,-0.972,-0.699,-5.556,1.665,2.9451049212986455,
501,Adrian Martinez,OAK,RIGHT,RP,55.0,1,22,59,31,29,8,19,47,0,2,0,0,0,4.745,1.418,9,3,0.164,-2.242,-1.938,-0.509,-0.378,-0.49,-5.557,1.6639999999999997,2.9433360895140814,
502,Jordan Balazovic,MIN,RIGHT,RP,24.333333333333336,0,18,26,13,12,5,12,17,1,0,0,0,0,4.438,1.562,0,0,0.0,-1.979,-2.58,-0.509,-0.104,-0.386,-5.558,1.6630000000000003,2.9415672577295187,
503,Yunior Marte,SFN| PHI,RIGHT,RP,39.33333333333333,0,40,47,27,22,6,17,38,1,1,2,0,0,5.034,1.627,3,0,0.076,-1.979,-2.131,-0.338,-0.367,-0.75,-5.565,1.6559999999999997,2.9291854352375712,
504,Tommy Milone,ATL| BAL| TOR| SEA,LEFT,P,9.0,2,2,7,3,2,1,6,3,0,1,0,0,0,2.000,1.444,0,0,0.0,-2.242,-2.879,-0.509,0.148,-0.092,-5.574,1.6470000000000002,2.9132659491764987,
505,Kirby Snead,TOR| OAK| SEA,LEFT,RP,11.666666666666668,0,15,14,7,6,1,6,9,1,2,0,0,0,4.629,1.714,1,0,0.086,-1.979,-2.751,-0.509,-0.069,-0.272,-5.579,1.6420000000000003,2.90442179025368,
506,Johnny Cueto,SFN| CHA| MIA| ANA,RIGHT,SP| RP,52.333333333333336,10,13,51,36,35,17,15,39,1,4,0,0,0,6.019,1.261,0,0,0.0,-1.979,-2.109,-0.509,-0.926,-0.066,-5.59,1.6310000000000002,2.8849646406234783,
507,Austin Adams,SDN| ARI| OAK,RIGHT,RP,17.333333333333336,0,24,16,12,11,1,8,22,0,1,0,0,0,5.712,1.385,5,0,0.288,-2.242,-2.473,-0.509,-0.261,-0.126,-5.611,1.6100000000000003,2.8478191731476397,
508,Ben Joyce,ANA,RIGHT,RP,10.0,0,12,9,6,6,1,9,10,1,1,0,0,0,5.400,1.800,1,0,0.1,-1.979,-2.729,-0.509,-0.124,-0.275,-5.616,1.6050000000000004,2.8389750142248213,
509,Cal Quantrill,ATL| MIA| CLE| SDN| COL,RIGHT,SP,99.66666666666667,19,19,111,59,58,11,35,58,4,7,0,0,0,5.237,1.465,10,1,0.1,-1.19,-1.703,-0.509,-1.101,-1.113,-5.617,1.604,2.837206182440257,
510,Michael Soroka,CHN| WAS| ATL| CHA,RIGHT,SP,32.33333333333333,6,7,36,23,23,9,12,29,2,2,0,0,0,6.402,1.484,0,0,0.0,-1.716,-2.323,-0.509,-0.677,-0.392,-5.617,1.604,2.837206182440257,
511,Austin Voth,WAS| BAL| SEA,RIGHT,RP,34.66666666666666,0,25,39,22,20,6,15,34,1,2,0,0,0,5.192,1.558,1,0,0.029,-1.979,-2.216,-0.509,-0.37,-0.544,-5.618,1.6029999999999998,2.8354373506556927,
512,Anthony Bass,TOR| MIA,RIGHT,RP,20.0,0,22,19,12,11,3,9,19,0,0,0,0,0,4.950,1.400,2,0,0.1,-2.242,-2.537,-0.509,-0.172,-0.16,-5.621,1.5999999999999996,2.8301308553020013,
513,Osvaldo Bido,ATH| PIT| OAK,RIGHT,SP| RP,50.66666666666667,9,16,55,35,33,4,21,48,2,5,0,0,0,5.862,1.500,2,0,0.039,-1.716,-1.917,-0.509,-0.829,-0.653,-5.623,1.5979999999999999,2.826593191732874,
514,Jonathan Hernandez,TEX| SEA,RIGHT,RP,31.66666666666667,0,33,35,20,19,4,15,34,1,2,0,0,0,5.400,1.579,2,0,0.063,-1.979,-2.216,-0.509,-0.394,-0.529,-5.627,1.5940000000000003,2.8195178645946197,
515,Francisco Perez,CLE| WAS| OAK,LEFT,RP,16.66666666666667,1,17,17,12,11,0,8,14,1,2,0,0,0,5.940,1.500,3,1,0.18,-1.979,-2.644,-0.509,-0.284,-0.215,-5.63,1.5910000000000002,2.8142113692409283,
516,Josh Staumont,KCA| MIN,RIGHT,RP,20.000000000000004,1,21,16,12,12,1,13,24,0,0,0,0,0,5.400,1.450,2,0,0.1,-2.242,-2.43,-0.509,-0.249,-0.209,-5.639,1.5819999999999999,2.798291883179854,
517,Richard Bleier,BAL| MIA| BOS,LEFT,RP,30.666666666666664,0,27,37,20,18,5,5,16,1,0,0,0,0,5.283,1.370,1,0,0.033,-1.979,-2.601,-0.509,-0.351,-0.201,-5.64,1.5810000000000004,2.7965230513952912,
518,Peyton Battenfield,CLE,RIGHT,SP,34.66666666666667,6,7,34,22,20,7,12,27,0,5,0,0,0,5.192,1.327,2,0,0.058,-2.242,-2.366,-0.509,-0.37,-0.155,-5.642,1.5789999999999997,2.7929853878261626,
519,Matt Festa,CLE| SEA| NYN| TEX,RIGHT,RP,9.0,0,8,4,4,4,1,12,13,0,0,0,0,0,4.000,1.778,1,0,0.111,-2.242,-2.665,-0.509,-0.005,-0.237,-5.659,1.5620000000000003,2.76291524748858,
520,Ken Waldichuk,OAK,LEFT,SP| RP,141.0,22,35,149,93,84,24,71,132,4,9,1,0,0,5.362,1.560,7,6,0.05,-1.19,-0.121,-0.424,-1.707,-2.229,-5.67,1.5510000000000002,2.7434580978583782,
521,Connor Phillips,CIN,RIGHT,SP,20.666666666666668,5,5,18,16,16,5,13,26,1,1,0,0,0,6.968,1.500,2,0,0.097,-1.979,-2.387,-0.509,-0.532,-0.266,-5.674,1.5469999999999997,2.7363827707201223,
522,Luis Ortiz,CLE| PIT,RIGHT,SP| RP,86.66666666666667,15,18,99,50,46,13,48,59,5,5,0,0,0,4.777,1.696,5,0,0.058,-0.927,-1.682,-0.509,-0.619,-1.942,-5.679,1.5419999999999998,2.727538611797304,
523,Emerson Hancock,SEA,RIGHT,SP,12.0,3,3,13,6,6,1,3,6,0,0,0,0,0,4.500,1.333,4,1,0.333,-2.242,-2.815,-0.509,-0.057,-0.057,-5.681,1.54,2.7240009482281766,
524,Ryan Tepera,CHN| CHA| ANA| SLN,RIGHT,RP,10.666666666666666,0,12,18,11,9,3,4,11,2,2,0,0,0,7.594,2.062,2,1,0.188,-1.716,-2.708,-0.509,-0.331,-0.429,-5.693,1.5280000000000005,2.7027749668134127,
525,Tyler Gilbert,CHA| ARI| PHI,LEFT,RP,17.333333333333336,0,11,21,10,10,2,5,19,0,2,0,0,0,5.192,1.500,0,2,0.0,-2.242,-2.537,-0.509,-0.185,-0.223,-5.696,1.5250000000000004,2.6974684714597212,
526,Nick Lodolo,CIN,LEFT,SP,34.333333333333336,7,7,50,24,24,10,10,47,2,1,0,0,0,6.291,1.748,1,2,0.029,-1.716,-1.938,-0.509,-0.687,-0.855,-5.705,1.516,2.6815489853986465,
527,Matt Barnes,BOS| MIA| WAS,RIGHT,RP,21.33333333333333,1,24,25,13,13,2,10,20,1,0,0,0,0,5.484,1.641,5,0,0.234,-1.979,-2.516,-0.509,-0.28,-0.421,-5.705,1.516,2.6815489853986465,
528,Michael Grove,LAN,RIGHT,SP| RP,69.0,12,18,83,47,47,12,19,73,2,3,0,0,0,6.130,1.478,7,2,0.101,-1.716,-1.382,-0.509,-1.286,-0.816,-5.709,1.5120000000000005,2.6744736582603923,
529,Zack Kelly,BOS,RIGHT,RP,9.333333333333332,0,8,7,4,4,0,8,6,0,0,0,0,0,3.857,1.607,2,0,0.214,-2.242,-2.815,-0.509,0.006,-0.169,-5.729,1.492,2.639097022569117,
530,Reed Garrett,NYN| WAS| BAL,RIGHT,RP,19.666666666666668,0,11,22,14,14,3,7,16,1,0,0,0,0,6.407,1.475,3,1,0.153,-1.979,-2.601,-0.509,-0.413,-0.229,-5.731,1.4900000000000002,2.6355593589999895,
531,Kaleb Ort,HOU| BOS,RIGHT,RP,23.000000000000004,2,21,27,19,16,6,9,24,1,2,0,0,0,6.261,1.565,4,0,0.174,-1.979,-2.43,-0.509,-0.454,-0.369,-5.741,1.4800000000000004,2.6178710411543524,
532,Eric Lauer,TOR| MIL,LEFT,SP,46.66666666666667,9,10,54,39,34,16,24,43,4,6,0,0,0,6.557,1.671,2,4,0.043,-1.19,-2.024,-0.509,-1.039,-0.99,-5.751,1.4699999999999998,2.6001827233087136,
533,Max Castillo,KCA| TOR,RIGHT,RP,20.333333333333336,0,7,20,10,10,2,9,10,0,1,0,0,0,4.426,1.426,3,0,0.148,-2.242,-2.729,-0.509,-0.085,-0.189,-5.754,1.4670000000000005,2.594876227955024,
534,Triston McKenzie,CLE,RIGHT,SP,16.0,4,4,12,9,9,1,13,16,0,3,0,0,0,5.062,1.562,6,0,0.375,-2.242,-2.601,-0.509,-0.153,-0.255,-5.76,1.4610000000000003,2.584263237247641,
535,Ross Stripling,LAN| TOR| SFN| OAK,RIGHT,SP| RP,88.99999999999999,11,22,104,54,53,20,16,70,0,5,0,0,0,5.360,1.348,6,3,0.067,-2.242,-1.446,-0.509,-1.076,-0.49,-5.763,1.4580000000000002,2.5789567418939496,
536,Wil Crowe,WAS| PIT,RIGHT,RP,9.666666666666666,0,5,9,6,5,1,9,9,0,1,1,0,0,4.655,1.862,0,0,0.0,-2.242,-2.751,-0.424,-0.059,-0.295,-5.77,1.4510000000000005,2.566574919402004,
537,Anthony Misiewicz,MIN| SEA| KCA| ARI| DET| NYA,LEFT,RP,10.999999999999998,0,11,17,11,9,2,6,8,2,0,0,0,0,7.364,2.091,0,0,0.0,-1.716,-2.772,-0.509,-0.32,-0.458,-5.775,1.4459999999999997,2.5577307604791835,
538,Carlos Rodon,NYA| CHA| SFN,LEFT,SP,64.33333333333333,14,14,65,51,49,15,28,64,3,8,0,0,0,6.855,1.446,5,1,0.078,-1.453,-1.575,-0.509,-1.595,-0.658,-5.79,1.431,2.531198283710728,
539,Steven Cruz,KCA,RIGHT,SP| RP,12.666666666666666,4,10,11,7,7,1,11,15,0,0,0,0,0,4.974,1.737,1,0,0.079,-2.242,-2.623,-0.509,-0.112,-0.309,-5.794,1.4270000000000005,2.524122956572474,
540,Chad Smith,COL| OAK,RIGHT,RP,13.666666666666666,0,10,15,10,10,2,7,9,1,2,0,0,0,6.585,1.610,0,3,0.0,-1.979,-2.751,-0.509,-0.307,-0.249,-5.795,1.4260000000000002,2.5223541247879093,
541,Keegan Akin,BAL,LEFT,RP,23.66666666666667,1,24,35,22,18,2,7,27,2,2,0,0,0,6.845,1.775,0,2,0.0,-1.716,-2.366,-0.509,-0.585,-0.621,-5.796,1.4249999999999998,2.520585293003345,
542,Juan Then,SEA,RIGHT,RP,11.0,0,9,14,6,6,3,2,5,0,0,0,0,0,4.909,1.454,3,0,0.273,-2.242,-2.836,-0.509,-0.091,-0.117,-5.796,1.4249999999999998,2.520585293003345,
543,Parker Mushinski,HOU,LEFT,RP,14.666666666666668,0,14,19,9,9,5,4,15,0,0,0,0,0,5.523,1.568,1,0,0.068,-2.242,-2.623,-0.509,-0.198,-0.237,-5.809,1.412,2.4975904798040163,
544,Brett Kennedy,CIN,RIGHT,RP,18.0,2,5,19,13,13,1,7,9,1,0,0,0,0,6.500,1.444,4,0,0.222,-1.979,-2.751,-0.509,-0.392,-0.183,-5.814,1.407,2.488746320881198,
545,Jorge Alcala,BOS| MIN| SLN,RIGHT,RP,17.333333333333336,0,11,14,13,12,5,10,16,0,1,0,0,0,6.231,1.385,3,0,0.173,-2.242,-2.601,-0.509,-0.338,-0.126,-5.816,1.4050000000000002,2.4852086573120706,
546,Rob Zastryzny,MIL| ANA| NYN| PIT,LEFT,RP,20.666666666666664,1,21,24,15,11,1,13,15,1,0,0,0,0,4.790,1.790,1,1,0.048,-1.979,-2.623,-0.509,-0.15,-0.558,-5.818,1.4030000000000005,2.4816709937429438,
547,Lane Ramsey,CHA,RIGHT,RP,19.999999999999996,0,21,25,13,13,1,9,18,1,0,0,0,0,5.850,1.700,4,0,0.2,-1.979,-2.558,-0.509,-0.325,-0.452,-5.823,1.3979999999999997,2.4728268348201237,
548,Luis Patino,SDN| TBA| CHA,RIGHT,RP,21.666666666666664,1,9,21,12,11,3,14,18,0,1,0,0,0,4.569,1.615,2,1,0.092,-2.242,-2.558,-0.509,-0.117,-0.401,-5.826,1.3950000000000005,2.4675203394664336,
549,Ian Kennedy,KCA| PHI| TEX| ARI,RIGHT,RP,16.333333333333332,0,16,16,15,13,4,7,21,0,1,0,0,0,7.163,1.408,1,0,0.061,-2.242,-2.494,-0.509,-0.448,-0.137,-5.83,1.391,2.460445012328178,
550,Casey Legumina,SEA| CIN,RIGHT,RP,12.666666666666668,0,11,16,11,8,3,9,11,1,0,0,0,0,5.684,1.974,0,0,0.0,-1.979,-2.708,-0.509,-0.188,-0.455,-5.839,1.3819999999999997,2.4445255262671033,
551,Spencer Patton,TEX| OAK,RIGHT,RP,12.333333333333334,0,12,13,7,7,3,6,7,0,0,0,0,0,5.108,1.540,1,1,0.081,-2.242,-2.794,-0.509,-0.123,-0.183,-5.851,1.37,2.4232995448523393,
552,Garrett Crochet,BOS| CHA,LEFT,RP,12.666666666666666,0,13,12,6,5,1,13,12,0,2,0,0,0,3.553,1.974,2,0,0.158,-2.242,-2.687,-0.509,0.041,-0.455,-5.851,1.37,2.4232995448523393,
553,Cooper Criswell,BOS| ANA| TBA,RIGHT,RP,33.0,0,10,40,23,21,6,11,27,1,1,0,0,0,5.727,1.546,2,1,0.061,-1.979,-2.366,-0.509,-0.502,-0.498,-5.854,1.367,2.417993049498648,
554,Trevor Kelley,PHI| MIL| TBA,RIGHT,SP| RP,15.333333333333334,3,10,16,10,10,4,6,11,0,1,0,0,0,5.870,1.435,0,0,0.0,-2.242,-2.708,-0.509,-0.252,-0.149,-5.86,1.3609999999999998,2.407380058791265,
555,Lucas Luetge,NYA| ATL,LEFT,RP,13.666666666666668,0,12,17,11,11,2,7,14,1,0,0,0,0,7.244,1.756,2,0,0.146,-1.979,-2.644,-0.509,-0.384,-0.346,-5.862,1.359,2.4038423952221377,
556,Chase Anderson,TOR| PHI| CIN| COL| TBA| BOS| TEX,RIGHT,SP,86.33333333333331,17,19,90,53,52,17,33,64,1,6,1,0,0,5.421,1.425,4,4,0.046,-1.979,-1.575,-0.424,-1.089,-0.796,-5.862,1.359,2.4038423952221377,
557,Zach Logue,OAK| DET| LAN,LEFT,RP,11.0,0,3,13,9,9,3,2,10,0,0,0,0,0,7.364,1.364,1,0,0.091,-2.242,-2.729,-0.509,-0.32,-0.069,-5.869,1.3520000000000003,2.391460572730192,
558,Sean Hjelle,SFN,RIGHT,RP,29.000000000000004,0,15,38,25,21,3,13,31,2,1,0,0,0,6.517,1.759,3,0,0.103,-1.716,-2.28,-0.509,-0.636,-0.738,-5.879,1.3420000000000005,2.373772254884555,
559,Shawn Dubin,BAL| HOU,RIGHT,P,9.0,1,3,12,7,7,1,3,11,0,0,0,0,0,7.000,1.667,0,0,0.0,-2.242,-2.708,-0.509,-0.234,-0.189,-5.882,1.3390000000000004,2.3684657595308636,
560,Joely Rodriguez,TEX| NYA| NYN| BOS,LEFT,RP,11.0,0,11,13,9,8,2,6,14,0,0,0,0,0,6.545,1.727,1,0,0.091,-2.242,-2.644,-0.509,-0.244,-0.263,-5.902,1.319,2.3330891238395877,
561,Joey Estes,ATH| OAK,RIGHT,P,10.0,2,2,12,9,8,4,2,7,0,1,0,0,0,7.200,1.400,1,0,0.1,-2.242,-2.794,-0.509,-0.277,-0.08,-5.902,1.319,2.3330891238395877,
562,Jackson Rutledge,WAS,RIGHT,SP,20.0,4,4,24,15,15,4,6,12,1,1,0,0,0,6.750,1.500,1,1,0.05,-1.979,-2.687,-0.509,-0.478,-0.258,-5.91,1.311,2.3189384695630775,
563,Anthony Kay,TOR| CHN| NYN,LEFT,RP,14.666666666666666,0,16,13,10,10,2,9,11,0,0,0,0,0,6.136,1.500,1,0,0.068,-2.242,-2.708,-0.509,-0.274,-0.189,-5.922,1.2990000000000004,2.2977124881483135,
564,Kolby Allard,CLE| TEX| ATL| PHI,LEFT,SP,12.333333333333334,3,4,16,9,9,2,4,13,0,1,0,0,0,6.568,1.622,1,0,0.081,-2.242,-2.665,-0.509,-0.276,-0.232,-5.924,1.2969999999999997,2.294174824579185,
565,Matt Carasiti,COL,RIGHT,RP,24.333333333333332,0,16,28,19,17,3,11,16,1,0,1,0,0,6.288,1.603,1,0,0.041,-1.979,-2.601,-0.424,-0.486,-0.435,-5.925,1.2960000000000003,2.292405992794622,
566,Jonathan Heasley,KCA| BAL,RIGHT,RP,15.0,0,12,17,13,12,5,2,9,0,0,0,0,0,7.200,1.267,1,0,0.067,-2.242,-2.751,-0.509,-0.416,-0.023,-5.941,1.2800000000000002,2.2641046842416017,
567,Josh Taylor,BOS| KCA,LEFT,RP,17.666666666666664,1,17,22,17,16,4,9,26,1,3,0,0,0,8.151,1.755,2,0,0.113,-1.979,-2.387,-0.509,-0.632,-0.446,-5.954,1.2670000000000003,2.241109871042273,
568,Jacob Barnes,TOR| ANA| NYN| DET| NYA| SLN| WAS,RIGHT,RP,13.666666666666668,0,13,18,11,9,1,3,8,0,1,0,0,0,5.927,1.537,1,1,0.073,-2.242,-2.772,-0.509,-0.231,-0.2,-5.955,1.266,2.239341039257709,
569,Jose Ruiz,ATL| PHI| CHA| ARI,RIGHT,RP,44.33333333333333,1,38,52,31,29,10,21,39,2,1,0,0,0,5.887,1.647,4,2,0.09,-1.716,-2.109,-0.509,-0.735,-0.887,-5.956,1.2649999999999997,2.2375722074731446,
570,Daniel Norris,DET| MIL| CHN| CLE,LEFT,RP,12.666666666666666,0,7,10,11,8,3,12,11,0,0,0,0,0,5.684,1.737,1,0,0.079,-2.242,-2.708,-0.509,-0.188,-0.309,-5.956,1.2649999999999997,2.2375722074731446,
571,Brandon Hughes,CHN| ARI,LEFT,RP,13.666666666666664,0,17,14,11,11,2,8,17,0,3,0,0,0,7.244,1.610,4,0,0.293,-2.242,-2.58,-0.509,-0.384,-0.249,-5.964,1.2569999999999997,2.2234215531966344,
572,Brad Keller,CHN| KCA| BOS| CHA,RIGHT,SP,45.33333333333333,9,11,42,26,23,3,45,31,3,4,0,0,0,4.566,1.919,2,1,0.044,-1.453,-2.28,-0.509,-0.243,-1.507,-5.992,1.229,2.1738942632288505,
573,Ryan Feltner,COL,RIGHT,SP,43.33333333333333,10,10,45,29,28,2,28,38,2,4,0,0,0,5.815,1.685,4,0,0.092,-1.716,-2.131,-0.509,-0.692,-0.947,-5.994,1.2270000000000003,2.170356599659723,
574,Reiver Sanmartin,CIN,LEFT,RP,14.000000000000004,0,14,17,13,11,2,10,13,1,0,0,0,0,7.071,1.929,0,0,0.0,-1.979,-2.665,-0.509,-0.373,-0.472,-5.998,1.2229999999999999,2.163281272521467,
575,Jaime Barria,ANA,RIGHT,SP| RP,82.33333333333333,6,34,91,63,52,20,30,62,2,6,0,0,0,5.684,1.470,0,1,0.0,-1.716,-1.617,-0.509,-1.222,-0.939,-6.004,1.2170000000000005,2.152668281814086,
576,Gerardo Reyes,ANA| OAK,RIGHT,RP,9.666666666666668,0,8,11,9,8,2,6,10,0,0,0,0,0,7.448,1.759,3,0,0.31,-2.242,-2.729,-0.509,-0.288,-0.246,-6.015,1.2060000000000004,2.1332111321838845,
577,Casey Lawrence,SEA| TOR| SLN,RIGHT,RP,27.333333333333336,0,15,32,20,20,7,10,20,1,0,0,0,0,6.585,1.537,4,0,0.146,-1.979,-2.516,-0.509,-0.615,-0.401,-6.019,1.202,2.126135805045629,
578,Stephen Nogosek,NYN,RIGHT,RP,25.666666666666668,0,13,28,16,16,6,14,25,0,1,0,0,0,5.610,1.636,2,0,0.078,-2.242,-2.409,-0.509,-0.365,-0.501,-6.025,1.1959999999999997,2.115522814338246,
579,Jake Cousins,MIL| NYA,RIGHT,RP,9.333333333333334,0,9,10,5,5,1,10,7,0,0,0,0,0,4.821,2.143,0,1,0.0,-2.242,-2.794,-0.509,-0.07,-0.412,-6.027,1.194,2.1119851507691187,
580,Eduardo Salazar,WAS| CIN| LAN,RIGHT,RP,12.333333333333334,0,8,16,11,11,0,5,5,1,0,0,0,0,8.027,1.703,0,0,0.0,-1.979,-2.836,-0.509,-0.428,-0.28,-6.033,1.1879999999999997,2.101372160061736,
581,Tommy Hunter,PHI| NYN,RIGHT,RP,23.666666666666668,0,14,28,20,18,6,5,20,0,1,0,0,0,6.845,1.394,1,0,0.042,-2.242,-2.516,-0.509,-0.585,-0.183,-6.035,1.186,2.0978344964926086,
582,Zach Neal,OAK,RIGHT,RP,27.0,2,14,30,22,20,8,14,25,1,1,0,0,0,6.667,1.630,0,1,0.0,-1.979,-2.409,-0.509,-0.626,-0.518,-6.041,1.1799999999999997,2.0872215057852257,
583,Joel Kuhnel,CIN| HOU| TBA,RIGHT,RP,12.999999999999998,0,9,16,8,8,2,5,3,0,0,0,0,0,5.538,1.615,2,0,0.154,-2.242,-2.879,-0.509,-0.177,-0.24,-6.047,1.1740000000000004,2.0766085150778446,
584,Logan Gillaspie,SDN| BAL,RIGHT,RP,9.0,0,11,14,7,6,2,5,8,0,1,0,0,0,6.000,2.111,0,0,0.0,-2.242,-2.772,-0.509,-0.158,-0.383,-6.064,1.157,2.04653837474026,
585,Josh Walker,TOR| NYN,LEFT,RP,9.999999999999998,0,14,12,11,9,2,6,12,0,1,0,0,0,8.100,1.800,1,0,0.1,-2.242,-2.687,-0.509,-0.354,-0.275,-6.066,1.1550000000000002,2.043000711171133,
586,Mitch White,LAN| TOR| MIL| SFN,RIGHT,RP,12.666666666666666,0,10,15,11,10,2,7,13,0,1,0,0,0,7.105,1.737,1,0,0.079,-2.242,-2.665,-0.509,-0.341,-0.309,-6.066,1.1550000000000002,2.043000711171133,
587,Jackson Kowar,SEA| KCA,RIGHT,RP,28.000000000000004,0,23,34,24,20,4,20,29,2,0,0,0,0,6.429,1.929,5,0,0.179,-1.716,-2.323,-0.509,-0.593,-0.944,-6.085,1.1360000000000001,2.0093929072644214,
588,Dallas Keuchel,CHA| ARI| TEX| MIN| MIL,LEFT,SP| RP,37.66666666666666,6,10,45,25,25,3,18,25,2,1,0,0,0,5.973,1.673,4,1,0.106,-1.716,-2.409,-0.509,-0.652,-0.801,-6.086,1.1349999999999998,2.0076240754798573,
589,Devin Smeltzer,MIN| MIA,LEFT,RP,22.333333333333332,1,9,29,18,16,7,4,16,0,1,0,0,0,6.448,1.478,0,1,0.0,-2.242,-2.601,-0.509,-0.476,-0.263,-6.092,1.1290000000000004,1.9970110847724758,
590,Nick Robertson,BOS| LAN| SLN| TOR,RIGHT,RP,22.333333333333336,1,18,30,19,15,3,9,26,0,1,0,0,0,6.045,1.746,2,0,0.09,-2.242,-2.387,-0.509,-0.4,-0.555,-6.093,1.1280000000000001,1.9952422529879115,
591,Matt Bush,TEX| MIL,RIGHT,RP,10.333333333333332,0,12,11,11,11,5,6,10,0,2,1,0,0,9.581,1.645,1,0,0.097,-2.242,-2.729,-0.424,-0.495,-0.206,-6.097,1.1239999999999997,1.9881669258496557,
592,Jeurys Familia,NYN| BOS| PHI| OAK,RIGHT,RP,12.666666666666668,0,14,13,12,9,2,13,9,0,1,2,0,0,6.395,2.053,0,0,0.0,-2.242,-2.751,-0.338,-0.264,-0.503,-6.099,1.1219999999999999,1.9846292622805286,
593,Tucker Davidson,ATL| ANA| KCA| BAL,LEFT,RP,51.33333333333335,1,38,64,37,34,6,19,46,1,2,2,0,0,5.961,1.617,10,0,0.195,-1.979,-1.96,-0.338,-0.883,-0.953,-6.113,1.1079999999999997,1.9598656172966356,
594,Collin Snider,SEA| KCA,RIGHT,RP,20.33333333333333,1,20,24,12,11,3,13,11,0,0,1,0,0,4.869,1.820,2,0,0.098,-2.242,-2.708,-0.424,-0.161,-0.578,-6.113,1.1079999999999997,1.9598656172966356,
595,Calvin Faucher,MIA| TBA,RIGHT,SP| RP,25.666666666666668,4,17,31,20,20,4,12,25,1,1,0,0,0,7.013,1.675,4,0,0.156,-1.979,-2.409,-0.509,-0.671,-0.549,-6.117,1.104,1.9527902901583813,
596,Carson Spiers,CIN,RIGHT,P,13.0,2,4,18,12,10,1,7,12,0,1,1,0,0,6.923,1.923,1,0,0.077,-2.242,-2.687,-0.424,-0.33,-0.435,-6.117,1.104,1.9527902901583813,
597,Mike Mayers,ANA| KCA,RIGHT,RP,26.333333333333336,2,6,34,19,18,4,10,17,1,2,0,0,0,6.152,1.671,0,1,0.0,-1.979,-2.58,-0.509,-0.495,-0.558,-6.121,1.0999999999999996,1.9457149630201256,
598,Tayler Scott,ARI| HOU| SDN| BOS| LAN| OAK,RIGHT,RP,17.666666666666668,2,18,23,12,11,3,10,17,0,0,0,0,0,5.604,1.868,4,0,0.226,-2.242,-2.58,-0.509,-0.25,-0.543,-6.124,1.0970000000000004,1.9404084676664357,
599,Adrian Morejon,SDN,LEFT,RP,9.000000000000002,1,8,14,7,7,1,5,8,0,0,0,0,0,7.000,2.111,1,0,0.111,-2.242,-2.772,-0.509,-0.234,-0.383,-6.141,1.08,1.9103383273288512,
600,Sam Long,KCA| SFN| OAK,LEFT,RP,44.99999999999999,1,40,49,29,28,5,21,32,0,1,2,0,0,5.600,1.556,0,2,0.0,-2.242,-2.259,-0.338,-0.636,-0.701,-6.177,1.0440000000000005,1.846660383084557,
601,Hobie Harris,WAS,RIGHT,RP,19.333333333333332,0,16,21,12,11,2,13,9,0,0,0,0,0,5.121,1.759,3,0,0.155,-2.242,-2.751,-0.509,-0.194,-0.492,-6.188,1.0330000000000004,1.8272032334543555,
602,Jeremiah Estrada,SDN| CHN,RIGHT,RP,10.666666666666666,0,12,12,8,8,4,12,13,0,0,0,0,0,6.750,2.250,1,0,0.094,-2.242,-2.665,-0.509,-0.255,-0.526,-6.197,1.024,1.8112837473932812,
603,Declan Cronin,CHA| MIA,RIGHT,RP,11.000000000000002,0,9,11,12,11,3,7,8,0,1,0,0,0,9.000,1.636,1,1,0.091,-2.242,-2.772,-0.509,-0.473,-0.215,-6.211,1.0099999999999998,1.7865201024093882,
604,Tommy Doyle,COL,RIGHT,RP,23.66666666666667,0,15,23,18,18,5,13,18,0,1,0,0,0,6.845,1.521,1,1,0.042,-2.242,-2.558,-0.509,-0.585,-0.329,-6.223,0.9980000000000002,1.765294120994624,
605,Joan Adon,WAS,RIGHT,SP,51.666666666666664,10,12,60,37,37,8,24,48,2,4,0,0,0,6.445,1.626,9,0,0.174,-1.716,-1.917,-0.509,-1.101,-0.981,-6.224,0.9969999999999999,1.7635252892100597,
606,Aaron Loup,TBA| NYN| ANA,LEFT,RP,48.666666666666664,0,55,65,37,33,6,20,45,2,3,1,0,0,6.103,1.747,4,1,0.082,-1.716,-1.981,-0.424,-0.895,-1.21,-6.226,0.9950000000000001,1.7599876256409326,
607,Brandon Walter,HOU| BOS,LEFT,RP,23.0,0,9,32,17,16,3,7,16,0,0,1,0,0,6.261,1.696,1,1,0.043,-2.242,-2.601,-0.424,-0.454,-0.515,-6.236,0.9850000000000003,1.7422993077952955,
608,James Kaprielian,OAK,RIGHT,SP| RP,61.0,11,14,66,45,43,9,31,57,2,6,0,0,0,6.344,1.590,10,2,0.164,-1.716,-1.724,-0.509,-1.247,-1.053,-6.25,0.9710000000000001,1.7175356628114025,
609,Erasmo Ramirez,MIN| NYN| DET| WAS| TBA,RIGHT,RP,60.333333333333336,2,38,82,47,43,11,13,43,3,3,0,0,0,6.414,1.575,1,2,0.017,-1.453,-2.024,-0.509,-1.27,-0.996,-6.251,0.9699999999999998,1.7157668310268381,
610,Colin Selby,BAL| PIT| KCA,RIGHT,SP| RP,24.0,5,21,29,24,24,4,15,30,2,2,0,0,0,9.000,1.833,1,0,0.042,-1.716,-2.302,-0.509,-1.032,-0.698,-6.257,0.9640000000000004,1.7051538403194568,
611,Hogan Harris,ATH| OAK,LEFT,SP| RP,63.0,6,14,67,51,50,10,28,56,3,6,0,0,0,7.143,1.508,4,0,0.063,-1.453,-1.746,-0.509,-1.716,-0.836,-6.259,0.9619999999999997,1.7016161767503282,
612,Adam Cimber,CLE| MIA| TOR| ANA,RIGHT,RP,20.666666666666668,0,22,25,18,17,6,7,12,0,2,1,0,0,7.403,1.548,2,1,0.097,-2.242,-2.687,-0.424,-0.608,-0.315,-6.276,0.9450000000000003,1.6715460364127452,
613,Yerry Rodriguez,TEX| TOR,RIGHT,RP,13.666666666666666,1,13,20,12,12,1,6,15,0,1,0,0,0,7.902,1.902,0,0,0.0,-2.242,-2.623,-0.509,-0.46,-0.443,-6.277,0.944,1.669777204628181,
614,Roansy Contreras,BAL| COL| PIT| ANA,RIGHT,SP| RP,68.33333333333333,11,19,75,50,50,11,32,55,3,7,1,0,0,6.585,1.566,13,2,0.19,-1.453,-1.767,-0.424,-1.537,-1.099,-6.28,0.9409999999999998,1.6644707092744895,
615,Trevor Williams,WAS| PIT| CHN| NYN,RIGHT,SP,144.33333333333334,30,30,178,97,89,34,53,111,6,10,0,0,0,5.550,1.601,9,1,0.062,-0.664,-0.57,-0.509,-1.978,-2.563,-6.284,0.9370000000000003,1.6573953821362353,
616,Cody Bolton,CLE| PIT| SEA,RIGHT,RP,21.333333333333332,0,16,30,15,15,3,15,22,1,0,0,0,0,6.328,2.109,1,0,0.047,-1.979,-2.473,-0.509,-0.433,-0.907,-6.301,0.9199999999999999,1.627325241798651,
617,Jesse Scholtens,TBA| CHA,RIGHT,SP| RP,85.0,11,26,100,54,50,15,30,58,1,9,1,0,0,5.294,1.529,7,3,0.082,-1.979,-1.703,-0.424,-0.98,-1.216,-6.302,0.9190000000000005,1.6255564100140882,
618,Gus Varland,LAN| MIL| CHA,RIGHT,RP,20.333333333333332,0,16,27,18,15,3,16,20,1,1,0,0,0,6.639,2.115,2,0,0.098,-1.979,-2.516,-0.509,-0.467,-0.869,-6.34,0.8810000000000002,1.558340802200665,
619,Tim Hill,NYA| SDN| CHA,LEFT,RP,44.33333333333333,0,48,59,36,27,7,14,26,1,4,0,0,0,5.481,1.647,0,0,0.0,-1.979,-2.387,-0.509,-0.582,-0.887,-6.344,0.8769999999999998,1.5512654750624093,
620,Glenn Otto,TEX,RIGHT,RP,10.666666666666668,0,6,14,12,12,6,6,11,0,0,0,0,0,10.125,1.875,4,1,0.375,-2.242,-2.708,-0.509,-0.561,-0.332,-6.351,0.8700000000000001,1.5388836525704637,
621,Cory Abbott,CHN| WAS,RIGHT,RP,39.33333333333333,0,22,48,29,29,9,19,40,1,2,0,0,0,6.636,1.703,5,1,0.127,-1.979,-2.088,-0.509,-0.902,-0.895,-6.373,0.8479999999999999,1.4999693533100606,
622,Jose Marte,ANA,RIGHT,RP,9.333333333333332,0,10,14,10,9,3,7,7,0,0,0,0,0,8.679,2.250,3,0,0.321,-2.242,-2.794,-0.509,-0.376,-0.46,-6.381,0.8399999999999999,1.4858186990335507,
623,Domingo Acevedo,OAK,RIGHT,RP,9.333333333333334,0,9,16,11,11,2,2,7,0,0,0,0,0,10.607,1.929,2,0,0.214,-2.242,-2.794,-0.509,-0.529,-0.315,-6.388,0.8330000000000002,1.473436876541605,
624,Denyi Reyes,BAL| NYN,RIGHT,SP| RP,19.666666666666664,3,9,25,17,17,3,8,17,0,2,0,0,0,7.780,1.678,4,0,0.203,-2.242,-2.58,-0.509,-0.642,-0.423,-6.396,0.8250000000000002,1.459286222265095,
625,Nabil Crismatt,ARI| SLN| SDN| LAN,RIGHT,RP,13.0,0,8,19,13,12,3,7,12,0,2,0,0,0,8.308,2.000,1,1,0.077,-2.242,-2.687,-0.509,-0.483,-0.483,-6.404,0.8170000000000002,1.445135567988585,
626,Kyle Wright,ATL,RIGHT,SP,31.0,7,9,40,26,24,5,17,34,1,3,0,0,0,6.968,1.839,2,0,0.065,-1.979,-2.216,-0.509,-0.798,-0.91,-6.412,0.8090000000000002,1.430984913712075,
627,Justin Garza,NYN| CLE| BOS,RIGHT,RP,18.333333333333332,1,17,22,17,15,3,12,17,0,2,0,0,0,7.364,1.855,0,0,0.0,-2.242,-2.58,-0.509,-0.534,-0.552,-6.416,0.8049999999999997,1.4239095865738192,
628,Thaddeus Ward,WAS,RIGHT,RP,35.33333333333333,0,26,29,26,25,7,28,30,0,0,0,0,0,6.368,1.613,2,2,0.057,-2.242,-2.302,-0.509,-0.73,-0.649,-6.432,0.7889999999999997,1.395608278020799,
629,Ty Blach,COL,LEFT,SP| RP,78.0,13,20,104,51,48,15,24,50,3,3,0,0,0,5.538,1.641,2,1,0.026,-1.453,-1.874,-0.509,-1.061,-1.539,-6.437,0.7839999999999998,1.3867641190979805,
630,Corey Kluber,TEX| NYA| TBA| BOS,RIGHT,SP| RP,55.0,9,15,69,47,43,17,21,42,3,6,1,0,0,7.036,1.636,3,0,0.055,-1.453,-2.045,-0.424,-1.448,-1.073,-6.443,0.7780000000000005,1.3761511283905992,
631,Spencer Turnbull,TOR| DET| PHI,RIGHT,SP,31.0,7,7,37,26,25,5,15,24,1,4,0,0,0,7.258,1.677,3,0,0.097,-1.979,-2.43,-0.509,-0.874,-0.667,-6.459,0.7620000000000005,1.3478498198375792,
632,Javy Guerra,SDN| TBA| MIL,RIGHT,RP,19.333333333333332,2,17,17,13,13,2,22,14,0,0,0,0,0,6.052,2.017,2,0,0.103,-2.242,-2.644,-0.509,-0.347,-0.735,-6.477,0.7439999999999998,1.3160108477154304,
633,Rico Garcia,BAL| NYA| NYN| SFN| OAK| WAS,RIGHT,RP,11.666666666666666,0,10,19,12,12,5,6,10,0,0,0,0,0,9.257,2.143,0,0,0.0,-2.242,-2.729,-0.509,-0.527,-0.515,-6.522,0.6989999999999998,1.2364134174100618,
634,Levi Stoudt,CIN,RIGHT,P,10.333333333333334,2,4,16,11,11,1,8,9,0,1,0,0,0,9.581,2.323,3,0,0.29,-2.242,-2.751,-0.509,-0.495,-0.546,-6.543,0.6779999999999999,1.1992679499342231,
635,Noah Syndergaard,NYN| ANA| PHI| CLE| LAN,RIGHT,SP,88.66666666666666,18,18,104,65,64,22,19,56,2,6,0,0,0,6.496,1.387,34,1,0.383,-1.716,-1.746,-0.509,-1.928,-0.656,-6.554,0.6669999999999998,1.1798108003040217,
636,Zach Plesac,CLE| ANA,RIGHT,SP,21.333333333333332,5,5,37,20,18,3,5,14,1,1,0,0,0,7.594,1.969,1,0,0.047,-1.979,-2.644,-0.509,-0.663,-0.761,-6.555,0.6660000000000004,1.178041968519459,
637,Justin Martinez,ARI,RIGHT,RP,10.0,0,10,13,14,14,2,11,14,0,0,1,0,0,12.600,2.400,0,0,0.0,-2.242,-2.644,-0.424,-0.736,-0.566,-6.612,0.609,1.0772185567993244,
638,Amos Willingham,WAS,RIGHT,RP,24.333333333333332,0,18,35,18,18,8,9,15,0,2,0,0,0,6.657,1.808,1,1,0.041,-2.242,-2.623,-0.509,-0.562,-0.678,-6.614,0.6070000000000002,1.0736808932301973,
639,Jake Woodford,ARI| SLN| CHA| PIT,RIGHT,SP| RP,47.666666666666664,8,15,61,34,33,11,22,29,2,3,0,0,0,6.231,1.741,2,1,0.042,-1.716,-2.323,-0.509,-0.929,-1.173,-6.65,0.5709999999999997,1.0100029489859015,
640,Lyon Richardson,CIN,RIGHT,SP,16.666666666666668,4,4,17,16,16,6,15,12,0,2,0,0,0,8.640,1.920,1,0,0.06,-2.242,-2.687,-0.509,-0.666,-0.555,-6.658,0.5629999999999997,0.9958522947093914,
641,Garrett Hill,DET,RIGHT,RP,15.666666666666666,0,9,19,20,16,4,14,14,0,0,1,0,0,9.191,2.106,1,0,0.064,-2.242,-2.644,-0.424,-0.699,-0.663,-6.672,0.5490000000000004,0.9710886497255,
642,Dylan Coleman,KCA| HOU,RIGHT,RP,18.33333333333334,1,23,18,19,18,3,19,21,0,2,0,0,0,8.836,2.018,4,0,0.218,-2.242,-2.494,-0.509,-0.763,-0.698,-6.706,0.5149999999999997,0.9109483690503313,
643,Andrew Suarez,SFN| SLN,LEFT,RP,27.666666666666668,0,13,33,27,22,7,15,17,0,0,0,0,0,7.157,1.735,0,0,0.0,-2.242,-2.58,-0.509,-0.757,-0.672,-6.76,0.4610000000000003,0.8154314526838898,
644,Luis Severino,ATH| NYA| NYN,RIGHT,SP,89.33333333333333,18,19,113,73,66,23,34,79,4,8,0,0,0,6.649,1.645,9,1,0.101,-1.19,-1.254,-0.509,-2.058,-1.782,-6.793,0.42799999999999994,0.7570600037932854,
645,Alek Manoah,TOR,RIGHT,SP,87.33333333333333,19,19,93,61,57,15,59,79,3,9,0,0,0,5.874,1.740,15,2,0.172,-1.453,-1.254,-0.509,-1.437,-2.145,-6.798,0.42300000000000004,0.7482158448704668,
646,Connor Overton,PIT| TOR| CIN,RIGHT,SP,11.0,3,3,19,14,14,3,7,9,0,1,0,0,0,11.454,2.364,1,1,0.091,-2.242,-2.751,-0.509,-0.702,-0.603,-6.808,0.41300000000000026,0.7305275270248297,
647,Karl Kauffmann,COL,RIGHT,SP| RP,35.0,3,11,42,34,32,5,16,16,2,5,0,0,0,8.229,1.657,4,0,0.114,-1.716,-2.601,-0.509,-1.276,-0.718,-6.82,0.4009999999999998,0.7093015456100639,
648,Jose Urena,ANA| LAN| MIN| NYN| TOR| MIA| DET| COL| MIL| CHA| TEX,RIGHT,SP,44.66666666666667,10,10,50,37,32,13,22,29,0,7,0,0,0,6.448,1.612,5,4,0.112,-2.242,-2.323,-0.509,-0.953,-0.818,-6.845,0.37600000000000033,0.665080750995971,
649,Quinn Priester,MIL| PIT| BOS,RIGHT,SP,50.0,8,10,58,43,43,12,27,36,3,3,0,0,0,7.740,1.700,2,0,0.04,-1.453,-2.173,-0.509,-1.615,-1.13,-6.88,0.3410000000000002,0.6031716385362395,
650,Taylor Hearn,TEX| ATL| KCA,LEFT,RP,15.0,0,13,23,19,19,4,8,15,0,0,0,0,0,11.400,2.067,3,0,0.2,-2.242,-2.623,-0.509,-0.951,-0.606,-6.931,0.29000000000000004,0.5129612175234879,
651,Chase De Jong,HOU| PIT,RIGHT,RP,11.333333333333332,0,6,18,17,17,6,6,7,0,0,0,0,0,13.500,2.118,0,0,0.0,-2.242,-2.794,-0.509,-0.92,-0.486,-6.951,0.27000000000000046,0.47758458183221364,
652,Adam Oller,OAK| MIA,RIGHT,RP,19.66666666666667,1,9,29,24,22,5,12,13,1,1,0,0,0,10.068,2.085,0,1,0.0,-1.979,-2.665,-0.509,-1.024,-0.812,-6.989,0.2320000000000002,0.41036897401879063,
653,James Naile,SLN,RIGHT,RP,15.333333333333336,0,10,27,19,15,1,9,7,0,0,0,0,0,8.804,2.348,0,0,0.0,-2.242,-2.794,-0.509,-0.634,-0.829,-7.008,0.21300000000000008,0.3767611701120791,
654,Dylan Dodd,ATL,LEFT,SP,34.33333333333333,7,7,53,29,29,9,12,15,2,2,0,0,0,7.602,1.893,2,1,0.058,-1.716,-2.623,-0.509,-1.069,-1.098,-7.015,0.2060000000000004,0.36437934762013346,
655,Ryan Weathers,MIA| SDN,LEFT,SP| RP,57.666666666666664,12,15,68,44,42,12,29,43,1,8,0,0,0,6.555,1.682,2,5,0.035,-1.979,-2.024,-0.509,-1.282,-1.253,-7.047,0.17400000000000038,0.3077767305140934,
656,Peter Solomon,HOU| ARI,RIGHT,RP,13.333333333333334,0,5,17,18,18,2,11,6,0,0,0,0,0,12.150,2.100,1,0,0.075,-2.242,-2.815,-0.509,-0.93,-0.561,-7.057,0.1639999999999997,0.29008841266845464,
657,Gavin Stone,LAN,RIGHT,SP| RP,30.999999999999996,4,8,46,32,31,8,13,22,1,1,1,0,0,9.000,1.903,2,0,0.065,-1.979,-2.473,-0.424,-1.333,-1.007,-7.216,0.004999999999999893,0.008844158922818568,
658,Luke Weaver,NYA| ARI| KCA| CIN| SEA,RIGHT,SP| RP,123.66666666666666,25,29,155,90,88,29,40,109,3,6,0,0,0,6.404,1.577,3,2,0.024,-1.453,-0.612,-0.509,-2.592,-2.054,-7.221,0.0,0.0,
659,Drew Rucinski,OAK,RIGHT,SP,18.0,4,4,27,22,18,5,14,6,0,4,0,0,0,9.000,2.278,0,1,0.0,-2.242,-2.815,-0.509,-0.774,-0.912,-7.252,-0.030999999999999694,-0.054833785321475745,
660,Jose Suarez,ATL| ANA,LEFT,SP| RP,33.66666666666667,7,11,46,32,31,10,20,28,1,3,0,0,0,8.287,1.960,0,1,0.0,-1.979,-2.345,-0.509,-1.244,-1.187,-7.263,-0.041999999999999815,-0.07429093495167723,
661,Drew Rom,SLN,LEFT,SP,33.666666666666664,8,8,51,34,30,7,19,32,1,4,0,0,0,8.020,2.079,2,1,0.059,-1.979,-2.259,-0.509,-1.167,-1.381,-7.296,-0.07500000000000018,-0.13266238384228166,
662,Madison Bumgarner,ARI,LEFT,SP,16.666666666666668,4,4,25,20,19,4,15,10,0,3,0,0,0,10.260,2.400,3,1,0.18,-2.242,-2.729,-0.509,-0.895,-0.944,-7.319,-0.09799999999999986,-0.17334551488724737,
663,Noah Davis,LAN| MIN| COL,RIGHT,SP,30.0,6,8,43,30,29,6,15,26,0,4,0,0,0,8.700,1.933,3,2,0.1,-2.242,-2.387,-0.509,-1.214,-1.018,-7.37,-0.14900000000000002,-0.2635559358999989,
664,Zach Davies,SDN| CHN| ARI,RIGHT,SP,82.33333333333334,18,18,98,67,64,10,39,72,2,5,0,0,0,6.996,1.664,8,1,0.097,-1.716,-1.404,-0.509,-2.139,-1.716,-7.484,-0.2629999999999999,-0.4652027593402664,
665,Luis Cessa,NYA| CIN,RIGHT,SP,26.0,6,7,46,26,26,3,12,11,1,4,0,0,0,9.000,2.231,0,0,0.0,-1.979,-2.708,-0.509,-1.118,-1.258,-7.572,-0.351,-0.6208599563818766,
666,Carlos Carrasco,ATL| NYA| CLE| NYN,RIGHT,SP,90.0,20,20,115,71,68,18,38,66,3,8,0,0,0,6.800,1.700,12,1,0.133,-1.453,-1.532,-0.509,-2.189,-2.034,-7.717,-0.49599999999999955,-0.8773405651436198,
667,Chad Kuhl,PIT| COL| WAS| CHA,RIGHT,SP| RP,38.333333333333336,5,16,47,38,36,8,28,31,0,4,1,0,0,8.452,1.956,9,3,0.235,-2.242,-2.28,-0.424,-1.47,-1.344,-7.761,-0.54,-0.9551691636644256,
668,Joey Wentz,ATL| MIN| PIT| DET,LEFT,SP| RP,105.66666666666667,19,25,131,87,81,25,47,98,3,13,0,0,0,6.899,1.685,12,1,0.114,-1.453,-0.848,-0.509,-2.659,-2.309,-7.777,-0.556,-0.9834704722174457,
669,Dinelson Lamet,SDN| COL| BOS| LAN,RIGHT,SP| RP,27.666666666666668,4,17,42,38,36,7,23,32,1,4,0,0,0,11.711,2.349,5,1,0.181,-1.979,-2.259,-0.509,-1.827,-1.498,-8.072,-0.8509999999999991,-1.5052758486637505,
670,Chris Flexen,CHN| SEA| COL| CHA,RIGHT,SP| RP,102.33333333333331,16,29,133,81,78,25,38,74,2,8,0,0,0,6.860,1.671,6,2,0.059,-1.716,-1.361,-0.509,-2.541,-2.168,-8.295,-1.0739999999999998,-1.8997253366214684,
671,Connor Seabold,ATL| TBA| BOS| COL,RIGHT,SP| RP,87.33333333333334,13,27,116,76,73,19,28,67,1,7,0,0,0,7.523,1.649,1,0,0.011,-1.979,-1.511,-0.509,-2.66,-1.757,-8.415,-1.193999999999999,-2.111985150769117,
672,Kyle Muller,ATL| OAK,LEFT,SP| RP,77.0,13,21,112,65,65,16,39,56,1,5,0,0,0,7.597,1.961,10,3,0.13,-1.979,-1.746,-0.509,-2.394,-2.717,-9.345,-2.1240000000000006,-3.7569987104134084,
673,Adam Wainwright,SLN,RIGHT,SP,101.00000000000001,21,21,151,89,83,20,41,55,5,11,0,0,0,7.396,1.901,4,0,0.04,-0.927,-1.767,-0.509,-2.967,-3.269,-9.44,-2.2189999999999994,-3.9250377299469625,
