,Name,Team,L/R,POS,IP,GS,GP,HA,R,ER,HR,BB,K,W,L,S,HD,BS,ERA,WHIP,SB,CS,SBP,W-Z,K-Z,S-Z,ERA-Z,WHIP-Z,Z-SUM,Z-SUM-A,ACV,
1,Garrett Crochet,BOS,LEFT,SP,205.33333333333331,32,32,165,62,59,24,46,255,18,5,0,0,0,2.586,1.028,13,7,0.063,2.552,2.709,-0.506,1.913,1.659,8.327,13.584,32.97817316750219,
2,Tarik Skubal,DET,LEFT,SP,195.33333333333334,31,31,141,55,48,18,33,241,13,6,0,0,0,2.212,0.891,3,4,0.015,1.24,2.402,-0.506,2.39,2.789,8.315,13.572,32.949040505693446,
3,Paul Skenes,PIT,RIGHT,SP,187.66666666666666,32,32,136,45,41,11,42,216,10,10,0,0,0,1.966,0.949,4,2,0.021,0.453,1.853,-0.506,2.656,2.189,6.644,11.901,28.892317348825355,
4,Bryan Woo,SEA,RIGHT,SP,186.66666666666666,30,30,137,64,61,26,36,198,15,7,0,0,0,2.941,0.927,4,1,0.021,1.765,1.457,-0.506,1.223,2.361,6.299,11.556000000000001,28.054753321823863,
5,Carlos Rodon,NYA,LEFT,SP,195.33333333333331,33,33,132,74,67,22,73,203,18,9,0,0,0,3.087,1.050,17,3,0.087,2.552,1.567,-0.506,1.057,1.385,6.054,11.311,27.459961476561933,
6,Max Fried,NYA,LEFT,SP,195.33333333333334,32,32,164,73,62,14,51,189,19,5,0,0,0,2.857,1.101,6,5,0.031,2.814,1.259,-0.506,1.408,0.932,5.907,11.164,27.103086369404778,
7,Freddy Peralta,MIL,RIGHT,SP,176.66666666666669,33,33,124,54,53,21,66,204,17,6,0,0,0,2.700,1.075,12,1,0.068,2.29,1.589,-0.506,1.489,1.045,5.906,11.163,27.100658647587384,
8,Cristopher Sanchez,PHI,LEFT,SP,202.0,32,32,171,58,56,12,44,212,13,5,0,0,0,2.495,1.064,10,4,0.05,1.24,1.765,-0.506,2.025,1.296,5.82,11.077,26.891874571291357,
9,Hunter Brown,HOU,RIGHT,SP,185.33333333333331,31,31,133,55,50,17,57,206,12,9,0,0,0,2.428,1.025,20,8,0.108,0.978,1.633,-0.506,1.955,1.518,5.577,10.834,26.30193816966422,
10,Yoshinobu Yamamoto,LAN,RIGHT,SP,173.66666666666669,30,30,113,53,48,14,59,201,12,8,0,0,0,2.487,0.990,7,5,0.04,0.978,1.523,-0.506,1.752,1.696,5.442,10.699,25.97419572431581,
11,Nick Pivetta,SDN,RIGHT,SP,181.66666666666666,31,31,129,63,58,22,50,190,13,5,0,0,0,2.873,0.985,9,3,0.05,1.24,1.281,-0.506,1.286,1.816,5.117,10.373999999999999,25.185186133662228,
12,Jacob deGrom,TEX,RIGHT,SP,172.66666666666669,30,30,122,57,57,26,37,185,12,8,0,0,0,2.971,0.921,11,6,0.064,0.978,1.172,-0.506,1.09,2.23,4.964,10.221,24.8137446956007,
13,Zack Wheeler,PHI,RIGHT,SP,149.66666666666666,24,24,107,48,45,19,33,195,10,5,0,0,0,2.706,0.935,4,4,0.027,0.453,1.391,-0.506,1.255,1.835,4.427,9.684,23.51005807965925,
14,Nathan Eovaldi,TEX,RIGHT,SP,130.0,22,22,90,28,25,10,21,129,11,3,0,0,0,1.731,0.854,4,1,0.031,0.715,-0.059,-0.506,2.078,2.074,4.302,9.559,23.206592852484793,
15,Logan Webb,SFN,RIGHT,SP,207.00000000000003,34,34,210,82,74,14,46,224,15,11,0,0,0,3.217,1.237,9,7,0.043,1.765,2.028,-0.506,0.91,-0.288,3.908,9.165,22.25007045643092,
16,Joe Ryan,MIN,RIGHT,SP,170.99999999999997,30,31,138,69,65,26,39,194,13,10,0,0,0,3.421,1.035,21,11,0.123,1.24,1.369,-0.506,0.48,1.324,3.907,9.164,22.247642734613525,
17,Matt Boyd,CHN,LEFT,SP,179.66666666666669,31,31,154,69,64,19,42,154,14,8,0,0,0,3.206,1.091,5,3,0.028,1.502,0.491,-0.506,0.806,0.937,3.229,8.486,20.60164734241929,
18,Aroldis Chapman,BOS,LEFT,RP,61.33333333333334,0,67,28,9,8,3,15,85,5,3,32,0,0,1.174,0.701,4,0,0.065,-0.859,-1.025,2.411,1.247,1.403,3.176,8.433,20.47297808609732,
19,Edwin Diaz,NYN,RIGHT,RP,66.33333333333334,0,62,37,14,12,4,21,98,6,3,28,0,0,1.628,0.874,15,5,0.226,-0.597,-0.74,2.046,1.114,0.997,2.82,8.077,19.60870911910448,
20,Jesus Luzardo,PHI,LEFT,SP,183.66666666666666,32,32,167,85,80,16,57,216,15,7,0,0,0,3.920,1.220,22,11,0.12,1.765,1.853,-0.506,-0.199,-0.113,2.798,8.055,19.555299239121773,
21,Kevin Gausman,TOR,RIGHT,SP,193.0,32,32,155,79,77,21,50,189,10,11,0,0,0,3.591,1.062,17,3,0.088,0.453,1.259,-0.506,0.286,1.257,2.75,8.007,19.43876859188678,
22,Merrill Kelly,ARI| TEX,RIGHT,SP,184.0,32,32,157,79,72,23,48,167,12,9,0,0,0,3.522,1.114,14,2,0.076,0.978,0.776,-0.506,0.372,0.766,2.385,7.6419999999999995,18.55265012853738,
23,Drew Rasmussen,TBA,RIGHT,SP,150.0,31,31,116,47,46,18,37,127,10,5,0,0,0,2.760,1.020,19,7,0.127,0.453,-0.103,-0.506,1.194,1.264,2.302,7.558999999999999,18.35114921769354,
24,Trevor Rogers,BAL,LEFT,SP,109.66666666666666,18,18,70,23,22,6,29,103,9,3,0,0,0,1.806,0.903,3,1,0.027,0.19,-0.63,-0.506,1.689,1.507,2.25,7.507,18.22490768318897,
25,Jhoan Duran,MIN| PHI,RIGHT,RP,70.0,0,72,58,19,16,3,19,80,7,6,32,0,0,2.057,1.100,13,1,0.186,-0.334,-1.135,2.411,0.941,0.336,2.219,7.475999999999999,18.149648306849702,
26,Robert Suarez,SDN,RIGHT,RP,69.66666666666666,0,70,47,24,23,6,16,75,4,6,40,0,0,2.971,0.904,3,0,0.043,-1.121,-1.245,3.14,0.44,0.952,2.166,7.423,18.02097905052774,
27,Andres Munoz,SEA,RIGHT,RP,62.333333333333336,0,64,36,18,12,2,28,83,3,3,38,0,0,1.733,1.027,5,1,0.08,-1.384,-1.069,2.958,0.996,0.506,2.007,7.263999999999999,17.634971281561832,
28,Andrew Abbott,CIN,LEFT,SP,166.33333333333331,29,29,148,60,53,19,43,149,10,7,0,0,0,2.868,1.148,12,1,0.072,0.453,0.381,-0.506,1.184,0.435,1.946,7.202999999999999,17.486880250700697,
29,Chris Sale,ATL,LEFT,SP,125.66666666666667,20,21,102,38,36,11,32,165,7,5,0,0,0,2.578,1.066,23,8,0.183,-0.334,0.732,-0.506,1.179,0.795,1.865,7.122,17.290234783491652,
30,Gavin Williams,CLE,RIGHT,SP,167.66666666666669,31,31,130,62,57,23,83,173,12,5,0,0,0,3.060,1.270,7,6,0.042,0.978,0.908,-0.506,0.943,-0.489,1.833,7.09,17.212547685334993,
31,Framber Valdez,HOU,LEFT,SP,191.99999999999997,31,31,171,82,78,15,68,187,13,11,0,0,0,3.656,1.245,25,3,0.13,1.24,1.215,-0.506,0.187,-0.337,1.798,7.055,17.127577421726148,
32,Josh Hader,HOU,LEFT,RP,52.66666666666667,0,48,29,16,12,8,16,76,6,2,28,0,0,2.051,0.854,4,0,0.076,-0.597,-1.223,2.046,0.711,0.839,1.776,7.0329999999999995,17.074167541743442,
33,Nick Lodolo,CIN,LEFT,SP,156.66666666666666,28,29,138,60,58,22,31,156,9,8,0,0,0,3.332,1.079,14,6,0.089,0.19,0.535,-0.506,0.549,0.903,1.67,6.927,16.816829029099505,
34,Adrian Morejon,SDN,LEFT,RP,73.66666666666664,0,75,49,23,17,2,17,70,13,6,3,0,0,2.077,0.896,9,1,0.122,1.24,-1.355,-0.233,0.979,1.035,1.666,6.923,16.807118141829925,
35,Carlos Estevez,KCA,RIGHT,RP,66.0,0,67,48,22,18,5,22,54,4,5,42,0,0,2.454,1.061,0,1,0.0,-1.121,-1.706,3.322,0.683,0.435,1.612,6.869,16.67602116369056,
36,Sonny Gray,SLN,RIGHT,SP,180.66666666666666,32,32,185,93,86,25,38,201,14,8,0,0,0,4.284,1.234,11,10,0.061,1.502,1.523,-0.506,-0.709,-0.232,1.578,6.835,16.59347862189911,
37,David Bednar,NYA| PIT,RIGHT,RP,62.666666666666664,0,64,46,18,16,4,19,86,6,5,27,0,0,2.298,1.037,7,2,0.112,-0.597,-1.003,1.955,0.725,0.479,1.559,6.816,16.54735190736859,
38,Robbie Ray,SFN,LEFT,SP,182.33333333333331,32,32,148,81,74,22,73,186,11,8,0,0,0,3.653,1.212,20,10,0.11,0.715,1.194,-0.506,0.182,-0.05,1.535,6.792,16.489086583751096,
39,Ranger Suarez,PHI,LEFT,SP,157.33333333333334,26,26,154,57,56,14,38,151,12,8,0,0,0,3.203,1.220,6,4,0.038,0.978,0.425,-0.506,0.709,-0.102,1.502,6.7589999999999995,16.40897176377704,
40,Cade Smith,CLE,RIGHT,RP,73.66666666666669,0,76,55,31,24,4,19,104,8,5,16,0,0,2.932,1.004,1,1,0.014,-0.072,-0.608,0.952,0.488,0.672,1.432,6.689,16.23903123655935,
41,Luis Castillo,SEA,RIGHT,SP,180.66666666666669,32,32,168,76,71,23,46,162,11,8,0,0,0,3.537,1.185,13,5,0.072,0.715,0.666,-0.506,0.344,0.176,1.395,6.651999999999999,16.149205529315708,
42,Jeff Hoffman,TOR,RIGHT,RP,67.99999999999999,0,71,54,34,33,15,27,84,9,7,33,0,0,4.368,1.191,7,2,0.103,0.19,-1.047,2.502,-0.311,0.046,1.38,6.637,16.112789702054773,
43,Hunter Greene,CIN,RIGHT,SP,107.66666666666664,19,19,75,35,33,15,26,132,7,4,0,0,0,2.759,0.938,9,3,0.084,-0.334,0.007,-0.506,0.858,1.307,1.332,6.5889999999999995,15.996259054819783,
44,Ryan Pepiot,TBA,RIGHT,SP,167.66666666666666,31,31,134,77,72,26,61,167,11,12,0,0,0,3.865,1.163,16,8,0.095,0.715,0.776,-0.506,-0.11,0.326,1.202,6.459,15.680655218558352,
45,Logan Gilbert,SEA,RIGHT,SP,131.0,25,25,104,53,50,20,31,173,6,6,0,0,0,3.435,1.030,10,2,0.076,-0.597,0.908,-0.506,0.353,1.041,1.199,6.4559999999999995,15.673372053106165,
46,Cade Horton,CHN,RIGHT,SP,118.0,22,23,95,40,35,10,33,97,11,4,0,0,0,2.670,1.085,8,7,0.068,0.715,-0.762,-0.506,1.023,0.648,1.118,6.375,15.47672658589712,
47,Brady Singer,CIN,RIGHT,SP,169.66666666666666,32,32,150,80,76,19,60,163,14,12,0,0,0,4.031,1.238,14,4,0.083,1.502,0.688,-0.506,-0.331,-0.244,1.109,6.366,15.45487708954056,
48,Quinn Priester,MIL,RIGHT,SP| RP,157.33333333333331,24,29,145,62,58,18,50,132,13,3,0,0,0,3.318,1.239,7,5,0.044,1.24,0.007,-0.506,0.568,-0.238,1.071,6.327999999999999,15.362623660479525,
49,Emilio Pagan,CIN,RIGHT,RP,68.66666666666667,0,70,41,26,22,10,22,81,2,4,32,0,0,2.884,0.917,3,1,0.044,-1.646,-1.113,2.411,0.481,0.897,1.03,6.287,15.263087065966305,
50,Kenley Jansen,ANA,RIGHT,RP,59.0,0,62,37,18,17,8,19,57,5,4,29,0,0,2.593,0.949,13,0,0.22,-0.859,-1.64,2.137,0.546,0.686,0.871,6.128,14.877079297000401,
51,Shota Imanaga,CHN,LEFT,SP,144.66666666666666,25,25,117,62,60,31,26,117,9,8,0,0,0,3.733,0.989,2,3,0.014,0.19,-0.322,-0.506,0.054,1.426,0.842,6.098999999999999,14.806675364295925,
52,Noah Cameron,KCA,LEFT,SP,138.33333333333331,24,24,109,46,46,18,43,114,9,7,0,0,0,2.993,1.099,2,2,0.014,0.19,-0.388,-0.506,0.85,0.672,0.818,6.074999999999999,14.748410040678431,
53,Zack Littell,CIN| TBA,RIGHT,SP,186.66666666666666,32,32,174,81,79,36,32,130,10,8,0,0,0,3.809,1.104,16,5,0.086,0.453,-0.037,-0.506,-0.041,0.866,0.735,5.992,14.546909129834596,
54,Trevor Megill,MIL,RIGHT,RP,47.0,0,50,36,16,13,3,17,60,6,3,30,0,0,2.489,1.128,9,0,0.191,-0.597,-1.574,2.228,0.473,0.167,0.698,5.955,14.457083422590957,
55,Raisel Iglesias,ATL,RIGHT,RP,67.33333333333334,0,70,51,25,24,8,16,73,4,6,29,0,0,3.208,0.995,5,1,0.074,-1.121,-1.289,2.137,0.301,0.643,0.671,5.928,14.391534933521275,
56,Ryne Nelson,ARI,RIGHT,SP| RP,154.0,23,33,124,62,58,17,41,132,7,3,1,0,0,3.390,1.071,1,1,0.006,-0.334,0.007,-0.415,0.47,0.939,0.667,5.9239999999999995,14.381824046251692,
57,Casey Mize,DET,RIGHT,SP,149.00000000000003,28,28,153,68,64,21,36,139,14,6,0,0,0,3.866,1.268,11,7,0.074,1.502,0.161,-0.506,-0.098,-0.422,0.637,5.894,14.308992391729824,
58,Jameson Taillon,CHN,RIGHT,SP,129.66666666666666,23,23,110,54,53,24,27,98,11,7,0,0,0,3.679,1.057,10,5,0.077,0.715,-0.74,-0.506,0.103,0.878,0.451,5.707999999999999,13.857436133694236,
59,Spencer Schwellenbach,ATL,RIGHT,SP,110.66666666666667,17,17,89,44,38,13,18,108,7,4,0,0,0,3.090,0.967,3,2,0.027,-0.334,-0.52,-0.506,0.596,1.199,0.434,5.691,13.816164862798512,
60,Brayan Bello,BOS,RIGHT,SP,166.66666666666666,28,29,147,71,62,16,59,124,11,9,0,0,0,3.348,1.236,16,6,0.096,0.715,-0.168,-0.506,0.563,-0.227,0.377,5.6339999999999995,13.67778471920696,
61,Mason Miller,ATH| SDN,RIGHT,RP,61.66666666666667,0,60,28,19,18,5,28,104,1,2,22,0,0,2.627,0.908,4,2,0.065,-1.909,-0.608,1.499,0.555,0.832,0.37,5.627,13.660790666485191,
62,Kris Bubic,KCA,LEFT,SP,116.33333333333334,20,20,98,38,33,6,39,116,8,7,0,0,0,2.553,1.178,2,3,0.017,-0.072,-0.344,-0.506,1.114,0.149,0.341,5.598,13.590386733780718,
63,Ronny Henriquez,MIA,RIGHT,RP,72.99999999999999,0,69,53,23,18,8,27,98,7,1,7,0,0,2.219,1.096,17,0,0.233,-0.334,-0.74,0.132,0.889,0.364,0.311,5.568,13.517555079258848,
64,Tanner Bibee,CLE,RIGHT,SP,182.33333333333331,31,31,170,93,86,27,54,162,12,11,0,0,0,4.245,1.228,17,4,0.093,0.978,0.666,-0.506,-0.66,-0.186,0.292,5.5489999999999995,13.471428364728332,
65,Dennis Santana,PIT,RIGHT,RP,70.33333333333333,0,70,44,18,17,5,17,60,4,5,16,0,0,2.175,0.867,3,3,0.043,-1.121,-1.574,0.952,0.881,1.079,0.216,5.473,13.286921506606264,
66,Will Vest,DET,RIGHT,RP,68.66666666666667,0,64,61,26,23,4,22,75,6,5,23,0,0,3.015,1.209,2,0,0.029,-0.597,-1.245,1.59,0.41,-0.009,0.151,5.4079999999999995,13.129119588475548,
67,Pete Fairbanks,TBA,RIGHT,RP,60.333333333333336,0,61,45,22,19,7,18,59,4,5,27,0,0,2.834,1.044,8,4,0.133,-1.121,-1.596,1.955,0.445,0.442,0.125,5.382,13.065998821223262,
68,Shawn Armstrong,TEX,RIGHT,RP,74.00000000000001,2,71,40,21,19,5,20,74,4,3,9,0,0,2.311,0.811,4,0,0.054,-1.121,-1.267,0.314,0.848,1.325,0.099,5.356,13.002878053970976,
69,Clay Holmes,NYN,RIGHT,SP,165.66666666666666,31,33,150,74,65,14,66,129,12,8,0,0,0,3.531,1.304,8,7,0.048,0.978,-0.059,-0.506,0.323,-0.734,0.001,5.258,12.764961315866206,
70,Eric Lauer,TOR,LEFT,SP| RP,104.66666666666666,15,28,90,39,37,15,26,102,9,2,0,0,0,3.182,1.108,9,2,0.086,0.19,-0.652,-0.506,0.489,0.463,-0.015,5.242,12.726117766787876,
71,Edward Cabrera,MIA,RIGHT,SP,137.66666666666666,26,26,121,60,54,17,48,150,8,7,0,0,0,3.530,1.228,35,4,0.254,-0.072,0.403,-0.506,0.269,-0.135,-0.041,5.215999999999999,12.662996999535588,
72,Jeffrey Springs,ATH,LEFT,SP,171.0,30,32,153,90,78,28,54,138,11,11,0,0,0,4.105,1.210,20,3,0.117,0.715,0.139,-0.506,-0.432,-0.035,-0.12,5.137,12.471206975961334,
73,Dean Kremer,BAL,RIGHT,SP,171.66666666666666,29,31,163,83,80,22,45,142,11,10,0,0,0,4.194,1.212,5,2,0.029,0.715,0.227,-0.506,-0.553,-0.044,-0.161,5.096,12.371670381448114,
74,Chris Bassitt,TOR,RIGHT,SP,170.33333333333331,31,32,174,80,75,22,52,166,11,9,0,0,0,3.963,1.327,14,3,0.082,0.715,0.754,-0.506,-0.241,-0.932,-0.211,5.045999999999999,12.250284290578332,
75,George Kirby,SEA,RIGHT,SP,126.0,23,23,121,60,59,15,29,137,10,8,0,0,0,4.214,1.190,9,3,0.071,0.453,0.117,-0.506,-0.426,0.089,-0.274,4.983,12.097337816082407,
76,Jack Leiter,TEX,RIGHT,SP,151.66666666666663,29,29,127,69,65,18,67,148,10,10,0,0,0,3.857,1.279,17,1,0.112,0.453,0.359,-0.506,-0.09,-0.502,-0.287,4.97,12.065777432456265,
77,Colin Rea,CHN,RIGHT,SP| RP,159.33333333333334,27,32,155,73,70,20,44,127,11,7,1,0,0,3.954,1.249,7,4,0.044,0.715,-0.103,-0.415,-0.215,-0.31,-0.328,4.928999999999999,11.966240837943042,
78,Abner Uribe,MIL,RIGHT,RP,75.33333333333331,0,75,51,18,14,4,27,90,3,2,7,0,0,1.673,1.035,0,1,0.0,-1.384,-0.915,0.132,1.239,0.582,-0.347,4.91,11.920114123412528,
79,Zac Gallen,ARI,RIGHT,SP,192.0,33,33,176,109,103,31,66,175,13,15,0,0,0,4.828,1.260,14,3,0.073,1.24,0.952,-0.506,-1.568,-0.473,-0.356,4.901,11.898264627055966,
80,Garrett Whitlock,BOS,RIGHT,RP,71.99999999999999,0,62,54,21,18,2,24,91,7,3,1,0,0,2.250,1.083,7,3,0.097,-0.334,-0.893,-0.415,0.86,0.4,-0.383,4.874,11.832716137986283,
81,Michael Wacha,KCA,RIGHT,SP,172.6666666666666,31,31,166,74,74,15,45,126,10,13,0,0,0,3.857,1.222,2,0,0.012,0.453,-0.124,-0.506,-0.103,-0.125,-0.406,4.851,11.776878536186185,
82,Lucas Giolito,BOS,RIGHT,SP,144.99999999999997,26,26,131,62,55,17,56,121,10,4,0,0,0,3.414,1.290,12,5,0.083,0.453,-0.234,-0.506,0.415,-0.549,-0.422,4.835,11.738034987107856,
83,Edwin Uceta,TBA,RIGHT,RP,75.99999999999999,0,70,62,33,32,11,27,103,10,3,1,0,0,3.789,1.171,10,2,0.132,0.453,-0.63,-0.415,-0.005,0.12,-0.477,4.779999999999999,11.604510287151095,
84,Clayton Kershaw,LAN,LEFT,SP,112.66666666666667,22,23,102,46,42,8,35,84,11,2,0,0,0,3.355,1.216,0,1,0.0,0.715,-1.047,-0.506,0.374,-0.051,-0.515,4.742,11.512256858090062,
85,Shane Smith,CHA,RIGHT,SP,146.33333333333334,29,29,117,70,62,17,58,145,7,8,0,0,0,3.813,1.196,14,1,0.096,-0.334,0.293,-0.506,-0.037,0.067,-0.518,4.739,11.504973692637876,
86,Dylan Cease,SDN,RIGHT,SP,168.0,32,32,152,91,85,21,71,215,8,12,0,0,0,4.554,1.327,12,4,0.071,-0.072,1.831,-0.506,-1.012,-0.924,-0.684,4.5729999999999995,11.1019718709502,
87,Emmet Sheehan,LAN,RIGHT,SP| RP,73.33333333333333,12,15,49,29,23,7,22,89,6,3,0,0,0,2.823,0.968,0,3,0.0,-0.597,-0.937,-0.506,0.548,0.79,-0.702,4.555,11.05827287823708,
88,Kyle Finnegan,DET| WAS,RIGHT,RP,57.00000000000001,0,56,45,24,22,4,18,55,4,4,24,0,0,3.474,1.105,6,4,0.105,-1.121,-1.684,1.681,0.137,0.26,-0.727,4.529999999999999,10.997579832802188,
89,Brandon Woodruff,MIL,RIGHT,SP,64.66666666666666,12,12,45,26,23,9,14,83,7,2,0,0,0,3.201,0.912,6,0,0.093,-0.334,-1.069,-0.506,0.292,0.86,-0.757,4.5,10.924748178280321,
90,Jason Adam,SDN,RIGHT,RP,65.33333333333333,0,65,50,18,14,4,25,70,8,4,0,0,0,1.929,1.148,12,1,0.184,-0.072,-1.355,-0.506,0.944,0.172,-0.818,4.439,10.776657147419188,
91,Bryan Abreu,HOU,RIGHT,RP,71.0,0,70,51,18,18,4,31,105,3,4,7,0,0,2.282,1.155,10,2,0.141,-1.384,-0.586,0.132,0.83,0.164,-0.844,4.412999999999999,10.7135363801669,
92,Emmanuel Clase,CLE,RIGHT,RP,47.333333333333336,0,48,46,20,17,2,12,47,5,3,24,0,0,3.232,1.225,7,1,0.148,-0.859,-1.86,1.681,0.202,-0.041,-0.876,4.380999999999999,10.63584928201024,
93,Brad Keller,CHN,RIGHT,RP,69.66666666666667,1,68,45,18,16,4,22,75,4,2,3,0,0,2.067,0.962,0,0,0.0,-1.121,-1.245,-0.233,0.931,0.771,-0.897,4.359999999999999,10.584867123844932,
94,Jack Flaherty,DET,RIGHT,SP,161.0,31,31,147,85,83,23,59,188,8,15,0,0,0,4.640,1.280,7,2,0.043,-0.072,1.237,-0.506,-1.078,-0.536,-0.955,4.302,10.444059258435985,
95,Eduard Bazardo,SEA,RIGHT,RP,78.66666666666667,0,73,53,23,22,9,27,82,5,0,0,0,0,2.517,1.017,7,0,0.089,-0.859,-1.091,-0.506,0.775,0.674,-1.007,4.25,10.317817723931414,
96,Nick Martinez,CIN,RIGHT,SP| RP,165.66666666666669,26,40,158,86,82,22,42,116,11,14,0,0,0,4.455,1.207,12,6,0.072,0.715,-0.344,-0.506,-0.87,-0.009,-1.015,4.242,10.29839594939225,
97,Eury Perez,MIA,RIGHT,SP,95.33333333333334,20,20,68,47,45,12,32,105,7,6,0,0,0,4.248,1.049,15,4,0.157,-0.334,-0.586,-0.506,-0.347,0.678,-1.096,4.161,10.101750482183203,
98,Tyler Mahle,TEX,RIGHT,SP,86.66666666666667,16,16,69,21,21,5,29,66,6,4,0,0,0,2.181,1.131,2,1,0.023,-0.597,-1.442,-0.506,1.081,0.295,-1.169,4.087999999999999,9.92452678951332,
99,Devin Williams,NYA,RIGHT,RP,62.0,0,67,45,37,33,5,25,90,4,6,18,0,0,4.790,1.129,12,1,0.194,-1.121,-0.915,1.135,-0.488,0.216,-1.174,4.083,9.912388180426344,
100,Gabe Speier,SEA,LEFT,RP,61.999999999999986,0,76,43,19,18,5,11,82,4,3,0,0,0,2.613,0.871,9,1,0.145,-1.121,-1.091,-0.506,0.565,0.941,-1.213,4.044,9.817707029547913,
101,Kodai Senga,NYN,RIGHT,SP,113.33333333333334,22,22,94,44,38,12,55,109,7,6,0,0,0,3.018,1.315,5,6,0.044,-0.334,-0.498,-0.506,0.675,-0.558,-1.222,4.035,9.795857533191354,
102,Matt Svanson,SLN,RIGHT,RP,60.333333333333336,0,39,33,14,13,3,20,68,4,0,0,0,0,1.939,0.878,1,0,0.017,-1.121,-1.399,-0.506,0.866,0.895,-1.265,3.992,9.691465495043342,
103,Mike Vasil,CHA,RIGHT,SP| RP,101.00000000000001,3,47,74,32,28,8,52,82,5,3,4,0,0,2.495,1.248,24,3,0.238,-0.859,-1.091,-0.142,1.013,-0.19,-1.269,3.9879999999999995,9.681754607773758,
104,Tyler Glasnow,LAN,RIGHT,SP,90.33333333333333,18,18,56,33,32,10,43,106,4,3,0,0,0,3.188,1.096,10,0,0.111,-1.121,-0.564,-0.506,0.418,0.45,-1.324,3.933,9.548229907817,
105,Aaron Ashby,MIL,LEFT,RP,66.66666666666664,1,43,54,16,16,3,24,76,5,2,3,0,0,2.160,1.170,7,1,0.105,-0.859,-1.223,-0.233,0.843,0.109,-1.363,3.8939999999999997,9.45354875693857,
106,Alex Vesia,LAN,LEFT,RP,59.66666666666667,0,68,37,21,20,9,22,80,4,2,5,0,0,3.017,0.989,4,4,0.067,-1.121,-1.135,-0.051,0.356,0.587,-1.364,3.893,9.451121035121174,
107,Jose Berrios,TOR,RIGHT,SP,166.00000000000006,30,31,160,86,77,26,56,138,9,5,0,0,0,4.175,1.301,13,3,0.078,0.19,0.139,-0.506,-0.51,-0.716,-1.402,3.8549999999999995,9.35886760606014,
108,Steven Okert,HOU,LEFT,RP,71.66666666666669,1,68,45,25,24,6,19,84,3,2,1,0,0,3.014,0.893,8,1,0.112,-1.384,-1.047,-0.415,0.429,1.016,-1.402,3.8549999999999995,9.35886760606014,
109,Phil Maton,SLN| TEX,RIGHT,RP,61.33333333333333,0,63,42,21,19,3,23,81,4,5,5,0,0,2.788,1.060,8,1,0.13,-1.121,-1.113,-0.051,0.475,0.406,-1.404,3.8529999999999998,9.354012162425349,
110,Adrian Houser,CHA| TBA,RIGHT,SP,125.0,21,21,122,49,46,10,38,92,8,5,0,0,0,3.312,1.280,7,2,0.056,-0.072,-0.871,-0.506,0.457,-0.419,-1.412,3.8449999999999998,9.334590387886184,
111,Randy Rodriguez,SFN,RIGHT,RP,50.666666666666664,0,50,34,12,10,4,11,67,3,5,4,0,0,1.776,0.888,7,2,0.138,-1.384,-1.421,-0.142,0.792,0.73,-1.425,3.832,9.303030004260041,
112,Jose Quintana,MIL,LEFT,SP,131.66666666666666,24,24,120,65,58,18,50,89,11,7,0,0,0,3.965,1.291,9,2,0.068,0.715,-0.937,-0.506,-0.188,-0.508,-1.425,3.832,9.303030004260041,
113,Daniel Palencia,CHN,RIGHT,RP,52.66666666666667,0,54,44,19,17,5,16,61,1,6,22,0,0,2.905,1.139,4,0,0.076,-1.909,-1.552,1.499,0.36,0.159,-1.443,3.8139999999999996,9.25933101154692,
114,Tyler Rogers,NYN| SFN,RIGHT,RP,77.33333333333334,0,81,66,20,17,4,7,48,4,6,0,0,0,1.978,0.944,5,0,0.065,-1.121,-1.838,-0.506,1.087,0.918,-1.461,3.7959999999999994,9.215632018833798,
115,Shane Baz,TBA,RIGHT,SP,166.33333333333334,31,31,158,91,90,26,64,176,10,12,0,0,0,4.870,1.335,20,2,0.12,0.453,0.974,-0.506,-1.412,-0.97,-1.461,3.7959999999999994,9.215632018833798,
116,Will Warren,NYA,RIGHT,SP,162.33333333333334,33,33,158,90,80,22,65,171,9,8,0,0,0,4.435,1.374,6,2,0.037,0.19,0.864,-0.506,-0.828,-1.233,-1.514,3.7429999999999994,9.08696276251183,
117,Braydon Fisher,TOR,RIGHT,RP,50.000000000000014,1,52,32,15,15,4,19,62,7,0,0,0,0,2.700,1.020,6,1,0.12,-0.334,-1.53,-0.506,0.421,0.421,-1.528,3.7289999999999996,9.052974657068292,
118,Bryan King,HOU,LEFT,RP,68.0,0,68,60,21,21,10,11,69,5,4,2,0,0,2.779,1.044,1,0,0.015,-0.859,-1.377,-0.324,0.531,0.499,-1.53,3.7269999999999994,9.0481192134335,
119,Jeremiah Estrada,SDN,RIGHT,RP,72.99999999999999,0,77,58,31,28,12,27,108,4,5,3,0,0,3.452,1.164,4,0,0.055,-1.121,-0.52,-0.233,0.187,0.138,-1.549,3.7079999999999997,9.001992498902984,
120,Luke Weaver,NYA,RIGHT,RP,64.66666666666666,0,64,46,28,26,10,20,72,4,4,8,0,0,3.619,1.021,2,1,0.031,-1.121,-1.311,0.223,0.082,0.543,-1.584,3.6729999999999996,8.917022235294136,
121,Tanner Banks,PHI,LEFT,RP,67.33333333333334,1,69,56,24,23,9,12,61,6,2,1,0,0,3.074,1.010,4,0,0.059,-0.597,-1.552,-0.415,0.371,0.598,-1.595,3.662,8.890317295302784,
122,Joey Cantillo,CLE,LEFT,SP| RP,95.33333333333331,13,34,78,39,34,10,42,108,5,3,1,0,0,3.210,1.259,4,2,0.042,-0.859,-0.52,-0.415,0.425,-0.228,-1.597,3.6599999999999997,8.885461851667992,
123,Lucas Erceg,KCA,RIGHT,RP,61.333333333333336,0,61,54,19,18,4,18,48,8,4,2,0,0,2.641,1.174,3,0,0.049,-0.072,-1.838,-0.324,0.545,0.089,-1.6,3.6569999999999996,8.878178686215806,
124,Lake Bachar,MIA,RIGHT,RP,70.99999999999999,1,53,55,34,31,10,30,75,8,2,3,0,0,3.930,1.197,4,0,0.056,-0.072,-1.245,-0.233,-0.082,0.028,-1.604,3.6529999999999996,8.868467798946224,
125,Garrett Cleavinger,TBA,LEFT,RP,61.33333333333333,0,67,40,17,16,9,18,82,2,6,2,0,0,2.348,0.946,2,3,0.033,-1.646,-1.091,-0.324,0.685,0.723,-1.653,3.6039999999999996,8.749509429893838,
126,Mitch Keller,PIT,RIGHT,SP,176.33333333333334,32,32,171,91,82,21,51,150,6,15,0,0,0,4.185,1.259,23,3,0.13,-0.597,0.403,-0.506,-0.556,-0.423,-1.679,3.5779999999999994,8.686388662641551,
127,Jose Soriano,ANA,RIGHT,SP,169.0,31,31,158,89,80,12,78,152,10,11,0,0,0,4.260,1.396,5,1,0.03,0.453,0.447,-0.506,-0.632,-1.458,-1.697,3.5599999999999996,8.64268966992843,
128,Camilo Doval,NYA| SFN,RIGHT,RP,65.33333333333334,0,69,51,34,26,4,35,72,4,3,16,0,0,3.582,1.316,11,1,0.168,-1.121,-1.311,0.952,0.102,-0.327,-1.705,3.5519999999999996,8.623267895389265,
129,Pablo Lopez,MIN,RIGHT,SP,75.66666666666666,14,14,64,28,23,6,20,73,5,4,0,0,0,2.736,1.110,10,2,0.132,-0.859,-1.289,-0.506,0.617,0.329,-1.709,3.5479999999999996,8.613557008119683,
130,Shelby Miller,ARI| MIL,RIGHT,RP,46.0,0,48,33,17,14,5,15,54,4,3,10,0,0,2.739,1.044,8,1,0.174,-1.121,-1.706,0.405,0.374,0.339,-1.71,3.5469999999999997,8.611129286302287,
131,Seth Lugo,KCA,RIGHT,SP,145.33333333333337,26,26,133,70,67,27,55,125,8,7,0,0,0,4.149,1.294,4,7,0.028,-0.072,-0.146,-0.506,-0.417,-0.577,-1.719,3.5379999999999994,8.589279789945726,
132,Ryan Walker,SFN,RIGHT,RP,61.33333333333334,0,68,60,32,28,4,18,60,5,7,17,0,0,4.109,1.272,0,1,0.0,-0.859,-1.574,1.043,-0.157,-0.183,-1.729,3.5279999999999996,8.565002571771771,
133,Jared Koenig,MIL,LEFT,RP,66.0,0,72,57,21,21,6,20,68,6,1,2,0,0,2.864,1.167,1,3,0.015,-0.597,-1.399,-0.324,0.472,0.118,-1.73,3.5269999999999997,8.562574849954375,
134,David Peterson,NYN,LEFT,SP,168.66666666666669,30,30,166,84,79,11,65,150,9,6,0,0,0,4.215,1.370,4,1,0.024,0.19,0.403,-0.506,-0.571,-1.25,-1.734,3.5229999999999997,8.552863962684793,
135,MacKenzie Gore,WAS,LEFT,SP,159.66666666666669,30,30,152,75,74,20,64,185,5,15,0,0,0,4.171,1.353,13,9,0.081,-0.859,1.172,-0.506,-0.486,-1.062,-1.742,3.5149999999999997,8.533442188145628,
136,Jacob Lopez,ATH,LEFT,SP| RP,92.66666666666667,17,21,81,47,42,15,37,113,7,7,0,0,0,4.079,1.273,8,3,0.086,-0.334,-0.41,-0.506,-0.215,-0.283,-1.749,3.5079999999999996,8.516448135423857,
137,Jack Dreyer,LAN,LEFT,SP| RP,76.33333333333333,5,67,56,26,25,4,24,74,3,2,4,0,0,2.948,1.048,5,2,0.066,-1.384,-1.267,-0.142,0.496,0.546,-1.75,3.5069999999999997,8.514020413606461,
138,Greg Weissert,BOS,RIGHT,RP,67.00000000000001,0,72,57,27,21,6,21,57,6,6,4,0,0,2.821,1.164,6,3,0.09,-0.597,-1.64,-0.142,0.502,0.127,-1.75,3.5069999999999997,8.514020413606461,
139,Slade Cecconi,CLE,RIGHT,SP,132.0,23,23,125,66,63,24,32,109,7,7,0,0,0,4.295,1.189,3,1,0.023,-0.334,-0.498,-0.506,-0.53,0.099,-1.769,3.4879999999999995,8.467893699075946,
140,Calvin Faucher,MIA,RIGHT,RP,60.333333333333336,0,65,53,27,22,8,24,59,4,4,15,0,0,3.282,1.276,4,0,0.066,-1.121,-1.596,0.861,0.235,-0.192,-1.814,3.4429999999999996,8.358646217293142,
141,Bennett Sousa,HOU,LEFT,RP,50.66666666666667,0,44,37,18,16,4,15,59,5,1,4,0,0,2.842,1.026,11,0,0.217,-0.859,-1.596,-0.142,0.371,0.412,-1.814,3.4429999999999996,8.358646217293142,
142,JoJo Romero,SLN,LEFT,RP,61.00000000000001,0,65,47,21,14,2,29,55,4,6,8,0,0,2.066,1.246,4,1,0.066,-1.121,-1.684,0.223,0.816,-0.11,-1.877,3.38,8.205699742797218,
143,Orion Kerkering,PHI,RIGHT,RP,60.00000000000001,0,69,55,28,22,6,27,65,8,4,4,0,0,3.300,1.367,5,0,0.083,-0.072,-1.464,-0.142,0.225,-0.437,-1.89,3.367,8.174139359171075,
144,Robert Garcia,TEX,LEFT,RP,63.99999999999999,0,71,58,26,21,8,22,68,4,8,9,0,0,2.953,1.250,3,2,0.047,-1.121,-1.399,0.314,0.413,-0.128,-1.92,3.3369999999999997,8.101307704649205,
145,Tyler Holton,DET,LEFT,SP| RP,78.66666666666666,6,70,65,34,32,15,17,64,6,5,0,0,0,3.661,1.042,3,0,0.038,-0.597,-1.486,-0.506,0.074,0.583,-1.933,3.324,8.069747321023064,
146,Tony Santillan,CIN,RIGHT,RP,73.66666666666667,0,80,53,23,20,7,29,75,1,5,7,0,0,2.443,1.113,1,3,0.014,-1.909,-1.245,0.132,0.768,0.31,-1.943,3.3139999999999996,8.045470102849107,
147,Brandon Pfaadt,ARI,RIGHT,SP,176.66666666666666,33,33,198,107,103,26,37,147,13,9,0,0,0,5.247,1.330,13,2,0.074,1.24,0.337,-0.506,-2.02,-0.994,-1.943,3.3139999999999996,8.045470102849107,
148,Simeon Woods Richardson,MIN,RIGHT,SP,111.33333333333334,22,23,96,53,50,17,46,107,7,4,0,0,0,4.042,1.275,8,5,0.072,-0.334,-0.542,-0.506,-0.227,-0.35,-1.959,3.2979999999999996,8.006626553770776,
149,Andrew Kittredge,BAL| CHN,RIGHT,RP,53.0,0,54,41,22,20,7,11,64,4,3,5,0,0,3.396,0.981,8,0,0.151,-1.121,-1.486,-0.051,0.159,0.54,-1.96,3.2969999999999997,8.004198831953381,
150,Yusei Kikuchi,ANA,LEFT,SP,178.33333333333331,33,33,180,87,79,24,74,174,7,11,0,0,0,3.987,1.424,11,5,0.062,-0.334,0.93,-0.506,-0.286,-1.764,-1.961,3.2959999999999994,8.001771110135984,
151,Steven Matz,BOS| SLN,LEFT,RP,76.66666666666667,2,53,73,31,26,8,11,59,5,2,2,0,0,3.052,1.096,1,1,0.013,-0.859,-1.596,-0.324,0.436,0.383,-1.961,3.2959999999999994,8.001771110135984,
152,Jacob Webb,TEX,RIGHT,RP,66.00000000000001,0,55,49,24,22,10,19,58,5,4,1,0,0,3.000,1.030,8,1,0.121,-0.859,-1.618,-0.415,0.402,0.525,-1.965,3.292,7.992060222866403,
153,Jordan Leasure,CHA,RIGHT,RP,64.33333333333333,1,68,49,30,28,12,30,81,5,6,7,0,0,3.917,1.228,5,2,0.078,-0.859,-1.113,0.132,-0.068,-0.064,-1.973,3.284,7.9726384483272374,
154,Matthew Liberatore,SLN,LEFT,SP,151.66666666666666,29,29,158,79,71,19,40,122,8,12,0,0,0,4.213,1.306,22,4,0.145,-0.072,-0.212,-0.506,-0.511,-0.684,-1.985,3.2719999999999994,7.9435057865184895,
155,Nolan McLean,NYN,RIGHT,SP,48.0,8,8,34,13,11,4,16,57,5,1,0,0,0,2.062,1.042,0,3,0.0,-0.859,-1.64,-0.506,0.643,0.357,-2.005,3.252,7.894951350170578,
156,Stephen Kolek,KCA| SDN,RIGHT,SP,112.66666666666667,19,19,98,49,44,9,31,77,5,7,0,0,0,3.515,1.145,3,2,0.027,-0.859,-1.201,-0.506,0.234,0.311,-2.021,3.2359999999999998,7.856107801092247,
157,Felix Bautista,BAL,RIGHT,RP,34.666666666666664,0,35,16,10,10,3,23,50,1,1,19,0,0,2.596,1.125,10,1,0.288,-1.909,-1.794,1.226,0.32,0.127,-2.029,3.2279999999999998,7.836686026553083,
158,Caleb Thielbar,CHN,LEFT,RP,58.00000000000001,0,67,38,17,17,5,13,56,3,4,1,0,0,2.638,0.879,2,1,0.034,-1.384,-1.662,-0.415,0.517,0.858,-2.086,3.171,7.698305882961532,
159,Matt Strahm,PHI,LEFT,RP,62.33333333333333,0,66,47,22,19,5,20,70,2,3,6,0,0,2.743,1.075,3,0,0.048,-1.646,-1.355,0.041,0.504,0.37,-2.086,3.171,7.698305882961532,
160,Blake Snell,LAN,LEFT,SP,61.333333333333336,11,11,51,21,16,3,26,72,5,4,0,0,0,2.348,1.255,6,5,0.098,-0.859,-1.311,-0.506,0.685,-0.137,-2.128,3.1289999999999996,7.596341566630915,
161,Tyler Kinley,ATL| COL,RIGHT,RP,72.66666666666667,0,73,53,35,32,6,33,73,6,3,3,0,0,3.963,1.183,12,0,0.165,-0.597,-1.289,-0.233,-0.103,0.074,-2.148,3.1089999999999995,7.547787130283003,
162,Chad Patrick,MIL,RIGHT,SP| RP,119.66666666666664,23,27,113,49,47,13,40,127,3,8,0,0,0,3.535,1.279,6,6,0.05,-1.384,-0.103,-0.506,0.23,-0.393,-2.156,3.1009999999999995,7.528365355743837,
163,Janson Junk,MIA,RIGHT,SP| RP,110.00000000000001,16,21,112,54,51,8,13,77,6,4,1,0,0,4.173,1.136,12,2,0.109,-0.597,-1.201,-0.415,-0.336,0.347,-2.202,3.0549999999999997,7.416690152143639,
164,Justin Sterner,ATH,RIGHT,RP,65.0,1,59,47,24,23,10,21,70,4,3,0,0,0,3.185,1.046,14,4,0.215,-1.121,-1.355,-0.506,0.302,0.471,-2.21,3.0469999999999997,7.397268377604474,
165,Sandy Alcantara,MIA,RIGHT,SP,174.66666666666666,31,31,165,107,104,22,57,142,11,12,0,0,0,5.359,1.271,35,1,0.2,0.715,0.227,-0.506,-2.149,-0.514,-2.227,3.03,7.355997106708749,
166,Clarke Schmidt,NYA,RIGHT,SP,78.66666666666666,14,14,56,29,29,9,30,73,4,4,0,0,0,3.318,1.093,6,1,0.076,-1.121,-1.289,-0.506,0.284,0.402,-2.231,3.026,7.3462862194391665,
167,Dylan Lee,ATL,LEFT,RP,68.33333333333336,0,74,53,27,25,13,14,76,2,4,2,0,0,3.293,0.981,2,1,0.029,-1.646,-1.223,-0.324,0.26,0.698,-2.235,3.022,7.336575332169583,
168,Cam Schlittler,NYA,RIGHT,SP,72.99999999999999,14,14,58,24,24,8,31,84,4,3,0,0,0,2.959,1.219,10,2,0.137,-1.121,-1.047,-0.506,0.468,-0.044,-2.251,3.006,7.297731783091254,
169,Bryan Baker,BAL| TBA,RIGHT,RP,68.66666666666666,0,73,59,33,31,13,17,83,4,4,3,0,0,4.063,1.107,6,1,0.087,-1.121,-1.069,-0.233,-0.151,0.309,-2.266,2.9909999999999997,7.261315955830319,
170,Kyle Leahy,SLN,RIGHT,RP,87.99999999999999,1,62,80,32,30,5,28,80,4,2,1,0,0,3.068,1.227,2,2,0.023,-1.121,-1.135,-0.415,0.489,-0.085,-2.267,2.9899999999999998,7.2588882340129235,
171,Davis Martin,CHA,RIGHT,SP,142.66666666666666,25,26,136,74,65,20,48,104,7,10,0,0,0,4.101,1.290,14,5,0.098,-0.334,-0.608,-0.506,-0.355,-0.541,-2.345,2.9119999999999995,7.069525932256064,
172,Hurston Waldrep,ATL,RIGHT,SP,56.33333333333333,9,10,45,18,18,3,22,55,6,1,0,0,0,2.876,1.189,8,3,0.142,-0.597,-1.684,-0.506,0.398,0.042,-2.347,2.9099999999999997,7.064670488621273,
173,Mike King,SDN,RIGHT,SP,73.33333333333333,15,15,62,31,28,12,26,76,5,3,0,0,0,3.436,1.200,0,1,0.0,-0.859,-1.223,-0.506,0.197,0.02,-2.371,2.8859999999999997,7.006405165003778,
174,Louis Varland,MIN| TOR,RIGHT,RP,72.66666666666666,1,74,65,27,24,6,22,75,4,3,0,0,0,2.973,1.197,6,3,0.083,-1.121,-1.245,-0.506,0.458,0.029,-2.386,2.8709999999999996,6.9699893377428435,
175,Luis Severino,ATH,RIGHT,SP,162.6666666666667,29,29,162,93,82,16,50,124,8,11,0,0,0,4.537,1.303,10,2,0.061,-0.072,-0.168,-0.506,-0.959,-0.717,-2.422,2.8349999999999995,6.8825913523166005,
176,Nick Mears,MIL,RIGHT,RP,56.66666666666664,0,63,42,25,22,7,13,46,5,3,1,0,0,3.494,0.971,2,2,0.035,-0.859,-1.882,-0.415,0.127,0.604,-2.425,2.832,6.875308186864415,
177,Brock Burke,ANA,LEFT,RP,61.66666666666667,1,69,58,24,23,8,18,52,7,1,0,0,0,3.357,1.232,4,2,0.065,-0.334,-1.75,-0.506,0.204,-0.074,-2.461,2.796,6.787910201438172,
178,Tanner Scott,LAN,LEFT,RP,57.0,0,61,54,33,30,11,18,60,1,4,23,0,0,4.737,1.263,1,1,0.018,-1.909,-1.574,1.59,-0.425,-0.148,-2.465,2.792,6.77819931416859,
179,Riley O'Brien,SLN,RIGHT,RP,48.0,0,42,33,13,11,2,22,45,3,1,6,0,0,2.062,1.146,2,1,0.042,-1.384,-1.904,0.041,0.643,0.131,-2.473,2.784,6.758777539629424,
180,Seranthony Dominguez,BAL| TOR,RIGHT,RP,62.66666666666667,0,67,44,30,22,5,36,79,4,4,2,0,0,3.160,1.277,19,4,0.303,-1.121,-1.157,-0.324,0.304,-0.2,-2.499,2.7579999999999996,6.695656772377138,
181,Brendon Little,TOR,LEFT,RP,68.33333333333334,0,79,48,28,23,2,45,91,4,2,1,0,0,3.029,1.361,2,4,0.029,-1.121,-0.893,-0.415,0.401,-0.48,-2.509,2.7479999999999998,6.671379554203182,
182,Braxton Ashcraft,PIT,RIGHT,SP| RP,69.66666666666666,8,26,63,22,21,3,24,71,4,4,0,0,0,2.713,1.249,5,3,0.072,-1.121,-1.333,-0.506,0.58,-0.135,-2.515,2.7419999999999995,6.6568132232988075,
183,Keegan Akin,BAL,LEFT,SP| RP,63.33333333333333,3,64,54,28,24,10,33,59,5,4,8,0,0,3.410,1.374,2,1,0.032,-0.859,-1.596,0.223,0.183,-0.481,-2.531,2.7259999999999995,6.617969674220477,
184,Anthony Bender,MIA,RIGHT,RP,50.0,0,51,32,13,12,3,21,42,3,5,4,0,0,2.160,1.060,11,1,0.22,-1.384,-1.97,-0.142,0.632,0.331,-2.533,2.7239999999999998,6.613114230585687,
185,Brant Hurter,DET,LEFT,SP| RP,62.999999999999986,4,43,57,26,17,4,27,68,4,3,2,0,0,2.429,1.333,9,3,0.143,-1.121,-1.399,-0.324,0.664,-0.363,-2.543,2.7139999999999995,6.58883701241173,
186,Carmen Mlodzinski,PIT,RIGHT,SP| RP,99.00000000000001,12,34,102,42,39,8,27,89,5,8,0,0,0,3.546,1.303,2,2,0.02,-0.859,-0.937,-0.506,0.182,-0.435,-2.556,2.7009999999999996,6.557276628785587,
187,Tomoyuki Sugano,BAL,RIGHT,SP,157.00000000000003,30,30,173,85,81,33,36,106,10,10,0,0,0,4.643,1.331,8,4,0.051,0.453,-0.564,-0.506,-1.056,-0.891,-2.564,2.6929999999999996,6.537854854246422,
188,Yariel Rodriguez,TOR,RIGHT,RP,73.00000000000003,1,66,50,26,25,8,34,66,3,2,2,0,0,3.082,1.151,6,0,0.082,-1.384,-1.442,-0.324,0.398,0.183,-2.57,2.687,6.523288523342049,
189,Jimmy Herget,COL,RIGHT,RP,83.33333333333334,0,59,72,24,23,6,26,81,1,2,0,0,0,2.484,1.176,6,3,0.072,-1.909,-1.113,-0.506,0.843,0.113,-2.572,2.6849999999999996,6.518433079707257,
190,Spencer Strider,ATL,RIGHT,SP,125.33333333333333,23,23,124,63,62,20,51,131,7,14,0,0,0,4.452,1.396,15,6,0.12,-0.334,-0.015,-0.506,-0.656,-1.08,-2.592,2.6649999999999996,6.469878643359344,
191,Reid Detmers,ANA,LEFT,RP,63.666666666666664,0,61,58,29,28,6,25,80,5,3,3,0,0,3.958,1.304,4,2,0.063,-0.859,-1.135,-0.233,-0.088,-0.282,-2.597,2.6599999999999997,6.4577400342723665,
192,Jose Ferrer,WAS,LEFT,RP,76.33333333333333,0,72,81,41,38,5,16,71,4,4,11,0,0,4.480,1.271,3,1,0.039,-1.121,-1.333,0.496,-0.416,-0.224,-2.598,2.659,6.455312312454971,
193,Ryan Helsley,NYN| SLN,RIGHT,RP,56.0,0,58,61,32,28,8,25,63,3,4,21,0,0,4.500,1.536,6,2,0.107,-1.384,-1.508,1.408,-0.314,-0.836,-2.635,2.622,6.365486605211333,
194,Anthony Banda,LAN,LEFT,RP,64.99999999999999,1,71,45,23,23,8,34,61,5,1,0,0,0,3.185,1.215,9,2,0.138,-0.859,-1.552,-0.506,0.302,-0.028,-2.643,2.614,6.346064830672168,
195,Justin Verlander,SFN,RIGHT,SP,152.0,29,29,155,74,65,16,52,137,4,11,0,0,0,3.849,1.362,13,7,0.086,-1.121,0.117,-0.506,-0.08,-1.073,-2.664,2.5929999999999995,6.295082672506859,
196,Michael Lorenzen,KCA,RIGHT,SP,141.66666666666663,26,27,149,76,73,25,39,127,7,11,0,0,0,4.638,1.327,8,2,0.056,-0.334,-0.103,-0.506,-0.946,-0.777,-2.666,2.5909999999999997,6.290227228872069,
197,JP Sears,ATH| SDN,LEFT,SP,135.66666666666666,27,27,143,79,76,30,36,117,9,11,0,0,0,5.042,1.319,4,4,0.029,0.19,-0.322,-0.506,-1.334,-0.697,-2.669,2.5879999999999996,6.282944063419881,
198,Victor Vodnik,COL,RIGHT,RP,50.666666666666664,0,52,45,19,17,4,26,49,4,3,10,0,0,3.020,1.401,0,2,0.0,-1.121,-1.816,0.405,0.301,-0.448,-2.68,2.5769999999999995,6.256239123428529,
199,Wandy Peralta,SDN,LEFT,RP,71.6666666666667,1,71,66,29,25,5,30,63,6,1,0,0,0,3.139,1.339,6,1,0.084,-0.597,-1.508,-0.506,0.358,-0.434,-2.687,2.57,6.239245070706761,
200,Grant Holmes,ATL,RIGHT,SP,115.0,21,22,100,52,51,16,54,123,4,9,0,0,0,3.991,1.339,2,1,0.017,-1.121,-0.19,-0.506,-0.189,-0.694,-2.7,2.5569999999999995,6.207684687080617,
201,Corbin Burnes,ARI,RIGHT,SP,64.33333333333333,11,11,49,23,19,7,26,63,3,2,0,0,0,2.658,1.166,2,1,0.031,-1.384,-1.508,-0.506,0.563,0.117,-2.718,2.5389999999999997,6.163985694367495,
202,Tyler Phillips,MIA,RIGHT,RP,77.66666666666667,1,54,65,26,24,8,24,52,2,1,4,0,0,2.781,1.146,1,0,0.013,-1.646,-1.75,-0.142,0.606,0.211,-2.721,2.5359999999999996,6.156702528915308,
203,Sean Newcomb,ATH| BOS,LEFT,SP| RP,92.33333333333334,5,48,94,36,28,5,31,91,2,5,2,0,0,2.729,1.354,7,3,0.076,-1.646,-0.893,-0.324,0.757,-0.618,-2.725,2.5319999999999996,6.146991641645726,
204,Logan Allen,CLE,LEFT,SP,156.66666666666666,29,30,157,84,74,18,62,122,8,11,0,0,0,4.251,1.398,8,10,0.051,-0.072,-0.212,-0.506,-0.574,-1.362,-2.727,2.53,6.1421361980109355,
205,Patrick Corbin,TEX,LEFT,SP,155.33333333333331,30,31,161,79,76,21,51,131,7,11,0,0,0,4.403,1.365,26,4,0.167,-0.334,-0.015,-0.506,-0.754,-1.117,-2.727,2.53,6.1421361980109355,
206,Kyle Hendricks,ANA,RIGHT,SP,164.66666666666669,31,31,167,92,87,25,43,114,8,10,0,0,0,4.755,1.275,24,2,0.146,-0.072,-0.388,-0.506,-1.251,-0.517,-2.734,2.5229999999999997,6.125142145289166,
207,Ben Casparius,LAN,RIGHT,SP| RP,77.66666666666664,3,46,78,41,40,8,21,71,7,5,2,0,0,4.635,1.275,8,3,0.103,-0.334,-1.333,-0.324,-0.517,-0.242,-2.75,2.5069999999999997,6.086298596210836,
208,Hunter Gaddis,CLE,RIGHT,RP,66.66666666666666,0,73,58,24,23,8,21,73,2,2,3,0,0,3.105,1.185,6,1,0.09,-1.646,-1.289,-0.233,0.351,0.063,-2.753,2.5039999999999996,6.079015430758648,
209,Jacob Misiorowski,MIL,RIGHT,SP,66.0,14,15,51,34,32,8,31,87,5,3,0,0,0,4.364,1.242,1,1,0.015,-0.859,-0.981,-0.506,-0.3,-0.109,-2.755,2.502,6.074159987123857,
210,Justin Wrobleski,LAN,LEFT,RP,66.66666666666666,2,24,65,34,32,6,17,76,5,5,2,0,0,4.320,1.230,6,1,0.09,-0.859,-1.223,-0.324,-0.28,-0.072,-2.759,2.4979999999999998,6.064449099854275,
211,Reese Olson,DET,RIGHT,SP,68.66666666666667,13,13,58,24,24,5,25,65,4,4,0,0,0,3.146,1.209,4,2,0.058,-1.121,-1.464,-0.506,0.34,-0.009,-2.761,2.4959999999999996,6.059593656219484,
212,Drew Pomeranz,CHN,LEFT,SP| RP,49.66666666666666,4,57,38,14,12,5,15,57,2,2,1,0,0,2.175,1.067,5,1,0.101,-1.646,-1.64,-0.415,0.622,0.312,-2.767,2.4899999999999998,6.04502732531511,
213,Jacob Latz,TEX,LEFT,SP| RP,85.66666666666669,8,33,69,28,27,7,37,76,2,0,1,0,0,2.837,1.237,9,3,0.105,-1.646,-1.223,-0.415,0.631,-0.122,-2.775,2.4819999999999998,6.025605550775945,
214,Griffin Canning,NYN,RIGHT,SP,76.33333333333333,16,16,70,35,32,8,35,70,7,3,0,0,0,3.773,1.375,3,1,0.039,-0.334,-1.355,-0.506,0.005,-0.586,-2.777,2.4799999999999995,6.020750107141153,
215,Jalen Beeks,ARI,LEFT,RP,57.333333333333336,2,61,42,26,24,6,20,47,5,3,1,0,0,3.767,1.081,5,1,0.087,-0.859,-1.86,-0.415,0.006,0.324,-2.805,2.4519999999999995,5.952773896254076,
216,Huascar Brazoban,NYN,RIGHT,SP| RP,63.0,3,52,51,29,25,6,27,57,5,2,2,0,0,3.571,1.238,3,2,0.048,-0.859,-1.64,-0.324,0.103,-0.092,-2.812,2.445,5.935779843532307,
217,Graham Ashcraft,CIN,RIGHT,RP,65.33333333333333,0,62,68,37,29,2,25,64,8,5,0,0,0,3.995,1.423,4,1,0.061,-0.072,-1.486,-0.506,-0.109,-0.644,-2.817,2.4399999999999995,5.923641234445328,
218,Landen Roupp,SFN,RIGHT,SP,106.66666666666667,22,22,113,55,45,11,45,102,7,7,0,0,0,3.797,1.481,6,2,0.056,-0.334,-0.652,-0.506,-0.013,-1.33,-2.836,2.421,5.877514519914812,
219,Matt Festa,CLE,RIGHT,RP,54.66666666666666,0,63,44,29,25,4,15,56,5,4,0,0,0,4.116,1.079,8,3,0.146,-0.859,-1.662,-0.506,-0.143,0.314,-2.857,2.3999999999999995,5.826532361749503,
220,Tylor Megill,NYN,RIGHT,SP,68.33333333333333,14,14,60,37,30,6,33,89,5,5,0,0,0,3.951,1.361,3,1,0.044,-0.859,-0.937,-0.506,-0.091,-0.48,-2.873,2.3839999999999995,5.787688812671173,
221,Michael McGreevy,SLN,RIGHT,SP,95.66666666666667,16,17,100,50,47,12,20,58,8,4,0,0,0,4.422,1.254,0,2,0.0,-0.072,-1.618,-0.506,-0.478,-0.21,-2.884,2.3729999999999998,5.760983872679822,
222,Michael Soroka,CHN| WAS,RIGHT,SP| RP,89.66666666666669,17,22,72,49,45,12,29,95,3,8,0,0,0,4.517,1.126,8,4,0.089,-1.384,-0.805,-0.506,-0.514,0.323,-2.887,2.3699999999999997,5.753700707227635,
223,Fernando Cruz,NYA,RIGHT,RP,48.00000000000001,0,49,33,21,19,5,24,72,3,4,2,0,0,3.562,1.188,2,0,0.042,-1.384,-1.311,-0.324,0.082,0.04,-2.897,2.36,5.729423489053679,
224,Caleb Ferguson,PIT| SEA,LEFT,RP,65.33333333333331,0,70,54,27,26,2,22,51,5,4,0,0,0,3.582,1.163,10,1,0.153,-0.859,-1.772,-0.506,0.102,0.126,-2.909,2.348,5.700290827244931,
225,Jakob Junis,CLE,RIGHT,RP,66.66666666666666,0,57,64,24,22,5,18,55,4,1,0,0,0,2.970,1.230,5,3,0.075,-1.121,-1.684,-0.506,0.422,-0.072,-2.963,2.2939999999999996,5.569193849105567,
226,Ian Seymour,TBA,LEFT,SP| RP,57.0,5,19,48,33,23,5,19,64,4,3,0,0,0,3.632,1.175,3,0,0.053,-1.121,-1.486,-0.506,0.066,0.079,-2.969,2.288,5.554627518201194,
227,Brad Lord,WAS,RIGHT,SP| RP,130.66666666666666,19,48,126,65,63,17,43,108,5,10,0,0,0,4.339,1.293,3,5,0.023,-0.859,-0.52,-0.506,-0.569,-0.517,-2.971,2.2859999999999996,5.549772074566402,
228,Cole Ragans,KCA,LEFT,SP,61.66666666666667,13,13,53,33,32,7,20,98,3,3,0,0,0,4.670,1.184,3,1,0.049,-1.384,-0.74,-0.506,-0.428,0.062,-2.995,2.2619999999999996,5.491506750948907,
229,Daniel Lynch,KCA,LEFT,RP,67.66666666666667,2,57,66,24,23,8,26,45,6,2,1,0,0,3.059,1.360,0,3,0.0,-0.597,-1.904,-0.415,0.381,-0.471,-3.006,2.251,5.464801810957556,
230,AJ Blubaugh,HOU,RIGHT,SP| RP,32.0,3,11,17,11,6,6,11,35,3,1,0,0,0,1.688,0.875,2,0,0.062,-1.384,-2.123,-0.506,0.522,0.48,-3.012,2.2449999999999997,5.450235480053181,
231,Tim Hill,NYA,LEFT,RP,67.0,0,70,58,27,23,8,16,37,4,4,0,0,0,3.090,1.105,0,0,0.0,-1.121,-2.079,-0.506,0.361,0.308,-3.038,2.219,5.387114712800895,
232,Cade Gibson,MIA,LEFT,RP,54.66666666666666,1,44,44,18,16,3,21,43,4,5,0,0,0,2.634,1.189,2,1,0.037,-1.121,-1.948,-0.506,0.489,0.042,-3.045,2.2119999999999997,5.370120660079126,
233,Mason Fluharty,TOR,LEFT,RP,52.66666666666665,0,55,36,28,26,6,24,56,5,2,1,0,0,4.443,1.139,0,2,0.0,-0.859,-1.662,-0.415,-0.272,0.159,-3.049,2.2079999999999997,5.360409772809543,
234,Pierce Johnson,ATL,RIGHT,RP,58.99999999999999,0,65,52,21,20,8,19,59,3,3,1,0,0,3.051,1.203,8,2,0.136,-1.384,-1.596,-0.415,0.336,0.007,-3.053,2.2039999999999997,5.350698885539961,
235,Connor Phillips,CIN,RIGHT,RP,24.999999999999996,0,21,11,9,8,3,12,32,5,0,0,0,0,2.880,0.920,2,1,0.08,-0.859,-2.189,-0.506,0.176,0.324,-3.055,2.2019999999999995,5.345843441905169,
236,Bailey Falter,KCA| PIT,LEFT,SP,125.33333333333333,24,26,115,68,62,19,46,81,7,7,0,0,0,4.452,1.285,12,4,0.096,-0.334,-1.113,-0.506,-0.656,-0.446,-3.056,2.2009999999999996,5.343415720087774,
237,Randy Vasquez,SDN,RIGHT,SP,133.66666666666666,26,28,125,59,57,16,52,78,6,7,0,0,0,3.838,1.324,10,3,0.075,-0.597,-1.179,-0.506,-0.059,-0.716,-3.057,2.1999999999999997,5.3409879982703785,
238,Scott Barlow,CIN,RIGHT,RP,68.3333333333333,1,75,50,35,32,8,45,75,6,3,1,0,0,4.215,1.390,13,1,0.19,-0.597,-1.245,-0.415,-0.231,-0.57,-3.058,2.199,5.3385602764529825,
239,Cole Sands,MIN,RIGHT,SP| RP,72.0,3,69,65,41,36,7,19,64,4,6,3,0,0,4.500,1.167,7,1,0.097,-1.121,-1.486,-0.233,-0.404,0.128,-3.116,2.1409999999999996,5.197752411044036,
240,Taylor Clarke,KCA,RIGHT,RP,55.33333333333334,0,51,38,20,20,8,9,44,1,1,1,0,0,3.253,0.849,3,1,0.054,-1.909,-1.926,-0.415,0.228,0.894,-3.128,2.1289999999999996,5.1686197492352886,
241,Isaac Mattson,PIT,RIGHT,RP,47.666666666666664,0,44,35,14,13,4,19,45,3,3,0,0,0,2.454,1.133,0,0,0.0,-1.384,-1.904,-0.506,0.493,0.158,-3.143,2.114,5.132203921974354,
242,Mike Burrows,PIT,RIGHT,SP| RP,95.99999999999999,19,23,88,43,42,13,31,97,2,4,0,0,0,3.938,1.240,8,2,0.083,-1.646,-0.762,-0.506,-0.117,-0.146,-3.177,2.0799999999999996,5.0496613801829024,
243,Enyel De Los Santos,ATL| HOU,RIGHT,RP,65.99999999999999,0,65,61,35,32,7,24,62,6,3,0,0,0,4.364,1.288,5,1,0.076,-0.597,-1.53,-0.506,-0.3,-0.245,-3.178,2.0789999999999997,5.047233658365507,
244,Luis Morales,ATH,RIGHT,SP,48.666666666666664,9,10,38,18,17,8,18,43,4,3,0,0,0,3.144,1.151,4,0,0.082,-1.121,-1.948,-0.506,0.242,0.122,-3.212,2.0449999999999995,4.9646911165740555,
245,Troy Melton,DET,RIGHT,SP| RP,45.666666666666664,4,16,31,15,14,7,15,36,3,2,0,0,0,2.759,1.007,4,4,0.088,-1.384,-2.101,-0.506,0.364,0.411,-3.217,2.0399999999999996,4.952552507487078,
246,Shohei Ohtani,LAN,RIGHT,SP,46.99999999999999,14,14,40,15,15,3,9,62,1,1,0,0,0,2.872,1.043,1,0,0.021,-1.909,-1.53,-0.506,0.333,0.348,-3.264,1.9929999999999999,4.838449582069484,
247,Matt Brash,SEA,RIGHT,RP,47.33333333333333,0,53,41,15,13,4,18,58,1,3,4,0,0,2.472,1.246,4,0,0.085,-1.909,-1.618,-0.142,0.483,-0.087,-3.272,1.9849999999999999,4.819027807530319,
248,John Schreiber,KCA,RIGHT,RP,64.00000000000001,0,74,57,29,27,10,19,62,3,3,1,0,0,3.797,1.188,0,0,0.0,-1.384,-1.53,-0.415,-0.008,0.054,-3.284,1.9729999999999999,4.789895145721571,
249,Taj Bradley,MIN| TBA,RIGHT,SP,142.66666666666666,27,27,131,88,80,19,56,127,6,8,0,0,0,5.047,1.311,7,2,0.049,-0.597,-0.103,-0.506,-1.408,-0.677,-3.291,1.9659999999999997,4.772901092999802,
250,Shane Bieber,TOR,RIGHT,SP,40.333333333333336,7,7,34,16,16,8,7,37,4,2,0,0,0,3.570,1.016,0,0,0.0,-1.121,-2.079,-0.506,0.066,0.346,-3.295,1.9619999999999997,4.763190205730219,
251,Grant Anderson,MIL,RIGHT,RP,69.66666666666666,0,66,59,35,25,8,29,74,2,6,0,0,0,3.230,1.263,6,2,0.086,-1.646,-1.267,-0.506,0.299,-0.18,-3.3,1.9569999999999999,4.751051596643241,
252,Jose Alvarado,PHI,LEFT,RP,26.0,0,28,27,12,11,4,7,32,4,2,7,0,0,3.808,1.308,1,1,0.038,-1.121,-2.189,0.132,-0.005,-0.12,-3.304,1.9529999999999998,4.741340709373659,
253,Brandon Walter,HOU,LEFT,SP,53.66666666666667,9,9,46,20,20,10,4,52,1,3,0,0,0,3.354,0.932,3,1,0.056,-1.909,-1.75,-0.506,0.179,0.667,-3.32,1.9369999999999998,4.702497160295328,
254,Ryan Zeferjahn,ANA,RIGHT,RP,57.00000000000001,1,62,49,31,30,12,35,73,6,5,2,0,0,4.737,1.474,7,0,0.123,-0.597,-1.289,-0.324,-0.425,-0.691,-3.326,1.9309999999999996,4.687930829390955,
255,Chris Flexen,CHN,RIGHT,RP,43.66666666666667,1,21,38,18,15,7,12,22,5,1,1,0,0,3.092,1.145,0,2,0.0,-0.859,-2.409,-0.415,0.235,0.121,-3.328,1.9289999999999998,4.6830753857561636,
256,Danny Coulombe,MIN| TEX,LEFT,RP,42.99999999999999,1,55,32,11,11,3,18,43,2,1,2,0,0,2.302,1.163,7,2,0.163,-1.646,-1.948,-0.324,0.496,0.084,-3.338,1.9189999999999996,4.658798167582207,
257,Brennan Bernardino,BOS,LEFT,SP| RP,51.666666666666664,3,55,39,23,18,1,26,43,4,3,1,0,0,3.135,1.258,4,1,0.077,-1.121,-1.948,-0.415,0.26,-0.122,-3.346,1.9109999999999996,4.639376393043042,
258,Miles Mikolas,SLN,RIGHT,SP,156.33333333333337,31,31,169,87,84,29,37,100,8,11,0,0,0,4.836,1.318,12,4,0.077,-0.072,-0.696,-0.506,-1.286,-0.791,-3.351,1.9059999999999997,4.627237783956064,
259,Hogan Harris,ATH,LEFT,RP,64.66666666666666,0,48,54,26,23,5,33,65,2,1,4,0,0,3.201,1.345,8,1,0.124,-1.646,-1.464,-0.142,0.292,-0.408,-3.368,1.8889999999999998,4.585966513060338,
260,Bubba Chandler,PIT,RIGHT,SP| RP,31.333333333333332,4,7,25,14,14,2,4,31,4,1,1,0,0,4.021,0.925,3,0,0.096,-1.121,-2.211,-0.415,-0.059,0.398,-3.409,1.8479999999999999,4.486429918547118,
261,Logan Henderson,MIL,RIGHT,SP,25.333333333333332,5,5,17,5,5,3,8,33,3,0,0,0,0,1.776,0.987,1,0,0.039,-1.384,-2.167,-0.506,0.396,0.252,-3.41,1.8469999999999995,4.484002196729722,
262,Reed Garrett,NYN,RIGHT,RP,55.33333333333333,1,58,47,27,24,5,26,64,3,6,3,0,0,3.904,1.319,3,0,0.054,-1.384,-1.486,-0.233,-0.053,-0.284,-3.44,1.8169999999999997,4.411170542207853,
263,Brooks Raley,NYN,LEFT,RP,25.666666666666668,0,30,14,7,7,0,6,25,3,1,0,0,0,2.454,0.779,0,0,0.0,-1.384,-2.343,-0.506,0.265,0.496,-3.472,1.7849999999999997,4.333483444051193,
264,Bailey Ober,MIN,RIGHT,SP,146.33333333333334,27,27,159,84,83,30,31,120,6,9,0,0,0,5.105,1.298,4,4,0.027,-0.597,-0.256,-0.506,-1.51,-0.613,-3.482,1.7749999999999995,4.309206225877237,
265,Luis Ortiz,CLE,RIGHT,SP,88.66666666666667,16,16,80,44,43,12,42,96,4,9,0,0,0,4.365,1.376,11,1,0.124,-1.121,-0.783,-0.506,-0.404,-0.683,-3.498,1.7589999999999995,4.270362676798906,
266,Tyler Gilbert,CHA,LEFT,SP| RP,51.00000000000001,5,46,40,24,22,5,24,49,4,2,1,0,0,3.882,1.255,8,2,0.157,-1.121,-1.816,-0.415,-0.04,-0.113,-3.506,1.751,4.250940902259742,
267,Sean Burke,CHA,RIGHT,SP| RP,134.33333333333334,22,28,131,76,63,23,63,133,4,11,0,0,0,4.221,1.444,16,5,0.119,-1.121,0.029,-0.506,-0.461,-1.449,-3.509,1.7479999999999998,4.243657736807555,
268,Andrew Saalfrank,ARI,LEFT,RP,28.999999999999996,0,28,19,5,4,1,10,19,2,1,3,0,0,1.241,1.000,5,0,0.172,-1.646,-2.475,-0.233,0.574,0.271,-3.509,1.7479999999999998,4.243657736807555,
269,Spencer Bivens,SFN,RIGHT,RP,81.00000000000003,0,54,83,42,36,6,25,61,4,3,3,0,0,4.000,1.333,4,3,0.049,-1.121,-1.552,-0.233,-0.138,-0.467,-3.512,1.7449999999999997,4.236374571355368,
270,Chase Shugart,PIT,RIGHT,RP,45.0,0,35,33,18,17,6,17,31,4,3,0,0,0,3.400,1.111,2,0,0.044,-1.121,-2.211,-0.506,0.134,0.193,-3.512,1.7449999999999997,4.236374571355368,
271,Kolby Allard,CLE,LEFT,RP,65.0,2,33,64,22,19,5,14,42,2,2,0,0,0,2.631,1.200,5,2,0.077,-1.646,-1.97,-0.506,0.583,0.018,-3.522,1.7349999999999999,4.212097353181412,
272,Dustin May,BOS| LAN,RIGHT,SP,132.33333333333334,23,25,132,78,73,21,56,123,7,11,0,0,0,4.965,1.421,18,6,0.136,-0.334,-0.19,-0.506,-1.221,-1.287,-3.539,1.7179999999999995,4.170826082285686,
273,Ryan Bergert,KCA| SDN,RIGHT,SP| RP,76.33333333333333,15,19,61,32,31,8,35,73,2,2,0,0,0,3.655,1.258,2,0,0.026,-1.646,-1.289,-0.506,0.075,-0.179,-3.545,1.7119999999999997,4.156259751381312,
274,Justin Wilson,BOS,LEFT,RP,48.33333333333335,0,61,48,22,18,3,20,57,4,1,0,0,0,3.352,1.407,6,3,0.124,-1.121,-1.64,-0.506,0.162,-0.44,-3.546,1.7109999999999999,4.153832029563917,
275,Jose Butto,NYN| SFN,RIGHT,RP,67.00000000000001,0,55,62,31,29,4,32,58,5,3,1,0,0,3.896,1.403,5,2,0.075,-0.859,-1.618,-0.415,-0.06,-0.598,-3.55,1.7069999999999999,4.144121142294335,
276,Yu Darvish,SDN,RIGHT,SP,72.0,15,15,66,44,43,14,19,68,5,5,0,0,0,5.375,1.181,10,3,0.139,-0.859,-1.399,-0.506,-0.895,0.083,-3.576,1.6809999999999996,4.081000375042048,
277,Cole Winn,TEX,RIGHT,RP,41.666666666666664,0,33,23,8,7,3,17,35,0,1,0,0,0,1.512,0.960,1,1,0.024,-2.171,-2.123,-0.506,0.737,0.464,-3.599,1.6579999999999995,4.025162773241948,
278,Carlos Vargas,SEA,RIGHT,RP,76.99999999999999,0,70,81,39,34,10,23,54,5,5,1,0,0,3.974,1.351,6,2,0.078,-0.859,-1.706,-0.415,-0.116,-0.505,-3.601,1.6559999999999997,4.020307329607157,
279,Griffin Jax,MIN| TBA,RIGHT,RP,65.99999999999999,2,73,64,33,31,7,21,99,1,7,0,0,0,4.227,1.288,6,0,0.091,-1.909,-0.718,-0.506,-0.23,-0.245,-3.607,1.6499999999999995,4.005740998702783,
280,Tommy Nance,TOR,RIGHT,RP,31.666666666666668,0,30,25,11,7,0,7,32,2,0,0,0,0,1.990,1.010,6,0,0.189,-1.646,-2.189,-0.506,0.442,0.28,-3.619,1.6379999999999995,3.9766083368940355,
281,Aaron Civale,CHA| CHN| MIL,RIGHT,SP| RP,102.0,18,23,96,59,55,16,33,88,4,9,1,0,0,4.853,1.265,1,2,0.01,-1.121,-0.959,-0.415,-0.853,-0.271,-3.62,1.6369999999999996,3.97418061507664,
282,Chase Lee,DET,RIGHT,RP,37.333333333333336,0,32,32,17,17,7,9,36,4,1,0,0,0,4.098,1.098,2,0,0.054,-1.121,-2.101,-0.506,-0.092,0.182,-3.639,1.6179999999999999,3.9280539005461237,
283,Chris Martin,TEX,RIGHT,RP,42.333333333333336,0,49,43,18,14,6,8,43,2,6,2,0,0,2.976,1.205,9,1,0.213,-1.646,-1.948,-0.324,0.266,0.002,-3.65,1.6069999999999998,3.9013489605547718,
284,Michael Kelly,ATH,RIGHT,RP,39.666666666666664,0,42,32,17,14,5,19,29,4,4,2,0,0,3.176,1.286,3,1,0.076,-1.121,-2.255,-0.324,0.187,-0.143,-3.657,1.5999999999999996,3.8843549078330017,
285,Angel Zerpa,KCA,LEFT,RP,64.66666666666667,2,69,67,30,30,7,22,58,5,2,0,0,0,4.175,1.376,3,0,0.046,-0.859,-1.618,-0.506,-0.199,-0.499,-3.681,1.5759999999999996,3.8260895842155067,
286,Juan Mejia,COL,RIGHT,RP,61.33333333333333,0,55,52,34,27,6,25,68,2,2,1,0,0,3.962,1.255,2,1,0.033,-1.646,-1.399,-0.415,-0.087,-0.137,-3.684,1.5729999999999995,3.8188064187633195,
287,Taijuan Walker,PHI,RIGHT,SP| RP,123.66666666666667,21,34,132,62,56,21,42,86,5,8,1,0,0,4.075,1.407,13,3,0.105,-0.859,-1.003,-0.415,-0.284,-1.126,-3.688,1.5689999999999995,3.809095531493737,
288,Kyle Bradish,BAL,RIGHT,SP,32.0,6,6,23,9,9,3,10,47,1,1,0,0,0,2.531,1.031,0,1,0.0,-1.909,-1.86,-0.506,0.312,0.253,-3.71,1.5469999999999997,3.7556856515110337,
289,Logan Evans,SEA,RIGHT,SP,81.33333333333333,15,16,82,45,39,13,31,59,6,5,0,0,0,4.316,1.389,4,2,0.049,-0.597,-1.596,-0.506,-0.339,-0.676,-3.714,1.5429999999999997,3.7459747642414514,
290,Brock Stewart,LAN| MIN,RIGHT,RP,37.66666666666666,0,43,32,11,11,3,13,44,2,2,0,0,0,2.628,1.195,8,1,0.212,-1.646,-1.926,-0.506,0.339,0.019,-3.721,1.5359999999999996,3.728980711519682,
291,Max Scherzer,TOR,RIGHT,SP,85.0,17,17,87,49,49,19,23,82,5,5,0,0,0,5.188,1.294,7,3,0.082,-0.859,-1.091,-0.506,-0.933,-0.339,-3.729,1.5279999999999996,3.7095589369805166,
292,Hoby Milner,TEX,LEFT,RP,70.33333333333333,0,73,68,35,30,5,21,58,3,4,0,0,0,3.839,1.265,0,1,0.0,-1.384,-1.618,-0.506,-0.032,-0.189,-3.73,1.5269999999999997,3.7071312151631215,
293,Mark Leiter,NYA,RIGHT,RP,48.33333333333333,0,59,57,31,26,5,17,54,6,7,2,0,0,4.841,1.531,7,1,0.145,-0.597,-1.706,-0.324,-0.4,-0.712,-3.738,1.5189999999999997,3.6877094406239563,
294,John Curtiss,ARI,RIGHT,RP,36.66666666666666,0,30,29,18,16,5,5,24,3,2,1,0,0,3.927,0.927,0,0,0.0,-1.384,-2.365,-0.415,-0.042,0.463,-3.743,1.5139999999999998,3.6755708315369784,
295,Jack Perkins,ATH,RIGHT,SP| RP,38.66666666666667,4,12,27,18,18,4,18,37,3,2,3,0,0,4.190,1.164,2,0,0.052,-1.384,-2.079,-0.233,-0.123,0.074,-3.746,1.5109999999999997,3.668287666084791,
296,Ryan Yarbrough,NYA,LEFT,SP| RP,64.0,8,19,58,31,31,13,19,55,3,1,1,0,0,4.359,1.203,7,3,0.109,-1.384,-1.684,-0.415,-0.289,0.008,-3.764,1.4929999999999999,3.6245886733716706,
297,Bryce Elder,ATL,RIGHT,SP,156.33333333333337,28,28,167,95,92,24,51,131,8,11,0,0,0,5.296,1.395,17,3,0.109,-0.072,-0.015,-0.506,-1.847,-1.335,-3.775,1.4819999999999998,3.597883733380318,
298,Aaron Bummer,ATL,LEFT,RP,54.333333333333336,2,42,51,27,23,3,17,51,3,2,0,0,0,3.810,1.252,11,1,0.202,-1.384,-1.772,-0.506,-0.012,-0.112,-3.787,1.4699999999999998,3.5687510715715707,
299,Ronel Blanco,HOU,RIGHT,SP,48.333333333333336,9,9,37,22,22,7,20,48,3,4,0,0,0,4.097,1.179,5,1,0.103,-1.384,-1.838,-0.506,-0.119,0.058,-3.789,1.4679999999999995,3.563895627936779,
300,Kirby Yates,LAN,RIGHT,RP,41.33333333333333,0,50,38,26,24,9,17,52,4,3,3,0,0,5.226,1.331,8,1,0.194,-1.121,-1.75,-0.233,-0.466,-0.233,-3.803,1.4539999999999997,3.529907522493241,
301,Nic Enright,CLE,RIGHT,RP,31.000000000000004,0,27,24,8,7,3,12,30,2,1,1,0,0,2.032,1.161,3,0,0.097,-1.646,-2.233,-0.415,0.423,0.063,-3.809,1.4479999999999995,3.5153411915888664,
302,Parker Messick,CLE,LEFT,SP,39.66666666666667,7,7,46,12,12,4,6,38,3,1,0,0,0,2.723,1.311,0,0,0.0,-1.384,-2.058,-0.506,0.327,-0.189,-3.809,1.4479999999999995,3.5153411915888664,
303,Walker Buehler,BOS| PHI,RIGHT,SP,126.0,24,26,130,73,69,22,61,92,10,7,0,0,0,4.929,1.516,19,2,0.151,0.453,-0.871,-0.506,-1.127,-1.769,-3.821,1.4359999999999995,3.486208529780119,
304,Steven Wilson,CHA,RIGHT,RP,55.33333333333333,0,59,50,21,21,7,22,51,2,2,2,0,0,3.416,1.301,8,0,0.145,-1.646,-1.772,-0.324,0.158,-0.239,-3.823,1.4339999999999997,3.481353086145328,
305,David Morgan,SDN,RIGHT,RP,47.333333333333336,2,41,35,14,14,4,23,50,1,2,0,0,0,2.662,1.225,4,2,0.085,-1.909,-1.794,-0.506,0.413,-0.041,-3.838,1.4189999999999996,3.4449372588843934,
306,Brenan Hanifee,DET,RIGHT,RP,60.00000000000001,0,54,65,31,20,3,14,40,3,3,0,0,0,3.000,1.317,5,1,0.083,-1.384,-2.014,-0.506,0.365,-0.301,-3.839,1.4179999999999997,3.442509537066998,
307,Luke Jackson,DET| SEA| TEX,RIGHT,RP,50.99999999999999,0,52,41,30,23,4,28,38,2,5,9,0,0,4.059,1.353,6,0,0.118,-1.646,-2.058,0.314,-0.11,-0.339,-3.84,1.4169999999999998,3.4400818152496027,
308,Keider Montero,DET,RIGHT,SP| RP,90.66666666666666,12,20,95,46,44,16,31,72,5,3,0,0,0,4.368,1.390,2,2,0.022,-0.859,-1.311,-0.506,-0.415,-0.755,-3.845,1.4119999999999995,3.427943206162624,
309,Erik Miller,SFN,LEFT,RP,30.00000000000001,0,36,24,5,5,0,20,22,4,1,0,0,0,1.500,1.467,1,1,0.033,-1.121,-2.409,-0.506,0.534,-0.354,-3.858,1.3989999999999996,3.3963828225364807,
310,Taylor Rogers,CHN| CIN,LEFT,RP,50.666666666666664,0,57,47,25,19,7,23,53,3,2,0,0,0,3.375,1.382,5,1,0.099,-1.384,-1.728,-0.506,0.16,-0.403,-3.861,1.3959999999999995,3.3890996570842935,
311,Tyler Ferguson,ATH,RIGHT,RP,58.00000000000001,0,56,43,32,30,4,34,54,4,2,2,0,0,4.655,1.328,6,1,0.103,-1.121,-1.706,-0.324,-0.395,-0.319,-3.866,1.3909999999999996,3.3769610479973156,
312,Yuki Matsui,SDN,LEFT,RP,63.333333333333336,0,61,53,29,28,10,33,61,3,1,1,0,0,3.979,1.358,5,1,0.079,-1.384,-1.552,-0.415,-0.098,-0.436,-3.885,1.3719999999999999,3.3308343334668,
313,Steven Cruz,KCA,RIGHT,RP,45.66666666666667,0,47,36,20,19,5,18,38,3,1,0,0,0,3.744,1.183,0,0,0.0,-1.384,-2.058,-0.506,0.013,0.049,-3.886,1.3709999999999996,3.3284066116494033,
314,J. T. Ginn,ATH,RIGHT,SP| RP,90.33333333333333,16,23,92,52,51,17,31,99,4,7,0,0,0,5.081,1.362,10,0,0.111,-1.121,-0.718,-0.506,-0.916,-0.637,-3.898,1.3589999999999995,3.299273949840656,
315,Hunter Dobbins,BOS,RIGHT,SP,61.0,11,13,61,30,28,6,17,45,4,1,0,0,0,4.131,1.279,1,1,0.016,-1.121,-1.904,-0.506,-0.167,-0.201,-3.899,1.3579999999999997,3.29684622802326,
316,Eduardo Rodriguez,ARI,LEFT,SP,154.33333333333331,29,29,178,94,86,25,60,143,9,9,0,0,0,5.015,1.542,8,2,0.052,0.19,0.249,-0.506,-1.485,-2.35,-3.902,1.3549999999999995,3.289563062571073,
317,Chris Murphy,BOS,LEFT,RP,34.66666666666666,0,23,21,12,12,4,20,30,3,0,0,0,0,3.115,1.183,2,0,0.058,-1.384,-2.233,-0.506,0.18,0.037,-3.907,1.3499999999999996,3.277424453484095,
318,Luis Gil,NYA,RIGHT,SP,56.99999999999999,11,11,47,23,21,5,33,41,4,1,0,0,0,3.316,1.403,2,1,0.035,-1.121,-1.992,-0.506,0.207,-0.51,-3.923,1.3339999999999996,3.238580904405765,
319,Max Kranick,NYN,RIGHT,RP,36.99999999999999,0,24,34,15,15,5,5,25,3,2,0,0,0,3.649,1.054,1,1,0.027,-1.384,-2.343,-0.506,0.038,0.255,-3.941,1.3159999999999998,3.1948819116926446,
320,Tommy Kahnle,DET,RIGHT,RP,63.0,0,66,51,32,31,8,31,50,1,5,9,0,0,4.429,1.302,0,0,0.0,-1.909,-1.794,0.314,-0.318,-0.273,-3.979,1.2779999999999996,3.10262848263161,
321,Martin Perez,CHA,LEFT,SP,55.99999999999999,10,11,40,23,22,6,22,44,1,6,0,0,0,3.536,1.107,4,1,0.071,-1.909,-1.926,-0.506,0.107,0.251,-3.983,1.2739999999999996,3.0929175953620276,
322,Grant Taylor,CHA,RIGHT,RP,36.66666666666667,2,36,37,20,20,0,15,54,2,4,6,0,0,4.909,1.418,6,0,0.164,-1.646,-1.706,0.041,-0.323,-0.352,-3.987,1.2699999999999996,3.083206708092445,
323,Javier Assad,CHN,RIGHT,SP,37.0,7,8,33,15,15,3,12,23,4,1,0,0,0,3.649,1.216,4,0,0.108,-1.121,-2.387,-0.506,0.038,-0.017,-3.994,1.2629999999999995,3.066212655370675,
324,Joel Peguero,SFN,RIGHT,RP,22.333333333333332,0,17,15,7,6,2,8,17,3,1,0,0,0,2.418,1.030,2,0,0.09,-1.384,-2.519,-0.506,0.237,0.178,-3.994,1.2629999999999995,3.066212655370675,
325,Brandon Eisert,CHA,LEFT,SP| RP,69.66666666666666,3,72,75,36,34,12,25,74,3,8,2,0,0,4.392,1.435,9,0,0.129,-1.384,-1.267,-0.324,-0.332,-0.724,-4.031,1.226,2.9763869481270384,
326,Kody Funderburk,MIN,LEFT,RP,40.99999999999999,0,39,44,17,16,2,18,40,4,1,1,0,0,3.512,1.512,3,0,0.073,-1.121,-2.014,-0.415,0.086,-0.569,-4.033,1.2239999999999993,2.9715315044922455,
327,Dietrich Enns,BAL| DET,LEFT,SP| RP,46.333333333333336,3,24,50,25,21,6,15,49,3,3,2,0,0,4.079,1.403,5,2,0.108,-1.384,-1.816,-0.324,-0.108,-0.413,-4.045,1.2119999999999997,2.942398842683499,
328,Johan Oviedo,PIT,RIGHT,SP,40.333333333333336,9,9,26,17,16,6,23,42,2,1,0,0,0,3.570,1.215,4,2,0.099,-1.646,-1.97,-0.506,0.066,-0.016,-4.072,1.1849999999999996,2.8768503536138166,
329,Tyler Alexander,CHA| MIL,LEFT,SP| RP,97.66666666666663,5,52,107,62,54,9,30,82,5,14,1,0,0,4.976,1.403,6,2,0.061,-0.859,-1.091,-0.415,-0.91,-0.87,-4.146,1.1109999999999998,2.6971989391265407,
330,Manuel Rodriguez,TBA,RIGHT,RP,30.333333333333332,0,31,26,9,7,2,6,25,1,2,0,0,0,2.077,1.055,6,0,0.198,-1.909,-2.343,-0.506,0.403,0.208,-4.148,1.109,2.69234349549175,
331,Justin Lawrence,PIT,RIGHT,RP,17.666666666666668,0,17,9,1,1,0,8,23,1,0,0,0,0,0.509,0.962,1,2,0.057,-1.909,-2.387,-0.506,0.451,0.195,-4.156,1.101,2.672921720952585,
332,Justin Slaten,BOS,RIGHT,RP,33.99999999999999,0,36,27,19,16,3,10,25,2,4,3,0,0,4.235,1.088,2,0,0.059,-1.646,-2.343,-0.233,-0.12,0.181,-4.161,1.096,2.6607831118656073,
333,Jorge Lopez,WAS,RIGHT,RP,24.666666666666668,0,26,25,18,18,1,7,17,6,0,1,0,0,6.568,1.297,4,0,0.162,-0.597,-2.519,-0.415,-0.536,-0.102,-4.169,1.088,2.641361337326442,
334,Ben Lively,CLE,RIGHT,SP,44.666666666666664,9,9,38,16,16,6,15,29,2,2,0,0,0,3.224,1.187,7,2,0.157,-1.646,-2.255,-0.506,0.194,0.039,-4.175,1.0819999999999999,2.6267950064220678,
335,Jason Alexander,ATH| HOU,RIGHT,SP| RP,77.33333333333334,13,18,80,45,41,15,26,65,4,2,1,0,0,4.772,1.371,6,2,0.078,-1.121,-1.464,-0.415,-0.597,-0.577,-4.175,1.0819999999999999,2.6267950064220678,
336,Ryan Thompson,ARI,RIGHT,RP,41.33333333333333,0,48,42,21,18,4,13,36,3,2,1,0,0,3.919,1.331,10,2,0.242,-1.384,-2.101,-0.415,-0.045,-0.233,-4.179,1.0779999999999994,2.617084119152484,
337,Tyler Wells,BAL,RIGHT,SP,21.666666666666668,4,4,17,7,7,4,2,18,2,1,0,0,0,2.908,0.877,3,0,0.138,-1.646,-2.497,-0.506,0.148,0.323,-4.179,1.0779999999999994,2.617084119152484,
338,Dylan Dodd,ATL,LEFT,RP,35.0,0,28,28,14,14,5,5,30,1,0,0,0,0,3.600,0.943,1,2,0.029,-1.909,-2.233,-0.506,0.049,0.417,-4.182,1.0749999999999993,2.609800953700297,
339,Erik Sabrowski,CLE,LEFT,RP,29.33333333333333,0,33,14,8,6,2,21,42,0,1,0,0,0,1.841,1.193,5,2,0.17,-2.171,-1.97,-0.506,0.444,0.017,-4.186,1.0709999999999997,2.6000900664307154,
340,Colton Gordon,HOU,LEFT,SP| RP,85.99999999999999,14,20,103,54,51,21,19,72,6,4,1,0,0,5.337,1.419,3,0,0.035,-0.597,-1.311,-0.415,-1.044,-0.828,-4.195,1.0619999999999994,2.578240570074154,
341,Chris Paddack,DET| MIN,RIGHT,SP| RP,158.00000000000003,28,33,166,98,94,31,37,112,5,12,1,0,0,5.354,1.285,8,3,0.051,-0.859,-0.432,-0.415,-1.938,-0.564,-4.209,1.048,2.544252464630617,
342,Eric Orze,TBA,RIGHT,RP,41.666666666666664,0,33,38,16,14,4,19,40,1,1,3,0,0,3.024,1.368,7,2,0.168,-1.909,-2.014,-0.233,0.246,-0.306,-4.215,1.0419999999999998,2.529686133726243,
343,Cole Sulser,TBA,RIGHT,RP,22.666666666666668,0,18,20,5,5,1,7,22,2,1,0,0,0,1.985,1.191,3,0,0.132,-1.646,-2.409,-0.506,0.317,0.015,-4.229,1.0279999999999996,2.4956980282827033,
344,Elvis Alvarado,ATH,RIGHT,RP,42.33333333333334,0,37,34,17,15,6,22,50,1,1,0,0,0,3.189,1.323,3,2,0.071,-1.909,-1.794,-0.506,0.195,-0.224,-4.238,1.0189999999999992,2.4738485319261416,
345,Daysbel Hernandez,ATL,RIGHT,RP,37.0,0,39,27,16,14,3,30,33,4,3,0,0,0,3.405,1.540,4,1,0.108,-1.121,-2.167,-0.506,0.108,-0.561,-4.248,1.0089999999999995,2.449571313752186,
346,Luis Garcia,ANA| LAN| WAS,RIGHT,RP,55.33333333333333,0,58,55,23,21,2,26,48,2,2,2,0,0,3.416,1.464,4,1,0.072,-1.646,-1.838,-0.324,0.158,-0.646,-4.297,0.96,2.3306129446998014,
347,Edgardo Henriquez,LAN,RIGHT,RP,19.0,0,22,17,5,5,2,5,18,2,1,1,0,0,2.368,1.158,1,1,0.053,-1.646,-2.497,-0.415,0.209,0.041,-4.308,0.9489999999999998,2.3039080047084495,
348,Sean Manaea,NYN,LEFT,SP| RP,60.66666666666666,12,15,62,38,38,13,12,75,2,4,0,0,0,5.637,1.220,4,2,0.066,-1.646,-1.245,-0.506,-0.878,-0.038,-4.313,0.944,2.2917693956214715,
349,AJ Smith-Shawver,ATL,RIGHT,SP,44.33333333333333,9,9,42,20,19,4,21,42,3,2,0,0,0,3.857,1.421,7,1,0.158,-1.384,-1.97,-0.506,-0.026,-0.432,-4.318,0.9390000000000001,2.2796307865344936,
350,Tim Herrin,CLE,LEFT,RP,42.66666666666666,0,54,37,23,23,5,30,45,5,4,0,0,0,4.852,1.570,6,1,0.141,-0.859,-1.904,-0.506,-0.356,-0.704,-4.33,0.9269999999999996,2.250498124725745,
351,Lou Trivino,LAN| PHI| SFN,RIGHT,RP,47.66666666666668,2,47,46,23,21,6,18,37,3,2,0,0,0,3.965,1.343,3,0,0.063,-1.384,-2.079,-0.506,-0.068,-0.295,-4.333,0.9239999999999995,2.243214959273558,
352,Ryan Gusto,HOU| MIA,RIGHT,SP| RP,101.66666666666667,17,27,114,67,64,17,36,97,7,7,0,0,0,5.666,1.475,8,1,0.079,-0.334,-0.762,-0.506,-1.494,-1.241,-4.337,0.9199999999999999,2.2335040720039765,
353,Connelly Early,BOS,LEFT,SP,19.333333333333332,4,4,17,6,5,0,4,29,1,2,0,0,0,2.328,1.086,1,1,0.052,-1.909,-2.255,-0.506,0.219,0.105,-4.346,0.9109999999999996,2.211654575647415,
354,Jonathan Bowlan,KCA,RIGHT,RP,44.33333333333333,1,34,37,21,19,6,17,46,1,2,0,0,0,3.857,1.218,3,2,0.068,-1.909,-1.882,-0.506,-0.026,-0.024,-4.347,0.9099999999999993,2.2092268538300184,
355,Tristan Beck,SFN,RIGHT,RP,56.66666666666666,1,31,47,29,29,7,16,41,1,0,2,0,0,4.606,1.112,3,0,0.053,-1.909,-1.992,-0.324,-0.364,0.242,-4.347,0.9099999999999993,2.2092268538300184,
356,Rob Zastryzny,MIL,LEFT,RP,22.0,1,26,16,7,6,3,10,20,2,1,0,0,0,2.454,1.182,1,0,0.045,-1.646,-2.453,-0.506,0.228,0.024,-4.354,0.9029999999999996,2.19223280110825,
357,Ian Hamilton,NYA,RIGHT,RP,40.0,1,36,28,20,19,5,22,42,2,1,0,0,0,4.275,1.250,0,0,0.0,-1.646,-1.97,-0.506,-0.154,-0.08,-4.356,0.9009999999999998,2.1873773574734594,
358,Aaron Nola,PHI,RIGHT,SP,94.33333333333333,17,17,99,65,63,18,28,97,5,10,0,0,0,6.011,1.346,5,3,0.053,-0.859,-0.762,-0.506,-1.64,-0.6,-4.367,0.8899999999999997,2.160672417482107,
359,DL Hall,MIL,LEFT,SP| RP,38.666666666666664,3,20,24,15,15,2,17,27,1,0,0,0,0,3.491,1.060,0,0,0.0,-1.909,-2.299,-0.506,0.087,0.255,-4.372,0.8849999999999998,2.148533808395129,
360,Jose Suarez,ATL,LEFT,RP,19.333333333333336,1,7,15,5,4,1,10,16,2,0,1,0,0,1.862,1.293,2,0,0.103,-1.646,-2.541,-0.415,0.289,-0.076,-4.389,0.8679999999999994,2.1072625374994027,
361,Hayden Birdsong,SFN,RIGHT,SP| RP,65.66666666666667,10,21,61,42,35,10,37,68,4,4,0,0,0,4.797,1.492,1,1,0.015,-1.121,-1.399,-0.506,-0.52,-0.852,-4.399,0.8579999999999997,2.082985319325447,
362,Max Meyer,MIA,RIGHT,SP,64.66666666666667,12,12,72,39,34,12,20,68,3,5,0,0,0,4.732,1.423,3,1,0.046,-1.384,-1.399,-0.506,-0.48,-0.635,-4.403,0.8540000000000001,2.0732744320558654,
363,Jose Fermin,ANA,RIGHT,RP,34.33333333333333,0,40,25,21,17,8,23,39,3,2,0,0,0,4.456,1.398,1,0,0.029,-1.384,-2.036,-0.506,-0.181,-0.299,-4.405,0.8519999999999994,2.0684189884210724,
364,Ben Brown,CHN,RIGHT,SP| RP,106.33333333333333,15,25,121,73,70,18,32,121,5,8,1,0,0,5.925,1.439,8,0,0.075,-0.859,-0.234,-0.415,-1.777,-1.122,-4.408,0.8489999999999993,2.0611358229688856,
365,Ryan Weathers,MIA,LEFT,SP,38.333333333333336,8,8,37,20,17,7,12,37,2,2,0,0,0,3.991,1.278,5,0,0.13,-1.646,-2.079,-0.506,-0.063,-0.125,-4.421,0.8359999999999994,2.0295754393427425,
366,Justin Martinez,ARI,RIGHT,RP,15.333333333333332,0,17,7,8,7,1,12,22,1,2,5,0,0,4.109,1.239,0,0,0.0,-1.909,-2.409,-0.051,-0.039,-0.023,-4.43,0.827,2.007725942986183,
367,Justin Steele,CHN,LEFT,SP,22.666666666666668,4,4,21,12,12,5,5,21,3,1,0,0,0,4.765,1.147,0,1,0.0,-1.384,-2.431,-0.506,-0.174,0.061,-4.435,0.8220000000000001,1.9955873338992054,
368,Zebby Matthews,MIN,RIGHT,SP,79.33333333333333,16,16,94,50,49,12,24,88,5,6,0,0,0,5.559,1.487,5,0,0.063,-0.859,-0.959,-0.506,-1.1,-1.011,-4.436,0.8209999999999997,1.993159612081809,
369,David Festa,MIN,RIGHT,SP,53.33333333333334,10,11,49,35,32,10,19,53,3,4,0,0,0,5.400,1.275,5,3,0.094,-1.384,-1.728,-0.506,-0.673,-0.167,-4.458,0.7989999999999995,1.9397497320991046,
370,Jackson Jobe,DET,RIGHT,SP,49.0,10,10,46,24,23,7,27,39,4,1,0,0,0,4.224,1.490,5,1,0.102,-1.121,-2.036,-0.506,-0.169,-0.63,-4.463,0.7939999999999996,1.9276111230121267,
371,Gregory Soto,BAL| NYN,LEFT,RP,60.333333333333336,0,70,62,33,28,4,24,70,1,5,1,0,0,4.177,1.425,12,0,0.199,-1.909,-1.355,-0.415,-0.186,-0.6,-4.464,0.7929999999999993,1.9251834011947302,
372,Yimi Garcia,TOR,RIGHT,RP,21.0,0,22,13,10,9,2,12,25,1,2,3,0,0,3.857,1.190,2,1,0.095,-1.909,-2.343,-0.233,-0.012,0.015,-4.482,0.7749999999999995,1.8814844084816094,
373,Hunter Harvey,KCA,RIGHT,RP,10.666666666666666,0,12,6,0,0,0,1,11,1,0,0,0,0,0.00,0.656,0,0,0.0,-1.909,-2.651,-0.506,0.314,0.266,-4.486,0.7709999999999999,1.8717735212120281,
374,Andrew Chafin,ANA| WAS,LEFT,RP,33.66666666666667,0,42,29,11,9,2,19,36,1,1,0,0,0,2.406,1.426,3,4,0.089,-1.909,-2.101,-0.506,0.361,-0.335,-4.491,0.766,1.8596349121250502,
375,Kade Strowd,BAL,RIGHT,RP,26.333333333333332,0,25,16,6,5,1,13,24,0,1,0,0,0,1.709,1.101,1,0,0.038,-2.171,-2.365,-0.506,0.425,0.125,-4.492,0.7649999999999997,1.8572071903076537,
376,Landon Knack,LAN,RIGHT,SP| RP,42.333333333333336,7,10,40,25,23,10,19,42,3,2,1,0,0,4.890,1.394,3,0,0.071,-1.384,-1.97,-0.415,-0.366,-0.36,-4.495,0.7619999999999996,1.8499240248554665,
377,Andrew Alvarez,WAS,LEFT,SP,23.333333333333332,5,5,16,8,6,1,10,20,1,1,0,0,0,2.314,1.114,1,0,0.043,-1.909,-2.453,-0.506,0.267,0.097,-4.504,0.7530000000000001,1.8280745284989073,
378,Luinder Avila,KCA,RIGHT,RP,14.000000000000002,0,13,7,2,2,0,6,16,1,1,0,0,0,1.286,0.929,1,0,0.071,-1.909,-2.541,-0.506,0.272,0.176,-4.508,0.7489999999999997,1.8183636412293236,
379,Seth Halvorsen,COL,RIGHT,RP,39.666666666666664,0,42,41,26,22,7,21,36,1,2,11,0,0,4.992,1.563,2,2,0.05,-1.909,-2.101,0.496,-0.374,-0.642,-4.53,0.7269999999999994,1.7649537612466193,
380,Justin Topa,MIN,RIGHT,RP,59.99999999999999,1,54,68,32,26,2,18,49,1,5,4,0,0,3.900,1.433,7,0,0.117,-1.909,-1.816,-0.142,-0.056,-0.618,-4.54,0.7169999999999996,1.7406765430726634,
381,Rico Garcia,BAL| NYA| NYN,RIGHT,RP,34.333333333333336,1,29,31,12,12,5,10,38,0,2,0,0,0,3.146,1.194,1,0,0.029,-2.171,-2.058,-0.506,0.17,0.018,-4.547,0.71,1.723682490350895,
382,Albert Suarez,BAL,RIGHT,RP,11.666666666666666,1,5,9,4,3,0,2,10,2,0,0,0,0,2.314,0.943,2,1,0.171,-1.646,-2.673,-0.506,0.133,0.139,-4.553,0.7039999999999997,1.7091161594465205,
383,Ryne Stanek,NYN,RIGHT,RP,55.999999999999986,0,65,56,39,33,7,32,58,4,6,3,0,0,5.304,1.571,1,0,0.018,-1.121,-1.618,-0.233,-0.665,-0.927,-4.565,0.6919999999999993,1.6799834976377719,
384,Casey Legumina,SEA,RIGHT,RP,49.66666666666667,1,48,47,36,31,7,25,55,4,6,0,0,0,5.617,1.450,1,0,0.02,-1.121,-1.684,-0.506,-0.711,-0.548,-4.571,0.6859999999999999,1.6654171667334,
385,Kaleb Ort,HOU,RIGHT,RP,46.0,0,49,35,26,25,8,27,49,2,2,1,0,0,4.891,1.348,5,1,0.109,-1.646,-1.816,-0.415,-0.398,-0.296,-4.571,0.6859999999999999,1.6654171667334,
386,Nabil Crismatt,ARI,RIGHT,SP| RP,34.0,5,8,40,20,14,6,9,25,3,0,0,0,0,3.706,1.441,5,0,0.147,-1.384,-2.343,-0.506,0.02,-0.362,-4.576,0.681,1.653278557646422,
387,Chase Burns,CIN,RIGHT,SP| RP,43.333333333333336,8,13,41,25,22,5,16,67,0,3,0,0,0,4.569,1.315,4,1,0.092,-2.171,-1.421,-0.506,-0.266,-0.215,-4.579,0.6779999999999999,1.6459953921942347,
388,Dan Altavilla,CHA,RIGHT,RP,29.000000000000004,0,28,19,9,8,4,15,21,0,1,2,0,0,2.483,1.172,1,0,0.034,-2.171,-2.431,-0.324,0.294,0.044,-4.588,0.6689999999999996,1.6241458958376733,
389,Charlie Morton,ATL| BAL| DET,RIGHT,SP| RP,142.0,27,33,152,94,92,23,72,149,9,11,0,0,0,5.831,1.577,10,2,0.07,0.19,0.381,-0.506,-2.27,-2.39,-4.595,0.6619999999999999,1.6071518431159046,
390,Emerson Hancock,SEA,RIGHT,SP| RP,90.00000000000001,16,22,93,51,49,15,31,64,4,5,0,0,0,4.900,1.378,4,5,0.044,-1.121,-1.486,-0.506,-0.785,-0.7,-4.6,0.657,1.595013234028927,
391,Wikelman Gonzalez,CHA,RIGHT,RP,20.333333333333336,0,16,13,9,6,1,12,25,1,0,0,0,0,2.656,1.230,2,0,0.098,-1.909,-2.343,-0.506,0.178,-0.022,-4.601,0.6559999999999997,1.5925855122115304,
392,Yoendrys Gomez,CHA| LAN| NYA,RIGHT,SP| RP,62.66666666666667,9,21,60,40,36,12,27,58,3,3,1,0,0,5.170,1.388,6,1,0.096,-1.384,-1.618,-0.415,-0.679,-0.518,-4.614,0.6429999999999998,1.5610251285853876,
393,Yohan Ramirez,PIT,RIGHT,RP,33.33333333333334,0,24,33,25,20,4,16,45,3,3,0,0,0,5.400,1.470,1,0,0.03,-1.384,-1.904,-0.506,-0.421,-0.399,-4.614,0.6429999999999998,1.5610251285853876,
394,PJ Poulin,WAS,LEFT,RP,24.666666666666664,0,28,23,10,10,2,13,27,2,1,1,0,0,3.649,1.460,3,0,0.122,-1.646,-2.299,-0.415,0.025,-0.283,-4.618,0.6389999999999993,1.5513142413158039,
395,Brent Headrick,NYA,LEFT,RP,23.0,0,17,17,8,8,4,7,30,0,0,0,0,0,3.130,1.044,0,1,0.0,-2.171,-2.233,-0.506,0.117,0.169,-4.625,0.6319999999999997,1.5343201885940354,
396,Mason Englert,TBA,RIGHT,RP,44.666666666666664,0,29,43,20,19,4,11,44,0,1,0,0,0,3.828,1.209,3,0,0.067,-2.171,-1.926,-0.506,-0.016,-0.006,-4.626,0.6309999999999993,1.531892466776639,
397,Kyle Hart,SDN,LEFT,SP| RP,43.00000000000001,6,20,38,28,28,9,13,37,3,3,0,0,0,5.861,1.186,1,1,0.023,-1.384,-2.079,-0.506,-0.697,0.039,-4.628,0.6289999999999996,1.5270370231418482,
398,Trevor McDonald,SFN,RIGHT,P,15.0,2,3,13,6,3,1,2,14,1,0,0,0,0,1.800,1.000,0,0,0.0,-1.909,-2.585,-0.506,0.232,0.14,-4.628,0.6289999999999996,1.5270370231418482,
399,Kyle Freeland,COL,LEFT,SP,162.66666666666663,31,31,193,105,90,22,38,124,5,17,0,0,0,4.979,1.420,5,2,0.031,-0.859,-0.168,-0.506,-1.52,-1.578,-4.632,0.625,1.5173261358722667,
400,David Robertson,PHI,RIGHT,RP,17.666666666666668,0,20,18,9,8,4,8,22,2,0,2,0,0,4.075,1.472,0,1,0.0,-1.646,-2.409,-0.324,-0.041,-0.213,-4.633,0.6239999999999997,1.5148984140548702,
401,Tony Gonsolin,LAN,RIGHT,SP,36.0,7,7,33,21,20,9,18,38,3,2,0,0,0,5.000,1.417,2,1,0.056,-1.384,-2.058,-0.506,-0.342,-0.344,-4.634,0.6229999999999993,1.5124706922374738,
402,Rafael Montero,ATL| DET| HOU,RIGHT,RP,60.333333333333336,0,59,42,34,30,5,37,58,1,2,0,0,0,4.475,1.309,2,1,0.033,-1.909,-1.618,-0.506,-0.327,-0.283,-4.642,0.6149999999999993,1.4930489176983088,
403,Connor Brogdon,ANA,RIGHT,RP,46.999999999999986,0,43,45,31,29,11,18,49,3,2,0,0,0,5.553,1.340,2,3,0.043,-1.384,-1.816,-0.506,-0.649,-0.286,-4.642,0.6149999999999993,1.4930489176983088,
404,Robert Stephenson,ANA,RIGHT,RP,10.0,0,12,7,4,3,1,3,10,2,0,0,0,0,2.700,1.000,2,1,0.2,-1.646,-2.673,-0.506,0.084,0.093,-4.648,0.609,1.4784825867939366,
405,Cristian Javier,HOU,RIGHT,SP,36.99999999999999,8,8,32,22,19,3,15,34,2,4,0,0,0,4.622,1.270,6,4,0.162,-1.646,-2.145,-0.506,-0.243,-0.108,-4.648,0.609,1.4784825867939366,
406,Jake Bird,COL| NYA,RIGHT,RP,55.333333333333336,0,48,60,37,34,7,25,66,4,2,0,0,0,5.530,1.536,2,3,0.036,-1.121,-1.442,-0.506,-0.755,-0.828,-4.653,0.6040000000000001,1.4663439777069587,
407,Konnor Pilkington,WAS,LEFT,RP,28.333333333333336,0,32,22,16,14,7,17,34,2,0,0,0,0,4.447,1.377,0,1,0.0,-1.646,-2.145,-0.506,-0.147,-0.219,-4.664,0.593,1.4396390377156065,
408,Cade Cavalli,WAS,RIGHT,SP,48.666666666666664,10,10,57,28,23,7,15,40,3,1,0,0,0,4.253,1.480,5,2,0.103,-1.384,-2.014,-0.506,-0.179,-0.603,-4.686,0.5709999999999997,1.3862291577329022,
409,Hayden Wesneski,HOU,RIGHT,SP,32.0,6,6,29,16,16,7,6,29,1,3,0,0,0,4.500,1.094,2,1,0.062,-1.909,-2.255,-0.506,-0.179,0.163,-4.687,0.5699999999999994,1.3838014359155058,
410,Jaden Hill,COL,RIGHT,RP,29.333333333333332,0,28,27,14,11,2,12,31,1,1,0,0,0,3.375,1.329,4,0,0.136,-1.909,-2.211,-0.506,0.093,-0.164,-4.698,0.5589999999999993,1.3570964959241536,
411,Cole Henry,WAS,RIGHT,RP,52.666666666666664,0,57,43,27,25,7,32,52,1,2,2,0,0,4.272,1.424,10,0,0.19,-1.909,-1.75,-0.324,-0.202,-0.52,-4.705,0.5519999999999996,1.340102443202385,
412,Grant Holman,ATH,RIGHT,RP,23.0,2,22,26,14,13,3,9,17,4,2,0,0,0,5.087,1.522,0,0,0.0,-1.121,-2.519,-0.506,-0.234,-0.329,-4.71,0.5469999999999997,1.3279638341154072,
413,Jesus Tinoco,MIA,RIGHT,RP,19.333333333333332,0,20,17,12,11,1,8,10,2,1,4,0,0,5.121,1.293,2,1,0.103,-1.646,-2.673,-0.142,-0.202,-0.076,-4.739,0.5179999999999998,1.2575599014109342,
414,Tobias Myers,MIL,RIGHT,SP| RP,50.66666666666666,6,22,54,21,20,5,15,38,1,2,0,0,0,3.553,1.362,0,2,0.0,-1.909,-2.058,-0.506,0.09,-0.358,-4.74,0.5169999999999995,1.2551321795935377,
415,Ryan Pressly,CHN,RIGHT,RP,41.33333333333333,0,44,46,24,20,6,17,28,2,3,5,0,0,4.355,1.524,2,2,0.048,-1.646,-2.277,-0.051,-0.185,-0.596,-4.755,0.5019999999999998,1.2187163523326041,
416,Dylan Smith,DET,RIGHT,RP,13.000000000000002,0,7,6,2,2,0,5,4,1,0,0,0,0,1.385,0.846,0,1,0.0,-1.909,-2.804,-0.506,0.243,0.212,-4.765,0.492,1.1944391341586484,
417,Yennier Cano,BAL,RIGHT,RP,58.000000000000014,0,65,62,36,33,7,24,53,3,7,2,0,0,5.121,1.483,12,4,0.207,-1.384,-1.728,-0.324,-0.606,-0.727,-4.769,0.48799999999999955,1.1847282468890648,
418,Joe Boyle,TBA,RIGHT,SP| RP,52.0,9,13,43,33,27,6,28,58,1,4,0,0,0,4.673,1.365,11,2,0.212,-1.909,-1.618,-0.506,-0.362,-0.375,-4.77,0.4870000000000001,1.1823005250716705,
419,Zach Eflin,BAL,RIGHT,SP,71.33333333333333,14,14,88,48,47,18,13,50,6,5,0,0,0,5.930,1.416,2,3,0.028,-0.597,-1.794,-0.506,-1.195,-0.678,-4.771,0.48599999999999977,1.179872803254274,
420,Brent Suter,CIN,LEFT,SP| RP,67.66666666666666,3,48,69,38,34,11,18,53,1,2,0,0,0,4.522,1.286,0,1,0.0,-1.909,-1.728,-0.506,-0.391,-0.244,-4.779,0.47799999999999976,1.160451028715109,
421,Michael Tonkin,MIN,RIGHT,RP,23.999999999999996,0,21,20,13,13,3,8,19,2,1,0,0,0,4.875,1.167,2,1,0.083,-1.646,-2.475,-0.506,-0.205,0.043,-4.79,0.46699999999999964,1.1337460887237567,
422,Jackson Kowar,SEA,RIGHT,RP,17.0,0,15,14,8,8,4,7,15,2,0,0,0,0,4.235,1.235,2,0,0.118,-1.646,-2.563,-0.506,-0.06,-0.023,-4.798,0.45899999999999963,1.1143243141845918,
423,Richard Fitts,BOS,RIGHT,SP,45.0,10,11,43,27,25,11,16,40,2,4,0,0,0,5.000,1.311,3,1,0.067,-1.646,-2.014,-0.506,-0.428,-0.214,-4.808,0.44899999999999984,1.090047096010636,
424,Kyle Harrison,BOS| SFN,LEFT,SP| RP,35.666666666666664,6,11,35,16,16,4,14,38,1,1,0,0,0,4.037,1.374,2,1,0.056,-1.909,-2.058,-0.506,-0.071,-0.271,-4.815,0.4419999999999993,1.0730530432888652,
425,Trent Thornton,SEA,RIGHT,RP,42.333333333333336,0,33,41,23,22,6,14,32,2,0,0,0,0,4.677,1.299,5,1,0.118,-1.646,-2.189,-0.506,-0.296,-0.179,-4.817,0.4399999999999995,1.0681975996540745,
426,Paul Sewald,CLE| DET,RIGHT,RP,19.666666666666668,0,22,18,11,10,4,6,20,1,1,2,0,0,4.576,1.220,3,0,0.153,-1.909,-2.453,-0.324,-0.122,-0.013,-4.82,0.4369999999999994,1.0609144342018875,
427,Chris Devenski,NYN,RIGHT,RP,16.666666666666664,1,13,10,4,4,1,5,14,0,0,0,0,0,2.160,0.900,2,1,0.12,-2.171,-2.585,-0.506,0.211,0.231,-4.821,0.43599999999999994,1.0584867123844932,
428,Tyler Anderson,ANA,LEFT,SP,136.33333333333334,26,26,135,73,69,28,57,104,2,8,0,0,0,4.555,1.408,9,1,0.066,-1.646,-0.608,-0.506,-0.823,-1.249,-4.833,0.4239999999999995,1.0293540505757446,
429,Hunter Strickland,ANA,RIGHT,RP,22.0,0,19,17,9,8,2,10,14,1,2,1,0,0,3.273,1.227,1,2,0.045,-1.909,-2.585,-0.415,0.087,-0.021,-4.843,0.4139999999999997,1.0050768324017887,
430,Anthony DeSclafani,ARI,RIGHT,SP| RP,38.666666666666664,4,13,37,23,22,11,12,36,1,2,2,0,0,5.121,1.267,7,0,0.181,-1.909,-2.101,-0.324,-0.404,-0.107,-4.845,0.4119999999999999,1.000221388766998,
431,Clayton Beeter,NYA| WAS,RIGHT,RP,25.333333333333336,0,26,13,12,12,3,18,33,0,3,1,0,0,4.263,1.224,3,1,0.118,-2.171,-2.167,-0.415,-0.095,-0.02,-4.869,0.3879999999999999,0.9419560651495029,
432,Nick Sandlin,TOR,RIGHT,RP,16.333333333333332,0,19,11,7,4,2,8,16,0,2,1,0,0,2.204,1.163,0,1,0.0,-2.171,-2.541,-0.415,0.201,0.032,-4.895,0.3620000000000001,0.8788352978972171,
433,Cade Povich,BAL,LEFT,SP,112.33333333333336,20,22,125,70,65,17,43,118,3,8,0,0,0,5.208,1.496,4,3,0.036,-1.384,-0.3,-0.506,-1.25,-1.473,-4.914,0.34299999999999997,0.8327085833667,
434,Joey Lucchesi,SFN,LEFT,RP,38.33333333333333,0,38,35,17,16,4,12,31,0,1,0,0,0,3.756,1.226,0,0,0.0,-2.171,-2.211,-0.506,0.007,-0.035,-4.916,0.3409999999999993,0.827853139731907,
435,Luis Mey,CIN,RIGHT,RP,20.999999999999996,0,23,17,8,8,3,17,21,2,0,0,0,0,3.429,1.619,0,0,0.0,-1.646,-2.431,-0.506,0.058,-0.393,-4.919,0.3380000000000001,0.820569974279722,
436,Will Klein,LAN,RIGHT,RP,15.333333333333334,0,14,14,6,4,0,10,21,1,1,0,0,0,2.348,1.565,2,0,0.13,-1.909,-2.431,-0.506,0.171,-0.25,-4.924,0.3329999999999993,0.8084313651927421,
437,Ron Marinaccio,SDN,RIGHT,RP,10.666666666666668,0,7,6,1,1,0,4,12,0,0,0,0,0,0.844,0.938,1,0,0.094,-2.171,-2.629,-0.506,0.244,0.13,-4.932,0.3249999999999993,0.789009590653577,
438,Evan Sisk,KCA| PIT,LEFT,RP,17.666666666666664,0,19,16,7,7,1,10,25,1,1,0,0,0,3.566,1.472,4,1,0.226,-1.909,-2.343,-0.506,0.03,-0.213,-4.941,0.31599999999999984,0.7671600942970177,
439,Dauri Moreta,PIT,RIGHT,RP,16.666666666666668,0,18,16,8,6,2,7,19,1,1,0,0,0,3.240,1.380,3,1,0.18,-1.909,-2.475,-0.506,0.07,-0.131,-4.951,0.30600000000000005,0.7428828761230619,
440,Zack Kelly,BOS,RIGHT,RP,35.333333333333336,0,28,35,21,18,3,12,35,1,3,0,0,0,4.585,1.330,2,0,0.057,-1.909,-2.123,-0.506,-0.221,-0.199,-4.959,0.29800000000000004,0.7234611015838969,
441,Ryan Borucki,PIT| TOR,LEFT,RP,35.0,0,39,29,20,18,4,16,32,1,3,0,0,0,4.629,1.286,2,2,0.057,-1.909,-2.189,-0.506,-0.231,-0.126,-4.962,0.29499999999999993,0.7161779361317098,
442,Seth Johnson,PHI,RIGHT,RP,12.666666666666666,0,10,11,8,6,3,4,17,1,1,0,0,0,4.263,1.184,1,0,0.079,-1.909,-2.519,-0.506,-0.048,0.013,-4.969,0.28799999999999937,0.699183883409939,
443,A. J. Minter,NYN,LEFT,RP,11.0,0,13,6,2,2,0,5,14,0,0,0,0,0,1.636,1.000,1,0,0.091,-2.171,-2.585,-0.506,0.184,0.103,-4.976,0.2809999999999997,0.6821898306881704,
444,Jake Irvin,WAS,RIGHT,SP,180.00000000000006,33,33,195,120,114,38,62,124,9,13,0,0,0,5.700,1.428,10,3,0.056,0.19,-0.168,-0.506,-2.693,-1.808,-4.986,0.2709999999999999,0.6579126125142146,
445,Mitchell Parker,WAS,LEFT,SP| RP,164.66666666666663,30,33,178,116,104,25,58,103,9,16,1,0,0,5.684,1.433,2,0,0.012,0.19,-0.63,-0.415,-2.444,-1.695,-4.993,0.26399999999999935,0.6409185597924438,
446,Andrew Heaney,LAN| PIT,LEFT,SP| RP,122.33333333333334,23,27,129,77,75,25,40,86,5,10,0,0,0,5.518,1.381,7,1,0.057,-0.859,-1.003,-0.506,-1.657,-0.972,-4.998,0.25899999999999945,0.628779950705466,
447,Justin Hagenman,NYN,RIGHT,RP,23.666666666666664,1,9,24,13,12,4,2,23,0,1,1,0,0,4.563,1.099,1,0,0.042,-2.171,-2.387,-0.415,-0.144,0.115,-5.003,0.25399999999999956,0.6166413416184882,
448,Kumar Rocker,TEX,RIGHT,SP,64.33333333333334,14,14,71,42,41,11,23,56,4,5,0,0,0,5.736,1.461,11,0,0.171,-1.121,-1.662,-0.506,-0.981,-0.744,-5.014,0.24299999999999944,0.5899364016271359,
449,Mitch Spence,ATH,RIGHT,SP| RP,84.66666666666666,8,32,96,57,48,16,26,66,3,6,1,0,0,5.102,1.441,5,2,0.059,-1.384,-1.442,-0.415,-0.872,-0.901,-5.015,0.242,0.5875086798097416,
450,Scott Blewett,ATL| BAL| MIN,RIGHT,RP,44.333333333333336,2,26,45,29,27,9,18,35,3,0,0,0,0,5.481,1.421,5,2,0.113,-1.384,-2.123,-0.506,-0.588,-0.432,-5.033,0.2239999999999993,0.5438096870966187,
451,Trey Yesavage,TOR,RIGHT,SP,14.0,3,3,13,5,5,0,7,16,1,0,0,0,0,3.214,1.429,0,0,0.0,-1.909,-2.541,-0.506,0.062,-0.141,-5.035,0.22199999999999953,0.538954243461828,
452,Cam Booser,CHA,LEFT,RP,31.000000000000004,0,39,28,22,19,8,19,35,2,4,1,0,0,5.516,1.516,0,1,0.0,-1.646,-2.123,-0.415,-0.419,-0.436,-5.04,0.21699999999999964,0.5268156343748501,
453,Chad Green,TOR,RIGHT,RP,43.666666666666664,0,45,51,28,27,14,13,35,3,2,1,0,0,5.565,1.466,5,6,0.115,-1.384,-2.123,-0.415,-0.607,-0.514,-5.044,0.21300000000000008,0.5171047471052687,
454,Hunter Bigge,TBA,RIGHT,RP,15.0,0,13,11,4,4,4,5,12,0,0,0,0,0,2.400,1.067,1,0,0.067,-2.171,-2.629,-0.506,0.162,0.095,-5.05,0.20699999999999985,0.5025384162008943,
455,Bryce Miller,SEA,RIGHT,SP,90.33333333333334,18,18,93,57,57,17,34,74,4,6,0,0,0,5.679,1.406,14,3,0.155,-1.121,-1.267,-0.506,-1.337,-0.818,-5.05,0.20699999999999985,0.5025384162008943,
456,JT Brubaker,NYA| SFN,RIGHT,RP,28.666666666666664,1,17,23,12,12,0,12,22,0,0,0,0,0,3.767,1.221,2,2,0.07,-2.171,-2.409,-0.506,0.003,-0.019,-5.103,0.15399999999999991,0.3738691598789263,
457,Brandon Waddell,NYN,LEFT,RP,31.333333333333332,1,11,29,12,12,4,11,22,0,0,0,0,0,3.447,1.277,1,0,0.032,-2.171,-2.409,-0.506,0.082,-0.1,-5.105,0.15199999999999925,0.3690137162441334,
458,Shawn Dubin,BAL| HOU,RIGHT,RP,33.666666666666664,0,30,37,19,19,6,11,28,2,0,0,0,0,5.079,1.426,1,1,0.03,-1.646,-2.277,-0.506,-0.341,-0.335,-5.106,0.1509999999999998,0.36658599442673917,
459,Max Lazar,PHI,RIGHT,RP,41.333333333333336,0,36,41,23,22,7,12,26,1,1,1,0,0,4.790,1.282,1,1,0.024,-1.909,-2.321,-0.415,-0.325,-0.143,-5.113,0.14399999999999924,0.34959194170496843,
460,Valente Bellozo,MIA,RIGHT,SP| RP,81.33333333333334,6,32,85,44,42,15,23,54,1,4,0,0,0,4.647,1.328,1,5,0.012,-1.909,-1.706,-0.506,-0.55,-0.449,-5.12,0.13699999999999957,0.3325978889831998,
461,Kyle Nicolas,PIT,RIGHT,RP,37.99999999999999,0,31,34,21,20,3,18,34,1,2,0,0,0,4.737,1.368,3,0,0.079,-1.909,-2.145,-0.506,-0.283,-0.28,-5.123,0.13399999999999945,0.32531472353101265,
462,Jose Castillo,ARI| BAL| NYN| SEA,LEFT,RP,32.0,0,29,40,18,14,4,14,30,2,2,0,0,0,3.938,1.688,4,2,0.125,-1.646,-2.233,-0.506,-0.039,-0.698,-5.123,0.13399999999999945,0.32531472353101265,
463,Tanner Gordon,COL,RIGHT,SP,75.33333333333333,15,15,96,60,53,16,17,62,6,8,0,0,0,6.332,1.500,5,0,0.066,-0.597,-1.53,-0.506,-1.498,-1.003,-5.135,0.12199999999999989,0.2961820617222662,
464,Andre Granillo,SLN,RIGHT,RP,20.999999999999996,0,14,22,11,11,3,7,18,1,0,1,0,0,4.714,1.381,1,1,0.048,-1.909,-2.497,-0.415,-0.153,-0.166,-5.14,0.11699999999999999,0.2840434526352883,
465,Jayden Murray,HOU,RIGHT,RP,11.666666666666666,1,9,10,2,2,0,3,8,0,0,0,0,0,1.543,1.114,0,0,0.0,-2.171,-2.717,-0.506,0.204,0.048,-5.142,0.11499999999999932,0.27918800900049545,
466,Collin Snider,SEA,RIGHT,RP,26.333333333333336,0,24,32,20,16,3,6,24,2,1,0,0,0,5.468,1.443,1,0,0.038,-1.646,-2.365,-0.506,-0.346,-0.283,-5.147,0.10999999999999943,0.26704939991351756,
467,Gordon Graceffo,SLN,RIGHT,RP,43.0,0,26,50,33,30,2,13,40,3,1,1,0,0,6.279,1.465,2,1,0.047,-1.384,-2.014,-0.415,-0.838,-0.505,-5.155,0.10199999999999942,0.24762762537435254,
468,Craig Kimbrel,ATL| HOU,RIGHT,RP,12.0,0,14,10,4,3,2,7,17,0,1,0,0,0,2.250,1.417,4,3,0.333,-2.171,-2.519,-0.506,0.143,-0.115,-5.168,0.08899999999999952,0.21606724174820963,
469,Easton Lucas,TOR,LEFT,SP,24.333333333333336,5,6,25,18,18,5,12,23,3,3,0,0,0,6.657,1.520,1,0,0.041,-1.384,-2.387,-0.506,-0.546,-0.347,-5.17,0.08699999999999974,0.21121179811341892,
470,Blake Treinen,LAN,RIGHT,RP,26.66666666666667,0,32,30,18,16,4,19,36,2,7,2,0,0,5.400,1.837,11,1,0.412,-1.646,-2.101,-0.324,-0.337,-0.763,-5.171,0.08599999999999941,0.20878407629602247,
471,Porter Hodge,CHN,RIGHT,RP,33.0,0,36,34,24,23,9,18,40,2,2,2,0,0,6.273,1.576,1,0,0.03,-1.646,-2.014,-0.324,-0.641,-0.553,-5.178,0.07899999999999974,0.19179002357425387,
472,Fraser Ellard,CHA,LEFT,SP| RP,17.0,3,18,8,9,8,1,19,22,1,2,0,0,0,4.235,1.588,2,3,0.118,-1.909,-2.409,-0.506,-0.06,-0.294,-5.179,0.0779999999999994,0.18936230175685745,
473,Taylor Rashi,ARI,RIGHT,RP,16.333333333333336,0,10,16,8,8,0,8,22,0,1,2,0,0,4.408,1.469,1,1,0.061,-2.171,-2.409,-0.324,-0.08,-0.195,-5.179,0.0779999999999994,0.18936230175685745,
474,Carson Whisenhunt,SFN,LEFT,SP,23.333333333333332,5,5,22,14,13,6,12,16,2,1,0,0,0,5.014,1.457,2,0,0.086,-1.646,-2.541,-0.506,-0.224,-0.265,-5.183,0.07399999999999984,0.179651414487276,
475,Erasmo Ramirez,MIN,RIGHT,RP,11.0,0,9,10,4,3,2,2,5,0,1,1,0,0,2.454,1.091,0,0,0.0,-2.171,-2.782,-0.415,0.114,0.057,-5.198,0.058999999999999275,0.14323558722634022,
476,Joey Wentz,ATL| MIN| PIT,LEFT,SP| RP,98.0,13,39,110,66,61,11,43,92,5,7,0,0,0,5.602,1.561,19,3,0.194,-0.859,-0.871,-0.506,-1.392,-1.577,-5.205,0.0519999999999996,0.12624153450457162,
477,Kevin Kelly,TBA,RIGHT,RP,39.66666666666666,0,41,45,29,26,11,9,35,2,5,0,0,0,5.899,1.361,4,1,0.101,-1.646,-2.123,-0.506,-0.655,-0.279,-5.21,0.04699999999999971,0.11410292541759375,
478,Hector Neris,ANA| ATL| HOU,RIGHT,RP,26.666666666666668,0,35,29,25,20,6,16,35,3,2,0,0,0,6.750,1.688,7,1,0.263,-1.384,-2.123,-0.506,-0.617,-0.582,-5.213,0.043999999999999595,0.10681975996540659,
479,Mick Abel,MIN| PHI,RIGHT,SP,39.0,8,10,43,28,27,8,16,39,3,4,0,0,0,6.231,1.513,2,1,0.051,-1.384,-2.036,-0.506,-0.745,-0.542,-5.213,0.043999999999999595,0.10681975996540659,
480,Chase Silseth,ANA,RIGHT,RP,11.0,0,10,10,2,2,1,6,13,0,0,0,0,0,1.636,1.454,4,0,0.364,-2.171,-2.607,-0.506,0.184,-0.124,-5.224,0.032999999999999474,0.08011481997405441,
481,Zak Kent,CLE,RIGHT,RP,17.666666666666668,0,12,17,10,9,1,8,16,1,0,0,0,0,4.585,1.415,1,1,0.057,-1.909,-2.541,-0.506,-0.111,-0.167,-5.234,0.022999999999999687,0.055837601800098655,
482,Jordan Romano,PHI,RIGHT,RP,42.66666666666667,0,49,45,40,39,10,17,47,2,4,8,0,0,8.227,1.453,10,4,0.234,-1.646,-1.86,0.223,-1.479,-0.478,-5.24,0.01699999999999946,0.04127127089572434,
483,Grant Wolfram,BAL,LEFT,RP,26.66666666666667,0,21,35,20,16,2,15,31,3,1,0,0,0,5.400,1.875,2,0,0.075,-1.384,-2.211,-0.506,-0.337,-0.808,-5.246,0.010999999999999233,0.02670493999135003,
484,Kai-Wei Teng,SFN,RIGHT,SP,29.666666666666668,7,8,29,24,21,2,17,39,2,4,0,0,0,6.371,1.551,2,0,0.067,-1.646,-2.036,-0.506,-0.599,-0.463,-5.25,0.006999999999999673,0.016994052721768595,
485,Jackson Rutledge,WAS,RIGHT,RP,73.33333333333331,0,63,87,49,47,16,24,65,4,2,0,0,0,5.768,1.514,5,0,0.068,-1.121,-1.464,-0.506,-1.136,-1.022,-5.251,0.005999999999999339,0.014566330904372156,
486,Colin Selby,BAL,RIGHT,RP,14.0,0,11,16,5,5,2,2,14,0,2,0,0,0,3.214,1.286,1,0,0.071,-2.171,-2.585,-0.506,0.062,-0.051,-5.251,0.005999999999999339,0.014566330904372156,
487,Roki Sasaki,LAN,RIGHT,SP,36.333333333333336,8,10,30,18,18,6,22,28,1,1,0,0,0,4.459,1.431,4,0,0.11,-1.909,-2.277,-0.506,-0.192,-0.371,-5.255,0.0019999999999997797,0.004855443634790718,
488,Andre Pallante,SLN,RIGHT,SP,162.66666666666669,31,31,173,109,96,21,62,111,6,15,0,0,0,5.311,1.445,18,3,0.111,-0.597,-0.454,-0.506,-1.941,-1.759,-5.257,0.0,0.0,
489,Matt Gage,DET| SFN,LEFT,RP,30.999999999999996,2,33,35,11,11,0,12,27,0,1,0,0,0,3.193,1.516,1,1,0.032,-2.171,-2.299,-0.506,0.142,-0.436,-5.27,-0.0129999999999999,-0.031560383626142906,
490,Cooper Criswell,BOS,RIGHT,RP,17.666666666666664,1,7,23,10,7,3,5,9,1,0,1,0,0,3.566,1.585,1,1,0.057,-1.909,-2.695,-0.415,0.03,-0.303,-5.292,-0.03500000000000014,-0.08497026360884728,
491,Ryan Brasier,CHN,RIGHT,RP,26.000000000000004,1,28,27,13,13,2,5,20,0,1,0,0,0,4.500,1.231,4,2,0.154,-2.171,-2.453,-0.506,-0.146,-0.029,-5.305,-0.04800000000000004,-0.11653064723499018,
492,Carson Seymour,SFN,RIGHT,SP| RP,36.0,3,16,37,21,19,9,13,26,1,3,0,0,0,4.750,1.389,2,0,0.056,-1.909,-2.321,-0.506,-0.272,-0.298,-5.306,-0.04900000000000038,-0.11895836905238663,
493,Paxton Schultz,TOR,RIGHT,RP,24.666666666666664,2,13,27,16,12,4,8,28,0,0,0,0,0,4.378,1.419,0,0,0.0,-2.171,-2.277,-0.506,-0.115,-0.238,-5.308,-0.051000000000000156,-0.12381381268717734,
494,Brady Basso,ATH,LEFT,RP,11.666666666666668,1,11,12,4,3,0,9,8,1,1,0,0,0,2.314,1.800,0,0,0.0,-1.909,-2.717,-0.506,0.133,-0.314,-5.312,-0.055000000000000604,-0.13352469995676094,
495,Yerry De los Santos,NYA,RIGHT,RP,35.66666666666667,0,25,37,15,13,1,17,28,0,1,0,0,0,3.280,1.514,3,1,0.084,-2.171,-2.277,-0.506,0.139,-0.498,-5.313,-0.05600000000000005,-0.13595242177415523,
496,Alan Rangel,PHI,RIGHT,RP,11.0,0,5,10,3,3,1,6,8,0,0,1,0,0,2.454,1.454,0,0,0.0,-2.171,-2.717,-0.415,0.114,-0.124,-5.313,-0.05600000000000005,-0.13595242177415523,
497,Kyle Backhus,ARI,LEFT,RP,25.333333333333336,0,32,28,14,13,3,8,22,0,3,2,0,0,4.618,1.421,0,0,0.0,-2.171,-2.409,-0.324,-0.165,-0.247,-5.316,-0.05900000000000016,-0.1432355872263424,
498,Tim Mayza,PHI| PIT,LEFT,RP,16.666666666666664,0,15,17,7,7,2,5,15,0,0,0,0,0,3.780,1.320,1,0,0.06,-2.171,-2.563,-0.506,0.0,-0.086,-5.326,-0.06899999999999995,-0.16751280540029811,
499,Sauryn Lao,SEA| WAS,RIGHT,RP,11.000000000000002,0,8,14,7,6,2,2,9,1,0,0,0,0,4.909,1.454,0,0,0.0,-1.909,-2.695,-0.506,-0.097,-0.124,-5.33,-0.0730000000000004,-0.17722369266988172,
500,Joe Ross,PHI,RIGHT,RP,50.99999999999999,1,37,57,30,29,8,18,39,2,1,0,0,0,5.118,1.471,0,1,0.0,-1.646,-2.036,-0.506,-0.532,-0.611,-5.331,-0.07400000000000073,-0.17965141448727814,
501,Yaramil Hiraldo,BAL,RIGHT,RP,19.666666666666664,0,18,17,13,10,4,9,21,0,0,0,0,0,4.576,1.322,2,0,0.102,-2.171,-2.431,-0.506,-0.122,-0.103,-5.334,-0.07699999999999996,-0.18693457993946316,
502,Luis Curvelo,TEX,RIGHT,RP,19.000000000000004,0,17,17,13,12,3,10,20,1,1,0,0,0,5.684,1.421,1,0,0.053,-1.909,-2.453,-0.506,-0.282,-0.185,-5.335,-0.07800000000000029,-0.18936230175685959,
503,Dugan Darnell,COL,RIGHT,RP,11.666666666666666,0,9,10,5,5,1,7,5,1,0,0,0,0,3.857,1.457,5,1,0.429,-1.909,-2.782,-0.506,-0.007,-0.133,-5.337,-0.08000000000000007,-0.19421774539165032,
504,Corbin Martin,BAL,RIGHT,RP,18.0,0,17,22,15,12,4,9,23,1,0,2,0,0,6.000,1.722,0,0,0.0,-1.909,-2.387,-0.324,-0.311,-0.421,-5.352,-0.09500000000000064,-0.2306335726525861,
505,Matt Sauer,LAN,RIGHT,RP,29.666666666666668,1,10,35,23,21,6,8,24,2,1,1,0,0,6.371,1.449,0,0,0.0,-1.646,-2.365,-0.415,-0.599,-0.327,-5.353,-0.09600000000000009,-0.23306129446998036,
506,Bailey Horn,DET,LEFT,RP,11.333333333333332,0,10,11,2,2,1,7,10,0,1,0,0,0,1.588,1.588,0,0,0.0,-2.171,-2.673,-0.506,0.194,-0.196,-5.353,-0.09600000000000009,-0.23306129446998036,
507,Brandon Sproat,NYN,RIGHT,SP,20.666666666666668,4,4,18,11,11,0,7,17,0,2,0,0,0,4.790,1.210,1,1,0.048,-2.171,-2.519,-0.506,-0.163,-0.003,-5.362,-0.10500000000000043,-0.25491079082654183,
508,Sam Bachman,ANA,RIGHT,RP,20.333333333333332,0,23,22,15,14,1,10,18,2,3,0,0,0,6.197,1.574,2,0,0.098,-1.646,-2.497,-0.506,-0.383,-0.339,-5.371,-0.11400000000000077,-0.2767602871831033,
509,Sam Moll,CIN,LEFT,RP,18.333333333333336,0,23,16,16,13,4,10,22,1,0,0,0,0,6.382,1.418,2,1,0.109,-1.909,-2.409,-0.506,-0.372,-0.176,-5.372,-0.11500000000000021,-0.2791880090004976,
510,Michael Petersen,ATL| MIA,RIGHT,RP,18.0,0,15,18,11,8,3,7,17,0,0,0,0,0,4.000,1.389,0,0,0.0,-2.171,-2.519,-0.506,-0.031,-0.149,-5.376,-0.11900000000000066,-0.2888988962700812,
511,Spencer Arrighetti,HOU,RIGHT,SP,35.333333333333336,7,7,30,21,21,6,20,31,1,5,0,0,0,5.349,1.415,11,0,0.311,-1.909,-2.211,-0.506,-0.432,-0.335,-5.393,-0.13600000000000012,-0.33017016716580555,
512,Kevin Herget,ATL| NYN,RIGHT,RP,13.0,0,7,12,5,4,0,5,6,0,0,0,0,0,2.769,1.308,0,0,0.0,-2.171,-2.76,-0.506,0.103,-0.06,-5.395,-0.1379999999999999,-0.33502561080059623,
513,Hunter Stratton,ATL| PIT,RIGHT,RP,19.0,0,15,23,12,11,3,7,16,1,1,1,0,0,5.210,1.579,0,0,0.0,-1.909,-2.541,-0.415,-0.212,-0.321,-5.398,-0.14100000000000001,-0.3423087762527834,
514,Jonathan Loaisiga,NYA,RIGHT,RP,29.666666666666668,0,30,34,15,14,7,10,25,0,1,1,0,0,4.247,1.483,1,1,0.034,-2.171,-2.343,-0.415,-0.108,-0.372,-5.41,-0.15300000000000047,-0.371441438061532,
515,Zach Maxwell,CIN,RIGHT,RP,10.0,0,8,10,5,5,3,4,13,0,0,0,0,0,4.500,1.400,1,0,0.1,-2.171,-2.607,-0.506,-0.056,-0.088,-5.428,-0.17100000000000026,-0.4151404307746528,
516,Mason Montgomery,TBA,LEFT,RP,45.999999999999986,0,57,49,32,29,6,27,63,1,3,1,0,0,5.674,1.652,11,2,0.239,-1.909,-1.508,-0.415,-0.679,-0.93,-5.441,-0.18400000000000016,-0.44670081440079573,
517,Josh Simpson,MIA,LEFT,RP,30.66666666666667,0,31,34,28,25,5,22,36,4,2,0,0,0,7.337,1.826,1,0,0.033,-1.121,-2.101,-0.506,-0.85,-0.861,-5.441,-0.18400000000000016,-0.44670081440079573,
518,Casey Lawrence,SEA| TOR,RIGHT,RP,17.666666666666664,0,6,26,15,8,2,1,7,1,2,0,0,0,4.075,1.528,2,0,0.113,-1.909,-2.738,-0.506,-0.041,-0.258,-5.452,-0.19500000000000028,-0.4734057543921479,
519,Michael Kopech,LAN,RIGHT,RP,11.0,0,14,6,3,3,0,13,12,0,0,0,0,0,2.454,1.727,0,0,0.0,-2.171,-2.629,-0.506,0.114,-0.26,-5.452,-0.19500000000000028,-0.4734057543921479,
520,Josh Winckowski,BOS,RIGHT,RP,11.666666666666668,0,6,11,7,5,0,5,9,0,1,0,0,0,3.857,1.371,2,0,0.171,-2.171,-2.695,-0.506,-0.007,-0.087,-5.466,-0.20900000000000052,-0.5073938598356873,
521,Jake Eder,ANA,LEFT,RP,18.333333333333336,0,8,15,10,10,3,9,15,0,1,0,0,0,4.909,1.309,0,0,0.0,-2.171,-2.563,-0.506,-0.161,-0.086,-5.487,-0.23000000000000043,-0.5583760180009952,
522,Luis Guerrero,BOS,RIGHT,RP,17.333333333333336,0,13,9,8,8,0,14,10,0,1,0,0,0,4.154,1.327,3,1,0.173,-2.171,-2.673,-0.506,-0.05,-0.095,-5.495,-0.23800000000000043,-0.5777977925401602,
523,Carson Fulmer,ANA,RIGHT,RP,29.33333333333333,0,13,25,19,19,5,11,26,0,0,0,0,0,5.830,1.227,3,0,0.102,-2.171,-2.321,-0.506,-0.469,-0.028,-5.495,-0.23800000000000043,-0.5777977925401602,
524,Ben Bowden,ATH,LEFT,RP,10.666666666666666,0,11,9,6,5,2,5,7,0,0,0,0,0,4.219,1.312,2,0,0.188,-2.171,-2.738,-0.506,-0.036,-0.051,-5.504,-0.2469999999999999,-0.5996472888967196,
525,Keaton Winn,SFN,RIGHT,RP,10.0,0,7,12,5,5,1,2,9,0,0,0,0,0,4.500,1.400,2,0,0.2,-2.171,-2.695,-0.506,-0.056,-0.088,-5.516,-0.25900000000000034,-0.6287799507054681,
526,Daniel Robert,PHI,RIGHT,RP,12.999999999999998,0,15,11,7,6,2,10,15,0,0,0,0,0,4.154,1.615,0,1,0.0,-2.171,-2.563,-0.506,-0.038,-0.241,-5.519,-0.26200000000000045,-0.6360631161576553,
527,Frankie Montas,NYN,RIGHT,SP,38.66666666666667,7,9,48,29,27,8,14,32,3,2,0,0,0,6.285,1.603,4,0,0.103,-1.384,-2.189,-0.506,-0.755,-0.696,-5.531,-0.274,-0.6651957779664018,
528,Marcus Stroman,NYA,RIGHT,SP,39.0,9,9,44,27,27,6,16,26,3,2,0,0,0,6.231,1.538,3,0,0.077,-1.384,-2.321,-0.506,-0.745,-0.587,-5.544,-0.2869999999999999,-0.6967561615925447,
529,Sean Reynolds,SDN,RIGHT,RP,27.0,1,19,20,16,16,4,17,25,0,1,0,0,0,5.333,1.370,2,0,0.074,-2.171,-2.343,-0.506,-0.327,-0.201,-5.548,-0.29100000000000037,-0.7064670488621283,
530,Juan Morillo,ARI,RIGHT,RP,34.33333333333334,0,42,38,19,16,2,20,36,0,3,1,0,0,4.194,1.689,1,1,0.029,-2.171,-2.101,-0.415,-0.111,-0.752,-5.55,-0.29300000000000015,-0.711322492496919,
531,Ian Gibaut,CIN,RIGHT,RP,25.33333333333334,0,25,26,13,13,3,8,15,0,1,0,0,0,4.618,1.342,2,1,0.079,-2.171,-2.563,-0.506,-0.165,-0.156,-5.562,-0.3050000000000006,-0.7404551543056677,
532,Roansy Contreras,BAL| COL,RIGHT,RP,12.666666666666666,0,5,12,8,8,3,2,6,0,0,0,0,0,5.684,1.105,1,1,0.079,-2.171,-2.76,-0.506,-0.188,0.058,-5.568,-0.31099999999999994,-0.7550214852100398,
533,Mitch Farris,ANA,LEFT,SP,24.333333333333332,5,5,24,19,18,4,11,24,1,3,0,0,0,6.657,1.438,2,2,0.082,-1.909,-2.365,-0.506,-0.546,-0.256,-5.582,-0.3250000000000002,-0.7890095906535791,
534,Easton McGee,MIL,RIGHT,RP,14.666666666666666,0,9,15,9,9,1,5,13,0,0,0,0,0,5.523,1.364,0,0,0.0,-2.171,-2.607,-0.506,-0.199,-0.105,-5.588,-0.3310000000000004,-0.8035759215579534,
535,Jonathan Cannon,CHA,RIGHT,SP| RP,103.66666666666664,17,22,116,69,67,19,38,86,4,10,0,0,0,5.817,1.486,12,1,0.116,-1.121,-1.003,-0.506,-1.646,-1.313,-5.589,-0.33200000000000074,-0.8060036433753499,
536,Alek Jacob,SDN,RIGHT,RP,33.333333333333336,0,29,36,20,19,6,14,23,1,0,0,0,0,5.130,1.500,5,1,0.15,-1.909,-2.387,-0.506,-0.351,-0.444,-5.597,-0.34000000000000075,-0.825425417914515,
537,Anthony Veneziano,MIA| SLN,LEFT,RP,25.000000000000004,1,26,28,13,13,4,11,25,0,0,0,0,0,4.680,1.560,5,0,0.2,-2.171,-2.343,-0.506,-0.175,-0.401,-5.597,-0.34000000000000075,-0.825425417914515,
538,Jonah Tong,NYN,RIGHT,SP,18.666666666666664,5,5,24,20,16,3,9,22,2,3,0,0,0,7.714,1.768,0,1,0.0,-1.646,-2.409,-0.506,-0.572,-0.475,-5.609,-0.3520000000000003,-0.8545580797232614,
539,Kevin Ginkel,ARI,RIGHT,RP,25.666666666666668,0,29,29,22,21,2,13,29,1,4,3,0,0,7.364,1.636,1,0,0.039,-1.909,-2.255,-0.233,-0.717,-0.5,-5.614,-0.3570000000000002,-0.8666966888102392,
540,Sean Guenther,DET,LEFT,RP,10.333333333333332,1,9,10,7,6,0,5,8,0,1,0,0,0,5.226,1.452,0,1,0.0,-2.171,-2.717,-0.506,-0.116,-0.115,-5.625,-0.3680000000000003,-0.8934016288015915,
541,Ryan Feltner,COL,RIGHT,SP,30.333333333333336,6,6,33,17,16,4,12,25,0,2,0,0,0,4.747,1.484,8,0,0.264,-2.171,-2.343,-0.506,-0.229,-0.381,-5.63,-0.3730000000000002,-0.9055402378885693,
542,Juan Burgos,ARI| SEA,RIGHT,RP,13.333333333333334,0,13,17,10,9,2,8,14,1,1,0,0,0,6.075,1.875,1,1,0.075,-1.909,-2.585,-0.506,-0.238,-0.404,-5.642,-0.3850000000000007,-0.9346728996973179,
543,Bryce Jarvis,ARI,RIGHT,RP,22.0,0,12,23,14,14,3,10,21,0,0,1,0,0,5.727,1.500,1,1,0.045,-2.171,-2.431,-0.415,-0.334,-0.293,-5.644,-0.38700000000000045,-0.9395283433321087,
544,Connor Seabold,ATL| TBA,RIGHT,RP,10.333333333333332,0,7,12,5,5,1,6,10,0,0,0,0,0,4.355,1.742,0,0,0.0,-2.171,-2.673,-0.506,-0.046,-0.251,-5.647,-0.39000000000000057,-0.9468115087842958,
545,Jon Gray,TEX,RIGHT,RP,14.000000000000002,0,6,15,12,12,5,6,12,1,1,0,0,0,7.714,1.500,2,0,0.143,-1.909,-2.629,-0.506,-0.429,-0.186,-5.66,-0.40300000000000047,-0.9783718924104388,
546,Davis Daniel,ATL,RIGHT,P,10.0,2,3,9,6,6,1,7,9,0,1,0,0,0,5.400,1.600,5,0,0.5,-2.171,-2.695,-0.506,-0.126,-0.178,-5.677,-0.41999999999999993,-1.0196431633061631,
547,Zach Agnos,COL,RIGHT,RP,31.333333333333332,0,30,31,25,23,5,17,19,1,3,4,0,0,6.606,1.532,0,2,0.0,-1.909,-2.475,-0.142,-0.69,-0.463,-5.678,-0.42100000000000026,-1.0220708851235596,
548,Nick Anderson,COL,RIGHT,RP,14.666666666666668,0,12,17,10,10,3,2,10,0,0,0,0,0,6.136,1.296,3,1,0.205,-2.171,-2.673,-0.506,-0.269,-0.059,-5.679,-0.4220000000000006,-1.0244986069409558,
549,Andrew Hoffmann,ARI| KCA,RIGHT,RP,11.999999999999998,0,11,14,12,8,2,10,12,1,1,0,0,0,6.000,2.000,1,0,0.083,-1.909,-2.629,-0.506,-0.208,-0.432,-5.683,-0.42600000000000016,-1.0342094942105373,
550,Pierson Ohl,MIN,RIGHT,SP| RP,29.999999999999996,3,14,38,22,17,5,7,27,0,3,0,0,0,5.100,1.500,1,0,0.033,-2.171,-2.299,-0.506,-0.309,-0.4,-5.685,-0.42799999999999994,-1.039064937845328,
551,Jose Urena,ANA| LAN| MIN| NYN| TOR,RIGHT,SP| RP,55.0,6,19,57,29,28,8,23,34,0,1,1,0,0,4.582,1.454,1,1,0.018,-2.171,-2.145,-0.415,-0.343,-0.619,-5.694,-0.4370000000000003,-1.0609144342018895,
552,John King,SLN,LEFT,RP,48.33333333333333,0,51,65,30,25,8,14,28,2,1,0,0,0,4.655,1.635,4,1,0.083,-1.646,-2.277,-0.506,-0.329,-0.938,-5.698,-0.4410000000000007,-1.0706253214714732,
553,Lyon Richardson,CIN,RIGHT,RP,37.666666666666664,0,34,37,25,19,2,21,30,0,3,0,0,0,4.540,1.540,1,1,0.027,-2.171,-2.233,-0.506,-0.223,-0.57,-5.703,-0.4460000000000006,-1.082763930558451,
554,Dane Dunning,ATL| TEX,RIGHT,RP,20.666666666666664,0,12,24,17,16,4,7,21,0,0,2,0,0,6.968,1.500,0,0,0.0,-2.171,-2.431,-0.324,-0.514,-0.275,-5.715,-0.4580000000000002,-1.1118965923671975,
555,Liam Hendriks,BOS,RIGHT,RP,13.666666666666666,0,14,12,11,10,2,7,12,0,2,0,0,0,6.585,1.390,2,0,0.146,-2.171,-2.629,-0.506,-0.299,-0.114,-5.719,-0.46200000000000063,-1.1216074796367812,
556,Bryan Hudson,CHA| MIL,LEFT,RP,15.0,0,16,15,10,8,2,13,19,0,1,0,0,0,4.800,1.867,4,0,0.267,-2.171,-2.475,-0.506,-0.119,-0.449,-5.72,-0.4630000000000001,-1.1240352014541755,
557,Wade Miley,CIN,LEFT,P,12.0,2,3,15,9,9,3,6,7,1,0,0,0,0,6.750,1.750,2,0,0.167,-1.909,-2.738,-0.506,-0.278,-0.296,-5.727,-0.47000000000000064,-1.1410292541759461,
558,Payton Tolle,BOS,LEFT,SP| RP,16.333333333333332,3,7,18,12,11,5,8,19,0,1,0,0,0,6.061,1.592,3,0,0.184,-2.171,-2.475,-0.506,-0.29,-0.285,-5.728,-0.4710000000000001,-1.1434569759933404,
559,Nestor Cortes,MIL| SDN,LEFT,SP,34.333333333333336,8,8,36,24,24,13,20,29,2,4,0,0,0,6.291,1.631,2,0,0.058,-1.646,-2.255,-0.506,-0.672,-0.661,-5.741,-0.484,-1.1750173596194833,
560,Carson Spiers,CIN,RIGHT,P,13.333333333333334,2,3,13,9,9,3,7,11,0,2,0,0,0,6.075,1.500,0,0,0.0,-2.171,-2.651,-0.506,-0.238,-0.178,-5.744,-0.4870000000000001,-1.1823005250716705,
561,Logan VanWey,HOU,RIGHT,RP,10.666666666666668,0,9,15,7,6,2,3,7,0,0,0,0,0,5.062,1.688,0,0,0.0,-2.171,-2.738,-0.506,-0.107,-0.233,-5.755,-0.4980000000000002,-1.2090054650630226,
562,Nick Hernandez,HOU,RIGHT,RP,10.666666666666666,0,10,12,6,6,3,8,11,0,0,0,0,0,5.062,1.875,0,0,0.0,-2.171,-2.651,-0.506,-0.107,-0.323,-5.758,-0.5010000000000003,-1.2162886305152099,
563,Justin Bruihl,TOR,LEFT,RP,13.666666666666668,0,15,19,10,8,2,7,18,0,0,0,0,0,5.268,1.902,1,1,0.073,-2.171,-2.497,-0.506,-0.158,-0.431,-5.764,-0.5070000000000006,-1.230854961419584,
564,Luis Contreras,HOU,RIGHT,RP,12.0,0,9,11,9,9,2,8,13,0,0,0,0,0,6.750,1.583,0,0,0.0,-2.171,-2.607,-0.506,-0.278,-0.205,-5.767,-0.5100000000000007,-1.2381381268717713,
565,Beau Brieske,DET,RIGHT,RP,21.999999999999996,1,22,24,20,16,5,12,16,1,3,1,0,0,6.545,1.636,3,0,0.136,-1.909,-2.541,-0.415,-0.474,-0.429,-5.768,-0.5110000000000001,-1.2405658486891655,
566,Sam Long,KCA,LEFT,RP,40.33333333333333,0,39,48,31,24,7,22,33,2,3,0,0,0,5.355,1.736,2,0,0.05,-1.646,-2.167,-0.506,-0.495,-0.968,-5.783,-0.5260000000000007,-1.2769816759501014,
567,Ryan Johnson,ANA,RIGHT,RP,14.666666666666666,0,14,24,15,12,4,5,16,1,1,1,0,0,7.364,1.977,0,0,0.0,-1.909,-2.541,-0.415,-0.41,-0.512,-5.787,-0.5300000000000002,-1.2866925632196828,
568,Eduarniel Nunez,ATH| SDN,RIGHT,RP,12.666666666666666,0,10,13,10,10,2,11,11,1,0,0,0,0,7.105,1.895,2,2,0.158,-1.909,-2.651,-0.506,-0.328,-0.395,-5.789,-0.532,-1.2915480068544736,
569,Adam Mazur,MIA,RIGHT,SP,30.0,6,6,33,21,16,4,12,19,0,4,0,0,0,4.800,1.500,2,0,0.067,-2.171,-2.475,-0.506,-0.238,-0.4,-5.79,-0.5330000000000004,-1.29397572867187,
570,Alexis Diaz,ATL| CIN| LAN,RIGHT,RP,17.666666666666668,0,18,15,17,16,6,12,17,1,0,0,0,0,8.151,1.528,7,1,0.396,-1.909,-2.519,-0.506,-0.602,-0.258,-5.794,-0.5369999999999999,-1.3036866159414513,
571,Jordan Wicks,CHN,LEFT,RP,14.333333333333334,0,8,24,12,10,2,1,13,0,1,1,0,0,6.279,1.744,0,1,0.0,-2.171,-2.607,-0.415,-0.279,-0.349,-5.822,-0.5650000000000004,-1.37166282682853,
572,Thomas Hatch,KCA| MIN,RIGHT,RP,34.0,1,12,40,23,22,7,17,22,2,1,0,0,0,5.824,1.677,5,1,0.147,-1.646,-2.409,-0.506,-0.542,-0.725,-5.828,-0.5710000000000006,-1.3862291577329044,
573,Scott McGough,ARI| ATH,RIGHT,RP,16.0,0,13,18,12,12,4,7,16,0,0,0,0,0,6.750,1.562,0,0,0.0,-2.171,-2.541,-0.506,-0.37,-0.258,-5.847,-0.5900000000000007,-1.4323558722634215,
574,Roddery Munoz,SLN,RIGHT,RP,11.0,0,9,9,10,10,4,9,14,0,0,0,0,0,8.182,1.636,2,0,0.182,-2.171,-2.585,-0.506,-0.377,-0.214,-5.854,-0.5970000000000004,-1.4493499249851902,
575,Brandyn Garcia,ARI| SEA,LEFT,RP,14.333333333333332,0,14,18,12,9,0,8,14,0,2,0,0,0,5.651,1.814,1,1,0.07,-2.171,-2.585,-0.506,-0.209,-0.395,-5.866,-0.609,-1.4784825867939366,
576,Mason Barnett,ATH,RIGHT,SP,22.333333333333332,5,5,26,18,17,3,11,18,1,1,0,0,0,6.851,1.657,2,0,0.09,-1.909,-2.497,-0.506,-0.535,-0.456,-5.903,-0.6459999999999999,-1.5683082940375748,
577,Richard Lovelady,NYN| TOR,LEFT,RP,11.666666666666668,0,10,12,12,11,3,6,12,0,1,0,0,0,8.486,1.543,0,0,0.0,-2.171,-2.629,-0.506,-0.428,-0.178,-5.912,-0.6550000000000002,-1.5901577903941362,
578,Caden Dana,ANA,RIGHT,SP,32.333333333333336,5,7,30,24,23,9,18,33,0,4,0,0,0,6.402,1.484,7,3,0.216,-2.171,-2.167,-0.506,-0.661,-0.408,-5.914,-0.657,-1.595013234028927,
579,Gunnar Hoglund,ATH,RIGHT,SP,32.33333333333333,6,6,38,23,23,10,11,23,1,3,0,0,0,6.402,1.516,2,1,0.062,-1.909,-2.387,-0.506,-0.661,-0.453,-5.916,-0.6590000000000007,-1.5998686776637197,
580,Sawyer Gipson-Long,DET,RIGHT,SP| RP,31.333333333333332,3,8,34,26,25,8,6,26,0,2,0,0,0,7.181,1.277,6,2,0.191,-2.171,-2.321,-0.506,-0.831,-0.1,-5.929,-0.6720000000000006,-1.6314290612898625,
581,Bowden Francis,TOR,RIGHT,SP,63.99999999999999,14,14,71,46,43,19,27,54,2,8,0,0,0,6.047,1.531,0,0,0.0,-1.646,-1.706,-0.506,-1.131,-0.943,-5.933,-0.6760000000000002,-1.641139948559444,
582,Scott Alexander,COL| SFN,LEFT,RP,17.666666666666668,0,21,23,12,12,5,9,8,1,1,0,0,0,6.113,1.811,1,2,0.057,-1.909,-2.717,-0.506,-0.321,-0.484,-5.937,-0.6800000000000006,-1.6508508358290277,
583,Joel Payamps,ATL| MIL,RIGHT,RP,26.333333333333332,0,30,31,20,20,4,9,24,0,1,1,0,0,6.835,1.519,0,0,0.0,-2.171,-2.365,-0.415,-0.627,-0.373,-5.952,-0.6950000000000003,-1.6872666630899613,
584,Matthew Bowman,BAL,RIGHT,RP,24.666666666666664,0,20,31,18,17,4,6,18,0,1,0,0,0,6.203,1.500,3,0,0.122,-2.171,-2.497,-0.506,-0.466,-0.329,-5.969,-0.7120000000000006,-1.728537933985688,
585,Garrett McDaniels,ANA,LEFT,RP,10.666666666666666,0,10,13,8,7,2,8,6,0,0,0,0,0,5.906,1.969,4,0,0.375,-2.171,-2.76,-0.506,-0.177,-0.369,-5.983,-0.726,-1.762526039429225,
586,John Brebbia,ATL| DET,RIGHT,RP,23.333333333333336,0,22,28,23,20,5,12,26,1,1,0,0,0,7.714,1.714,2,0,0.086,-1.909,-2.321,-0.506,-0.716,-0.537,-5.989,-0.7320000000000002,-1.7770923703335992,
587,Paul Blackburn,NYA| NYN,RIGHT,SP| RP,39.0,4,15,47,29,27,6,12,34,0,3,1,0,0,6.231,1.513,4,0,0.103,-2.171,-2.145,-0.415,-0.745,-0.542,-6.019,-0.7620000000000005,-1.8499240248554687,
588,Sammy Peralta,ANA,LEFT,RP,10.666666666666668,0,5,14,12,9,0,6,8,0,1,0,0,0,7.594,1.875,3,0,0.281,-2.171,-2.717,-0.506,-0.317,-0.323,-6.034,-0.7770000000000001,-1.8863398521164023,
589,Cal Quantrill,ATL| MIA,RIGHT,SP,117.66666666666667,26,26,136,81,79,22,35,85,4,12,0,0,0,6.043,1.453,25,3,0.212,-1.121,-1.025,-0.506,-2.075,-1.318,-6.046,-0.7890000000000006,-1.915472513925151,
590,Caleb Boushley,TEX,RIGHT,RP,43.333333333333336,1,25,54,33,29,5,14,41,0,0,1,0,0,6.023,1.569,1,1,0.023,-2.171,-1.992,-0.415,-0.758,-0.713,-6.049,-0.7920000000000007,-1.9227556793773382,
591,Julian Merryweather,CHN,RIGHT,RP,18.666666666666668,0,21,23,13,12,2,11,15,0,1,0,0,0,5.786,1.821,3,0,0.161,-2.171,-2.563,-0.506,-0.292,-0.52,-6.052,-0.7949999999999999,-1.9300388448295231,
592,Shaun Anderson,ANA,RIGHT,RP,11.333333333333334,0,7,20,13,13,6,3,11,1,0,0,0,0,10.323,2.029,1,0,0.088,-1.909,-2.651,-0.506,-0.578,-0.423,-6.067,-0.8100000000000005,-1.966454672090459,
593,Sean Hjelle,SFN,RIGHT,RP,15.0,1,12,21,13,13,2,9,11,1,1,0,0,0,7.800,2.000,0,0,0.0,-1.909,-2.651,-0.506,-0.47,-0.54,-6.075,-0.8180000000000005,-1.985876446629624,
594,Penn Murfee,CHA,RIGHT,RP,12.666666666666668,0,15,19,11,11,3,5,13,0,1,0,0,0,7.816,1.895,0,0,0.0,-2.171,-2.607,-0.506,-0.399,-0.395,-6.078,-0.8210000000000006,-1.9931596120818111,
595,Tayler Saucedo,SEA,LEFT,RP,13.333333333333332,0,10,19,12,11,2,6,12,0,0,0,0,0,7.425,1.875,3,0,0.225,-2.171,-2.629,-0.506,-0.379,-0.404,-6.089,-0.8320000000000007,-2.0198645520731633,
596,Scott Effross,NYA,RIGHT,RP,10.666666666666666,0,11,16,10,10,1,3,6,0,0,0,0,0,8.438,1.781,1,0,0.094,-2.171,-2.76,-0.506,-0.387,-0.278,-6.103,-0.8460000000000001,-2.0538526575167007,
597,Trevor Williams,WAS,RIGHT,SP,82.66666666666666,17,17,106,59,57,11,21,65,3,10,0,0,0,6.206,1.536,10,3,0.121,-1.384,-1.464,-0.506,-1.563,-1.237,-6.155,-0.8980000000000006,-2.1800941920212744,
598,Carlos Hernandez,CLE| DET| PHI,RIGHT,RP,43.33333333333334,0,41,50,32,30,4,22,39,1,0,0,0,0,6.231,1.661,9,1,0.208,-1.909,-2.036,-0.506,-0.828,-0.894,-6.173,-0.9160000000000004,-2.223793184734395,
599,Victor Mederos,ANA,RIGHT,SP,17.0,3,5,18,14,14,4,12,14,0,2,0,0,0,7.412,1.765,0,0,0.0,-2.171,-2.585,-0.506,-0.481,-0.43,-6.174,-0.9170000000000007,-2.2262209065517915,
600,Jose Ruiz,ATL| PHI,RIGHT,RP,16.333333333333336,0,18,23,17,16,3,9,15,1,0,0,0,0,8.816,1.959,1,1,0.061,-1.909,-2.563,-0.506,-0.641,-0.557,-6.176,-0.9190000000000005,-2.2310763501865822,
601,Jake Woodford,ARI,RIGHT,RP,36.333333333333336,0,22,45,28,26,3,13,23,0,4,3,0,0,6.440,1.596,2,1,0.055,-2.171,-2.387,-0.233,-0.753,-0.642,-6.187,-0.9300000000000006,-2.257781290177934,
602,Kendall Graveman,ARI,RIGHT,RP,17.666666666666664,0,19,23,14,14,2,12,9,1,0,0,0,0,7.132,1.981,4,2,0.226,-1.909,-2.695,-0.506,-0.462,-0.62,-6.192,-0.9350000000000005,-2.269919899264912,
603,Genesis Cabrera,CHN| MIN| NYN| PIT,LEFT,RP,42.66666666666667,0,40,46,32,31,12,18,35,0,1,1,0,0,6.539,1.500,6,3,0.141,-2.171,-2.123,-0.415,-0.918,-0.568,-6.196,-0.9390000000000001,-2.2796307865344936,
604,Osvaldo Bido,ATH,RIGHT,SP| RP,79.66666666666664,10,26,93,56,52,19,35,68,2,5,1,0,0,5.875,1.607,13,2,0.163,-1.646,-1.399,-0.415,-1.3,-1.446,-6.207,-0.9500000000000002,-2.306335726525846,
605,Shinnosuke Ogasawara,WAS,LEFT,RP,38.66666666666667,2,23,43,30,30,9,17,30,1,1,0,0,0,6.983,1.552,2,2,0.052,-1.909,-2.233,-0.506,-0.965,-0.606,-6.219,-0.9620000000000006,-2.3354683883345944,
606,Chris Roycroft,SLN,RIGHT,RP,20.666666666666668,0,20,26,21,18,2,12,15,1,3,0,0,0,7.839,1.839,2,1,0.097,-1.909,-2.563,-0.506,-0.654,-0.592,-6.224,-0.9670000000000005,-2.3476069974215723,
607,T. J. McFarland,ATH,LEFT,RP,15.666666666666671,0,27,26,12,12,2,3,7,0,0,0,0,0,6.894,1.851,0,0,0.0,-2.171,-2.738,-0.506,-0.38,-0.458,-6.254,-0.9969999999999999,-2.4204386519434395,
608,Brandon Young,BAL,RIGHT,SP,57.666666666666664,12,12,67,42,40,12,22,47,1,7,0,0,0,6.243,1.543,0,0,0.0,-1.909,-1.86,-0.506,-1.107,-0.881,-6.263,-1.0060000000000002,-2.442288148300001,
609,Travis Adams,MIN,RIGHT,RP,33.666666666666664,2,18,39,29,28,6,17,31,1,4,0,0,0,7.485,1.663,3,1,0.089,-1.909,-2.211,-0.506,-0.972,-0.698,-6.296,-1.0390000000000006,-2.522402968274058,
610,Brooks Kriske,CHN| MIN,RIGHT,RP,18.0,0,16,20,15,15,1,15,18,0,1,0,0,0,7.500,1.944,1,1,0.056,-2.171,-2.497,-0.506,-0.522,-0.602,-6.298,-1.0410000000000004,-2.527258411908848,
611,Orlando Ribalta,WAS,RIGHT,RP,24.333333333333336,0,22,28,19,19,6,17,25,0,0,0,0,0,7.027,1.849,1,0,0.041,-2.171,-2.343,-0.506,-0.616,-0.709,-6.346,-1.0890000000000004,-2.6437890591438387,
612,Tyler Zuber,MIA| NYN,RIGHT,RP,12.0,0,10,17,15,15,3,6,14,0,1,0,0,0,11.250,1.917,0,0,0.0,-2.171,-2.585,-0.506,-0.699,-0.386,-6.347,-1.0900000000000007,-2.646216780961235,
613,Joey Estes,ATH,RIGHT,P,11.0,2,3,16,12,12,4,6,6,0,2,0,0,0,9.818,2.000,1,0,0.091,-2.171,-2.76,-0.506,-0.518,-0.396,-6.351,-1.0940000000000003,-2.6559276682308166,
614,Sam Aldegheri,ANA,LEFT,P,13.666666666666668,2,4,20,14,12,3,10,12,0,2,0,0,0,7.902,2.195,2,1,0.146,-2.171,-2.629,-0.506,-0.439,-0.612,-6.358,-1.101,-2.672921720952585,
615,Ryan Fernandez,SLN,RIGHT,RP,30.33333333333333,0,32,36,30,26,6,16,34,0,4,1,0,0,7.714,1.714,2,1,0.066,-2.171,-2.145,-0.415,-0.93,-0.698,-6.36,-1.1030000000000006,-2.677777164587378,
616,Blade Tidwell,NYN,RIGHT,P,15.0,2,4,23,15,15,4,10,10,1,1,0,0,0,9.000,2.200,2,0,0.133,-1.909,-2.673,-0.506,-0.61,-0.675,-6.374,-1.117,-2.711765270030915,
617,Lance McCullers,HOU,RIGHT,SP| RP,55.33333333333333,13,16,61,45,40,10,39,61,2,5,0,0,0,6.506,1.807,9,0,0.163,-1.646,-1.552,-0.506,-1.176,-1.507,-6.388,-1.1310000000000002,-2.7457533754744543,
618,Luarbert Arias,MIA,RIGHT,RP,10.333333333333334,0,7,17,13,13,2,5,10,0,0,0,0,0,11.323,2.129,2,0,0.194,-2.171,-2.673,-0.506,-0.608,-0.432,-6.39,-1.133,-2.750608819109245,
619,George Soriano,MIA,RIGHT,RP,36.666666666666664,0,24,46,36,34,10,19,36,2,0,1,0,0,8.345,1.773,2,0,0.055,-1.646,-2.101,-0.415,-1.305,-0.941,-6.409,-1.1520000000000001,-2.7967355336397626,
620,Elvin Rodriguez,BAL| MIL,RIGHT,RP,19.666666666666668,2,7,26,20,20,9,7,18,0,2,0,0,0,9.152,1.678,0,1,0.0,-2.171,-2.497,-0.506,-0.824,-0.42,-6.419,-1.162,-2.821012751813718,
621,Mason Thompson,WAS,RIGHT,RP,10.666666666666666,0,14,16,16,14,1,12,11,1,1,0,0,0,11.812,2.625,3,0,0.281,-1.909,-2.651,-0.506,-0.668,-0.686,-6.419,-1.162,-2.821012751813718,
622,Jared Shuster,CHA,LEFT,RP,15.666666666666666,2,12,27,15,14,0,5,12,0,0,0,0,0,8.043,2.043,2,0,0.128,-2.171,-2.629,-0.506,-0.521,-0.594,-6.42,-1.1630000000000003,-2.8234404736311145,
623,Austin Cox,ATL,LEFT,RP,21.333333333333336,1,13,30,21,21,9,7,22,0,0,0,0,0,8.859,1.734,0,0,0.0,-2.171,-2.409,-0.506,-0.845,-0.511,-6.442,-1.1850000000000005,-2.876850353613819,
624,Anthony Molina,COL,RIGHT,RP,34.666666666666664,1,17,52,30,28,12,6,24,1,1,0,0,0,7.269,1.673,0,1,0.0,-1.909,-2.365,-0.506,-0.943,-0.734,-6.457,-1.2000000000000002,-2.9132661808747526,
625,Chris Stratton,KCA| LAN,RIGHT,RP,21.0,0,15,32,20,18,4,10,22,0,0,0,0,0,7.714,2.000,1,0,0.048,-2.171,-2.409,-0.506,-0.644,-0.755,-6.486,-1.229,-2.9836701135792256,
626,McCade Brown,COL,RIGHT,SP,25.666666666666664,7,7,30,21,21,6,17,23,0,5,0,0,0,7.364,1.831,5,1,0.195,-2.171,-2.387,-0.506,-0.717,-0.727,-6.508,-1.2510000000000003,-3.03707999356193,
627,Carlos Carrasco,ATL| NYA,RIGHT,SP,45.666666666666664,9,11,61,36,36,10,17,34,2,2,0,0,0,7.095,1.708,4,0,0.088,-1.646,-2.145,-0.506,-1.18,-1.039,-6.517,-1.2600000000000007,-3.0589294899184916,
628,Tayler Scott,ARI| HOU,RIGHT,RP,27.333333333333336,0,24,34,25,24,6,18,24,1,2,0,0,0,7.902,1.902,12,0,0.439,-1.909,-2.365,-0.506,-0.878,-0.862,-6.521,-1.2640000000000002,-3.0686403771880726,
629,Zach Brzykcy,WAS,RIGHT,RP,23.0,0,26,28,23,23,6,12,24,0,1,0,0,0,9.000,1.739,2,1,0.087,-2.171,-2.365,-0.506,-0.936,-0.555,-6.534,-1.2770000000000001,-3.1002007608142157,
630,Erick Fedde,ATL| MIL| SLN,RIGHT,SP| RP,140.99999999999997,24,32,147,90,86,19,67,83,4,13,0,0,0,5.489,1.518,30,2,0.213,-1.121,-1.069,-0.506,-1.878,-1.991,-6.566,-1.3090000000000002,-3.177887858970876,
631,Connor Gillispie,MIA,RIGHT,SP,26.0,6,6,32,26,25,6,11,23,0,3,0,0,0,8.654,1.654,6,1,0.231,-2.171,-2.387,-0.506,-0.988,-0.527,-6.58,-1.3230000000000004,-3.211875964414415,
632,Ryan Loutos,LAN| WAS,RIGHT,RP,11.999999999999998,0,12,20,21,17,4,8,8,1,0,0,0,0,12.750,2.333,2,0,0.167,-1.909,-2.717,-0.506,-0.839,-0.613,-6.584,-1.327,-3.2215868516839965,
633,Lucas Sims,WAS,RIGHT,RP,12.333333333333332,0,18,14,19,19,2,14,13,1,0,0,0,0,13.865,2.270,1,1,0.081,-1.909,-2.607,-0.506,-0.97,-0.595,-6.586,-1.3290000000000006,-3.2264422953187895,
634,Colin Holderman,PIT,RIGHT,RP,25.666666666666668,0,24,34,21,20,4,16,18,0,2,1,0,0,7.013,1.948,5,0,0.195,-2.171,-2.497,-0.415,-0.647,-0.863,-6.593,-1.3360000000000003,-3.243436348040558,
635,Jorge Alcala,BOS| MIN| SLN,RIGHT,RP,55.000000000000014,0,56,66,44,38,13,30,61,0,2,0,0,0,6.218,1.746,8,3,0.145,-2.171,-1.552,-0.506,-1.045,-1.344,-6.619,-1.362,-3.306557115292844,
636,Jordan Hicks,BOS| SFN,RIGHT,SP| RP,67.33333333333331,9,34,80,56,52,6,32,58,2,7,2,0,0,6.950,1.663,3,1,0.045,-1.646,-1.618,-0.324,-1.664,-1.395,-6.648,-1.391,-3.376961047997317,
637,Nate Pearson,CHN,RIGHT,RP,14.666666666666666,0,11,22,15,15,2,10,7,0,1,0,0,0,9.204,2.182,1,0,0.068,-2.171,-2.738,-0.506,-0.62,-0.648,-6.685,-1.428,-3.466786755240955,
638,Andry Lara,WAS,RIGHT,RP,14.333333333333332,0,9,27,15,14,2,8,10,0,0,0,0,0,8.791,2.442,1,0,0.07,-2.171,-2.673,-0.506,-0.56,-0.802,-6.712,-1.455,-3.5323352443106373,
639,Luis Peralta,COL,LEFT,RP,18.999999999999996,0,22,26,22,20,6,18,16,1,3,0,0,0,9.474,2.316,4,1,0.211,-1.909,-2.541,-0.506,-0.843,-0.955,-6.754,-1.4969999999999999,-3.634299560641253,
640,Cionel Perez,BAL,LEFT,RP,21.666666666666668,0,19,28,22,20,3,18,21,0,0,0,0,0,8.308,2.123,1,0,0.046,-2.171,-2.431,-0.506,-0.765,-0.9,-6.773,-1.516,-3.68042627517177,
641,Forrest Whitley,HOU| TBA,RIGHT,RP,11.999999999999998,0,10,19,20,18,3,8,12,0,0,0,0,0,13.500,2.250,1,0,0.083,-2.171,-2.629,-0.506,-0.909,-0.568,-6.783,-1.5260000000000007,-3.704703493345728,
642,Chase Dollander,COL,RIGHT,SP,98.00000000000001,21,21,103,76,71,18,49,82,2,12,0,0,0,6.520,1.551,17,1,0.173,-1.646,-1.091,-0.506,-2.093,-1.532,-6.869,-1.612,-3.9134875696417506,
643,Ryan Rolison,COL,LEFT,RP,42.333333333333336,1,31,55,35,33,11,20,25,1,0,0,0,0,7.016,1.772,2,0,0.047,-1.909,-2.343,-0.506,-1.068,-1.085,-6.911,-1.654,-4.015451885972366,
644,Didier Fuentes,ATL,RIGHT,SP,13.0,4,4,23,20,20,6,6,12,0,3,0,0,0,13.846,2.231,0,1,0.0,-2.171,-2.629,-0.506,-1.02,-0.603,-6.93,-1.673,-4.061578600502884,
645,Noah Davis,LAN| MIN,RIGHT,RP,11.0,0,9,22,24,22,7,6,15,0,2,0,0,0,18.000,2.546,1,1,0.091,-2.171,-2.563,-0.506,-1.22,-0.667,-7.127,-1.87,-4.5398397985298224,
646,Angel Chivilli,COL,RIGHT,RP,58.666666666666664,0,43,76,49,46,13,23,43,1,5,0,0,0,7.057,1.688,4,2,0.068,-1.909,-1.948,-0.506,-1.499,-1.28,-7.141,-1.8840000000000003,-4.573827903973362,
647,Noah Murdock,ATH,RIGHT,RP,17.0,0,14,26,25,25,0,20,21,1,1,0,0,0,13.235,2.706,3,1,0.176,-1.909,-2.431,-0.506,-1.253,-1.155,-7.254,-1.9969999999999999,-4.848160469339066,
648,Tanner Houck,BOS,RIGHT,SP,43.66666666666667,9,9,57,41,39,10,17,32,0,3,0,0,0,8.038,1.695,6,1,0.137,-2.171,-2.189,-0.506,-1.45,-0.967,-7.283,-2.0260000000000007,-4.9185644020435415,
649,Bryse Wilson,CHA,RIGHT,SP| RP,47.333333333333336,5,20,67,37,35,11,19,28,0,2,0,0,0,6.655,1.817,9,1,0.19,-2.171,-2.277,-0.506,-1.061,-1.31,-7.325,-2.0680000000000005,-5.020528718374157,
650,Eduardo Salazar,WAS,RIGHT,RP,29.000000000000004,0,30,47,29,27,7,16,23,0,1,0,0,0,8.379,2.172,6,0,0.207,-2.171,-2.387,-0.506,-1.04,-1.27,-7.374,-2.117,-5.1394870874265415,
651,Kyle Gibson,BAL,RIGHT,SP,12.333333333333332,4,4,29,23,23,7,7,10,0,3,0,0,0,16.784,2.919,0,0,0.0,-2.171,-2.673,-0.506,-1.25,-0.957,-7.558,-2.301,-5.586187901827338,
652,Carson Palmquist,COL,LEFT,SP,34.333333333333336,7,9,45,35,34,10,25,27,0,4,0,0,0,8.913,2.039,10,0,0.291,-2.171,-2.299,-0.506,-1.374,-1.295,-7.646,-2.3890000000000002,-5.7998274217581525,
653,Austin Gomber,COL,LEFT,SP,57.66666666666667,12,12,82,51,48,16,17,34,0,7,0,0,0,7.491,1.717,5,1,0.087,-2.171,-2.145,-0.506,-1.668,-1.334,-7.826,-2.569,-6.236817348889365,
654,Jack Kochanowicz,ANA,RIGHT,SP,110.99999999999999,23,23,136,89,84,21,58,72,3,11,0,0,0,6.811,1.748,4,3,0.036,-1.384,-1.311,-0.506,-2.622,-2.724,-8.547,-3.290000000000001,-7.9872047792316145,
655,Bradley Blalock,COL,RIGHT,SP,58.66666666666666,12,14,85,61,61,17,23,27,2,6,0,0,0,9.358,1.841,7,2,0.119,-1.646,-2.299,-0.506,-2.551,-1.687,-8.69,-3.433,-8.334368999119187,
656,German Marquez,COL,RIGHT,SP,126.33333333333333,26,26,168,106,94,23,48,83,3,16,0,0,0,6.697,1.710,19,3,0.15,-1.384,-1.069,-0.506,-2.872,-2.883,-8.714,-3.4570000000000007,-8.392634322736683,
657,Antonio Senzatela,COL,RIGHT,SP| RP,130.0,23,30,192,103,96,22,47,73,4,15,0,0,0,6.646,1.839,5,1,0.038,-1.121,-1.289,-0.506,-2.904,-3.725,-9.546,-4.289,-10.412498874809842,
