,Name,Team,L/R,POS,IP,GS,GP,HA,R,ER,HR,BB,K,W,L,S,HD,BS,ERA,WHIP,SB,CS,SBP,W-Z,K-Z,S-Z,ERA-Z,WHIP-Z,Z-SUM,Z-SUM-A,ACV,
1,Max Scherzer,TOR| WAS| LAN| NYN| TEX,RIGHT,SP,179.33333333333334,30,30,119,53,49,23,36,236,15,4,0,0,0,2.459,0.864,6,7,0.033,1.906,2.125,-0.506,1.827,2.609,7.961,15.08,27.04649225999279,
2,Walker Buehler,BOS| PHI| LAN,RIGHT,SP,207.66666666666663,33,33,149,61,57,19,52,212,16,4,0,0,0,2.470,0.968,12,3,0.058,2.193,1.609,-0.506,2.097,2.069,7.462,14.581,26.15151880921451,
3,Zack Wheeler,PHI,RIGHT,SP,213.33333333333334,32,32,169,72,66,16,46,247,14,10,0,0,0,2.784,1.008,4,3,0.019,1.619,2.362,-0.506,1.631,1.749,6.854,13.972999999999999,25.06105015576122,
4,Julio Urias,LAN,LEFT,SP,185.66666666666669,32,32,151,67,61,19,38,195,20,3,0,0,0,2.957,1.018,2,3,0.011,3.342,1.243,-0.506,1.169,1.439,6.686,13.805,24.75973644888597,
5,Corbin Burnes,ARI| MIL| BAL,RIGHT,SP,167.0,28,28,123,47,45,7,34,234,11,5,0,0,0,2.425,0.940,18,2,0.108,0.757,2.082,-0.506,1.745,1.869,5.948,13.067,23.43610837939826,
6,Robbie Ray,SFN| ARI| TOR| SEA,LEFT,SP,193.33333333333331,32,32,150,62,61,33,52,248,13,7,0,0,0,2.840,1.045,25,4,0.129,1.332,2.384,-0.506,1.395,1.268,5.871,12.99,23.298006263747105,
7,Gerrit Cole,NYA,RIGHT,SP,181.3333333333333,30,30,151,69,65,24,41,243,16,8,0,0,0,3.226,1.059,9,0,0.05,2.193,2.276,-0.506,0.761,1.077,5.8,12.919,23.17066535191292,
8,Kevin Gausman,TOR| SFN,RIGHT,SP,191.99999999999997,33,33,150,66,60,20,50,227,14,6,0,0,0,2.812,1.042,9,2,0.047,1.619,1.932,-0.506,1.426,1.286,5.756,12.875,23.091749857255117,
9,Adam Wainwright,SLN,RIGHT,SP,206.33333333333334,32,32,168,72,70,21,50,174,17,7,0,0,0,3.053,1.056,3,3,0.015,2.48,0.791,-0.506,1.144,1.246,5.155,12.274000000000001,22.013835941588297,
10,Brandon Woodruff,MIL,RIGHT,SP,179.33333333333334,30,30,130,54,51,18,43,211,9,10,0,0,0,2.559,0.965,3,5,0.017,0.183,1.587,-0.506,1.686,1.813,4.762,11.881,21.308977091576548,
11,Carlos Rodon,NYA| CHA| SFN,LEFT,SP,132.66666666666666,24,24,91,39,35,13,36,185,13,5,0,0,0,2.374,0.957,11,0,0.083,1.332,1.028,-0.506,1.439,1.384,4.676,11.795,21.15473317019993,
12,Charlie Morton,ATL| BAL| DET| TBA,RIGHT,SP,185.66666666666666,33,33,136,77,69,16,58,216,14,6,0,0,0,3.345,1.045,7,0,0.038,1.619,1.695,-0.506,0.607,1.217,4.631,11.75,21.07402414157263,
13,Liam Hendriks,BOS| OAK| CHA,RIGHT,RP,71.0,0,69,45,23,20,11,7,113,8,3,38,0,0,2.535,0.732,6,0,0.085,-0.104,-0.522,3.053,0.681,1.448,4.555,11.674,20.937715559890968,
14,Jacob deGrom,TEX| NYN,RIGHT,SP,92.0,15,15,40,14,11,6,11,146,7,2,0,0,0,1.076,0.554,5,1,0.054,-0.391,0.188,-0.506,1.931,2.601,3.822,10.940999999999999,19.623055160250733,
15,Freddy Peralta,MIL,RIGHT,SP,144.33333333333334,27,28,84,47,45,14,56,195,10,5,0,0,0,2.806,0.970,7,4,0.048,0.47,1.243,-0.506,1.079,1.425,3.71,10.829,19.422179355667236,
16,Jose Berrios,TOR| MIN,RIGHT,SP,192.0,32,32,159,83,75,22,45,204,12,9,0,0,0,3.516,1.062,2,5,0.01,1.044,1.437,-0.506,0.371,1.109,3.455,10.574,18.96482819344587,
17,Joe Musgrove,PIT| SDN,RIGHT,SP,181.33333333333331,31,32,142,68,64,22,54,203,11,9,0,0,0,3.176,1.081,6,1,0.033,0.757,1.415,-0.506,0.831,0.9,3.397,10.516,18.86080322321513,
18,Max Fried,NYA| ATL,LEFT,SP,165.66666666666666,28,28,139,61,56,15,41,158,14,7,0,0,0,3.042,1.087,8,3,0.048,1.619,0.446,-0.506,0.933,0.781,3.272,10.391,18.636611477028186,
19,Lance Lynn,TEX| CHA| LAN| SLN,RIGHT,SP,157.00000000000003,28,28,123,52,47,18,45,176,11,6,0,0,0,2.694,1.070,15,3,0.096,0.757,0.834,-0.506,1.311,0.854,3.25,10.369,18.597153729699286,
20,Sandy Alcantara,MIA,RIGHT,SP,205.66666666666666,33,33,171,85,73,21,50,201,9,15,0,0,0,3.195,1.075,13,5,0.063,0.183,1.372,-0.506,0.913,1.078,3.04,10.158999999999999,18.22051159610522,
21,Raisel Iglesias,ATL| CIN| ANA,RIGHT,RP,70.0,0,65,53,25,20,11,12,103,7,5,34,0,0,2.571,0.929,3,0,0.043,-0.391,-0.738,2.678,0.652,0.819,3.02,10.139,18.18464091671531,
22,Frankie Montas,NYN| OAK| NYA| CIN| MIL,RIGHT,SP,187.0,32,32,164,79,70,20,57,207,13,9,0,0,0,3.369,1.182,6,5,0.032,1.332,1.501,-0.506,0.576,0.093,2.994,10.113,18.138009033508425,
23,Josh Hader,HOU| MIL| SDN,LEFT,RP,58.666666666666664,0,60,25,8,8,3,24,102,4,2,34,0,0,1.227,0.835,5,1,0.085,-1.253,-0.759,2.678,1.162,0.929,2.757,9.876,17.712941482737982,
24,Chris Bassitt,TOR| OAK| NYN,RIGHT,SP,157.33333333333334,27,27,127,55,55,15,39,159,12,4,0,0,0,3.146,1.055,7,3,0.044,1.044,0.468,-0.506,0.758,0.961,2.724,9.843,17.65375486174463,
25,Anthony DeSclafani,ARI| CIN| SFN,RIGHT,SP,167.66666666666666,31,31,141,61,59,19,42,152,13,7,0,0,0,3.167,1.091,7,4,0.042,1.332,0.317,-0.506,0.781,0.754,2.677,9.796,17.56945876517834,
26,Lucas Giolito,BOS| CHA| ANA| CLE,RIGHT,SP,178.66666666666669,31,31,145,74,70,27,52,201,11,9,0,0,0,3.526,1.103,15,1,0.084,0.757,1.372,-0.506,0.331,0.715,2.668,9.786999999999999,17.55331695945288,
27,Lance McCullers,HOU,RIGHT,SP,162.33333333333334,28,28,122,59,57,13,76,185,13,5,0,0,0,3.160,1.220,2,6,0.012,1.332,1.028,-0.506,0.764,-0.192,2.425,9.544,17.117488204865463,
28,Dylan Cease,SDN| CHA,RIGHT,SP,165.66666666666666,32,32,139,77,72,20,68,226,13,7,0,0,0,3.912,1.250,22,2,0.133,1.332,1.91,-0.506,-0.192,-0.414,2.129,9.248,16.58660214989478,
29,Logan Webb,SFN,RIGHT,SP,148.33333333333331,26,27,128,53,50,9,36,158,11,3,0,0,0,3.034,1.106,10,1,0.067,0.757,0.446,-0.506,0.845,0.574,2.116,9.235,16.563286208291338,
30,Tyler Mahle,TEX| CIN| MIN,RIGHT,SP,180.00000000000003,33,33,158,78,75,24,64,210,13,6,0,0,0,3.750,1.233,2,3,0.011,1.332,1.566,-0.506,0.018,-0.321,2.088,9.207,16.513067257145465,
31,Ranger Suarez,PHI,LEFT,SP| RP,106.0,12,39,73,20,16,4,33,107,8,5,4,0,0,1.359,1.000,2,1,0.019,-0.104,-0.652,-0.132,1.991,0.906,2.009,9.128,16.371378073555316,
32,Kenley Jansen,ANA| LAN| ATL| BOS,RIGHT,RP,69.0,0,69,36,21,17,4,36,86,4,4,38,0,0,2.217,1.044,10,0,0.145,-1.253,-1.104,3.053,0.833,0.457,1.986,9.105,16.33012679225692,
33,Marcus Stroman,NYA| NYN| CHN,RIGHT,SP,179.0,33,33,161,70,60,17,44,158,10,13,0,0,0,3.017,1.145,10,7,0.056,0.47,0.446,-0.506,1.043,0.378,1.832,8.951,16.053922560954607,
34,Alex Reyes,SLN,RIGHT,RP,72.33333333333334,0,69,46,32,26,9,52,95,10,8,29,0,0,3.235,1.355,8,1,0.111,0.47,-0.91,2.21,0.298,-0.518,1.55,8.669,15.548145981556862,
35,Nathan Eovaldi,TEX| BOS,RIGHT,SP,182.33333333333337,32,32,182,81,76,15,35,195,11,9,0,0,0,3.751,1.190,10,0,0.055,0.757,1.243,-0.506,0.017,0.023,1.533,8.652,15.517655904075436,
36,Luis Garcia,HOU,RIGHT,SP,155.33333333333337,28,30,133,62,60,19,50,167,11,8,0,0,0,3.476,1.178,14,8,0.09,0.757,0.64,-0.506,0.348,0.102,1.341,8.459999999999999,15.173297381932292,
37,Jordan Romano,PHI| TOR,RIGHT,RP,62.99999999999999,0,62,41,17,15,7,25,85,7,1,23,0,0,2.143,1.048,9,3,0.143,-0.391,-1.125,1.648,0.797,0.405,1.334,8.453,15.160742644145824,
38,Trevor Bauer,CIN| LAN,RIGHT,SP,107.66666666666667,17,17,71,36,31,19,37,137,8,5,0,0,0,2.591,1.003,12,3,0.111,-0.104,-0.006,-0.506,0.985,0.905,1.274,8.393,15.053130605976094,
39,Shohei Ohtani,LAN| ANA,RIGHT,SP,130.33333333333331,23,23,98,48,46,15,44,156,9,2,0,0,0,3.176,1.089,2,2,0.015,0.183,0.403,-0.506,0.597,0.597,1.274,8.393,15.053130605976094,
40,Chad Green,TOR| NYA,RIGHT,RP,83.66666666666669,0,67,57,32,29,14,17,99,10,7,6,0,0,3.119,0.884,2,5,0.024,0.47,-0.824,0.056,0.421,1.143,1.265,8.384,15.036988800250633,
41,Clayton Kershaw,LAN,LEFT,SP,121.66666666666667,22,22,103,51,48,15,21,144,10,8,0,0,0,3.551,1.019,7,5,0.058,0.47,0.145,-0.506,0.202,0.936,1.247,8.366,15.004705188799711,
42,Emmanuel Clase,CLE,RIGHT,RP,69.66666666666667,0,71,51,18,10,2,16,74,4,5,24,0,0,1.292,0.962,4,0,0.057,-1.253,-1.362,1.741,1.345,0.713,1.185,8.304,14.89350608269099,
43,Craig Kimbrel,ATL| HOU| CHN| CHA| LAN| PHI| BAL,RIGHT,RP,59.66666666666665,0,63,31,19,15,6,23,100,4,5,24,0,0,2.263,0.905,6,1,0.101,-1.253,-0.802,1.741,0.699,0.761,1.146,8.265,14.823558257880665,
44,Ryan Pressly,CHN| HOU,RIGHT,RP,64.0,0,64,49,19,16,4,13,81,5,3,26,0,0,2.250,0.969,2,0,0.031,-0.966,-1.211,1.929,0.756,0.635,1.144,8.263,14.819971189941672,
45,Paul Sewald,CLE| DET| NYN| SEA| ARI,RIGHT,RP,64.66666666666667,0,62,42,24,22,10,24,104,10,3,11,0,0,3.062,1.021,4,0,0.062,0.47,-0.716,0.524,0.354,0.493,1.125,8.244,14.785894044521257,
46,Edwin Diaz,NYN,RIGHT,RP,62.666666666666664,0,63,43,27,24,3,23,89,5,6,32,0,0,3.447,1.053,6,4,0.096,-0.966,-1.039,2.491,0.155,0.388,1.029,8.148,14.613714783449684,
47,Sean Manaea,NYN| OAK| SDN| SFN,LEFT,SP,179.33333333333331,32,32,179,79,78,25,41,194,11,10,0,0,0,3.914,1.227,3,2,0.017,0.757,1.221,-0.506,-0.212,-0.268,0.992,8.111,14.54735402657835,
48,Trevor Rogers,BAL| MIA,LEFT,SP,133.0,25,25,107,46,39,6,46,157,7,8,0,0,0,2.639,1.150,9,3,0.068,-0.391,0.425,-0.506,1.168,0.251,0.946,8.065,14.464851463981553,
49,Mark Melancon,ATL| SDN| ARI,RIGHT,RP,64.66666666666667,0,64,54,21,16,4,25,59,4,3,39,0,0,2.227,1.222,0,0,0.0,-1.253,-1.685,3.146,0.776,-0.082,0.903,8.022,14.387729503293246,
50,Andrew Kittredge,BAL| CHN| TBA| SLN,RIGHT,SP| RP,71.66666666666667,4,57,55,21,15,7,15,77,9,3,8,0,0,1.884,0.977,4,1,0.056,0.183,-1.297,0.243,1.052,0.686,0.867,7.986,14.323162280391406,
51,Yu Darvish,SDN| CHN,RIGHT,SP,166.33333333333331,30,30,138,81,78,28,44,199,8,11,0,0,0,4.220,1.094,15,1,0.09,-0.104,1.329,-0.506,-0.594,0.728,0.851,7.97,14.294465736879477,
52,Aaron Nola,PHI,RIGHT,SP,180.66666666666669,32,32,165,95,93,26,39,223,9,9,0,0,0,4.633,1.129,7,2,0.039,0.183,1.846,-0.506,-1.228,0.511,0.805,7.9239999999999995,14.211963174282682,
53,Giovanny Gallegos,SLN,RIGHT,RP,80.33333333333333,0,73,51,28,27,6,20,95,6,5,14,0,0,3.025,0.884,3,2,0.037,-0.679,-0.91,0.805,0.463,1.1,0.779,7.898,14.165331291075798,
54,Will Smith,ATL| HOU| TEX| KCA,LEFT,RP,68.0,0,71,49,27,26,11,28,87,3,7,37,0,0,3.441,1.132,1,0,0.015,-1.54,-1.082,2.959,0.171,0.183,0.69,7.808999999999999,14.005706767790693,
55,Alek Manoah,TOR,RIGHT,SP,111.66666666666667,20,20,77,44,40,12,40,127,9,2,0,0,0,3.224,1.048,0,1,0.0,0.183,-0.221,-0.506,0.47,0.718,0.644,7.763,13.9232042051939,
56,Aroldis Chapman,BOS| NYA| KCA| TEX| PIT,LEFT,RP,56.33333333333332,0,61,36,23,21,9,38,97,6,4,30,0,0,3.355,1.314,5,1,0.089,-0.679,-0.867,2.303,0.18,-0.301,0.637,7.756,13.910649467407431,
57,Chris Flexen,CHN| SEA| COL| CHA,RIGHT,SP,179.66666666666663,31,31,185,74,72,19,40,125,14,6,0,0,0,3.607,1.252,4,1,0.022,1.619,-0.264,-0.506,0.219,-0.472,0.596,7.715,13.837114574658115,
58,Jake McGee,LAN| SFN| MIL| WAS,LEFT,RP,59.666666666666664,0,62,44,25,18,7,10,58,3,2,31,0,0,2.715,0.905,1,0,0.017,-1.54,-1.706,2.397,0.488,0.761,0.4,7.519,13.485581916636988,
59,Framber Valdez,HOU,LEFT,SP,134.66666666666666,22,22,110,52,47,12,58,125,11,6,0,0,0,3.141,1.248,5,0,0.037,0.757,-0.264,-0.506,0.654,-0.325,0.316,7.435,13.334925063199362,
60,Alex Wood,LAN| SFN| OAK,LEFT,SP,138.66666666666666,26,26,125,63,59,14,39,152,10,4,0,0,0,3.829,1.183,1,2,0.007,0.47,0.317,-0.506,-0.072,0.063,0.272,7.391,13.256009568541558,
61,Steven Matz,BOS| SLN| NYN| TOR,LEFT,SP,150.66666666666666,29,29,158,70,64,18,43,144,14,7,0,0,0,3.823,1.334,6,1,0.04,1.619,0.145,-0.506,-0.071,-0.941,0.246,7.365,13.209377685334674,
62,Kyle Gibson,BAL| TEX| PHI| SLN,RIGHT,SP,182.0,30,31,158,78,75,17,64,155,10,9,0,0,0,3.709,1.220,2,3,0.011,0.47,0.382,-0.506,0.077,-0.216,0.207,7.326,13.139429860524347,
63,Hyun Jin Ryu,TOR,LEFT,SP,169.0,31,31,170,85,82,24,37,143,14,10,0,0,0,4.367,1.225,1,1,0.006,1.619,0.123,-0.506,-0.797,-0.238,0.2,7.319,13.126875122737879,
64,Cal Quantrill,ATL| MIA| CLE| SDN| COL,RIGHT,SP| RP,149.66666666666666,22,40,129,55,48,16,47,121,8,3,0,0,0,2.886,1.176,6,1,0.04,-0.104,-0.35,-0.506,1.025,0.113,0.177,7.295999999999999,13.08562384143948,
65,Jonathan Loaisiga,NYA,RIGHT,RP,70.66666666666666,0,57,56,19,17,3,16,69,9,4,5,0,0,2.165,1.019,3,0,0.042,0.183,-1.47,-0.038,0.882,0.545,0.102,7.221,12.951108793727316,
66,Matt Barnes,BOS| MIA| WAS,RIGHT,RP,54.66666666666667,0,60,41,25,23,8,20,84,6,5,24,0,0,3.787,1.116,7,1,0.128,-0.679,-1.147,1.741,-0.01,0.187,0.093,7.212,12.934966988001856,
67,Aaron Civale,CHA| CHN| MIL| CLE| TBA,RIGHT,SP,124.33333333333334,21,21,108,56,53,23,31,99,12,5,0,0,0,3.837,1.118,4,4,0.032,1.044,-0.824,-0.506,-0.071,0.413,0.056,7.175,12.86860623113052,
68,Blake Treinen,LAN,RIGHT,RP,72.33333333333336,0,72,46,20,16,5,25,85,6,5,7,0,0,1.991,0.982,17,3,0.235,-0.679,-1.125,0.149,1.001,0.677,0.024,7.143,12.811213144106663,
69,Tyler Glasnow,LAN| TBA,RIGHT,SP,88.0,14,14,55,26,26,10,27,123,5,2,0,0,0,2.659,0.932,6,2,0.068,-0.966,-0.307,-0.506,0.759,1.017,-0.003,7.116,12.762787726930283,
70,John Means,BAL,LEFT,SP,146.66666666666666,26,26,125,64,59,30,26,134,6,9,0,0,0,3.620,1.030,0,2,0.0,-0.679,-0.07,-0.506,0.163,1.061,-0.031,7.088,12.712568775784408,
71,Tyler Rogers,NYN| SFN,RIGHT,RP,81.0,0,80,74,23,20,5,13,55,7,1,13,0,0,2.222,1.074,4,2,0.049,-0.391,-1.771,0.711,0.975,0.426,-0.05,7.069,12.678491630363993,
72,Shane McClanahan,TBA,LEFT,SP,123.33333333333333,25,25,120,49,47,14,37,141,10,6,0,0,0,3.430,1.273,7,3,0.057,0.47,0.08,-0.506,0.321,-0.437,-0.072,7.047,12.639033883035092,
73,German Marquez,COL,RIGHT,SP,180.00000000000003,32,32,165,92,88,21,64,176,12,11,0,0,0,4.400,1.272,8,4,0.044,1.044,0.834,-0.506,-0.896,-0.631,-0.155,6.9639999999999995,12.490170563566961,
74,Wade Miley,CIN| CHN| MIL,LEFT,SP,163.0,28,28,166,64,61,17,50,125,12,7,0,0,0,3.368,1.325,2,3,0.012,1.044,-0.264,-0.506,0.503,-0.954,-0.177,6.942,12.45071281623806,
75,Lou Trivino,LAN| PHI| SFN| OAK| NYA,RIGHT,RP,73.66666666666664,0,71,58,32,26,5,34,67,7,8,22,0,0,3.176,1.249,7,2,0.095,-0.391,-1.513,1.554,0.338,-0.182,-0.195,6.9239999999999995,12.418429204787138,
76,Scott Barlow,CIN| KCA| SDN| CLE,RIGHT,RP,74.33333333333333,0,71,61,20,20,4,28,91,5,3,16,0,0,2.421,1.197,4,0,0.054,-0.966,-0.996,0.992,0.779,-0.014,-0.205,6.914,12.400493865092184,
77,Diego Castillo,TBA| SEA| MIN,RIGHT,RP,58.33333333333333,0,61,40,23,18,9,17,75,5,5,16,0,0,2.777,0.977,5,1,0.086,-0.966,-1.34,0.992,0.449,0.557,-0.307,6.811999999999999,12.217553400203638,
78,Garrett Whitlock,BOS,RIGHT,RP,73.33333333333333,0,46,64,22,16,6,17,81,8,4,2,0,0,1.964,1.105,3,2,0.041,-0.104,-1.211,-0.319,1.031,0.287,-0.317,6.802,12.199618060508683,
79,Drew Steckenrider,SEA,RIGHT,RP,67.66666666666666,0,62,52,16,15,5,17,58,5,2,14,0,0,1.995,1.020,3,0,0.044,-0.966,-1.706,0.805,0.935,0.519,-0.414,6.705,12.025645265467617,
80,Zack Greinke,HOU| KCA,RIGHT,SP,171.00000000000003,29,30,164,82,79,30,36,120,11,6,0,0,0,4.158,1.170,7,1,0.041,0.757,-0.372,-0.506,-0.528,0.177,-0.471,6.648,11.92341382920637,
81,Eric Lauer,TOR| MIL,LEFT,SP| RP,118.66666666666667,20,24,94,46,42,16,41,117,7,5,0,0,0,3.185,1.138,3,1,0.025,-0.391,-0.436,-0.506,0.535,0.291,-0.508,6.611,11.857053072335034,
82,Jose Urquidy,DET| HOU,RIGHT,SP,106.99999999999999,20,20,87,43,43,17,19,90,8,3,0,0,0,3.617,0.991,2,2,0.019,-0.104,-1.018,-0.506,0.122,0.958,-0.548,6.571,11.785311713555213,
83,Shane Bieber,TOR| CLE,RIGHT,SP,96.66666666666666,16,16,84,36,34,11,33,134,7,4,0,0,0,3.166,1.210,3,4,0.031,-0.391,-0.07,-0.506,0.451,-0.074,-0.591,6.528,11.708189752866904,
84,Collin McHugh,TBA| ATL,RIGHT,SP| RP,64.0,7,37,48,15,11,3,12,74,6,1,1,0,0,1.547,0.938,0,0,0.0,-0.679,-1.362,-0.413,1.108,0.724,-0.621,6.497999999999999,11.654383733782037,
85,Ian Anderson,ANA| ATL,RIGHT,SP,128.33333333333334,24,24,105,51,51,16,53,124,9,5,0,0,0,3.577,1.231,6,0,0.047,0.183,-0.286,-0.506,0.187,-0.217,-0.639,6.4799999999999995,11.622100122331117,
86,Jack Flaherty,DET| SLN| BAL| LAN,RIGHT,SP,78.33333333333333,15,17,57,35,28,12,26,85,9,2,0,0,0,3.217,1.060,0,3,0.0,0.183,-1.125,-0.506,0.334,0.463,-0.652,6.467,11.598784180727677,
87,Adrian Houser,CHA| TBA| MIL| NYN,RIGHT,SP,142.33333333333331,26,28,118,61,51,12,64,105,10,6,0,0,0,3.225,1.279,19,6,0.133,0.47,-0.695,-0.506,0.598,-0.54,-0.673,6.446,11.56111996736827,
88,Marco Gonzales,SEA| PIT,LEFT,SP,143.33333333333331,25,25,125,64,63,29,42,108,10,6,0,0,0,3.956,1.165,7,3,0.049,0.47,-0.63,-0.506,-0.216,0.177,-0.705,6.414,11.503726880344413,
89,Eduardo Rodriguez,ARI| BOS| DET,LEFT,SP,157.66666666666666,31,32,172,87,83,19,47,185,13,8,0,0,0,4.738,1.389,2,2,0.013,1.332,1.028,-0.506,-1.201,-1.368,-0.716,6.403,11.483998006679961,
90,Ian Kennedy,KCA| PHI| TEX| ARI,RIGHT,RP,56.333333333333336,0,55,45,21,20,12,17,62,3,1,26,0,0,3.195,1.101,0,0,0.0,-1.54,-1.62,1.929,0.25,0.23,-0.751,6.367999999999999,11.421224317747617,
91,Kendall Graveman,ARI| SEA| HOU| CHA,RIGHT,RP,56.0,0,53,35,15,11,3,20,61,5,1,10,0,0,1.768,0.982,4,2,0.071,-0.966,-1.642,0.43,0.873,0.523,-0.782,6.337,11.365624764693255,
92,Brent Suter,CIN| MIL| COL,LEFT,RP,73.33333333333333,1,61,72,34,25,9,24,69,12,5,1,0,0,3.068,1.309,0,1,0.0,1.044,-1.47,-0.413,0.398,-0.377,-0.817,6.302,11.30285107576091,
93,Rich Hill,KCA| MIN| NYN| TBA| BOS| PIT| SDN,LEFT,SP,158.66666666666666,31,32,137,70,68,21,55,150,7,8,0,0,0,3.857,1.210,9,5,0.057,-0.391,0.274,-0.506,-0.117,-0.12,-0.86,6.2589999999999995,11.225729115072603,
94,Devin Williams,NYA| MIL,RIGHT,RP,54.0,0,58,36,17,15,5,28,87,8,2,3,0,0,2.500,1.185,4,2,0.074,-0.104,-1.082,-0.225,0.533,0.019,-0.86,6.2589999999999995,11.225729115072603,
95,Casey Mize,DET,RIGHT,SP,150.33333333333334,30,30,130,64,62,24,41,118,7,9,0,0,0,3.712,1.137,3,6,0.02,-0.391,-0.415,-0.506,0.06,0.37,-0.883,6.236,11.184477833774206,
96,Dylan Floro,LAN| MIA| MIN| ARI| WAS,RIGHT,RP,64.0,0,68,53,25,20,2,25,62,6,6,15,0,0,2.812,1.219,2,1,0.031,-0.679,-1.62,0.898,0.475,-0.073,-0.998,6.1209999999999996,10.978221427282218,
97,Aaron Loup,TBA| NYN| ANA,LEFT,RP,56.666666666666664,2,65,37,9,6,1,16,57,6,0,0,0,0,0.953,0.935,2,2,0.035,-0.679,-1.728,-0.506,1.244,0.646,-1.023,6.096,10.93338307804483,
98,Richard Rodriguez,PIT| ATL,RIGHT,RP,64.33333333333333,0,64,50,21,21,8,10,42,5,4,14,0,0,2.938,0.933,0,1,0.0,-0.966,-2.051,0.805,0.415,0.741,-1.056,6.063,10.874196457051477,
99,Pablo Lopez,MIN| MIA,RIGHT,SP,102.66666666666667,20,20,89,37,35,11,26,115,5,5,0,0,0,3.068,1.120,2,1,0.019,-0.966,-0.479,-0.506,0.557,0.331,-1.063,6.056,10.861641719265009,
100,Gregory Soto,BAL| NYN| DET| PHI,LEFT,RP,63.66666666666666,0,62,46,30,24,7,40,76,6,3,18,0,0,3.393,1.351,1,0,0.016,-0.679,-1.319,1.179,0.184,-0.445,-1.078,6.0409999999999995,10.834738709722574,
101,Nick Pivetta,SDN| BOS| PHI,RIGHT,SP,155.0,30,31,137,80,78,24,65,175,9,8,1,0,0,4.529,1.303,11,0,0.071,0.183,0.812,-0.413,-0.928,-0.756,-1.101,6.018,10.793487428424177,
102,Sonny Gray,SLN| CIN| MIN,RIGHT,SP,135.33333333333334,26,26,115,67,63,19,50,155,7,9,0,0,0,4.190,1.219,11,0,0.081,-0.391,0.382,-0.506,-0.451,-0.157,-1.124,5.994999999999999,10.752236147125778,
103,Brad Hand,CLE| NYN| TOR| WAS| PHI| ATL| COL,LEFT,RP,64.66666666666667,0,68,56,39,28,9,26,61,6,7,21,0,0,3.897,1.268,7,0,0.108,-0.679,-1.642,1.46,-0.068,-0.215,-1.142,5.977,10.719952535674862,
104,Tarik Skubal,DET,LEFT,SP,149.33333333333334,29,31,141,76,72,35,47,164,8,12,0,0,0,4.339,1.259,5,4,0.033,-0.104,0.575,-0.506,-0.672,-0.436,-1.143,5.976,10.718159001705365,
105,Luis Castillo,SEA| CIN,RIGHT,SP,187.66666666666669,33,33,181,94,83,19,75,192,8,16,0,0,0,3.981,1.364,5,4,0.027,-0.104,1.178,-0.506,-0.319,-1.422,-1.173,5.946,10.664352982620498,
106,Craig Stammen,SDN,RIGHT,SP| RP,88.33333333333333,4,67,79,31,30,13,13,83,6,3,1,0,0,3.057,1.042,12,1,0.136,-0.679,-1.168,-0.413,0.487,0.592,-1.18,5.939,10.65179824483403,
107,Jameson Taillon,CHN| NYA,RIGHT,SP,144.33333333333334,29,29,130,73,69,24,44,140,8,6,0,0,0,4.303,1.206,15,3,0.104,-0.104,0.059,-0.506,-0.608,-0.08,-1.24,5.879,10.544186206664296,
108,Jarlin Garcia,SFN,LEFT,RP,68.66666666666666,0,58,48,26,20,9,18,68,6,3,1,0,0,2.621,0.961,4,5,0.058,-0.679,-1.491,-0.413,0.612,0.705,-1.265,5.854,10.499347857426908,
109,Trevor Richards,ARI| KCA| TBA| MIL| TOR| MIN,RIGHT,RP,64.33333333333334,0,53,40,26,25,12,22,78,7,2,1,0,0,3.497,0.964,0,3,0.0,-0.391,-1.276,-0.413,0.133,0.653,-1.294,5.824999999999999,10.447335372311537,
110,James Karinchak,CLE,RIGHT,RP,55.33333333333333,0,60,35,27,25,9,32,78,7,4,11,0,0,4.066,1.211,7,0,0.127,-0.391,-1.276,0.524,-0.131,-0.044,-1.318,5.801,10.404290557043645,
111,Jordan Montgomery,NYA| SLN| TEX| ARI,LEFT,SP,157.33333333333331,30,30,150,73,67,19,51,162,6,7,0,0,0,3.833,1.278,7,5,0.044,-0.679,0.532,-0.506,-0.086,-0.589,-1.327,5.792,10.388148751318186,
112,Hector Neris,ANA| ATL| HOU| PHI| CHN,RIGHT,RP,74.33333333333333,0,74,55,34,30,12,32,98,4,7,12,0,0,3.632,1.170,5,2,0.067,-1.253,-0.845,0.617,0.076,0.074,-1.33,5.789,10.382768149409698,
113,Blake Snell,LAN| TBA| SDN| SFN,LEFT,SP,128.66666666666666,27,27,101,61,60,16,69,170,7,6,0,0,0,4.197,1.321,19,3,0.148,-0.391,0.705,-0.506,-0.436,-0.73,-1.36,5.7589999999999995,10.32896213032483,
114,James Kaprielian,OAK,RIGHT,SP| RP,119.33333333333333,21,24,105,55,54,19,41,123,8,5,0,0,0,4.073,1.224,9,0,0.075,-0.104,-0.307,-0.506,-0.289,-0.161,-1.367,5.752,10.316407392538363,
115,Michael Fulmer,BOS| CHN| DET| MIN,RIGHT,SP| RP,69.66666666666666,4,52,69,27,23,7,20,73,5,6,14,0,0,2.971,1.278,6,0,0.086,-0.966,-1.383,0.805,0.431,-0.261,-1.374,5.744999999999999,10.303852654751893,
116,Cole Sulser,TBA| BAL| MIA| ARI| NYN,RIGHT,RP,63.33333333333333,0,60,48,20,19,5,23,73,5,4,8,0,0,2.700,1.121,2,0,0.032,-0.966,-1.383,0.243,0.526,0.202,-1.379,5.74,10.294884984904417,
117,Michael Pineda,MIN| DET,RIGHT,SP,109.33333333333336,21,22,114,49,44,17,21,88,9,8,0,0,0,3.622,1.235,10,5,0.091,0.183,-1.061,-0.506,0.12,-0.202,-1.466,5.653,10.138847529558303,
118,Taijuan Walker,PHI| SEA| TOR| NYN,RIGHT,SP,159.00000000000003,29,30,133,84,79,26,55,146,7,11,0,0,0,4.472,1.182,7,4,0.044,-0.391,0.188,-0.506,-0.88,0.075,-1.515,5.604,10.050964365053023,
119,Cristian Javier,HOU,RIGHT,SP| RP,101.33333333333334,9,36,67,41,40,16,53,130,4,1,2,0,0,3.553,1.184,4,1,0.039,-1.253,-0.156,-0.319,0.167,0.039,-1.522,5.5969999999999995,10.038409627266553,
120,Chris Stratton,KCA| LAN| PIT| SLN| TEX,RIGHT,RP,79.33333333333334,0,68,70,34,32,9,33,86,7,1,8,0,0,3.630,1.298,2,0,0.025,-0.391,-1.104,0.243,0.082,-0.37,-1.54,5.579,10.006126015815633,
121,Andrew Chafin,ANA| WAS| ARI| CHN| OAK| DET| MIL| TEX,LEFT,RP,68.66666666666667,0,71,45,14,14,4,19,64,2,4,5,0,0,1.835,0.932,1,0,0.015,-1.827,-1.577,-0.038,1.034,0.793,-1.615,5.504,9.871610968103468,
122,Brad Boxberger,MIA| MIL| CHN,RIGHT,RP,64.66666666666666,0,71,44,26,24,8,25,83,5,4,4,0,0,3.340,1.067,3,0,0.046,-0.966,-1.168,-0.132,0.214,0.361,-1.691,5.428,9.735302386421807,
123,Kyle Hendricks,ANA| CHN,RIGHT,SP,180.99999999999997,32,32,200,101,96,31,44,131,14,7,0,0,0,4.774,1.348,9,1,0.05,1.619,-0.135,-0.506,-1.429,-1.242,-1.694,5.425,9.729921784513321,
124,Clay Holmes,NYN| PIT| NYA,RIGHT,RP,70.00000000000001,0,69,53,32,28,5,29,78,8,4,0,0,0,3.600,1.171,2,0,0.029,-0.104,-1.276,-0.506,0.089,0.067,-1.731,5.388,9.663561027641986,
125,David Bednar,NYA| PIT| SDN,RIGHT,RP,60.66666666666667,0,61,40,15,15,5,19,77,3,1,3,0,0,2.225,0.973,3,2,0.049,-1.54,-1.297,-0.225,0.729,0.592,-1.742,5.377,9.643832153977534,
126,Alex Cobb,BAL| ANA| SFN| CLE,RIGHT,SP,93.33333333333334,18,18,85,46,39,5,33,98,8,3,0,0,0,3.761,1.264,6,0,0.064,-0.104,-0.845,-0.506,0.002,-0.295,-1.749,5.369999999999999,9.631277416191065,
127,Austin Gomber,COL| SLN,LEFT,SP,115.33333333333334,23,23,102,64,58,20,41,113,9,9,0,0,0,4.526,1.240,1,1,0.009,0.183,-0.522,-0.506,-0.687,-0.239,-1.773,5.346,9.588232600923172,
128,Trevor May,MIN| NYN| OAK,RIGHT,RP,62.666666666666664,0,68,55,29,25,10,24,83,7,3,4,0,0,3.590,1.261,3,0,0.048,-0.391,-1.168,-0.132,0.084,-0.188,-1.795,5.324,9.54877485359427,
129,Caleb Thielbar,CHN| MIN,LEFT,RP,64.00000000000001,0,59,55,24,23,8,20,77,7,0,0,0,0,3.234,1.172,2,1,0.031,-0.391,-1.297,-0.506,0.264,0.06,-1.871,5.247999999999999,9.412466271912608,
130,Josh Staumont,KCA| MIN,RIGHT,RP,65.66666666666667,0,64,43,24,21,6,27,72,4,3,5,0,0,2.878,1.066,2,0,0.03,-1.253,-1.405,-0.038,0.454,0.369,-1.873,5.2459999999999996,9.408879203973617,
131,Zach Plesac,CLE| ANA,RIGHT,SP,142.66666666666669,25,25,137,79,74,23,34,100,10,6,0,0,0,4.668,1.199,3,1,0.021,0.47,-0.802,-0.506,-1.009,-0.035,-1.883,5.236,9.390943864278663,
132,Jose Suarez,ATL| ANA,LEFT,SP| RP,98.33333333333334,14,23,85,45,41,11,36,85,8,8,0,0,0,3.752,1.230,6,0,0.061,-0.104,-1.125,-0.506,0.008,-0.163,-1.891,5.228,9.376595592522698,
133,Drew Smyly,SFN| ATL| CHN,LEFT,SP| RP,126.66666666666669,23,29,133,69,63,27,41,117,11,4,0,0,0,4.476,1.374,6,5,0.047,0.757,-0.436,-0.506,-0.706,-1.013,-1.904,5.215,9.353279650919257,
134,Nestor Cortes,MIL| SDN| SEA| NYA,LEFT,SP| RP,92.99999999999999,14,22,75,32,30,14,25,103,2,3,0,0,0,2.903,1.075,5,0,0.054,-1.827,-0.738,-0.506,0.625,0.485,-1.962,5.157,9.249254680688516,
135,Yusei Kikuchi,ANA| SEA| TOR| HOU,LEFT,SP,157.0,29,29,145,82,77,27,62,163,7,9,0,0,0,4.414,1.319,4,3,0.025,-0.391,0.554,-0.506,-0.798,-0.872,-2.014,5.105,9.155990914274748,
136,Cole Irvin,PHI| OAK| BAL| MIN,LEFT,SP,178.33333333333331,32,32,195,94,84,23,42,125,10,15,0,0,0,4.239,1.329,2,1,0.011,0.47,-0.264,-0.506,-0.663,-1.073,-2.037,5.082,9.114739632976349,
137,Jon Gray,TEX| COL,RIGHT,SP,148.99999999999997,29,29,140,83,76,21,58,157,8,12,0,0,0,4.591,1.329,8,2,0.054,-0.104,0.425,-0.506,-0.963,-0.896,-2.045,5.074,9.100391361220385,
138,Drew Rasmussen,TBA| MIL,RIGHT,SP| RP,76.0,10,35,57,27,24,5,25,73,4,1,1,0,0,2.842,1.079,4,0,0.053,-1.253,-1.383,-0.413,0.547,0.384,-2.119,5.0,8.967669847477715,
139,Logan Gilbert,SEA,RIGHT,SP,119.33333333333333,24,24,112,63,62,17,28,128,6,5,0,0,0,4.676,1.173,10,0,0.084,-0.679,-0.199,-0.506,-0.851,0.105,-2.131,4.9879999999999995,8.946147439843768,
140,Yimi Garcia,TOR| MIA| HOU| SEA,RIGHT,RP,57.66666666666667,0,62,49,33,27,8,18,60,4,9,15,0,0,4.214,1.162,2,0,0.035,-1.253,-1.663,0.898,-0.203,0.08,-2.141,4.978,8.928212100148812,
141,Yusmeiro Petit,OAK,RIGHT,RP,78.0,0,78,69,35,34,12,12,37,8,3,2,0,0,3.923,1.038,4,1,0.051,-0.104,-2.158,-0.319,-0.098,0.534,-2.146,4.973,8.919244430301335,
142,Michael Kopech,LAN| CHA,RIGHT,SP| RP,69.33333333333334,4,44,54,27,27,9,24,103,4,3,0,0,0,3.505,1.125,10,0,0.144,-1.253,-0.738,-0.506,0.14,0.209,-2.148,4.971,8.915657362362344,
143,Madison Bumgarner,ARI,LEFT,SP,146.33333333333334,26,26,134,82,76,24,39,124,7,10,0,0,0,4.674,1.182,11,4,0.075,-0.391,-0.286,-0.506,-1.042,0.07,-2.155,4.964,8.903102624575876,
144,Lucas Luetge,NYA| ATL,LEFT,RP,72.33333333333333,1,57,67,30,22,6,15,78,4,2,1,0,0,2.737,1.134,5,0,0.069,-1.253,-1.276,-0.413,0.58,0.19,-2.172,4.946999999999999,8.87261254709445,
145,Daniel Bard,COL,RIGHT,RP,65.66666666666667,0,67,69,41,38,8,36,80,7,8,20,0,0,5.208,1.599,7,3,0.107,-0.391,-1.233,1.367,-0.741,-1.18,-2.179,4.9399999999999995,8.860057809307982,
146,Lucas Sims,WAS| CIN| BOS,RIGHT,RP,46.999999999999986,0,47,34,26,23,6,18,76,5,3,7,0,0,4.404,1.106,2,1,0.043,-0.966,-1.319,0.149,-0.235,0.18,-2.191,4.928,8.838535401674037,
147,J. T. Chargois,SEA| TBA| MIA,RIGHT,RP,53.666666666666664,0,56,38,16,15,5,20,53,6,1,0,0,0,2.515,1.081,1,3,0.019,-0.679,-1.814,-0.506,0.523,0.267,-2.209,4.91,8.806251790223117,
148,Adbert Alzolay,CHN,RIGHT,SP| RP,125.66666666666667,21,29,112,66,64,25,34,128,5,13,1,0,0,4.584,1.162,10,2,0.08,-0.966,-0.199,-0.413,-0.806,0.174,-2.21,4.909,8.80445825625362,
149,Kwang Hyun Kim,SLN,LEFT,SP| RP,106.66666666666669,21,27,98,46,41,12,39,80,7,7,1,0,0,3.459,1.284,1,3,0.009,-0.391,-1.233,-0.413,0.253,-0.431,-2.215,4.904,8.795490586406142,
150,Adam Ottavino,NYA| BOS| NYN,RIGHT,RP,62.0,0,69,55,31,29,5,35,71,7,3,11,0,0,4.210,1.452,22,3,0.355,-0.391,-1.427,0.524,-0.216,-0.71,-2.22,4.898999999999999,8.786522916558663,
151,Dominic Leone,CLE| SFN| ANA| NYN| SEA| CHA,RIGHT,SP| RP,53.66666666666666,4,57,37,15,9,2,22,50,4,5,2,0,0,1.509,1.099,0,0,0.0,-1.253,-1.879,-0.319,0.945,0.222,-2.283,4.836,8.673530276480447,
152,Mike Minor,OAK| TEX| KCA| CIN,LEFT,SP,158.66666666666669,28,28,156,92,89,26,41,149,8,12,0,0,0,5.048,1.242,3,3,0.019,-0.104,0.253,-0.506,-1.593,-0.341,-2.293,4.826,8.655594936785489,
153,Jeurys Familia,NYN| BOS| PHI| OAK,RIGHT,RP,59.33333333333333,0,65,57,31,26,10,27,72,9,4,1,0,0,3.944,1.416,2,0,0.034,0.183,-1.405,-0.413,-0.084,-0.585,-2.304,4.8149999999999995,8.635866063121039,
154,Tyler Anderson,ANA| SFN| PIT| SEA| LAN,LEFT,SP,166.99999999999997,31,31,170,87,84,27,38,134,7,11,0,0,0,4.527,1.246,8,1,0.048,-0.391,-0.07,-0.506,-0.997,-0.388,-2.353,4.766,8.547982898615757,
155,Anthony Bender,MIA,RIGHT,RP,61.33333333333334,1,60,45,22,19,5,20,71,3,2,3,0,0,2.788,1.060,2,3,0.033,-1.54,-1.427,-0.225,0.467,0.362,-2.363,4.756,8.530047558920803,
156,Daniel Hudson,WAS| SDN| LAN,RIGHT,RP,51.666666666666664,0,54,40,22,19,8,16,75,5,3,0,0,0,3.310,1.084,1,0,0.019,-0.966,-1.34,-0.506,0.183,0.25,-2.38,4.739,8.499557481439378,
157,Huascar Ynoa,ATL,RIGHT,SP,91.00000000000001,17,18,76,42,41,14,25,100,4,6,0,0,0,4.055,1.110,6,1,0.066,-1.253,-0.802,-0.506,-0.208,0.335,-2.434,4.685,8.402706647086617,
158,Tim Mayza,PHI| PIT| TOR| NYA,LEFT,RP,53.0,0,61,40,21,20,5,12,57,5,2,1,0,0,3.396,0.981,3,0,0.057,-0.966,-1.728,-0.413,0.152,0.497,-2.457,4.662,8.36145536578822,
159,Luis Cessa,NYA| CIN,RIGHT,RP,64.66666666666667,0,53,55,24,18,5,19,54,5,2,0,0,0,2.505,1.144,1,1,0.015,-0.966,-1.792,-0.506,0.635,0.139,-2.49,4.629,8.302268744794867,
160,Tony Watson,SFN| ANA,LEFT,RP,57.33333333333333,0,62,40,26,25,4,18,44,7,4,0,0,0,3.924,1.012,4,0,0.07,-0.391,-2.008,-0.506,-0.072,0.46,-2.518,4.601,8.252049793648993,
161,Triston McKenzie,CLE,RIGHT,SP,119.99999999999999,24,25,84,66,66,21,58,136,5,9,0,0,0,4.950,1.183,5,3,0.042,-0.966,-0.027,-0.506,-1.113,0.051,-2.561,4.558,8.174927832960684,
162,Joe Ross,PHI| WAS| MIL,RIGHT,SP,107.99999999999999,19,20,98,57,50,17,34,109,5,9,0,0,0,4.167,1.222,5,2,0.046,-0.966,-0.608,-0.506,-0.341,-0.14,-2.561,4.558,8.174927832960684,
163,Jeffrey Springs,ATH| BOS| TBA,LEFT,RP,44.666666666666664,0,43,35,21,17,9,14,63,5,1,2,0,0,3.425,1.097,0,0,0.0,-0.966,-1.599,-0.319,0.118,0.19,-2.576,4.542999999999999,8.14802482341825,
164,Merrill Kelly,ARI| TEX,RIGHT,SP,157.99999999999997,27,27,163,82,78,21,41,130,7,11,0,0,0,4.443,1.291,9,4,0.057,-0.391,-0.156,-0.506,-0.839,-0.686,-2.58,4.539,8.140850687540269,
165,Jose Alvarez,PHI| SFN,LEFT,RP,64.66666666666666,1,67,53,23,17,2,19,42,5,2,0,0,0,2.366,1.113,5,1,0.077,-0.966,-2.051,-0.506,0.706,0.228,-2.589,4.529999999999999,8.124708881814808,
166,Adam Cimber,CLE| MIA| TOR| ANA,RIGHT,RP,71.66666666666669,0,72,61,24,18,2,16,51,3,4,1,0,0,2.260,1.074,1,2,0.014,-1.54,-1.857,-0.413,0.841,0.376,-2.592,4.526999999999999,8.119328279906322,
167,Zack Littell,CIN| TBA| MIN| SFN| BOS,RIGHT,RP,61.666666666666664,2,63,46,24,20,7,24,63,4,0,2,0,0,2.919,1.135,1,1,0.016,-1.253,-1.599,-0.319,0.407,0.158,-2.606,4.513,8.094218804333385,
168,Ryan Yarbrough,NYA| TBA| KCA| LAN| TOR,LEFT,SP| RP,155.0,21,30,163,96,88,25,27,117,9,7,0,0,0,5.110,1.226,7,3,0.045,0.183,-0.436,-0.506,-1.631,-0.225,-2.616,4.503,8.076283464638431,
169,Alex Colome,CHA| MIN| COL,RIGHT,RP,65.0,0,67,68,41,30,8,23,58,4,4,17,0,0,4.154,1.400,11,1,0.169,-1.253,-1.706,1.086,-0.198,-0.596,-2.668,4.451,7.983019698224661,
170,Kyle Finnegan,DET| WAS,RIGHT,RP,66.0,0,68,64,39,26,9,34,68,5,9,11,0,0,3.546,1.485,9,2,0.136,-0.966,-1.491,0.524,0.112,-0.853,-2.674,4.445,7.972258494407689,
171,Mike Mayers,ANA| KCA,RIGHT,RP,75.0,2,72,71,32,32,11,26,90,5,5,2,0,0,3.840,1.293,2,1,0.027,-0.966,-1.018,-0.319,-0.045,-0.333,-2.681,4.438,7.959703756621219,
172,Aaron Bummer,ATL| CHA,LEFT,RP,56.33333333333333,0,62,42,28,22,3,29,75,5,5,2,0,0,3.515,1.260,5,2,0.089,-0.966,-1.34,-0.319,0.109,-0.168,-2.684,4.435,7.954323154712733,
173,Phil Bickford,MIL| LAN| NYN| NYA,RIGHT,RP,51.33333333333333,0,57,36,18,16,7,19,59,4,2,1,0,0,2.805,1.071,6,2,0.117,-1.253,-1.685,-0.413,0.384,0.276,-2.69,4.429,7.94356195089576,
174,Ryan Tepera,CHN| CHA| ANA| SLN,RIGHT,RP,61.33333333333332,0,65,35,19,19,4,19,74,0,2,2,0,0,2.788,0.880,3,1,0.049,-2.401,-1.362,-0.319,0.467,0.849,-2.767,4.352,7.805459835244604,
175,Danny Duffy,KCA,LEFT,SP,61.0,12,13,52,19,17,6,22,65,4,3,0,0,0,2.508,1.213,0,1,0.0,-1.253,-1.556,-0.506,0.598,-0.054,-2.771,4.348,7.7982856993666205,
176,Reynaldo Lopez,ATL| CHA| ANA| CLE,RIGHT,SP| RP,57.66666666666667,9,20,42,27,22,10,13,55,4,4,0,0,0,3.433,0.954,2,6,0.035,-1.253,-1.771,-0.506,0.148,0.611,-2.771,4.348,7.7982856993666205,
177,Zac Gallen,ARI,RIGHT,SP,121.33333333333333,23,23,108,61,58,19,49,139,4,10,0,0,0,4.302,1.294,1,1,0.008,-1.253,0.037,-0.506,-0.511,-0.542,-2.775,4.343999999999999,7.791111563488638,
178,Jake Brentz,KCA,LEFT,RP,64.0,0,72,45,32,26,7,37,76,5,2,2,0,0,3.656,1.281,1,1,0.016,-0.966,-1.319,-0.319,0.053,-0.25,-2.8,4.319,7.74627321425125,
179,Luke Jackson,DET| SEA| TEX| ATL| SFN,RIGHT,RP,63.66666666666667,0,71,45,15,14,6,29,70,2,2,0,0,0,1.979,1.162,7,1,0.11,-1.827,-1.448,-0.506,0.887,0.087,-2.808,4.311,7.731924942495286,
180,Jake Odorizzi,MIN| HOU| ATL,RIGHT,SP,104.66666666666666,23,24,97,51,49,16,34,91,6,7,0,0,0,4.213,1.252,3,2,0.029,-0.679,-0.996,-0.506,-0.368,-0.271,-2.821,4.298,7.708609000891844,
181,John King,SLN| TEX,LEFT,RP,46.0,0,27,41,24,18,3,12,40,7,5,0,0,0,3.522,1.152,1,0,0.022,-0.391,-2.094,-0.506,0.087,0.083,-2.822,4.297,7.706815466922348,
182,Carlos Hernandez,CLE| DET| PHI| KCA,RIGHT,SP| RP,85.66666666666667,11,24,69,36,35,7,41,74,6,2,0,0,0,3.677,1.284,1,1,0.012,-0.679,-1.362,-0.506,0.058,-0.345,-2.835,4.284,7.683499525318906,
183,Patrick Sandoval,ANA,LEFT,SP| RP,87.00000000000001,14,17,69,38,35,11,36,94,3,6,1,0,0,3.621,1.207,0,2,0.0,-1.54,-0.931,-0.413,0.097,-0.054,-2.841,4.278,7.6727383215019325,
184,Kyle Funkhouser,DET,RIGHT,RP,68.33333333333333,2,57,58,32,26,6,38,63,7,4,1,0,0,3.424,1.405,3,1,0.044,-0.391,-1.599,-0.413,0.181,-0.641,-2.863,4.256,7.633280574173032,
185,Paolo Espino,WAS| TOR,RIGHT,SP| RP,109.66666666666667,19,35,108,53,52,19,25,92,5,5,1,0,0,4.268,1.213,4,1,0.036,-0.966,-0.974,-0.413,-0.432,-0.096,-2.881,4.2379999999999995,7.60099696272211,
186,Alex Vesia,LAN| MIA,LEFT,RP,39.99999999999999,0,41,17,17,10,6,22,54,3,1,1,0,0,2.250,0.975,1,1,0.025,-1.54,-1.792,-0.413,0.473,0.386,-2.886,4.233,7.592029292874633,
187,Tim Hill,NYA| SDN| CHA,LEFT,RP,59.66666666666666,0,78,51,34,24,9,23,56,6,6,1,0,0,3.620,1.240,0,0,0.0,-0.679,-1.749,-0.413,0.067,-0.125,-2.899,4.22,7.568713351271191,
188,Ryne Stanek,NYN| MIA| HOU| SEA,RIGHT,RP,68.33333333333334,0,72,46,32,26,8,37,83,3,5,2,0,0,3.424,1.215,3,0,0.044,-1.54,-1.168,-0.319,0.181,-0.065,-2.912,4.207,7.545397409667749,
189,Bryan Shaw,SEA| CLE| CHA,RIGHT,RP,77.33333333333334,0,81,69,33,30,10,38,71,6,7,2,0,0,3.491,1.384,1,1,0.013,-0.679,-1.427,-0.319,0.164,-0.653,-2.913,4.2059999999999995,7.543603875698253,
190,Johnny Cueto,SFN| CHA| MIA| ANA,RIGHT,SP,114.66666666666667,21,22,127,57,52,15,30,98,7,7,0,0,0,4.081,1.369,0,0,0.0,-0.391,-0.845,-0.506,-0.285,-0.894,-2.923,4.196,7.525668536003298,
191,J. P. Feyereisen,ARI| LAN| MIL| TBA,RIGHT,RP,56.0,0,55,36,23,17,5,33,53,4,4,3,0,0,2.732,1.232,4,1,0.071,-1.253,-1.814,-0.225,0.451,-0.097,-2.938,4.180999999999999,7.498765526460864,
192,Connor Brogdon,ANA| PHI| LAN,RIGHT,RP,57.66666666666667,1,56,47,27,22,6,18,50,5,4,1,0,0,3.433,1.127,6,0,0.104,-0.966,-1.879,-0.413,0.148,0.168,-2.941,4.178,7.4933849245523785,
193,Kenta Maeda,DET| MIN,RIGHT,SP,106.33333333333331,21,21,106,60,55,16,32,113,6,5,0,0,0,4.655,1.298,3,1,0.028,-0.679,-0.522,-0.506,-0.741,-0.493,-2.942,4.177,7.491591390582882,
194,Taylor Rogers,CHN| CIN| MIN| MIL| SDN| SFN,LEFT,RP,40.33333333333333,0,40,38,18,15,4,8,59,2,4,9,0,0,3.347,1.141,1,0,0.025,-1.827,-1.685,0.336,0.131,0.094,-2.951,4.167999999999999,7.475449584857422,
195,Spencer Turnbull,TOR| DET| PHI,RIGHT,SP,49.99999999999999,9,9,37,18,16,2,12,44,4,2,0,0,0,2.880,0.980,4,1,0.08,-1.253,-2.008,-0.506,0.345,0.471,-2.951,4.167999999999999,7.475449584857422,
196,Tyler Wells,BAL,RIGHT,RP,57.00000000000001,0,44,40,27,26,9,12,65,2,3,4,0,0,4.105,0.912,2,0,0.035,-1.827,-1.556,-0.132,-0.152,0.708,-2.959,4.16,7.461101313101459,
197,Hansel Robles,ANA| BOS| MIN,RIGHT,RP,69.00000000000001,0,72,58,39,34,8,37,76,3,5,14,0,0,4.435,1.377,5,1,0.072,-1.54,-1.319,0.805,-0.362,-0.561,-2.978,4.141,7.427024167681044,
198,Jake Diekman,OAK| BOS| CHA| TBA| NYN,LEFT,RP,60.66666666666667,0,67,47,29,26,10,34,83,3,3,7,0,0,3.857,1.335,5,4,0.082,-1.54,-1.168,0.149,-0.045,-0.382,-2.985,4.134,7.4144694298945755,
199,Camilo Doval,NYA| SFN,RIGHT,RP,27.000000000000004,0,29,19,10,9,4,9,37,5,1,3,0,0,3.000,1.037,0,0,0.0,-0.966,-2.158,-0.225,0.161,0.186,-3.002,4.117,7.38397935241315,
200,Mychal Givens,BAL| COL| CIN| CHN| NYN,RIGHT,RP,51.0,0,54,43,22,19,7,27,54,4,3,8,0,0,3.353,1.373,7,4,0.137,-1.253,-1.792,0.243,0.163,-0.405,-3.044,4.074999999999999,7.308650925694336,
201,Codi Heuer,DET| TEX| CHA| CHN,RIGHT,RP,67.33333333333334,0,65,65,34,32,7,23,56,7,4,2,0,0,4.277,1.307,3,2,0.045,-0.391,-1.749,-0.319,-0.27,-0.34,-3.07,4.0489999999999995,7.262019042487453,
202,Jorge Alcala,BOS| MIN| SLN,RIGHT,RP,59.66666666666667,0,59,45,29,26,10,13,61,3,6,1,0,0,3.922,0.972,4,0,0.067,-1.54,-1.642,-0.413,-0.074,0.584,-3.085,4.034,7.23511603294502,
203,Jose Alvarado,PHI| TBA,LEFT,RP,55.666666666666686,0,64,42,30,26,5,47,68,7,1,5,0,0,4.204,1.599,4,2,0.072,-0.391,-1.491,-0.038,-0.192,-1.0,-3.112,4.007,7.18669061576864,
204,Hunter Strickland,ANA| NYN| MIL| TBA| CIN,RIGHT,RP,58.66666666666665,0,57,46,21,17,8,22,58,3,2,0,0,0,2.608,1.159,6,0,0.102,-1.54,-1.706,-0.506,0.529,0.088,-3.135,3.984,7.145439334470243,
205,Richard Bleier,BAL| MIA| BOS,LEFT,RP,57.999999999999986,0,68,51,20,19,4,6,44,3,2,0,0,0,2.948,0.983,3,0,0.052,-1.54,-2.008,-0.506,0.369,0.54,-3.145,3.9739999999999998,7.127503994775288,
206,Andrew Heaney,LAN| PIT| ANA| NYA| TEX,LEFT,SP| RP,129.66666666666666,23,30,130,85,84,29,41,150,8,9,0,0,0,5.830,1.319,4,0,0.031,-0.104,0.274,-0.506,-2.094,-0.722,-3.153,3.9659999999999997,7.113155723019323,
207,Chris Paddack,DET| MIN| SDN,RIGHT,SP,108.33333333333334,22,23,115,67,61,15,22,99,7,7,0,0,0,5.068,1.265,5,2,0.046,-0.391,-0.824,-0.506,-1.104,-0.343,-3.169,3.9499999999999997,7.084459179507395,
208,Domingo German,NYA| PIT,RIGHT,SP| RP,98.33333333333331,18,22,89,52,50,17,27,98,4,5,0,0,0,4.576,1.180,6,1,0.061,-1.253,-0.845,-0.506,-0.625,0.058,-3.171,3.948,7.080872111568404,
209,Zach Eflin,BAL| PHI| TBA,RIGHT,SP,105.66666666666667,18,18,116,52,49,15,16,99,4,7,0,0,0,4.173,1.249,1,0,0.009,-1.253,-0.824,-0.506,-0.339,-0.263,-3.185,3.9339999999999997,7.055762635995466,
210,Tyler Duffey,MIN| CHN| KCA,RIGHT,RP,62.333333333333336,0,64,48,25,22,4,28,61,3,3,3,0,0,3.176,1.219,0,2,0.0,-1.54,-1.642,-0.225,0.286,-0.072,-3.194,3.925,7.039620830270006,
211,Corey Kluber,TEX| NYA| TBA| BOS,RIGHT,SP,80.0,16,16,74,37,34,8,33,82,5,3,0,0,0,3.825,1.337,12,2,0.15,-0.966,-1.19,-0.506,-0.039,-0.512,-3.212,3.9069999999999996,7.007337218819086,
212,Tejay Antone,CIN,RIGHT,RP,33.666666666666664,0,23,17,8,8,3,13,42,2,0,3,0,0,2.139,0.891,3,0,0.089,-1.827,-2.051,-0.225,0.427,0.45,-3.226,3.893,6.982227743246148,
213,Genesis Cabrera,CHN| MIN| NYN| PIT| SLN| TOR,LEFT,RP,70.0,0,71,52,31,29,3,36,77,4,5,0,0,0,3.729,1.257,2,0,0.029,-1.253,-1.297,-0.506,0.019,-0.199,-3.237,3.8819999999999997,6.962498869581697,
214,Casey Sadler,CHN| SEA,RIGHT,RP,40.333333333333336,0,42,19,4,3,1,10,37,0,1,0,0,0,0.669,0.719,1,0,0.025,-2.401,-2.158,-0.506,0.975,0.846,-3.245,3.8739999999999997,6.948150597825733,
215,Pierce Johnson,ATL| SDN| COL,RIGHT,RP,58.666666666666686,2,63,47,21,21,6,27,77,3,4,0,0,0,3.222,1.261,2,1,0.034,-1.54,-1.297,-0.506,0.248,-0.178,-3.273,3.8459999999999996,6.897931646679858,
216,Wandy Peralta,SDN| SFN| NYA,LEFT,RP,51.000000000000014,1,56,49,24,19,6,21,43,5,4,5,0,0,3.353,1.373,0,0,0.0,-0.966,-2.029,-0.038,0.163,-0.405,-3.275,3.844,6.894344578740867,
217,Corey Knebel,MIL| LAN| PHI,RIGHT,SP| RP,25.666666666666664,4,27,16,8,7,2,9,30,4,0,3,0,0,2.454,0.974,1,0,0.039,-1.253,-2.309,-0.225,0.262,0.249,-3.276,3.843,6.892551044771372,
218,Matt Wisler,MIN| SFN| TBA,RIGHT,RP,48.666666666666664,0,48,41,24,20,6,11,62,3,5,1,0,0,3.699,1.069,4,1,0.082,-1.54,-1.62,-0.413,0.024,0.268,-3.28,3.839,6.88537690889339,
219,Bailey Ober,MIN,RIGHT,SP,92.33333333333333,20,20,92,45,43,20,19,96,3,3,0,0,0,4.191,1.202,3,3,0.032,-1.54,-0.888,-0.506,-0.309,-0.037,-3.281,3.8379999999999996,6.8835833749238935,
220,Joe Barlow,TEX,RIGHT,RP,29.0,0,31,12,9,5,2,12,27,0,2,11,0,0,1.552,0.828,1,0,0.034,-2.401,-2.374,0.524,0.501,0.469,-3.281,3.8379999999999996,6.8835833749238935,
221,Tanner Houck,BOS,RIGHT,SP| RP,69.0,13,18,57,32,27,4,21,87,1,5,1,0,0,3.522,1.130,7,0,0.101,-2.114,-1.082,-0.413,0.13,0.191,-3.288,3.831,6.871028637137425,
222,Joe Kelly,LAN| CHA,RIGHT,RP,43.99999999999999,0,48,28,16,14,3,15,50,2,0,2,0,0,2.864,0.977,2,0,0.045,-1.827,-1.879,-0.319,0.309,0.42,-3.296,3.823,6.856680365381461,
223,Josh Fleming,TBA| PIT,LEFT,SP| RP,104.33333333333331,11,26,110,60,59,11,31,65,10,8,1,0,0,5.090,1.351,1,0,0.01,0.47,-1.556,-0.413,-1.081,-0.732,-3.311,3.808,6.829777355839028,
224,Archie Bradley,ARI| CIN| PHI| ANA| MIA,RIGHT,RP,50.999999999999986,0,53,51,24,21,5,22,40,7,3,2,0,0,3.706,1.431,2,0,0.039,-0.391,-2.094,-0.319,0.023,-0.538,-3.32,3.799,6.813635550113568,
225,Kyle Freeland,COL,LEFT,SP,120.66666666666667,23,23,133,59,58,20,38,105,7,8,0,0,0,4.326,1.417,8,4,0.066,-0.391,-0.695,-0.506,-0.531,-1.197,-3.32,3.799,6.813635550113568,
226,Deolis Guerra,PHI| OAK,RIGHT,RP,65.66666666666667,0,53,53,34,30,8,20,62,4,1,0,0,0,4.112,1.112,10,0,0.152,-1.253,-1.62,-0.506,-0.179,0.236,-3.322,3.7969999999999997,6.810048482174576,
227,Jose Cisnero,DET| ANA,RIGHT,RP,61.66666666666667,0,67,51,34,25,6,31,62,4,4,4,0,0,3.649,1.330,2,0,0.032,-1.253,-1.62,-0.132,0.055,-0.373,-3.323,3.796,6.8082549482050805,
228,Zach Thompson,ATL| MIA| PIT,RIGHT,SP| RP,75.0,14,26,63,35,27,6,28,66,3,7,0,0,0,3.240,1.213,2,1,0.027,-1.54,-1.534,-0.506,0.306,-0.068,-3.342,3.7769999999999997,6.774177802784665,
229,Vladimir Gutierrez,CIN| MIA,RIGHT,SP,114.0,22,22,115,61,60,20,46,88,9,6,0,0,0,4.737,1.412,14,1,0.123,0.183,-1.061,-0.506,-0.867,-1.107,-3.358,3.7609999999999997,6.7454812592727365,
230,Jordan Lyles,TEX| BAL| KCA,RIGHT,SP,179.99999999999994,30,32,194,104,103,38,56,146,10,13,0,0,0,5.150,1.389,20,3,0.111,0.47,0.188,-0.506,-1.95,-1.561,-3.36,3.759,6.741894191333746,
231,Chris Sale,ATL| BOS,LEFT,SP,42.66666666666667,9,9,45,19,15,6,12,52,5,1,0,0,0,3.164,1.336,1,1,0.023,-0.966,-1.836,-0.506,0.2,-0.27,-3.378,3.7409999999999997,6.709610579882826,
232,Garrett Crochet,BOS| CHA,LEFT,RP,54.33333333333332,0,54,42,22,17,2,27,65,3,5,0,0,0,2.816,1.270,6,1,0.11,-1.54,-1.556,-0.506,0.402,-0.185,-3.385,3.734,6.697055842096358,
233,Luis Patino,SDN| TBA| CHA,RIGHT,SP| RP,77.33333333333333,15,19,69,40,37,12,29,74,5,3,0,0,0,4.306,1.267,2,0,0.026,-0.966,-1.362,-0.506,-0.328,-0.254,-3.416,3.703,6.6414562890419955,
234,Hirokazu Sawamura,BOS,RIGHT,RP,53.00000000000002,0,55,45,24,18,9,32,61,5,1,0,0,0,3.057,1.453,0,0,0.0,-0.966,-1.642,-0.506,0.292,-0.61,-3.431,3.6879999999999997,6.614553279499562,
235,Drew Smith,NYN,RIGHT,RP,41.33333333333333,1,31,28,13,11,7,16,41,3,1,0,0,0,2.395,1.065,3,1,0.073,-1.54,-2.072,-0.506,0.442,0.235,-3.442,3.6769999999999996,6.594824405835111,
236,Tony Gonsolin,LAN,RIGHT,SP,55.666666666666664,13,15,41,20,20,8,34,65,4,1,0,0,0,3.233,1.347,0,2,0.0,-1.253,-1.556,-0.506,0.23,-0.38,-3.465,3.654,6.553573124536714,
237,Tylor Megill,NYN,RIGHT,SP,89.66666666666666,18,18,88,46,45,19,27,99,4,6,0,0,0,4.517,1.282,3,0,0.033,-1.253,-0.824,-0.506,-0.528,-0.355,-3.466,3.6529999999999996,6.551779590567218,
238,Kris Bubic,KCA,LEFT,SP| RP,129.99999999999997,20,29,121,67,64,22,59,114,6,7,0,0,0,4.431,1.385,1,3,0.008,-0.679,-0.501,-0.506,-0.678,-1.103,-3.467,3.6519999999999997,6.549986056597723,
239,Heath Hembree,BOS| PHI| CIN| NYN| LAN| PIT| TBA,RIGHT,RP,57.99999999999999,0,60,45,39,36,12,24,83,2,7,9,0,0,5.586,1.190,4,1,0.069,-1.827,-1.168,0.336,-0.826,0.009,-3.476,3.643,6.533844250872263,
240,Taylor Hearn,TEX| ATL| KCA,LEFT,SP| RP,104.33333333333333,11,42,96,58,54,17,42,92,6,6,0,0,0,4.658,1.323,7,1,0.067,-0.679,-0.974,-0.506,-0.73,-0.599,-3.488,3.631,6.5123218432383165,
241,Miguel Castro,CHA| BAL| NYN| NYA| ARI,RIGHT,RP,70.33333333333336,2,69,48,30,27,7,43,77,3,4,0,0,0,3.455,1.294,10,2,0.142,-1.54,-1.297,-0.506,0.169,-0.314,-3.489,3.63,6.510528309268821,
242,Austin Adams,SDN| ARI| OAK,RIGHT,RP,52.66666666666667,0,65,28,28,24,1,35,76,3,2,0,0,0,4.101,1.196,5,1,0.095,-1.54,-1.319,-0.506,-0.139,-0.007,-3.512,3.6069999999999998,6.469277027970423,
243,Jesse Chavez,ATL| TEX| ANA| CHN,RIGHT,SP| RP,33.666666666666664,4,30,23,9,8,0,11,36,3,2,0,0,0,2.139,1.010,2,0,0.059,-1.54,-2.18,-0.506,0.427,0.273,-3.526,3.593,6.444167552397486,
244,Seth Lugo,KCA| NYN| SDN,RIGHT,RP,46.33333333333333,0,46,41,18,18,6,19,55,4,3,1,0,0,3.496,1.295,0,0,0.0,-1.253,-1.771,-0.413,0.096,-0.209,-3.549,3.57,6.402916271099088,
245,Wily Peralta,DET,RIGHT,SP,93.66666666666667,18,19,87,41,32,12,38,58,4,5,0,0,0,3.075,1.335,7,2,0.075,-1.253,-1.706,-0.506,0.504,-0.587,-3.549,3.57,6.402916271099088,
246,Ross Stripling,LAN| TOR| SFN| OAK,RIGHT,SP| RP,101.33333333333333,19,24,99,55,54,23,30,94,5,7,0,0,0,4.796,1.273,4,2,0.039,-0.966,-0.931,-0.506,-0.818,-0.359,-3.58,3.5389999999999997,6.347316718044726,
247,Phil Maton,SLN| TEX| CLE| HOU| NYN| TBA,RIGHT,RP,66.66666666666666,1,65,65,36,35,6,32,85,6,0,0,0,0,4.725,1.455,5,3,0.075,-0.679,-1.125,-0.506,-0.501,-0.773,-3.584,3.5349999999999997,6.340142582166744,
248,Ryan Thompson,ARI| TBA,RIGHT,RP,33.999999999999986,0,36,26,11,9,3,9,37,3,2,0,0,0,2.382,1.029,2,0,0.059,-1.54,-2.158,-0.506,0.367,0.246,-3.592,3.5269999999999997,6.32579431041078,
249,Steven Okert,HOU| MIA| MIN,LEFT,RP,36.0,0,34,22,12,11,5,15,40,3,1,0,0,0,2.750,1.028,0,1,0.0,-1.54,-2.094,-0.506,0.285,0.263,-3.592,3.5269999999999997,6.32579431041078,
250,Art Warren,CIN,RIGHT,RP,21.0,0,26,11,3,3,1,8,34,3,0,0,0,0,1.286,0.905,4,0,0.19,-1.54,-2.223,-0.506,0.406,0.268,-3.595,3.5239999999999996,6.320413708502293,
251,T. J. McFarland,ATH| OAK| SLN| NYN,LEFT,RP,38.66666666666667,0,38,32,11,11,3,9,21,4,1,0,0,0,2.560,1.060,0,0,0.0,-1.253,-2.503,-0.506,0.363,0.227,-3.672,3.4469999999999996,6.182311592851136,
252,Louis Head,TBA| BAL| MIA,RIGHT,RP,35.0,2,27,21,10,9,2,9,32,2,0,0,0,0,2.314,0.857,2,1,0.057,-1.827,-2.266,-0.506,0.396,0.52,-3.683,3.436,6.162582719186686,
253,Emilio Pagan,CIN| SDN| MIN,RIGHT,RP,63.33333333333333,0,67,56,35,34,16,18,69,4,3,0,0,0,4.832,1.168,2,1,0.032,-1.253,-1.47,-0.506,-0.529,0.069,-3.689,3.4299999999999997,6.151821515369712,
254,Tyler Matzek,NYA| ATL,LEFT,RP,63.000000000000014,0,69,40,19,18,3,37,77,0,4,0,0,0,2.571,1.222,1,1,0.016,-2.401,-1.297,-0.506,0.586,-0.081,-3.7,3.4189999999999996,6.132092641705261,
255,Pete Fairbanks,TBA,RIGHT,RP,42.66666666666667,0,47,40,22,17,2,21,56,3,6,5,0,0,3.586,1.430,8,2,0.187,-1.54,-1.749,-0.038,0.059,-0.447,-3.716,3.4029999999999996,6.103396098193332,
256,JT Brubaker,NYA| SFN| PIT,RIGHT,SP,124.33333333333334,24,24,123,75,74,28,38,129,5,13,0,0,0,5.357,1.295,1,4,0.008,-0.966,-0.178,-0.506,-1.548,-0.561,-3.759,3.36,6.026274137505024,
257,Tyler Alexander,CHA| MIL| DET| TBA,LEFT,SP| RP,106.33333333333334,15,41,106,47,45,16,28,87,2,4,0,0,0,3.809,1.260,2,0,0.019,-1.827,-1.082,-0.506,-0.038,-0.316,-3.77,3.3489999999999998,6.006545263840573,
258,Jose Ruiz,ATL| PHI| CHA| ARI,RIGHT,RP,65.00000000000001,0,59,51,26,22,8,25,63,1,3,0,0,0,3.046,1.169,4,0,0.062,-2.114,-1.599,-0.506,0.364,0.068,-3.787,3.332,5.976055186359149,
259,Carlos Estevez,KCA| COL| ANA| PHI,RIGHT,RP,61.66666666666667,0,64,71,32,30,8,21,60,3,5,11,0,0,4.378,1.492,2,0,0.032,-1.54,-1.663,0.524,-0.296,-0.816,-3.792,3.327,5.967087516511672,
260,Ryan Helsley,NYN| SLN,RIGHT,RP,47.33333333333333,0,51,40,24,24,4,27,47,6,4,1,0,0,4.563,1.415,1,0,0.021,-0.679,-1.943,-0.413,-0.296,-0.466,-3.797,3.3219999999999996,5.958119846664193,
261,Brett Martin,TEX,LEFT,RP,62.33333333333333,0,66,67,31,22,5,14,42,4,4,0,0,0,3.176,1.300,2,0,0.032,-1.253,-2.051,-0.506,0.286,-0.294,-3.818,3.3009999999999997,5.920455633304787,
262,Josh Sborz,LAN| TEX,RIGHT,RP,59.00000000000001,0,63,52,29,26,7,32,69,4,3,1,0,0,3.966,1.424,8,2,0.136,-1.253,-1.47,-0.413,-0.094,-0.603,-3.831,3.288,5.897139691701345,
263,A. J. Minter,NYN| ATL,LEFT,RP,52.333333333333336,0,61,44,27,22,2,20,57,3,6,0,0,0,3.783,1.223,4,3,0.076,-1.54,-1.728,-0.506,-0.008,-0.069,-3.852,3.267,5.859475478341939,
264,Domingo Tapia,BOS| KCA| SEA| OAK| SDN,RIGHT,RP,33.66666666666667,0,34,25,10,10,1,15,26,4,1,0,0,0,2.673,1.188,1,1,0.03,-1.253,-2.395,-0.506,0.287,0.007,-3.861,3.2579999999999996,5.843333672616478,
265,Jimmy Nelson,LAN,RIGHT,RP,28.999999999999996,1,28,14,8,6,0,13,44,1,2,0,0,0,1.862,0.931,5,0,0.172,-2.114,-2.008,-0.506,0.431,0.336,-3.862,3.2569999999999997,5.841540138646983,
266,Miguel Diaz,SDN| DET| HOU,RIGHT,RP,41.99999999999999,2,25,31,19,17,8,19,46,3,1,1,0,0,3.643,1.190,2,0,0.048,-1.54,-1.965,-0.413,0.039,0.005,-3.873,3.2459999999999996,5.821811264982532,
267,Caleb Smith,ARI| MIA,LEFT,SP| RP,113.66666666666666,13,45,93,64,61,20,63,124,4,9,0,0,0,4.830,1.372,6,2,0.053,-1.253,-0.286,-0.506,-0.947,-0.903,-3.895,3.2239999999999998,5.78235351765363,
268,Luke Weaver,NYA| ARI| KCA| CIN| SEA,RIGHT,SP,65.66666666666666,13,13,58,34,31,11,20,62,3,6,0,0,0,4.249,1.188,5,0,0.076,-1.54,-1.62,-0.506,-0.249,0.015,-3.901,3.218,5.771592313836657,
269,Matt Boyd,CHN| DET| SEA| CLE,LEFT,SP,78.66666666666667,15,15,77,37,34,9,23,67,3,8,0,0,0,3.890,1.271,1,1,0.013,-1.54,-1.513,-0.506,-0.078,-0.272,-3.909,3.21,5.757244042080693,
270,Dane Dunning,ATL| TEX| CHA,RIGHT,SP,117.66666666666669,25,27,126,61,59,13,43,114,5,10,0,0,0,4.513,1.436,5,2,0.042,-0.966,-0.501,-0.506,-0.689,-1.267,-3.929,3.19,5.721373362690782,
271,Juan Minaya,MIN,RIGHT,RP,40.0,0,29,27,12,11,4,20,43,2,1,0,0,0,2.475,1.175,2,0,0.05,-1.827,-2.029,-0.506,0.402,0.032,-3.929,3.19,5.721373362690782,
272,Chasen Shreve,NYN| PIT| CIN| DET| COL,LEFT,RP,56.33333333333334,0,57,43,20,20,7,28,45,3,3,0,0,0,3.195,1.260,0,0,0.0,-1.54,-1.986,-0.506,0.25,-0.168,-3.951,3.1679999999999997,5.68191561536188,
273,Greg Holland,KCA| TEX,RIGHT,RP,55.66666666666666,0,57,49,32,30,9,26,53,3,5,8,0,0,4.850,1.347,1,0,0.018,-1.54,-1.814,0.243,-0.473,-0.38,-3.964,3.155,5.658599673758438,
274,John Curtiss,ARI| TBA| MIA| MIL| NYN| COL,RIGHT,RP,44.33333333333333,2,41,42,21,17,6,12,44,3,1,0,0,0,3.451,1.218,3,0,0.068,-1.54,-2.008,-0.506,0.108,-0.049,-3.995,3.1239999999999997,5.603000120704076,
275,David Price,LAN,LEFT,SP| RP,73.66666666666669,11,39,79,35,33,8,26,58,5,2,1,0,0,4.032,1.425,1,2,0.014,-0.966,-1.706,-0.413,-0.155,-0.758,-3.997,3.122,5.599413052765085,
276,Austin Warren,NYN| ANA| SFN,RIGHT,RP,20.333333333333332,0,16,16,5,4,0,5,20,3,0,1,0,0,1.770,1.033,2,0,0.098,-1.54,-2.524,-0.413,0.316,0.144,-4.017,3.1019999999999994,5.563542373375173,
277,Eli Morgan,CHN| CLE,RIGHT,SP,89.33333333333333,18,18,90,54,53,20,22,81,5,7,0,0,0,5.340,1.254,2,0,0.022,-0.966,-1.211,-0.506,-1.1,-0.24,-4.024,3.0949999999999998,5.550987635588705,
278,Blake Taylor,HOU,LEFT,RP,42.66666666666668,0,51,38,19,15,6,22,41,4,4,0,0,0,3.164,1.406,0,0,0.0,-1.253,-2.072,-0.506,0.2,-0.403,-4.035,3.0839999999999996,5.531258761924254,
279,Anthony Bass,TOR| MIA,RIGHT,RP,61.33333333333332,1,70,55,33,26,11,24,58,3,9,0,0,0,3.815,1.288,1,4,0.016,-1.54,-1.706,-0.506,-0.025,-0.258,-4.036,3.083,5.529465227954759,
280,Lucas Gilbreath,COL,LEFT,RP,42.666666666666664,1,47,33,18,16,5,23,44,3,2,1,0,0,3.375,1.312,0,0,0.0,-1.54,-2.008,-0.413,0.129,-0.226,-4.057,3.0619999999999994,5.491801014595351,
281,Justin Steele,CHN,LEFT,SP| RP,57.0,9,20,50,29,27,12,27,59,4,4,0,0,0,4.263,1.351,5,1,0.088,-1.253,-1.685,-0.506,-0.223,-0.398,-4.065,3.0539999999999994,5.477452742839387,
282,Robert Stephenson,ANA| CIN| COL| PIT| TBA,RIGHT,RP,45.99999999999999,0,49,42,20,16,5,18,52,2,1,1,0,0,3.130,1.304,4,0,0.087,-1.827,-1.836,-0.413,0.227,-0.227,-4.075,3.0439999999999996,5.4595174031444325,
283,Mike King,SDN| NYA,RIGHT,SP| RP,63.33333333333334,6,22,57,29,25,6,24,62,2,4,0,0,0,3.553,1.279,0,0,0.0,-1.827,-1.62,-0.506,0.104,-0.241,-4.091,3.0279999999999996,5.430820859632504,
284,Nabil Crismatt,ARI| SLN| SDN| LAN,RIGHT,RP,81.33333333333331,0,45,87,40,34,10,24,71,3,1,0,0,0,3.762,1.365,5,3,0.061,-1.54,-1.427,-0.506,0.0,-0.618,-4.091,3.0279999999999996,5.430820859632504,
285,Ross Detwiler,CHA| MIA| SDN| CIN,LEFT,SP| RP,52.33333333333334,5,53,44,28,27,10,20,62,3,1,0,0,0,4.643,1.223,5,0,0.096,-1.54,-1.62,-0.506,-0.36,-0.069,-4.096,3.0229999999999997,5.4218531897850255,
286,Spencer Patton,TEX| OAK,RIGHT,RP,42.333333333333336,0,42,36,20,18,4,15,48,2,2,2,0,0,3.827,1.205,2,1,0.047,-1.827,-1.922,-0.319,-0.021,-0.022,-4.111,3.008,5.394950180242593,
287,Brooks Raley,NYN| CIN| HOU| TBA,LEFT,RP,49.0,0,58,43,30,26,6,16,65,2,3,2,0,0,4.776,1.204,2,1,0.041,-1.827,-1.556,-0.319,-0.388,-0.024,-4.114,3.005,5.389569578334107,
288,Tyler Kinley,ATL| COL,RIGHT,RP,70.33333333333331,0,70,59,37,37,12,26,68,3,2,0,0,0,4.735,1.208,3,0,0.043,-1.54,-1.491,-0.506,-0.534,-0.048,-4.12,2.9989999999999997,5.378808374517133,
289,Anthony Misiewicz,MIN| SEA| KCA| ARI| DET| NYA,LEFT,RP,54.66666666666666,0,66,61,30,28,7,15,53,5,5,0,0,0,4.610,1.390,0,0,0.0,-0.966,-1.814,-0.506,-0.362,-0.477,-4.125,2.9939999999999998,5.369840704669655,
290,Edgar Santana,ATL,RIGHT,RP,42.666666666666664,0,41,37,20,17,7,12,33,3,0,0,0,0,3.586,1.148,4,3,0.094,-1.54,-2.245,-0.506,0.059,0.084,-4.148,2.971,5.328589423371258,
291,Trevor Stephan,CLE,RIGHT,RP,63.33333333333333,0,43,58,32,31,15,31,75,3,1,1,0,0,4.405,1.405,7,1,0.111,-1.54,-1.34,-0.413,-0.318,-0.595,-4.206,2.9129999999999994,5.224564453140515,
292,Luis Garcia,ANA| LAN| WAS| TEX| SLN| SDN| BOS,RIGHT,RP,33.33333333333333,0,34,25,12,12,2,8,34,1,1,2,0,0,3.240,0.990,0,1,0.0,-2.114,-2.223,-0.319,0.136,0.3,-4.221,2.8979999999999997,5.197661443598083,
293,Joe Ryan,MIN,RIGHT,SP,26.666666666666668,5,5,16,12,12,4,5,30,2,1,0,0,0,4.050,0.787,2,0,0.075,-1.827,-2.309,-0.506,-0.06,0.479,-4.224,2.8949999999999996,5.1922808416895965,
294,Martin Perez,CHA| BOS| TEX| PIT| SDN,LEFT,SP| RP,113.99999999999999,22,36,136,71,60,19,36,97,7,8,0,0,0,4.737,1.509,4,3,0.035,-0.391,-0.867,-0.506,-0.867,-1.594,-4.225,2.894,5.190487307720102,
295,Jacob Webb,TEX| ATL| ANA| BAL,RIGHT,RP,34.333333333333336,0,34,38,22,16,4,14,33,5,4,1,0,0,4.194,1.515,2,1,0.058,-0.966,-2.245,-0.413,-0.116,-0.489,-4.227,2.8919999999999995,5.186900239781109,
296,Tony Santillan,CIN,RIGHT,SP| RP,43.333333333333336,4,26,34,15,14,7,21,56,1,3,0,0,0,2.908,1.269,1,2,0.023,-2.114,-1.749,-0.506,0.29,-0.146,-4.227,2.8919999999999995,5.186900239781109,
297,Aaron Ashby,MIL,LEFT,SP| RP,31.666666666666668,4,13,25,20,16,4,12,39,3,2,1,0,0,4.547,1.168,3,0,0.095,-1.54,-2.115,-0.413,-0.194,0.034,-4.228,2.891,5.185106705811615,
298,Nick Sandlin,TOR| CLE,RIGHT,RP,33.666666666666664,0,34,21,15,11,2,17,48,1,1,0,0,0,2.941,1.129,1,1,0.03,-2.114,-1.922,-0.506,0.216,0.096,-4.23,2.8889999999999993,5.181519637872623,
299,Dietrich Enns,BAL| DET| TBA,LEFT,RP,22.333333333333332,0,9,17,8,7,1,6,25,2,0,2,0,0,2.821,1.030,1,2,0.045,-1.827,-2.417,-0.319,0.164,0.161,-4.237,2.8819999999999997,5.168964900086154,
300,Keegan Thompson,CHN,RIGHT,SP| RP,53.33333333333333,6,32,48,22,20,9,31,55,3,3,1,0,0,3.375,1.481,3,0,0.056,-1.54,-1.771,-0.413,0.162,-0.681,-4.243,2.8759999999999994,5.15820369626918,
301,Joe Jimenez,DET| ATL,RIGHT,RP,45.333333333333336,0,52,34,33,30,6,35,57,6,1,1,0,0,5.956,1.522,8,1,0.176,-0.679,-1.728,-0.413,-0.777,-0.66,-4.256,2.8629999999999995,5.134887754665739,
302,Tyler Gilbert,CHA| ARI| PHI,LEFT,SP| RP,40.0,6,9,28,17,14,4,13,25,2,2,0,0,0,3.150,1.025,2,2,0.05,-1.827,-2.417,-0.506,0.192,0.297,-4.261,2.8579999999999997,5.125920084818262,
303,John Gant,SLN| MIN,RIGHT,SP| RP,110.0,21,39,95,56,50,10,71,92,5,11,0,0,0,4.091,1.509,11,0,0.1,-0.966,-0.974,-0.506,-0.282,-1.539,-4.268,2.851,5.1133653470317935,
304,Antonio Senzatela,COL,RIGHT,SP,156.66666666666666,28,28,178,84,77,12,32,105,4,10,0,0,0,4.423,1.340,3,1,0.019,-1.253,-0.695,-0.506,-0.808,-1.022,-4.285,2.8339999999999996,5.082875269550368,
305,Michael Wacha,KCA| NYN| TBA| BOS| SDN,RIGHT,SP| RP,124.66666666666666,23,29,132,73,70,23,31,121,3,5,0,0,0,5.053,1.308,5,2,0.04,-1.54,-0.35,-0.506,-1.257,-0.632,-4.285,2.8339999999999996,5.082875269550368,
306,Danny Coulombe,MIN| TEX| BAL,LEFT,RP,34.333333333333336,1,29,35,17,14,5,7,33,3,2,0,0,0,3.670,1.223,2,3,0.058,-1.54,-2.245,-0.506,0.025,-0.046,-4.312,2.8069999999999995,5.034449852373989,
307,Chad Kuhl,PIT| COL| WAS| CHA,RIGHT,SP| RP,80.33333333333333,14,28,73,50,43,13,42,75,5,7,0,0,0,4.817,1.431,5,2,0.062,-0.966,-1.34,-0.506,-0.662,-0.848,-4.323,2.7959999999999994,5.014720978709537,
308,Erick Fedde,ATL| MIL| SLN| WAS| CHA,RIGHT,SP,133.33333333333331,27,29,144,90,81,23,48,128,7,9,0,0,0,5.468,1.440,16,6,0.12,-0.391,-0.199,-0.506,-1.775,-1.458,-4.331,2.7879999999999994,5.000372706953573,
309,Jake Cousins,MIL| NYA,RIGHT,RP,30.0,0,30,16,9,9,3,19,44,1,0,0,0,0,2.700,1.167,8,1,0.267,-2.114,-2.008,-0.506,0.249,0.035,-4.344,2.7749999999999995,4.977056765350131,
310,Dustin May,BOS| LAN,RIGHT,SP,23.0,5,5,16,8,7,4,6,35,1,1,0,0,0,2.739,0.957,2,1,0.087,-2.114,-2.201,-0.506,0.184,0.241,-4.398,2.721,4.880205930997373,
311,Sam Coonrod,SFN| PHI| NYN,RIGHT,RP,42.333333333333336,2,42,41,21,19,5,15,48,2,2,2,0,0,4.039,1.323,2,0,0.047,-1.827,-1.922,-0.319,-0.091,-0.243,-4.403,2.716,4.871238261149895,
312,Trevor Williams,WAS| PIT| CHN| NYN,RIGHT,SP| RP,91.0,15,23,105,51,44,11,31,90,4,2,0,0,0,4.352,1.494,3,2,0.033,-1.253,-1.018,-0.506,-0.418,-1.215,-4.41,2.7089999999999996,4.858683523363426,
313,Shane Baz,TBA,RIGHT,SP,13.333333333333334,3,3,6,3,3,3,3,18,2,0,0,0,0,2.025,0.675,0,0,0.0,-1.827,-2.567,-0.506,0.181,0.306,-4.414,2.705,4.851509387485444,
314,Tanner Scott,LAN| BAL| MIA| SDN,LEFT,RP,53.99999999999998,0,62,48,34,31,6,37,70,5,4,0,0,0,5.167,1.574,0,0,0.0,-0.966,-1.448,-0.506,-0.592,-0.911,-4.423,2.6959999999999997,4.835367581759983,
315,Ryan Burr,TOR| CHA,RIGHT,RP,36.666666666666664,1,34,28,11,10,3,21,33,2,1,0,0,0,2.454,1.336,3,0,0.082,-1.827,-2.245,-0.506,0.375,-0.233,-4.436,2.683,4.812051640156541,
316,Drew Pomeranz,CHN| SDN,LEFT,RP,25.666666666666668,0,27,19,6,5,2,10,30,1,0,0,0,0,1.753,1.130,2,1,0.078,-2.114,-2.309,-0.506,0.403,0.072,-4.455,2.6639999999999997,4.777974494736126,
317,Mitch White,LAN| TOR| MIL| SFN,RIGHT,SP| RP,46.66666666666667,4,21,38,28,19,6,17,49,1,3,0,0,0,3.664,1.179,6,1,0.129,-2.114,-1.9,-0.506,0.036,0.03,-4.455,2.6639999999999997,4.777974494736126,
318,Jhoulys Chacin,ATL| COL,RIGHT,RP,64.33333333333334,1,46,53,32,31,8,28,47,3,2,0,0,0,4.337,1.259,5,2,0.078,-1.54,-1.943,-0.506,-0.288,-0.188,-4.466,2.6529999999999996,4.758245621071675,
319,Rex Brothers,CHN,LEFT,RP,53.0,0,57,41,31,31,9,35,75,3,2,1,0,0,5.264,1.434,6,0,0.113,-1.54,-1.34,-0.413,-0.622,-0.565,-4.48,2.6389999999999993,4.733136145498737,
320,Blake Parker,PHI| CLE,RIGHT,RP,43.66666666666667,0,47,43,15,15,5,14,37,2,1,0,0,0,3.092,1.305,5,2,0.115,-1.827,-2.158,-0.506,0.229,-0.217,-4.48,2.6389999999999993,4.733136145498737,
321,Brett Anderson,MIL,LEFT,SP,96.0,24,24,102,52,45,11,28,58,4,9,0,0,0,4.219,1.354,1,1,0.01,-1.253,-1.706,-0.506,-0.342,-0.685,-4.492,2.627,4.711613737864791,
322,Touki Toussaint,ANA| ATL| CHA| CLE,RIGHT,SP,50.0,10,11,43,28,25,11,22,48,3,3,0,0,0,4.500,1.300,4,0,0.08,-1.54,-1.922,-0.506,-0.288,-0.237,-4.493,2.6259999999999994,4.709820203895295,
323,J. B. Wendelken,OAK| ARI,RIGHT,RP,43.666666666666664,0,46,44,24,21,4,22,39,4,3,2,0,0,4.328,1.512,1,1,0.023,-1.253,-2.115,-0.319,-0.193,-0.616,-4.496,2.6229999999999993,4.704439601986808,
324,Jake Woodford,ARI| SLN| CHA| PIT,RIGHT,SP| RP,67.66666666666667,8,26,66,32,30,7,25,50,3,4,0,0,0,3.990,1.345,1,2,0.015,-1.54,-1.879,-0.506,-0.12,-0.455,-4.5,2.6189999999999998,4.697265466108827,
325,Kyle Zimmer,KCA,RIGHT,RP,54.00000000000001,2,52,46,32,29,7,30,46,4,1,2,0,0,4.833,1.407,2,1,0.037,-1.253,-1.965,-0.319,-0.452,-0.513,-4.501,2.6179999999999994,4.695471932139331,
326,Caleb Baragar,SFN,LEFT,RP,23.0,0,25,19,7,4,1,12,16,2,1,2,0,0,1.565,1.348,0,1,0.0,-1.827,-2.611,-0.319,0.395,-0.158,-4.52,2.599,4.661394786718916,
327,Joel Payamps,ATL| MIL| ARI| KCA| TOR| OAK,RIGHT,RP,50.333333333333336,1,37,44,22,19,6,14,38,1,3,0,0,0,3.397,1.152,0,1,0.0,-2.114,-2.137,-0.506,0.144,0.091,-4.523,2.596,4.65601418481043,
328,Adrian Sampson,CHN,RIGHT,SP| RP,35.333333333333336,5,10,30,15,11,8,8,28,1,2,0,0,0,2.802,1.075,1,0,0.028,-2.114,-2.352,-0.506,0.265,0.184,-4.524,2.5949999999999998,4.654220650840934,
329,Yohan Ramirez,PIT| SEA| CLE| CHA| BAL| BOS| LAN| NYN,RIGHT,RP,27.666666666666668,0,25,18,14,12,6,12,35,1,3,2,0,0,3.904,1.084,1,0,0.036,-2.114,-2.201,-0.319,-0.03,0.133,-4.532,2.5869999999999997,4.639872379084969,
330,Victor Gonzalez,LAN| NYA,LEFT,RP,35.33333333333333,1,44,32,14,14,3,19,33,3,1,1,0,0,3.566,1.443,2,1,0.057,-1.54,-2.245,-0.413,0.054,-0.392,-4.535,2.5839999999999996,4.634491777176483,
331,Richard Lovelady,NYN| TOR| KCA| OAK| CHN| TBA,LEFT,RP,20.66666666666667,0,20,16,9,8,3,6,23,2,0,1,0,0,3.484,1.065,0,1,0.0,-1.827,-2.46,-0.413,0.045,0.118,-4.537,2.582,4.630904709237492,
332,Dillon Maples,CHN,RIGHT,RP,31.333333333333332,0,28,15,10,9,2,25,40,1,0,0,0,0,2.585,1.277,5,1,0.16,-2.114,-2.094,-0.506,0.288,-0.116,-4.542,2.577,4.621937039390014,
333,Josh Taylor,BOS| KCA,LEFT,RP,47.66666666666666,0,61,45,18,18,2,23,60,1,0,1,0,0,3.399,1.427,2,1,0.042,-2.114,-1.663,-0.413,0.136,-0.493,-4.548,2.5709999999999997,4.61117583557304,
334,Darwinzon Hernandez,BOS,LEFT,RP,40.0,0,48,29,17,15,5,31,54,2,2,0,0,0,3.375,1.500,2,2,0.05,-1.827,-1.792,-0.506,0.121,-0.544,-4.548,2.5709999999999997,4.61117583557304,
335,Tyler Clippard,MIN| ARI| WAS,RIGHT,RP,25.333333333333332,0,26,22,12,9,3,11,21,1,1,6,0,0,3.197,1.303,3,0,0.118,-2.114,-2.503,0.056,0.112,-0.123,-4.573,2.5459999999999994,4.566337486335652,
336,Noe Ramirez,ANA| ARI,RIGHT,RP,36.0,0,38,23,14,12,3,12,29,0,2,1,0,0,3.000,0.972,6,0,0.167,-2.401,-2.331,-0.413,0.215,0.352,-4.579,2.54,4.555576282518679,
337,Sergio Romo,MIN| OAK| SEA| TOR,RIGHT,RP,61.666666666666664,0,66,56,33,32,9,21,60,1,1,3,0,0,4.670,1.249,10,1,0.162,-2.114,-1.663,-0.225,-0.437,-0.152,-4.592,2.527,4.532260340915237,
338,Brandon Bielak,HOU| OAK,RIGHT,RP,49.99999999999999,2,28,48,29,25,5,21,46,3,4,1,0,0,4.500,1.380,1,1,0.02,-1.54,-1.965,-0.413,-0.288,-0.414,-4.619,2.5,4.483834923738858,
339,Rafael Montero,ATL| DET| HOU| TEX| SEA,RIGHT,RP,49.33333333333333,0,44,59,40,35,4,17,42,5,4,7,0,0,6.385,1.540,7,0,0.142,-0.966,-2.051,0.149,-1.011,-0.759,-4.637,2.482,4.451551312287938,
340,Alec Mills,CHN| CIN,RIGHT,SP| RP,119.0,20,32,137,75,67,16,34,87,6,7,1,0,0,5.067,1.437,7,1,0.059,-0.679,-1.082,-0.413,-1.212,-1.285,-4.671,2.4479999999999995,4.3905711573250885,
341,Nick Wittgren,CLE| SLN| KCA,RIGHT,RP,62.333333333333336,1,60,61,38,35,13,17,61,2,9,1,0,0,5.053,1.251,1,1,0.016,-1.827,-1.642,-0.413,-0.628,-0.161,-4.671,2.4479999999999995,4.3905711573250885,
342,Sean Doolittle,WAS| CIN| SEA,LEFT,RP,49.666666666666664,0,56,50,27,25,7,23,53,3,1,1,0,0,4.530,1.470,4,3,0.081,-1.54,-1.814,-0.413,-0.298,-0.609,-4.673,2.4459999999999997,4.386984089386098,
343,Yacksel Rios,PIT| BOS| SEA| OAK,RIGHT,RP,27.33333333333333,0,23,18,13,13,3,16,23,3,0,0,0,0,4.280,1.244,2,1,0.073,-1.54,-2.46,-0.506,-0.11,-0.062,-4.678,2.441,4.37801641953862,
344,J. A. Happ,NYA| MIN| SLN,LEFT,SP,152.33333333333337,30,30,177,100,98,30,48,122,10,8,0,0,0,5.790,1.477,8,1,0.053,0.47,-0.329,-0.506,-2.412,-1.915,-4.692,2.4269999999999996,4.3529069439656825,
345,Chris Martin,TEX| ATL| CHN| LAN| BOS,RIGHT,RP,43.33333333333333,0,46,49,20,19,4,6,33,2,4,1,0,0,3.946,1.269,5,1,0.115,-1.827,-2.245,-0.413,-0.062,-0.146,-4.693,2.426,4.351113409996188,
346,Joe Smith,HOU| SEA| MIN,RIGHT,RP,39.666666666666664,0,50,47,23,22,5,8,34,4,4,0,0,0,4.992,1.387,2,1,0.05,-1.253,-2.223,-0.506,-0.381,-0.34,-4.703,2.4159999999999995,4.333178070301231,
347,Erik Swanson,TOR| SEA,RIGHT,RP,35.333333333333336,2,33,28,18,13,5,10,35,0,3,1,0,0,3.311,1.075,3,1,0.085,-2.401,-2.201,-0.413,0.125,0.184,-4.707,2.412,4.32600393442325,
348,Kyle Muller,ATL| OAK,LEFT,SP,36.66666666666667,8,9,26,17,17,2,20,37,2,4,0,0,0,4.173,1.254,2,0,0.055,-1.827,-2.158,-0.506,-0.117,-0.1,-4.709,2.41,4.322416866484259,
349,Chris Ellis,BAL| TBA,RIGHT,SP,29.333333333333336,6,7,21,7,7,3,14,23,1,0,0,0,0,2.148,1.193,4,2,0.136,-2.114,-2.46,-0.506,0.37,-0.0,-4.711,2.4079999999999995,4.318829798545266,
350,Garrett Richards,SDN| BOS| TEX,RIGHT,SP| RP,136.66666666666669,22,40,158,86,74,19,60,115,7,8,3,0,0,4.873,1.595,7,2,0.051,-0.391,-0.479,-0.225,-1.185,-2.433,-4.714,2.4049999999999994,4.31344919663678,
351,Ryan Hendrix,CIN,RIGHT,RP,31.66666666666666,0,36,33,23,21,8,16,35,5,1,0,0,0,5.968,1.547,0,1,0.0,-0.966,-2.201,-0.506,-0.546,-0.497,-4.716,2.4029999999999996,4.309862128697789,
352,Jay Jackson,SFN| ATL| TOR| MIN,RIGHT,RP,21.666666666666668,1,23,15,9,9,3,12,28,2,1,0,0,0,3.739,1.246,1,0,0.046,-1.827,-2.352,-0.506,0.004,-0.051,-4.733,2.386,4.279372051216366,
353,Scott Effross,NYA| CHN,RIGHT,RP,14.666666666666666,0,14,13,6,6,2,1,18,2,1,0,0,0,3.682,0.955,3,2,0.205,-1.827,-2.567,-0.506,0.009,0.155,-4.737,2.3819999999999997,4.272197915338383,
354,Brad Wieck,CHN,LEFT,RP,17.0,0,15,10,0,0,0,10,28,0,0,0,0,0,0.00,1.177,1,0,0.059,-2.401,-2.352,-0.506,0.5,0.012,-4.748,2.3709999999999996,4.2524690416739315,
355,Drew Hutchison,DET,RIGHT,RP,21.333333333333332,2,9,20,11,5,1,11,10,3,1,0,0,0,2.109,1.453,1,2,0.047,-1.54,-2.74,-0.506,0.276,-0.246,-4.756,2.3629999999999995,4.238120769917967,
356,Adam Morgan,PHI| CHN,LEFT,RP,25.333333333333336,0,34,22,15,12,6,12,28,2,1,2,0,0,4.263,1.342,2,0,0.079,-1.827,-2.352,-0.319,-0.099,-0.167,-4.765,2.354,4.221978964192508,
357,Luis Gil,NYA,RIGHT,SP,29.333333333333332,6,6,20,11,10,4,19,38,1,1,0,0,0,3.068,1.329,0,0,0.0,-2.114,-2.137,-0.506,0.159,-0.177,-4.776,2.343,4.202250090528057,
358,Paul Fry,BAL| ARI,LEFT,RP,47.33333333333334,0,52,37,34,32,3,35,60,4,5,2,0,0,6.085,1.521,3,0,0.063,-1.253,-1.663,-0.319,-0.858,-0.688,-4.781,2.338,4.19328242068058,
359,Justin Dunn,SEA| CIN,RIGHT,SP,50.33333333333333,11,11,37,21,21,6,29,49,1,3,0,0,0,3.755,1.311,10,0,0.199,-2.114,-1.9,-0.506,0.003,-0.263,-4.781,2.338,4.19328242068058,
360,Brady Singer,CIN| KCA,RIGHT,SP,128.33333333333334,27,27,146,81,70,14,53,131,5,10,0,0,0,4.909,1.551,10,4,0.078,-0.966,-0.135,-0.506,-1.149,-2.032,-4.788,2.3309999999999995,4.18072768289411,
361,Griffin Canning,NYN| ANA,RIGHT,SP,62.666666666666664,13,14,65,41,39,14,28,62,5,4,0,0,0,5.601,1.484,5,1,0.08,-0.966,-1.62,-0.506,-0.9,-0.807,-4.8,2.319,4.159205275260164,
362,Ryan Borucki,PIT| TOR| SEA,LEFT,RP,23.666666666666668,0,24,18,14,13,5,11,21,3,1,0,0,0,4.944,1.225,0,0,0.0,-1.54,-2.503,-0.506,-0.218,-0.034,-4.802,2.317,4.155618207321173,
363,Miles Mikolas,SLN,RIGHT,SP,44.666666666666664,9,9,43,24,21,6,11,31,2,3,0,0,0,4.231,1.209,0,0,0.0,-1.827,-2.288,-0.506,-0.163,-0.032,-4.816,2.303,4.130508731748235,
364,Joakim Soria,OAK| ARI| TOR,RIGHT,RP,37.333333333333336,0,41,39,21,21,6,12,40,1,4,6,0,0,5.062,1.366,1,0,0.027,-2.114,-2.094,0.056,-0.379,-0.286,-4.818,2.301,4.126921663809244,
365,Kolby Allard,CLE| TEX| ATL| PHI,LEFT,SP| RP,124.66666666666667,17,32,128,80,75,29,31,104,3,12,0,0,0,5.414,1.275,6,0,0.048,-1.54,-0.716,-0.506,-1.608,-0.455,-4.826,2.293,4.112573392053281,
366,Josh Rogers,WAS| COL,LEFT,SP,35.66666666666667,6,6,32,13,13,7,14,22,2,2,0,0,0,3.280,1.290,0,0,0.0,-1.827,-2.481,-0.506,0.134,-0.153,-4.833,2.2859999999999996,4.100018654266811,
367,Taylor Widener,ARI,RIGHT,SP| RP,70.33333333333334,13,23,65,38,34,14,37,73,2,1,0,0,0,4.351,1.450,3,1,0.043,-1.827,-1.383,-0.506,-0.323,-0.801,-4.841,2.2779999999999996,4.0856703825108465,
368,Jordan Holloway,MIA,RIGHT,SP| RP,36.0,4,13,23,19,16,3,26,36,2,3,0,0,0,4.000,1.361,2,0,0.056,-1.827,-2.18,-0.506,-0.067,-0.268,-4.848,2.271,4.073115644724378,
369,Reiver Sanmartin,CIN,LEFT,P,11.666666666666668,2,2,12,2,2,0,2,11,2,0,0,0,0,1.543,1.200,0,0,0.0,-1.827,-2.718,-0.506,0.202,-0.004,-4.853,2.266,4.0641479748769,
370,Jharel Cotton,TEX| MIN| SFN,RIGHT,RP,30.66666666666667,0,23,28,12,12,2,15,30,2,0,0,0,0,3.522,1.402,1,0,0.033,-1.827,-2.309,-0.506,0.058,-0.284,-4.869,2.25,4.035451431364971,
371,Joey Lucchesi,SFN| SDN| NYN,LEFT,SP| RP,38.333333333333336,8,11,34,20,19,4,11,41,1,4,0,0,0,4.461,1.174,2,1,0.052,-2.114,-2.072,-0.506,-0.209,0.032,-4.87,2.2489999999999997,4.033657897395476,
372,Austin Voth,WAS| BAL| SEA,RIGHT,RP,57.33333333333333,1,49,57,35,34,10,28,59,4,1,0,0,0,5.337,1.483,1,4,0.017,-1.253,-1.685,-0.506,-0.705,-0.735,-4.884,2.2349999999999994,4.008548421822538,
373,Elieser Hernandez,MIA| LAN| MIL,RIGHT,SP,51.666666666666664,11,11,54,26,24,13,14,53,1,3,0,0,0,4.181,1.316,1,1,0.019,-2.114,-1.814,-0.506,-0.169,-0.282,-4.885,2.234,4.0067548878530435,
374,Kodi Whitley,SLN,RIGHT,RP,25.333333333333336,0,25,15,8,7,1,12,27,0,0,0,0,0,2.487,1.066,0,0,0.0,-2.401,-2.374,-0.506,0.253,0.143,-4.886,2.2329999999999997,4.004961353883547,
375,Ralph Garza,HOU| MIN| TBA,RIGHT,RP,30.33333333333333,0,27,24,15,12,5,14,29,1,4,1,0,0,3.560,1.253,0,0,0.0,-2.114,-2.331,-0.413,0.048,-0.08,-4.89,2.229,3.9977872180055654,
376,Nick Vincent,MIA| MIN,RIGHT,RP,12.666666666666668,0,7,6,1,1,1,5,9,1,0,0,0,0,0.711,0.868,0,0,0.0,-2.114,-2.761,-0.506,0.302,0.182,-4.898,2.221,3.9834389462496014,
377,Sam Howard,PIT,LEFT,RP,45.0,1,54,34,29,28,7,32,60,3,4,0,0,0,5.600,1.467,3,0,0.067,-1.54,-1.663,-0.506,-0.646,-0.545,-4.901,2.218,3.978058344341114,
378,Kent Emanuel,HOU| MIA,LEFT,RP,17.666666666666668,0,10,12,5,5,4,4,13,1,0,0,0,0,2.547,0.906,0,0,0.0,-2.114,-2.675,-0.506,0.168,0.225,-4.903,2.216,3.9744712764021237,
379,Dinelson Lamet,SDN| COL| BOS| LAN,RIGHT,SP| RP,47.0,9,22,48,24,23,6,22,57,2,4,0,0,0,4.404,1.489,4,0,0.085,-1.827,-1.728,-0.506,-0.235,-0.617,-4.914,2.205,3.9547424027376725,
380,A. J. Alexy,TEX,RIGHT,SP,23.0,4,5,13,12,12,4,17,17,3,1,0,0,0,4.696,1.304,0,0,0.0,-1.54,-2.589,-0.506,-0.168,-0.113,-4.916,2.2029999999999994,3.9511553347986803,
381,Ashton Goudeau,COL| CIN,RIGHT,RP,34.33333333333333,1,16,24,16,16,4,17,22,2,1,0,0,0,4.194,1.194,2,1,0.058,-1.827,-2.481,-0.506,-0.116,-0.002,-4.932,2.1869999999999994,3.9224587912867515,
382,Albert Abreu,NYA| KCA| TEX,RIGHT,RP,36.666666666666664,0,28,27,21,21,8,19,35,2,0,1,0,0,5.154,1.254,5,0,0.136,-1.827,-2.201,-0.413,-0.399,-0.1,-4.94,2.1789999999999994,3.908110519530787,
383,Jon Lester,CHN| SLN| WAS,LEFT,SP,141.33333333333331,28,28,159,84,74,25,55,91,7,6,0,0,0,4.712,1.514,11,5,0.078,-0.391,-0.996,-0.506,-1.048,-2.009,-4.951,2.168,3.8883816458663376,
384,Kervin Castro,SFN| CHN,RIGHT,RP,13.33333333333333,0,10,13,1,0,0,4,13,1,1,0,0,0,0.00,1.275,0,0,0.0,-2.114,-2.675,-0.506,0.392,-0.048,-4.952,2.167,3.8865881118968413,
385,Brusdar Graterol,LAN,RIGHT,RP,33.333333333333336,1,34,34,18,17,2,13,27,3,0,0,0,0,4.590,1.410,1,1,0.03,-1.54,-2.374,-0.506,-0.215,-0.32,-4.956,2.1629999999999994,3.879413976018858,
386,Chris Rodriguez,ANA,RIGHT,RP,29.666666666666664,2,15,28,14,12,0,15,29,2,1,0,0,0,3.640,1.449,4,1,0.135,-1.827,-2.331,-0.506,0.028,-0.337,-4.973,2.146,3.848923898537435,
387,Andres Machado,WAS,RIGHT,RP,35.66666666666667,0,40,30,17,14,4,15,30,1,2,0,0,0,3.533,1.262,2,1,0.056,-2.114,-2.309,-0.506,0.064,-0.108,-4.974,2.1449999999999996,3.847130364567939,
388,Duane Underwood,CHN| PIT,RIGHT,RP,72.66666666666667,0,43,77,40,35,9,27,65,2,3,0,0,0,4.335,1.431,7,1,0.096,-1.827,-1.556,-0.506,-0.325,-0.766,-4.98,2.1389999999999993,3.8363691607509653,
389,Jeff Hoffman,TOR| COL| CIN| PHI,RIGHT,SP| RP,73.0,11,31,70,41,37,12,45,79,3,5,0,0,0,4.562,1.575,3,0,0.041,-1.54,-1.254,-0.506,-0.455,-1.236,-4.992,2.127,3.8148467531170196,
390,Jimmie Sherfy,LAN| SFN,RIGHT,RP,15.0,0,14,12,8,7,3,4,12,2,1,0,0,0,4.200,1.067,1,0,0.067,-1.827,-2.697,-0.506,-0.051,0.084,-4.998,2.1209999999999996,3.804085549300046,
391,Marcos Diplan,BAL,RIGHT,RP,30.000000000000004,0,23,22,16,15,6,15,24,2,0,0,0,0,4.500,1.233,0,0,0.0,-1.827,-2.438,-0.506,-0.173,-0.054,-4.998,2.1209999999999996,3.804085549300046,
392,Travis Bergen,ARI| TOR,LEFT,RP,10.666666666666668,1,10,5,2,2,1,8,6,2,0,0,0,0,1.688,1.219,0,0,0.0,-1.827,-2.826,-0.506,0.173,-0.012,-4.999,2.12,3.8022920153305515,
393,Dillon Tate,TOR| BAL,RIGHT,RP,67.66666666666667,0,62,61,35,33,7,23,49,0,6,3,0,0,4.389,1.241,3,2,0.044,-2.401,-1.9,-0.225,-0.331,-0.145,-5.003,2.1159999999999997,3.7951178794525684,
394,Ryan Weathers,MIA| SDN,LEFT,SP| RP,94.66666666666666,18,30,101,57,56,20,30,72,4,7,1,0,0,5.324,1.384,2,1,0.021,-1.253,-1.405,-0.413,-1.154,-0.8,-5.025,2.0939999999999994,3.755660132123666,
395,Rowan Wick,CHN,RIGHT,RP,23.0,0,22,17,12,11,1,14,29,0,1,5,0,0,4.304,1.348,1,0,0.043,-2.401,-2.331,-0.038,-0.097,-0.158,-5.025,2.0939999999999994,3.755660132123666,
396,Aaron Sanchez,SFN| MIN| WAS,RIGHT,SP,35.333333333333336,7,9,32,12,12,2,15,26,1,1,0,0,0,3.057,1.330,5,0,0.142,-2.114,-2.395,-0.506,0.195,-0.215,-5.036,2.083,3.7359312584592166,
397,Bailey Falter,KCA| PIT| PHI,LEFT,RP,33.666666666666664,1,22,34,21,21,5,6,34,2,1,0,0,0,5.614,1.188,0,1,0.0,-1.827,-2.223,-0.506,-0.487,0.007,-5.036,2.083,3.7359312584592166,
398,Ervin Santana,KCA,RIGHT,RP,65.33333333333334,2,38,65,35,34,9,22,52,2,2,0,0,0,4.684,1.332,2,0,0.031,-1.827,-1.836,-0.506,-0.47,-0.401,-5.04,2.0789999999999997,3.7287571225812335,
399,Bruce Zimmermann,MIL| BAL,LEFT,SP,64.33333333333334,13,14,75,37,36,14,22,56,4,5,0,0,0,5.036,1.508,2,2,0.031,-1.253,-1.749,-0.506,-0.64,-0.896,-5.045,2.074,3.719789452733756,
400,Patrick Corbin,TEX| WAS,LEFT,SP,171.66666666666666,31,31,192,114,111,37,60,143,9,16,0,0,0,5.819,1.468,13,5,0.076,0.183,0.123,-0.506,-2.758,-2.09,-5.047,2.072,3.7162023847947654,
401,Anthony Castro,DET| TOR| CLE,RIGHT,RP,24.666666666666664,0,25,23,15,13,4,8,32,1,2,1,0,0,4.743,1.257,1,0,0.041,-2.114,-2.266,-0.413,-0.189,-0.07,-5.052,2.067,3.7072347149472877,
402,Andrew Wantz,ANA,RIGHT,RP,27.333333333333332,0,21,23,17,15,5,11,38,1,0,0,0,0,4.939,1.244,0,1,0.0,-2.114,-2.137,-0.506,-0.251,-0.062,-5.07,2.0489999999999995,3.6749511034963667,
403,Cody Poteet,BAL| MIA| NYA,RIGHT,SP,30.666666666666668,7,7,25,17,17,7,16,32,2,3,0,0,0,4.989,1.337,2,0,0.065,-1.827,-2.266,-0.506,-0.294,-0.195,-5.089,2.0299999999999994,3.640873958075951,
404,Josiah Gray,LAN| WAS,RIGHT,SP,70.66666666666667,13,14,63,44,43,19,33,76,2,2,0,0,0,5.476,1.359,5,1,0.071,-1.827,-1.319,-0.506,-0.946,-0.518,-5.116,2.003,3.5924485408995728,
405,Bryan Abreu,HOU,RIGHT,RP,36.0,0,31,35,26,23,4,18,36,3,3,1,0,0,5.750,1.472,2,0,0.056,-1.54,-2.18,-0.413,-0.559,-0.445,-5.137,1.9820000000000002,3.5547843275401667,
406,Adam Conley,TBA,LEFT,RP,19.666666666666668,0,17,14,5,5,2,6,16,0,0,0,0,0,2.288,1.017,1,1,0.051,-2.401,-2.611,-0.506,0.227,0.153,-5.139,1.9799999999999995,3.5511972596011745,
407,Peter Solomon,HOU| ARI,RIGHT,RP,14.0,0,6,10,2,2,0,8,10,1,0,0,0,0,1.286,1.286,0,1,0.0,-2.114,-2.74,-0.506,0.271,-0.057,-5.147,1.9719999999999995,3.53684898784521,
408,Hector Santiago,SEA,LEFT,RP,26.333333333333332,1,13,27,10,10,2,11,30,1,1,0,0,0,3.418,1.443,1,0,0.038,-2.114,-2.309,-0.506,0.071,-0.291,-5.15,1.9689999999999994,3.5314683859367233,
409,Jimmy Herget,COL| TEX| ANA| ATL,RIGHT,RP,18.666666666666664,0,18,20,12,11,1,4,20,2,3,0,0,0,5.304,1.286,4,0,0.214,-1.827,-2.524,-0.506,-0.225,-0.077,-5.159,1.96,3.5153265802112643,
410,Jandel Gustave,MIL,RIGHT,RP,18.333333333333332,0,14,15,10,7,2,5,13,1,2,0,0,0,3.436,1.091,0,0,0.0,-2.114,-2.675,-0.506,0.047,0.083,-5.166,1.9529999999999994,3.5027718424247944,
411,Keone Kela,PIT| SDN,RIGHT,RP,10.666666666666666,0,12,11,8,6,3,3,13,2,2,0,0,0,5.062,1.312,1,0,0.094,-1.827,-2.675,-0.506,-0.108,-0.056,-5.173,1.9459999999999997,3.4902171046383264,
412,Dennis Santana,PIT| LAN| TEX| NYN| NYA,RIGHT,RP,54.66666666666667,0,55,48,31,26,4,32,46,2,4,0,0,0,4.280,1.463,6,1,0.11,-1.827,-1.965,-0.506,-0.221,-0.654,-5.174,1.9449999999999994,3.48842357066883,
413,Kyle McGowin,WAS,RIGHT,RP,30.000000000000007,0,27,21,14,14,5,14,35,0,0,0,0,0,4.200,1.167,4,0,0.133,-2.401,-2.201,-0.506,-0.102,0.035,-5.177,1.9420000000000002,3.483042968760345,
414,Alex Lange,DET,RIGHT,RP,35.66666666666667,0,36,37,18,16,5,16,39,1,3,1,0,0,4.037,1.486,4,0,0.112,-2.114,-2.115,-0.413,-0.076,-0.463,-5.182,1.9369999999999994,3.4740752989128656,
415,Sam Long,KCA| SFN| OAK,LEFT,SP| RP,40.666666666666664,5,12,37,27,25,5,15,38,2,1,0,0,0,5.533,1.279,3,1,0.074,-1.827,-2.137,-0.506,-0.562,-0.154,-5.187,1.9319999999999995,3.4651076290653884,
416,Zach Pop,NYN| SEA| MIA| TOR,RIGHT,RP,54.666666666666664,0,50,54,29,25,3,24,51,1,0,0,0,0,4.116,1.427,2,0,0.037,-2.114,-1.857,-0.506,-0.151,-0.566,-5.194,1.9249999999999998,3.45255289127892,
417,Garrett Cleavinger,TBA| PHI| LAN,LEFT,RP,18.0,1,22,20,11,6,4,12,21,2,4,0,0,0,3.000,1.778,3,0,0.167,-1.827,-2.503,-0.506,0.107,-0.466,-5.195,1.9239999999999995,3.450759357309424,
418,Joely Rodriguez,TEX| NYA| NYN| BOS,LEFT,RP,46.333333333333336,0,52,53,27,24,4,18,47,2,3,1,0,0,4.662,1.532,5,1,0.108,-1.827,-1.943,-0.413,-0.325,-0.696,-5.205,1.9139999999999997,3.4328240176144686,
419,Evan Phillips,LAN| BAL| TBA,RIGHT,RP,13.333333333333334,0,8,11,6,5,1,5,11,1,1,1,0,0,3.375,1.200,1,0,0.075,-2.114,-2.718,-0.413,0.04,-0.004,-5.209,1.9100000000000001,3.4256498817364873,
420,Steve Cishek,CHA| ANA| WAS,RIGHT,RP,68.33333333333336,0,74,61,32,26,2,41,64,0,2,0,0,0,3.424,1.493,1,2,0.015,-2.401,-1.577,-0.506,0.181,-0.907,-5.211,1.9079999999999995,3.422062813797495,
421,Jordan Sheffield,COL,RIGHT,RP,29.333333333333332,0,30,19,11,11,2,13,20,0,0,0,0,0,3.375,1.091,0,2,0.0,-2.401,-2.524,-0.506,0.089,0.133,-5.211,1.9079999999999995,3.422062813797495,
422,Jakob Junis,CLE| KCA| SFN| CIN| MIL,RIGHT,SP| RP,39.33333333333333,6,16,43,24,23,7,12,41,2,4,0,0,0,5.263,1.398,0,1,0.0,-1.827,-2.072,-0.506,-0.461,-0.357,-5.224,1.8949999999999996,3.398746872194053,
423,Sean Newcomb,ATH| BOS| ATL| CHN| OAK,LEFT,RP,32.33333333333333,0,32,28,17,17,1,27,43,2,0,1,0,0,4.732,1.701,0,2,0.0,-1.827,-2.029,-0.413,-0.245,-0.727,-5.241,1.8780000000000001,3.36825679471263,
424,Derek Holland,PIT| DET,LEFT,RP,49.66666666666667,1,39,58,29,28,6,20,51,3,2,0,0,0,5.074,1.571,2,1,0.04,-1.54,-1.857,-0.506,-0.509,-0.83,-5.242,1.8769999999999998,3.3664632607431337,
425,Ryan Brasier,CHN| BOS| LAN,RIGHT,RP,12.0,0,13,12,5,2,2,4,9,1,1,0,0,0,1.500,1.333,0,1,0.0,-2.114,-2.761,-0.506,0.212,-0.075,-5.244,1.875,3.3628761928041433,
426,Sean Reid-Foley,TOR| NYN,RIGHT,RP,20.666666666666664,0,12,22,15,12,3,9,26,2,1,0,0,0,5.226,1.500,0,0,0.0,-1.827,-2.395,-0.506,-0.236,-0.281,-5.246,1.8729999999999993,3.3592891248651506,
427,Ryne Harper,WAS,RIGHT,RP,35.666666666666664,0,34,28,16,16,6,14,31,0,2,0,0,0,4.037,1.178,1,1,0.028,-2.401,-2.288,-0.506,-0.076,0.024,-5.248,1.8709999999999996,3.35570205692616,
428,Dillon Peters,ANA| PIT,LEFT,SP,26.666666666666668,6,6,26,12,11,2,10,23,1,2,0,0,0,3.712,1.350,1,0,0.037,-2.114,-2.46,-0.506,0.011,-0.185,-5.255,1.8639999999999999,3.343147319139692,
429,Daulton Jefferies,OAK| PIT| SFN,RIGHT,RP,15.000000000000002,1,5,11,6,6,1,4,8,1,0,0,0,0,3.600,1.000,1,0,0.067,-2.114,-2.783,-0.506,0.019,0.128,-5.256,1.8629999999999995,3.3413537851701958,
430,Anthony Banda,LAN| TBA| NYN| PIT| NYA| TOR| WAS,LEFT,RP,33.666666666666664,0,30,39,18,16,6,13,32,2,2,0,0,0,4.277,1.545,0,0,0.0,-1.827,-2.266,-0.506,-0.135,-0.524,-5.259,1.8599999999999994,3.335973183261709,
431,Cesar Valdez,BAL| ANA,RIGHT,RP,45.99999999999999,0,39,62,32,30,8,14,45,2,2,8,0,0,5.870,1.652,0,1,0.0,-1.827,-1.986,0.243,-0.757,-0.935,-5.263,1.8559999999999999,3.3287990473837277,
432,Josh Osich,BOS| CHN| CIN,LEFT,RP,14.333333333333332,0,17,15,9,8,4,5,9,2,0,1,0,0,5.023,1.395,1,1,0.07,-1.827,-2.761,-0.413,-0.141,-0.128,-5.271,1.8479999999999999,3.3144507756277632,
433,Kyle Barraclough,MIN| ANA| BOS,RIGHT,RP,13.0,0,10,12,8,8,4,8,18,2,0,0,0,0,5.538,1.538,3,0,0.231,-1.827,-2.567,-0.506,-0.18,-0.199,-5.28,1.8389999999999995,3.298308969902303,
434,Manuel Rodriguez,TBA| CHN,RIGHT,RP,17.666666666666668,0,20,18,18,12,3,12,16,3,3,1,0,0,6.113,1.698,1,0,0.057,-1.54,-2.611,-0.413,-0.324,-0.395,-5.283,1.8359999999999994,3.2929283679938157,
435,Drew Anderson,CHA| TEX,RIGHT,RP,22.0,1,9,20,8,8,1,6,9,1,1,0,0,0,3.273,1.182,3,0,0.136,-2.114,-2.761,-0.506,0.084,0.011,-5.287,1.8319999999999999,3.2857542321158344,
436,David Phelps,MIL| PHI| TOR,RIGHT,RP,10.333333333333332,1,11,8,2,1,0,4,15,0,0,0,0,0,0.871,1.161,0,0,0.0,-2.401,-2.632,-0.506,0.233,0.015,-5.292,1.827,3.276786562268357,
437,Miguel Sanchez,MIL,RIGHT,RP,25.999999999999996,0,28,27,14,12,4,14,23,2,1,0,0,0,4.154,1.577,1,0,0.038,-1.827,-2.46,-0.506,-0.079,-0.442,-5.315,1.8039999999999994,3.2355352809699585,
438,David Peterson,NYN,LEFT,SP,66.66666666666666,15,15,64,44,41,11,29,69,2,6,0,0,0,5.535,1.395,2,3,0.03,-1.827,-1.47,-0.506,-0.923,-0.596,-5.322,1.7969999999999997,3.2229805431834904,
439,Justin Garza,NYN| CLE| BOS,RIGHT,RP,28.666666666666664,0,21,27,16,15,5,18,29,2,1,0,0,0,4.709,1.570,1,0,0.035,-1.827,-2.331,-0.506,-0.212,-0.478,-5.354,1.7649999999999997,3.1655874561596327,
440,Trent Thornton,SEA| TOR,RIGHT,SP| RP,49.0,3,37,54,33,26,12,16,52,1,3,0,0,0,4.776,1.429,4,3,0.082,-2.114,-1.836,-0.506,-0.388,-0.511,-5.355,1.7639999999999993,3.1637939221901368,
441,Conner Menez,SFN| CHN,LEFT,RP,14.0,1,8,16,10,6,2,3,15,1,0,0,0,0,3.857,1.357,0,0,0.0,-2.114,-2.632,-0.506,-0.01,-0.102,-5.365,1.7539999999999996,3.1458585824951815,
442,Phillips Valdez,BOS,RIGHT,RP,40.0,0,28,35,29,26,4,19,35,2,0,1,0,0,5.850,1.350,2,1,0.05,-1.827,-2.201,-0.413,-0.652,-0.278,-5.372,1.7469999999999999,3.1333038447087134,
443,Chris Archer,TBA| MIN,RIGHT,SP,19.333333333333336,5,6,18,11,10,3,8,21,1,1,0,0,0,4.655,1.345,0,0,0.0,-2.114,-2.503,-0.506,-0.135,-0.13,-5.388,1.7309999999999999,3.1046073011967845,
444,Jose Quijada,ANA,LEFT,RP,25.666666666666668,0,26,20,14,13,2,15,38,0,2,0,0,0,4.558,1.364,0,1,0.0,-2.401,-2.137,-0.506,-0.159,-0.194,-5.398,1.721,3.0866719615018297,
445,Justin Bruihl,TOR| LAN| COL| PIT,LEFT,RP,18.666666666666668,2,21,13,7,6,1,7,11,0,1,0,0,0,2.893,1.071,0,1,0.0,-2.401,-2.718,-0.506,0.127,0.1,-5.399,1.7199999999999998,3.0848784275323333,
446,Michael Lorenzen,KCA| CIN| ANA| DET| PHI| TEX,RIGHT,RP,29.000000000000004,0,27,26,18,18,2,14,21,1,2,4,0,0,5.586,1.379,0,0,0.0,-2.114,-2.503,-0.132,-0.413,-0.239,-5.401,1.718,3.081291359593343,
447,Tucker Davidson,ATL| ANA| KCA| BAL,LEFT,SP,20.0,4,4,15,8,8,3,8,18,0,0,0,0,0,3.600,1.150,0,0,0.0,-2.401,-2.567,-0.506,0.025,0.038,-5.412,1.7069999999999999,3.0615624859288917,
448,Corey Oswalt,NYN,RIGHT,P,10.333333333333334,1,3,12,4,4,1,2,10,1,1,0,0,0,3.484,1.355,0,2,0.0,-2.114,-2.74,-0.506,0.023,-0.074,-5.412,1.7069999999999999,3.0615624859288917,
449,Rafael Dolis,TOR,RIGHT,RP,31.999999999999996,0,39,29,21,20,2,27,39,2,3,3,0,0,5.625,1.750,5,0,0.156,-1.827,-2.115,-0.225,-0.465,-0.789,-5.423,1.6959999999999997,3.0418336122644405,
450,Mike Foltynewicz,ATL| TEX,RIGHT,SP| RP,139.0,24,28,139,86,84,35,36,97,2,12,0,0,0,5.439,1.259,2,3,0.014,-1.827,-0.867,-0.506,-1.82,-0.406,-5.426,1.6929999999999996,3.0364530103559537,
451,Kyle Crick,PIT| CHA,RIGHT,RP,24.333333333333332,0,27,14,14,12,0,19,21,1,1,0,0,0,4.438,1.356,6,0,0.247,-2.114,-2.503,-0.506,-0.128,-0.176,-5.428,1.6909999999999998,3.032865942416963,
452,Erasmo Ramirez,MIN| NYN| DET| WAS| TBA,RIGHT,RP,26.666666666666664,0,17,24,17,17,4,5,20,1,1,0,0,0,5.737,1.087,0,1,0.0,-2.114,-2.524,-0.506,-0.411,0.125,-5.432,1.6869999999999994,3.0256918065389797,
453,Matt Foster,CHA,RIGHT,RP,38.99999999999999,0,37,43,27,26,9,13,40,2,1,1,0,0,6.000,1.436,2,1,0.051,-1.827,-2.094,-0.413,-0.682,-0.419,-5.435,1.6840000000000002,3.0203112046304947,
454,Stephen Strasburg,WAS,RIGHT,SP,21.666666666666664,5,5,16,12,11,4,14,21,1,2,0,0,0,4.569,1.385,2,0,0.092,-2.114,-2.503,-0.506,-0.136,-0.184,-5.444,1.6749999999999998,3.0041693989050344,
455,Brad Keller,CHN| KCA| BOS| CHA,RIGHT,SP,133.66666666666669,26,26,158,89,80,18,64,120,8,12,0,0,0,5.386,1.661,5,4,0.037,-0.104,-0.372,-0.506,-1.695,-2.768,-5.446,1.673,3.0005823309660435,
456,Austin Davis,PHI| PIT| BOS| MIN| SDN,LEFT,RP,26.333333333333343,0,29,24,17,15,4,12,28,1,2,0,0,0,5.127,1.367,3,0,0.114,-2.114,-2.352,-0.506,-0.281,-0.203,-5.456,1.6629999999999994,2.982646991271087,
457,Humberto Castellanos,HOU| ARI,RIGHT,SP| RP,45.666666666666664,7,14,48,26,25,7,15,29,2,2,0,0,0,4.927,1.380,1,0,0.022,-1.827,-2.331,-0.506,-0.415,-0.377,-5.457,1.662,2.9808534573015923,
458,Robert Gsellman,NYN| CHN,RIGHT,RP,28.666666666666668,1,17,27,14,12,3,7,17,0,1,0,0,0,3.767,1.186,1,1,0.035,-2.401,-2.589,-0.506,-0.001,0.009,-5.489,1.63,2.923460370277735,
459,Jason Adam,SDN| CHN| TBA,RIGHT,RP,10.666666666666666,0,12,10,7,7,1,6,19,1,0,0,0,0,5.906,1.500,0,1,0.0,-2.114,-2.546,-0.506,-0.179,-0.145,-5.49,1.6289999999999996,2.9216668363082388,
460,Keynan Middleton,ANA| SEA| ARI| CHA| NYA,RIGHT,RP,30.999999999999996,1,32,30,20,17,2,19,24,1,2,4,0,0,4.936,1.581,8,0,0.258,-2.114,-2.438,-0.132,-0.284,-0.532,-5.5,1.6189999999999998,2.903731496613284,
461,Andre Jackson,LAN| PIT,RIGHT,RP,11.666666666666668,0,3,10,3,3,1,6,10,0,1,1,0,0,2.314,1.371,0,0,0.0,-2.401,-2.74,-0.413,0.132,-0.092,-5.514,1.6049999999999995,2.8786220210403455,
462,Chris Mazza,BOS| TBA,RIGHT,RP,27.333333333333332,0,14,26,14,14,3,7,21,0,0,1,0,0,4.610,1.207,1,0,0.037,-2.401,-2.503,-0.413,-0.181,-0.017,-5.515,1.604,2.876828487070851,
463,Tyler Chatwood,CHN| SFN| TOR,RIGHT,RP,31.999999999999996,0,32,26,22,20,2,21,38,1,3,1,0,0,5.625,1.469,1,0,0.031,-2.114,-2.137,-0.413,-0.465,-0.391,-5.52,1.5990000000000002,2.8678608172233737,
464,Jhonathan Diaz,SEA| ANA,LEFT,P,13.0,2,3,11,6,6,1,7,9,1,0,0,0,0,4.154,1.385,0,0,0.0,-2.114,-2.761,-0.506,-0.04,-0.11,-5.532,1.5869999999999997,2.846338409589426,
465,Matt Peacock,ARI| KCA,RIGHT,SP| RP,86.33333333333333,8,35,107,55,47,13,28,50,5,7,0,0,0,4.900,1.564,1,2,0.012,-0.966,-1.879,-0.506,-0.767,-1.417,-5.534,1.585,2.8427513416504357,
466,Amir Garrett,CIN| KCA| ANA,LEFT,RP,47.66666666666668,0,63,46,34,32,9,29,61,0,4,7,0,0,6.042,1.573,5,0,0.105,-2.401,-1.642,0.149,-0.849,-0.803,-5.545,1.5739999999999998,2.8230224679859846,
467,Nate Pearson,CHN| TOR,RIGHT,RP,15.0,1,12,14,8,7,2,12,20,1,1,0,0,0,4.200,1.733,0,0,0.0,-2.114,-2.524,-0.506,-0.051,-0.359,-5.555,1.564,2.8050871282910292,
468,Andre Scrubb,HOU,RIGHT,RP,19.666666666666668,0,18,15,11,11,5,14,21,1,1,0,0,0,5.034,1.475,1,1,0.051,-2.114,-2.503,-0.506,-0.195,-0.245,-5.564,1.5549999999999997,2.788945322565569,
469,Griffin Jax,MIN| TBA,RIGHT,SP| RP,82.0,14,18,82,62,58,23,29,65,4,5,0,0,0,6.366,1.354,8,1,0.098,-1.253,-1.556,-0.506,-1.667,-0.583,-5.566,1.553,2.785358254626578,
470,Matt Andriese,ANA| BOS| SEA| MIA,RIGHT,RP,48.333333333333336,0,34,65,35,28,7,13,50,2,3,1,0,0,5.214,1.614,3,0,0.062,-1.827,-1.879,-0.413,-0.548,-0.9,-5.567,1.5519999999999996,2.783564720657082,
471,Dallas Keuchel,CHA| ARI| TEX| MIN| MIL,LEFT,SP,161.99999999999997,30,32,189,105,95,25,59,95,9,9,0,0,0,5.278,1.531,2,4,0.012,0.183,-0.91,-0.506,-1.917,-2.423,-5.573,1.5459999999999994,2.772803516840108,
472,Joe Mantiply,ARI,LEFT,RP,39.66666666666667,0,57,45,24,15,1,17,38,0,3,0,0,0,3.403,1.563,1,5,0.025,-2.401,-2.137,-0.506,0.111,-0.65,-5.583,1.5359999999999996,2.7548681771451533,
473,Jacob Barnes,TOR| ANA| NYN| DET| NYA| SLN| WAS,RIGHT,RP,28.666666666666664,0,29,31,20,20,7,11,33,1,2,2,0,0,6.279,1.465,2,1,0.07,-2.114,-2.245,-0.319,-0.563,-0.345,-5.587,1.532,2.747694041267172,
474,Julian Merryweather,CHN| TOR,RIGHT,RP,13.0,1,13,13,7,7,4,4,12,0,1,2,0,0,4.846,1.308,0,0,0.0,-2.401,-2.697,-0.319,-0.11,-0.066,-5.593,1.5259999999999998,2.7369328374501984,
475,Wander Suero,ATL| WAS| LAN| HOU,RIGHT,RP,42.66666666666666,0,45,45,35,30,11,15,44,2,3,0,0,0,6.328,1.406,0,0,0.0,-1.827,-2.008,-0.506,-0.855,-0.403,-5.599,1.5199999999999996,2.7261716336332245,
476,Jonathan Heasley,KCA| BAL,RIGHT,SP,14.666666666666664,3,3,15,8,8,3,3,6,1,1,0,0,0,4.909,1.227,0,1,0.0,-2.114,-2.826,-0.506,-0.131,-0.022,-5.6,1.5190000000000001,2.72437809966373,
477,Darren O'Day,ATL| NYA,RIGHT,RP,10.666666666666666,0,12,9,4,4,2,4,11,0,0,0,0,0,3.375,1.219,0,0,0.0,-2.401,-2.718,-0.506,0.032,-0.012,-5.606,1.513,2.7136168958467564,
478,David Robertson,PHI| TBA| CHN| MIA| NYN| TEX,RIGHT,RP,12.0,1,12,11,7,6,2,4,16,0,0,0,0,0,4.500,1.250,0,1,0.0,-2.401,-2.611,-0.506,-0.069,-0.03,-5.618,1.5009999999999994,2.692094488212809,
479,Kyle Tyler,ANA| SDN| MIA,RIGHT,RP,12.333333333333332,0,5,8,4,4,1,6,6,0,0,0,0,0,2.919,1.135,0,0,0.0,-2.401,-2.826,-0.506,0.081,0.032,-5.621,1.4979999999999993,2.686713886304322,
480,Domingo Acevedo,OAK,RIGHT,RP,11.0,0,10,9,4,4,3,4,9,0,0,0,0,0,3.273,1.182,0,0,0.0,-2.401,-2.761,-0.506,0.042,0.005,-5.622,1.4969999999999999,2.6849203523348275,
481,Scott Alexander,COL| SFN| LAN| OAK,LEFT,RP,15.333333333333332,0,18,15,6,5,2,4,8,0,2,0,0,0,2.935,1.239,5,0,0.326,-2.401,-2.783,-0.506,0.099,-0.031,-5.623,1.4959999999999996,2.6831268183653316,
482,Jake Reed,LAN| NYN| BAL,RIGHT,RP,10.0,1,10,10,6,4,1,2,10,0,1,0,0,0,3.600,1.200,1,0,0.1,-2.401,-2.74,-0.506,0.013,-0.003,-5.638,1.4809999999999999,2.656223808822899,
483,JD Hammer,PHI,RIGHT,RP,19.999999999999996,0,20,21,11,11,3,11,22,1,1,0,0,0,4.950,1.600,0,0,0.0,-2.114,-2.481,-0.506,-0.185,-0.36,-5.648,1.471,2.638288469127944,
484,Angel Perdomo,ATH| MIL| PIT,LEFT,RP,17.0,0,19,12,12,12,4,16,28,1,0,0,0,0,6.353,1.647,2,2,0.118,-2.114,-2.352,-0.506,-0.344,-0.342,-5.659,1.46,2.6185595954634926,
485,Josh Tomlin,ATL,RIGHT,RP,49.333333333333314,0,35,69,36,36,10,5,37,4,0,0,0,0,6.568,1.500,2,1,0.041,-1.253,-2.158,-0.506,-1.081,-0.67,-5.669,1.4500000000000002,2.6006242557685377,
486,Jason Foley,DET,RIGHT,RP,10.333333333333332,0,11,8,3,3,1,5,6,0,0,0,0,0,2.613,1.258,1,1,0.097,-2.401,-2.826,-0.506,0.093,-0.03,-5.671,1.4479999999999995,2.5970371878295455,
487,Tayler Saucedo,SEA| TOR,LEFT,RP,25.666666666666657,0,29,22,14,13,1,10,19,0,0,0,0,0,4.558,1.247,3,0,0.117,-2.401,-2.546,-0.506,-0.159,-0.061,-5.674,1.4449999999999994,2.5916565859210587,
488,Connor Overton,PIT| TOR| CIN,RIGHT,SP| RP,15.333333333333332,3,9,14,8,8,2,5,15,0,1,0,0,0,4.696,1.239,0,0,0.0,-2.401,-2.632,-0.506,-0.112,-0.031,-5.683,1.436,2.5755147801955998,
489,Tommy Milone,ATL| BAL| TOR| SEA,LEFT,RP,14.000000000000002,1,6,20,10,10,3,3,17,1,0,1,0,0,6.429,1.643,0,0,0.0,-2.114,-2.589,-0.413,-0.292,-0.279,-5.686,1.4329999999999998,2.570134178287113,
490,Justin Wilson,BOS| NYN| CIN| NYA,LEFT,RP,34.0,0,42,32,22,20,6,16,29,1,1,0,0,0,5.294,1.412,2,0,0.059,-2.114,-2.331,-0.506,-0.407,-0.329,-5.687,1.4319999999999995,2.5683406443176167,
491,Sam Moll,CIN| OAK,LEFT,RP,10.333333333333332,0,8,8,4,4,1,5,8,0,0,0,0,0,3.484,1.258,0,1,0.0,-2.401,-2.783,-0.506,0.023,-0.03,-5.698,1.4209999999999994,2.5486117706531655,
492,Justin Miller,SLN| WAS,RIGHT,RP,19.0,0,23,20,13,13,5,6,13,1,0,1,0,0,6.158,1.368,1,0,0.053,-2.114,-2.675,-0.413,-0.355,-0.148,-5.705,1.4139999999999997,2.5360570328666974,
493,Carlos Martinez,SLN,RIGHT,SP,82.33333333333333,16,16,77,58,57,8,36,57,4,9,0,0,0,6.231,1.373,4,1,0.049,-1.253,-1.728,-0.506,-1.587,-0.654,-5.729,1.3899999999999997,2.493012217598804,
494,Paul Campbell,MIA,RIGHT,RP,26.666666666666664,1,16,32,24,19,5,10,26,2,3,0,0,0,6.412,1.575,1,1,0.038,-1.827,-2.395,-0.506,-0.552,-0.451,-5.732,1.3869999999999996,2.4876316156903173,
495,Luke Farrell,TEX| MIN| CHN| CIN,RIGHT,RP,24.666666666666668,1,20,28,13,13,4,13,25,1,1,0,0,0,4.743,1.662,2,0,0.081,-2.114,-2.417,-0.506,-0.189,-0.512,-5.739,1.38,2.4750768779038492,
496,Sean Poppen,MIN| ARI| PIT| TBA,RIGHT,RP,22.666666666666668,0,24,31,18,13,2,9,26,1,1,1,0,0,5.162,1.765,0,0,0.0,-2.114,-2.395,-0.413,-0.248,-0.574,-5.744,1.375,2.4661092080563716,
497,Bryse Wilson,CHA| ATL| PIT| MIL,RIGHT,SP,74.0,16,16,85,45,44,15,22,46,3,7,0,0,0,5.351,1.446,5,1,0.068,-1.54,-1.965,-0.506,-0.918,-0.829,-5.758,1.3609999999999998,2.4409997324834336,
498,Antonio Santos,COL,RIGHT,RP,11.333333333333332,0,7,9,7,6,1,5,10,0,1,0,0,0,4.765,1.235,1,0,0.088,-2.401,-2.74,-0.506,-0.089,-0.021,-5.758,1.3609999999999998,2.4409997324834336,
499,Nick Mears,MIL| PIT| COL,RIGHT,RP,23.333333333333332,0,30,25,14,13,5,13,23,1,0,0,0,0,5.014,1.629,4,0,0.171,-2.114,-2.46,-0.506,-0.228,-0.45,-5.759,1.3599999999999994,2.4392061985139373,
500,Dylan Bundy,ANA| MIN,RIGHT,SP| RP,90.66666666666666,19,23,89,64,61,20,34,84,2,9,0,0,0,6.055,1.357,6,0,0.066,-1.827,-1.147,-0.506,-1.623,-0.657,-5.76,1.359,2.4374126645444427,
501,Daniel Norris,DET| MIL| CHN| CLE,LEFT,RP,56.99999999999999,0,56,55,41,39,9,30,58,2,3,1,0,0,6.158,1.491,2,2,0.035,-1.827,-1.706,-0.413,-1.066,-0.753,-5.765,1.354,2.4284449946969655,
502,Cristopher Sanchez,PHI,LEFT,RP,12.666666666666666,1,7,16,8,7,1,7,13,1,0,0,0,0,4.974,1.816,2,0,0.158,-2.114,-2.675,-0.506,-0.12,-0.349,-5.765,1.354,2.4284449946969655,
503,Janson Junk,MIA| ANA| MIL| OAK,RIGHT,SP,16.333333333333332,4,4,20,11,7,5,2,10,0,1,0,0,0,3.857,1.347,2,0,0.122,-2.401,-2.74,-0.506,-0.012,-0.111,-5.771,1.3479999999999999,2.4176837908799915,
504,Taylor Clarke,KCA| ARI,RIGHT,RP,43.33333333333334,0,43,52,28,24,4,14,39,1,3,0,0,0,4.985,1.523,2,0,0.046,-2.114,-2.115,-0.506,-0.414,-0.633,-5.783,1.3359999999999994,2.3961613832460444,
505,Reiss Knehr,SDN,RIGHT,SP| RP,29.0,5,12,23,16,16,2,20,20,1,2,0,0,0,4.965,1.483,3,0,0.103,-2.114,-2.524,-0.506,-0.272,-0.372,-5.79,1.3289999999999997,2.3836066454595763,
506,Travis Lakins,BAL,RIGHT,RP,28.0,1,24,23,20,18,4,17,24,1,4,0,0,0,5.786,1.429,3,1,0.107,-2.114,-2.438,-0.506,-0.442,-0.292,-5.793,1.3259999999999996,2.378226043551089,
507,Kohl Stewart,CHN,RIGHT,SP,13.666666666666666,3,4,17,12,8,2,6,11,1,1,0,0,0,5.268,1.683,0,0,0.0,-2.114,-2.718,-0.506,-0.161,-0.296,-5.796,1.3229999999999995,2.3728454416426024,
508,Enyel De Los Santos,ATL| HOU| PHI| PIT| CLE| CHA| NYA| SDN,RIGHT,RP,35.33333333333333,0,33,43,32,25,8,18,48,2,1,0,0,0,6.368,1.726,0,0,0.0,-1.827,-1.922,-0.506,-0.719,-0.834,-5.809,1.3099999999999996,2.3495295000391607,
509,Hoby Milner,TEX| ANA| MIL,LEFT,RP,21.666666666666664,0,19,30,15,13,8,3,30,0,0,0,0,0,5.400,1.523,0,1,0.0,-2.401,-2.309,-0.506,-0.277,-0.317,-5.811,1.3079999999999998,2.34594243210017,
510,Demarcus Evans,TEX,RIGHT,RP,26.333333333333336,0,25,24,16,15,4,16,33,0,2,0,0,0,5.127,1.519,0,0,0.0,-2.401,-2.245,-0.506,-0.281,-0.38,-5.813,1.306,2.3423553641611794,
511,Dan Winkler,CHN,RIGHT,RP,39.66666666666667,0,47,32,24,23,5,30,40,1,3,0,0,0,5.218,1.563,2,0,0.05,-2.114,-2.094,-0.506,-0.451,-0.65,-5.815,1.3039999999999994,2.338768296222187,
512,Wil Crowe,WAS| PIT,RIGHT,SP,116.66666666666667,25,26,126,75,71,25,57,111,4,8,0,0,0,5.477,1.569,1,1,0.009,-1.253,-0.565,-0.506,-1.562,-1.94,-5.827,1.2919999999999998,2.3172458885882414,
513,Junior Guerra,ARI| ANA,RIGHT,RP,65.33333333333333,1,41,67,45,44,6,46,61,5,2,0,0,0,6.061,1.730,3,0,0.046,-0.966,-1.642,-0.506,-1.173,-1.552,-5.839,1.2799999999999994,2.295723480954294,
514,Nick Ramirez,DET| SDN| NYA| LAN,LEFT,RP,20.333333333333332,0,13,23,15,13,2,7,14,1,1,0,0,0,5.754,1.475,0,0,0.0,-2.114,-2.654,-0.506,-0.316,-0.254,-5.845,1.274,2.2849622771373217,
515,Nick Neidert,MIA,RIGHT,SP,35.66666666666667,7,8,31,18,18,4,23,21,1,2,0,0,0,4.542,1.514,1,0,0.028,-2.114,-2.503,-0.506,-0.217,-0.507,-5.848,1.271,2.279581675228835,
516,Jaime Barria,ANA,RIGHT,SP,56.66666666666667,11,13,70,29,29,8,19,35,2,4,0,0,0,4.606,1.571,2,0,0.035,-1.827,-2.201,-0.506,-0.373,-0.947,-5.855,1.2639999999999993,2.267026937442365,
517,Alex Claudio,MIL| ANA| NYN,LEFT,RP,32.666666666666664,0,41,37,22,20,6,15,30,1,2,1,0,0,5.510,1.592,1,1,0.031,-2.114,-2.309,-0.413,-0.446,-0.577,-5.859,1.2599999999999998,2.2598528015643837,
518,Ryan Sherriff,TBA| BOS,LEFT,RP,14.666666666666664,0,16,14,11,9,0,9,16,0,1,1,0,0,5.523,1.568,0,0,0.0,-2.401,-2.611,-0.413,-0.202,-0.244,-5.87,1.2489999999999997,2.2401239278999325,
519,Ben Bowden,ATH| COL,LEFT,RP,35.66666666666667,0,39,44,30,26,6,21,42,3,2,0,0,0,6.561,1.822,0,0,0.0,-1.54,-2.051,-0.506,-0.78,-0.994,-5.871,1.2479999999999993,2.2383303939304366,
520,Ben Rowen,ANA,RIGHT,RP,11.333333333333334,0,8,12,8,7,3,2,8,0,0,0,0,0,5.559,1.235,0,0,0.0,-2.401,-2.783,-0.506,-0.159,-0.021,-5.871,1.2479999999999993,2.2383303939304366,
521,Tommy Nance,TOR| CHN| MIA,RIGHT,RP,28.666666666666668,0,27,25,23,23,5,13,30,1,1,0,0,0,7.221,1.326,3,1,0.105,-2.114,-2.309,-0.506,-0.774,-0.168,-5.873,1.2459999999999996,2.2347433259914458,
522,Daniel Lynch,KCA,LEFT,SP,68.0,15,15,80,46,43,9,31,55,4,6,0,0,0,5.691,1.632,2,0,0.029,-1.253,-1.771,-0.506,-1.024,-1.323,-5.877,1.242,2.2275691901134644,
523,Patrick Murphy,TOR| WAS,RIGHT,RP,28.0,0,25,31,18,16,3,10,29,0,3,0,0,0,5.143,1.464,3,0,0.107,-2.401,-2.331,-0.506,-0.302,-0.336,-5.877,1.242,2.2275691901134644,
524,Derek Law,MIN| CIN| DET| WAS,RIGHT,RP,15.0,0,9,16,7,7,2,8,14,0,0,0,0,0,4.200,1.600,1,0,0.067,-2.401,-2.654,-0.506,-0.051,-0.27,-5.883,1.2359999999999998,2.216807986296491,
525,Evan Marshall,CHA,RIGHT,RP,27.333333333333332,0,27,28,17,17,5,9,26,0,2,0,0,0,5.598,1.354,1,0,0.037,-2.401,-2.395,-0.506,-0.392,-0.194,-5.889,1.2299999999999995,2.206046782479517,
526,Burch Smith,OAK| BAL| MIA,RIGHT,RP,43.333333333333336,0,31,49,27,26,5,11,28,1,1,0,0,0,5.400,1.385,0,0,0.0,-2.114,-2.352,-0.506,-0.554,-0.368,-5.895,1.2240000000000002,2.195285578662545,
527,Jimmy Lambert,CHA,RIGHT,SP,13.0,3,4,16,9,9,3,6,10,1,1,0,0,0,6.231,1.692,2,0,0.154,-2.114,-2.74,-0.506,-0.251,-0.287,-5.898,1.221,2.1899049767540584,
528,Andrew Miller,SLN,LEFT,RP,36.0,0,40,41,19,19,5,16,40,0,0,0,0,0,4.750,1.583,3,1,0.083,-2.401,-2.094,-0.506,-0.278,-0.622,-5.901,1.218,2.184524374845571,
529,Brad Brach,NYN| CIN,RIGHT,RP,30.0,0,35,30,26,21,5,18,33,1,2,1,0,0,6.300,1.600,6,1,0.2,-2.114,-2.245,-0.413,-0.595,-0.541,-5.907,1.2119999999999997,2.1737631710285976,
530,Mason Thompson,WAS| SDN,RIGHT,RP,24.666666666666664,0,31,32,15,11,4,15,23,1,3,0,0,0,4.013,1.905,3,0,0.122,-2.114,-2.46,-0.506,-0.048,-0.778,-5.907,1.2119999999999997,2.1737631710285976,
531,Vince Velasquez,PHI| SDN| CHA| PIT,RIGHT,SP| RP,94.33333333333333,21,25,91,68,66,23,49,101,3,9,0,0,0,6.297,1.484,8,4,0.085,-1.54,-0.781,-0.506,-1.867,-1.216,-5.91,1.2089999999999996,2.168382569120111,
532,Anthony Kay,TOR| CHN| NYN,LEFT,SP| RP,33.66666666666667,5,11,38,22,21,7,18,39,1,2,0,0,0,5.614,1.663,0,2,0.0,-2.114,-2.115,-0.506,-0.487,-0.701,-5.924,1.1949999999999994,2.143273093547173,
533,Jesus Luzardo,PHI| OAK| MIA,LEFT,SP| RP,95.33333333333333,18,25,106,73,70,20,48,98,6,9,0,0,0,6.608,1.615,3,1,0.031,-0.679,-0.845,-0.506,-2.119,-1.783,-5.932,1.1869999999999994,2.1289248217912085,
534,Sam Selman,SFN| ANA| OAK,LEFT,RP,25.000000000000007,0,25,20,17,16,3,12,19,0,1,0,0,0,5.760,1.280,2,1,0.08,-2.401,-2.546,-0.506,-0.39,-0.096,-5.94,1.1789999999999994,2.114576550035244,
535,Ian Krol,DET,LEFT,RP,18.666666666666668,0,18,23,10,9,2,8,18,0,0,0,0,0,4.339,1.661,0,0,0.0,-2.401,-2.567,-0.506,-0.084,-0.386,-5.946,1.173,2.103815346218272,
536,Shawn Armstrong,TEX| BAL| TBA| MIA| CHN| SLN,RIGHT,RP,36.0,0,31,39,28,27,10,15,44,1,0,0,0,0,6.750,1.500,1,0,0.028,-2.114,-2.008,-0.506,-0.84,-0.489,-5.958,1.1609999999999996,2.0822929385843247,
537,Ljay Newsome,SEA,RIGHT,RP,14.666666666666666,1,7,20,14,13,5,3,16,1,1,0,0,0,7.977,1.568,3,0,0.205,-2.114,-2.611,-0.506,-0.483,-0.244,-5.958,1.1609999999999996,2.0822929385843247,
538,Lewis Thorpe,MIN,LEFT,SP,15.333333333333334,4,5,14,11,8,2,7,6,0,2,0,0,0,4.696,1.370,1,0,0.065,-2.401,-2.826,-0.506,-0.112,-0.12,-5.965,1.154,2.0697382007978566,
539,Seth Elledge,SLN,RIGHT,RP,11.666666666666666,0,11,13,6,6,1,7,11,0,0,0,0,0,4.629,1.714,0,1,0.0,-2.401,-2.718,-0.506,-0.079,-0.269,-5.974,1.1449999999999996,2.053596395072396,
540,J. B. Bukauskas,ARI| MIL| SEA,RIGHT,RP,17.333333333333336,0,21,24,19,15,4,7,14,2,2,0,0,0,7.788,1.788,1,1,0.058,-1.827,-2.654,-0.506,-0.545,-0.457,-5.989,1.13,2.0266933855299634,
541,Tanner Rainey,DET| PIT| WAS,RIGHT,RP,31.66666666666667,0,38,29,27,26,6,25,42,1,3,3,0,0,7.389,1.705,1,0,0.032,-2.114,-2.051,-0.225,-0.897,-0.718,-6.006,1.1129999999999995,1.9962033080485386,
542,Cody Stashak,MIN,RIGHT,RP,15.666666666666668,0,15,16,12,12,2,10,26,0,0,0,0,0,6.894,1.660,0,0,0.0,-2.401,-2.395,-0.506,-0.383,-0.324,-6.01,1.109,1.989029172170557,
543,John Brebbia,ATL| DET| SFN| CHA,RIGHT,RP,18.333333333333332,0,18,25,13,12,4,4,22,0,1,0,0,0,5.891,1.582,1,0,0.055,-2.401,-2.481,-0.506,-0.305,-0.316,-6.01,1.109,1.989029172170557,
544,Daniel Castano,MIA,LEFT,SP,20.333333333333336,4,5,22,12,11,3,8,13,0,2,0,0,0,4.869,1.475,2,0,0.098,-2.401,-2.675,-0.506,-0.176,-0.254,-6.013,1.1059999999999999,1.9836485702620703,
545,Taylor Williams,SDN| SEA| MIA,RIGHT,RP,11.666666666666666,0,11,12,7,6,1,8,9,0,0,0,0,0,4.629,1.714,1,0,0.086,-2.401,-2.761,-0.506,-0.079,-0.269,-6.017,1.1019999999999994,1.9764744343840874,
546,Carlos Carrasco,ATL| NYA| CLE| NYN,RIGHT,SP,53.666666666666664,12,12,59,39,36,12,18,50,1,5,0,0,0,6.037,1.435,1,0,0.019,-2.114,-1.879,-0.506,-0.953,-0.574,-6.027,1.0919999999999996,1.9585390946891323,
547,Yennsy Diaz,NYN,RIGHT,RP,25.0,0,20,25,16,15,5,12,21,0,2,0,0,0,5.400,1.480,2,1,0.08,-2.401,-2.503,-0.506,-0.32,-0.318,-6.048,1.0709999999999997,1.920874881329726,
548,Kyle Keller,ANA| PIT,RIGHT,RP,33.333333333333336,0,32,30,27,24,9,22,36,1,1,0,0,0,6.480,1.560,1,0,0.03,-2.114,-2.18,-0.506,-0.707,-0.542,-6.05,1.069,1.9172878133907354,
549,Matt Manning,DET,RIGHT,SP,85.33333333333333,18,18,96,59,55,10,33,57,4,7,0,0,0,5.801,1.512,7,2,0.082,-1.253,-1.728,-0.506,-1.358,-1.204,-6.05,1.069,1.9172878133907354,
550,Grant Dayton,ATL,LEFT,RP,13.0,0,13,15,10,9,2,6,14,0,0,0,0,0,6.231,1.615,0,0,0.0,-2.401,-2.654,-0.506,-0.251,-0.243,-6.055,1.064,1.908320143543258,
551,Cionel Perez,BAL| HOU| CIN,LEFT,RP,24.0,0,25,21,21,17,5,20,25,1,2,0,0,0,6.375,1.708,1,2,0.042,-2.114,-2.417,-0.506,-0.49,-0.548,-6.075,1.0439999999999996,1.8724494641533462,
552,Edwin Uceta,TBA| LAN| ARI| NYN,RIGHT,RP,20.333333333333332,1,14,19,18,15,3,12,25,0,3,0,0,0,6.639,1.525,1,0,0.049,-2.401,-2.417,-0.506,-0.457,-0.298,-6.08,1.0389999999999997,1.8634817943058686,
553,Nate Jones,CIN| ATL| LAN,RIGHT,RP,19.0,0,20,16,15,12,7,12,14,0,2,0,0,0,5.684,1.474,0,0,0.0,-2.401,-2.654,-0.506,-0.285,-0.236,-6.083,1.0359999999999996,1.8581011923973818,
554,Kohei Arihara,TEX,RIGHT,SP,40.66666666666667,10,10,45,31,30,11,13,24,2,4,0,0,0,6.639,1.426,0,0,0.0,-1.827,-2.438,-0.506,-0.914,-0.42,-6.106,1.013,1.8168499110989849,
555,Zack Burdi,CHA| BAL| TBA,RIGHT,RP,10.0,0,7,13,7,6,3,5,7,0,0,0,0,0,5.400,1.800,3,0,0.3,-2.401,-2.804,-0.506,-0.128,-0.269,-6.109,1.0099999999999998,1.811469309190498,
556,Gabe Klobosits,WAS,RIGHT,RP,11.333333333333332,0,11,13,8,7,0,5,5,0,1,0,0,0,5.559,1.588,2,0,0.176,-2.401,-2.847,-0.506,-0.159,-0.198,-6.113,1.0059999999999993,1.804295173312515,
557,Austin Brice,BOS| PIT,RIGHT,RP,13.666666666666666,0,13,14,10,10,2,7,12,0,0,0,0,0,6.585,1.537,1,0,0.073,-2.401,-2.697,-0.506,-0.301,-0.208,-6.114,1.005,1.8025016393430204,
558,A. J. Puk,ARI| OAK| MIA,LEFT,RP,13.333333333333334,0,12,18,9,9,1,6,16,0,3,0,0,0,6.075,1.800,0,0,0.0,-2.401,-2.611,-0.506,-0.241,-0.358,-6.118,1.0009999999999994,1.7953275034650376,
559,Chase De Jong,HOU| PIT,RIGHT,SP,43.66666666666667,9,9,49,28,28,11,19,39,1,4,0,0,0,5.771,1.557,0,0,0.0,-2.114,-2.115,-0.506,-0.685,-0.704,-6.125,0.9939999999999998,1.7827727656785692,
560,Wade LeBlanc,BAL| SLN,LEFT,SP| RP,49.0,9,18,56,24,24,8,17,29,0,2,0,0,0,4.408,1.490,0,1,0.0,-2.401,-2.331,-0.506,-0.247,-0.644,-6.129,0.9900000000000002,1.775598629800588,
561,Kyle Cody,TEX,RIGHT,RP,11.333333333333334,0,7,16,11,10,3,2,14,0,2,0,0,0,7.941,1.588,3,0,0.265,-2.401,-2.654,-0.506,-0.37,-0.198,-6.13,0.9889999999999999,1.7738050958310918,
562,Zack Britton,NYA,LEFT,RP,18.333333333333332,0,22,17,14,12,2,14,16,0,1,1,0,0,5.891,1.691,2,0,0.109,-2.401,-2.611,-0.413,-0.305,-0.404,-6.134,0.9849999999999994,1.766630959953109,
563,Logan Allen,CLE| BAL| ARI,LEFT,SP| RP,50.333333333333336,11,14,58,39,35,12,17,37,2,7,0,0,0,6.258,1.490,2,1,0.04,-1.827,-2.158,-0.506,-0.981,-0.662,-6.135,0.984,1.7648374259836144,
564,Daniel Ponce de Leon,SLN,RIGHT,RP,33.33333333333333,2,24,32,24,23,5,22,24,1,1,2,0,0,6.210,1.620,0,0,0.0,-2.114,-2.438,-0.319,-0.637,-0.63,-6.139,0.9799999999999995,1.7576632901056313,
565,Sean Nolin,WAS| MIA,LEFT,SP| RP,26.666666666666664,5,10,32,13,13,4,13,20,0,2,0,0,0,4.388,1.688,2,1,0.075,-2.401,-2.524,-0.506,-0.13,-0.584,-6.146,0.9729999999999999,1.7451085523191632,
566,Eric Hanhold,BAL,RIGHT,RP,10.333333333333334,0,10,13,9,8,2,3,6,0,0,0,0,0,6.968,1.548,4,0,0.387,-2.401,-2.826,-0.506,-0.259,-0.163,-6.155,0.9639999999999995,1.7289667465937026,
567,Mike Wright,CHA,RIGHT,RP,18.000000000000004,0,13,17,12,11,1,11,11,0,1,0,0,0,5.500,1.556,0,1,0.0,-2.401,-2.718,-0.506,-0.244,-0.289,-6.159,0.96,1.7217926107157213,
568,Braxton Garrett,MIA,LEFT,SP,34.0,7,8,42,20,19,3,20,32,1,2,0,0,0,5.029,1.823,0,0,0.0,-2.114,-2.266,-0.506,-0.336,-0.949,-6.172,0.9470000000000001,1.6984766691122792,
569,Alberto Baldonado,WAS,LEFT,RP,10.666666666666668,0,14,10,10,10,3,7,12,0,1,0,0,0,8.438,1.594,0,0,0.0,-2.401,-2.697,-0.506,-0.39,-0.189,-6.183,0.9359999999999999,1.678747795447828,
570,Edward Cabrera,MIA,RIGHT,SP,26.333333333333332,7,7,24,20,17,6,19,28,0,3,0,0,0,5.810,1.633,1,1,0.038,-2.401,-2.352,-0.506,-0.421,-0.513,-6.194,0.9249999999999998,1.659018921783377,
571,Jake Faria,ARI| BOS,RIGHT,SP| RP,32.66666666666667,3,23,39,21,20,5,13,32,0,0,0,0,0,5.510,1.592,2,0,0.061,-2.401,-2.266,-0.506,-0.446,-0.577,-6.197,0.9219999999999997,1.65363831987489,
572,Brandon Kintzler,MIA| PHI,RIGHT,RP,29.66666666666667,1,29,45,23,21,7,8,22,2,1,0,0,0,6.371,1.786,2,0,0.067,-1.827,-2.481,-0.506,-0.604,-0.779,-6.199,0.9199999999999999,1.6500512519358994,
573,Zac Lowther,BAL,LEFT,SP| RP,29.666666666666668,6,10,36,23,22,6,13,30,1,3,0,0,0,6.674,1.652,0,0,0.0,-2.114,-2.309,-0.506,-0.675,-0.602,-6.207,0.9119999999999999,1.635702980179935,
574,Scott Kazmir,SFN,LEFT,SP,11.333333333333334,4,5,15,9,8,3,6,10,0,1,0,0,0,6.353,1.853,0,0,0.0,-2.401,-2.74,-0.506,-0.229,-0.331,-6.208,0.9109999999999996,1.6339094462104389,
575,Kevin Ginkel,ARI,RIGHT,RP,28.333333333333336,0,32,30,24,20,7,14,31,0,1,0,0,0,6.353,1.553,0,1,0.0,-2.401,-2.288,-0.506,-0.573,-0.451,-6.22,0.899,1.6123870385764931,
576,Trevor Cahill,SFN| PIT,RIGHT,SP,37.0,8,9,42,29,27,4,14,32,1,5,0,0,0,6.568,1.514,3,0,0.081,-2.114,-2.266,-0.506,-0.811,-0.525,-6.222,0.8969999999999994,1.608799970637501,
577,Kyle Ryan,CHN,LEFT,RP,13.333333333333334,0,13,17,10,10,3,6,8,0,0,1,0,0,6.750,1.725,0,0,0.0,-2.401,-2.783,-0.413,-0.311,-0.314,-6.222,0.8969999999999994,1.608799970637501,
578,Michael Feliz,PIT| BOS| CIN| OAK,RIGHT,RP,20.0,0,21,26,17,16,4,7,22,0,0,1,0,0,7.200,1.650,1,1,0.05,-2.401,-2.481,-0.413,-0.537,-0.405,-6.237,0.8819999999999997,1.5818969610950684,
579,Junior Fernandez,SLN| PIT,RIGHT,RP,20.666666666666664,0,18,25,13,13,2,15,15,1,0,0,0,0,5.661,1.935,0,0,0.0,-2.114,-2.632,-0.506,-0.306,-0.679,-6.239,0.8799999999999999,1.5783098931560777,
580,Max Kranick,NYN| PIT,RIGHT,SP,38.66666666666667,9,9,47,28,27,4,19,32,2,3,0,0,0,6.285,1.707,3,1,0.078,-1.827,-2.266,-0.506,-0.762,-0.88,-6.241,0.8780000000000001,1.574722825217087,
581,Michael Rucker,CHN,RIGHT,RP,28.333333333333332,0,20,32,25,22,5,11,30,0,0,1,0,0,6.988,1.518,4,0,0.141,-2.401,-2.309,-0.413,-0.714,-0.407,-6.244,0.875,1.5693422233086,
582,Cam Bedrosian,ANA| CIN| OAK| PHI,RIGHT,RP,24.999999999999996,1,26,27,14,14,6,17,23,0,0,0,0,0,5.040,1.760,0,0,0.0,-2.401,-2.46,-0.506,-0.249,-0.627,-6.245,0.8739999999999997,1.567548689339104,
583,Jesse Biddle,CIN| ATL,LEFT,RP,10.666666666666666,0,8,10,10,10,1,8,11,0,0,0,0,0,8.438,1.688,2,0,0.188,-2.401,-2.718,-0.506,-0.39,-0.233,-6.249,0.8700000000000001,1.5603745534611226,
584,Mike Baumann,BAL| ANA| MIA| SEA| SFN,RIGHT,RP,10.0,0,4,13,12,11,2,6,5,1,1,0,0,0,9.900,1.900,0,0,0.0,-2.114,-2.847,-0.506,-0.479,-0.313,-6.26,0.859,1.5406456797966714,
585,Chase Anderson,TOR| PHI| CIN| COL| TBA| BOS| TEX,RIGHT,SP| RP,48.0,9,14,51,36,36,10,20,35,2,4,0,0,0,6.750,1.479,1,0,0.021,-1.827,-2.201,-0.506,-1.12,-0.608,-6.263,0.8559999999999999,1.5352650778881847,
586,Yoan Lopez,ARI| NYN,RIGHT,RP,12.333333333333334,0,13,18,10,9,3,6,13,0,0,0,0,0,6.568,1.946,2,0,0.162,-2.401,-2.675,-0.506,-0.27,-0.411,-6.264,0.8549999999999995,1.5334715439186883,
587,Nick Margevicius,SEA,LEFT,SP,12.0,3,5,13,16,11,2,7,12,0,2,0,0,0,8.250,1.667,1,0,0.083,-2.401,-2.697,-0.506,-0.421,-0.252,-6.277,0.8419999999999996,1.5101556023152465,
588,David Hale,NYA| PHI,RIGHT,RP,26.666666666666668,1,17,30,20,19,5,9,21,0,2,0,0,0,6.412,1.462,2,0,0.075,-2.401,-2.503,-0.506,-0.552,-0.318,-6.281,0.8380000000000001,1.5029814664372652,
589,Will Vest,DET| SEA,RIGHT,RP,34.99999999999999,0,32,38,25,24,2,18,27,1,0,0,0,0,6.171,1.600,0,1,0.0,-2.114,-2.374,-0.506,-0.659,-0.631,-6.284,0.835,1.4976008645287784,
590,Conner Greene,BAL| LAN,RIGHT,RP,25.333333333333332,1,24,32,20,20,1,12,26,1,3,0,0,0,7.105,1.737,4,1,0.158,-2.114,-2.395,-0.506,-0.661,-0.61,-6.287,0.8319999999999999,1.4922202626202916,
591,Fernando Abad,BAL| COL,LEFT,RP,17.666666666666664,0,16,23,12,11,1,7,10,0,0,0,0,0,5.604,1.698,0,0,0.0,-2.401,-2.74,-0.506,-0.254,-0.395,-6.297,0.8220000000000001,1.4742849229253365,
592,Carson Fulmer,ANA| BAL| DET| CIN,RIGHT,RP,25.666666666666664,0,20,26,20,19,3,13,24,0,0,0,0,0,6.662,1.520,2,0,0.078,-2.401,-2.438,-0.506,-0.581,-0.371,-6.299,0.8199999999999994,1.470697854986344,
593,Jose De Leon,BOS| CIN| MIN,RIGHT,RP,18.333333333333332,2,9,22,17,17,4,11,33,0,1,0,0,0,8.345,1.800,0,0,0.0,-2.401,-2.245,-0.506,-0.656,-0.493,-6.301,0.8179999999999996,1.4671107870473534,
594,Reid Detmers,ANA,LEFT,SP,20.666666666666668,5,5,26,17,17,5,11,19,1,3,0,0,0,7.403,1.790,8,0,0.387,-2.114,-2.546,-0.506,-0.588,-0.546,-6.301,0.8179999999999996,1.4671107870473534,
595,Ryan Buchter,ANA| ARI,LEFT,RP,16.333333333333336,0,18,16,13,12,5,13,16,0,2,0,0,0,6.612,1.776,1,1,0.061,-2.401,-2.611,-0.506,-0.364,-0.421,-6.303,0.8159999999999998,1.4635237191083628,
596,Tyler Zuber,MIA| NYN| KCA| TBA,RIGHT,RP,27.333333333333332,0,31,26,20,19,6,17,25,0,3,0,0,0,6.256,1.573,0,0,0.0,-2.401,-2.417,-0.506,-0.532,-0.46,-6.317,0.8019999999999996,1.4384142435354248,
597,Andrew Albers,MIN,LEFT,SP,19.0,3,5,24,16,16,9,9,12,1,2,0,0,0,7.579,1.737,0,0,0.0,-2.114,-2.697,-0.506,-0.566,-0.457,-6.341,0.7779999999999996,1.3953694282675317,
598,Reymin Guduan,OAK,LEFT,RP,14.333333333333332,0,11,19,11,10,1,5,5,0,0,0,0,0,6.279,1.674,0,0,0.0,-2.401,-2.847,-0.506,-0.282,-0.305,-6.342,0.7770000000000001,1.3935758942980372,
599,Paul Blackburn,NYA| NYN| OAK,RIGHT,SP,38.333333333333336,9,9,52,26,25,8,10,26,1,4,0,0,0,5.870,1.617,1,1,0.026,-2.114,-2.395,-0.506,-0.631,-0.72,-6.367,0.7519999999999998,1.348737545060648,
600,Johan Oviedo,PIT| SLN,RIGHT,SP,62.33333333333333,13,14,61,39,34,8,37,51,0,5,0,0,0,4.909,1.572,2,1,0.032,-2.401,-1.857,-0.506,-0.558,-1.046,-6.369,0.75,1.3451504771216571,
601,Shane Greene,ATL| LAN| NYA| CHN,RIGHT,RP,23.666666666666664,0,28,25,19,19,6,14,24,0,1,1,0,0,7.225,1.648,1,0,0.042,-2.401,-2.438,-0.413,-0.64,-0.477,-6.369,0.75,1.3451504771216571,
602,Wade Davis,COL| KCA,RIGHT,RP,42.666666666666664,0,40,44,33,32,8,19,38,0,3,2,0,0,6.750,1.477,4,0,0.094,-2.401,-2.137,-0.319,-0.996,-0.536,-6.389,0.7299999999999995,1.3092797977317456,
603,Brooks Kriske,CHN| MIN| NYA| BAL| KCA,RIGHT,RP,11.333333333333334,0,12,17,19,18,7,6,11,2,1,0,0,0,14.294,2.029,1,0,0.088,-1.827,-2.718,-0.506,-0.932,-0.42,-6.404,0.7149999999999999,1.2823767881893129,
604,Jefry Rodriguez,WAS,RIGHT,RP,24.333333333333336,1,14,25,16,16,6,17,20,0,0,0,0,0,5.918,1.726,0,1,0.0,-2.401,-2.524,-0.506,-0.41,-0.574,-6.416,0.7029999999999994,1.2608543805553656,
605,Steven Brault,PIT| CHN,LEFT,SP,27.666666666666668,7,7,33,18,18,3,12,19,0,3,0,0,0,5.855,1.627,1,0,0.036,-2.401,-2.546,-0.506,-0.452,-0.531,-6.437,0.6819999999999995,1.2231901671959595,
606,Miguel Yajure,NYA| PIT,RIGHT,SP,14.999999999999998,3,4,17,14,14,6,7,11,0,2,0,0,0,8.400,1.600,3,0,0.2,-2.401,-2.718,-0.506,-0.543,-0.27,-6.44,0.6789999999999994,1.2178095652874725,
607,Bryan Garcia,DET,RIGHT,RP,39.33333333333333,0,39,48,38,33,10,25,32,3,2,2,0,0,7.551,1.856,3,0,0.076,-1.54,-2.266,-0.319,-1.164,-1.154,-6.443,0.6760000000000002,1.2124289633789873,
608,Brandon Workman,BOS| PHI| CHN,RIGHT,RP,28.0,0,29,36,20,17,4,21,25,1,2,0,0,0,5.464,2.036,5,4,0.179,-2.114,-2.417,-0.506,-0.372,-1.045,-6.454,0.665,1.1927000897145361,
609,Aaron Slegers,TBA| ANA,RIGHT,RP,30.999999999999996,0,29,43,24,24,6,15,25,2,2,0,0,0,6.968,1.871,10,2,0.323,-1.827,-2.417,-0.506,-0.776,-0.93,-6.457,0.6619999999999999,1.1873194878060493,
610,Cory Abbott,CHN| WAS,RIGHT,RP,17.333333333333332,1,7,20,15,13,7,11,12,0,0,0,0,0,6.750,1.788,3,0,0.173,-2.401,-2.697,-0.506,-0.404,-0.457,-6.466,0.6529999999999996,1.1711776820805888,
611,Trevor Megill,MIL| CHN| MIN,RIGHT,RP,23.666666666666668,0,28,36,24,22,7,8,30,1,2,0,0,0,8.366,1.859,0,0,0.0,-2.114,-2.309,-0.506,-0.851,-0.698,-6.479,0.6399999999999997,1.147861740477147,
612,Sal Romano,CIN| MIL| NYA,RIGHT,RP,25.000000000000004,0,19,31,20,17,5,11,17,0,2,0,0,0,6.120,1.680,2,0,0.08,-2.401,-2.589,-0.506,-0.46,-0.539,-6.496,0.6229999999999993,1.117371662995722,
613,Anthony Swarzak,ARI| KCA,RIGHT,RP,12.333333333333334,0,13,20,13,13,4,1,9,0,1,0,0,0,9.486,1.703,0,0,0.0,-2.401,-2.761,-0.506,-0.551,-0.278,-6.499,0.6200000000000001,1.1119910610872368,
614,Alex Wells,BAL,LEFT,SP| RP,42.666666666666664,8,11,53,32,32,10,16,26,2,3,0,0,0,6.750,1.617,3,1,0.07,-1.827,-2.395,-0.506,-0.996,-0.801,-6.526,0.593,1.063565643910857,
615,Stefan Crichton,ARI,RIGHT,RP,23.33333333333333,0,31,33,22,19,3,12,17,0,4,4,0,0,7.329,1.929,2,0,0.086,-2.401,-2.589,-0.132,-0.65,-0.76,-6.532,0.5869999999999997,1.0528044400938832,
616,Hyeon-Jong Yang,TEX,LEFT,SP| RP,35.33333333333333,4,12,42,24,22,9,16,25,0,3,0,0,0,5.604,1.641,0,0,0.0,-2.401,-2.417,-0.506,-0.508,-0.702,-6.534,0.585,1.0492173721548925,
617,T. J. Zeuch,TOR| CIN,RIGHT,SP,15.0,3,5,21,16,11,6,9,8,0,2,0,0,0,6.600,2.000,0,0,0.0,-2.401,-2.783,-0.506,-0.332,-0.536,-6.559,0.5599999999999996,1.0043790229175034,
618,Luis Madero,MIA,RIGHT,RP,12.0,0,6,13,12,12,3,8,4,0,0,0,0,0,9.000,1.750,2,0,0.167,-2.401,-2.869,-0.506,-0.491,-0.296,-6.564,0.5549999999999997,0.9954113530700258,
619,Nick Nelson,NYA| PHI,RIGHT,RP,14.33333333333333,2,11,15,16,14,0,16,22,0,2,0,0,0,8.791,2.163,1,0,0.07,-2.401,-2.481,-0.506,-0.563,-0.615,-6.568,0.5510000000000002,0.9882372171920445,
620,Matt Harvey,KCA| BAL,RIGHT,SP,127.66666666666666,28,28,160,96,89,19,37,95,6,14,0,0,0,6.274,1.543,15,2,0.117,-0.679,-0.91,-0.506,-2.504,-1.978,-6.578,0.5409999999999995,0.9703018774970879,
621,Shawn Morimando,MIA,LEFT,RP,10.333333333333334,0,4,18,11,11,2,5,9,0,0,0,0,0,9.581,2.226,0,0,0.0,-2.401,-2.761,-0.506,-0.47,-0.472,-6.611,0.508,0.9111152565037358,
622,Jake Jewell,CHN,RIGHT,RP,10.0,0,10,18,12,11,5,5,10,0,2,0,0,0,9.900,2.300,0,1,0.0,-2.401,-2.74,-0.506,-0.479,-0.49,-6.617,0.5019999999999998,0.9003540526867622,
623,Buck Farmer,DET| CIN,RIGHT,RP,35.333333333333336,0,36,40,25,25,9,21,37,0,0,0,0,0,6.368,1.726,1,0,0.028,-2.401,-2.158,-0.506,-0.719,-0.834,-6.62,0.49899999999999967,0.8949734507782754,
624,Matt Moore,PHI| TEX| ANA| CLE| MIA,LEFT,SP| RP,73.0,13,24,78,54,51,15,38,63,2,4,0,0,0,6.288,1.589,1,0,0.014,-1.827,-1.599,-0.506,-1.44,-1.28,-6.652,0.46699999999999964,0.8375803637544179,
625,Humberto Mejia,MIA| ARI,RIGHT,SP,22.333333333333336,5,5,32,19,18,5,9,20,0,3,0,0,0,7.254,1.836,1,0,0.045,-2.401,-2.524,-0.506,-0.609,-0.636,-6.677,0.44200000000000017,0.7927420145170303,
626,Packy Naughton,ANA| SLN,LEFT,SP,22.666666666666668,5,7,27,18,16,3,14,12,0,4,0,0,0,6.353,1.809,0,0,0.0,-2.401,-2.697,-0.506,-0.459,-0.618,-6.681,0.4379999999999997,0.7855678786390473,
627,Zach Davies,SDN| CHN| ARI,RIGHT,SP,148.00000000000003,32,32,162,99,95,25,75,114,6,12,0,0,0,5.777,1.601,6,3,0.041,-0.679,-0.501,-0.506,-2.329,-2.675,-6.69,0.4289999999999994,0.7694260729135869,
628,Jose Urena,ANA| LAN| MIN| NYN| TOR| MIA| DET| COL| MIL| CHA| TEX,RIGHT,SP| RP,100.66666666666667,18,26,119,70,65,14,42,67,4,8,0,0,0,5.811,1.599,5,6,0.05,-1.253,-1.513,-0.506,-1.611,-1.811,-6.693,0.42600000000000016,0.7640454710051016,
629,David Hess,BAL| MIA| TBA,RIGHT,RP,20.0,1,15,32,24,22,10,11,18,2,2,0,0,0,9.900,2.150,0,0,0.0,-1.827,-2.567,-0.506,-0.959,-0.847,-6.707,0.4119999999999999,0.7389359954321636,
630,Eric Yardley,MIL,RIGHT,RP,18.666666666666668,0,17,24,15,14,3,10,5,0,0,0,0,0,6.750,1.821,1,0,0.054,-2.401,-2.847,-0.506,-0.436,-0.519,-6.71,0.4089999999999998,0.7335553935236767,
631,Wyatt Mills,SEA| KCA,RIGHT,RP,12.666666666666668,0,11,19,14,14,1,7,11,0,0,0,0,0,9.947,2.053,0,0,0.0,-2.401,-2.718,-0.506,-0.612,-0.482,-6.72,0.399,0.7156200538287217,
632,Justus Sheffield,SEA,LEFT,SP| RP,80.33333333333333,15,21,105,69,61,14,43,63,7,8,0,0,0,6.834,1.842,9,3,0.112,-0.391,-1.599,-0.506,-1.927,-2.309,-6.733,0.3860000000000001,0.6923041122252798,
633,Justin Lawrence,PIT| COL,RIGHT,RP,16.666666666666664,0,19,21,16,16,0,19,17,1,0,0,0,0,8.640,2.400,1,0,0.06,-2.114,-2.589,-0.506,-0.635,-0.891,-6.735,0.38399999999999945,0.6887170442862875,
634,Shelby Miller,ARI| MIL| CHN| PIT| SFN| LAN| DET,RIGHT,RP,12.666666666666666,0,13,16,13,13,3,11,8,0,1,0,0,0,9.237,2.132,0,1,0.0,-2.401,-2.783,-0.506,-0.542,-0.526,-6.759,0.35999999999999943,0.6456722290183945,
635,Seth Frankoff,SEA| ARI,RIGHT,SP,14.666666666666668,3,4,20,15,15,4,9,11,0,2,0,0,0,9.204,1.977,1,1,0.068,-2.401,-2.718,-0.506,-0.623,-0.509,-6.759,0.35999999999999943,0.6456722290183945,
636,Glenn Otto,TEX,RIGHT,SP,23.333333333333336,6,6,32,24,24,2,8,28,0,3,0,0,0,9.257,1.714,3,0,0.129,-2.401,-2.352,-0.506,-1.001,-0.538,-6.8,0.31899999999999995,0.5721373362690781,
637,Riley Smith,ARI,RIGHT,SP| RP,67.33333333333333,6,24,86,46,45,10,15,36,1,4,1,0,0,6.015,1.500,2,2,0.03,-2.114,-2.18,-0.413,-1.184,-0.915,-6.807,0.3119999999999994,0.5595825984826083,
638,Sam Clay,WAS| NYN,LEFT,RP,45.000000000000014,0,58,55,32,28,4,22,34,0,5,0,0,0,5.600,1.711,1,0,0.022,-2.401,-2.223,-0.506,-0.646,-1.032,-6.809,0.3099999999999996,0.5559955305436176,
639,Charlie Barnes,MIN,LEFT,SP,38.0,8,9,46,27,25,4,16,20,0,3,0,0,0,5.921,1.632,1,1,0.026,-2.401,-2.524,-0.506,-0.641,-0.738,-6.811,0.30799999999999983,0.552408462604627,
640,Brett de Geus,PHI| ARI| TEX| MIA| SEA| TOR,RIGHT,RP,50.00000000000001,0,47,62,47,42,6,25,41,3,2,0,0,0,7.560,1.740,3,0,0.06,-1.54,-2.072,-0.506,-1.483,-1.211,-6.813,0.30600000000000005,0.5488213946656363,
641,Yency Almonte,COL| LAN| CHN,RIGHT,RP,47.66666666666667,0,48,47,42,40,9,29,47,1,3,0,0,0,7.552,1.594,5,0,0.105,-2.114,-1.943,-0.506,-1.411,-0.847,-6.822,0.2969999999999997,0.5326795889401758,
642,Alex Young,ARI| CLE| SFN| CIN| NYN,LEFT,RP,52.00000000000001,2,40,65,43,38,12,27,43,2,6,0,0,0,6.577,1.769,0,0,0.0,-1.827,-2.029,-0.506,-1.143,-1.326,-6.832,0.2869999999999999,0.5147442492452207,
643,Jose Quintana,MIL| CHN| ANA| SFN| PIT| SLN| NYN,LEFT,SP| RP,63.0,10,29,74,50,45,12,35,85,0,3,0,0,0,6.429,1.730,5,1,0.079,-2.401,-1.125,-0.506,-1.312,-1.498,-6.843,0.2759999999999998,0.4950153755807695,
644,Tom Eshelman,BAL,RIGHT,SP| RP,27.66666666666667,6,9,34,22,22,6,10,11,0,3,0,0,0,7.157,1.590,0,1,0.0,-2.401,-2.718,-0.506,-0.733,-0.487,-6.846,0.2729999999999997,0.4896347736722827,
645,Josh Lindblom,MIL,RIGHT,RP,16.666666666666664,0,8,23,18,18,5,10,17,0,0,0,0,0,9.720,1.980,1,0,0.06,-2.401,-2.589,-0.506,-0.776,-0.581,-6.853,0.266,0.4770800358858145,
646,Robert Dugger,MIA| SEA| CIN| TBA,RIGHT,SP| RP,25.666666666666664,4,12,34,24,21,4,12,19,0,2,0,0,0,7.364,1.792,2,0,0.078,-2.401,-2.546,-0.506,-0.722,-0.681,-6.857,0.26199999999999957,0.4699059000078315,
647,Alec Bettinger,MIL,RIGHT,RP,10.0,1,4,18,15,15,3,3,5,0,1,0,0,0,13.500,2.100,0,0,0.0,-2.401,-2.847,-0.506,-0.761,-0.402,-6.917,0.20199999999999996,0.3622938618380996,
648,Adam Plutko,CLE| BAL,RIGHT,RP,56.33333333333333,1,38,65,43,42,17,27,44,1,2,1,0,0,6.710,1.633,0,2,0.0,-2.114,-2.008,-0.413,-1.297,-1.098,-6.929,0.1899999999999995,0.3407714542041523,
649,Konner Wade,BAL,RIGHT,RP,12.333333333333334,0,7,23,16,16,3,5,11,0,0,0,0,0,11.676,2.270,0,0,0.0,-2.401,-2.718,-0.506,-0.762,-0.588,-6.977,0.14199999999999946,0.2546818236683661,
650,Mitch Keller,PIT,RIGHT,SP,100.66666666666667,23,23,131,69,69,10,49,92,5,11,0,0,0,6.169,1.788,8,3,0.079,-0.966,-0.974,-0.506,-1.892,-2.652,-6.99,0.12899999999999956,0.23136588206492426,
651,Edgar Garcia,TBA| CIN| MIN,RIGHT,RP,14.666666666666664,0,11,19,22,20,5,8,12,0,1,0,0,0,12.273,1.841,2,0,0.136,-2.401,-2.697,-0.506,-0.975,-0.421,-7.0,0.11899999999999977,0.21343054236996922,
652,Cody Ponce,PIT,RIGHT,RP,38.333333333333336,2,15,56,34,30,8,11,36,0,6,0,0,0,7.043,1.748,2,0,0.052,-2.401,-2.18,-0.506,-0.982,-0.942,-7.012,0.1070000000000002,0.19190813473602347,
653,Jon Duplantier,ARI,RIGHT,SP,13.000000000000002,4,4,19,19,19,5,8,12,0,3,0,0,0,13.154,2.077,0,0,0.0,-2.401,-2.697,-0.506,-0.954,-0.509,-7.067,0.0519999999999996,0.09326376641376752,
654,Jerad Eickhoff,NYN| PIT,RIGHT,SP,19.666666666666664,4,5,30,24,19,9,10,13,0,2,0,0,0,8.695,2.034,0,0,0.0,-2.401,-2.675,-0.506,-0.758,-0.732,-7.073,0.045999999999999375,0.08250256259679385,
655,Spencer Howard,PHI| TEX| CLE| SFN,RIGHT,SP| RP,49.666666666666664,15,19,53,45,41,7,27,52,0,5,0,0,0,7.429,1.611,5,1,0.101,-2.401,-1.836,-0.506,-1.423,-0.918,-7.084,0.03500000000000014,0.06277368893234427,
656,Jorge Lopez,WAS| BAL| KCA| MIN| MIA| CHN| NYN,RIGHT,SP| RP,121.66666666666669,25,33,142,83,82,21,56,112,3,14,0,0,0,6.066,1.627,2,3,0.016,-1.54,-0.544,-0.506,-2.189,-2.34,-7.119,0.0,0.0,
657,Luis Oviedo,PIT,RIGHT,RP,29.666666666666668,1,22,33,32,29,4,26,31,1,2,0,0,0,8.798,1.989,5,0,0.169,-2.114,-2.288,-0.506,-1.167,-1.045,-7.12,-0.001000000000000334,-0.001793533969496142,
658,Beau Burrows,DET| MIN,RIGHT,RP,11.0,1,6,16,18,17,5,10,8,0,1,0,0,0,13.909,2.364,0,1,0.0,-2.401,-2.783,-0.506,-0.872,-0.57,-7.133,-0.014000000000000234,-0.025109475572938023,
659,Sean Guenther,DET| MIA,LEFT,RP,20.333333333333336,0,14,31,22,21,1,10,15,0,1,0,0,0,9.295,2.016,0,0,0.0,-2.401,-2.632,-0.506,-0.879,-0.741,-7.16,-0.04100000000000037,-0.07353489274931793,
660,Wes Benjamin,TEX,LEFT,RP,22.666666666666668,2,13,29,23,22,6,17,19,0,2,0,0,0,8.735,2.029,0,0,0.0,-2.401,-2.546,-0.506,-0.88,-0.839,-7.174,-0.055000000000000604,-0.09864436832225595,
661,Shaun Anderson,ANA| SFN| BAL| MIN| SDN| TOR| MIA| TEX,RIGHT,RP,23.333333333333332,0,16,36,30,22,4,12,19,0,0,0,0,0,8.486,2.057,0,0,0.0,-2.401,-2.546,-0.506,-0.861,-0.893,-7.207,-0.08800000000000008,-0.15783098931560793,
662,Randy Dobnak,MIN,RIGHT,SP| RP,50.666666666666664,6,14,66,44,43,11,12,27,1,7,1,0,0,7.638,1.540,1,1,0.02,-2.114,-2.374,-0.413,-1.534,-0.777,-7.212,-0.09299999999999997,-0.16679865916308545,
663,Corbin Martin,BAL| ARI,RIGHT,SP,16.0,3,5,23,19,19,5,14,13,0,3,0,0,0,10.688,2.312,0,0,0.0,-2.401,-2.675,-0.506,-0.865,-0.793,-7.241,-0.12199999999999989,-0.21881114427845605,
664,Keegan Akin,BAL,LEFT,SP| RP,95.00000000000001,17,24,110,70,70,17,40,82,2,10,0,0,0,6.632,1.579,0,2,0.0,-1.827,-1.19,-0.506,-2.129,-1.623,-7.275,-0.15600000000000058,-0.27979129924130575,
665,J. C. Mejia,CLE| MIL,RIGHT,SP| RP,52.333333333333336,11,17,60,48,48,13,24,47,1,7,0,0,0,8.255,1.605,1,0,0.019,-2.114,-1.943,-0.506,-1.836,-0.955,-7.355,-0.23600000000000065,-0.42327401680094934,
666,Matt Shoemaker,TOR| MIN,RIGHT,SP| RP,60.333333333333336,11,16,73,56,54,15,27,40,3,8,0,0,0,8.055,1.657,7,0,0.116,-1.54,-2.094,-0.506,-2.023,-1.24,-7.404,-0.28500000000000014,-0.51115718130623,
667,Chi Chi Gonzalez,COL| MIL| MIN| NYA| MIA,RIGHT,SP| RP,101.66666666666667,18,24,127,74,73,18,28,56,3,7,0,0,0,6.462,1.525,2,2,0.02,-1.54,-1.749,-0.506,-2.144,-1.492,-7.432,-0.3130000000000006,-0.561376132452106,
668,Sam Hentges,CLE,LEFT,SP| RP,68.66666666666667,12,30,90,54,51,10,32,68,1,4,0,0,0,6.684,1.777,5,0,0.073,-2.114,-1.491,-0.506,-1.567,-1.774,-7.453,-0.3340000000000005,-0.5990403458115123,
669,Dean Kremer,BAL,RIGHT,SP,53.66666666666667,13,13,63,46,45,17,25,47,0,7,0,0,0,7.547,1.640,0,1,0.0,-2.401,-1.943,-0.506,-1.586,-1.061,-7.499,-0.3799999999999999,-0.6815429084083061,
670,Spenser Watkins,BAL| OAK,RIGHT,SP| RP,54.66666666666667,10,16,74,50,49,14,19,35,2,7,0,0,0,8.067,1.701,2,2,0.037,-1.827,-2.201,-0.506,-1.838,-1.23,-7.603,-0.484,-0.8680704412358428,
671,Tyler Webb,SLN,LEFT,RP,16.333333333333336,0,22,22,26,24,1,19,14,0,0,0,0,0,13.225,2.510,1,1,0.061,-2.401,-2.654,-0.506,-1.207,-0.952,-7.721,-0.6020000000000003,-1.0797074496363175,
672,Jake Arrieta,PHI| CHN| SDN,RIGHT,SP,98.66666666666667,24,24,131,91,81,24,44,83,5,14,0,0,0,7.388,1.774,9,2,0.091,-0.966,-1.168,-0.506,-2.794,-2.536,-7.971,-0.8520000000000003,-1.5280909420102031,
673,Jackson Kowar,SEA| KCA,RIGHT,SP,30.333333333333332,8,9,43,38,38,7,20,29,0,6,0,0,0,11.275,2.077,2,0,0.066,-2.401,-2.331,-0.506,-1.78,-1.187,-8.205,-1.0860000000000003,-1.9477778908721601,
