,Name,Team,L/R,POS,IP,GS,GP,HA,R,ER,HR,BB,K,W,L,S,HD,BS,ERA,WHIP,SB,CS,SBP,W-Z,K-Z,S-Z,ERA-Z,WHIP-Z,Z-SUM,Z-SUM-A,ACV,
1,Justin Verlander,SFN| HOU| NYN,RIGHT,SP,175.0,28,28,116,43,34,12,29,185,18,4,0,0,0,1.749,0.829,10,3,0.057,2.208,1.077,-0.492,2.333,2.376,7.503,15.268,25.10546756124808,
2,Sandy Alcantara,MIA,RIGHT,SP,228.66666666666663,32,32,174,67,58,16,50,207,14,9,0,0,0,2.283,0.980,24,4,0.105,1.265,1.548,-0.492,2.113,1.728,6.162,13.927,22.90043533701218,
3,Alek Manoah,TOR,RIGHT,SP,196.66666666666666,31,31,144,55,49,16,51,180,16,7,0,0,0,2.242,0.992,8,5,0.041,1.737,0.97,-0.492,1.878,1.392,5.485,13.25,21.787231149236117,
4,Julio Urias,LAN,LEFT,SP,175.00000000000003,31,31,127,51,42,23,41,166,17,7,0,0,0,2.160,0.960,5,4,0.029,1.972,0.67,-0.492,1.782,1.459,5.391,13.155999999999999,21.632665132026442,
5,Shohei Ohtani,LAN| ANA,RIGHT,SP,166.0,28,28,124,45,43,14,44,219,15,9,0,0,0,2.331,1.012,4,1,0.024,1.501,1.805,-0.492,1.472,1.039,5.326,13.091,21.525784375445284,
6,Corbin Burnes,ARI| MIL| BAL,RIGHT,SP,201.99999999999997,33,33,144,73,66,23,51,243,12,8,0,0,0,2.941,0.965,5,4,0.025,0.794,2.319,-0.492,0.849,1.641,5.111,12.876,21.172255719061454,
7,Dylan Cease,SDN| CHA,RIGHT,SP,184.00000000000003,32,32,126,55,45,16,78,227,14,8,0,0,0,2.201,1.109,10,5,0.054,1.265,1.977,-0.492,1.815,0.443,5.008,12.773,21.002890827863617,
8,Yu Darvish,SDN| CHN,RIGHT,SP,194.66666666666666,30,30,148,67,67,22,37,197,16,8,0,0,0,3.098,0.950,14,2,0.072,1.737,1.334,-0.492,0.584,1.698,4.86,12.625,20.75953156672498,
9,Carlos Rodon,NYA| CHA| SFN,LEFT,SP,178.00000000000003,31,31,131,59,57,12,52,237,14,8,0,0,0,2.882,1.028,18,2,0.101,1.265,2.191,-0.492,0.828,1.001,4.793,12.558,20.649362171479787,
10,Zac Gallen,ARI,RIGHT,SP,184.00000000000003,31,31,121,56,52,15,47,192,12,4,0,0,0,2.543,0.913,6,3,0.033,0.794,1.227,-0.492,1.333,1.879,4.741,12.506,20.56385756621486,
11,Shane McClanahan,TBA,LEFT,SP,166.33333333333334,28,28,116,52,47,19,38,194,12,8,0,0,0,2.543,0.926,6,1,0.036,0.794,1.27,-0.492,1.205,1.613,4.391,12.155999999999999,19.98834580000862,
12,Gerrit Cole,NYA,RIGHT,SP,200.66666666666666,33,33,154,81,78,33,50,257,13,8,0,0,0,3.498,1.017,11,5,0.055,1.03,2.619,-0.492,-0.014,1.22,4.363,12.128,19.942304858712124,
13,Aaron Nola,PHI,RIGHT,SP,205.0,32,32,168,75,74,19,29,235,11,13,0,0,0,3.249,0.961,11,8,0.054,0.559,2.148,-0.492,0.377,1.701,4.293,12.058,19.827202505470876,
14,Max Fried,NYA| ATL,LEFT,SP,185.33333333333334,30,30,156,55,51,12,32,170,14,7,0,0,0,2.477,1.014,3,4,0.016,1.265,0.756,-0.492,1.437,1.143,4.109,11.873999999999999,19.524647748379596,
15,Framber Valdez,HOU,LEFT,SP,201.33333333333337,31,31,166,71,63,11,67,194,17,6,0,0,0,2.816,1.157,7,0,0.035,1.972,1.27,-0.492,1.038,0.094,3.882,11.647,19.151387260011553,
16,Shane Bieber,TOR| CLE,RIGHT,SP,200.00000000000003,31,31,172,70,64,18,36,198,13,8,0,0,0,2.880,1.040,9,4,0.045,1.03,1.355,-0.492,0.933,1.029,3.856,11.620999999999999,19.108634957379085,
17,Tony Gonsolin,LAN,RIGHT,SP,130.33333333333337,24,24,79,32,31,11,35,119,16,1,0,0,0,2.141,0.875,5,2,0.038,1.737,-0.337,-0.492,1.346,1.53,3.784,11.549,18.990243965473805,
18,Kyle Wright,ATL,RIGHT,SP,180.33333333333334,30,30,156,67,64,19,53,174,21,5,0,0,0,3.194,1.159,3,2,0.017,2.915,0.841,-0.492,0.407,0.072,3.744,11.509,18.924471192193092,
19,Nestor Cortes,MIL| SDN| SEA| NYA,LEFT,SP,158.33333333333334,28,28,108,44,43,16,38,163,12,4,0,0,0,2.444,0.922,3,2,0.019,0.794,0.606,-0.492,1.267,1.559,3.735,11.5,18.909672318204933,
20,Max Scherzer,TOR| WAS| LAN| NYN| TEX,RIGHT,SP,145.33333333333334,23,23,108,39,37,13,24,173,11,5,0,0,0,2.291,0.908,4,4,0.028,0.559,0.82,-0.492,1.334,1.512,3.732,11.497,18.90473936020888,
21,Cristian Javier,HOU,RIGHT,SP| RP,148.66666666666666,25,30,89,44,42,17,52,194,11,9,0,0,0,2.543,0.948,9,3,0.061,0.559,1.27,-0.492,1.078,1.308,3.722,11.487,18.8882961668887,
22,Triston McKenzie,CLE,RIGHT,SP,191.33333333333331,30,31,138,65,63,25,44,190,11,11,0,0,0,2.963,0.951,6,5,0.031,0.559,1.184,-0.492,0.77,1.662,3.683,11.448,18.824167712940007,
23,Tyler Anderson,ANA| SFN| PIT| SEA| LAN,LEFT,SP,178.66666666666666,28,30,145,57,51,14,34,138,15,5,0,0,0,2.569,1.002,4,1,0.022,1.501,0.07,-0.492,1.259,1.191,3.53,11.295,18.572586855141278,
24,Emmanuel Clase,CLE,RIGHT,RP,72.66666666666667,0,77,43,18,11,3,10,77,3,4,42,0,0,1.362,0.729,4,0,0.055,-1.327,-1.237,3.432,1.184,1.274,3.327,11.091999999999999,18.23879003074166,
25,Spencer Strider,ATL,RIGHT,SP| RP,131.66666666666669,20,31,86,42,39,7,45,202,11,5,0,0,0,2.666,0.995,4,1,0.03,0.559,1.441,-0.492,0.83,0.914,3.252,11.017,18.115466080840324,
26,Brandon Woodruff,MIL,RIGHT,SP,153.33333333333331,27,27,122,56,52,18,42,190,13,4,0,0,0,3.052,1.070,9,5,0.059,1.03,1.184,-0.492,0.513,0.608,2.843,10.608,17.442939474045037,
27,Ryan Helsley,NYN| SLN,RIGHT,RP,64.66666666666667,0,54,28,11,9,6,20,94,9,1,19,0,0,1.253,0.742,1,0,0.015,0.087,-0.872,1.283,1.108,1.101,2.707,10.472,17.21931204489061,
28,Edwin Diaz,NYN,RIGHT,RP,62.0,0,61,34,9,9,3,18,118,3,1,32,0,0,1.306,0.839,9,2,0.145,-1.327,-0.358,2.497,1.037,0.817,2.666,10.431,17.151894952277882,
29,Clayton Kershaw,LAN,LEFT,SP,126.33333333333331,22,22,96,36,32,10,23,137,12,3,0,0,0,2.280,0.942,3,2,0.024,0.794,0.049,-0.492,1.17,1.144,2.665,10.43,17.150250632945863,
30,Logan Webb,SFN,RIGHT,SP,192.33333333333331,32,32,174,76,62,11,49,163,15,9,0,0,0,2.901,1.159,14,5,0.073,1.501,0.606,-0.492,0.866,0.073,2.554,10.318999999999999,16.967731187091886,
31,Zack Wheeler,PHI,RIGHT,SP,153.00000000000003,26,26,125,52,48,13,34,163,12,7,0,0,0,2.824,1.039,5,4,0.033,0.794,0.606,-0.492,0.78,0.792,2.48,10.245,16.846051556522568,
32,Joe Musgrove,PIT| SDN,RIGHT,SP,181.0,30,30,154,67,59,22,42,184,10,7,0,0,0,2.934,1.083,7,0,0.039,0.323,1.056,-0.492,0.77,0.622,2.278,10.043,16.513899051454967,
33,Miles Mikolas,SLN,RIGHT,SP,202.33333333333331,32,33,170,81,74,25,39,153,12,13,0,0,0,3.292,1.033,3,3,0.015,0.794,0.391,-0.492,0.306,1.098,2.098,9.863,16.21792157169176,
34,Chris Bassitt,TOR| OAK| NYN,RIGHT,SP,181.66666666666666,30,30,159,71,69,19,49,167,15,9,0,0,0,3.418,1.145,7,3,0.039,1.501,0.691,-0.492,0.098,0.174,1.973,9.738,16.012381655189532,
35,Merrill Kelly,ARI| TEX,RIGHT,SP,200.33333333333331,33,33,167,77,75,21,61,177,13,8,0,0,0,3.369,1.138,15,5,0.075,1.03,0.906,-0.492,0.184,0.247,1.874,9.639,15.849594041319769,
36,Daniel Bard,COL,RIGHT,RP,60.333333333333336,0,57,35,15,12,3,25,69,6,4,34,0,0,1.790,0.995,5,0,0.083,-0.62,-1.408,2.684,0.785,0.42,1.862,9.626999999999999,15.829862209335554,
37,Kenley Jansen,ANA| LAN| ATL| BOS,RIGHT,RP,63.99999999999999,0,65,45,25,24,8,22,85,5,2,41,0,0,3.375,1.047,10,2,0.156,-0.855,-1.065,3.338,0.056,0.312,1.785,9.549999999999999,15.703249620770181,
38,Jordan Romano,PHI| TOR,RIGHT,RP,64.00000000000001,0,63,44,18,15,4,21,73,5,4,36,0,0,2.109,1.016,6,0,0.094,-0.855,-1.322,2.871,0.676,0.392,1.762,9.527,15.665430276133772,
39,Logan Gilbert,SEA,RIGHT,SP,185.66666666666669,32,32,170,71,66,19,49,174,13,6,0,0,0,3.199,1.179,6,5,0.032,1.03,0.841,-0.492,0.412,-0.078,1.713,9.478,15.5848586288649,
40,Kevin Gausman,TOR| SFN,RIGHT,SP,174.66666666666669,31,31,188,72,65,15,28,205,12,10,0,0,0,3.349,1.237,18,4,0.103,0.794,1.505,-0.492,0.187,-0.471,1.523,9.288,15.272437955781514,
41,Robbie Ray,SFN| ARI| TOR| SEA,LEFT,SP,189.0,32,32,163,80,78,32,62,212,12,12,0,0,0,3.714,1.190,17,9,0.09,0.794,1.655,-0.492,-0.326,-0.162,1.469,9.234,15.183644711852551,
42,Luis Garcia,HOU,RIGHT,SP,157.33333333333331,28,28,131,70,65,23,47,157,15,8,0,0,0,3.718,1.131,5,0,0.032,1.501,0.477,-0.492,-0.276,0.236,1.446,9.211,15.145825367216142,
43,Liam Hendriks,BOS| OAK| CHA,RIGHT,RP,57.666666666666664,0,58,44,22,18,7,16,85,4,4,37,0,0,2.809,1.040,7,0,0.121,-1.091,-1.065,2.965,0.3,0.296,1.404,9.169,15.076763955271394,
44,Scott Barlow,CIN| KCA| SDN| CLE,RIGHT,RP,74.33333333333334,0,69,52,23,18,9,22,77,7,4,24,0,0,2.179,0.996,4,1,0.054,-0.384,-1.237,1.75,0.746,0.514,1.39,9.155,15.053743484623142,
45,Jeffrey Springs,ATH| BOS| TBA,LEFT,SP| RP,135.33333333333334,25,33,114,42,37,14,31,144,9,5,0,0,0,2.461,1.071,4,4,0.03,0.087,0.199,-0.492,1.066,0.527,1.387,9.152,15.04881052662709,
46,Drew Rasmussen,TBA| MIL,RIGHT,SP,146.0,28,28,121,51,46,13,31,125,11,7,0,0,0,2.836,1.041,8,4,0.055,0.559,-0.208,-0.492,0.731,0.745,1.334,9.099,14.961661602030146,
47,Martin Perez,CHA| BOS| TEX| PIT| SDN,LEFT,SP,196.33333333333334,32,32,178,70,63,11,69,169,12,8,0,0,0,2.888,1.258,10,1,0.051,0.794,0.734,-0.492,0.904,-0.698,1.243,9.008,14.812028542816522,
48,Joe Ryan,MIN,RIGHT,SP,146.99999999999997,27,27,115,60,58,20,47,151,13,8,0,0,0,3.551,1.102,11,3,0.075,1.03,0.349,-0.492,-0.07,0.393,1.209,8.974,14.75612168552792,
49,Luis Castillo,SEA| CIN,RIGHT,SP,150.33333333333334,25,25,118,56,50,13,45,167,8,6,0,0,0,2.993,1.084,11,1,0.073,-0.148,0.691,-0.492,0.571,0.508,1.13,8.895,14.62622045829851,
50,Jameson Taillon,CHN| NYA,RIGHT,SP,177.33333333333337,32,32,168,78,77,26,32,151,14,5,0,0,0,3.908,1.128,6,2,0.034,1.265,0.349,-0.492,-0.569,0.291,0.844,8.609,14.155945129341415,
51,Cal Quantrill,ATL| MIA| CLE| SDN| COL,RIGHT,SP,186.33333333333334,32,32,178,78,70,21,47,128,15,5,0,0,0,3.381,1.208,16,4,0.086,1.501,-0.144,-0.492,0.154,-0.286,0.733,8.498,13.973425683487434,
52,Ross Stripling,LAN| TOR| SFN| OAK,RIGHT,SP| RP,134.33333333333331,24,32,117,49,45,12,20,111,10,4,1,0,0,3.015,1.020,7,3,0.052,0.323,-0.508,-0.399,0.488,0.799,0.703,8.468,13.924096103526901,
53,Jordan Montgomery,NYA| SLN| TEX| ARI,LEFT,SP,178.33333333333334,32,32,159,72,69,21,36,158,9,6,0,0,0,3.482,1.093,5,3,0.028,0.087,0.499,-0.492,0.009,0.537,0.64,8.405,13.820503985609777,
54,Brady Singer,CIN| KCA,RIGHT,SP| RP,153.33333333333331,24,27,140,58,55,18,35,150,10,5,0,0,0,3.228,1.141,2,5,0.013,0.323,0.327,-0.492,0.306,0.169,0.634,8.399,13.81063806961767,
55,Paul Sewald,CLE| DET| NYN| SEA| ARI,RIGHT,RP,64.0,0,65,32,21,19,10,17,72,5,4,20,0,0,2.672,0.766,4,2,0.062,-0.855,-1.344,1.376,0.401,1.03,0.608,8.373,13.767885766985207,
56,Devin Williams,NYA| MIL,RIGHT,RP,60.666666666666664,0,65,31,17,13,2,30,96,6,4,15,0,0,1.929,1.006,6,2,0.099,-0.62,-0.83,0.909,0.725,0.396,0.581,8.346,13.723489145020727,
57,Camilo Doval,NYA| SFN,RIGHT,RP,67.66666666666667,0,68,54,27,19,4,30,80,6,6,27,0,0,2.527,1.241,2,1,0.03,-0.62,-1.172,2.03,0.499,-0.195,0.542,8.307,13.659360691072033,
58,Ryan Pressly,CHN| HOU,RIGHT,RP,48.33333333333333,0,50,30,17,16,4,13,65,3,3,33,0,0,2.979,0.890,0,1,0.0,-1.327,-1.494,2.591,0.189,0.539,0.498,8.263,13.587010640463248,
59,Clay Holmes,NYN| PIT| NYA,RIGHT,RP,63.666666666666664,0,62,45,21,18,2,20,65,7,4,20,0,0,2.545,1.021,1,0,0.016,-0.384,-1.494,1.376,0.461,0.376,0.335,8.1,13.318986589344343,
60,Pablo Lopez,MIN| MIA,RIGHT,SP,179.99999999999994,32,32,157,78,75,21,53,174,10,10,0,0,0,3.750,1.167,6,2,0.033,0.323,0.841,-0.492,-0.36,0.017,0.329,8.094,13.309120673352236,
61,Alexis Diaz,ATL| CIN| LAN,RIGHT,RP,63.66666666666667,0,59,28,18,13,5,33,83,7,3,10,0,0,1.838,0.958,8,0,0.126,-0.384,-1.108,0.442,0.805,0.536,0.291,8.056,13.246636538735558,
62,Evan Phillips,LAN| BAL| TBA,RIGHT,RP,63.0,0,64,33,11,8,2,15,77,7,3,2,0,0,1.143,0.762,3,1,0.048,-0.384,-1.237,-0.305,1.132,1.023,0.23,7.995,13.146333059482473,
63,Felix Bautista,BAL,RIGHT,RP,65.66666666666669,0,65,38,18,16,7,23,88,4,4,15,0,0,2.193,0.929,6,2,0.091,-1.091,-1.001,0.909,0.652,0.629,0.098,7.8629999999999995,12.92928290765612,
64,Taijuan Walker,PHI| SEA| TOR| NYN,RIGHT,SP,157.33333333333334,29,29,143,63,61,15,45,132,12,5,0,0,0,3.489,1.195,8,2,0.051,0.794,-0.058,-0.492,-0.0,-0.163,0.081,7.846,12.901329479011817,
65,Blake Snell,LAN| TBA| SDN| SFN,LEFT,SP,128.0,24,24,103,51,48,11,51,171,8,10,0,0,0,3.375,1.203,11,4,0.086,-0.148,0.777,-0.492,0.112,-0.174,0.074,7.8389999999999995,12.889819243687691,
66,Eric Lauer,TOR| MIL,LEFT,SP,158.66666666666663,29,29,135,71,65,27,59,157,11,7,0,0,0,3.687,1.223,6,3,0.038,0.559,0.477,-0.492,-0.241,-0.34,-0.037,7.728,12.707299797833715,
67,Jose Urquidy,DET| HOU,RIGHT,SP,164.33333333333334,28,29,154,74,72,29,38,134,13,8,0,0,0,3.943,1.168,11,3,0.067,1.03,-0.016,-0.492,-0.572,0.004,-0.045,7.72,12.694145243177571,
68,Carlos Carrasco,ATL| NYA| CLE| NYN,RIGHT,SP,152.0,29,29,161,71,67,17,41,152,15,7,0,0,0,3.967,1.329,8,1,0.053,1.501,0.37,-0.492,-0.557,-0.97,-0.147,7.617999999999999,12.526424671311753,
69,Michael Wacha,KCA| NYN| TBA| BOS| SDN,RIGHT,SP,127.33333333333334,23,23,111,49,47,18,31,104,11,2,0,0,0,3.322,1.115,4,0,0.031,0.559,-0.658,-0.492,0.163,0.273,-0.155,7.609999999999999,12.513270116655612,
70,A. J. Minter,NYN| ATL,LEFT,RP,70.0,0,75,49,21,16,5,15,94,5,4,5,0,0,2.057,0.914,7,3,0.1,-0.855,-0.872,-0.025,0.768,0.711,-0.274,7.491,12.317596116145491,
71,Jorge Lopez,WAS| BAL| KCA| MIN| MIA| CHN| NYN,RIGHT,RP,71.0,0,67,53,26,20,4,31,72,4,7,23,0,0,2.535,1.183,6,1,0.085,-1.091,-1.344,1.657,0.519,-0.04,-0.299,7.465999999999999,12.276488132845044,
72,David Robertson,PHI| TBA| CHN| MIA| NYN| TEX,RIGHT,RP,63.66666666666666,0,58,39,18,17,6,35,81,4,3,20,0,0,2.403,1.162,1,1,0.016,-1.091,-1.151,1.376,0.53,0.017,-0.319,7.446,12.243601746204689,
73,Rafael Montero,ATL| DET| HOU| TEX| SEA,RIGHT,RP,68.33333333333334,0,71,47,22,18,3,23,73,5,2,14,0,0,2.371,1.024,8,0,0.117,-0.855,-1.322,0.816,0.585,0.394,-0.382,7.383,12.140009628287567,
74,Taylor Rogers,CHN| CIN| MIN| MIL| SDN| SFN,LEFT,RP,64.33333333333334,0,66,57,38,34,7,19,84,4,8,31,0,0,4.756,1.181,5,1,0.078,-1.091,-1.087,2.404,-0.625,-0.032,-0.43,7.335,12.06108230035071,
75,Luis Severino,ATH| NYA| NYN,RIGHT,SP,102.0,19,19,72,37,36,14,30,112,7,3,0,0,0,3.176,1.000,1,4,0.01,-0.384,-0.487,-0.492,0.244,0.688,-0.431,7.334,12.059437981018693,
76,Sonny Gray,SLN| CIN| MIN,RIGHT,SP,119.66666666666667,24,24,99,44,41,11,36,117,8,5,0,0,0,3.084,1.128,8,1,0.067,-0.148,-0.38,-0.492,0.372,0.195,-0.453,7.311999999999999,12.0232629557143,
77,Charlie Morton,ATL| BAL| DET| TBA,RIGHT,SP,172.00000000000003,31,31,149,85,83,28,63,205,9,6,0,0,0,4.343,1.233,10,2,0.058,0.087,1.505,-0.492,-1.125,-0.436,-0.461,7.303999999999999,12.010108401058158,
78,Brock Burke,ANA| TEX,LEFT,RP,82.33333333333333,0,52,63,25,18,9,24,90,7,5,0,0,0,1.968,1.057,2,2,0.024,-0.384,-0.958,-0.492,0.96,0.369,-0.506,7.2589999999999995,11.936114031117356,
79,Jason Adam,SDN| CHN| TBA,RIGHT,RP,63.33333333333333,0,67,31,12,11,5,17,75,2,3,8,0,0,1.563,0.758,12,0,0.189,-1.562,-1.279,0.255,0.934,1.039,-0.613,7.151999999999999,11.760171862591449,
80,Jose Quintana,MIL| CHN| ANA| SFN| PIT| SLN| NYN,LEFT,SP,165.66666666666666,32,32,154,61,54,8,47,137,6,7,0,0,0,2.934,1.213,6,4,0.036,-0.62,0.049,-0.492,0.705,-0.293,-0.651,7.114,11.697687727974772,
81,Raisel Iglesias,ATL| CIN| ANA,RIGHT,RP,61.99999999999999,0,67,46,20,17,5,14,78,2,6,17,0,0,2.468,0.968,1,0,0.016,-1.562,-1.215,1.096,0.485,0.498,-0.698,7.067,11.620404719369935,
82,Josh Hader,HOU| MIL| SDN,LEFT,RP,49.99999999999999,0,56,43,30,29,8,21,81,2,5,36,0,0,5.220,1.280,5,0,0.1,-1.562,-1.151,2.871,-0.663,-0.221,-0.726,7.039,11.574363778073437,
83,Jacob deGrom,TEX| NYN,RIGHT,SP,64.33333333333334,11,11,40,22,22,9,8,102,5,4,0,0,0,3.078,0.746,3,0,0.047,-0.855,-0.701,-0.492,0.203,1.085,-0.76,7.005,11.51845692078483,
84,George Kirby,SEA,RIGHT,SP,130.0,25,25,135,54,49,13,22,133,8,5,0,0,0,3.392,1.208,10,5,0.077,-0.148,-0.037,-0.492,0.096,-0.201,-0.782,6.983,11.482281895480439,
85,Adam Ottavino,NYA| BOS| NYN,RIGHT,RP,65.66666666666666,0,66,48,15,15,6,16,79,6,3,3,0,0,2.056,0.975,19,3,0.289,-0.62,-1.194,-0.212,0.721,0.509,-0.795,6.97,11.460905744164206,
86,Craig Kimbrel,ATL| HOU| CHN| CHA| LAN| PHI| BAL,RIGHT,RP,60.0,0,63,51,31,25,4,28,72,6,7,22,0,0,3.750,1.317,3,1,0.05,-0.62,-1.344,1.563,-0.12,-0.353,-0.874,6.891,11.331004516934799,
87,Jhoan Duran,MIN| PHI,RIGHT,RP,67.66666666666666,0,57,50,15,14,6,16,89,2,4,8,0,0,1.862,0.975,4,2,0.059,-1.562,-0.98,0.255,0.843,0.523,-0.92,6.845,11.25536582766198,
88,Adam Cimber,CLE| MIA| TOR| ANA,RIGHT,RP,70.66666666666666,0,77,66,28,22,6,13,58,10,6,4,0,0,2.802,1.118,7,0,0.099,0.323,-1.644,-0.118,0.372,0.144,-0.923,6.842,11.250432869665925,
89,Adam Wainwright,SLN,RIGHT,SP,191.66666666666663,32,32,192,80,79,16,54,143,11,12,0,0,0,3.710,1.284,8,6,0.042,0.559,0.177,-0.492,-0.324,-0.875,-0.955,6.81,11.197814651041355,
90,David Bednar,NYA| PIT| SDN,RIGHT,RP,51.666666666666664,0,45,42,19,15,4,16,69,3,4,19,0,0,2.613,1.123,4,0,0.077,-1.327,-1.408,1.283,0.347,0.096,-1.009,6.756,11.109021407112394,
91,John Schreiber,KCA| DET| BOS,RIGHT,RP,65.0,0,64,45,19,16,3,19,74,4,4,8,0,0,2.215,0.985,1,2,0.015,-1.091,-1.301,0.255,0.634,0.478,-1.024,6.741,11.084356617132125,
92,Patrick Sandoval,ANA,LEFT,SP,148.66666666666669,27,27,139,56,48,8,60,151,6,9,0,0,0,2.906,1.339,3,2,0.02,-0.62,0.349,-0.492,0.664,-1.006,-1.104,6.661,10.9528110705707,
93,Matt Moore,PHI| TEX| ANA| CLE| MIA,LEFT,RP,74.0,0,63,49,20,16,3,38,83,5,2,5,0,0,1.946,1.176,8,2,0.108,-0.855,-1.108,-0.025,0.875,-0.02,-1.133,6.632,10.905125809942183,
94,Jon Gray,TEX| COL,RIGHT,SP,127.33333333333333,24,24,105,61,56,17,39,134,7,7,0,0,0,3.958,1.131,15,2,0.118,-0.384,-0.016,-0.492,-0.458,0.194,-1.156,6.609,10.867306465305774,
95,Cole Irvin,PHI| OAK| BAL| MIN,LEFT,SP,180.99999999999997,30,30,174,87,80,25,36,128,9,13,0,0,0,3.978,1.160,0,2,0.0,0.087,-0.144,-0.492,-0.678,0.063,-1.163,6.601999999999999,10.855796229981648,
96,Lance Lynn,TEX| CHA| LAN| SLN,RIGHT,SP,121.66666666666666,21,21,119,65,54,19,19,124,8,7,0,0,0,3.994,1.134,1,2,0.008,-0.148,-0.23,-0.492,-0.471,0.169,-1.173,6.592,10.83935303666147,
97,Tarik Skubal,DET,LEFT,SP,117.66666666666669,21,21,104,53,46,9,32,117,7,8,0,0,0,3.518,1.156,2,5,0.017,-0.384,-0.38,-0.492,-0.027,0.062,-1.22,6.545,10.762070028056634,
98,Jesus Luzardo,PHI| OAK| MIA,LEFT,SP,100.33333333333334,18,18,69,40,37,10,35,120,4,7,0,0,0,3.319,1.036,2,1,0.02,-1.091,-0.315,-0.492,0.131,0.53,-1.238,6.526999999999999,10.73247228008031,
99,Gregory Soto,BAL| NYN| DET| PHI,LEFT,RP,60.33333333333333,0,64,49,32,22,2,34,60,2,11,30,0,0,3.282,1.376,3,0,0.05,-1.562,-1.601,2.311,0.096,-0.497,-1.254,6.510999999999999,10.706163170768026,
100,Giovanny Gallegos,SLN,RIGHT,RP,59.00000000000001,0,57,42,23,20,6,18,73,3,6,14,0,0,3.051,1.017,3,0,0.051,-1.327,-1.322,0.816,0.198,0.358,-1.277,6.4879999999999995,10.668343826131617,
101,Andres Munoz,SEA,RIGHT,RP,65.00000000000001,0,64,43,20,18,5,15,96,2,5,4,0,0,2.492,0.892,5,1,0.077,-1.562,-0.83,-0.118,0.496,0.717,-1.296,6.468999999999999,10.637101758823277,
102,Marcus Stroman,NYA| NYN| CHN,RIGHT,SP,138.66666666666669,25,25,123,61,54,16,36,119,6,7,0,0,0,3.505,1.147,7,5,0.05,-0.62,-0.337,-0.492,-0.017,0.124,-1.342,6.423,10.56146306955046,
103,Keegan Thompson,CHN,RIGHT,SP| RP,115.00000000000001,17,29,103,54,48,16,43,108,10,5,1,0,0,3.756,1.270,1,3,0.009,0.323,-0.573,-0.399,-0.236,-0.461,-1.345,6.42,10.556530111554405,
104,Kyle Finnegan,DET| WAS,RIGHT,RP,66.66666666666666,0,66,54,28,26,9,22,70,6,4,11,0,0,3.510,1.140,4,0,0.06,-0.62,-1.387,0.536,-0.011,0.077,-1.404,6.361,10.459515270965355,
105,Anthony Bass,TOR| MIA,RIGHT,RP,70.33333333333336,0,73,51,15,12,6,20,73,4,3,0,0,0,1.536,1.010,3,3,0.043,-1.091,-1.322,-0.492,1.053,0.448,-1.405,6.359999999999999,10.457870951633335,
106,Corey Kluber,TEX| NYA| TBA| BOS,RIGHT,SP,164.0,31,31,178,82,79,20,21,139,10,10,0,0,0,4.335,1.213,5,5,0.03,0.323,0.092,-0.492,-1.063,-0.291,-1.431,6.334,10.415118649000872,
107,Ranger Suarez,PHI,LEFT,SP,155.33333333333334,29,29,149,74,63,15,58,129,10,7,0,0,0,3.650,1.333,0,2,0.0,0.323,-0.123,-0.492,-0.192,-1.014,-1.497,6.268,10.306593573087698,
108,Jimmy Herget,COL| TEX| ANA| ATL,RIGHT,RP,68.99999999999999,1,49,48,20,19,4,15,63,2,1,9,0,0,2.478,0.913,6,0,0.087,-1.562,-1.537,0.349,0.534,0.704,-1.511,6.254,10.283573102439448,
109,Johnny Cueto,SFN| CHA| MIA| ANA,RIGHT,SP,158.33333333333331,24,25,161,66,59,15,33,102,8,10,0,0,0,3.354,1.225,4,2,0.025,-0.148,-0.701,-0.492,0.164,-0.355,-1.533,6.231999999999999,10.247398077135054,
110,Cionel Perez,BAL| HOU| CIN,LEFT,RP,57.66666666666667,0,66,46,11,9,2,21,55,7,1,1,0,0,1.405,1.162,2,1,0.035,-0.384,-1.708,-0.399,0.921,0.016,-1.553,6.212,10.2145116904947,
111,Griffin Jax,MIN| TBA,RIGHT,RP,72.33333333333333,0,65,56,29,27,7,20,78,7,4,1,0,0,3.359,1.051,4,0,0.055,-0.384,-1.215,-0.399,0.072,0.341,-1.585,6.18,10.161893471870128,
112,Trevor Stephan,CLE,RIGHT,RP,63.666666666666664,0,66,57,24,19,3,18,82,6,5,3,0,0,2.686,1.178,11,0,0.173,-0.62,-1.13,-0.212,0.392,-0.023,-1.592,6.173,10.150383236546004,
113,Seranthony Dominguez,BAL| TOR| PHI,RIGHT,RP,50.99999999999999,0,54,36,18,17,4,22,61,6,5,9,0,0,3.000,1.137,3,1,0.059,-0.62,-1.579,0.349,0.191,0.065,-1.595,6.17,10.145450278549951,
114,Alex Cobb,BAL| ANA| SFN| CLE,RIGHT,SP,149.66666666666666,28,28,152,72,62,9,43,151,7,8,0,0,0,3.728,1.303,15,2,0.1,-0.384,0.349,-0.492,-0.274,-0.799,-1.601,6.164,10.135584362557843,
115,Reid Detmers,ANA,LEFT,SP,129.0,25,25,110,56,54,13,46,122,7,6,0,0,0,3.767,1.209,13,4,0.101,-0.384,-0.273,-0.492,-0.275,-0.207,-1.631,6.1339999999999995,10.086254782597308,
116,Erik Swanson,TOR| SEA,RIGHT,RP,53.66666666666667,1,57,39,11,10,3,10,70,3,2,3,0,0,1.677,0.913,3,1,0.056,-1.327,-1.387,-0.212,0.745,0.548,-1.632,6.133,10.08461046326529,
117,Andrew Heaney,LAN| PIT| ANA| NYA| TEX,LEFT,SP,72.66666666666667,14,16,60,34,25,14,19,110,4,4,0,0,0,3.096,1.087,0,1,0.0,-1.091,-0.53,-0.492,0.219,0.237,-1.657,6.108,10.043502479964845,
118,Garrett Whitlock,BOS,RIGHT,SP| RP,78.33333333333334,9,31,65,32,30,10,15,82,4,2,6,0,0,3.447,1.021,6,1,0.077,-1.091,-1.13,0.069,0.025,0.462,-1.665,6.1,10.030347925308703,
119,Mike King,SDN| NYA,RIGHT,RP,51.0,0,34,35,15,13,3,16,66,6,3,1,0,0,2.294,1.000,2,0,0.039,-0.62,-1.472,-0.399,0.467,0.344,-1.68,6.085,10.005683135328436,
120,Bryan Abreu,HOU,RIGHT,RP,60.33333333333334,0,55,45,16,13,2,26,88,4,0,2,0,0,1.939,1.177,7,1,0.116,-1.091,-1.001,-0.305,0.716,-0.019,-1.699,6.066,9.974441068020097,
121,Reynaldo Lopez,ATL| CHA| ANA| CLE,RIGHT,RP,65.33333333333331,1,61,51,24,20,1,11,63,6,4,0,0,0,2.755,0.949,7,1,0.107,-0.62,-1.537,-0.492,0.367,0.573,-1.707,6.058,9.961286513363955,
122,Hector Neris,ANA| ATL| HOU| PHI| CHN,RIGHT,RP,65.33333333333333,0,70,49,29,27,3,17,79,6,4,3,0,0,3.719,1.010,3,1,0.046,-0.62,-1.194,-0.212,-0.115,0.414,-1.727,6.037999999999999,9.928400126723597,
123,Alex Vesia,LAN| MIA,LEFT,RP,54.333333333333336,0,63,37,14,13,2,24,79,5,0,1,0,0,2.153,1.123,3,1,0.055,-0.855,-1.194,-0.399,0.556,0.1,-1.791,5.974,9.823163689474459,
124,Dean Kremer,BAL,RIGHT,SP,125.33333333333334,21,22,123,48,45,11,34,87,8,7,0,0,0,3.231,1.253,5,3,0.04,-0.148,-1.022,-0.492,0.247,-0.418,-1.834,5.930999999999999,9.75245795819769,
125,Hunter Greene,CIN,RIGHT,SP,125.66666666666666,24,24,104,64,62,24,48,164,5,13,0,0,0,4.440,1.210,10,2,0.08,-0.855,0.627,-0.492,-0.916,-0.203,-1.839,5.926,9.744236361537602,
126,Edward Cabrera,MIA,RIGHT,SP,71.66666666666667,14,14,44,24,24,10,33,75,6,4,0,0,0,3.014,1.074,4,1,0.056,-0.62,-1.279,-0.492,0.261,0.27,-1.86,5.904999999999999,9.709705655565227,
127,Eli Morgan,CHN| CLE,RIGHT,RP,66.66666666666666,1,50,46,29,25,10,13,72,5,3,0,0,0,3.375,0.885,6,2,0.09,-0.855,-1.344,-0.492,0.058,0.755,-1.878,5.887,9.680107907588907,
128,Drew Smyly,SFN| ATL| CHN,LEFT,SP,106.33333333333333,22,22,101,46,41,16,26,91,7,8,0,0,0,3.470,1.194,9,1,0.085,-0.384,-0.937,-0.492,0.015,-0.108,-1.905,5.859999999999999,9.635711285624426,
129,Dillon Tate,TOR| BAL,RIGHT,RP,73.66666666666664,0,67,57,29,25,6,16,60,4,4,5,0,0,3.054,0.991,4,1,0.054,-1.091,-1.601,-0.025,0.245,0.523,-1.948,5.817,9.56500555434766,
130,Noah Syndergaard,NYN| ANA| PHI| CLE| LAN,RIGHT,SP,134.66666666666666,24,25,138,62,59,14,31,95,10,10,0,0,0,3.943,1.255,30,3,0.223,0.323,-0.851,-0.492,-0.468,-0.462,-1.95,5.8149999999999995,9.561716915683624,
131,Penn Murfee,CHA| SEA,RIGHT,RP,69.33333333333333,1,64,48,23,23,7,18,76,4,0,0,0,0,2.986,0.952,3,0,0.043,-1.091,-1.258,-0.492,0.267,0.6,-1.973,5.792,9.523897571047215,
132,Diego Castillo,TBA| SEA| MIN,RIGHT,RP,54.33333333333333,0,59,40,27,22,5,22,53,7,3,7,0,0,3.644,1.141,10,1,0.184,-0.384,-1.751,0.162,-0.065,0.06,-1.977,5.787999999999999,9.517320293719143,
133,Collin McHugh,TBA| ATL,RIGHT,RP,69.33333333333333,0,58,51,20,20,5,14,75,3,2,0,0,0,2.596,0.938,1,0,0.014,-1.327,-1.279,-0.492,0.474,0.64,-1.984,5.781,9.505810058395019,
134,Sam Hentges,CLE,LEFT,RP,62.0,0,57,41,17,16,3,19,72,3,2,1,0,0,2.323,0.968,6,1,0.097,-1.327,-1.344,-0.399,0.554,0.498,-2.017,5.747999999999999,9.45154752043843,
135,David Peterson,NYN,LEFT,SP| RP,105.66666666666666,19,28,93,50,45,11,48,126,7,5,0,0,0,3.833,1.334,1,0,0.009,-0.384,-0.187,-0.492,-0.278,-0.697,-2.038,5.727,9.417016814466058,
136,Jose Suarez,ATL| ANA,LEFT,SP,108.99999999999999,20,22,103,49,48,14,33,103,8,8,0,0,0,3.963,1.248,1,2,0.009,-0.148,-0.68,-0.492,-0.396,-0.342,-2.058,5.707,9.3841304278257,
137,Dylan Lee,ATL,LEFT,RP,50.66666666666668,0,46,40,16,12,5,10,59,5,1,0,0,0,2.132,0.987,1,0,0.02,-0.855,-1.622,-0.492,0.527,0.368,-2.074,5.691,9.357821318513414,
138,Chris Martin,TEX| ATL| CHN| LAN| BOS,RIGHT,RP,56.00000000000001,0,60,50,20,19,6,5,74,4,1,2,0,0,3.054,0.982,6,3,0.107,-1.091,-1.301,-0.305,0.187,0.417,-2.093,5.672,9.326579251205075,
139,Chase De Jong,HOU| PIT,RIGHT,RP,71.66666666666667,0,42,52,24,21,10,30,59,6,3,1,0,0,2.637,1.144,3,2,0.042,-0.62,-1.622,-0.399,0.468,0.071,-2.102,5.663,9.311780377216916,
140,Nick Lodolo,CIN,LEFT,SP,103.33333333333333,19,19,90,44,42,13,39,131,4,7,0,0,0,3.658,1.248,6,3,0.058,-1.091,-0.08,-0.492,-0.134,-0.327,-2.124,5.641,9.275605351912525,
141,Alex Lange,DET,RIGHT,RP,63.333333333333336,0,71,47,30,24,5,31,82,7,4,0,0,0,3.410,1.232,6,1,0.095,-0.384,-1.13,-0.492,0.038,-0.158,-2.126,5.638999999999999,9.272316713248488,
142,Michael Kopech,LAN| CHA,RIGHT,SP,119.33333333333333,25,25,85,53,47,15,57,105,5,9,0,0,0,3.545,1.190,15,4,0.126,-0.855,-0.637,-0.492,-0.051,-0.1,-2.135,5.63,9.257517839260327,
143,Tim Mayza,PHI| PIT| TOR| NYA,LEFT,RP,48.66666666666668,0,63,42,19,17,7,12,44,8,1,2,0,0,3.144,1.110,2,0,0.041,-0.148,-1.944,-0.305,0.129,0.115,-2.153,5.612,9.227920091284007,
144,Robert Suarez,SDN,RIGHT,RP,47.66666666666667,0,45,29,13,12,4,21,61,5,1,1,0,0,2.266,1.049,1,2,0.021,-0.855,-1.579,-0.399,0.447,0.228,-2.158,5.606999999999999,9.219698494623916,
145,Tanner Houck,BOS,RIGHT,SP| RP,60.0,4,32,49,22,21,3,22,56,5,4,8,0,0,3.150,1.183,5,1,0.083,-0.855,-1.686,0.255,0.156,-0.034,-2.165,5.6,9.208188259299792,
146,Tanner Scott,LAN| BAL| MIA| SDN,LEFT,RP,62.666666666666664,0,67,55,34,30,5,46,90,4,5,20,0,0,4.309,1.612,1,1,0.016,-1.091,-0.958,1.376,-0.393,-1.107,-2.173,5.592,9.19503370464365,
147,Nick Martinez,CIN| SDN,RIGHT,SP| RP,106.33333333333331,10,47,96,44,41,15,41,95,4,4,8,0,0,3.470,1.288,6,1,0.056,-1.091,-0.851,0.255,0.015,-0.506,-2.178,5.587,9.186812107983561,
148,A. J. Puk,ARI| OAK| MIA,LEFT,RP,66.33333333333334,0,62,53,27,23,7,23,76,4,3,4,0,0,3.121,1.146,7,0,0.106,-1.091,-1.258,-0.118,0.187,0.062,-2.218,5.547,9.121039334702848,
149,Frankie Montas,NYN| OAK| NYA| CIN| MIL,RIGHT,SP,144.33333333333331,27,27,137,72,65,18,43,142,5,12,0,0,0,4.053,1.247,3,3,0.021,-0.855,0.156,-0.492,-0.624,-0.45,-2.265,5.5,9.043756326098011,
150,Freddy Peralta,MIL,RIGHT,SP,78.00000000000001,17,18,54,31,31,6,27,86,4,4,0,0,0,3.577,1.038,4,3,0.051,-1.091,-1.044,-0.492,-0.053,0.406,-2.273,5.491999999999999,9.030601771441868,
151,Domingo Acevedo,OAK,RIGHT,RP,67.66666666666667,0,70,50,26,25,9,17,58,4,4,4,0,0,3.325,0.990,4,0,0.059,-1.091,-1.644,-0.118,0.085,0.483,-2.285,5.4799999999999995,9.010869939457654,
152,Nick Pivetta,SDN| BOS| PHI,RIGHT,SP,179.66666666666669,33,33,175,91,91,27,73,175,10,12,0,0,0,4.558,1.380,19,6,0.106,0.323,0.863,-0.492,-1.472,-1.515,-2.293,5.4719999999999995,8.997715384801511,
153,Jordan Lyles,TEX| BAL| KCA,RIGHT,SP,178.99999999999997,32,32,196,94,88,26,52,144,12,11,0,0,0,4.425,1.385,7,1,0.039,0.794,0.199,-0.492,-1.283,-1.546,-2.328,5.436999999999999,8.940164208180887,
154,Justin Steele,CHN,LEFT,SP,119.00000000000001,24,24,111,53,42,8,50,126,4,7,0,0,0,3.176,1.353,6,2,0.05,-1.091,-0.187,-0.492,0.285,-0.873,-2.358,5.407,8.890834628220354,
155,Mychal Givens,BAL| COL| CIN| CHN| NYN,RIGHT,RP,61.33333333333332,1,59,56,27,23,8,25,71,7,3,2,0,0,3.375,1.321,3,3,0.049,-0.384,-1.365,-0.305,0.054,-0.371,-2.372,5.393,8.867814157572104,
156,Tyler Mahle,TEX| CIN| MIN,RIGHT,SP,120.66666666666666,23,23,104,61,59,16,43,126,6,8,0,0,0,4.401,1.218,6,4,0.05,-0.62,-0.187,-0.492,-0.843,-0.237,-2.378,5.387,8.857948241579997,
157,Nathan Eovaldi,TEX| BOS,RIGHT,SP,109.33333333333334,20,20,115,55,47,21,20,103,6,3,0,0,0,3.869,1.235,5,1,0.046,-0.62,-0.68,-0.492,-0.318,-0.287,-2.396,5.369,8.828350493603676,
158,Brandon Hughes,CHN| ARI,LEFT,RP,57.66666666666667,0,57,42,22,20,11,21,68,2,3,8,0,0,3.121,1.093,0,0,0.0,-1.562,-1.429,0.255,0.162,0.176,-2.398,5.366999999999999,8.825061854939639,
159,Carl Edwards,ANA| TEX| SEA| ATL| TOR| WAS| SDN,RIGHT,RP,62.00000000000001,0,57,51,22,19,8,25,56,6,3,2,0,0,2.758,1.226,1,3,0.016,-0.62,-1.686,-0.305,0.347,-0.14,-2.405,5.359999999999999,8.813551619615515,
160,Keegan Akin,BAL,LEFT,RP,81.66666666666666,1,45,69,35,29,10,20,77,3,3,2,0,0,3.196,1.090,0,2,0.0,-1.327,-1.237,-0.305,0.183,0.258,-2.427,5.337999999999999,8.777376594311123,
161,Chris Flexen,CHN| SEA| COL| CHA,RIGHT,SP| RP,137.66666666666666,22,33,132,61,57,17,51,95,8,9,2,0,0,3.726,1.329,6,0,0.044,-0.148,-0.851,-0.305,-0.25,-0.88,-2.435,5.33,8.764222039654982,
162,Enyel De Los Santos,ATL| HOU| PHI| PIT| CLE| CHA| NYA| SDN,RIGHT,RP,53.33333333333332,0,50,40,18,18,3,17,61,5,0,1,0,0,3.038,1.069,4,0,0.075,-0.855,-1.579,-0.399,0.184,0.213,-2.435,5.33,8.764222039654982,
163,Erasmo Ramirez,MIN| NYN| DET| WAS| TBA,RIGHT,RP,86.33333333333336,2,60,79,31,28,11,14,61,4,2,0,0,0,2.919,1.077,1,0,0.012,-1.091,-1.579,-0.492,0.377,0.316,-2.469,5.295999999999999,8.708315182366375,
164,Lucas Giolito,BOS| CHA| ANA| CLE,RIGHT,SP,161.66666666666666,30,30,171,92,88,24,61,177,11,9,0,0,0,4.899,1.435,6,1,0.037,0.559,0.906,-0.492,-1.746,-1.716,-2.49,5.2749999999999995,8.673784476394001,
165,Ryan Tepera,CHN| CHA| ANA| SLN,RIGHT,RP,57.33333333333334,0,59,42,27,23,7,20,47,5,4,6,0,0,3.611,1.081,6,1,0.105,-0.855,-1.879,0.069,-0.053,0.2,-2.519,5.2459999999999996,8.626099215765484,
166,Jose Alvarado,PHI| TBA,LEFT,RP,51.0,0,59,38,21,18,2,24,81,4,2,2,0,0,3.176,1.216,6,1,0.118,-1.091,-1.151,-0.305,0.122,-0.095,-2.52,5.244999999999999,8.624454896433466,
167,Dylan Coleman,KCA| HOU,RIGHT,RP,68.00000000000001,0,68,47,26,21,5,37,71,5,2,0,0,0,2.779,1.235,2,3,0.029,-0.855,-1.365,-0.492,0.37,-0.18,-2.523,5.241999999999999,8.619521938437412,
168,J. P. Feyereisen,ARI| LAN| MIL| TBA,RIGHT,RP,24.333333333333332,2,22,7,1,0,0,5,25,4,0,1,0,0,0.00,0.493,0,0,0.0,-1.091,-2.351,-0.399,0.65,0.656,-2.534,5.231,8.601434425785218,
169,Brooks Raley,NYN| CIN| HOU| TBA,LEFT,RP,53.66666666666668,0,60,37,19,16,3,15,61,1,2,6,0,0,2.683,0.969,0,0,0.0,-1.798,-1.579,0.069,0.331,0.428,-2.549,5.215999999999999,8.576769635804949,
170,Nabil Crismatt,ARI| SLN| SDN| LAN,RIGHT,RP,67.33333333333331,1,50,57,29,22,5,22,65,5,2,0,0,0,2.941,1.173,9,0,0.134,-0.855,-1.494,-0.492,0.283,-0.011,-2.57,5.195,8.542238929832576,
171,Jaime Barria,ANA,RIGHT,RP,79.33333333333333,1,35,63,29,23,11,19,54,3,3,0,0,0,2.609,1.034,2,0,0.025,-1.327,-1.729,-0.492,0.535,0.428,-2.585,5.18,8.517574139852309,
172,Rich Hill,KCA| MIN| NYN| TBA| BOS| PIT| SDN,LEFT,SP,124.33333333333334,26,26,125,67,59,15,37,109,8,7,0,0,0,4.271,1.303,7,2,0.056,-0.148,-0.551,-0.492,-0.745,-0.664,-2.6,5.164999999999999,8.49290934987204,
173,Tyler Wells,BAL,RIGHT,SP,103.66666666666666,23,23,90,49,49,16,28,76,7,7,0,0,0,4.254,1.138,5,5,0.048,-0.384,-1.258,-0.492,-0.608,0.127,-2.615,5.1499999999999995,8.468244559891772,
174,Colin Poche,NYN| WAS| TBA,LEFT,RP,58.666666666666686,0,65,46,30,26,11,22,64,4,2,7,0,0,3.989,1.159,2,1,0.034,-1.091,-1.515,0.162,-0.225,0.023,-2.645,5.119999999999999,8.418914979931237,
175,Caleb Thielbar,CHN| MIN,LEFT,RP,59.33333333333336,0,67,51,26,23,5,18,80,4,3,1,0,0,3.489,1.163,3,1,0.051,-1.091,-1.172,-0.399,0.0,0.014,-2.647,5.118,8.415626341267204,
176,Yimi Garcia,TOR| MIA| HOU| SEA,RIGHT,RP,60.999999999999986,0,61,48,26,21,6,16,58,4,5,1,0,0,3.098,1.049,5,1,0.082,-1.091,-1.644,-0.399,0.183,0.292,-2.659,5.106,8.39589450928299,
177,Ryne Stanek,NYN| MIA| HOU| SEA,RIGHT,RP,54.666666666666664,0,59,36,8,7,2,31,62,2,1,1,0,0,1.152,1.226,4,2,0.073,-1.562,-1.558,-0.399,0.979,-0.123,-2.664,5.100999999999999,8.3876729126229,
178,Mike Clevinger,CHA| CLE| SDN,RIGHT,SP,114.33333333333333,22,23,102,56,55,20,35,91,7,7,0,0,0,4.329,1.198,13,1,0.114,-0.384,-0.937,-0.492,-0.736,-0.133,-2.682,5.083,8.35807516464658,
179,Steven Okert,HOU| MIA| MIN,LEFT,RP,51.33333333333333,0,60,34,19,17,7,26,63,5,5,0,0,0,2.981,1.169,2,0,0.039,-0.855,-1.537,-0.492,0.2,0.0,-2.683,5.082,8.356430845314563,
180,Michael Lorenzen,KCA| CIN| ANA| DET| PHI| TEX,RIGHT,SP,97.66666666666667,18,18,81,48,46,11,44,85,8,6,0,0,0,4.239,1.280,4,1,0.041,-0.148,-1.065,-0.492,-0.561,-0.432,-2.699,5.066,8.330121736002276,
181,Alex Wood,LAN| SFN| OAK,LEFT,SP,130.66666666666666,26,26,132,78,74,17,30,131,8,12,0,0,0,5.097,1.240,1,2,0.008,-0.148,-0.08,-0.492,-1.61,-0.369,-2.699,5.066,8.330121736002276,
182,Joe Jimenez,DET| ATL,RIGHT,RP,56.66666666666665,0,62,49,24,22,4,13,77,3,2,2,0,0,3.494,1.094,6,1,0.106,-1.327,-1.237,-0.305,-0.002,0.169,-2.701,5.064,8.326833097338241,
183,Wandy Peralta,SDN| SFN| NYA,LEFT,RP,56.33333333333334,0,56,42,19,17,2,17,47,3,4,4,0,0,2.716,1.047,0,0,0.0,-1.327,-1.879,-0.118,0.334,0.273,-2.717,5.048,8.300523988025956,
184,Matt Bush,TEX| MIL,RIGHT,SP| RP,59.66666666666668,6,65,43,31,23,11,18,74,2,3,3,0,0,3.469,1.022,5,0,0.084,-1.562,-1.301,-0.212,0.009,0.349,-2.717,5.048,8.300523988025956,
185,Clarke Schmidt,NYA,RIGHT,SP| RP,57.66666666666667,3,29,46,23,20,5,23,56,5,5,2,0,0,3.121,1.196,1,2,0.017,-0.855,-1.686,-0.305,0.162,-0.063,-2.748,5.0169999999999995,8.249550088733404,
186,Sean Manaea,NYN| OAK| SDN| SFN,LEFT,SP,158.0,28,30,155,95,87,29,50,156,8,9,0,0,0,4.956,1.298,5,0,0.032,-0.148,0.456,-0.492,-1.775,-0.81,-2.77,4.994999999999999,8.21337506342901,
187,Emilio Pagan,CIN| SDN| MIN,RIGHT,RP,63.0,0,59,60,36,31,12,26,84,4,6,9,0,0,4.429,1.365,1,1,0.016,-1.091,-1.087,0.349,-0.453,-0.493,-2.775,4.99,8.205153466768923,
188,Luis Garcia,ANA| LAN| WAS| TEX| SLN| SDN| BOS,RIGHT,RP,61.00000000000001,0,64,57,28,23,3,17,68,4,6,3,0,0,3.393,1.213,6,0,0.098,-1.091,-1.429,-0.212,0.045,-0.107,-2.795,4.97,8.172267080128567,
189,Bailey Falter,KCA| PIT| PHI,LEFT,SP| RP,84.00000000000001,16,20,85,39,36,16,17,74,6,4,0,0,0,3.857,1.214,3,4,0.036,-0.62,-1.301,-0.492,-0.237,-0.152,-2.801,4.9639999999999995,8.162401164136458,
190,James Karinchak,CLE,RIGHT,RP,39.0,0,38,22,9,9,2,21,62,2,0,3,0,0,2.077,1.103,9,1,0.231,-1.562,-1.558,-0.212,0.422,0.103,-2.807,4.958,8.152535248144353,
191,Scott Effross,NYA| CHN,RIGHT,RP,56.66666666666667,1,60,45,23,16,3,15,62,1,4,4,0,0,2.541,1.059,2,2,0.035,-1.798,-1.558,-0.118,0.411,0.249,-2.814,4.951,8.141025012820228,
192,Brad Boxberger,MIA| MIL| CHN,RIGHT,RP,63.99999999999999,0,70,52,23,21,6,27,68,4,3,1,0,0,2.953,1.234,7,0,0.109,-1.091,-1.429,-0.399,0.263,-0.167,-2.823,4.942,8.126226138832068,
193,Steven Wilson,CHA| SDN,RIGHT,RP,52.99999999999999,1,50,36,20,18,7,20,53,4,2,1,0,0,3.057,1.057,2,0,0.038,-1.091,-1.751,-0.399,0.176,0.238,-2.827,4.938,8.119648861503995,
194,Trevor Williams,WAS| PIT| CHN| NYN,RIGHT,SP| RP,89.66666666666666,9,30,87,34,32,12,23,84,3,5,1,0,0,3.212,1.227,1,2,0.011,-1.327,-1.087,-0.399,0.19,-0.207,-2.828,4.936999999999999,8.118004542171978,
195,Adrian Sampson,CHN,RIGHT,SP,104.33333333333334,19,21,101,40,36,10,27,73,4,5,0,0,0,3.105,1.227,3,2,0.029,-1.091,-1.322,-0.492,0.307,-0.241,-2.839,4.926,8.099917029519782,
196,Chris Stratton,KCA| LAN| PIT| SLN| TEX,RIGHT,RP,63.33333333333333,1,60,72,34,30,4,25,60,10,4,2,0,0,4.263,1.532,1,0,0.016,0.323,-1.601,-0.305,-0.376,-0.916,-2.875,4.89,8.04072153356714,
197,Andrew Bellatti,MIA| PHI,RIGHT,RP,54.33333333333333,1,59,47,25,20,5,25,78,4,4,2,0,0,3.313,1.325,3,2,0.055,-1.091,-1.215,-0.305,0.073,-0.338,-2.876,4.888999999999999,8.039077214235123,
198,Nick Sandlin,TOR| CLE,RIGHT,RP,44.0,0,46,27,13,11,2,24,41,5,2,0,0,0,2.250,1.159,5,0,0.114,-0.855,-2.008,-0.492,0.418,0.017,-2.92,4.845,7.966727163626339,
199,Jalen Beeks,ARI| TBA| COL| PIT,LEFT,SP| RP,61.00000000000001,7,42,49,22,19,7,22,70,2,3,2,0,0,2.803,1.164,0,0,0.0,-1.562,-1.387,-0.305,0.32,0.012,-2.921,4.843999999999999,7.9650828442943205,
200,Paul Blackburn,NYA| NYN| OAK,RIGHT,SP,111.33333333333331,21,21,110,53,53,15,30,89,7,6,0,0,0,4.284,1.258,13,2,0.117,-0.384,-0.98,-0.492,-0.678,-0.393,-2.927,4.837999999999999,7.955216928302213,
201,Bryan Baker,BAL| TBA| TOR,RIGHT,RP,69.66666666666666,2,66,60,29,27,3,26,76,4,3,1,0,0,3.488,1.234,2,0,0.029,-1.091,-1.258,-0.399,0.001,-0.182,-2.929,4.836,7.951928289638179,
202,Andrew Chafin,ANA| WAS| ARI| CHN| OAK| DET| MIL| TEX,LEFT,RP,57.33333333333334,0,64,48,26,18,5,19,67,2,3,3,0,0,2.826,1.169,2,1,0.035,-1.562,-1.451,-0.212,0.291,0.001,-2.932,4.833,7.946995331642126,
203,Pete Fairbanks,TBA,RIGHT,RP,23.999999999999996,0,24,13,3,3,1,3,38,0,0,8,0,0,1.125,0.667,3,0,0.125,-2.033,-2.072,0.255,0.435,0.481,-2.935,4.83,7.942062373646071,
204,Joe Mantiply,ARI,LEFT,RP,60.00000000000002,0,69,59,22,19,6,6,61,2,5,2,0,0,2.850,1.083,2,0,0.033,-1.562,-1.579,-0.305,0.294,0.205,-2.948,4.817,7.920686222329841,
205,Marco Gonzales,SEA| PIT,LEFT,SP,183.00000000000003,32,32,194,97,84,30,50,103,10,15,0,0,0,4.131,1.333,9,2,0.049,0.323,-0.68,-0.492,-0.9,-1.2,-2.949,4.816,7.919041902997822,
206,Joe Barlow,TEX,RIGHT,RP,34.99999999999999,0,35,27,18,15,5,13,28,3,1,13,0,0,3.857,1.143,1,1,0.029,-1.327,-2.286,0.722,-0.099,0.036,-2.953,4.811999999999999,7.91246462566975,
207,Dany Jimenez,SFN| OAK,RIGHT,RP,34.333333333333336,0,34,23,16,13,2,18,34,3,4,11,0,0,3.408,1.194,9,0,0.262,-1.327,-2.158,0.536,0.021,-0.034,-2.962,4.802999999999999,7.897665751681589,
208,Seth Lugo,KCA| NYN| SDN,RIGHT,RP,65.0,0,62,58,26,26,9,18,69,3,2,3,0,0,3.600,1.169,2,1,0.031,-1.327,-1.408,-0.212,-0.055,-0.001,-3.002,4.763,7.8318929784008775,
209,Roansy Contreras,BAL| COL| PIT| ANA,RIGHT,SP| RP,95.0,18,21,82,45,40,13,39,86,5,5,0,0,0,3.789,1.274,7,3,0.074,-0.855,-1.044,-0.492,-0.219,-0.397,-3.006,4.759,7.825315701072807,
210,Dylan Floro,LAN| MIA| MIN| ARI| WAS,RIGHT,RP,53.666666666666664,0,56,48,23,18,4,15,48,1,3,10,0,0,3.019,1.174,1,0,0.019,-1.798,-1.858,0.442,0.193,-0.011,-3.031,4.734,7.784207717772361,
211,Corey Knebel,MIL| LAN| PHI,RIGHT,RP,44.666666666666664,0,46,33,22,17,4,28,41,3,5,12,0,0,3.425,1.366,4,2,0.09,-1.327,-2.008,0.629,0.022,-0.35,-3.034,4.731,7.779274759776307,
212,John Brebbia,ATL| DET| SFN| CHA,RIGHT,SP| RP,68.0,11,76,71,27,24,5,18,54,6,2,0,0,0,3.176,1.309,4,4,0.059,-0.62,-1.729,-0.492,0.163,-0.379,-3.057,4.708,7.741455415139898,
213,Lance McCullers,HOU,RIGHT,SP,47.66666666666667,8,8,37,12,12,4,22,50,4,2,0,0,0,2.266,1.238,2,2,0.042,-1.091,-1.815,-0.492,0.447,-0.131,-3.082,4.683,7.700347431839452,
214,Kyle Gibson,BAL| TEX| PHI| SLN,RIGHT,SP,167.66666666666666,31,31,176,98,94,24,48,144,10,8,0,0,0,5.046,1.336,3,3,0.018,0.323,0.199,-0.492,-2.0,-1.117,-3.087,4.677999999999999,7.692125835179361,
215,Michael Fulmer,BOS| CHN| DET| MIN,RIGHT,RP,63.66666666666666,0,67,59,27,24,4,28,61,5,6,3,0,0,3.393,1.367,6,1,0.094,-0.855,-1.579,-0.212,0.047,-0.502,-3.101,4.664,7.669105364531113,
216,Braxton Garrett,MIA,LEFT,SP,88.0,17,17,86,38,35,9,24,90,3,7,0,0,0,3.579,1.250,10,3,0.114,-1.327,-0.958,-0.492,-0.061,-0.284,-3.122,4.643,7.634574658558739,
217,Carlos Estevez,KCA| COL| ANA| PHI,RIGHT,RP,57.0,0,62,44,27,22,7,23,54,4,4,2,0,0,3.474,1.175,0,0,0.0,-1.091,-1.729,-0.305,0.007,-0.015,-3.133,4.632,7.616487145906543,
218,Matt Wisler,MIN| SFN| TBA,RIGHT,SP| RP,44.0,5,39,30,18,11,6,14,35,3,3,1,0,0,2.250,1.000,3,0,0.068,-1.327,-2.136,-0.399,0.418,0.297,-3.147,4.618,7.593466675258294,
219,Lucas Luetge,NYA| ATL,LEFT,RP,57.33333333333333,0,50,63,19,17,4,17,60,4,4,2,0,0,2.669,1.395,0,0,0.0,-1.091,-1.601,-0.305,0.36,-0.518,-3.154,4.611,7.581956439934169,
220,Kendall Graveman,ARI| SEA| HOU| CHA,RIGHT,RP,65.0,0,65,65,29,23,5,26,66,3,4,6,0,0,3.185,1.400,5,0,0.077,-1.327,-1.472,0.069,0.152,-0.599,-3.178,4.587,7.542492775965741,
221,Brusdar Graterol,LAN,RIGHT,RP,49.66666666666667,1,46,39,20,18,3,10,43,2,4,4,0,0,3.262,0.987,1,0,0.02,-1.562,-1.965,-0.118,0.086,0.361,-3.198,4.567,7.509606389325385,
222,Matt Strahm,PHI| SDN| BOS,LEFT,RP,44.66666666666667,0,50,38,24,19,5,17,52,4,4,4,0,0,3.828,1.231,3,0,0.067,-1.091,-1.772,-0.118,-0.116,-0.111,-3.209,4.555999999999999,7.4915188766731875,
223,Mitch Keller,PIT,RIGHT,SP,159.0,29,31,162,77,69,14,60,138,5,12,0,0,0,3.906,1.396,17,3,0.107,-0.855,0.07,-0.492,-0.508,-1.441,-3.226,4.539,7.463565448028885,
224,Andre Pallante,SLN,RIGHT,SP| RP,107.99999999999999,10,47,113,39,38,9,40,73,6,5,0,0,0,3.167,1.417,5,2,0.046,-0.62,-1.322,-0.492,0.267,-1.067,-3.234,4.531,7.450410893372743,
225,Zach Jackson,OAK,RIGHT,RP,48.0,0,54,28,18,16,1,33,67,2,3,3,0,0,3.000,1.271,3,1,0.062,-1.562,-1.451,-0.212,0.18,-0.195,-3.24,4.5249999999999995,7.440544977380636,
226,Aaron Civale,CHA| CHN| MIL| CLE| TBA,RIGHT,SP,97.0,20,20,93,58,53,14,22,98,5,6,0,0,0,4.918,1.186,8,1,0.082,-0.855,-0.787,-0.492,-1.062,-0.064,-3.26,4.505,7.40765859074028,
227,Mark Leiter,NYA| CHN,RIGHT,SP| RP,67.66666666666667,4,35,52,32,30,10,25,73,2,7,3,0,0,3.990,1.138,6,2,0.089,-1.562,-1.322,-0.212,-0.26,0.084,-3.272,4.493,7.387926758756067,
228,Ron Marinaccio,SDN| NYA,RIGHT,RP,44.00000000000001,0,40,22,12,10,2,24,56,1,0,0,0,0,2.046,1.046,4,1,0.091,-1.798,-1.686,-0.492,0.487,0.217,-3.273,4.491999999999999,7.386282439424047,
229,Jose Leclerc,ATH| TEX,RIGHT,RP,47.666666666666664,0,39,33,17,15,5,21,54,0,3,7,0,0,2.832,1.133,4,0,0.084,-2.033,-1.729,0.162,0.24,0.069,-3.292,4.473,7.35504037211571,
230,Brent Suter,CIN| MIL| COL,LEFT,RP,66.66666666666667,0,54,58,32,28,9,22,53,5,3,0,0,0,3.780,1.200,3,2,0.045,-0.855,-1.751,-0.492,-0.149,-0.082,-3.329,4.436,7.294200556831051,
231,Walker Buehler,BOS| PHI| LAN,RIGHT,SP,65.0,12,12,67,30,29,8,17,58,6,3,0,0,0,4.015,1.292,6,2,0.092,-0.62,-1.644,-0.492,-0.262,-0.32,-3.337,4.427999999999999,7.281046002174906,
232,Daniel Hudson,WAS| SDN| LAN,RIGHT,RP,24.333333333333332,0,25,17,7,6,1,5,30,2,3,5,0,0,2.219,0.904,0,0,0.0,-1.562,-2.243,-0.025,0.237,0.257,-3.337,4.427999999999999,7.281046002174906,
233,Josiah Gray,LAN| WAS,RIGHT,SP,148.66666666666666,28,28,136,84,83,38,66,154,7,10,0,0,0,5.025,1.359,11,4,0.074,-0.384,0.413,-0.492,-1.749,-1.125,-3.337,4.427999999999999,7.281046002174906,
234,Aroldis Chapman,BOS| NYA| KCA| TEX| PIT,LEFT,RP,36.333333333333336,0,43,24,18,18,4,28,43,4,4,9,0,0,4.459,1.431,2,3,0.055,-1.091,-1.965,0.349,-0.27,-0.38,-3.357,4.4079999999999995,7.248159615534551,
235,Hayden Wesneski,HOU| CHN,RIGHT,SP,33.0,4,6,24,9,8,3,7,33,3,2,0,0,0,2.182,0.939,3,2,0.091,-1.327,-2.179,-0.492,0.33,0.302,-3.365,4.3999999999999995,7.235005060878408,
236,Wil Crowe,WAS| PIT,RIGHT,RP,76.0,1,60,68,40,37,8,38,68,6,10,4,0,0,4.382,1.395,0,0,0.0,-0.62,-1.429,-0.118,-0.52,-0.684,-3.371,4.394,7.2251391448863025,
237,Jake Woodford,ARI| SLN| CHA| PIT,RIGHT,RP,48.33333333333333,1,27,43,13,12,1,11,24,4,0,0,0,0,2.235,1.117,1,0,0.021,-1.091,-2.372,-0.492,0.465,0.1,-3.391,4.374,7.192252758245945,
238,Tanner Rainey,DET| PIT| WAS,RIGHT,RP,29.999999999999996,0,29,26,16,11,5,13,36,1,3,12,0,0,3.300,1.300,3,0,0.1,-1.798,-2.115,0.629,0.043,-0.157,-3.397,4.368,7.182386842253839,
239,Jose Berrios,TOR| MIN,RIGHT,SP,172.00000000000003,32,32,199,103,100,29,45,149,12,7,0,0,0,5.233,1.419,6,5,0.035,0.794,0.306,-0.492,-2.297,-1.713,-3.402,4.3629999999999995,7.174165245593749,
240,Zach Eflin,BAL| PHI| TBA,RIGHT,SP| RP,75.66666666666667,13,20,70,38,34,8,15,65,3,5,1,0,0,4.044,1.123,2,0,0.026,-1.327,-1.494,-0.399,-0.322,0.138,-3.403,4.362,7.172520926261732,
241,Yency Almonte,COL| LAN| CHN,RIGHT,RP,35.33333333333333,0,33,18,4,4,2,10,33,0,0,1,0,0,1.019,0.792,2,0,0.057,-2.033,-2.179,-0.399,0.669,0.531,-3.412,4.353,7.157722052273571,
242,Jesse Chavez,ATL| TEX| ANA| CHN,RIGHT,RP,69.33333333333333,1,60,71,34,29,8,20,74,4,3,0,0,0,3.764,1.312,3,1,0.043,-1.091,-1.301,-0.492,-0.146,-0.397,-3.427,4.337999999999999,7.133057262293303,
243,JP Sears,ATH| SDN| NYA| OAK,LEFT,SP| RP,70.0,11,17,67,31,30,8,23,51,6,3,0,0,0,3.857,1.286,5,3,0.071,-0.62,-1.794,-0.492,-0.197,-0.326,-3.429,4.336,7.1297686236292686,
244,Johan Oviedo,PIT| SLN,RIGHT,SP| RP,56.0,8,21,49,21,20,5,23,54,4,3,0,0,0,3.214,1.286,5,1,0.089,-1.091,-1.729,-0.492,0.118,-0.261,-3.455,4.31,7.0870163209968045,
245,Bailey Ober,MIN,RIGHT,SP,56.00000000000001,11,11,48,22,20,4,11,51,2,3,0,0,0,3.214,1.054,1,0,0.018,-1.562,-1.794,-0.492,0.118,0.258,-3.472,4.292999999999999,7.059062892352501,
246,Brad Hand,CLE| NYN| TOR| WAS| PHI| ATL| COL,LEFT,RP,45.00000000000001,0,55,37,18,14,2,23,38,3,2,5,0,0,2.800,1.333,3,0,0.067,-1.327,-2.072,-0.025,0.238,-0.295,-3.481,4.284,7.044264018364341,
247,Drew Smith,NYN,RIGHT,RP,46.00000000000001,0,44,38,17,17,9,15,53,3,3,0,0,0,3.326,1.152,0,1,0.0,-1.327,-1.751,-0.492,0.057,0.031,-3.481,4.284,7.044264018364341,
248,Hoby Milner,TEX| ANA| MIL,LEFT,RP,64.66666666666669,0,67,61,29,27,5,15,64,3,3,0,0,0,3.758,1.175,1,0,0.015,-1.327,-1.515,-0.492,-0.133,-0.016,-3.483,4.282,7.040975379700306,
249,Jakob Junis,CLE| KCA| SFN| CIN| MIL,RIGHT,SP| RP,112.0,17,23,120,57,55,13,25,98,5,7,0,0,0,4.420,1.295,11,1,0.098,-0.855,-0.787,-0.492,-0.799,-0.561,-3.494,4.270999999999999,7.022887867048109,
250,Joey Krehbiel,BAL| TBA,RIGHT,RP,57.66666666666668,0,56,53,28,25,9,18,45,5,5,1,0,0,3.902,1.231,2,2,0.035,-0.855,-1.922,-0.399,-0.182,-0.143,-3.501,4.263999999999999,7.011377631723985,
251,Mark Melancon,ATL| SDN| ARI,RIGHT,RP,56.0,0,62,63,37,29,5,21,35,3,10,18,0,0,4.661,1.500,3,1,0.054,-1.327,-2.136,1.19,-0.503,-0.739,-3.515,4.25,6.988357161075736,
252,German Marquez,COL,RIGHT,SP,181.66666666666669,31,31,185,109,100,30,63,150,9,13,0,0,0,4.954,1.365,10,2,0.055,0.087,0.327,-0.492,-2.039,-1.421,-3.538,4.227,6.9505378164393266,
253,Kyle Freeland,COL,LEFT,SP,174.66666666666663,31,31,193,96,88,19,53,131,9,11,0,0,0,4.534,1.408,15,6,0.086,0.087,-0.08,-0.492,-1.399,-1.668,-3.551,4.2139999999999995,6.929161665123093,
254,Glenn Otto,TEX,RIGHT,SP,135.66666666666669,27,27,119,74,70,21,62,107,7,10,0,0,0,4.644,1.334,16,2,0.118,-0.384,-0.594,-0.492,-1.2,-0.894,-3.564,4.201,6.9077855138068625,
255,Jake Odorizzi,MIN| HOU| ATL,RIGHT,SP,106.33333333333336,22,22,106,58,52,14,35,86,6,6,0,0,0,4.401,1.326,5,4,0.047,-0.62,-1.044,-0.492,-0.743,-0.666,-3.565,4.199999999999999,6.906141194474844,
256,Matt Festa,CLE| SEA| NYN| TEX,RIGHT,RP,54.0,0,53,43,26,25,10,18,64,2,0,2,0,0,4.167,1.130,5,1,0.093,-1.562,-1.515,-0.305,-0.28,0.085,-3.578,4.186999999999999,6.8847650431586125,
257,Jovani Moran,BOS| MIN,LEFT,RP,40.66666666666667,0,31,25,11,10,0,18,54,0,1,1,0,0,2.213,1.057,5,0,0.123,-2.033,-1.729,-0.399,0.397,0.181,-3.583,4.1819999999999995,6.876543446498523,
258,Dylan Bundy,ANA| MIN,RIGHT,SP,140.0,29,29,151,79,76,24,28,94,8,8,0,0,0,4.886,1.279,9,1,0.064,-0.148,-0.872,-0.492,-1.498,-0.612,-3.623,4.1419999999999995,6.81077067321781,
259,Andrew Kittredge,BAL| CHN| TBA| SLN,RIGHT,RP,20.0,0,17,15,7,7,4,2,14,3,1,5,0,0,3.150,0.850,0,0,0.0,-1.327,-2.586,-0.025,0.052,0.254,-3.631,4.134,6.7976161185616695,
260,Taylor Clarke,KCA| ARI,RIGHT,RP,48.99999999999999,0,47,50,25,22,6,8,48,3,1,3,0,0,4.041,1.184,1,0,0.02,-1.327,-1.858,-0.212,-0.207,-0.029,-3.632,4.132999999999999,6.795971799229649,
261,David Price,LAN,LEFT,RP,40.33333333333333,0,40,38,11,11,6,9,37,2,0,2,0,0,2.454,1.165,2,0,0.05,-1.562,-2.094,-0.305,0.32,0.006,-3.635,4.13,6.791038841233597,
262,Tanner Banks,PHI| CHA,LEFT,RP,53.0,0,35,42,25,18,5,18,49,2,0,0,0,0,3.057,1.132,0,3,0.0,-1.562,-1.836,-0.492,0.176,0.078,-3.637,4.128,6.787750202569562,
263,Hunter Harvey,KCA| BAL| WAS,RIGHT,RP,39.33333333333333,0,38,33,12,11,1,12,45,2,1,0,0,0,2.517,1.144,5,0,0.127,-1.562,-1.922,-0.492,0.293,0.039,-3.644,4.1209999999999996,6.776239967245436,
264,Devin Smeltzer,MIN| MIA,LEFT,SP| RP,70.33333333333334,12,15,67,30,29,13,19,40,5,2,0,0,0,3.711,1.223,0,2,0.0,-0.855,-2.029,-0.492,-0.12,-0.151,-3.647,4.118,6.771307009249385,
265,Eduardo Rodriguez,ARI| BOS| DET,LEFT,SP,91.0,17,17,87,49,41,12,34,72,5,5,0,0,0,4.055,1.330,4,0,0.044,-0.855,-1.344,-0.492,-0.395,-0.583,-3.669,4.096,6.735131983944992,
266,Andrew Wantz,ANA,RIGHT,RP,50.33333333333333,1,42,37,19,18,8,21,52,2,1,0,0,0,3.219,1.152,2,2,0.04,-1.562,-1.772,-0.492,0.104,0.033,-3.689,4.076,6.702245597304635,
267,Ryan Thompson,ARI| TBA,RIGHT,RP,42.66666666666665,0,47,39,24,18,4,11,39,3,3,3,0,0,3.797,1.172,4,0,0.094,-1.327,-2.051,-0.212,-0.101,-0.005,-3.694,4.071,6.6940240006445455,
268,Zach Pop,NYN| SEA| MIA| TOR,RIGHT,RP,39.0,0,35,41,13,12,2,4,25,4,0,0,0,0,2.769,1.154,1,1,0.026,-1.091,-2.351,-0.492,0.215,0.024,-3.695,4.07,6.692379681312529,
269,Trevor Gott,SFN| MIL| NYN| SEA,RIGHT,RP,45.66666666666667,0,45,35,25,21,8,12,44,3,4,0,0,0,4.139,1.029,5,1,0.109,-1.327,-1.944,-0.492,-0.227,0.255,-3.735,4.029999999999999,6.626606908031815,
270,Seth Martinez,MIA| HOU,RIGHT,RP,38.66666666666667,0,29,26,10,9,3,14,38,1,1,0,0,0,2.095,1.034,2,1,0.052,-1.798,-2.072,-0.492,0.413,0.207,-3.741,4.023999999999999,6.616740992039707,
271,Domingo German,NYA| PIT,RIGHT,SP,72.33333333333333,14,15,65,31,29,11,19,58,2,5,0,0,0,3.608,1.161,1,0,0.014,-1.562,-1.644,-0.492,-0.066,0.022,-3.742,4.023,6.61509667270769,
272,Connor Brogdon,ANA| PHI| LAN,RIGHT,RP,44.0,0,47,44,16,16,6,11,50,2,2,2,0,0,3.273,1.250,2,1,0.045,-1.562,-1.815,-0.305,0.073,-0.142,-3.752,4.013,6.5986534793875125,
273,Drey Jameson,ARI,RIGHT,SP,24.333333333333332,4,4,20,4,4,2,7,24,3,0,0,0,0,1.480,1.110,2,0,0.082,-1.327,-2.372,-0.492,0.375,0.058,-3.758,4.007,6.588787563395405,
274,Tyler Matzek,NYA| ATL,LEFT,RP,43.666666666666664,0,42,26,21,17,3,29,36,4,2,1,0,0,3.504,1.260,3,1,0.069,-1.091,-2.115,-0.399,-0.005,-0.158,-3.767,3.9979999999999998,6.573988689407245,
275,Rony Garcia,DET,RIGHT,SP| RP,51.0,8,16,40,27,25,9,13,48,3,3,0,0,0,4.412,1.039,3,1,0.059,-1.327,-1.858,-0.492,-0.361,0.264,-3.773,3.9919999999999995,6.5641227734151375,
276,Kyle Nelson,ARI| CLE,LEFT,RP,37.0,1,43,26,10,9,1,14,30,2,1,0,0,0,2.189,1.081,1,1,0.027,-1.562,-2.243,-0.492,0.368,0.13,-3.799,3.9659999999999997,6.521370470782674,
277,Ian Anderson,ANA| ATL,RIGHT,SP,111.66666666666666,22,22,115,63,62,12,54,97,10,6,0,0,0,4.997,1.513,4,3,0.036,0.323,-0.808,-0.492,-1.29,-1.534,-3.802,3.9629999999999996,6.516437512786621,
278,Jharel Cotton,TEX| MIN| SFN,RIGHT,RP,42.999999999999986,0,30,34,20,17,7,20,39,4,2,0,0,0,3.558,1.256,5,1,0.116,-1.091,-2.051,-0.492,-0.023,-0.149,-3.805,3.9599999999999995,6.511504554790568,
279,Colin Holderman,PIT| NYN,RIGHT,RP,28.33333333333334,0,24,20,14,12,0,14,24,5,0,0,0,0,3.812,1.200,0,0,0.0,-0.855,-2.372,-0.492,-0.07,-0.035,-3.824,3.941,6.480262487482229,
280,James Kaprielian,OAK,RIGHT,SP,134.0,26,26,121,68,63,16,59,98,5,9,0,0,0,4.231,1.343,5,3,0.037,-0.855,-0.787,-0.492,-0.762,-0.932,-3.828,3.937,6.473685210154158,
281,Rowan Wick,CHN,RIGHT,RP,64.0,0,64,79,37,30,9,29,69,4,7,9,0,0,4.219,1.688,5,1,0.078,-1.091,-1.408,0.349,-0.358,-1.324,-3.832,3.933,6.467107932826087,
282,Adrian Morejon,SDN,LEFT,RP,34.0,0,26,31,18,16,4,9,28,5,1,0,0,0,4.235,1.177,2,0,0.059,-0.855,-2.286,-0.492,-0.194,-0.01,-3.838,3.9269999999999996,6.4572420168339795,
283,Zack Thompson,SLN,LEFT,RP,34.666666666666664,1,22,20,9,8,3,14,27,1,1,1,0,0,2.077,0.981,1,0,0.029,-1.798,-2.308,-0.399,0.375,0.26,-3.869,3.8959999999999995,6.406268117541426,
284,Steven Matz,BOS| SLN| NYN| TOR,LEFT,SP| RP,48.00000000000001,10,15,50,28,28,8,10,54,5,3,0,0,0,5.250,1.250,0,0,0.0,-0.855,-1.729,-0.492,-0.648,-0.155,-3.879,3.8859999999999997,6.389824924221249,
285,Yusei Kikuchi,ANA| SEA| TOR| HOU,LEFT,SP| RP,100.66666666666666,20,32,93,67,58,23,58,124,6,7,1,0,0,5.185,1.500,1,3,0.01,-0.62,-0.23,-0.399,-1.308,-1.329,-3.885,3.88,6.379959008229142,
286,Austin Voth,WAS| BAL| SEA,RIGHT,SP| RP,101.66666666666667,17,41,111,52,49,14,31,90,5,4,0,0,0,4.338,1.397,1,1,0.01,-0.855,-0.958,-0.492,-0.661,-0.924,-3.89,3.8749999999999996,6.371737411569052,
287,Peter Strzelecki,MIL| ARI| CLE,RIGHT,RP,35.0,0,30,28,13,11,2,15,40,2,1,1,0,0,2.829,1.229,2,0,0.057,-1.562,-2.029,-0.399,0.177,-0.083,-3.896,3.8689999999999998,6.361871495576946,
288,Matt Manning,DET,RIGHT,SP,63.00000000000001,12,12,55,27,24,6,19,48,2,3,0,0,0,3.429,1.175,2,2,0.032,-1.562,-1.858,-0.492,0.029,-0.014,-3.897,3.868,6.360227176244928,
289,Phil Bickford,MIL| LAN| NYN| NYA,RIGHT,RP,61.00000000000001,0,60,53,33,32,12,14,67,2,1,0,0,0,4.721,1.098,7,2,0.115,-1.562,-1.451,-0.492,-0.576,0.172,-3.909,3.856,6.340495344260715,
290,Lou Trivino,LAN| PHI| SFN| OAK| NYA,RIGHT,RP,53.66666666666667,0,64,64,31,27,6,24,67,2,8,11,0,0,4.528,1.640,0,1,0.0,-1.562,-1.451,0.536,-0.427,-1.008,-3.912,3.8529999999999998,6.335562386264661,
291,Nick Vespi,BAL,LEFT,RP,26.333333333333336,0,25,29,12,12,5,8,28,5,0,1,0,0,4.101,1.405,3,0,0.114,-0.855,-2.286,-0.399,-0.124,-0.248,-3.912,3.8529999999999998,6.335562386264661,
292,Caleb Ferguson,PIT| SEA| LAN| HOU| NYA,LEFT,RP,34.666666666666664,1,37,23,9,7,1,17,37,1,0,0,0,0,1.817,1.154,1,1,0.029,-1.798,-2.094,-0.492,0.444,0.021,-3.918,3.8469999999999995,6.325696470272554,
293,Will Vest,DET| SEA,RIGHT,RP,62.99999999999999,2,59,62,30,28,6,22,63,3,3,1,0,0,4.000,1.333,1,4,0.016,-1.327,-1.537,-0.399,-0.247,-0.413,-3.921,3.844,6.320763512276501,
294,Sam Moll,CIN| OAK,LEFT,RP,43.333333333333336,0,53,33,16,14,5,22,46,2,1,0,0,0,2.908,1.269,2,2,0.046,-1.562,-1.901,-0.492,0.193,-0.173,-3.935,3.8299999999999996,6.297743041628251,
295,Bryce Elder,ATL,RIGHT,SP,53.99999999999999,9,10,44,19,19,4,23,47,2,4,0,0,0,3.167,1.241,6,1,0.111,-1.562,-1.879,-0.492,0.133,-0.155,-3.955,3.8099999999999996,6.264856654987894,
296,Buck Farmer,DET| CIN,RIGHT,RP,46.99999999999999,0,44,36,21,20,2,25,54,2,2,2,0,0,3.830,1.298,3,3,0.064,-1.562,-1.729,-0.305,-0.123,-0.242,-3.961,3.804,6.2549907389957875,
297,Jackson Stephens,ATL,RIGHT,RP,53.66666666666666,1,39,49,32,22,3,23,47,3,3,2,0,0,3.689,1.342,8,0,0.149,-1.327,-1.879,-0.305,-0.082,-0.37,-3.963,3.8019999999999996,6.251702100331752,
298,David Phelps,MIL| PHI| TOR,RIGHT,RP,63.666666666666664,1,65,52,22,20,2,31,64,0,2,1,0,0,2.827,1.304,2,2,0.031,-2.033,-1.515,-0.399,0.323,-0.342,-3.966,3.7989999999999995,6.246769142335698,
299,Hunter Brown,HOU,RIGHT,RP,20.333333333333332,2,7,15,2,2,0,7,22,2,0,0,0,0,0.885,1.082,1,1,0.049,-1.562,-2.415,-0.492,0.406,0.071,-3.993,3.772,6.202372520371218,
300,Steve Cishek,CHA| ANA| WAS,RIGHT,RP,66.33333333333334,0,69,54,33,31,11,27,74,1,4,1,0,0,4.206,1.221,3,2,0.045,-1.798,-1.301,-0.399,-0.364,-0.138,-4.0,3.7649999999999997,6.190862285047093,
301,Tyler Rogers,NYN| SFN,RIGHT,RP,75.66666666666666,0,68,73,34,30,3,23,49,3,4,0,0,0,3.568,1.269,3,0,0.04,-1.327,-1.836,-0.492,-0.046,-0.301,-4.002,3.763,6.187573646383058,
302,Miguel Castro,CHA| BAL| NYN| NYA| ARI,RIGHT,RP,29.0,0,34,27,16,13,2,15,31,5,0,0,0,0,4.035,1.448,3,2,0.103,-0.855,-2.222,-0.492,-0.121,-0.323,-4.014,3.7509999999999994,6.167841814398843,
303,Aaron Ashby,MIL,LEFT,SP| RP,107.33333333333334,19,27,106,62,53,15,47,126,2,10,1,0,0,4.444,1.425,7,0,0.065,-1.562,-0.187,-0.399,-0.785,-1.098,-4.031,3.734,6.13988838575454,
304,Zach Davies,SDN| CHN| ARI,RIGHT,SP,134.33333333333334,27,27,122,66,61,21,52,102,2,5,0,0,0,4.087,1.295,7,5,0.052,-1.562,-0.701,-0.492,-0.615,-0.677,-4.047,3.718,6.113579276442255,
305,Tyler Kinley,ATL| COL,RIGHT,RP,24.000000000000004,0,25,21,5,2,0,6,27,1,1,0,0,0,0.750,1.125,5,0,0.208,-1.798,-2.308,-0.492,0.504,0.042,-4.052,3.713,6.105357679782166,
306,Zack Greinke,HOU| KCA,RIGHT,SP,137.0,26,26,157,65,56,14,27,73,4,9,0,0,0,3.679,1.343,6,2,0.044,-1.091,-1.322,-0.492,-0.199,-0.951,-4.056,3.7089999999999996,6.098780402454095,
307,Michael Rucker,CHN,RIGHT,RP,54.666666666666664,0,41,50,25,24,8,20,50,3,1,0,0,0,3.951,1.280,1,0,0.018,-1.327,-1.815,-0.492,-0.194,-0.243,-4.07,3.6949999999999994,6.075759931805845,
308,Beau Brieske,DET,RIGHT,SP,81.66666666666666,15,15,73,39,38,14,25,54,3,6,0,0,0,4.188,1.200,2,2,0.024,-1.327,-1.729,-0.492,-0.437,-0.101,-4.086,3.6789999999999994,6.04945082249356,
309,Jarlin Garcia,SFN,LEFT,RP,65.00000000000001,0,58,60,34,27,10,18,56,1,4,1,0,0,3.739,1.200,3,0,0.046,-1.798,-1.686,-0.399,-0.124,-0.08,-4.087,3.678,6.047806503161542,
310,Jose Quijada,ANA,LEFT,RP,40.666666666666664,0,42,25,19,18,5,21,52,0,5,3,0,0,3.984,1.131,1,1,0.025,-2.033,-1.772,-0.212,-0.154,0.061,-4.11,3.6549999999999994,6.009987158525131,
311,Tylor Megill,NYN,RIGHT,SP| RP,47.33333333333334,9,15,46,27,27,7,13,51,4,2,0,0,0,5.134,1.246,2,1,0.042,-1.091,-1.794,-0.492,-0.596,-0.146,-4.119,3.646,5.995188284536972,
312,Ian Kennedy,KCA| PHI| TEX| ARI,RIGHT,RP,50.33333333333332,0,57,57,33,30,11,22,44,4,7,10,0,0,5.364,1.569,4,1,0.079,-1.091,-1.944,0.442,-0.723,-0.804,-4.12,3.6449999999999996,5.993543965204954,
313,Dominic Leone,CLE| SFN| ANA| NYN| SEA| CHA,RIGHT,RP,49.333333333333336,0,55,55,24,22,6,24,52,4,5,3,0,0,4.013,1.601,2,2,0.041,-1.091,-1.772,-0.212,-0.198,-0.851,-4.124,3.641,5.986966687876883,
314,Anibal Sanchez,WAS,RIGHT,SP,69.33333333333334,14,14,55,34,33,13,33,48,4,6,0,0,0,4.284,1.269,9,0,0.13,-1.091,-1.858,-0.492,-0.422,-0.277,-4.14,3.625,5.960657578564598,
315,Joel Payamps,ATL| MIL| ARI| KCA| TOR| OAK,RIGHT,RP,55.666666666666664,0,41,60,24,20,7,16,41,3,6,0,0,0,3.233,1.365,3,1,0.054,-1.327,-2.008,-0.492,0.109,-0.436,-4.153,3.612,5.939281427248367,
316,Joey Wentz,ATL| MIN| PIT| DET,LEFT,SP,32.666666666666664,7,7,23,13,11,2,13,27,2,2,0,0,0,3.031,1.102,0,1,0.0,-1.562,-2.308,-0.492,0.115,0.087,-4.16,3.6049999999999995,5.927771191924241,
317,Vince Velasquez,PHI| SDN| CHA| PIT,RIGHT,SP| RP,75.33333333333333,9,27,68,42,40,11,25,69,3,3,0,0,0,4.779,1.234,3,1,0.04,-1.327,-1.408,-0.492,-0.744,-0.197,-4.168,3.5969999999999995,5.914616637268098,
318,Jonathan Hernandez,TEX| SEA,RIGHT,RP,30.333333333333336,0,29,26,14,10,2,17,27,2,3,4,0,0,2.967,1.418,0,2,0.0,-1.562,-2.308,-0.118,0.121,-0.301,-4.168,3.5969999999999995,5.914616637268098,
319,Jake Diekman,OAK| BOS| CHA| TBA| NYN,LEFT,RP,57.66666666666666,0,70,52,40,32,9,42,79,5,4,1,0,0,4.994,1.630,6,2,0.104,-0.855,-1.194,-0.399,-0.665,-1.061,-4.173,3.5919999999999996,5.906395040608009,
320,Zach Plesac,CLE| ANA,RIGHT,SP,131.66666666666666,24,25,136,74,63,19,38,100,3,12,0,0,0,4.306,1.321,1,2,0.008,-1.327,-0.744,-0.492,-0.824,-0.801,-4.188,3.577,5.881730250627743,
321,J. T. Chargois,SEA| TBA| MIA,RIGHT,SP| RP,22.333333333333332,3,21,16,7,6,3,5,17,2,0,0,0,0,2.418,0.940,1,0,0.045,-1.562,-2.522,-0.492,0.183,0.204,-4.189,3.5759999999999996,5.880085931295724,
322,Shawn Armstrong,TEX| BAL| TBA| MIA| CHN| SLN,RIGHT,SP| RP,61.666666666666664,3,50,66,32,30,7,17,66,2,3,2,0,0,4.378,1.346,4,1,0.065,-1.562,-1.472,-0.305,-0.42,-0.435,-4.195,3.5699999999999994,5.870220015303617,
323,Ryan Pepiot,TBA| LAN,RIGHT,SP,36.33333333333333,7,9,26,15,14,6,27,42,3,0,0,0,0,3.468,1.459,1,0,0.028,-1.327,-1.986,-0.492,0.006,-0.42,-4.219,3.5459999999999994,5.830756351335189,
324,Phil Maton,SLN| TEX| CLE| HOU| NYN| TBA,RIGHT,RP,65.66666666666667,0,67,58,34,28,10,24,73,0,2,0,0,0,3.838,1.249,2,1,0.03,-2.033,-1.322,-0.492,-0.175,-0.209,-4.232,3.5329999999999995,5.809380200018958,
325,Aaron Bummer,ATL| CHA,LEFT,RP,26.666666666666668,0,32,30,11,7,2,10,30,2,1,2,0,0,2.362,1.500,2,1,0.075,-1.562,-2.243,-0.305,0.23,-0.352,-4.233,3.532,5.807735880686941,
326,Dillon Peters,ANA| PIT,LEFT,SP| RP,39.33333333333333,4,22,35,20,20,5,17,26,5,2,0,0,0,4.576,1.322,1,1,0.025,-0.855,-2.329,-0.492,-0.328,-0.24,-4.244,3.521,5.789648368034745,
327,Luis Cessa,NYA| CIN,RIGHT,SP| RP,80.66666666666666,10,46,76,44,41,14,28,59,4,4,0,0,0,4.574,1.289,6,1,0.074,-1.091,-1.622,-0.492,-0.671,-0.387,-4.263,3.502,5.758406300726406,
328,Bryan Shaw,SEA| CLE| CHA,RIGHT,RP,58.333333333333336,2,60,58,38,35,9,26,52,6,2,1,0,0,5.400,1.440,2,0,0.034,-0.62,-1.772,-0.399,-0.854,-0.631,-4.275,3.4899999999999993,5.738674468742191,
329,Hunter Strickland,ANA| NYN| MIL| TBA| CIN,RIGHT,RP,62.33333333333334,0,66,61,37,34,8,33,60,3,3,7,0,0,4.909,1.508,14,0,0.225,-1.327,-1.601,0.162,-0.678,-0.843,-4.286,3.479,5.7205869560899965,
330,Ryne Nelson,ARI,RIGHT,SP,18.333333333333332,3,3,9,4,3,2,6,16,1,1,0,0,0,1.473,0.818,0,0,0.0,-1.798,-2.543,-0.492,0.283,0.257,-4.293,3.4719999999999995,5.709076720765871,
331,Matt Brash,SEA,RIGHT,SP| RP,50.66666666666666,5,39,46,25,25,3,33,62,4,4,0,0,0,4.441,1.559,0,3,0.0,-1.091,-1.558,-0.492,-0.369,-0.789,-4.299,3.4659999999999993,5.699210804773764,
332,Dane Dunning,ATL| TEX| CHA,RIGHT,SP,153.33333333333331,29,29,158,80,76,20,62,137,4,8,0,0,0,4.461,1.435,7,5,0.046,-1.091,0.049,-0.492,-1.142,-1.626,-4.301,3.4639999999999995,5.695922166109728,
333,Noe Ramirez,ANA| ARI,RIGHT,RP,49.99999999999999,0,55,45,32,29,9,26,51,5,4,0,0,0,5.220,1.420,6,4,0.12,-0.855,-1.794,-0.492,-0.663,-0.501,-4.305,3.46,5.689344888781658,
334,Cody Stashak,MIN,RIGHT,RP,16.333333333333332,0,11,16,7,7,1,0,15,3,0,0,0,0,3.857,0.980,0,0,0.0,-1.327,-2.565,-0.492,-0.046,0.123,-4.306,3.4589999999999996,5.68770056944964,
335,Tim Hill,NYA| SDN| CHA,LEFT,RP,48.00000000000001,0,55,45,20,19,1,14,25,3,0,0,0,0,3.562,1.229,1,0,0.021,-1.327,-2.351,-0.492,-0.027,-0.115,-4.311,3.4539999999999997,5.679478972789551,
336,Anthony Bender,MIA,RIGHT,RP,19.333333333333332,0,22,17,7,7,3,8,17,1,3,6,0,0,3.259,1.293,2,0,0.103,-1.798,-2.522,0.069,0.034,-0.096,-4.313,3.452,5.676190334125515,
337,MacKenzie Gore,WAS| SDN,LEFT,SP| RP,69.99999999999999,13,16,66,35,35,7,37,72,4,4,0,0,0,4.500,1.471,1,1,0.014,-1.091,-1.344,-0.492,-0.542,-0.844,-4.313,3.452,5.676190334125515,
338,Wade Miley,CIN| CHN| MIL,LEFT,SP,37.0,8,9,31,20,13,3,14,28,2,2,0,0,0,3.162,1.216,2,1,0.054,-1.562,-2.286,-0.492,0.093,-0.07,-4.318,3.447,5.667968737465427,
339,Kyle Hendricks,ANA| CHN,RIGHT,SP,84.33333333333333,16,16,85,45,45,15,24,66,4,6,0,0,0,4.802,1.292,9,2,0.107,-1.091,-1.472,-0.492,-0.849,-0.415,-4.319,3.4459999999999997,5.666324418133408,
340,Will Smith,ATL| HOU| TEX| KCA,LEFT,RP,58.99999999999999,0,65,58,35,26,9,25,65,0,3,5,0,0,3.966,1.407,4,2,0.068,-2.033,-1.494,-0.025,-0.216,-0.56,-4.327,3.4379999999999997,5.653169863477266,
341,Garrett Cleavinger,TBA| PHI| LAN,LEFT,RP,23.000000000000004,0,17,14,12,10,2,7,32,1,1,0,0,0,3.913,0.913,0,0,0.0,-1.798,-2.201,-0.492,-0.075,0.235,-4.33,3.4349999999999996,5.648236905481212,
342,Reyes Moronta,SFN| ARI| LAN| ANA,RIGHT,RP,37.666666666666664,0,39,30,20,18,5,18,38,2,2,2,0,0,4.301,1.274,3,0,0.08,-1.562,-2.072,-0.305,-0.234,-0.158,-4.332,3.433,5.644948266817177,
343,Yohan Ramirez,PIT| SEA| CLE| CHA| BAL| BOS| LAN| NYN,RIGHT,RP,37.33333333333333,0,30,32,19,19,4,20,32,4,1,1,0,0,4.580,1.393,1,0,0.027,-1.091,-2.201,-0.399,-0.312,-0.333,-4.336,3.4289999999999994,5.638370989489104,
344,Adbert Alzolay,CHN,RIGHT,RP,13.333333333333334,0,6,9,5,5,1,2,19,2,1,0,0,0,3.375,0.825,0,0,0.0,-1.562,-2.479,-0.492,0.012,0.183,-4.339,3.4259999999999993,5.633438031493051,
345,Matt Boyd,CHN| DET| SEA| CLE,LEFT,RP,13.333333333333332,0,10,5,2,2,0,8,13,2,0,0,0,0,1.350,0.975,1,0,0.075,-1.562,-2.608,-0.492,0.218,0.103,-4.34,3.425,5.631793712161034,
346,Andres Machado,WAS,RIGHT,RP,59.33333333333333,0,51,55,32,22,7,26,46,2,0,0,0,0,3.337,1.365,8,0,0.135,-1.562,-1.901,-0.492,0.069,-0.464,-4.35,3.415,5.615350518840856,
347,Genesis Cabrera,CHN| MIN| NYN| PIT| SLN| TOR,LEFT,RP,44.66666666666666,0,39,39,24,23,8,20,32,4,2,1,0,0,4.634,1.321,1,1,0.022,-1.091,-2.201,-0.399,-0.392,-0.271,-4.353,3.412,5.610417560844803,
348,Jordan Hicks,BOS| SFN| SLN| TOR,RIGHT,SP| RP,61.33333333333334,8,35,46,33,33,5,35,63,3,6,0,0,0,4.842,1.321,5,1,0.082,-1.327,-1.537,-0.492,-0.636,-0.371,-4.362,3.4029999999999996,5.595618686856642,
349,Scott Alexander,COL| SFN| LAN| OAK,LEFT,SP| RP,17.333333333333332,4,17,12,2,2,1,1,10,0,0,2,0,0,1.038,0.750,0,0,0.0,-2.033,-2.672,-0.305,0.325,0.29,-4.395,3.37,5.5413561489000545,
350,Taylor Hearn,TEX| ATL| KCA,LEFT,SP| RP,99.99999999999999,13,31,107,60,57,11,43,97,6,8,1,0,0,5.130,1.500,3,2,0.03,-0.62,-0.808,-0.399,-1.257,-1.32,-4.404,3.3609999999999998,5.526557274911894,
351,Jose Cisnero,DET| ANA,RIGHT,RP,25.0,0,28,15,4,3,0,19,23,1,0,0,0,0,1.080,1.360,0,0,0.0,-1.798,-2.393,-0.492,0.461,-0.19,-4.412,3.3529999999999998,5.513402720255751,
352,Connor Overton,PIT| TOR| CIN,RIGHT,SP,33.0,4,6,21,10,10,1,11,14,1,0,0,0,0,2.727,0.970,1,2,0.03,-1.798,-2.586,-0.492,0.193,0.262,-4.421,3.3439999999999994,5.4986038462675895,
353,Dakota Hudson,SLN| COL,RIGHT,SP,139.66666666666666,26,27,141,71,69,9,61,78,8,7,0,0,0,4.446,1.446,7,4,0.05,-0.148,-1.215,-0.492,-1.024,-1.545,-4.425,3.34,5.49202656893952,
354,Jonathan Loaisiga,NYA,RIGHT,RP,47.999999999999986,0,50,43,25,22,3,19,37,2,3,2,0,0,4.125,1.292,3,0,0.063,-1.562,-2.094,-0.305,-0.234,-0.235,-4.43,3.335,5.48380497227943,
355,Josh Winder,MIN,RIGHT,SP| RP,66.99999999999999,11,15,69,37,35,11,18,47,4,6,0,0,0,4.702,1.298,10,2,0.149,-1.091,-1.879,-0.492,-0.622,-0.346,-4.431,3.3339999999999996,5.482160652947412,
356,Jose Cuas,KCA| CHN| TOR,RIGHT,RP,37.66666666666668,0,47,39,18,15,2,24,34,4,2,1,0,0,3.584,1.673,3,1,0.08,-1.091,-2.158,-0.399,-0.027,-0.757,-4.431,3.3339999999999996,5.482160652947412,
357,Manny Banuelos,NYA| PIT,LEFT,RP,41.0,0,35,32,23,20,2,21,42,2,1,1,0,0,4.390,1.293,5,1,0.122,-1.562,-1.986,-0.399,-0.283,-0.202,-4.433,3.332,5.478872014283377,
358,Amir Garrett,CIN| KCA| ANA,LEFT,RP,45.33333333333333,0,60,28,26,25,0,32,49,3,1,0,0,0,4.963,1.323,6,0,0.132,-1.327,-1.836,-0.492,-0.512,-0.279,-4.446,3.319,5.4574958629671455,
359,Trevor Megill,MIL| CHN| MIN,RIGHT,RP,45.00000000000001,0,39,50,29,24,4,17,49,4,3,0,0,0,4.800,1.489,6,3,0.133,-1.091,-1.836,-0.492,-0.452,-0.574,-4.446,3.319,5.4574958629671455,
360,Kirk McCarty,CLE,LEFT,RP,37.666666666666664,2,13,37,23,19,11,13,26,4,3,0,0,0,4.540,1.327,0,2,0.0,-1.091,-2.329,-0.492,-0.303,-0.238,-4.453,3.3119999999999994,5.44598562764302,
361,Kyle Bradish,BAL,RIGHT,SP,117.66666666666669,23,23,119,68,64,17,46,111,4,7,0,0,0,4.895,1.402,1,0,0.008,-1.091,-0.508,-0.492,-1.268,-1.095,-4.454,3.311,5.444341308311003,
362,Joely Rodriguez,TEX| NYA| NYN| BOS,LEFT,RP,50.33333333333333,0,55,42,28,25,3,26,57,2,4,0,0,0,4.470,1.351,3,0,0.06,-1.562,-1.665,-0.492,-0.378,-0.365,-4.463,3.3019999999999996,5.429542434322841,
363,Luis Perdomo,SDN| MIL,RIGHT,RP,23.666666666666668,0,14,24,10,10,4,3,12,3,0,0,0,0,3.803,1.141,2,0,0.085,-1.327,-2.629,-0.492,-0.057,0.027,-4.478,3.287,5.404877644342575,
364,Anthony Gose,CLE,LEFT,RP,21.0,0,22,15,13,11,4,14,28,3,0,0,0,0,4.714,1.381,0,0,0.0,-1.327,-2.286,-0.492,-0.197,-0.178,-4.48,3.2849999999999993,5.401589005678538,
365,Jimmy Lambert,CHA,RIGHT,RP,47.00000000000001,2,42,40,18,17,4,24,45,1,2,0,0,0,3.255,1.362,8,1,0.17,-1.798,-1.922,-0.492,0.084,-0.361,-4.489,3.276,5.386790131690379,
366,Manuel Rodriguez,TBA| CHN,RIGHT,RP,13.666666666666666,0,14,10,6,5,1,9,8,2,0,4,0,0,3.293,1.390,0,0,0.0,-1.562,-2.715,-0.118,0.021,-0.121,-4.495,3.2699999999999996,5.3769242156982715,
367,Jake Cousins,MIL| NYA,RIGHT,RP,13.333333333333334,0,12,10,4,4,1,8,21,2,1,0,0,0,2.700,1.350,1,0,0.075,-1.562,-2.436,-0.492,0.081,-0.096,-4.506,3.2589999999999995,5.358836703046075,
368,Austin Pruitt,HOU| MIA| OAK| TEX,RIGHT,RP,55.333333333333336,1,39,48,29,26,11,9,38,0,1,1,0,0,4.229,1.030,3,2,0.054,-2.033,-2.072,-0.399,-0.314,0.307,-4.511,3.2539999999999996,5.350615106385987,
369,Wily Peralta,DET,RIGHT,RP,38.333333333333336,1,28,34,12,11,2,24,32,2,0,0,0,0,2.583,1.513,2,0,0.052,-1.562,-2.201,-0.492,0.266,-0.526,-4.515,3.25,5.344037829057916,
370,Daniel Norris,DET| MIL| CHN| CLE,LEFT,SP| RP,58.666666666666664,3,41,45,39,34,11,29,66,2,4,0,0,0,5.216,1.261,0,1,0.0,-1.562,-1.472,-0.492,-0.776,-0.216,-4.519,3.2459999999999996,5.337460551729843,
371,Jeff Hoffman,TOR| COL| CIN| PHI,RIGHT,RP,44.66666666666666,1,35,40,22,19,5,23,45,2,0,0,0,0,3.828,1.410,5,4,0.112,-1.562,-1.922,-0.492,-0.116,-0.43,-4.523,3.242,5.330883274401773,
372,Albert Abreu,NYA| KCA| TEX,RIGHT,RP,38.666666666666664,0,33,35,15,14,5,22,38,2,2,0,0,0,3.259,1.474,1,2,0.026,-1.562,-2.072,-0.492,0.068,-0.471,-4.529,3.2359999999999998,5.321017358409666,
373,Trevor Richards,ARI| KCA| TBA| MIL| TOR| MIN,RIGHT,SP| RP,64.0,4,62,57,41,38,9,35,82,3,2,0,0,0,5.344,1.438,5,3,0.078,-1.327,-1.13,-0.492,-0.909,-0.685,-4.543,3.2219999999999995,5.297996887761416,
374,Dustin May,BOS| LAN,RIGHT,SP,30.0,6,6,21,17,15,3,14,29,2,3,0,0,0,4.500,1.167,5,0,0.167,-1.562,-2.265,-0.492,-0.232,0.003,-4.549,3.2159999999999993,5.288130971769308,
375,Garrett Hill,DET,RIGHT,SP| RP,60.333333333333336,8,17,53,29,27,8,29,40,3,3,0,0,0,4.028,1.359,4,1,0.066,-1.327,-2.029,-0.492,-0.249,-0.458,-4.554,3.2109999999999994,5.27990937510922,
376,Sam Long,KCA| SFN| OAK,LEFT,SP| RP,42.33333333333333,6,28,39,23,17,8,14,33,1,3,1,0,0,3.614,1.252,1,0,0.024,-1.798,-2.179,-0.399,-0.041,-0.14,-4.556,3.2089999999999996,5.276620736445184,
377,Greg Weissert,BOS| NYA,RIGHT,RP,11.333333333333334,0,12,6,7,7,1,5,11,3,0,0,0,0,5.559,0.971,2,0,0.176,-1.327,-2.651,-0.492,-0.18,0.09,-4.559,3.2059999999999995,5.271687778449131,
378,Kevin Ginkel,ARI,RIGHT,RP,29.33333333333333,0,30,27,14,11,1,11,30,1,1,1,0,0,3.375,1.296,1,0,0.034,-1.798,-2.243,-0.399,0.026,-0.148,-4.562,3.2029999999999994,5.266754820453077,
379,Jandel Gustave,MIL,RIGHT,RP,28.0,0,27,25,13,12,4,11,27,2,0,0,0,0,3.857,1.286,0,1,0.0,-1.562,-2.308,-0.492,-0.079,-0.13,-4.571,3.194,5.251955946464918,
380,JT Brubaker,NYA| SFN| PIT,RIGHT,SP,144.0,28,28,157,85,75,17,54,147,3,12,0,0,0,4.688,1.465,5,3,0.035,-1.327,0.263,-0.492,-1.322,-1.702,-4.58,3.1849999999999996,5.237157072476757,
381,Chris Archer,TBA| MIN,RIGHT,SP,102.66666666666666,25,25,87,56,52,12,48,84,2,8,0,0,0,4.558,1.315,3,1,0.029,-1.562,-1.087,-0.492,-0.841,-0.598,-4.58,3.1849999999999996,5.237157072476757,
382,Bryan Garcia,DET,RIGHT,SP,20.333333333333332,4,4,14,8,8,3,10,17,2,0,0,0,0,3.541,1.180,0,1,0.0,-1.562,-2.522,-0.492,-0.008,-0.009,-4.593,3.1719999999999997,5.215780921160525,
383,Tommy Nance,TOR| CHN| MIA,RIGHT,RP,43.66666666666667,2,35,45,22,21,5,21,57,2,3,0,0,0,4.328,1.512,8,0,0.183,-1.562,-1.665,-0.492,-0.281,-0.596,-4.596,3.1689999999999996,5.210847963164472,
384,Stephen Nogosek,NYN,RIGHT,RP,22.0,0,12,20,10,6,4,7,21,1,1,0,0,0,2.454,1.227,1,0,0.045,-1.798,-2.436,-0.492,0.174,-0.051,-4.603,3.162,5.199337727840347,
385,Huascar Brazoban,NYN| MIA,RIGHT,RP,31.999999999999996,0,27,26,13,11,3,21,40,1,1,0,0,0,3.094,1.469,2,2,0.063,-1.798,-2.029,-0.492,0.097,-0.383,-4.605,3.1599999999999993,5.19604908917631,
386,Dennis Santana,PIT| LAN| TEX| NYN| NYA,RIGHT,RP,58.666666666666686,1,63,50,39,34,2,28,54,3,8,1,0,0,5.216,1.329,3,0,0.051,-1.327,-1.729,-0.399,-0.776,-0.376,-4.606,3.159,5.194404769844294,
387,Matt Barnes,BOS| MIA| WAS,RIGHT,RP,39.66666666666667,0,44,36,22,19,2,21,34,0,4,8,0,0,4.311,1.437,5,0,0.126,-2.033,-2.158,0.255,-0.25,-0.424,-4.61,3.1549999999999994,5.187827492516222,
388,Mason Thompson,WAS| SDN,RIGHT,RP,24.666666666666668,0,24,19,8,8,2,9,15,1,1,1,0,0,2.919,1.135,1,0,0.041,-1.798,-2.565,-0.399,0.108,0.033,-4.62,3.1449999999999996,5.171384299196044,
389,Javier Assad,CHN,RIGHT,SP,37.666666666666664,8,9,35,14,13,4,20,30,2,2,0,0,0,3.106,1.460,5,2,0.133,-1.562,-2.243,-0.492,0.11,-0.437,-4.625,3.1399999999999997,5.1631627025359546,
390,Lucas Gilbreath,COL,LEFT,RP,43.00000000000001,0,47,37,22,20,2,26,49,2,0,0,0,0,4.186,1.465,4,2,0.093,-1.562,-1.836,-0.492,-0.23,-0.508,-4.628,3.1369999999999996,5.158229744539901,
391,Darren O'Day,ATL| NYA,RIGHT,RP,21.666666666666664,0,28,19,12,10,3,10,26,2,2,0,0,0,4.154,1.339,4,0,0.185,-1.562,-2.329,-0.492,-0.11,-0.146,-4.64,3.125,5.138497912555688,
392,Davis Martin,CHA,RIGHT,SP| RP,63.33333333333332,9,14,63,36,34,8,19,48,3,6,0,0,0,4.832,1.295,4,0,0.063,-1.327,-1.858,-0.492,-0.651,-0.318,-4.645,3.12,5.130276315895599,
393,Aaron Loup,TBA| NYN| ANA,LEFT,RP,58.66666666666667,0,65,54,38,25,4,22,52,0,5,1,0,0,3.835,1.296,5,2,0.085,-2.033,-1.772,-0.399,-0.156,-0.296,-4.656,3.109,5.112188803243403,
394,Brett Martin,TEX,LEFT,RP,49.999999999999986,1,55,50,27,23,4,18,40,1,7,3,0,0,4.140,1.360,3,0,0.06,-1.798,-2.029,-0.212,-0.249,-0.381,-4.669,3.096,5.0908126519271715,
395,Luke Bard,ANA| NYA| TBA,RIGHT,RP,15.0,0,9,7,3,3,0,7,8,1,1,0,0,0,1.800,0.933,9,1,0.6,-1.798,-2.715,-0.492,0.194,0.141,-4.669,3.096,5.0908126519271715,
396,Ryan Yarbrough,NYA| TBA| KCA| LAN| TOR,LEFT,SP| RP,80.0,9,20,88,44,40,12,22,61,3,8,0,0,0,4.500,1.375,6,3,0.075,-1.327,-1.579,-0.492,-0.62,-0.657,-4.675,3.09,5.080946735935064,
397,Ken Waldichuk,OAK,LEFT,SP,34.66666666666667,7,7,32,19,19,5,10,33,2,2,0,0,0,4.933,1.212,2,0,0.058,-1.562,-2.179,-0.492,-0.383,-0.059,-4.676,3.0889999999999995,5.079302416603046,
398,Cody Morris,CLE,RIGHT,SP,23.666666666666664,5,7,21,8,6,3,12,23,1,2,0,0,0,2.282,1.394,5,2,0.211,-1.798,-2.393,-0.492,0.219,-0.213,-4.677,3.088,5.077658097271029,
399,Zack Littell,CIN| TBA| MIN| SFN| BOS,RIGHT,RP,44.33333333333333,0,39,48,25,25,8,13,39,3,3,1,0,0,5.075,1.376,0,0,0.0,-1.327,-2.051,-0.399,-0.539,-0.366,-4.68,3.085,5.072725139274976,
400,Caleb Smith,ARI| MIA,LEFT,RP,70.0,1,44,57,35,32,14,39,65,1,3,0,0,0,4.114,1.371,1,2,0.014,-1.798,-1.494,-0.492,-0.335,-0.565,-4.684,3.0809999999999995,5.066147861946903,
401,Tommy Kahnle,DET| NYA| LAN,RIGHT,RP,12.666666666666668,0,13,5,4,4,2,3,14,0,0,1,0,0,2.842,0.632,0,0,0.0,-2.033,-2.586,-0.399,0.063,0.272,-4.684,3.0809999999999995,5.066147861946903,
402,Angel Zerpa,KCA,LEFT,P,11.0,2,3,9,3,2,2,3,3,2,1,0,0,0,1.636,1.091,0,0,0.0,-1.562,-2.822,-0.492,0.156,0.034,-4.686,3.0789999999999997,5.062859223282868,
403,Adrian Houser,CHA| TBA| MIL| NYN,RIGHT,SP,102.66666666666666,21,22,103,66,54,8,47,69,6,10,0,0,0,4.734,1.461,7,2,0.068,-0.62,-1.408,-0.492,-0.979,-1.196,-4.695,3.0699999999999994,5.048060349294707,
404,Chad Green,TOR| NYA,RIGHT,RP,14.999999999999998,0,14,13,6,5,1,5,16,1,1,1,0,0,3.000,1.200,0,0,0.0,-1.798,-2.543,-0.399,0.056,-0.019,-4.702,3.0629999999999997,5.036550113970583,
405,Kyle Crick,PIT| CHA,RIGHT,RP,15.666666666666668,0,14,10,7,7,0,11,19,2,0,0,0,0,4.021,1.340,0,2,0.0,-1.562,-2.479,-0.492,-0.064,-0.107,-4.704,3.061,5.033261475306547,
406,Nick Nelson,NYA| PHI,RIGHT,RP,68.66666666666666,2,47,66,38,37,1,36,69,3,2,1,0,0,4.849,1.485,4,2,0.058,-1.327,-1.408,-0.399,-0.716,-0.867,-4.716,3.0489999999999995,5.013529643322333,
407,Tyler Danish,BOS,RIGHT,RP,40.33333333333333,0,32,40,24,23,7,12,32,3,1,0,0,0,5.132,1.289,2,0,0.05,-1.327,-2.201,-0.492,-0.508,-0.193,-4.72,3.045,5.0069523659942625,
408,Eduard Bazardo,SEA| BOS| BAL,RIGHT,RP,16.333333333333336,0,12,12,5,5,4,4,11,1,0,0,0,0,2.755,0.980,1,1,0.061,-1.798,-2.651,-0.492,0.092,0.123,-4.725,3.04,4.998730769334173,
409,Jesus Tinoco,MIA| COL| TEX| CHN,RIGHT,RP,20.666666666666664,2,17,12,5,5,2,10,18,0,0,0,0,0,2.177,1.065,2,0,0.097,-2.033,-2.501,-0.492,0.208,0.086,-4.732,3.0329999999999995,4.9872205340100475,
410,Richard Bleier,BAL| MIA| BOS,LEFT,RP,50.666666666666664,1,55,63,22,20,3,10,32,2,2,1,0,0,3.553,1.441,3,1,0.059,-1.562,-2.201,-0.399,-0.025,-0.549,-4.735,3.0299999999999994,4.982287576013994,
411,Tyler Duffey,MIN| CHN| KCA,RIGHT,RP,44.0,0,40,45,24,24,8,15,39,2,4,2,0,0,4.909,1.364,1,1,0.023,-1.562,-2.051,-0.305,-0.479,-0.342,-4.738,3.0269999999999992,4.977354618017941,
412,Fernando Cruz,NYA| CIN,RIGHT,RP,14.666666666666666,2,14,9,3,2,1,9,21,0,1,0,0,0,1.227,1.227,2,0,0.136,-2.033,-2.436,-0.492,0.254,-0.034,-4.742,3.0229999999999997,4.97077734068987,
413,Madison Bumgarner,ARI,LEFT,SP,158.66666666666666,30,30,179,97,86,25,49,112,7,15,0,0,0,4.878,1.437,15,5,0.095,-0.384,-0.487,-0.492,-1.689,-1.696,-4.747,3.018,4.962555744029781,
414,Tyler Cyr,OAK| PHI| LAN,RIGHT,RP,13.333333333333334,0,12,11,4,4,2,5,16,1,0,0,0,0,2.700,1.200,1,0,0.075,-1.798,-2.543,-0.492,0.081,-0.016,-4.769,2.9959999999999996,4.9263807187253885,
415,Trevor May,MIN| NYN| OAK,RIGHT,RP,24.999999999999996,0,26,27,14,14,4,9,30,2,0,1,0,0,5.040,1.440,2,0,0.08,-1.562,-2.243,-0.399,-0.297,-0.27,-4.772,2.9929999999999994,4.921447760729335,
416,Tyler Alexander,CHA| MIL| DET| TBA,LEFT,SP| RP,101.0,17,27,108,58,54,18,25,61,4,11,0,0,0,4.812,1.317,7,3,0.069,-1.091,-1.579,-0.492,-1.024,-0.596,-4.781,2.984,4.906648886741175,
417,Matt Foster,CHA,RIGHT,RP,45.0,0,48,43,25,22,6,17,42,1,2,1,0,0,4.400,1.333,3,0,0.067,-1.798,-1.986,-0.399,-0.314,-0.295,-4.792,2.973,4.8885613740889795,
418,Tommy Hunter,PHI| NYN,RIGHT,RP,22.33333333333333,0,18,21,8,6,4,6,22,0,1,0,0,0,2.418,1.209,2,0,0.09,-2.033,-2.415,-0.492,0.183,-0.036,-4.793,2.9719999999999995,4.886917054756961,
419,Matt Gage,DET| SFN| TOR| HOU,LEFT,RP,13.000000000000002,0,11,6,4,2,1,6,12,0,1,0,0,0,1.385,0.923,0,0,0.0,-2.033,-2.629,-0.492,0.21,0.128,-4.817,2.9479999999999995,4.847453390788533,
420,Ryan Weber,BOS| MIL| SEA| NYA,RIGHT,RP,10.666666666666666,0,5,6,1,1,1,1,3,0,0,1,0,0,0.844,0.656,0,1,0.0,-2.033,-2.822,-0.399,0.216,0.218,-4.82,2.9449999999999994,4.84252043279248,
421,Jose Ruiz,ATL| PHI| CHA| ARI,RIGHT,RP,60.66666666666666,0,63,53,32,31,9,33,68,1,0,0,0,0,4.599,1.418,9,1,0.148,-1.798,-1.429,-0.492,-0.516,-0.602,-4.837,2.928,4.814567004148177,
422,Oliver Ortega,ANA| MIN,RIGHT,RP,34.00000000000001,0,27,32,18,14,5,18,33,1,3,1,0,0,3.706,1.471,4,2,0.118,-1.798,-2.179,-0.399,-0.056,-0.409,-4.841,2.9239999999999995,4.8079897268201055,
423,Alex Young,ARI| CLE| SFN| CIN| NYN,LEFT,RP,26.666666666666668,1,25,29,11,7,0,11,21,1,1,0,0,0,2.362,1.500,1,0,0.037,-1.798,-2.436,-0.492,0.23,-0.352,-4.848,2.917,4.796479491495981,
424,Louie Varland,MIN| TOR,RIGHT,SP,26.0,5,5,26,11,11,4,6,21,1,2,0,0,0,3.808,1.231,0,0,0.0,-1.798,-2.436,-0.492,-0.063,-0.064,-4.854,2.9109999999999996,4.786613575503874,
425,Jeff Brigham,ARI| MIA| NYN,RIGHT,RP,23.999999999999996,0,16,22,10,9,3,10,28,0,1,1,0,0,3.375,1.333,5,1,0.208,-2.033,-2.286,-0.399,0.021,-0.157,-4.855,2.9099999999999993,4.7849692561718555,
426,Erich Uelmen,CHN| PHI,RIGHT,RP,27.000000000000004,0,25,25,15,14,3,12,21,2,1,1,0,0,4.667,1.370,2,0,0.074,-1.562,-2.436,-0.399,-0.244,-0.217,-4.857,2.9079999999999995,4.781680617507821,
427,Victor Arano,WAS,RIGHT,RP,42.0,0,43,47,30,21,5,12,44,1,1,1,0,0,4.500,1.405,5,2,0.119,-1.798,-1.944,-0.399,-0.325,-0.395,-4.86,2.9049999999999994,4.776747659511766,
428,Justin Bruihl,TOR| LAN| COL| PIT,LEFT,RP,23.666666666666668,0,24,22,11,10,4,6,13,1,1,1,0,0,3.803,1.183,1,1,0.042,-1.798,-2.608,-0.399,-0.057,-0.013,-4.874,2.891,4.753727188863518,
429,Gabe Speier,SEA| KCA,LEFT,RP,19.333333333333336,1,17,16,5,5,2,5,14,0,1,0,0,0,2.328,1.086,1,0,0.052,-2.033,-2.586,-0.492,0.172,0.064,-4.876,2.8889999999999993,4.7504385501994815,
430,Chris Paddack,DET| MIN| SDN,RIGHT,SP,22.333333333333332,5,5,25,10,10,0,2,20,1,2,0,0,0,4.030,1.209,1,0,0.045,-1.798,-2.458,-0.492,-0.093,-0.036,-4.876,2.8889999999999993,4.7504385501994815,
431,Graham Ashcraft,CIN,RIGHT,SP,105.0,19,19,119,61,57,11,30,71,5,6,0,0,0,4.886,1.419,6,1,0.057,-0.855,-1.365,-0.492,-1.124,-1.047,-4.883,2.8819999999999997,4.738928314875357,
432,Sean Poppen,MIN| ARI| PIT| TBA,RIGHT,RP,28.666666666666664,0,29,27,15,14,5,12,22,2,2,0,0,0,4.395,1.361,1,1,0.035,-1.562,-2.415,-0.492,-0.199,-0.219,-4.887,2.878,4.732351037547287,
433,Spenser Watkins,BAL| OAK,RIGHT,SP| RP,105.33333333333333,20,23,119,59,55,11,30,63,5,6,0,0,0,4.699,1.415,2,3,0.019,-0.855,-1.537,-0.492,-0.977,-1.032,-4.892,2.8729999999999993,4.7241294408871966,
434,Duane Underwood,CHN| PIT,RIGHT,RP,57.33333333333333,1,51,58,35,28,1,25,57,1,6,1,0,0,4.395,1.448,4,2,0.07,-1.798,-1.665,-0.399,-0.398,-0.637,-4.897,2.8679999999999994,4.715907844227107,
435,Anthony Misiewicz,MIN| SEA| KCA| ARI| DET| NYA,LEFT,RP,29.0,0,32,27,15,14,4,10,27,1,2,0,0,0,4.345,1.276,0,0,0.0,-1.798,-2.308,-0.492,-0.19,-0.124,-4.911,2.854,4.692887373578859,
436,Hirokazu Sawamura,BOS,RIGHT,RP,50.666666666666664,0,49,45,23,21,4,27,40,1,1,0,0,0,3.730,1.421,1,1,0.02,-1.798,-2.029,-0.492,-0.094,-0.509,-4.922,2.843,4.6747998609266626,
437,Ian Gibaut,CIN| TEX| MIN| CLE,RIGHT,RP,36.0,0,34,39,18,18,3,18,48,1,2,1,0,0,4.500,1.583,2,1,0.056,-1.798,-1.858,-0.399,-0.279,-0.595,-4.928,2.8369999999999997,4.664933944934556,
438,Jason Foley,DET,RIGHT,RP,60.33333333333334,0,60,72,27,26,2,11,43,1,0,0,0,0,3.878,1.376,5,3,0.083,-1.798,-1.965,-0.492,-0.18,-0.497,-4.932,2.8329999999999993,4.658356667606483,
439,Justin Lawrence,PIT| COL,RIGHT,RP,42.666666666666664,0,38,44,27,27,3,22,48,3,1,1,0,0,5.695,1.547,3,1,0.07,-1.327,-1.858,-0.399,-0.721,-0.643,-4.947,2.8179999999999996,4.633691877626217,
440,Zack Weiss,ANA| BOS,RIGHT,RP,13.333333333333334,0,12,7,6,5,2,7,18,0,1,0,0,0,3.375,1.050,2,0,0.15,-2.033,-2.501,-0.492,0.012,0.063,-4.951,2.814,4.627114600298146,
441,Konnor Pilkington,WAS| CLE,LEFT,SP| RP,57.99999999999999,11,15,53,30,25,6,32,50,1,2,0,0,0,3.879,1.466,0,3,0.0,-1.798,-1.815,-0.492,-0.173,-0.686,-4.964,2.8009999999999993,4.6057384489819135,
442,Trent Thornton,SEA| TOR,RIGHT,RP,46.0,0,32,40,21,21,7,17,37,0,2,0,0,0,4.109,1.239,3,0,0.065,-2.033,-2.094,-0.492,-0.218,-0.129,-4.966,2.7989999999999995,4.602449810317878,
443,Yerry De Los Santos,NYA| PIT,RIGHT,RP,25.66666666666667,0,26,22,18,14,3,11,26,0,3,3,0,0,4.909,1.286,4,1,0.156,-2.033,-2.329,-0.212,-0.279,-0.119,-4.973,2.792,4.590939574993754,
444,Derek Law,MIN| CIN| DET| WAS,RIGHT,RP,19.666666666666668,0,17,23,13,9,3,8,17,2,3,0,0,0,4.119,1.576,1,0,0.051,-1.562,-2.522,-0.492,-0.095,-0.319,-4.99,2.7749999999999995,4.56298614634945,
445,Robert Stephenson,ANA| CIN| COL| PIT| TBA,RIGHT,RP,58.0,0,58,63,39,35,10,14,55,2,2,0,0,0,5.431,1.328,5,3,0.086,-1.562,-1.708,-0.492,-0.863,-0.367,-4.992,2.7729999999999997,4.559697507685415,
446,Ronny Henriquez,MIA| MIN,RIGHT,RP,11.666666666666668,0,3,8,4,3,1,3,9,0,1,0,0,0,2.314,0.943,2,0,0.171,-2.033,-2.693,-0.492,0.105,0.105,-5.009,2.7559999999999993,4.531744079041111,
447,Kutter Crawford,BOS,RIGHT,SP| RP,77.33333333333333,12,21,81,49,47,12,29,77,3,6,0,0,0,5.470,1.422,5,4,0.065,-1.327,-1.237,-0.492,-1.174,-0.782,-5.01,2.755,4.530099759709095,
448,Touki Toussaint,ANA| ATL| CHA| CLE,RIGHT,RP,25.333333333333332,2,8,15,13,13,2,19,26,1,1,0,0,0,4.618,1.342,2,1,0.079,-1.798,-2.329,-0.492,-0.219,-0.175,-5.013,2.752,4.52516680171304,
449,Craig Stammen,SDN,RIGHT,RP,40.66666666666667,1,33,45,22,20,9,10,35,1,2,0,0,0,4.426,1.353,5,1,0.123,-1.798,-2.136,-0.492,-0.292,-0.298,-5.016,2.7489999999999997,4.520233843716987,
450,Logan Gillaspie,SDN| BAL,RIGHT,RP,17.333333333333332,0,17,20,8,6,1,3,10,1,0,0,0,0,3.115,1.327,0,0,0.0,-1.798,-2.672,-0.492,0.05,-0.109,-5.021,2.7439999999999998,4.512012247056898,
451,Phoenix Sanders,TBA,RIGHT,RP,14.666666666666666,0,8,12,5,5,0,3,12,0,0,0,0,0,3.068,1.023,0,0,0.0,-2.033,-2.629,-0.492,0.047,0.086,-5.022,2.7429999999999994,4.51036792772488,
452,Shane Baz,TBA,RIGHT,SP,27.0,6,6,27,15,15,5,9,30,1,2,0,0,0,5.000,1.333,1,0,0.037,-1.798,-2.243,-0.492,-0.313,-0.177,-5.023,2.742,4.508723608392863,
453,Jake Bird,COL| NYA,RIGHT,RP,47.666666666666664,0,38,45,29,26,7,23,42,2,4,0,0,0,4.909,1.427,4,0,0.084,-1.562,-1.986,-0.492,-0.519,-0.49,-5.049,2.7159999999999993,4.465971305760399,
454,Dauri Moreta,PIT| CIN,RIGHT,RP,38.333333333333336,1,35,32,24,23,10,13,39,0,2,1,0,0,5.400,1.174,0,0,0.0,-2.033,-2.051,-0.399,-0.561,-0.008,-5.051,2.7139999999999995,4.462682667096363,
455,Jacob Barnes,TOR| ANA| NYN| DET| NYA| SLN| WAS,RIGHT,RP,22.333333333333336,0,23,23,14,14,3,9,12,3,1,0,0,0,5.642,1.433,1,0,0.045,-1.327,-2.629,-0.492,-0.368,-0.235,-5.051,2.7139999999999995,4.462682667096363,
456,Keynan Middleton,ANA| SEA| ARI| CHA| NYA,RIGHT,RP,17.0,0,18,16,13,10,5,3,15,1,2,0,0,0,5.294,1.118,3,0,0.176,-1.798,-2.565,-0.492,-0.235,0.035,-5.055,2.71,4.456105389768292,
457,Jose Alvarez,PHI| SFN,LEFT,RP,15.333333333333334,0,21,17,10,9,3,9,15,2,1,1,0,0,5.283,1.696,0,0,0.0,-1.562,-2.565,-0.399,-0.211,-0.322,-5.058,2.707,4.451172431772239,
458,Angel De Jesus,DET,RIGHT,RP,12.666666666666664,0,8,9,3,3,2,4,7,0,0,0,0,0,2.132,1.026,0,0,0.0,-2.033,-2.736,-0.492,0.132,0.072,-5.058,2.707,4.451172431772239,
459,Ralph Garza,HOU| MIN| TBA,RIGHT,RP,35.0,0,19,38,14,13,4,16,17,2,2,0,0,0,3.343,1.543,0,0,0.0,-1.562,-2.522,-0.492,0.039,-0.522,-5.059,2.7059999999999995,4.449528112440221,
460,Zack Kelly,BOS,RIGHT,RP,13.666666666666668,0,13,14,6,6,2,4,11,1,0,0,0,0,3.951,1.317,1,1,0.073,-1.798,-2.651,-0.492,-0.048,-0.081,-5.069,2.6959999999999997,4.433084919120043,
461,Andre Jackson,LAN| PIT,RIGHT,RP,9.666666666666666,0,4,9,3,2,0,4,9,0,0,1,0,0,1.862,1.345,0,0,0.0,-2.033,-2.693,-0.399,0.12,-0.068,-5.073,2.6919999999999993,4.426507641791971,
462,Jhonathan Diaz,SEA| ANA,LEFT,SP,15.333333333333334,3,4,13,5,5,1,10,11,1,1,0,0,0,2.935,1.500,1,0,0.065,-1.798,-2.651,-0.492,0.065,-0.202,-5.078,2.6869999999999994,4.4182860451318815,
463,Jack Flaherty,DET| SLN| BAL| LAN,RIGHT,SP,36.0,8,9,36,18,17,4,22,33,2,1,0,0,0,4.250,1.611,1,0,0.028,-1.562,-2.179,-0.492,-0.21,-0.635,-5.078,2.6869999999999994,4.4182860451318815,
464,Cristopher Sanchez,PHI,LEFT,SP| RP,40.0,3,15,38,25,25,5,17,35,2,2,1,0,0,5.625,1.375,1,1,0.025,-1.562,-2.136,-0.399,-0.655,-0.329,-5.08,2.6849999999999996,4.4149974064678466,
465,Jordan Weems,HOU| OAK| ARI| WAS,RIGHT,RP,39.666666666666664,0,32,35,24,23,7,12,41,0,1,0,0,0,5.218,1.185,0,0,0.0,-2.033,-2.008,-0.492,-0.526,-0.025,-5.084,2.681,4.408420129139776,
466,Danny Coulombe,MIN| TEX| BAL,LEFT,RP,12.333333333333334,0,10,7,3,2,0,9,9,0,0,0,0,0,1.460,1.297,3,0,0.243,-2.033,-2.693,-0.492,0.192,-0.063,-5.09,2.675,4.398554213147669,
467,J. B. Wendelken,OAK| ARI,RIGHT,RP,29.000000000000004,0,29,25,18,17,4,14,21,2,1,0,0,0,5.276,1.345,2,2,0.069,-1.562,-2.436,-0.492,-0.397,-0.203,-5.091,2.6739999999999995,4.396909893815651,
468,Cody Poteet,BAL| MIA| NYA,RIGHT,RP,28.000000000000004,2,12,23,12,12,4,11,21,0,1,0,0,0,3.857,1.214,1,2,0.036,-2.033,-2.436,-0.492,-0.079,-0.051,-5.091,2.6739999999999995,4.396909893815651,
469,Matt Swarmer,CHN,RIGHT,SP| RP,33.99999999999999,5,11,33,26,19,12,20,36,2,3,0,0,0,5.029,1.559,3,1,0.088,-1.562,-2.115,-0.492,-0.401,-0.529,-5.099,2.6659999999999995,4.383755339159507,
470,Kodi Whitley,SLN,RIGHT,RP,12.666666666666666,0,14,11,8,8,2,9,12,2,0,0,0,0,5.684,1.579,0,0,0.0,-1.562,-2.629,-0.492,-0.213,-0.207,-5.103,2.662,4.3771780618314375,
471,Pierce Johnson,ATL| SDN| COL,RIGHT,RP,14.333333333333332,0,15,14,8,8,1,8,21,1,2,0,0,0,5.023,1.535,2,0,0.14,-1.798,-2.436,-0.492,-0.168,-0.209,-5.104,2.6609999999999996,4.375533742499419,
472,Justus Sheffield,SEA,LEFT,RP,11.666666666666666,1,6,9,5,5,1,6,7,1,0,0,0,0,3.857,1.286,0,0,0.0,-1.798,-2.736,-0.492,-0.033,-0.054,-5.113,2.6519999999999992,4.360734868511258,
473,Tommy Henry,ARI,LEFT,SP,47.0,9,9,47,28,28,10,21,36,3,4,0,0,0,5.362,1.447,2,0,0.043,-1.327,-2.115,-0.492,-0.674,-0.521,-5.129,2.636,4.334425759198974,
474,Ryan Borucki,PIT| TOR| SEA,LEFT,RP,25.333333333333332,0,32,24,16,16,6,11,21,2,0,0,0,0,5.684,1.382,3,1,0.118,-1.562,-2.436,-0.492,-0.426,-0.215,-5.131,2.6339999999999995,4.331137120534938,
475,Chase Anderson,TOR| PHI| CIN| COL| TBA| BOS| TEX,RIGHT,SP,24.0,7,9,17,18,17,3,15,23,2,4,0,0,0,6.375,1.333,2,2,0.083,-1.562,-2.393,-0.492,-0.531,-0.157,-5.136,2.6289999999999996,4.3229155238748485,
476,Luis Ortiz,CLE| PIT,RIGHT,SP,16.000000000000004,4,4,8,9,8,1,10,17,0,2,0,0,0,4.500,1.125,0,0,0.0,-2.033,-2.522,-0.492,-0.124,0.028,-5.143,2.622,4.311405288550724,
477,Juan Minaya,MIN,RIGHT,RP,9.666666666666668,0,6,8,6,6,0,5,11,1,0,0,0,0,5.586,1.345,1,0,0.103,-1.798,-2.651,-0.492,-0.155,-0.068,-5.163,2.6019999999999994,4.278518901910367,
478,Mark Appel,PHI,RIGHT,RP,10.333333333333334,0,6,9,2,2,0,3,5,0,0,0,0,0,1.742,1.161,0,1,0.0,-2.033,-2.779,-0.492,0.138,0.003,-5.163,2.6019999999999994,4.278518901910367,
479,Calvin Faucher,MIA| TBA,RIGHT,RP,21.333333333333332,0,22,26,16,13,4,10,21,2,3,1,0,0,5.484,1.688,4,0,0.188,-1.562,-2.436,-0.399,-0.326,-0.441,-5.164,2.601,4.27687458257835,
480,Humberto Castellanos,HOU| ARI,RIGHT,SP,44.33333333333333,9,11,50,29,28,7,12,32,3,2,0,0,0,5.684,1.399,1,0,0.023,-1.327,-2.201,-0.492,-0.746,-0.406,-5.171,2.5939999999999994,4.265364347254224,
481,Javy Guerra,SDN| TBA| MIL,RIGHT,RP,18.0,0,18,16,11,10,3,11,10,2,1,0,0,0,5.000,1.500,0,0,0.0,-1.562,-2.672,-0.492,-0.208,-0.238,-5.172,2.593,4.263720027922208,
482,Garrett Richards,SDN| BOS| TEX,RIGHT,RP,42.66666666666667,2,32,44,28,25,3,13,36,1,1,1,0,0,5.273,1.336,4,1,0.094,-1.798,-2.115,-0.399,-0.583,-0.284,-5.179,2.5859999999999994,4.252209792598082,
483,Archie Bradley,ARI| CIN| PHI| ANA| MIA,RIGHT,RP,18.666666666666668,0,21,17,13,10,1,7,15,0,1,2,0,0,4.821,1.286,4,0,0.214,-2.033,-2.565,-0.305,-0.191,-0.087,-5.181,2.5839999999999996,4.248921153934047,
484,Josh Rogers,WAS| COL,LEFT,SP| RP,26.333333333333332,3,16,24,15,15,6,11,12,2,2,0,0,0,5.127,1.329,0,1,0.0,-1.562,-2.629,-0.492,-0.33,-0.168,-5.182,2.5829999999999993,4.247276834602029,
485,Austin Gomber,COL| SLN,LEFT,SP| RP,124.66666666666669,17,33,137,80,77,20,34,95,5,7,0,0,0,5.559,1.372,8,4,0.064,-0.855,-0.851,-0.492,-1.977,-1.008,-5.183,2.582,4.245632515270011,
486,Brandon Bielak,HOU| OAK,RIGHT,RP,12.333333333333334,0,5,11,5,5,2,4,12,0,0,0,0,0,3.649,1.216,0,0,0.0,-2.033,-2.629,-0.492,-0.015,-0.023,-5.193,2.572,4.229189321949834,
487,Kyle Barraclough,MIN| ANA| BOS,RIGHT,RP,9.0,0,8,7,3,3,0,4,9,0,1,0,0,0,3.000,1.222,1,1,0.111,-2.033,-2.693,-0.492,0.034,-0.019,-5.204,2.561,4.211101809297637,
488,Reiss Knehr,SDN,RIGHT,RP,13.666666666666666,1,5,11,6,6,1,4,10,0,0,0,0,0,3.951,1.098,0,0,0.0,-2.033,-2.672,-0.492,-0.048,0.039,-5.207,2.558,4.206168851301584,
489,Sam Selman,SFN| ANA| OAK,LEFT,RP,18.333333333333332,0,16,16,10,10,4,5,18,0,0,0,0,0,4.909,1.145,1,1,0.055,-2.033,-2.501,-0.492,-0.199,0.017,-5.208,2.5569999999999995,4.204524531969565,
490,DL Hall,MIL| BAL,LEFT,RP,13.666666666666666,1,11,17,9,9,0,6,19,1,1,1,0,0,5.927,1.683,2,0,0.146,-1.798,-2.479,-0.399,-0.255,-0.28,-5.211,2.5539999999999994,4.199591573973512,
491,Mauricio Llovera,PHI| SFN| BOS,RIGHT,RP,16.333333333333336,1,17,14,8,8,2,8,20,0,0,0,0,0,4.408,1.347,2,0,0.122,-2.033,-2.458,-0.492,-0.115,-0.116,-5.214,2.5509999999999993,4.194658615977458,
492,Jeremy Beasley,ARI| TOR,RIGHT,RP,15.0,0,9,14,9,8,4,5,19,0,0,0,0,0,4.800,1.267,0,2,0.0,-2.033,-2.479,-0.492,-0.151,-0.058,-5.214,2.5509999999999993,4.194658615977458,
493,Miguel Sanchez,MIL,RIGHT,RP,13.333333333333332,0,12,12,7,6,3,8,9,1,1,0,0,0,4.050,1.500,0,0,0.0,-1.798,-2.693,-0.492,-0.057,-0.176,-5.216,2.5489999999999995,4.191369977313423,
494,Michael Grove,LAN,RIGHT,SP,29.333333333333332,6,7,32,21,15,6,10,24,1,0,0,0,0,4.602,1.432,6,0,0.205,-1.798,-2.372,-0.492,-0.25,-0.308,-5.22,2.545,4.184792699985352,
495,Austin Warren,NYN| ANA| SFN,RIGHT,RP,16.0,0,14,19,10,10,3,5,9,2,0,0,0,0,5.625,1.500,1,0,0.062,-1.562,-2.693,-0.492,-0.262,-0.211,-5.221,2.5439999999999996,4.183148380653334,
496,Hyun Jin Ryu,TOR,LEFT,SP,27.0,6,6,32,17,17,5,4,16,2,0,0,0,0,5.667,1.333,0,0,0.0,-1.562,-2.543,-0.492,-0.45,-0.177,-5.225,2.54,4.176571103325263,
497,Tyler Holton,DET| ARI,LEFT,RP,9.0,0,10,8,3,3,1,2,6,0,0,0,0,0,3.000,1.111,0,0,0.0,-2.033,-2.758,-0.492,0.034,0.021,-5.229,2.5359999999999996,4.169993825997191,
498,Josh Staumont,KCA| MIN,RIGHT,RP,37.666666666666664,0,42,37,28,27,3,29,43,3,3,3,0,0,6.451,1.752,3,1,0.08,-1.327,-1.965,-0.212,-0.855,-0.876,-5.234,2.5309999999999997,4.161772229337102,
499,Jake Reed,LAN| NYN| BAL,RIGHT,RP,16.666666666666668,0,18,17,15,13,2,8,13,2,0,1,0,0,7.020,1.500,0,0,0.0,-1.562,-2.608,-0.399,-0.451,-0.22,-5.239,2.526,4.153550632677014,
500,Phillips Valdez,BOS,RIGHT,RP,16.333333333333336,0,13,12,11,8,0,7,13,0,1,0,0,0,4.408,1.163,2,0,0.122,-2.033,-2.608,-0.492,-0.115,0.004,-5.244,2.521,4.145329036016925,
501,Trevor Rogers,BAL| MIA,LEFT,SP,107.0,23,23,116,69,65,15,45,106,4,11,0,0,0,5.467,1.505,8,0,0.075,-1.091,-0.615,-0.492,-1.622,-1.433,-5.253,2.5119999999999996,4.130530162028764,
502,Cole Sulser,TBA| BAL| MIA| ARI| NYN,RIGHT,RP,34.0,0,39,39,23,20,6,16,38,1,4,2,0,0,5.294,1.618,2,2,0.059,-1.798,-2.072,-0.305,-0.47,-0.608,-5.254,2.511,4.1288858426967465,
503,Ryan Burr,TOR| CHA,RIGHT,RP,9.0,0,8,8,7,6,3,4,7,1,1,0,0,0,6.000,1.333,1,0,0.111,-1.798,-2.736,-0.492,-0.173,-0.059,-5.258,2.5069999999999997,4.122308565368675,
504,Daniel Castano,MIA,LEFT,SP| RP,35.666666666666664,7,10,42,20,16,5,9,20,1,3,0,0,0,4.037,1.430,0,1,0.0,-1.798,-2.458,-0.492,-0.15,-0.371,-5.269,2.4959999999999996,4.104221052716478,
505,Tyler Thornburg,CIN| ATL| MIN,RIGHT,RP,19.0,0,14,16,10,7,1,11,14,0,1,0,0,0,3.316,1.421,0,0,0.0,-2.033,-2.586,-0.492,0.025,-0.191,-5.277,2.4879999999999995,4.091066498060336,
506,Junior Fernandez,SLN| PIT,RIGHT,RP,18.666666666666664,0,16,18,6,5,3,12,14,0,0,0,0,0,2.411,1.607,0,0,0.0,-2.033,-2.586,-0.492,0.154,-0.326,-5.284,2.481,4.079556262736212,
507,Blake Taylor,HOU,LEFT,RP,16.0,0,19,15,7,7,1,10,9,1,1,0,0,0,3.938,1.562,0,0,0.0,-1.798,-2.693,-0.492,-0.055,-0.251,-5.289,2.476,4.0713346660761225,
508,Wyatt Mills,SEA| KCA,RIGHT,RP,29.33333333333334,0,27,26,15,15,1,13,26,0,1,0,0,0,4.602,1.329,2,1,0.068,-2.033,-2.329,-0.492,-0.25,-0.188,-5.293,2.4719999999999995,4.064757388748051,
509,Brad Keller,CHN| KCA| BOS| CHA,RIGHT,SP| RP,139.66666666666669,22,35,153,86,79,17,57,102,6,14,1,0,0,5.091,1.504,5,2,0.036,-0.62,-0.701,-0.399,-1.714,-1.864,-5.297,2.468,4.05818011141998,
510,Beau Sulser,BAL| PIT,RIGHT,RP,22.333333333333332,0,10,24,14,9,3,9,19,0,0,0,0,0,3.627,1.478,1,0,0.045,-2.033,-2.479,-0.492,-0.024,-0.275,-5.303,2.4619999999999997,4.0483141954278725,
511,Art Warren,CIN,RIGHT,RP,35.99999999999999,0,39,37,29,26,6,22,40,2,3,3,0,0,6.500,1.639,9,1,0.25,-1.562,-2.029,-0.212,-0.83,-0.675,-5.308,2.457,4.040092598767784,
512,Joe Kelly,LAN| CHA,RIGHT,RP,37.00000000000001,1,43,36,26,25,2,23,53,1,3,1,0,0,6.081,1.595,4,0,0.108,-1.798,-1.751,-0.399,-0.735,-0.628,-5.31,2.455,4.036803960103748,
513,Dinelson Lamet,SDN| COL| BOS| LAN,RIGHT,RP,32.333333333333336,0,32,30,23,22,4,19,45,1,2,0,0,0,6.124,1.516,4,0,0.124,-1.798,-1.922,-0.492,-0.653,-0.447,-5.311,2.4539999999999997,4.03515964077173,
514,Packy Naughton,ANA| SLN,LEFT,SP| RP,32.0,3,26,39,17,17,3,7,31,0,2,1,0,0,4.781,1.438,0,0,0.0,-2.033,-2.222,-0.399,-0.317,-0.343,-5.314,2.4509999999999996,4.030226682775677,
515,Ross Detwiler,CHA| MIA| SDN| CIN,LEFT,RP,26.333333333333336,0,30,31,13,13,5,10,28,0,2,1,0,0,4.443,1.557,0,0,0.0,-2.033,-2.286,-0.399,-0.192,-0.408,-5.318,2.447,4.023649405447606,
516,Tommy Milone,ATL| BAL| TOR| SEA,LEFT,RP,16.666666666666668,0,7,14,10,10,4,6,5,1,1,0,0,0,5.400,1.200,0,1,0.0,-1.798,-2.779,-0.492,-0.244,-0.021,-5.333,2.4319999999999995,3.998984615467338,
517,Ryan Feltner,COL,RIGHT,SP,97.33333333333333,19,20,102,65,63,16,35,84,4,9,0,0,0,5.825,1.407,10,1,0.103,-1.091,-1.087,-0.492,-1.742,-0.926,-5.338,2.4269999999999996,3.990763018807249,
518,Jake Fishman,MIA,LEFT,RP,11.000000000000002,0,7,13,5,5,0,0,6,0,0,0,0,0,4.091,1.182,0,0,0.0,-2.033,-2.758,-0.492,-0.051,-0.006,-5.339,2.4259999999999993,3.9891186994752306,
519,John King,SLN| TEX,LEFT,RP,51.33333333333333,0,39,61,27,23,5,14,30,1,4,0,0,0,4.032,1.461,4,0,0.078,-1.798,-2.243,-0.492,-0.214,-0.598,-5.345,2.42,3.979252783483125,
520,Robert Gsellman,NYN| CHN,RIGHT,RP,15.333333333333334,0,8,17,10,8,2,3,9,0,2,1,0,0,4.696,1.304,0,0,0.0,-2.033,-2.693,-0.399,-0.142,-0.083,-5.35,2.415,3.9710311868230357,
521,Jackson Tetreault,WAS,RIGHT,SP,21.0,4,4,23,15,12,4,10,9,2,2,0,0,0,5.143,1.571,1,0,0.048,-1.562,-2.693,-0.492,-0.266,-0.337,-5.351,2.4139999999999997,3.9693868674910173,
522,Ryan Brasier,CHN| BOS| LAN,RIGHT,RP,62.33333333333333,0,68,68,43,40,9,13,64,0,3,1,0,0,5.775,1.300,7,0,0.112,-2.033,-1.515,-0.399,-1.092,-0.324,-5.363,2.4019999999999992,3.9496550355068027,
523,Tony Santillan,CIN,RIGHT,RP,19.666666666666668,0,21,23,14,12,1,12,21,0,1,4,0,0,5.492,1.780,0,0,0.0,-2.033,-2.436,-0.118,-0.302,-0.479,-5.369,2.396,3.939789119514697,
524,Adrian Martinez,OAK,RIGHT,SP,57.666666666666664,12,12,69,42,40,13,19,53,4,6,0,0,0,6.243,1.526,3,2,0.052,-1.091,-1.751,-0.492,-1.217,-0.821,-5.371,2.3939999999999992,3.9365004808506603,
525,Collin Wiles,OAK,RIGHT,RP,9.666666666666666,0,4,11,6,5,1,2,9,0,0,0,0,0,4.655,1.345,1,0,0.103,-2.033,-2.693,-0.492,-0.086,-0.068,-5.373,2.3919999999999995,3.933211842186625,
526,Kolby Allard,CLE| TEX| ATL| PHI,LEFT,RP,21.0,0,10,21,17,17,9,6,19,1,2,1,0,0,7.286,1.286,0,1,0.0,-1.798,-2.479,-0.399,-0.611,-0.098,-5.384,2.3809999999999993,3.9151243295344287,
527,JoJo Romero,SLN| PHI,LEFT,RP,16.333333333333336,0,17,13,9,9,3,10,17,0,0,0,0,0,4.959,1.408,0,1,0.0,-2.033,-2.522,-0.492,-0.184,-0.156,-5.387,2.378,3.9101913715383767,
528,James Naile,SLN,RIGHT,RP,9.0,0,7,8,5,5,2,2,5,0,0,0,0,0,5.000,1.111,1,0,0.111,-2.033,-2.779,-0.492,-0.104,0.021,-5.388,2.377,3.9085470522063583,
529,Hansel Robles,ANA| BOS| MIN,RIGHT,RP,24.666666666666668,0,26,25,19,16,5,14,21,1,3,2,0,0,5.838,1.581,3,1,0.122,-1.798,-2.436,-0.305,-0.444,-0.405,-5.389,2.3759999999999994,3.90690273287434,
530,Josh Sborz,LAN| TEX,RIGHT,RP,22.333333333333336,1,19,25,16,16,4,11,32,1,0,0,0,0,6.448,1.612,5,2,0.224,-1.798,-2.201,-0.492,-0.506,-0.395,-5.391,2.3739999999999997,3.9036140942103046,
531,Yoan Lopez,ARI| NYN,RIGHT,RP,11.0,0,8,14,8,7,2,5,10,1,0,0,0,0,5.727,1.727,2,0,0.182,-1.798,-2.672,-0.492,-0.189,-0.245,-5.395,2.37,3.8970368168822342,
532,Collin Snider,SEA| KCA,RIGHT,RP,34.333333333333336,0,42,40,25,25,3,15,22,4,2,0,0,0,6.553,1.602,0,0,0.0,-1.091,-2.415,-0.492,-0.806,-0.593,-5.397,2.3679999999999994,3.8937481782181975,
533,Drew Hutchison,DET,RIGHT,SP| RP,105.33333333333333,18,28,114,58,53,15,42,68,3,9,0,0,0,4.529,1.481,8,1,0.076,-1.327,-1.429,-0.492,-0.839,-1.311,-5.398,2.367,3.8921038588861805,
534,Taylor Widener,ARI,RIGHT,RP,17.333333333333336,0,14,22,8,7,2,5,14,0,1,0,0,0,3.635,1.558,2,0,0.115,-2.033,-2.586,-0.492,-0.019,-0.269,-5.4,2.3649999999999993,3.8888152202221438,
535,Kenny Rosenberg,ANA,LEFT,P,10.666666666666668,1,3,9,5,5,1,6,8,0,0,0,0,0,4.219,1.406,0,1,0.0,-2.033,-2.715,-0.492,-0.06,-0.101,-5.401,2.364,3.8871709008901267,
536,Trevor Kelley,PHI| MIL| TBA,RIGHT,RP,23.666666666666664,0,18,25,17,16,7,9,23,1,0,0,0,0,6.085,1.437,2,0,0.085,-1.798,-2.393,-0.492,-0.471,-0.253,-5.406,2.359,3.878949304230038,
537,Chasen Shreve,NYN| PIT| CIN| DET| COL,LEFT,RP,26.333333333333332,0,25,27,19,19,6,10,29,1,1,0,0,0,6.494,1.405,1,2,0.038,-1.798,-2.265,-0.492,-0.606,-0.248,-5.409,2.356,3.8740163462339843,
538,Elieser Hernandez,MIA| LAN| MIL,RIGHT,SP| RP,62.33333333333334,10,20,67,48,44,19,22,60,3,6,0,0,0,6.353,1.428,5,3,0.08,-1.327,-1.601,-0.492,-1.368,-0.644,-5.43,2.335,3.83948564026161,
539,Joe Smith,HOU| SEA| MIN,RIGHT,RP,27.333333333333332,0,34,33,18,14,7,9,17,1,1,0,0,0,4.610,1.537,2,0,0.073,-1.798,-2.522,-0.492,-0.235,-0.401,-5.447,2.3179999999999996,3.8115322116173065,
540,Hanser Alberto,BAL| KCA| LAN| CHA,RIGHT,RP,11.0,0,10,10,5,5,2,3,1,0,0,0,0,0,4.091,1.182,0,0,0.0,-2.033,-2.865,-0.492,-0.051,-0.006,-5.447,2.3179999999999996,3.8115322116173065,
541,Joel Kuhnel,CIN| HOU| TBA,RIGHT,RP,58.000000000000014,0,53,67,41,41,8,14,56,2,3,1,0,0,6.362,1.397,2,2,0.034,-1.562,-1.686,-0.399,-1.277,-0.526,-5.45,2.3149999999999995,3.806599253621253,
542,Chris Devenski,NYN| HOU| ARI| PHI| ANA| TBA,RIGHT,RP,14.666666666666666,0,13,21,14,14,3,1,12,2,1,0,0,0,8.591,1.500,4,0,0.273,-1.562,-2.629,-0.492,-0.573,-0.194,-5.45,2.3149999999999995,3.806599253621253,
543,Yunior Marte,SFN| PHI,RIGHT,RP,47.99999999999999,0,39,47,32,29,5,22,44,1,1,0,0,0,5.438,1.438,1,1,0.021,-1.798,-1.944,-0.492,-0.717,-0.514,-5.464,2.3009999999999993,3.783578782973003,
544,Drew VerHagen,SLN,RIGHT,RP,21.666666666666668,0,19,27,18,16,5,14,18,3,1,0,0,0,6.646,1.892,3,0,0.138,-1.327,-2.501,-0.492,-0.524,-0.625,-5.468,2.2969999999999997,3.7770015056449324,
545,Sean Reid-Foley,TOR| NYN,RIGHT,RP,9.999999999999998,0,7,7,6,6,1,7,8,0,0,0,0,0,5.400,1.400,2,0,0.2,-2.033,-2.715,-0.492,-0.146,-0.092,-5.479,2.2859999999999996,3.758913992992736,
546,Mike Baumann,BAL| ANA| MIA| SEA| SFN,RIGHT,SP| RP,34.333333333333336,4,13,43,19,18,3,9,23,1,3,0,0,0,4.718,1.515,1,3,0.029,-1.798,-2.393,-0.492,-0.323,-0.473,-5.48,2.2849999999999993,3.757269673660718,
547,Sean Hjelle,SFN,RIGHT,RP,25.0,0,8,33,19,16,3,8,28,1,2,0,0,0,5.760,1.640,0,0,0.0,-1.798,-2.286,-0.492,-0.435,-0.47,-5.481,2.284,3.7556253543287013,
548,Edwin Uceta,TBA| LAN| ARI| NYN,RIGHT,RP,17.0,0,10,14,12,11,2,7,13,0,0,0,0,0,5.824,1.235,0,0,0.0,-2.033,-2.608,-0.492,-0.304,-0.045,-5.482,2.2829999999999995,3.753981034996683,
549,Dusten Knight,BAL| TBA,RIGHT,RP,11.0,0,6,11,8,7,4,4,9,0,1,0,0,0,5.727,1.364,0,0,0.0,-2.033,-2.693,-0.492,-0.189,-0.085,-5.493,2.2719999999999994,3.7358935223444862,
550,Mike Mayers,ANA| KCA,RIGHT,SP| RP,50.666666666666664,3,24,52,35,32,15,18,45,1,1,0,0,0,5.684,1.382,3,0,0.059,-1.798,-1.922,-0.492,-0.852,-0.43,-5.494,2.271,3.7342492030124697,
551,Paolo Espino,WAS| TOR,RIGHT,SP| RP,113.33333333333333,19,42,131,64,61,24,24,92,0,9,0,0,0,4.844,1.368,1,2,0.009,-2.033,-0.915,-0.492,-1.177,-0.898,-5.515,2.25,3.6997184970400956,
552,Adonis Medina,PHI| NYN,RIGHT,RP,23.666666666666664,0,14,30,18,16,2,6,17,1,0,1,0,0,6.085,1.521,4,2,0.169,-1.798,-2.522,-0.399,-0.471,-0.332,-5.521,2.2439999999999998,3.689852581047988,
553,Justin Grimm,MIL| OAK,RIGHT,RP,15.333333333333334,0,15,18,8,7,1,7,11,0,0,0,0,0,4.109,1.630,1,1,0.065,-2.033,-2.651,-0.492,-0.073,-0.282,-5.531,2.234,3.6734093877278102,
554,Austin Davis,PHI| PIT| BOS| MIN| SDN,LEFT,SP| RP,56.00000000000002,3,52,57,39,36,5,33,64,2,1,0,0,0,5.786,1.607,4,0,0.071,-1.562,-1.515,-0.492,-0.985,-0.979,-5.533,2.2319999999999993,3.6701207490637735,
555,Tyler Gilbert,CHA| ARI| PHI,LEFT,SP,34.33333333333334,7,8,33,21,20,8,10,20,0,3,0,0,0,5.243,1.252,1,0,0.029,-2.033,-2.458,-0.492,-0.461,-0.114,-5.559,2.2059999999999995,3.6273684464313107,
556,Daulton Jefferies,OAK| PIT| SFN,RIGHT,SP,39.33333333333333,8,8,46,26,25,4,8,28,1,7,0,0,0,5.720,1.373,1,1,0.025,-1.798,-2.286,-0.492,-0.672,-0.32,-5.568,2.197,3.6125695724431512,
557,Bennett Sousa,HOU| CHA| MIL,LEFT,RP,20.333333333333332,0,25,25,20,19,3,10,12,3,0,1,0,0,8.410,1.721,2,1,0.098,-1.327,-2.629,-0.399,-0.767,-0.448,-5.569,2.1959999999999997,3.610925253111133,
558,Paul Fry,BAL| ARI,LEFT,RP,13.0,0,13,11,10,9,1,9,14,0,0,0,0,0,6.231,1.538,1,0,0.077,-2.033,-2.586,-0.492,-0.273,-0.192,-5.576,2.189,3.5994150177870083,
559,Matt Peacock,ARI| KCA,RIGHT,RP,10.0,0,9,12,6,6,1,4,6,0,0,0,0,0,5.400,1.600,0,0,0.0,-2.033,-2.758,-0.492,-0.146,-0.172,-5.601,2.1639999999999997,3.5583070344865626,
560,Casey Mize,DET,RIGHT,P,10.0,2,2,13,6,6,1,2,4,0,1,0,0,0,5.400,1.500,3,0,0.3,-2.033,-2.8,-0.492,-0.146,-0.132,-5.604,2.1609999999999996,3.553374076490509,
561,Aaron Fletcher,SEA| PIT,LEFT,RP,11.666666666666666,0,9,10,9,9,2,4,6,0,1,0,0,0,6.943,1.200,0,0,0.0,-2.033,-2.758,-0.492,-0.309,-0.014,-5.606,2.159,3.5500854378264735,
562,Cory Abbott,CHN| WAS,RIGHT,SP| RP,48.0,9,16,44,30,28,12,25,45,0,5,0,0,0,5.250,1.438,4,1,0.083,-2.033,-1.922,-0.492,-0.648,-0.514,-5.609,2.1559999999999997,3.5451524798304197,
563,Kyle Muller,ATL| OAK,LEFT,SP,12.333333333333332,3,3,13,11,11,2,8,12,1,1,0,0,0,8.027,1.703,4,0,0.324,-1.798,-2.629,-0.492,-0.429,-0.263,-5.61,2.1549999999999994,3.5435081604984013,
564,Anderson Espinoza,CHN,RIGHT,RP,18.333333333333332,0,7,14,11,11,4,16,19,0,2,0,0,0,5.400,1.636,1,0,0.055,-2.033,-2.479,-0.492,-0.268,-0.342,-5.615,2.1499999999999995,3.5352865638383126,
565,Drew Steckenrider,SEA,RIGHT,RP,14.333333333333334,0,16,21,9,9,2,5,10,0,2,2,0,0,5.651,1.814,1,1,0.07,-2.033,-2.672,-0.305,-0.237,-0.369,-5.617,2.1479999999999997,3.5319979251742772,
566,Daniel Lynch,KCA,LEFT,SP,131.66666666666666,27,27,155,79,75,21,52,122,4,13,0,0,0,5.127,1.572,6,2,0.046,-1.091,-0.273,-0.492,-1.652,-2.117,-5.625,2.1399999999999997,3.518843370518135,
567,Robert Dugger,MIA| SEA| CIN| TBA,RIGHT,RP,15.999999999999998,1,4,19,11,11,3,7,19,0,1,0,0,0,6.188,1.625,2,1,0.125,-2.033,-2.479,-0.492,-0.331,-0.291,-5.626,2.1389999999999993,3.5171990511861164,
568,Corbin Martin,BAL| ARI,RIGHT,RP,22.333333333333336,2,7,25,14,12,3,12,21,0,1,0,0,0,4.836,1.657,3,2,0.134,-2.033,-2.436,-0.492,-0.23,-0.434,-5.627,2.138,3.5155547318540994,
569,Luke Farrell,TEX| MIN| CHN| CIN,RIGHT,RP,15.0,2,6,18,10,9,3,7,14,0,0,0,0,0,5.400,1.667,1,0,0.067,-2.033,-2.586,-0.492,-0.22,-0.298,-5.629,2.136,3.512266093190064,
570,Max Castillo,KCA| TOR,RIGHT,SP| RP,39.333333333333336,6,14,38,28,26,8,15,37,0,2,0,0,0,5.949,1.347,3,1,0.076,-2.033,-2.094,-0.492,-0.741,-0.28,-5.64,2.125,3.494178580537868,
571,Aaron Brooks,SLN| OAK,RIGHT,RP,9.333333333333332,0,5,11,8,8,3,2,7,0,0,0,0,0,7.714,1.393,1,0,0.107,-2.033,-2.736,-0.492,-0.302,-0.083,-5.647,2.1179999999999994,3.4826683452137424,
572,Alex Colome,CHA| MIN| COL,RIGHT,RP,47.0,0,53,57,36,30,5,22,32,2,7,4,0,0,5.745,1.681,7,1,0.149,-1.562,-2.201,-0.118,-0.812,-0.96,-5.653,2.112,3.4728024292216366,
573,Adam Kolarek,LAN| OAK| NYN,LEFT,RP,17.666666666666664,0,15,20,9,9,1,8,9,0,1,0,0,0,4.585,1.585,2,1,0.113,-2.033,-2.693,-0.492,-0.148,-0.293,-5.66,2.1049999999999995,3.4612921938975107,
574,Michael Pineda,MIN| DET,RIGHT,SP,46.666666666666664,11,11,58,31,30,13,8,26,2,7,0,0,0,5.786,1.414,5,2,0.107,-1.562,-2.329,-0.492,-0.821,-0.457,-5.661,2.104,3.4596478745654937,
575,Ty Blach,COL,LEFT,RP,44.33333333333334,1,24,51,29,29,4,11,29,1,0,1,0,0,5.887,1.399,0,0,0.0,-1.798,-2.265,-0.399,-0.815,-0.406,-5.682,2.0829999999999993,3.4251171685931183,
576,Heath Hembree,BOS| PHI| CIN| NYN| LAN| PIT| TBA,RIGHT,RP,21.999999999999996,0,26,26,19,18,6,17,17,3,1,0,0,0,7.364,1.954,7,1,0.318,-1.327,-2.522,-0.492,-0.653,-0.689,-5.683,2.082,3.4234728492611013,
577,Jake McGee,LAN| SFN| MIL| WAS,LEFT,RP,36.99999999999999,0,42,41,29,28,6,12,25,1,3,3,0,0,6.811,1.432,1,0,0.027,-1.798,-2.351,-0.212,-0.942,-0.389,-5.691,2.074,3.410318294604959,
578,Brayan Bello,BOS,RIGHT,SP,57.333333333333336,11,13,75,34,30,1,27,55,2,8,0,0,0,4.709,1.779,6,1,0.105,-1.562,-1.708,-0.492,-0.536,-1.395,-5.693,2.072,3.4070296559409234,
579,Nick Wittgren,CLE| SLN| KCA,RIGHT,RP,29.000000000000007,0,29,35,19,19,1,10,17,1,0,1,0,0,5.897,1.552,0,0,0.0,-1.798,-2.522,-0.399,-0.535,-0.443,-5.696,2.069,3.40209669794487,
580,Ronald Bolanos,KCA,RIGHT,RP,18.333333333333332,0,8,20,9,9,2,12,12,0,0,0,0,0,4.418,1.746,0,2,0.0,-2.033,-2.629,-0.492,-0.131,-0.422,-5.707,2.058,3.384009185292674,
581,Jonathan Heasley,KCA| BAL,RIGHT,SP,104.00000000000001,21,21,108,67,61,19,47,70,4,10,0,0,0,5.279,1.490,1,1,0.01,-1.091,-1.387,-0.492,-1.426,-1.333,-5.729,2.0359999999999996,3.3478341599882815,
582,Jared Koenig,MIL| OAK,LEFT,SP| RP,39.333333333333336,5,10,40,25,25,4,15,22,1,3,0,0,0,5.720,1.398,0,1,0.0,-1.798,-2.415,-0.492,-0.672,-0.36,-5.737,2.0279999999999996,3.3346796053321386,
583,Sam Coonrod,SFN| PHI| NYN,RIGHT,RP,12.666666666666668,0,12,12,12,11,1,7,12,0,0,0,0,0,7.816,1.500,0,0,0.0,-2.033,-2.629,-0.492,-0.42,-0.167,-5.742,2.0229999999999997,3.32645800867205,
584,Eric Stout,CHN| PIT,LEFT,RP,22.333333333333332,0,20,25,15,14,2,16,25,0,0,1,0,0,5.642,1.836,0,0,0.0,-2.033,-2.351,-0.399,-0.368,-0.594,-5.745,2.0199999999999996,3.321525050675996,
585,Ashton Goudeau,COL| CIN,RIGHT,RP,20.333333333333336,0,12,25,18,16,3,10,16,1,0,1,0,0,7.082,1.721,3,0,0.148,-1.798,-2.543,-0.399,-0.56,-0.448,-5.747,2.018,3.3182364120119607,
586,Cole Sands,MIN,RIGHT,SP| RP,30.666666666666664,3,11,35,21,20,4,13,28,0,3,1,0,0,5.870,1.565,5,0,0.163,-2.033,-2.286,-0.399,-0.559,-0.485,-5.762,2.003,3.293571622031694,
587,Cole Ragans,KCA| TEX,LEFT,SP,40.0,9,9,43,24,22,6,16,27,0,3,0,0,0,4.950,1.475,3,2,0.075,-2.033,-2.308,-0.492,-0.448,-0.488,-5.769,1.9959999999999996,3.2820613867075683,
588,Josh Winckowski,BOS,RIGHT,SP,70.33333333333333,14,15,85,47,46,10,27,44,5,7,0,0,0,5.886,1.592,4,1,0.057,-0.855,-1.944,-0.492,-1.292,-1.188,-5.77,1.995,3.2804170673755513,
589,Matthew Liberatore,SLN,LEFT,SP,34.66666666666667,7,9,42,23,23,5,18,28,2,2,0,0,0,5.971,1.731,1,0,0.029,-1.562,-2.286,-0.492,-0.659,-0.777,-5.777,1.9879999999999995,3.268906832051426,
590,Thomas Szapucki,NYN| SFN,LEFT,RP,15.0,1,11,19,12,12,6,7,18,0,1,0,0,0,7.200,1.733,2,2,0.133,-2.033,-2.501,-0.492,-0.426,-0.338,-5.79,1.9749999999999996,3.2475306807351942,
591,Jimmy Yacabonis,SEA| MIA| TBA| NYN,RIGHT,RP,13.999999999999998,1,14,20,15,13,4,10,21,1,1,0,0,0,8.357,2.143,0,1,0.0,-1.798,-2.436,-0.492,-0.522,-0.544,-5.792,1.9729999999999999,3.244242042071159,
592,Kaleb Ort,HOU| BOS,RIGHT,RP,28.333333333333336,0,25,35,23,20,4,15,27,1,2,1,0,0,6.353,1.765,5,1,0.176,-1.798,-2.308,-0.399,-0.622,-0.673,-5.799,1.9659999999999993,3.2327318067470334,
593,Chase Silseth,ANA,RIGHT,SP,28.666666666666664,7,7,33,21,21,7,12,24,1,3,0,0,0,6.593,1.570,3,0,0.105,-1.798,-2.372,-0.492,-0.682,-0.458,-5.802,1.963,3.227798848750981,
594,Sergio Romo,MIN| OAK| SEA| TOR,RIGHT,RP,18.0,0,23,19,16,15,7,6,14,0,1,0,0,0,7.500,1.389,4,0,0.222,-2.033,-2.586,-0.492,-0.553,-0.158,-5.823,1.9419999999999993,3.1932681427786056,
595,Reiver Sanmartin,CIN,LEFT,SP| RP,57.000000000000014,4,45,66,43,40,8,29,47,4,4,0,0,0,6.316,1.667,1,0,0.018,-1.091,-1.879,-0.492,-1.234,-1.132,-5.828,1.9369999999999994,3.185046546118517,
596,Chi Chi Gonzalez,COL| MIL| MIN| NYA| MIA,RIGHT,SP,23.0,5,7,28,15,15,5,7,15,0,1,0,0,0,5.870,1.522,0,1,0.0,-2.033,-2.565,-0.492,-0.419,-0.324,-5.833,1.9319999999999995,3.1768249494584277,
597,Xzavion Curry,MIA| CLE,RIGHT,P,9.333333333333332,2,2,13,7,6,1,6,3,0,1,0,0,0,5.786,2.036,0,1,0.0,-2.033,-2.822,-0.492,-0.164,-0.323,-5.834,1.931,3.1751806301264107,
598,James Norwood,CHN| SDN| PHI,RIGHT,RP,17.333333333333336,0,20,24,17,16,2,9,22,1,0,0,0,0,8.308,1.904,1,0,0.058,-1.798,-2.415,-0.492,-0.64,-0.508,-5.853,1.912,3.143938562818072,
599,Justin Dunn,SEA| CIN,RIGHT,SP,31.000000000000004,7,7,32,21,21,11,17,21,1,3,0,0,0,6.097,1.581,5,2,0.161,-1.798,-2.436,-0.492,-0.619,-0.509,-5.854,1.9109999999999996,3.1422942434860537,
600,Julian Merryweather,CHN| TOR,RIGHT,RP,26.666666666666668,1,26,31,20,20,4,7,23,0,3,0,0,0,6.750,1.425,2,0,0.075,-2.033,-2.393,-0.492,-0.666,-0.272,-5.857,1.9079999999999995,3.13736128549,
601,Chad Smith,COL| OAK,RIGHT,RP,18.0,0,15,16,15,15,2,15,23,0,1,0,0,0,7.500,1.722,1,2,0.056,-2.033,-2.393,-0.492,-0.553,-0.397,-5.869,1.896,3.117629453505787,
602,Tayler Scott,ARI| HOU| SDN| BOS| LAN| OAK,RIGHT,RP,12.000000000000002,0,8,19,10,9,1,6,13,0,1,0,0,0,6.750,2.083,0,0,0.0,-2.033,-2.608,-0.492,-0.3,-0.438,-5.871,1.8939999999999992,3.1143408148417504,
603,Elvis Peguero,CHA| MIL| ANA,RIGHT,RP,17.333333333333332,0,13,23,16,13,4,5,12,0,0,0,0,0,6.750,1.615,1,0,0.058,-2.033,-2.629,-0.492,-0.433,-0.309,-5.896,1.8689999999999998,3.0732328315413056,
604,Jacob Lemoine,OAK,RIGHT,RP,16.333333333333332,0,9,18,15,14,4,7,13,0,0,0,0,0,7.714,1.531,0,0,0.0,-2.033,-2.608,-0.492,-0.529,-0.236,-5.897,1.8679999999999994,3.071588512209287,
605,Louis Head,TBA| BAL| MIA,RIGHT,RP,28.666666666666664,0,28,32,20,20,4,15,26,0,0,1,0,0,6.279,1.639,1,0,0.035,-2.033,-2.329,-0.399,-0.613,-0.538,-5.912,1.8529999999999998,3.0469237222290206,
606,Reed Garrett,NYN| WAS| BAL,RIGHT,RP,9.333333333333334,0,7,13,8,7,1,8,6,0,1,0,0,0,6.750,2.250,0,1,0.0,-2.033,-2.758,-0.492,-0.233,-0.402,-5.919,1.846,3.035413486904896,
607,Jose Marte,ANA,RIGHT,RP,11.0,0,11,8,9,9,2,18,15,0,0,0,0,0,7.364,2.364,2,0,0.182,-2.033,-2.565,-0.492,-0.327,-0.524,-5.941,1.8239999999999998,2.9992384616005037,
608,Bryse Wilson,CHA| ATL| PIT| MIL,RIGHT,SP| RP,115.66666666666666,20,25,132,80,71,20,32,79,3,9,0,0,0,5.524,1.418,6,3,0.052,-1.327,-1.194,-0.492,-1.804,-1.148,-5.964,1.8009999999999993,2.961419116964093,
609,Casey Lawrence,SEA| TOR| SLN,RIGHT,RP,18.0,0,6,23,15,15,5,4,11,0,1,0,0,0,7.500,1.500,0,0,0.0,-2.033,-2.651,-0.492,-0.553,-0.238,-5.967,1.798,2.956486158968041,
610,Jhoulys Chacin,ATL| COL,RIGHT,RP,47.33333333333334,0,35,55,44,40,7,21,37,4,2,0,0,0,7.606,1.606,1,0,0.021,-1.091,-2.094,-0.492,-1.493,-0.824,-5.994,1.771,2.9120895370035593,
611,Tyler Beede,SFN| PIT| CLE,RIGHT,SP| RP,61.33333333333333,5,31,71,37,35,7,29,39,2,5,0,0,0,5.136,1.630,7,2,0.114,-1.562,-2.051,-0.492,-0.774,-1.129,-6.008,1.7569999999999997,2.8890690663553094,
612,Zach Thompson,ATL| MIA| PIT,RIGHT,SP| RP,121.66666666666666,22,29,138,76,70,19,46,90,3,10,0,0,0,5.178,1.512,10,2,0.082,-1.327,-0.958,-0.492,-1.574,-1.666,-6.017,1.7479999999999993,2.8742701923671485,
613,Jose Urena,ANA| LAN| MIN| NYN| TOR| MIA| DET| COL| MIL| CHA| TEX,RIGHT,SP| RP,97.0,17,21,109,62,54,11,43,63,3,8,0,0,0,5.010,1.567,9,2,0.093,-1.327,-1.537,-0.492,-1.131,-1.54,-6.026,1.7389999999999999,2.859471318378989,
614,Travis Lakins,BAL,RIGHT,RP,10.333333333333334,0,6,14,11,11,3,6,8,0,1,0,0,0,9.581,1.935,1,0,0.097,-2.033,-2.715,-0.492,-0.482,-0.316,-6.038,1.7269999999999994,2.8397394863947745,
615,Jeurys Familia,NYN| BOS| PHI| OAK,RIGHT,RP,44.333333333333336,0,48,58,34,30,7,22,41,2,3,0,0,0,6.090,1.804,2,3,0.045,-1.562,-2.008,-0.492,-0.883,-1.124,-6.069,1.6959999999999997,2.7887655871022226,
616,Tyson Miller,CHN| TEX| LAN| MIL| NYN| SEA,RIGHT,P,10.666666666666666,2,4,16,14,13,1,8,8,1,2,0,0,0,10.969,2.250,2,0,0.188,-1.798,-2.715,-0.492,-0.611,-0.46,-6.076,1.689,2.7772553517780985,
617,Alex Faedo,DET,RIGHT,SP,53.666666666666664,12,12,63,34,33,7,25,44,1,5,0,0,0,5.534,1.640,7,3,0.13,-1.798,-1.944,-0.492,-0.841,-1.008,-6.082,1.6829999999999998,2.767389435785991,
618,Chad Kuhl,PIT| COL| WAS| CHA,RIGHT,SP,137.0,27,27,155,91,87,25,58,110,6,11,0,0,0,5.715,1.555,6,5,0.044,-0.62,-0.53,-0.492,-2.337,-2.108,-6.086,1.6789999999999994,2.7608121584579193,
619,Anthony Castro,DET| TOR| CLE,RIGHT,RP,13.333333333333334,0,12,19,15,11,5,10,12,0,0,0,0,0,7.425,2.175,2,1,0.15,-2.033,-2.629,-0.492,-0.402,-0.535,-6.092,1.673,2.750946242465813,
620,Zach Logue,OAK| DET| LAN,LEFT,SP| RP,57.00000000000001,10,14,68,44,43,13,20,42,3,8,0,0,0,6.790,1.544,3,1,0.053,-1.327,-1.986,-0.492,-1.441,-0.852,-6.098,1.6669999999999998,2.741080326473706,
621,Josh Fleming,TBA| PIT,LEFT,SP| RP,35.0,3,10,54,36,25,5,12,29,2,5,0,0,0,6.429,1.886,0,2,0.0,-1.562,-2.265,-0.492,-0.788,-1.001,-6.108,1.657,2.724637133153528,
622,Kervin Castro,SFN| CHN,RIGHT,RP,12.333333333333332,0,10,15,14,14,3,7,11,0,1,0,0,0,10.216,1.784,1,0,0.081,-2.033,-2.651,-0.492,-0.636,-0.302,-6.114,1.6509999999999998,2.7147712171614207,
623,Luke Weaver,NYA| ARI| KCA| CIN| SEA,RIGHT,RP,35.666666666666664,1,26,52,29,26,1,13,38,1,1,0,0,0,6.561,1.822,2,0,0.056,-1.798,-2.072,-0.492,-0.839,-0.93,-6.131,1.6339999999999995,2.6868177885171174,
624,Anthony DeSclafani,ARI| CIN| SFN,RIGHT,SP,19.000000000000004,5,5,34,21,14,4,4,17,0,2,0,0,0,6.632,2.000,0,1,0.0,-2.033,-2.522,-0.492,-0.457,-0.63,-6.135,1.63,2.6802405111890466,
625,Norge Ruiz,OAK,RIGHT,RP,19.000000000000004,0,14,30,16,15,4,7,18,0,1,0,0,0,7.105,1.947,1,0,0.053,-2.033,-2.501,-0.492,-0.526,-0.59,-6.142,1.6229999999999993,2.668730275864921,
626,Mitch White,LAN| TOR| MIL| SFN,RIGHT,SP| RP,99.0,18,25,110,62,60,9,35,78,1,7,0,0,0,5.455,1.465,10,2,0.101,-1.798,-1.215,-0.492,-1.491,-1.168,-6.163,1.6019999999999994,2.634199569892547,
627,Kirby Snead,TOR| OAK| SEA,LEFT,RP,44.666666666666664,0,46,56,31,29,5,22,35,1,1,1,0,0,5.843,1.746,7,2,0.157,-1.798,-2.136,-0.399,-0.806,-1.029,-6.167,1.5979999999999999,2.6276222925644763,
628,Aaron Sanchez,SFN| MIN| WAS,RIGHT,SP| RP,59.99999999999999,10,15,78,46,44,8,15,41,3,4,0,0,0,6.600,1.550,5,4,0.083,-1.327,-2.008,-0.492,-1.43,-0.912,-6.168,1.5969999999999995,2.625977973232458,
629,Anthony Banda,LAN| TBA| NYN| PIT| NYA| TOR| WAS,LEFT,RP,26.666666666666668,1,32,43,20,20,4,13,30,1,1,0,0,0,6.750,2.100,3,1,0.112,-1.798,-2.243,-0.492,-0.666,-0.99,-6.19,1.5749999999999993,2.5898029479280655,
630,Caleb Kilian,CHN,RIGHT,SP,11.333333333333334,3,3,11,15,13,0,12,9,0,2,0,0,0,10.323,2.029,2,1,0.176,-2.033,-2.693,-0.492,-0.593,-0.389,-6.201,1.564,2.571715435275871,
631,Bruce Zimmermann,MIL| BAL,LEFT,SP,73.66666666666666,13,15,97,52,49,21,12,49,2,5,0,0,0,5.986,1.480,2,0,0.027,-1.562,-1.836,-0.492,-1.409,-0.913,-6.213,1.5519999999999996,2.5519836032916565,
632,Spencer Howard,PHI| TEX| CLE| SFN,RIGHT,SP,37.66666666666667,8,10,50,33,31,12,15,32,2,4,0,0,0,7.407,1.726,4,0,0.106,-1.562,-2.201,-0.492,-1.131,-0.836,-6.222,1.5429999999999993,2.5371847293034953,
633,Andrew Nardi,MIA,LEFT,RP,14.666666666666668,0,13,25,17,16,5,14,24,1,1,0,0,0,9.818,2.659,0,0,0.0,-1.798,-2.372,-0.492,-0.711,-0.872,-6.245,1.5199999999999996,2.4993653846670862,
634,Sean Newcomb,ATH| BOS| ATL| CHN| OAK,LEFT,RP,27.666666666666668,1,20,33,28,27,8,19,28,2,1,0,0,0,8.783,1.879,3,1,0.108,-1.562,-2.286,-0.492,-1.122,-0.784,-6.247,1.5179999999999998,2.496076746003051,
635,Bryan Hoeing,SDN| MIA,RIGHT,RP,12.666666666666666,1,8,19,17,17,5,5,6,1,1,0,0,0,12.079,1.895,1,0,0.079,-1.798,-2.758,-0.492,-0.834,-0.367,-6.248,1.5169999999999995,2.4944324266710325,
636,Luis Patino,SDN| TBA| CHA,RIGHT,SP,20.0,6,6,26,18,18,6,13,11,1,2,0,0,0,8.100,1.950,2,2,0.1,-1.798,-2.651,-0.492,-0.706,-0.623,-6.27,1.495,2.4582574013666414,
637,Jason Alexander,ATH| HOU| MIL,RIGHT,SP| RP,71.66666666666667,11,18,88,47,43,12,28,46,2,3,0,0,0,5.400,1.619,3,4,0.042,-1.562,-1.901,-0.492,-1.049,-1.285,-6.289,1.476,2.4270153340583027,
638,Alec Mills,CHN| CIN,RIGHT,RP,17.666666666666668,2,7,28,20,19,7,3,11,0,1,0,0,0,9.679,1.755,0,1,0.0,-2.033,-2.651,-0.492,-0.838,-0.413,-6.427,1.338,2.2000992662398438,
639,T. J. McFarland,ATH| OAK| SLN| NYN,LEFT,RP,32.666666666666664,0,28,42,26,24,5,11,16,0,0,0,0,0,6.612,1.622,1,1,0.031,-2.033,-2.543,-0.492,-0.782,-0.591,-6.441,1.3239999999999998,2.177078795591594,
640,Miguel Yajure,NYA| PIT,RIGHT,RP,24.333333333333336,1,12,31,26,24,3,16,16,1,1,1,0,0,8.877,1.931,1,1,0.041,-1.798,-2.543,-0.399,-1.004,-0.74,-6.484,1.2809999999999997,2.1063730643148273,
641,Domingo Tapia,BOS| KCA| SEA| OAK| SDN,RIGHT,RP,17.0,0,11,25,16,16,1,14,12,0,0,0,0,0,8.471,2.294,1,0,0.059,-2.033,-2.629,-0.492,-0.649,-0.763,-6.566,1.1989999999999998,1.9715388790893662,
642,Erick Fedde,ATL| MIL| SLN| WAS| CHA,RIGHT,SP,127.0,27,27,149,84,82,21,58,94,6,13,0,0,0,5.811,1.630,17,2,0.134,-0.62,-0.872,-0.492,-2.259,-2.335,-6.578,1.1869999999999994,1.9518070471051516,
643,Antonio Senzatela,COL,RIGHT,SP,92.33333333333334,19,19,133,56,52,9,23,54,3,7,0,0,0,5.069,1.690,2,0,0.022,-1.327,-1.729,-0.492,-1.117,-1.917,-6.582,1.1829999999999998,1.945229769777081,
644,Mike Minor,OAK| TEX| KCA| CIN,LEFT,SP,98.00000000000001,19,19,120,72,66,24,40,76,4,12,0,0,0,6.061,1.633,16,0,0.163,-1.091,-1.258,-0.492,-1.931,-1.812,-6.585,1.1799999999999997,1.9402968117810273,
645,Jackson Kowar,SEA| KCA,RIGHT,RP,15.666666666666668,0,7,27,17,17,4,11,17,0,0,0,0,0,9.766,2.425,0,0,0.0,-2.033,-2.522,-0.492,-0.753,-0.785,-6.586,1.1789999999999994,1.938652492449009,
646,Luis Frias,ARI| TOR,RIGHT,RP,17.0,0,15,23,20,20,1,17,14,1,1,0,0,0,10.588,2.353,0,0,0.0,-1.798,-2.586,-0.492,-0.925,-0.803,-6.603,1.162,1.910699063804707,
647,Tucker Davidson,ATL| ANA| KCA| BAL,LEFT,SP,52.0,11,12,54,39,39,7,35,33,2,7,0,0,0,6.750,1.712,3,1,0.058,-1.562,-2.179,-0.492,-1.299,-1.125,-6.658,1.1069999999999993,1.820261500543726,
648,Yennier Cano,BAL| MIN,RIGHT,RP,18.0,0,13,26,23,23,3,16,21,1,1,0,0,0,11.500,2.333,1,0,0.056,-1.798,-2.436,-0.492,-1.105,-0.836,-6.667,1.0979999999999999,1.8054626265555664,
649,Kohei Arihara,TEX,RIGHT,SP,20.0,4,5,36,22,21,4,11,14,1,3,0,0,0,9.450,2.350,1,0,0.05,-1.798,-2.586,-0.492,-0.913,-0.942,-6.732,1.0329999999999995,1.6985818699744075,
650,Vladimir Gutierrez,CIN| MIA,RIGHT,SP,36.666666666666664,8,10,46,31,31,8,24,29,1,6,0,0,0,7.609,1.909,3,1,0.082,-1.798,-2.265,-0.492,-1.157,-1.082,-6.795,0.9699999999999998,1.594989752057285,
651,Adam Oller,OAK| MIA,RIGHT,SP| RP,74.33333333333333,14,19,82,55,52,17,39,46,2,8,0,0,0,6.296,1.628,2,2,0.027,-1.562,-1.901,-0.492,-1.598,-1.36,-6.914,0.851,1.399315751547165,
652,Connor Seabold,ATL| TBA| BOS| COL,RIGHT,SP,18.333333333333336,5,5,35,24,23,5,8,19,0,4,0,0,0,11.291,2.345,1,0,0.055,-2.033,-2.479,-0.492,-1.096,-0.86,-6.961,0.8039999999999994,1.3220327429423264,
653,T. J. Zeuch,TOR| CIN,RIGHT,SP,10.666666666666666,3,3,24,18,18,5,7,5,0,3,0,0,0,15.188,2.906,2,0,0.188,-2.033,-2.779,-0.492,-0.956,-0.739,-7.0,0.7649999999999997,1.257904288993632,
654,Kris Bubic,KCA,LEFT,SP,129.0,27,28,156,87,80,18,63,110,3,13,0,0,0,5.581,1.698,4,2,0.031,-1.327,-0.53,-0.492,-2.068,-2.72,-7.136,0.6289999999999996,1.0342768598392083,
655,Joan Adon,WAS,RIGHT,SP,64.66666666666666,14,14,76,53,51,8,39,55,1,12,0,0,0,7.098,1.778,3,1,0.046,-1.798,-1.708,-0.492,-1.788,-1.572,-7.357,0.4079999999999995,0.6708822874632698,
656,Elvin Rodriguez,BAL| MIL| DET| TBA,RIGHT,SP,29.666666666666668,5,7,42,35,35,12,15,25,0,4,0,0,0,10.618,1.921,0,0,0.0,-2.033,-2.351,-0.492,-1.62,-0.89,-7.387,0.3780000000000001,0.6215527075027363,
657,Patrick Corbin,TEX| WAS,LEFT,SP,152.66666666666666,31,31,210,119,107,27,49,128,6,19,0,0,0,6.308,1.696,14,5,0.092,-0.62,-0.144,-0.492,-3.297,-3.212,-7.765,0.0,0.0,
658,Carlos Hernandez,CLE| DET| PHI| KCA,RIGHT,SP| RP,56.00000000000001,7,27,72,48,46,7,31,35,0,5,0,0,0,7.393,1.839,4,1,0.071,-2.033,-2.136,-0.492,-1.675,-1.497,-7.834,-0.06899999999999995,-0.11345803390922951,
659,Dallas Keuchel,CHA| ARI| TEX| MIN| MIL,LEFT,SP,60.66666666666667,14,14,94,69,62,11,31,45,2,9,0,0,0,9.198,2.060,0,2,0.0,-1.562,-1.922,-0.492,-2.653,-2.157,-8.787,-1.0220000000000011,-1.6804943573222142,
