,Name,Team,L/R,POS,IP,GS,GP,HA,R,ER,HR,BB,K,W,L,S,HD,BS,ERA,WHIP,SB,CS,SBP,W-Z,K-Z,S-Z,ERA-Z,WHIP-Z,Z-SUM,Z-SUM-A,ACV,
1,Tarik Skubal,DET,LEFT,SP,192.0,31,31,142,54,51,15,35,228,18,4,0,0,0,2.391,0.922,3,3,0.016,2.393,1.991,-0.501,2.396,2.528,8.806,15.596,29.333849180249807,
2,Zack Wheeler,PHI,RIGHT,SP,200.0,32,32,139,62,57,20,52,224,16,7,0,0,0,2.565,0.955,8,3,0.04,1.872,1.905,-0.501,2.171,2.314,7.761,14.551,27.36835338688221,
3,Chris Sale,ATL| BOS,LEFT,SP,177.66666666666666,29,29,141,48,47,9,39,225,18,3,0,0,0,2.381,1.013,12,4,0.068,2.393,1.926,-0.501,2.233,1.558,7.609,14.399000000000001,27.082463089665104,
4,Logan Gilbert,SEA,RIGHT,SP,208.66666666666666,33,33,148,83,75,26,37,220,9,12,0,0,0,3.235,0.887,14,4,0.067,0.05,1.819,-0.501,0.965,3.102,5.435,12.225,22.993479496573087,
5,Emmanuel Clase,CLE,RIGHT,RP,74.33333333333334,0,74,39,10,5,2,10,66,4,2,47,0,0,0.605,0.659,1,0,0.013,-1.251,-1.503,3.617,2.162,1.92,4.945,11.735,22.07185945949163,
6,Seth Lugo,KCA| NYN| SDN,RIGHT,SP,206.66666666666669,33,33,177,75,69,16,48,181,16,9,0,0,0,3.005,1.089,5,5,0.024,1.872,0.977,-0.501,1.398,1.059,4.805,11.594999999999999,21.808539448896926,
7,Shota Imanaga,CHN,LEFT,SP,173.33333333333334,29,29,149,66,56,27,28,174,15,3,0,0,0,2.908,1.021,3,2,0.017,1.612,0.826,-0.501,1.329,1.453,4.719,11.509,21.64678572810304,
8,Paul Skenes,PIT,RIGHT,SP,133.0,23,23,94,31,29,10,32,170,11,3,0,0,0,1.962,0.947,6,1,0.045,0.571,0.74,-0.501,2.189,1.588,4.587,11.376999999999999,21.398512575256603,
9,Corbin Burnes,ARI| MIL| BAL,RIGHT,SP,194.33333333333331,32,32,165,76,63,22,48,181,15,9,0,0,0,2.918,1.096,41,6,0.211,1.612,0.977,-0.501,1.472,0.927,4.487,11.277000000000001,21.21042685340325,
10,Dylan Cease,SDN| CHA,RIGHT,SP,189.33333333333334,33,33,137,80,73,18,65,224,14,11,0,0,0,3.470,1.067,6,3,0.032,1.351,1.905,-0.501,0.461,1.169,4.386,11.176,21.020460274331356,
11,Bryce Miller,SEA,RIGHT,SP,180.33333333333331,31,31,131,62,59,21,45,171,12,8,0,0,0,2.945,0.976,10,7,0.055,0.831,0.762,-0.501,1.321,1.904,4.317,11.107,20.890681126252538,
12,Framber Valdez,HOU,LEFT,SP,176.33333333333334,28,28,140,60,57,13,55,169,15,7,0,0,0,2.909,1.106,9,1,0.051,1.612,0.718,-0.501,1.35,0.758,3.936,10.725999999999999,20.17407452599124,
13,Jack Flaherty,DET| SLN| BAL| LAN,RIGHT,SP,162.00000000000003,28,28,135,61,57,24,38,194,13,7,0,0,0,3.167,1.068,11,4,0.068,1.091,1.258,-0.501,0.852,0.993,3.692,10.482,19.715145364669045,
14,Ronel Blanco,HOU,RIGHT,SP,167.33333333333331,29,30,114,56,52,22,68,166,13,6,0,0,0,2.797,1.088,7,3,0.042,1.091,0.654,-0.501,1.456,0.866,3.566,10.356,19.478157355133817,
15,Ryan Helsley,NYN| SLN,RIGHT,RP,66.33333333333333,0,65,50,19,15,3,23,79,7,4,49,0,0,2.035,1.101,4,1,0.06,-0.47,-1.223,3.792,1.047,0.302,3.448,10.238,19.256216203346852,
16,Cole Ragans,KCA| TEX,LEFT,SP,186.33333333333334,32,32,146,71,65,15,67,223,11,9,0,0,0,3.139,1.143,8,3,0.043,0.571,1.883,-0.501,1.027,0.466,3.446,10.236,19.252454488909788,
17,Kirby Yates,LAN| SDN| ATL| TEX,RIGHT,RP,61.666666666666664,0,61,23,10,8,3,28,85,7,2,33,0,0,1.168,0.827,7,0,0.114,-0.47,-1.093,2.39,1.471,1.094,3.392,10.182,19.150888199108973,
18,George Kirby,SEA,RIGHT,SP,191.0,33,33,181,82,75,22,23,179,14,11,0,0,0,3.534,1.068,24,6,0.126,1.351,0.934,-0.501,0.352,1.169,3.305,10.095,18.98725362109655,
19,Mike King,SDN| NYA,RIGHT,SP,173.66666666666666,30,31,144,71,57,17,63,201,13,9,0,0,0,2.954,1.192,8,3,0.046,1.091,1.409,-0.501,1.257,0.026,3.282,10.072,18.943993905070275,
20,Raisel Iglesias,ATL| CIN| ANA,RIGHT,RP,69.33333333333331,0,66,38,19,15,4,13,68,6,2,34,0,0,1.947,0.736,2,0,0.029,-0.731,-1.46,2.478,1.151,1.536,2.974,9.764,18.364689881761933,
21,Hunter Greene,CIN,RIGHT,SP,150.33333333333334,26,26,96,47,46,12,57,169,9,5,0,0,0,2.754,1.018,14,3,0.093,0.05,0.718,-0.501,1.368,1.285,2.92,9.71,18.263123591961122,
22,Sean Manaea,NYN| OAK| SDN| SFN,LEFT,SP,181.66666666666663,32,32,134,75,70,21,63,184,12,6,0,0,0,3.468,1.084,23,3,0.127,0.831,1.042,-0.501,0.446,0.969,2.787,9.577,18.01296958189615,
23,Bailey Ober,MIN,RIGHT,SP,178.66666666666666,31,31,136,81,79,27,43,191,12,9,0,0,0,3.979,1.002,3,2,0.017,0.831,1.193,-0.501,-0.411,1.663,2.775,9.565,17.990399295273747,
24,Sonny Gray,SLN| CIN| MIN,RIGHT,SP,166.33333333333331,28,28,142,79,71,21,39,203,13,9,0,0,0,3.842,1.088,25,5,0.15,1.091,1.452,-0.501,-0.17,0.857,2.729,9.519,17.903879863221203,
25,Ryan Walker,SFN,RIGHT,RP,80.00000000000001,1,76,50,19,17,5,18,99,10,4,10,0,0,1.913,0.850,8,2,0.1,0.31,-0.791,0.375,1.354,1.33,2.579,9.369,17.621751280441167,
26,Tanner Bibee,CLE,RIGHT,SP,173.66666666666666,31,31,150,70,67,22,44,187,12,8,0,0,0,3.472,1.117,6,6,0.035,0.831,1.107,-0.501,0.42,0.652,2.509,9.299,17.490091275143815,
27,Aaron Nola,PHI,RIGHT,SP,199.33333333333334,33,33,189,84,79,30,50,197,14,8,0,0,0,3.567,1.199,12,6,0.06,1.351,1.322,-0.501,0.306,-0.038,2.441,9.231,17.36219298428353,
28,Josh Hader,HOU| MIL| SDN,LEFT,RP,71.0,0,71,43,33,30,12,25,105,8,8,34,0,0,3.803,0.958,5,1,0.07,-0.21,-0.662,2.478,-0.047,0.812,2.371,9.161,17.23053297898618,
29,Jose Berrios,TOR| MIN,RIGHT,SP,192.33333333333334,32,32,168,79,77,31,54,153,16,11,0,0,0,3.603,1.154,12,5,0.062,1.872,0.373,-0.501,0.231,0.378,2.353,9.143,17.196677549052577,
30,Reynaldo Lopez,ATL| CHA| ANA| CLE,RIGHT,SP,135.66666666666669,25,26,108,32,30,10,42,148,8,5,0,0,0,1.990,1.106,20,1,0.147,-0.21,0.266,-0.501,2.198,0.584,2.337,9.127,17.16658383355604,
31,Luis Gil,NYA,RIGHT,SP,151.66666666666669,29,29,104,60,59,18,77,171,15,7,0,0,0,3.501,1.193,6,2,0.04,1.612,0.762,-0.501,0.326,0.012,2.21,9.0,16.927714966802274,
32,Tyler Glasnow,LAN| TBA,RIGHT,SP,134.0,22,22,92,53,52,15,35,168,9,6,0,0,0,3.493,0.948,14,4,0.104,0.05,0.697,-0.501,0.299,1.597,2.142,8.932,16.79981667594199,
33,Robert Suarez,SDN,RIGHT,RP,65.0,0,65,52,21,20,7,16,59,9,3,36,0,0,2.769,1.046,0,1,0.0,0.05,-1.654,2.653,0.582,0.466,2.098,8.888,16.71705895832651,
34,Carlos Rodon,NYA| CHA| SFN,LEFT,SP,175.0,32,32,157,81,77,31,57,195,16,9,0,0,0,3.960,1.223,21,4,0.12,1.872,1.279,-0.501,-0.371,-0.235,2.044,8.834,16.615492668525697,
35,Tanner Scott,LAN| BAL| MIA| SDN,LEFT,RP,72.00000000000003,0,72,45,20,14,3,36,84,9,6,22,0,0,1.750,1.125,5,3,0.069,0.05,-1.115,1.427,1.328,0.243,1.932,8.722,16.404836660049934,
36,Pablo Lopez,MIN| MIA,RIGHT,SP,185.33333333333331,32,32,180,90,84,26,41,198,15,10,0,0,0,4.079,1.192,11,1,0.059,1.612,1.344,-0.501,-0.599,0.023,1.879,8.669,16.305151227467658,
37,Max Fried,NYA| ATL,LEFT,SP,174.3333333333333,29,29,146,71,63,13,57,166,11,10,0,0,0,3.252,1.164,13,2,0.075,0.571,0.654,-0.501,0.778,0.257,1.758,8.548,16.077567504025094,
38,Tyler Holton,DET| ARI,LEFT,SP| RP,94.33333333333331,9,66,57,25,23,7,17,77,7,2,8,0,0,2.194,0.784,3,0,0.032,-0.47,-1.266,0.2,1.349,1.867,1.68,8.47,15.930860640979473,
39,Nathan Eovaldi,TEX| BOS,RIGHT,SP,170.66666666666666,29,29,147,74,72,23,42,166,12,8,0,0,0,3.797,1.107,13,0,0.076,0.831,0.654,-0.501,-0.103,0.721,1.601,8.391,15.78227292071532,
40,Logan Webb,SFN,RIGHT,SP,204.66666666666663,33,33,202,83,79,11,50,172,13,10,0,0,0,3.474,1.231,21,5,0.103,1.091,0.783,-0.501,0.491,-0.358,1.507,8.297,15.605472342173163,
41,Bryan Woo,SEA,RIGHT,SP,121.33333333333333,22,22,96,41,39,14,13,101,9,3,0,0,0,2.893,0.898,4,0,0.033,0.05,-0.748,-0.501,0.947,1.735,1.483,8.273,15.560331768928355,
42,Garrett Crochet,BOS| CHA,LEFT,SP,146.00000000000003,32,32,123,61,58,18,33,209,6,12,0,0,0,3.575,1.069,17,1,0.116,-0.731,1.581,-0.501,0.213,0.89,1.453,8.243,15.503906052372349,
43,Tanner Houck,BOS,RIGHT,SP,178.66666666666666,30,30,156,75,62,11,48,154,9,10,0,0,0,3.123,1.142,11,1,0.062,0.05,0.395,-0.501,1.012,0.458,1.414,8.204,15.43055262084954,
44,Michael Wacha,KCA| NYN| TBA| BOS| SDN,RIGHT,SP,166.66666666666666,29,29,154,65,62,17,45,145,13,8,0,0,0,3.348,1.194,4,2,0.024,1.091,0.201,-0.501,0.595,0.008,1.394,8.184,15.392935476478865,
45,Nick Martinez,CIN| SDN,RIGHT,SP| RP,142.33333333333331,16,42,128,56,49,13,18,116,10,7,0,0,0,3.098,1.026,10,3,0.07,0.31,-0.425,-0.501,0.839,1.161,1.385,8.175,15.376007761512065,
46,Freddy Peralta,MIL,RIGHT,SP,173.66666666666666,32,32,143,74,71,26,68,200,11,9,0,0,0,3.679,1.215,17,5,0.098,0.571,1.387,-0.501,0.085,-0.167,1.374,8.164,15.355318332108194,
47,Jameson Taillon,CHN| NYA,RIGHT,SP,165.33333333333331,28,28,154,67,60,21,33,125,12,8,0,0,0,3.266,1.131,14,0,0.085,0.831,-0.231,-0.501,0.717,0.51,1.326,8.116,15.265037185618583,
48,Luis Castillo,SEA| CIN,RIGHT,SP,175.33333333333334,30,30,158,73,71,25,47,175,11,12,0,0,0,3.644,1.169,13,7,0.074,0.571,0.848,-0.501,0.143,0.218,1.278,8.068,15.17475603912897,
49,Mason Miller,ATH| SDN| OAK,RIGHT,RP,65.0,0,55,36,23,18,6,21,104,2,2,28,0,0,2.492,0.877,6,0,0.092,-1.772,-0.683,1.952,0.75,0.997,1.243,8.033,15.108926036480295,
50,Kevin Gausman,TOR| SFN,RIGHT,SP,181.0,31,31,165,86,77,20,56,162,14,11,0,0,0,3.829,1.221,20,4,0.11,1.351,0.568,-0.501,-0.163,-0.227,1.028,7.818,14.704541734495574,
51,Erick Fedde,ATL| MIL| SLN| WAS| CHA,RIGHT,SP,177.33333333333334,31,31,154,66,65,20,52,154,9,9,0,0,0,3.299,1.162,10,3,0.056,0.05,0.395,-0.501,0.715,0.285,0.944,7.734,14.546549728138753,
52,Zac Gallen,ARI,RIGHT,SP,148.0,28,28,133,62,60,13,54,156,14,6,0,0,0,3.649,1.264,18,2,0.122,1.351,0.438,-0.501,0.115,-0.489,0.914,7.704,14.490124011582745,
53,Ranger Suarez,PHI,LEFT,SP,150.66666666666669,27,27,140,63,58,14,41,145,12,8,0,0,0,3.465,1.201,8,3,0.053,0.831,0.201,-0.501,0.375,-0.046,0.86,7.65,14.388557721781932,
54,Joe Ryan,MIN,RIGHT,SP,135.0,23,23,110,59,54,19,23,147,7,7,0,0,0,3.600,0.985,11,2,0.081,-0.47,0.244,-0.501,0.166,1.365,0.804,7.594,14.283229717544051,
55,Hunter Brown,HOU,RIGHT,SP,169.99999999999997,30,31,156,71,66,18,60,179,11,9,0,0,0,3.494,1.271,20,9,0.118,0.571,0.934,-0.501,0.376,-0.619,0.761,7.551,14.202352857147108,
56,Griffin Jax,MIN| TBA,RIGHT,RP,71.0,0,72,47,19,16,4,15,95,5,5,10,0,0,2.028,0.873,3,1,0.042,-0.991,-0.878,0.375,1.125,1.101,0.733,7.523,14.149688855028167,
57,Cristopher Sanchez,PHI,LEFT,SP,181.66666666666666,31,31,182,76,67,11,44,153,11,9,0,0,0,3.319,1.244,14,6,0.077,0.571,0.373,-0.501,0.698,-0.429,0.711,7.501,14.108309996220429,
58,Jason Adam,SDN| CHN| TBA,RIGHT,RP,73.66666666666664,0,74,40,20,16,5,23,81,7,2,4,0,0,1.955,0.855,20,1,0.271,-0.47,-1.18,-0.151,1.218,1.207,0.624,7.414,13.944675418208005,
59,Yusei Kikuchi,ANA| SEA| TOR| HOU,LEFT,SP,175.66666666666666,32,32,167,85,79,25,44,206,9,10,0,0,0,4.047,1.201,8,4,0.046,0.05,1.517,-0.501,-0.515,-0.052,0.498,7.288,13.707687408672774,
60,Cade Smith,CLE,RIGHT,RP,75.33333333333331,0,74,51,16,16,1,17,103,6,1,1,0,0,1.911,0.903,4,1,0.053,-0.731,-0.705,-0.413,1.276,1.062,0.488,7.2780000000000005,13.688878836487438,
61,Spencer Schwellenbach,ATL,RIGHT,SP,123.66666666666669,21,21,106,49,46,14,23,127,8,7,0,0,0,3.348,1.043,4,1,0.032,-0.21,-0.187,-0.501,0.442,0.905,0.449,7.239,13.615525404964629,
62,Tobias Myers,MIL,RIGHT,SP,138.0,25,27,126,52,46,18,36,127,9,6,0,0,0,3.000,1.174,5,5,0.036,0.05,-0.187,-0.501,0.94,0.14,0.442,7.232,13.602359404434894,
63,Nestor Cortes,MIL| SDN| SEA| NYA,LEFT,SP,174.33333333333331,30,31,162,74,73,24,39,162,9,10,0,0,0,3.769,1.153,8,5,0.046,0.05,0.568,-0.501,-0.059,0.353,0.41,7.2,13.54217197344182,
64,Luke Weaver,NYA| ARI| KCA| CIN| SEA,RIGHT,RP,84.00000000000001,0,62,52,28,27,10,26,103,7,3,4,0,0,2.893,0.929,1,2,0.012,-0.47,-0.705,-0.151,0.656,1.079,0.409,7.199,13.540291116223285,
65,Zach Eflin,BAL| PHI| TBA,RIGHT,SP,165.3333333333333,28,28,166,71,66,22,24,134,10,9,0,0,0,3.593,1.149,5,4,0.03,0.31,-0.036,-0.501,0.214,0.365,0.352,7.142,13.433082254766871,
66,Hunter Gaddis,CLE,RIGHT,RP,74.66666666666666,0,78,43,16,13,4,14,66,6,3,0,0,0,1.567,0.763,1,0,0.013,-0.731,-1.503,-0.501,1.504,1.553,0.323,7.113,13.378537395429397,
67,Matt Strahm,PHI| SDN| BOS,LEFT,RP,62.66666666666666,0,66,36,14,13,4,11,79,6,2,3,0,0,1.867,0.750,2,2,0.032,-0.731,-1.223,-0.238,1.087,1.344,0.24,7.03,13.222426246291109,
68,Andres Munoz,SEA,RIGHT,RP,59.333333333333336,0,60,31,16,14,6,26,77,3,7,22,0,0,2.124,0.961,6,1,0.101,-1.511,-1.266,1.427,0.888,0.67,0.207,6.997,13.1603579580795,
69,Bowden Francis,TOR,RIGHT,SP| RP,103.66666666666667,13,27,74,41,38,17,22,92,8,5,0,0,0,3.299,0.926,1,1,0.01,-0.21,-0.942,-0.501,0.418,1.344,0.108,6.898,12.974153093444675,
70,Carlos Estevez,KCA| COL| ANA| PHI,RIGHT,RP,55.0,0,54,38,18,15,5,12,50,4,5,26,0,0,2.454,0.909,3,2,0.055,-1.251,-1.848,1.777,0.654,0.758,0.089,6.8790000000000004,12.938416806292539,
71,Grayson Rodriguez,BAL,RIGHT,SP,116.66666666666666,20,20,109,52,50,15,36,130,13,4,0,0,0,3.857,1.243,5,2,0.043,1.091,-0.123,-0.501,-0.136,-0.269,0.062,6.852,12.887633661392131,
72,Blake Snell,LAN| TBA| SDN| SFN,LEFT,SP,104.0,20,20,65,38,36,6,44,145,5,3,0,0,0,3.115,1.048,13,3,0.125,-0.991,0.201,-0.501,0.597,0.737,0.042,6.832,12.850016517021459,
73,Kutter Crawford,BOS,RIGHT,SP,183.66666666666669,33,33,155,97,89,34,51,175,9,16,0,0,0,4.361,1.122,7,3,0.038,0.05,0.848,-0.501,-1.075,0.65,-0.028,6.7620000000000005,12.718356511724108,
74,Justin Steele,CHN,LEFT,SP,134.66666666666666,24,24,111,54,46,12,37,135,5,5,0,0,0,3.074,1.099,9,2,0.067,-0.991,-0.015,-0.501,0.824,0.623,-0.06,6.73,12.658169080731033,
75,Luis Severino,ATH| NYA| NYN,RIGHT,SP,181.99999999999997,31,31,166,86,79,23,60,161,11,7,0,0,0,3.907,1.242,15,5,0.082,0.571,0.546,-0.501,-0.296,-0.41,-0.09,6.7,12.601743364175025,
76,Edwin Diaz,NYN,RIGHT,RP,53.66666666666667,0,54,36,23,21,7,20,84,6,4,20,0,0,3.522,1.044,22,1,0.41,-0.731,-1.115,1.251,0.105,0.392,-0.097,6.693,12.588577363645289,
77,Ryan Pepiot,TBA| LAN,RIGHT,SP,130.0,26,26,102,58,52,17,48,142,8,8,0,0,0,3.600,1.154,9,4,0.069,-0.21,0.136,-0.501,0.16,0.258,-0.158,6.632,12.473845073314742,
78,Gavin Stone,LAN,RIGHT,SP,140.33333333333334,25,25,133,55,55,18,37,116,11,5,0,0,0,3.527,1.211,8,1,0.057,0.571,-0.425,-0.501,0.267,-0.111,-0.199,6.591,12.396729927354865,
79,Cole Sands,MIN,RIGHT,RP,71.33333333333333,0,62,59,30,26,6,12,85,9,1,4,0,0,3.280,0.995,6,2,0.084,0.05,-1.093,-0.151,0.3,0.687,-0.207,6.583,12.381683069606597,
80,Bryan Hudson,CHA| MIL| LAN,LEFT,RP,62.333333333333336,0,43,28,12,12,7,17,62,6,1,0,0,0,1.733,0.722,3,2,0.048,-0.731,-1.589,-0.501,1.159,1.421,-0.24,6.55,12.319614781394987,
81,Alex Vesia,LAN| MIA,LEFT,RP,66.33333333333334,0,67,33,19,13,7,33,87,5,4,5,0,0,1.764,0.995,5,5,0.075,-0.991,-1.05,-0.063,1.215,0.64,-0.25,6.54,12.300806209209652,
82,Ben Lively,CLE| CIN,RIGHT,SP,151.0,29,29,139,67,64,23,49,118,13,10,0,0,0,3.815,1.245,12,3,0.079,1.091,-0.382,-0.501,-0.116,-0.364,-0.272,6.518,12.259427350401912,
83,Brady Singer,CIN| KCA,RIGHT,SP,179.66666666666666,32,32,175,77,74,22,54,170,9,13,0,0,0,3.707,1.275,3,6,0.017,0.05,0.74,-0.501,0.042,-0.689,-0.358,6.432,12.097673629608025,
84,Kenley Jansen,ANA| LAN| ATL| BOS,RIGHT,RP,54.66666666666667,0,54,38,20,20,4,20,62,4,2,27,0,0,3.293,1.061,10,3,0.183,-1.251,-1.589,1.865,0.223,0.353,-0.399,6.391,12.020558483648147,
85,Luis Ortiz,CLE| PIT,RIGHT,SP| RP,135.66666666666669,15,37,109,56,50,16,42,107,7,6,1,0,0,3.317,1.113,7,1,0.052,-0.47,-0.619,-0.413,0.524,0.536,-0.443,6.347,11.937800766032671,
86,Jeff Hoffman,TOR| COL| CIN| PHI,RIGHT,RP,66.33333333333331,0,68,48,20,16,6,16,89,3,3,10,0,0,2.171,0.965,3,0,0.045,-1.511,-1.007,0.375,0.963,0.736,-0.444,6.346,11.935919908814137,
87,Nick Pivetta,SDN| BOS| PHI,RIGHT,SP,145.66666666666669,26,27,128,70,67,28,36,172,6,12,0,0,0,4.140,1.126,11,3,0.076,-0.731,0.783,-0.501,-0.552,0.486,-0.515,6.275,11.802379046298253,
88,David Peterson,NYN,LEFT,SP,121.0,21,21,110,44,39,8,46,101,10,3,0,0,0,2.901,1.289,5,2,0.041,0.31,-0.748,-0.501,0.936,-0.55,-0.553,6.237,11.730906471993976,
89,Jhoan Duran,MIN| PHI,RIGHT,RP,54.333333333333336,0,58,48,30,22,4,15,66,6,9,23,0,0,3.644,1.159,6,3,0.11,-0.731,-1.503,1.514,0.044,0.093,-0.582,6.208,11.676361612656502,
90,Michael Kopech,LAN| CHA,RIGHT,RP,67.66666666666666,0,67,44,27,26,9,34,88,6,8,15,0,0,3.458,1.153,6,3,0.089,-0.731,-1.029,0.813,0.172,0.138,-0.636,6.154,11.574795322855687,
91,Yoshinobu Yamamoto,LAN,RIGHT,SP,90.0,18,18,78,32,30,7,22,105,7,2,0,0,0,3.000,1.111,3,1,0.033,-0.47,-0.662,-0.501,0.613,0.364,-0.657,6.133,11.535297321266482,
92,Jose Butto,NYN| SFN,RIGHT,SP| RP,73.99999999999999,7,30,41,21,21,6,38,79,7,3,3,0,0,2.554,1.068,3,3,0.041,-0.47,-1.223,-0.238,0.811,0.455,-0.666,6.124,11.518369606299679,
93,Jose Quintana,MIL| CHN| ANA| SFN| PIT| SLN| NYN,LEFT,SP,170.33333333333334,31,31,150,73,71,22,63,135,10,10,0,0,0,3.752,1.250,9,2,0.053,0.31,-0.015,-0.501,-0.031,-0.456,-0.692,6.098,11.469467318617806,
94,Kyle Finnegan,DET| WAS,RIGHT,RP,63.66666666666667,0,65,61,31,26,9,24,60,3,8,38,0,0,3.675,1.335,8,0,0.126,-1.511,-1.633,2.828,0.034,-0.43,-0.712,6.078,11.431850174247135,
95,Clay Holmes,NYN| PIT| NYA,RIGHT,RP,62.99999999999999,0,67,60,29,22,4,22,68,3,5,30,0,0,3.143,1.302,4,1,0.063,-1.511,-1.46,2.127,0.345,-0.324,-0.822,5.968,11.22495588020844,
96,Zack Littell,CIN| TBA| MIN| SFN| BOS,RIGHT,SP,156.33333333333334,29,29,164,68,63,22,31,141,8,10,0,0,0,3.627,1.247,6,3,0.038,-0.21,0.115,-0.501,0.153,-0.394,-0.838,5.952,11.194862164711903,
97,Brandon Pfaadt,ARI,RIGHT,SP,181.66666666666663,32,32,183,103,95,24,42,185,11,10,0,0,0,4.706,1.238,7,3,0.039,0.571,1.064,-0.501,-1.647,-0.381,-0.895,5.895,11.087653303255488,
98,Gerrit Cole,NYA,RIGHT,SP,95.0,17,17,78,38,36,11,29,99,8,5,0,0,0,3.410,1.126,15,2,0.158,-0.21,-0.791,-0.501,0.284,0.315,-0.904,5.886,11.070725588288687,
99,Hector Neris,ANA| ATL| HOU| PHI| CHN,RIGHT,RP,59.33333333333334,0,62,55,31,27,8,28,64,10,5,18,0,0,4.096,1.399,5,1,0.084,0.31,-1.546,1.076,-0.201,-0.583,-0.944,5.846,10.995491299547343,
100,Jake Irvin,WAS,RIGHT,SP,187.66666666666669,33,33,173,97,92,29,52,156,10,14,0,0,0,4.412,1.199,5,4,0.027,0.31,0.438,-0.501,-1.187,-0.036,-0.975,5.815,10.937184725772802,
101,Tyler Anderson,ANA| SFN| PIT| SEA| LAN,LEFT,SP,179.33333333333334,31,31,158,83,76,24,73,142,10,15,0,0,0,3.814,1.288,15,3,0.084,0.31,0.136,-0.501,-0.137,-0.805,-0.996,5.7940000000000005,10.897686724183597,
102,Taj Bradley,MIN| TBA,RIGHT,SP,138.0,25,25,122,68,63,22,47,154,8,11,0,0,0,4.109,1.225,6,0,0.043,-0.21,0.395,-0.501,-0.484,-0.197,-0.997,5.793,10.895805866965063,
103,Daniel Hudson,WAS| SDN| LAN,RIGHT,RP,62.99999999999999,0,65,46,25,21,10,19,63,6,2,10,0,0,3.000,1.032,2,2,0.032,-0.731,-1.568,0.375,0.429,0.496,-0.999,5.791,10.892044152527996,
104,Colin Rea,CHN| MIL,RIGHT,SP| RP,167.66666666666663,27,32,169,83,80,29,43,135,12,6,1,0,0,4.294,1.264,16,2,0.095,0.831,-0.015,-0.413,-0.877,-0.561,-1.035,5.755,10.824333292660787,
105,Mitch Keller,PIT,RIGHT,SP,178.00000000000003,31,31,182,90,84,23,50,166,11,12,0,0,0,4.247,1.303,33,1,0.185,0.571,0.654,-0.501,-0.853,-0.93,-1.06,5.73,10.777311862197449,
106,Jason Foley,DET,RIGHT,RP,60.0,0,69,51,28,21,5,20,46,3,6,28,0,0,3.150,1.183,9,0,0.15,-1.511,-1.934,1.952,0.325,0.034,-1.135,5.655,10.636247570807429,
107,Tim Herrin,CLE,LEFT,RP,65.66666666666666,0,75,39,17,14,2,25,68,5,1,0,0,0,1.919,0.975,6,2,0.091,-0.991,-1.46,-0.501,1.108,0.698,-1.147,5.643,10.613677284185025,
108,Derek Law,MIN| CIN| DET| WAS,RIGHT,RP,90.00000000000001,0,75,82,31,26,7,24,76,7,4,1,0,0,2.600,1.178,7,1,0.078,-0.47,-1.287,-0.413,0.948,0.075,-1.149,5.641,10.609915569747958,
109,Tyson Miller,CHN| TEX| LAN| MIL| NYN| SEA,RIGHT,RP,62.0,0,58,39,18,16,7,11,54,5,1,1,0,0,2.323,0.806,4,3,0.065,-0.991,-1.762,-0.413,0.813,1.161,-1.192,5.598,10.529038709351013,
110,Jeremiah Estrada,SDN| CHN,RIGHT,RP,60.99999999999999,0,62,42,22,20,4,23,94,6,3,1,0,0,2.951,1.066,2,0,0.033,-0.731,-0.899,-0.413,0.443,0.381,-1.219,5.571,10.478255564450606,
111,Kevin Ginkel,ARI,RIGHT,RP,70.00000000000001,0,72,69,31,25,6,15,77,8,3,5,0,0,3.214,1.200,6,1,0.086,-0.21,-1.266,-0.063,0.337,-0.017,-1.219,5.571,10.478255564450606,
112,Brayan Bello,BOS,RIGHT,SP,162.33333333333334,30,30,157,84,81,19,64,153,14,8,0,0,0,4.491,1.361,12,2,0.074,1.351,0.373,-0.501,-1.146,-1.302,-1.224,5.566,10.468851278357938,
113,JP Sears,ATH| SDN| NYA| OAK,LEFT,SP,180.66666666666666,32,32,172,93,88,28,49,137,11,13,0,0,0,4.384,1.223,23,4,0.127,0.571,0.028,-0.501,-1.095,-0.246,-1.244,5.546,10.431234133987267,
114,Blake Treinen,LAN,RIGHT,RP,46.666666666666664,0,50,33,11,10,5,11,56,7,3,1,0,0,1.929,0.943,8,1,0.171,-0.47,-1.719,-0.413,0.783,0.567,-1.252,5.538,10.416187276238999,
115,MacKenzie Gore,WAS| SDN,LEFT,SP,166.33333333333334,32,32,171,93,72,15,65,181,10,12,0,0,0,3.896,1.419,26,2,0.156,0.31,0.977,-0.501,-0.253,-1.795,-1.262,5.5280000000000005,10.397378704053663,
116,Justin Martinez,ARI,RIGHT,RP,72.66666666666666,0,64,59,26,20,2,36,91,5,6,8,0,0,2.477,1.307,2,1,0.028,-0.991,-0.964,0.2,0.848,-0.394,-1.3,5.49,10.325906129749386,
117,Tayler Scott,ARI| HOU| SDN| BOS| LAN| OAK,RIGHT,RP,68.66666666666669,1,62,45,21,17,7,35,71,7,3,0,0,0,2.228,1.165,16,4,0.233,-0.47,-1.395,-0.501,0.961,0.099,-1.307,5.4830000000000005,10.312740129219652,
118,Trevor Williams,WAS| PIT| CHN| NYN,RIGHT,SP,66.66666666666666,13,13,51,17,15,3,18,59,6,1,0,0,0,2.025,1.035,1,1,0.015,-0.731,-1.654,-0.501,1.059,0.514,-1.313,5.477,10.30145498590845,
119,Andrew Abbott,CIN,LEFT,SP,138.0,25,25,127,60,57,25,52,114,10,10,0,0,0,3.717,1.297,10,4,0.072,0.31,-0.468,-0.501,0.019,-0.679,-1.319,5.471,10.29016984259725,
120,Jared Koenig,MIL| OAK,LEFT,SP| RP,62.0,6,55,54,22,17,4,23,63,9,4,1,0,0,2.468,1.242,5,1,0.081,0.05,-1.568,-0.413,0.729,-0.14,-1.342,5.448,10.246910126570977,
121,Yu Darvish,SDN| CHN,RIGHT,SP,81.66666666666666,16,16,65,32,30,12,22,78,7,3,0,0,0,3.306,1.065,13,2,0.159,-0.47,-1.244,-0.501,0.324,0.511,-1.382,5.408,10.171675837829634,
122,Evan Phillips,LAN| BAL| TBA,RIGHT,RP,54.666666666666664,0,61,48,30,22,6,17,63,5,1,18,0,0,3.622,1.189,3,0,0.055,-0.991,-1.568,1.076,0.056,0.016,-1.411,5.379,10.117130978492158,
123,Ryne Nelson,ARI,RIGHT,SP| RP,150.66666666666666,25,28,155,73,71,17,34,126,10,6,1,0,0,4.241,1.254,2,0,0.013,0.31,-0.209,-0.413,-0.714,-0.432,-1.457,5.333,10.030611546439614,
124,Kevin Kelly,TBA,RIGHT,RP,70.66666666666664,0,68,59,25,21,7,9,63,5,2,1,0,0,2.675,0.962,6,2,0.085,-0.991,-1.568,-0.413,0.695,0.793,-1.484,5.306,9.979828401539207,
125,Keegan Akin,BAL,LEFT,RP,78.66666666666669,0,66,55,31,29,9,19,97,3,1,1,0,0,3.318,0.941,0,0,0.0,-1.511,-0.834,-0.413,0.303,0.964,-1.492,5.298,9.964781543790938,
126,Craig Kimbrel,ATL| HOU| CHN| CHA| LAN| PHI| BAL,RIGHT,RP,52.33333333333333,0,57,40,35,31,7,31,73,7,5,23,0,0,5.331,1.357,15,1,0.287,-0.47,-1.352,1.514,-0.779,-0.408,-1.495,5.295,9.959138972135337,
127,Chad Green,TOR| NYA,RIGHT,RP,53.333333333333336,0,53,41,20,19,8,14,46,4,6,17,0,0,3.206,1.031,6,2,0.112,-1.251,-1.934,0.988,0.261,0.421,-1.515,5.275,9.921521827764666,
128,Michael Lorenzen,KCA| CIN| ANA| DET| PHI| TEX,RIGHT,SP,130.33333333333334,24,26,101,49,48,17,60,97,7,6,0,0,0,3.315,1.235,6,5,0.046,-0.47,-0.834,-0.501,0.506,-0.253,-1.553,5.237,9.850049253460389,
129,Aroldis Chapman,BOS| NYA| KCA| TEX| PIT,LEFT,RP,61.66666666666666,0,68,44,31,26,5,39,98,5,5,14,0,0,3.795,1.346,11,3,0.178,-0.991,-0.813,0.726,-0.036,-0.449,-1.563,5.227,9.831240681275053,
130,Orion Kerkering,PHI,RIGHT,RP,63.0,2,64,51,20,16,2,17,74,5,3,0,0,0,2.286,1.079,6,2,0.095,-0.991,-1.331,-0.501,0.848,0.351,-1.624,5.166,9.716508390944506,
131,Porter Hodge,CHN,RIGHT,RP,43.0,0,39,19,10,9,2,19,52,3,1,9,0,0,1.884,0.884,3,3,0.07,-1.511,-1.805,0.288,0.739,0.645,-1.644,5.146,9.678891246573833,
132,Albert Suarez,BAL,RIGHT,SP| RP,133.66666666666669,24,32,130,56,55,17,43,108,9,7,0,0,0,3.703,1.294,10,3,0.075,0.05,-0.597,-0.501,0.036,-0.64,-1.652,5.138,9.663844388825565,
133,Clarke Schmidt,NYA,RIGHT,SP,85.33333333333333,16,16,71,31,27,8,30,93,5,5,0,0,0,2.848,1.184,5,7,0.059,-0.991,-0.921,-0.501,0.702,0.047,-1.664,5.126,9.641274102203162,
134,Ryan Yarbrough,NYA| TBA| KCA| LAN| TOR,LEFT,RP,98.66666666666667,0,44,70,36,35,11,32,65,5,2,1,0,0,3.193,1.034,8,7,0.081,-0.991,-1.525,-0.413,0.495,0.767,-1.667,5.123,9.635631530547561,
135,Trevor Megill,MIL| CHN| MIN,RIGHT,RP,46.33333333333333,0,48,33,16,14,4,14,50,1,3,21,0,0,2.719,1.014,9,1,0.194,-2.032,-1.848,1.339,0.436,0.403,-1.701,5.089,9.57168238511742,
136,Dean Kremer,BAL,RIGHT,SP,129.66666666666663,24,24,110,72,59,18,51,123,8,10,0,0,0,4.095,1.242,6,3,0.046,-0.21,-0.274,-0.501,-0.438,-0.292,-1.714,5.0760000000000005,9.547231241276483,
137,Jakob Junis,CLE| KCA| SFN| CIN| MIL,RIGHT,SP| RP,67.0,6,24,49,22,20,8,8,51,4,0,1,0,0,2.687,0.851,6,1,0.09,-1.251,-1.827,-0.413,0.652,1.112,-1.728,5.062,9.520899240217013,
138,Jared Jones,PIT,RIGHT,SP,121.66666666666667,22,22,106,60,56,18,39,132,6,8,0,0,0,4.143,1.192,5,2,0.041,-0.731,-0.08,-0.501,-0.465,0.019,-1.757,5.033,9.466354380879539,
139,Charlie Morton,ATL| BAL| DET| TBA,RIGHT,SP,165.33333333333331,30,30,154,85,77,23,65,167,8,10,0,0,0,4.191,1.325,12,7,0.073,-0.21,0.675,-0.501,-0.707,-1.033,-1.776,5.014,9.4306180937274,
140,Lucas Erceg,KCA| OAK,RIGHT,RP,61.66666666666667,0,61,49,26,23,3,16,72,2,6,14,0,0,3.357,1.054,0,0,0.0,-1.772,-1.374,0.726,0.215,0.419,-1.786,5.004,9.411809521542063,
141,Jose Soriano,ANA,RIGHT,SP,113.00000000000001,20,22,91,50,43,8,45,97,6,7,0,0,0,3.425,1.204,2,2,0.018,-0.731,-0.834,-0.501,0.323,-0.047,-1.79,5.0,9.40428609266793,
142,Cody Bradford,TEX,LEFT,SP,76.33333333333334,13,14,64,32,30,10,13,70,6,3,0,0,0,3.537,1.009,8,1,0.105,-0.731,-1.417,-0.501,0.138,0.685,-1.825,4.965,9.338456090019253,
143,Justin Slaten,BOS,RIGHT,RP,55.333333333333336,0,44,47,21,18,4,9,58,6,2,2,0,0,2.928,1.012,2,0,0.036,-0.731,-1.676,-0.326,0.414,0.488,-1.83,4.96,9.329051803926586,
144,A. J. Puk,ARI| OAK| MIA,LEFT,SP| RP,71.33333333333333,4,62,51,31,25,5,28,88,4,9,3,0,0,3.154,1.107,5,1,0.07,-1.251,-1.029,-0.238,0.383,0.301,-1.834,4.9559999999999995,9.32152837505245,
145,David Robertson,PHI| TBA| CHN| MIA| NYN| TEX,RIGHT,RP,72.0,0,68,53,25,24,5,27,99,3,4,2,0,0,3.000,1.111,2,1,0.028,-1.511,-0.791,-0.326,0.49,0.291,-1.847,4.943,9.297077231211514,
146,Pete Fairbanks,TBA,RIGHT,RP,45.333333333333336,0,46,36,20,18,4,17,44,3,3,23,0,0,3.574,1.169,5,1,0.11,-1.511,-1.978,1.514,0.067,0.057,-1.852,4.938,9.287672945118846,
147,Nick Lodolo,CIN,LEFT,SP,115.33333333333336,21,21,101,62,61,13,37,122,9,6,0,0,0,4.760,1.196,11,4,0.095,0.05,-0.295,-0.501,-1.103,-0.009,-1.858,4.932,9.276387801807646,
148,Dylan Lee,ATL,LEFT,RP,59.66666666666667,0,52,49,19,14,7,17,76,4,2,0,0,0,2.112,1.106,1,3,0.017,-1.251,-1.287,-0.501,0.899,0.256,-1.885,4.905,9.225604656907239,
149,Edwin Uceta,TBA| LAN| ARI| NYN,RIGHT,RP,41.66666666666666,0,30,26,8,7,2,8,57,2,0,5,0,0,1.512,0.816,3,1,0.072,-1.772,-1.697,-0.063,0.861,0.761,-1.91,4.88,9.1785832264439,
150,Alexis Diaz,ATL| CIN| LAN,RIGHT,RP,56.33333333333333,0,60,42,31,25,6,31,55,2,5,28,0,0,3.994,1.296,7,3,0.124,-1.772,-1.74,1.952,-0.137,-0.274,-1.971,4.819,9.06385093611335,
151,Joe Musgrove,PIT| SDN,RIGHT,SP,99.66666666666666,19,19,94,44,43,14,23,101,6,5,0,0,0,3.883,1.174,7,4,0.07,-0.731,-0.748,-0.501,-0.14,0.101,-2.019,4.771,8.973569789623738,
152,Joe Jimenez,DET| ATL,RIGHT,RP,68.66666666666667,0,69,45,22,20,2,23,82,1,5,3,0,0,2.621,0.990,4,0,0.058,-2.032,-1.158,-0.238,0.709,0.678,-2.041,4.7490000000000006,8.932190930816,
153,Bryan Abreu,HOU,RIGHT,RP,78.33333333333334,0,78,59,27,27,9,32,103,3,3,1,0,0,3.102,1.162,13,3,0.166,-1.511,-0.705,-0.413,0.459,0.126,-2.045,4.745,8.924667501941865,
154,Andrew Kittredge,BAL| CHN| TBA| SLN,RIGHT,RP,70.66666666666666,0,74,60,26,22,10,20,67,5,5,1,0,0,2.802,1.132,11,0,0.156,-0.991,-1.482,-0.413,0.611,0.214,-2.06,4.73,8.896454643663862,
155,Alec Marsh,KCA,RIGHT,SP,129.0,25,26,123,70,65,19,39,123,9,9,0,0,0,4.535,1.256,9,2,0.07,0.05,-0.274,-0.501,-0.964,-0.378,-2.066,4.724,8.88516950035266,
156,Reed Garrett,NYN| WAS| BAL,RIGHT,RP,57.33333333333333,0,53,50,28,24,6,30,83,8,5,4,0,0,3.767,1.395,7,2,0.122,-0.21,-1.136,-0.151,-0.019,-0.554,-2.07,4.720000000000001,8.877646071478527,
157,Joel Payamps,ATL| MIL| ARI| KCA| TOR| OAK,RIGHT,RP,59.00000000000001,0,68,39,23,20,7,18,59,3,7,6,0,0,3.051,0.966,3,2,0.051,-1.511,-1.654,0.025,0.374,0.651,-2.116,4.6739999999999995,8.791126639425979,
158,Brant Hurter,DET,LEFT,RP,45.33333333333333,1,10,34,13,13,4,6,38,6,1,0,0,0,2.581,0.882,1,0,0.022,-0.731,-2.107,-0.501,0.485,0.683,-2.17,4.62,8.689560349625166,
159,Shane Baz,TBA,RIGHT,SP,79.33333333333333,14,14,57,28,27,9,27,69,4,3,0,0,0,3.063,1.059,3,2,0.038,-1.251,-1.438,-0.501,0.494,0.521,-2.176,4.614,8.678275206313964,
160,Aaron Civale,CHA| CHN| MIL| CLE| TBA,RIGHT,SP,161.0,31,31,158,82,78,29,52,149,8,9,0,0,0,4.360,1.304,4,2,0.025,-0.21,0.287,-0.501,-0.941,-0.849,-2.214,4.5760000000000005,8.60680263200969,
161,Andrew Heaney,LAN| PIT| ANA| NYA| TEX,LEFT,SP,159.99999999999997,31,32,159,84,76,23,41,159,5,14,0,0,0,4.275,1.250,8,1,0.05,-0.991,0.503,-0.501,-0.808,-0.424,-2.222,4.568,8.59175577426142,
162,Reese Olson,DET,RIGHT,SP,112.33333333333331,22,22,100,51,44,7,33,101,4,8,0,0,0,3.525,1.184,9,1,0.08,-1.251,-0.748,-0.501,0.216,0.06,-2.225,4.5649999999999995,8.58611320260582,
163,Nick Sandlin,TOR| CLE,RIGHT,RP,57.66666666666666,1,68,46,29,24,12,27,68,8,0,1,0,0,3.746,1.266,6,2,0.104,-0.21,-1.46,-0.413,-0.007,-0.197,-2.288,4.502000000000001,8.467619197838205,
164,Andre Pallante,SLN,RIGHT,SP| RP,121.33333333333334,20,29,110,55,51,8,48,94,8,8,0,0,0,3.783,1.302,26,6,0.214,-0.21,-0.899,-0.501,-0.058,-0.627,-2.295,4.495,8.45445319730847,
165,Ryan Thompson,ARI| TBA,RIGHT,RP,66.33333333333331,0,67,64,26,24,5,15,52,7,5,2,0,0,3.256,1.191,17,1,0.256,-0.47,-1.805,-0.326,0.294,0.013,-2.295,4.495,8.45445319730847,
166,Chris Bassitt,TOR| OAK| NYN,RIGHT,SP,171.0,31,31,180,91,79,18,70,168,10,14,0,0,0,4.158,1.462,14,9,0.082,0.31,0.697,-0.501,-0.678,-2.201,-2.372,4.418,8.309627191481383,
167,JoJo Romero,SLN| PHI,LEFT,RP,59.00000000000002,0,65,52,23,22,8,16,51,7,3,1,0,0,3.356,1.153,1,2,0.017,-0.47,-1.827,-0.413,0.206,0.121,-2.383,4.407,8.288937762077513,
168,Garrett Cleavinger,TBA| PHI| LAN,LEFT,RP,60.000000000000014,0,68,52,29,25,6,31,71,7,5,6,0,0,3.750,1.383,14,1,0.233,-0.47,-1.395,0.025,-0.01,-0.545,-2.396,4.394,8.264486618236576,
169,Camilo Doval,NYA| SFN,RIGHT,RP,59.00000000000001,0,62,54,35,32,5,39,78,5,3,23,0,0,4.881,1.576,12,0,0.203,-0.991,-1.244,1.514,-0.631,-1.084,-2.436,4.354,8.189252329495233,
170,Kyle Gibson,BAL| TEX| PHI| SLN,RIGHT,SP,169.66666666666669,30,30,161,91,80,23,68,151,8,8,0,0,0,4.244,1.350,8,1,0.047,-0.21,0.33,-0.501,-0.808,-1.265,-2.454,4.336,8.155396899561628,
171,Lance Lynn,TEX| CHA| LAN| SLN,RIGHT,SP,117.33333333333334,23,23,113,64,50,16,44,109,7,4,0,0,0,3.835,1.338,16,3,0.136,-0.47,-0.576,-0.501,-0.113,-0.809,-2.469,4.321,8.127184041283623,
172,Ryan Weathers,MIA| SDN,LEFT,SP,86.66666666666666,16,16,78,39,35,11,24,80,5,6,0,0,0,3.635,1.177,5,2,0.058,-0.991,-1.201,-0.501,0.079,0.076,-2.539,4.2509999999999994,7.995524035986272,
173,Osvaldo Bido,ATH| PIT| OAK,RIGHT,SP| RP,63.333333333333336,9,16,43,25,24,3,26,63,5,3,0,0,0,3.410,1.089,6,1,0.095,-0.991,-1.568,-0.501,0.189,0.322,-2.548,4.242,7.978596321019471,
174,Will Vest,DET| SEA,RIGHT,RP,70.33333333333334,0,69,61,23,22,3,18,63,3,4,2,0,0,2.815,1.123,3,2,0.043,-1.511,-1.568,-0.326,0.6,0.243,-2.562,4.228,7.95226431996,
175,Mitchell Parker,WAS,LEFT,SP,151.0,29,29,154,82,72,18,43,133,7,10,0,0,0,4.291,1.305,4,1,0.026,-0.47,-0.058,-0.501,-0.786,-0.798,-2.613,4.177,7.856340601814788,
176,Tyler Rogers,NYN| SFN,RIGHT,RP,70.33333333333334,0,77,67,23,22,7,6,51,3,4,1,0,0,2.815,1.038,7,2,0.1,-1.511,-1.827,-0.413,0.6,0.533,-2.619,4.170999999999999,7.845055458503586,
177,Trent Thornton,SEA| TOR,RIGHT,RP,72.33333333333334,0,71,63,32,29,8,19,77,4,3,1,0,0,3.608,1.134,7,6,0.097,-1.251,-1.266,-0.413,0.083,0.214,-2.633,4.157,7.818723457444117,
178,Devin Williams,NYA| MIL,RIGHT,RP,21.666666666666664,0,22,10,3,3,1,11,38,1,0,14,0,0,1.246,0.969,1,0,0.046,-2.032,-2.107,0.726,0.501,0.236,-2.677,4.1129999999999995,7.735965739828638,
179,Javier Assad,CHN,RIGHT,SP,147.0,29,29,143,64,61,20,63,124,7,6,0,0,0,3.735,1.401,11,6,0.075,-0.47,-0.252,-0.501,-0.004,-1.462,-2.69,4.1,7.711514595987701,
180,Jorge Alcala,BOS| MIN| SLN,RIGHT,RP,58.33333333333333,0,54,40,23,21,8,20,58,4,3,0,0,0,3.240,1.029,9,3,0.154,-1.251,-1.676,-0.501,0.267,0.468,-2.693,4.0969999999999995,7.7058720243321,
181,Shelby Miller,ARI| MIL| CHN| PIT| SFN| LAN| DET,RIGHT,RP,55.666666666666664,0,51,41,31,28,9,13,49,6,8,2,0,0,4.527,0.970,5,0,0.09,-0.731,-1.87,-0.326,-0.412,0.604,-2.734,4.056,7.628756878372225,
182,Spencer Turnbull,TOR| DET| PHI,RIGHT,SP| RP,54.333333333333336,7,17,37,17,16,6,20,58,3,0,0,0,0,2.650,1.049,6,1,0.11,-1.511,-1.676,-0.501,0.547,0.382,-2.759,4.031000000000001,7.581735447908886,
183,Ryne Stanek,NYN| MIA| HOU| SEA,RIGHT,RP,55.33333333333332,0,63,48,32,30,8,25,67,7,3,7,0,0,4.880,1.319,2,0,0.036,-0.47,-1.482,0.112,-0.591,-0.331,-2.762,4.0280000000000005,7.576092876253285,
184,Spencer Arrighetti,HOU,RIGHT,SP,145.00000000000003,28,29,139,80,73,21,65,171,7,13,0,0,0,4.531,1.407,16,5,0.11,-0.47,0.762,-0.501,-1.078,-1.481,-2.769,4.021,7.562926875723549,
185,Pierce Johnson,ATL| SDN| COL,RIGHT,RP,56.33333333333335,0,58,48,25,23,6,25,67,6,6,2,0,0,3.675,1.296,8,1,0.142,-0.731,-1.482,-0.326,0.03,-0.274,-2.782,4.008,7.538475731882612,
186,Yimi Garcia,TOR| MIA| HOU| SEA,RIGHT,RP,39.0,0,39,23,15,15,6,12,49,3,0,5,0,0,3.462,0.897,5,0,0.128,-1.511,-1.87,-0.063,0.098,0.559,-2.787,4.003,7.529071445789945,
187,Yennier Cano,BAL| MIN,RIGHT,RP,59.999999999999986,0,70,54,24,21,6,24,65,4,3,5,0,0,3.150,1.300,7,3,0.117,-1.251,-1.525,-0.063,0.325,-0.304,-2.818,3.972,7.470764872015403,
188,Michael Tonkin,MIN| ATL| NYA| NYN,RIGHT,RP,79.3333333333333,0,57,70,43,32,6,30,85,4,4,2,0,0,3.630,1.260,8,1,0.101,-1.251,-1.093,-0.326,0.075,-0.251,-2.846,3.944,7.418100869896462,
189,Pedro Avila,SDN| CLE,RIGHT,RP,82.66666666666667,0,54,73,38,35,8,36,82,6,1,1,0,0,3.811,1.319,0,0,0.0,-0.731,-1.158,-0.413,-0.06,-0.492,-2.855,3.935,7.40117315492966,
190,Tyler Ferguson,ATH| OAK,RIGHT,RP,51.33333333333334,0,48,32,23,21,4,24,62,4,2,2,0,0,3.682,1.091,0,2,0.0,-1.251,-1.589,-0.326,0.024,0.258,-2.885,3.9050000000000002,7.344747438373654,
191,Buck Farmer,DET| CIN,RIGHT,RP,70.99999999999999,1,61,56,25,24,7,29,70,3,2,1,0,0,3.042,1.197,12,2,0.169,-1.511,-1.417,-0.413,0.456,-0.007,-2.894,3.896,7.327819723406851,
192,Jose Leclerc,ATH| TEX,RIGHT,RP,66.66666666666667,0,64,56,33,32,7,32,89,6,5,1,0,0,4.320,1.320,11,3,0.165,-0.731,-1.007,-0.413,-0.365,-0.402,-2.918,3.872,7.2826791501620445,
193,Dennis Santana,PIT| LAN| TEX| NYN| NYA,RIGHT,RP,71.66666666666664,0,62,57,33,31,4,21,69,3,1,3,0,0,3.893,1.088,7,2,0.098,-1.511,-1.438,-0.238,-0.107,0.368,-2.927,3.863,7.265751435195242,
194,A. J. Minter,NYN| ATL,LEFT,RP,34.33333333333334,0,39,24,10,10,6,11,35,5,4,1,0,0,2.621,1.019,1,3,0.029,-0.991,-2.172,-0.413,0.355,0.291,-2.931,3.859,7.258228006321108,
195,Hunter Strickland,ANA| NYN| MIL| TBA| CIN,RIGHT,RP,73.33333333333333,0,72,56,31,27,10,24,57,3,2,1,0,0,3.314,1.091,6,2,0.082,-1.511,-1.697,-0.413,0.285,0.368,-2.969,3.821,7.186755432016832,
196,Joe Mantiply,ARI,LEFT,RP,59.66666666666668,2,75,52,27,26,1,18,53,6,2,1,0,0,3.922,1.173,7,1,0.117,-0.731,-1.784,-0.413,-0.105,0.063,-2.97,3.82,7.184874574798298,
197,Landon Knack,LAN,RIGHT,SP| RP,69.0,12,15,58,28,28,14,18,69,3,5,1,0,0,3.652,1.101,7,0,0.101,-1.511,-1.438,-0.413,0.051,0.311,-3.001,3.789,7.126568001023757,
198,DJ Herz,WAS,LEFT,SP,88.66666666666666,19,19,76,45,41,11,36,106,4,9,0,0,0,4.162,1.263,2,0,0.023,-1.251,-0.64,-0.501,-0.354,-0.291,-3.038,3.7520000000000002,7.056976283938015,
199,Seranthony Dominguez,BAL| TOR| PHI,RIGHT,RP,58.66666666666668,0,63,52,32,29,12,21,68,3,4,11,0,0,4.449,1.244,12,0,0.205,-1.511,-1.46,0.463,-0.391,-0.139,-3.039,3.751,7.055095426719481,
200,Eli Morgan,CHN| CLE,RIGHT,RP,42.0,0,32,30,11,9,4,11,34,3,0,0,0,0,1.929,0.976,8,2,0.19,-1.511,-2.193,-0.501,0.705,0.443,-3.058,3.732,7.019359139567343,
201,Jose Alvarado,PHI| TBA,LEFT,RP,61.66666666666667,0,66,49,30,28,6,28,63,2,5,13,0,0,4.087,1.249,7,1,0.114,-1.772,-1.568,0.638,-0.203,-0.159,-3.064,3.726,7.008073996256141,
202,Phil Maton,SLN| TEX| CLE| HOU| NYN| TBA,RIGHT,RP,64.0,0,71,47,27,26,7,24,60,3,3,3,0,0,3.656,1.109,2,2,0.031,-1.511,-1.633,-0.238,0.045,0.264,-3.073,3.717,6.991146281289339,
203,Adrian Morejon,SDN,LEFT,RP,63.66666666666665,0,60,63,24,20,4,21,71,3,2,2,0,0,2.827,1.319,9,0,0.141,-1.511,-1.395,-0.326,0.536,-0.382,-3.078,3.712,6.981741995196671,
204,Simeon Woods Richardson,MIN,RIGHT,SP,133.66666666666666,28,28,125,63,62,16,48,117,5,5,0,0,0,4.175,1.294,11,2,0.082,-0.991,-0.403,-0.501,-0.55,-0.64,-3.085,3.705,6.968575994666936,
205,Bailey Falter,KCA| PIT| PHI,LEFT,SP,142.33333333333334,28,28,138,72,70,17,45,97,8,9,0,0,0,4.426,1.286,18,5,0.126,-0.21,-0.834,-0.501,-0.919,-0.622,-3.087,3.703,6.964814280229868,
206,Yuki Matsui,SDN,LEFT,RP,62.66666666666668,0,64,46,27,26,8,27,69,4,2,0,0,0,3.734,1.165,2,1,0.032,-1.251,-1.438,-0.501,-0.001,0.091,-3.101,3.689,6.938482279170398,
207,James McArthur,KCA,RIGHT,RP,56.66666666666666,0,57,68,36,31,8,14,49,5,7,18,0,0,4.923,1.447,3,1,0.053,-0.991,-1.87,1.076,-0.628,-0.689,-3.101,3.689,6.938482279170398,
208,Matt Waldron,SDN,RIGHT,SP,146.66666666666669,26,27,145,84,80,21,40,133,7,11,0,0,0,4.909,1.261,16,2,0.109,-0.47,-0.058,-0.501,-1.606,-0.469,-3.105,3.685,6.930958850296264,
209,Zack Kelly,BOS,RIGHT,SP| RP,56.666666666666664,3,49,44,31,25,10,27,61,6,3,0,0,0,3.971,1.253,6,1,0.106,-0.731,-1.611,-0.501,-0.126,-0.158,-3.127,3.6630000000000003,6.889579991488525,
210,Dedniel Nunez,NYN,RIGHT,RP,35.00000000000001,0,25,24,11,9,3,8,48,2,0,1,0,0,2.314,0.914,3,1,0.086,-1.772,-1.891,-0.413,0.462,0.474,-3.141,3.649,6.863247990429055,
211,Bryan Hoeing,SDN| MIA,RIGHT,RP,53.666666666666664,2,34,43,15,13,4,14,43,2,3,0,0,0,2.180,1.062,7,2,0.13,-1.772,-1.999,-0.501,0.775,0.344,-3.153,3.637,6.8406777038066515,
212,Dylan Floro,LAN| MIA| MIN| ARI| WAS,RIGHT,RP,68.66666666666669,0,66,65,31,29,5,17,48,6,4,0,0,0,3.801,1.194,9,1,0.131,-0.731,-1.891,-0.501,-0.044,0.003,-3.164,3.626,6.819988274402783,
213,Merrill Kelly,ARI| TEX,RIGHT,SP,73.66666666666667,13,13,67,35,33,11,19,63,5,1,0,0,0,4.032,1.167,5,2,0.068,-0.991,-1.568,-0.501,-0.205,0.098,-3.167,3.623,6.8143457027471825,
214,Collin Snider,SEA| KCA,RIGHT,RP,41.66666666666666,0,42,36,14,9,5,13,47,3,4,0,0,0,1.944,1.176,3,1,0.072,-1.511,-1.913,-0.501,0.693,0.038,-3.194,3.596,6.763562557846775,
215,Kyle Harrison,BOS| SFN,LEFT,SP,124.33333333333334,24,24,125,65,63,18,42,118,7,7,0,0,0,4.560,1.343,18,6,0.145,-0.47,-0.382,-0.501,-0.958,-0.888,-3.199,3.591,6.7541582717541075,
216,Elvis Peguero,CHA| MIL| ANA,RIGHT,RP,51.33333333333334,0,52,52,22,17,4,27,47,7,4,2,0,0,2.981,1.539,4,0,0.078,-0.47,-1.913,-0.326,0.359,-0.851,-3.201,3.589,6.75039655731704,
217,Beau Brieske,DET,RIGHT,SP| RP,67.66666666666666,12,46,55,31,27,5,30,69,4,5,1,0,0,3.591,1.256,5,3,0.074,-1.251,-1.438,-0.413,0.089,-0.199,-3.214,3.576,6.725945413476103,
218,Jake Cousins,MIL| NYA,RIGHT,RP,38.00000000000001,0,37,20,14,10,5,20,53,2,1,1,0,0,2.368,1.053,6,0,0.158,-1.772,-1.784,-0.413,0.482,0.261,-3.226,3.564,6.7033751268537,
219,Paul Sewald,CLE| DET| NYN| SEA| ARI,RIGHT,RP,39.666666666666664,0,42,35,19,19,6,10,43,1,2,16,0,0,4.311,1.135,4,1,0.101,-2.032,-1.999,0.901,-0.214,0.116,-3.228,3.562,6.699613412416633,
220,Jacob Barnes,TOR| ANA| NYN| DET| NYA| SLN| WAS,RIGHT,RP,66.0,0,63,67,36,32,10,20,55,8,3,0,0,0,4.364,1.318,7,1,0.106,-0.21,-1.74,-0.501,-0.388,-0.392,-3.231,3.559,6.6939708407610325,
221,Carmen Mlodzinski,PIT,RIGHT,SP| RP,50.66666666666667,4,40,41,22,19,3,19,46,5,5,0,0,0,3.375,1.184,6,0,0.118,-0.991,-1.934,-0.501,0.168,0.026,-3.232,3.558,6.692089983542498,
222,Manuel Rodriguez,TBA| CHN,RIGHT,RP,37.666666666666664,0,40,29,13,9,3,11,34,3,4,2,0,0,2.150,1.062,0,0,0.0,-1.511,-2.193,-0.326,0.554,0.242,-3.235,3.555,6.686447411886898,
223,Erik Miller,SFN,LEFT,SP| RP,67.33333333333333,10,73,50,33,29,7,38,87,4,5,0,0,0,3.876,1.307,8,3,0.119,-1.251,-1.05,-0.501,-0.09,-0.363,-3.256,3.5340000000000003,6.646949410297693,
224,Jalen Beeks,ARI| TBA| COL| PIT,LEFT,RP,70.00000000000001,0,71,77,42,35,6,27,55,7,4,10,0,0,4.500,1.486,4,0,0.057,-0.47,-1.74,0.375,-0.5,-0.981,-3.317,3.473,6.532217119967144,
225,Bryse Wilson,CHA| ATL| PIT| MIL,RIGHT,SP| RP,104.66666666666666,9,34,102,49,47,20,31,82,5,4,0,0,0,4.041,1.271,7,3,0.067,-0.991,-1.158,-0.501,-0.301,-0.382,-3.333,3.457,6.502123404470606,
226,Hogan Harris,ATH| OAK,LEFT,SP| RP,72.33333333333333,9,21,65,29,23,7,33,61,4,4,0,0,0,2.862,1.355,2,3,0.028,-1.251,-1.611,-0.501,0.586,-0.557,-3.335,3.455,6.49836169003354,
227,Jacob Webb,TEX| ATL| ANA| BAL,RIGHT,RP,56.66666666666666,0,60,40,23,19,4,27,58,2,5,2,0,0,3.018,1.182,4,2,0.071,-1.772,-1.676,-0.326,0.377,0.035,-3.362,3.428,6.447578545133132,
228,Tylor Megill,NYN,RIGHT,SP,78.00000000000001,15,16,70,39,35,8,32,91,4,5,0,0,0,4.038,1.308,5,2,0.064,-1.251,-0.964,-0.501,-0.222,-0.424,-3.362,3.428,6.447578545133132,
229,Hayden Wesneski,HOU| CHN,RIGHT,SP| RP,67.66666666666667,7,28,56,37,29,12,21,67,3,6,0,0,0,3.857,1.138,3,0,0.044,-1.511,-1.482,-0.501,-0.079,0.186,-3.387,3.403,6.400557114669793,
230,David Bednar,NYA| PIT| SDN,RIGHT,RP,57.66666666666665,0,62,54,40,37,9,28,58,3,8,23,0,0,5.775,1.422,14,0,0.243,-1.511,-1.676,1.514,-1.096,-0.631,-3.4,3.39,6.376105970828856,
231,Chris Martin,TEX| ATL| CHN| LAN| BOS,RIGHT,RP,44.333333333333336,0,45,47,22,17,5,3,50,3,1,2,0,0,3.451,1.128,6,2,0.135,-1.511,-1.848,-0.326,0.116,0.144,-3.426,3.364,6.3272036831469824,
232,Austin Voth,WAS| BAL| SEA,RIGHT,RP,61.0,0,68,46,31,25,9,18,61,2,5,0,0,0,3.688,1.049,5,0,0.082,-1.772,-1.611,-0.501,0.025,0.429,-3.43,3.36,6.319680254272848,
233,Greg Weissert,BOS| NYA,RIGHT,RP,63.333333333333336,0,62,65,32,22,7,20,58,4,2,1,0,0,3.126,1.342,5,4,0.079,-1.251,-1.676,-0.413,0.357,-0.449,-3.433,3.357,6.314037682617248,
234,Jorge Lopez,WAS| BAL| KCA| MIN| MIA| CHN| NYN,RIGHT,RP,52.99999999999999,0,52,46,19,17,6,19,50,2,3,4,0,0,2.887,1.226,6,1,0.113,-1.772,-1.848,-0.151,0.417,-0.08,-3.434,3.356,6.312156825398714,
235,Sean Guenther,DET| MIA,LEFT,RP,21.000000000000004,0,17,9,2,2,0,2,12,3,0,0,0,0,0.857,0.524,0,0,0.0,-1.511,-2.668,-0.501,0.562,0.679,-3.439,3.351,6.302752539306046,
236,Marcus Stroman,NYA| NYN| CHN,RIGHT,SP,154.66666666666666,29,30,167,81,74,19,60,113,10,9,1,0,0,4.306,1.468,25,5,0.162,0.31,-0.489,-0.413,-0.826,-2.033,-3.451,3.339,6.280182252683643,
237,Anthony Bender,MIA,RIGHT,RP,53.0,0,59,50,25,24,3,18,59,5,2,1,0,0,4.075,1.283,7,1,0.132,-0.991,-1.654,-0.413,-0.169,-0.225,-3.453,3.337,6.276420538246576,
238,Kyle Bradish,BAL,RIGHT,SP,39.333333333333336,8,8,27,12,12,2,15,53,2,0,0,0,0,2.746,1.068,0,0,0.0,-1.772,-1.784,-0.501,0.361,0.241,-3.454,3.336,6.274539681028043,
239,Tony Santillan,CIN,RIGHT,RP,30.000000000000004,1,29,21,11,10,4,9,46,3,3,0,0,0,3.000,1.000,0,0,0.0,-1.511,-1.934,-0.501,0.204,0.282,-3.461,3.329,6.261373680498308,
240,Mitch Spence,ATH| OAK,RIGHT,SP| RP,151.33333333333334,24,35,165,79,77,20,44,126,8,10,0,0,0,4.579,1.381,15,7,0.099,-0.21,-0.209,-0.501,-1.193,-1.357,-3.47,3.32,6.244445965531505,
241,J. T. Chargois,SEA| TBA| MIA,RIGHT,RP,36.33333333333333,0,36,24,9,9,6,13,30,3,1,0,0,0,2.229,1.018,3,0,0.083,-1.511,-2.28,-0.501,0.508,0.309,-3.475,3.315,6.2350416794388375,
242,Danny Coulombe,MIN| TEX| BAL,LEFT,RP,29.666666666666664,0,33,15,7,7,3,5,32,1,0,1,0,0,2.124,0.674,0,0,0.0,-2.032,-2.236,-0.413,0.444,0.745,-3.493,3.297,6.201186249505233,
243,Taylor Rogers,CHN| CIN| MIN| MIL| SDN| SFN,LEFT,RP,60.0,0,64,53,22,16,7,22,64,1,4,0,0,0,2.400,1.250,4,1,0.067,-2.032,-1.546,-0.501,0.743,-0.159,-3.495,3.295,6.197424535068166,
244,Frankie Montas,NYN| OAK| NYA| CIN| MIL,RIGHT,SP,150.66666666666666,30,30,140,89,81,24,66,148,7,11,0,0,0,4.838,1.367,17,7,0.113,-0.47,0.266,-0.501,-1.551,-1.251,-3.508,3.282,6.172973391227229,
245,Anthony Banda,LAN| TBA| NYN| PIT| NYA| TOR| WAS,LEFT,RP,49.666666666666664,2,48,44,19,17,5,18,50,3,2,2,0,0,3.080,1.248,5,2,0.101,-1.511,-1.848,-0.326,0.301,-0.128,-3.512,3.278,6.165449962353095,
246,Sean Hjelle,SFN,RIGHT,RP,80.66666666666666,0,58,84,37,35,10,14,75,3,4,0,0,0,3.905,1.215,4,0,0.05,-1.511,-1.309,-0.501,-0.13,-0.077,-3.529,3.261,6.133475389638024,
247,Ben Joyce,ANA,RIGHT,RP,34.66666666666667,1,31,26,8,8,1,14,33,2,0,4,0,0,2.077,1.154,0,1,0.0,-1.772,-2.215,-0.151,0.534,0.069,-3.535,3.255,6.122190246326822,
248,Jose Ruiz,ATL| PHI| CHA| ARI,RIGHT,RP,50.99999999999999,0,52,51,23,21,8,17,52,5,1,1,0,0,3.706,1.333,1,0,0.02,-0.991,-1.805,-0.413,0.012,-0.34,-3.537,3.253,6.118428531889755,
249,Hoby Milner,TEX| ANA| MIL,LEFT,RP,64.66666666666667,1,61,63,38,34,6,14,64,5,1,1,0,0,4.732,1.191,3,1,0.046,-0.991,-1.546,-0.413,-0.602,0.013,-3.539,3.251,6.1146668174526875,
250,Grant Holmes,ATL,RIGHT,SP| RP,68.33333333333333,7,26,66,27,27,7,15,70,2,1,0,0,0,3.556,1.185,7,0,0.102,-1.772,-1.417,-0.501,0.112,0.032,-3.546,3.244,6.101500816922953,
251,Jose Urena,ANA| LAN| MIN| NYN| TOR| MIA| DET| COL| MIL| CHA| TEX,RIGHT,SP| RP,109.00000000000003,9,33,105,51,46,13,39,70,5,8,1,0,0,3.798,1.321,10,2,0.092,-0.991,-1.417,-0.413,-0.067,-0.663,-3.551,3.239,6.092096530830284,
252,Calvin Faucher,MIA| TBA,RIGHT,RP,53.666666666666664,0,53,49,25,19,0,26,63,2,3,6,0,0,3.186,1.397,5,0,0.093,-1.772,-1.568,0.025,0.272,-0.524,-3.566,3.224,6.063883672552281,
253,Alex Faedo,DET,RIGHT,SP| RP,57.33333333333332,6,37,49,24,23,9,28,55,5,3,0,0,0,3.611,1.343,1,4,0.017,-0.991,-1.74,-0.501,0.065,-0.409,-3.577,3.213,6.043194243148411,
254,Robert Garcia,TEX| MIA| WAS,LEFT,RP,59.66666666666667,0,72,55,34,28,4,16,75,3,6,0,0,0,4.223,1.190,4,1,0.067,-1.511,-1.309,-0.501,-0.273,0.015,-3.58,3.21,6.03755167149281,
255,Mark Leiter,NYA| CHN,RIGHT,RP,57.99999999999999,0,60,55,34,29,8,22,86,4,5,0,0,0,4.500,1.328,6,0,0.103,-1.251,-1.072,-0.501,-0.414,-0.371,-3.609,3.181,5.983006812155337,
256,Victor Vodnik,COL,RIGHT,RP,73.66666666666666,0,64,72,37,35,7,37,65,5,4,9,0,0,4.276,1.480,3,0,0.041,-0.991,-1.525,0.288,-0.373,-1.011,-3.612,3.178,5.977364240499736,
257,James Paxton,NYA| SEA| BOS| LAN,LEFT,SP,100.33333333333333,21,21,95,53,49,12,50,73,9,3,0,0,0,4.395,1.445,6,3,0.06,0.05,-1.352,-0.501,-0.619,-1.21,-3.632,3.158,5.939747096129064,
258,Cooper Criswell,BOS| ANA| TBA,RIGHT,SP| RP,99.33333333333333,18,26,103,52,45,10,31,73,6,5,0,0,0,4.077,1.349,2,1,0.02,-0.731,-1.352,-0.501,-0.319,-0.737,-3.64,3.15,5.924700238380796,
259,Joey Estes,ATH| OAK,RIGHT,SP,127.66666666666667,24,25,130,73,71,23,27,92,7,9,0,0,0,5.005,1.230,4,1,0.031,-0.47,-0.942,-0.501,-1.512,-0.214,-3.64,3.15,5.924700238380796,
260,John King,SLN| TEX,LEFT,RP,59.999999999999986,0,56,58,23,19,5,14,38,3,3,0,0,0,2.850,1.200,11,0,0.183,-1.511,-2.107,-0.501,0.492,-0.014,-3.642,3.148,5.920938523943729,
261,Jesus Tinoco,MIA| COL| TEX| CHN,RIGHT,RP,40.66666666666666,0,32,27,15,15,3,12,42,1,0,3,0,0,3.320,0.959,4,0,0.098,-2.032,-2.021,-0.238,0.156,0.463,-3.672,3.118,5.864512807387721,
262,Sam Long,KCA| SFN| OAK,LEFT,RP,42.666666666666664,0,43,34,17,15,5,17,44,3,3,1,0,0,3.164,1.195,0,0,0.0,-1.511,-1.978,-0.413,0.225,-0.001,-3.678,3.112,5.8532276640765195,
263,Daniel Lynch,KCA,LEFT,SP| RP,43.33333333333333,3,16,29,17,16,6,14,39,2,0,1,0,0,3.323,0.992,3,1,0.069,-1.772,-2.085,-0.413,0.165,0.423,-3.682,3.108,5.845704235202385,
264,Brent Suter,CIN| MIL| COL,LEFT,SP| RP,65.66666666666667,3,47,63,25,23,10,12,50,1,0,2,0,0,3.152,1.142,3,0,0.046,-2.032,-1.848,-0.326,0.354,0.167,-3.685,3.105,5.840061663546784,
265,Ben Brown,CHN,RIGHT,SP| RP,55.33333333333334,8,15,41,22,22,5,19,64,1,3,0,0,0,3.578,1.084,5,0,0.09,-2.032,-1.546,-0.501,0.079,0.295,-3.705,3.085,5.802444519176112,
266,Michael McGreevy,SLN,RIGHT,SP,23.0,3,4,16,5,5,1,2,18,3,0,0,0,0,1.956,0.783,0,0,0.0,-1.511,-2.538,-0.501,0.38,0.457,-3.714,3.076,5.78551680420931,
267,Matt Boyd,CHN| DET| SEA| CLE,LEFT,SP,39.666666666666664,8,8,32,16,12,4,13,46,2,2,0,0,0,2.723,1.135,4,0,0.101,-1.772,-1.934,-0.501,0.372,0.116,-3.719,3.071,5.776112518116642,
268,Andrew Chafin,ANA| WAS| ARI| CHN| OAK| DET| MIL| TEX,LEFT,RP,56.33333333333333,0,62,52,26,22,5,31,70,4,3,1,0,0,3.515,1.473,6,1,0.107,-1.251,-1.417,-0.413,0.114,-0.756,-3.724,3.066,5.766708232023974,
269,Colin Holderman,PIT| NYN,RIGHT,RP,51.33333333333333,0,55,42,23,18,6,25,56,3,6,0,0,0,3.156,1.305,9,3,0.175,-1.511,-1.719,-0.501,0.275,-0.273,-3.729,3.061,5.757303945931306,
270,Aaron Bummer,ATL| CHA,LEFT,RP,55.33333333333333,0,56,61,24,22,2,18,69,4,3,0,0,0,3.578,1.428,13,5,0.235,-1.251,-1.438,-0.501,0.079,-0.621,-3.732,3.058,5.751661374275705,
271,Miles Mikolas,SLN,RIGHT,SP,171.66666666666663,32,32,194,106,102,26,25,122,10,11,0,0,0,5.348,1.276,8,2,0.047,0.31,-0.295,-0.501,-2.58,-0.668,-3.734,3.056,5.747899659838638,
272,Fernando Cruz,NYA| CIN,RIGHT,SP| RP,66.66666666666669,3,69,54,36,36,9,35,109,3,8,0,0,0,4.860,1.335,11,1,0.165,-1.511,-0.576,-0.501,-0.7,-0.45,-3.738,3.052,5.740376230964504,
273,Hans Crouse,PHI| ANA,RIGHT,RP,25.333333333333332,0,25,14,10,8,2,17,34,4,3,0,0,0,2.842,1.224,4,1,0.158,-1.251,-2.193,-0.501,0.21,-0.035,-3.771,3.019,5.678307942752896,
274,John Schreiber,KCA| DET| BOS,RIGHT,RP,51.66666666666667,0,59,48,23,21,1,20,46,4,3,2,0,0,3.658,1.316,1,0,0.019,-1.251,-1.934,-0.326,0.036,-0.302,-3.778,3.012,5.665141942223161,
275,Spencer Bivens,SFN,RIGHT,RP,48.666666666666664,2,27,47,20,17,9,11,37,3,1,1,0,0,3.144,1.192,4,0,0.082,-1.511,-2.129,-0.413,0.266,0.008,-3.78,3.0100000000000002,5.661380227786094,
276,Sam Moll,CIN| OAK,LEFT,RP,37.666666666666664,0,48,27,16,14,3,14,38,3,2,0,0,0,3.345,1.089,5,1,0.133,-1.511,-2.107,-0.501,0.136,0.193,-3.791,2.999,5.6406907983822245,
277,Jesse Chavez,ATL| TEX| ANA| CHN,RIGHT,RP,63.333333333333336,0,46,60,27,22,10,19,55,2,2,0,0,0,3.126,1.247,8,0,0.126,-1.772,-1.74,-0.501,0.357,-0.16,-3.816,2.974,5.593669367918885,
278,Luis Garcia,ANA| LAN| WAS| TEX| SLN| SDN| BOS,RIGHT,RP,58.99999999999999,0,60,61,36,32,8,15,53,5,1,4,0,0,4.881,1.288,9,1,0.153,-0.991,-1.784,-0.151,-0.631,-0.265,-3.821,2.969,5.584265081826216,
279,Tyler Alexander,CHA| MIL| DET| TBA,LEFT,SP| RP,107.66666666666666,9,23,110,61,61,23,24,90,6,5,0,0,0,5.099,1.245,10,4,0.093,-0.731,-0.985,-0.501,-1.369,-0.257,-3.844,2.946,5.541005365799944,
280,Tyler Kinley,ATL| COL,RIGHT,RP,64.0,0,67,61,44,44,11,33,72,6,1,12,0,0,6.188,1.469,11,0,0.172,-0.731,-1.374,0.55,-1.462,-0.845,-3.861,2.929,5.5090307930848725,
281,Jon Gray,TEX| COL,RIGHT,SP| RP,102.66666666666669,19,23,107,54,51,11,28,86,5,6,0,0,0,4.471,1.315,9,0,0.088,-0.991,-1.072,-0.501,-0.706,-0.594,-3.863,2.927,5.505269078647806,
282,Ryan Pressly,CHN| HOU,RIGHT,RP,56.666666666666664,0,59,58,25,22,4,18,58,2,3,4,0,0,3.494,1.341,3,1,0.053,-1.772,-1.676,-0.151,0.125,-0.399,-3.872,2.918,5.488341363681004,
283,Tanner Banks,PHI| CHA,LEFT,RP,72.33333333333334,2,63,69,41,32,6,25,78,2,3,2,0,0,3.982,1.300,13,5,0.18,-1.772,-1.244,-0.326,-0.168,-0.365,-3.874,2.916,5.484579649243936,
284,Hayden Birdsong,SFN,RIGHT,SP,71.99999999999999,16,16,57,39,38,11,43,88,5,6,0,0,0,4.750,1.389,4,1,0.056,-0.991,-1.029,-0.501,-0.682,-0.673,-3.875,2.915,5.482698792025403,
285,Tommy Kahnle,DET| NYA| LAN,RIGHT,RP,42.666666666666664,0,50,30,16,10,5,19,46,0,2,1,0,0,2.109,1.148,2,0,0.047,-2.292,-1.934,-0.413,0.644,0.096,-3.9,2.89,5.435677361562063,
286,Kris Bubic,KCA,LEFT,RP,30.333333333333332,0,27,26,12,9,2,5,39,1,1,1,0,0,2.670,1.022,0,2,0.0,-2.032,-2.085,-0.413,0.3,0.253,-3.978,2.812,5.288970498516443,
287,Keegan Thompson,CHN,RIGHT,RP,30.333333333333336,0,24,19,12,9,3,18,36,2,1,2,0,0,2.670,1.220,2,0,0.066,-1.772,-2.15,-0.326,0.3,-0.036,-3.984,2.806,5.277685355205242,
288,Scott Barlow,CIN| KCA| SDN| CLE,RIGHT,RP,55.0,0,63,44,27,26,6,31,68,3,3,2,0,0,4.255,1.364,11,1,0.2,-1.511,-1.46,-0.326,-0.267,-0.447,-4.012,2.7780000000000005,5.225021353086302,
289,Danny Young,NYN| ATL| SEA,LEFT,RP,37.66666666666668,0,42,29,22,19,3,18,48,4,1,0,0,0,4.540,1.248,2,0,0.053,-1.251,-1.891,-0.501,-0.283,-0.096,-4.023,2.7670000000000003,5.204331923682433,
290,Jonathan Cannon,CHA,RIGHT,SP,124.33333333333334,21,23,125,65,62,18,40,91,5,10,1,0,0,4.488,1.327,10,7,0.08,-0.991,-0.964,-0.413,-0.874,-0.792,-4.034,2.7560000000000002,5.183642494278563,
291,Keider Montero,DET,RIGHT,SP| RP,98.33333333333333,16,19,100,54,52,19,31,77,6,6,0,0,0,4.759,1.332,6,4,0.061,-0.731,-1.266,-0.501,-0.94,-0.65,-4.088,2.702,5.082076204477749,
292,Daysbel Hernandez,ATL,RIGHT,RP,18.000000000000004,0,16,10,6,5,0,10,26,3,0,0,0,0,2.500,1.111,1,0,0.056,-1.511,-2.366,-0.501,0.206,0.073,-4.099,2.691,5.0613867750738795,
293,Drew Smyly,SFN| ATL| CHN,LEFT,RP,58.66666666666667,0,50,57,29,25,10,25,56,4,8,0,0,0,3.835,1.398,7,1,0.119,-1.251,-1.719,-0.501,-0.056,-0.573,-4.101,2.689,5.057625060636813,
294,Cody Poteet,BAL| MIA| NYA,RIGHT,SP,24.333333333333332,4,5,18,7,6,2,8,16,3,0,0,0,0,2.219,1.069,0,0,0.0,-1.511,-2.582,-0.501,0.342,0.148,-4.103,2.6870000000000003,5.053863346199746,
295,Michael Kelly,ATH| PHI| CLE| OAK,RIGHT,RP,31.333333333333332,0,28,27,11,9,2,10,22,3,2,0,0,0,2.585,1.181,1,0,0.032,-1.511,-2.452,-0.501,0.334,0.021,-4.109,2.681,5.042578202888544,
296,Rhett Lowder,CIN,RIGHT,SP,30.666666666666664,6,6,25,4,4,0,14,22,2,2,0,0,0,1.174,1.272,5,2,0.163,-1.772,-2.452,-0.501,0.73,-0.113,-4.109,2.681,5.042578202888544,
297,Matt Festa,CLE| SEA| NYN| TEX,RIGHT,RP,23.666666666666664,0,19,21,18,15,2,8,24,6,1,0,0,0,5.704,1.225,7,0,0.296,-0.731,-2.409,-0.501,-0.434,-0.035,-4.11,2.6799999999999997,5.04069734567001,
298,Ryan Fernandez,SLN,RIGHT,RP,66.66666666666667,0,62,58,30,26,4,32,71,1,6,2,0,0,3.510,1.350,12,1,0.18,-2.032,-1.395,-0.326,0.138,-0.498,-4.114,2.676,5.033173916795876,
299,Matthew Liberatore,SLN,LEFT,SP| RP,85.99999999999999,6,60,81,44,42,11,28,76,3,4,0,0,0,4.395,1.267,7,1,0.081,-1.511,-1.287,-0.501,-0.531,-0.3,-4.131,2.659,5.0011993440808045,
300,Paul Blackburn,NYA| NYN| OAK,RIGHT,SP,75.33333333333333,14,14,76,41,39,12,21,59,5,4,0,0,0,4.659,1.288,6,2,0.08,-0.991,-1.654,-0.501,-0.65,-0.336,-4.132,2.6580000000000004,4.999318486862272,
301,Sean Burke,CHA,RIGHT,SP,19.0,3,4,12,4,3,2,7,22,2,0,0,0,0,1.421,1.000,2,0,0.105,-1.772,-2.452,-0.501,0.408,0.179,-4.138,2.652,4.98803334355107,
302,Joe Ross,PHI| WAS| MIL,RIGHT,SP| RP,74.0,10,25,72,35,31,7,29,66,3,6,0,0,0,3.770,1.365,2,1,0.027,-1.511,-1.503,-0.501,-0.026,-0.606,-4.148,2.6420000000000003,4.9692247713657345,
303,Brennan Bernardino,BOS| SEA,LEFT,SP| RP,51.00000000000001,3,57,50,25,23,6,22,56,4,3,0,0,0,4.059,1.412,3,1,0.059,-1.251,-1.719,-0.501,-0.155,-0.533,-4.159,2.6310000000000002,4.948535341961865,
304,Adam Ottavino,NYA| BOS| NYN,RIGHT,RP,56.000000000000014,0,60,49,29,27,6,23,70,2,2,1,0,0,4.339,1.286,17,2,0.304,-1.772,-1.417,-0.413,-0.316,-0.245,-4.163,2.627,4.9410119130877295,
305,Kaleb Ort,HOU| BOS,RIGHT,RP,24.666666666666668,0,22,16,7,7,7,4,26,1,1,0,0,0,2.554,0.811,1,0,0.041,-2.032,-2.366,-0.501,0.27,0.457,-4.172,2.6180000000000003,4.924084198120928,
306,Andrew Nardi,MIA,LEFT,RP,49.66666666666666,0,59,44,29,28,7,18,70,3,2,0,0,0,5.074,1.248,6,2,0.121,-1.511,-1.417,-0.501,-0.62,-0.128,-4.177,2.6130000000000004,4.9146799120282605,
307,Emilio Pagan,CIN| SDN| MIN,RIGHT,RP,38.0,1,38,40,20,19,6,11,44,4,5,1,0,0,4.500,1.342,4,2,0.105,-1.251,-1.978,-0.413,-0.271,-0.269,-4.183,2.607,4.9033947687170585,
308,Shane Bieber,TOR| CLE,RIGHT,P,12.0,2,2,10,0,0,0,1,20,2,0,0,0,0,0.00,0.917,0,0,0.0,-1.772,-2.495,-0.501,0.417,0.161,-4.19,2.5999999999999996,4.890228768187322,
309,Randy Rodriguez,SFN,RIGHT,RP,52.33333333333333,1,35,47,29,25,4,18,53,3,2,0,0,0,4.299,1.242,4,2,0.076,-1.511,-1.784,-0.501,-0.276,-0.119,-4.191,2.599,4.88834791096879,
310,Seth Martinez,MIA| HOU,RIGHT,RP,52.66666666666667,0,44,49,24,21,7,18,36,3,2,1,0,0,3.589,1.272,4,1,0.076,-1.511,-2.15,-0.413,0.07,-0.196,-4.201,2.5890000000000004,4.869539338783454,
311,Robbie Ray,SFN| ARI| TOR| SEA,LEFT,SP,30.666666666666668,7,7,20,16,16,6,15,43,3,2,0,0,0,4.696,1.141,9,3,0.293,-1.511,-1.999,-0.501,-0.275,0.079,-4.207,2.583,4.858254195472253,
312,Ryan Feltner,COL,RIGHT,SP,162.33333333333331,30,30,165,94,81,20,52,138,3,10,0,0,0,4.491,1.337,29,7,0.179,-1.511,0.05,-0.501,-1.146,-1.109,-4.218,2.572,4.837564766068383,
313,Michael Grove,LAN,RIGHT,RP,50.99999999999999,2,39,46,31,29,6,16,54,4,4,0,0,0,5.118,1.216,4,1,0.078,-1.251,-1.762,-0.501,-0.657,-0.051,-4.222,2.5679999999999996,4.830041337194248,
314,Jordan Hicks,BOS| SFN| SLN| TOR,RIGHT,SP| RP,109.66666666666667,20,29,112,54,50,12,47,96,4,7,1,0,0,4.103,1.450,11,0,0.1,-1.251,-0.856,-0.413,-0.379,-1.347,-4.247,2.543,4.783019906730909,
315,Seth Halvorsen,COL,RIGHT,RP,12.333333333333332,0,12,8,3,2,2,2,13,2,1,2,0,0,1.460,0.811,4,1,0.324,-1.772,-2.646,-0.326,0.261,0.228,-4.255,2.535,4.767973048982641,
316,Edward Cabrera,MIA,RIGHT,SP,96.33333333333333,20,20,82,60,53,15,50,107,4,8,0,0,0,4.952,1.370,20,5,0.208,-1.251,-0.619,-0.501,-1.093,-0.814,-4.278,2.5120000000000005,4.724713332956369,
317,Josh Winckowski,BOS,RIGHT,SP| RP,75.99999999999999,6,40,81,44,35,10,26,60,4,2,2,0,0,4.145,1.408,4,0,0.053,-1.251,-1.633,-0.326,-0.292,-0.78,-4.281,2.5090000000000003,4.719070761300768,
318,Hunter Stratton,ATL| PIT,RIGHT,RP,37.666666666666664,0,36,37,17,15,3,7,33,2,1,1,0,0,3.584,1.168,2,0,0.053,-1.772,-2.215,-0.413,0.052,0.049,-4.299,2.4909999999999997,4.685215331367162,
319,Nate Pearson,CHN| TOR,RIGHT,RP,66.33333333333333,1,60,67,34,33,12,21,74,2,2,2,0,0,4.477,1.327,7,2,0.106,-1.772,-1.331,-0.326,-0.46,-0.421,-4.309,2.481,4.666406759181826,
320,Trevor Richards,ARI| KCA| TBA| MIL| TOR| MIN,RIGHT,RP,65.33333333333334,2,55,44,36,33,7,35,62,2,2,1,0,0,4.546,1.209,5,2,0.077,-1.772,-1.589,-0.413,-0.495,-0.045,-4.314,2.476,4.657002473089158,
321,John Means,BAL,LEFT,SP,20.666666666666668,4,4,16,6,6,2,2,16,2,0,0,0,0,2.613,0.871,0,0,0.0,-1.772,-2.582,-0.501,0.215,0.323,-4.316,2.474,4.653240758652092,
322,Aaron Ashby,MIL,LEFT,RP,28.33333333333333,2,14,20,13,9,2,10,33,1,2,0,0,0,2.859,1.059,5,0,0.176,-2.032,-2.215,-0.501,0.23,0.186,-4.332,2.458,4.623147043155554,
323,Cam Booser,CHA| BOS,LEFT,RP,42.66666666666667,0,43,41,17,16,5,16,43,2,3,1,0,0,3.375,1.336,1,1,0.023,-1.772,-1.999,-0.413,0.142,-0.29,-4.333,2.457,4.62126618593702,
324,Valente Bellozo,MIA,RIGHT,SP,68.66666666666667,13,13,69,31,28,15,21,44,3,4,0,0,0,3.670,1.311,2,1,0.029,-1.511,-1.978,-0.501,0.04,-0.383,-4.333,2.457,4.62126618593702,
325,Robert Gasser,MIL,LEFT,SP,28.0,5,5,28,9,8,2,1,16,2,0,0,0,0,2.571,1.036,2,0,0.071,-1.772,-2.582,-0.501,0.302,0.215,-4.337,2.4530000000000003,4.613742757062886,
326,Max Scherzer,TOR| WAS| LAN| NYN| TEX,RIGHT,SP,43.33333333333333,9,9,40,20,19,7,10,40,2,4,0,0,0,3.946,1.154,3,2,0.069,-1.772,-2.064,-0.501,-0.086,0.086,-4.337,2.4530000000000003,4.613742757062886,
327,Brenan Hanifee,DET,RIGHT,SP| RP,29.333333333333332,3,21,27,7,6,2,6,23,1,1,0,0,0,1.841,1.125,3,0,0.102,-2.032,-2.431,-0.501,0.516,0.099,-4.349,2.441,4.591172470440483,
328,Tayler Saucedo,SEA| TOR,LEFT,RP,38.66666666666668,0,53,35,15,15,3,18,38,2,0,3,0,0,3.491,1.371,6,0,0.155,-1.772,-2.107,-0.238,0.087,-0.327,-4.358,2.4320000000000004,4.574244755473682,
329,Scott Alexander,COL| SFN| LAN| OAK,LEFT,RP,38.666666666666664,0,45,31,14,11,3,15,31,1,3,0,0,0,2.560,1.190,3,1,0.078,-2.032,-2.258,-0.501,0.421,0.01,-4.36,2.4299999999999997,4.5704830410366135,
330,Luke Little,CHN,LEFT,RP,26.0,1,30,15,11,10,1,18,28,3,1,0,0,0,3.462,1.269,3,1,0.115,-1.511,-2.323,-0.501,0.065,-0.093,-4.363,2.4269999999999996,4.5648404693810125,
331,Bryan King,HOU,LEFT,RP,26.333333333333332,0,28,20,7,7,1,10,32,1,0,0,0,0,2.392,1.139,0,0,0.0,-2.032,-2.236,-0.501,0.328,0.071,-4.371,2.4189999999999996,4.549793611632744,
332,Matt Moore,PHI| TEX| ANA| CLE| MIA,LEFT,RP,48.33333333333334,0,51,39,31,27,11,26,41,5,3,1,0,0,5.028,1.345,9,2,0.186,-0.991,-2.042,-0.413,-0.583,-0.349,-4.378,2.412,4.536627611103009,
333,Austin Gomber,COL| SLN,LEFT,SP,165.0,30,30,178,89,87,30,38,116,5,12,0,0,0,4.745,1.309,13,2,0.079,-0.991,-0.425,-0.501,-1.556,-0.907,-4.38,2.41,4.5328658966659425,
334,Michel Otanez,ATH| OAK,RIGHT,RP,34.0,0,36,27,15,13,2,20,55,1,0,1,0,0,3.441,1.382,3,0,0.088,-2.032,-1.74,-0.413,0.092,-0.307,-4.401,2.3890000000000002,4.493367895076737,
335,Kyle Leahy,SLN,RIGHT,RP,48.66666666666667,0,33,40,23,22,4,10,33,1,1,1,0,0,4.069,1.027,0,2,0.0,-2.032,-2.215,-0.413,-0.152,0.393,-4.419,2.3710000000000004,4.459512465143133,
336,Genesis Cabrera,CHN| MIN| NYN| PIT| SLN| TOR,LEFT,RP,62.66666666666668,0,69,63,31,25,10,29,50,3,3,2,0,0,3.590,1.468,14,2,0.223,-1.511,-1.848,-0.326,0.083,-0.825,-4.428,2.362,4.44258475017633,
337,Huascar Brazoban,NYN| MIA,RIGHT,RP,51.66666666666667,0,39,38,26,22,2,25,51,1,3,0,0,0,3.832,1.219,4,1,0.077,-2.032,-1.827,-0.501,-0.048,-0.061,-4.469,2.3209999999999997,4.365469604216452,
338,Enoli Paredes,HOU| CHN| MIL,RIGHT,RP,21.666666666666664,0,18,13,4,4,0,10,16,1,0,1,0,0,1.661,1.062,3,0,0.138,-2.032,-2.582,-0.413,0.417,0.139,-4.47,2.3200000000000003,4.3635887469979195,
339,Jose Ferrer,WAS,LEFT,RP,32.0,0,31,27,12,12,1,6,25,1,0,1,0,0,3.375,1.031,0,0,0.0,-2.032,-2.387,-0.413,0.106,0.253,-4.474,2.316,4.356065318123784,
340,Drew Rasmussen,TBA| MIL,RIGHT,SP| RP,28.666666666666668,4,16,25,10,9,0,6,35,0,2,1,0,0,2.826,1.081,4,1,0.14,-2.292,-2.172,-0.413,0.242,0.157,-4.479,2.311,4.3466610320311165,
341,Brent Honeywell,TBA| CHA| SDN| LAN| PIT,RIGHT,RP,37.66666666666667,1,20,32,12,11,3,11,18,1,1,1,0,0,2.628,1.142,4,0,0.106,-2.032,-2.538,-0.413,0.387,0.097,-4.5,2.29,4.307163030441912,
342,T. J. McFarland,ATH| OAK| SLN| NYN,LEFT,RP,56.66666666666667,0,79,53,28,24,4,17,39,2,4,0,0,0,3.812,1.235,6,0,0.106,-1.772,-2.085,-0.501,-0.042,-0.11,-4.51,2.2800000000000002,4.288354458256577,
343,Erasmo Ramirez,MIN| NYN| DET| WAS| TBA,RIGHT,RP,20.666666666666668,0,13,12,12,10,5,10,15,3,0,1,0,0,4.355,1.065,1,0,0.048,-1.511,-2.603,-0.413,-0.12,0.13,-4.518,2.2720000000000002,4.273307600508308,
344,Jeffrey Springs,ATH| BOS| TBA,LEFT,SP,33.0,7,7,34,12,12,5,11,37,2,2,0,0,0,3.273,1.364,4,1,0.121,-1.772,-2.129,-0.501,0.141,-0.268,-4.529,2.261,4.252618171104438,
345,Erik Sabrowski,CLE,LEFT,RP,12.666666666666668,0,8,6,0,0,0,4,19,0,0,1,0,0,0.00,0.789,2,0,0.158,-2.292,-2.517,-0.413,0.44,0.248,-4.535,2.255,4.241333027793236,
346,Colin Poche,NYN| WAS| TBA,LEFT,RP,37.333333333333336,0,43,30,16,16,7,13,33,1,2,2,0,0,3.857,1.152,3,0,0.08,-2.032,-2.215,-0.326,-0.043,0.078,-4.538,2.252,4.235690456137635,
347,Tim Hill,NYA| SDN| CHA,LEFT,RP,67.00000000000001,0,62,77,32,25,2,19,31,4,0,0,0,0,3.358,1.433,3,0,0.045,-1.251,-2.258,-0.501,0.233,-0.768,-4.545,2.245,4.222524455607901,
348,Sean Reid-Foley,TOR| NYN,RIGHT,RP,21.666666666666664,0,23,13,10,4,0,14,25,1,2,0,0,0,1.661,1.246,3,1,0.138,-2.032,-2.387,-0.501,0.417,-0.053,-4.557,2.2329999999999997,4.199954168985497,
349,John McMillon,KCA| MIA,RIGHT,RP,12.0,0,10,7,4,2,1,5,13,2,1,0,0,0,1.500,1.000,1,0,0.083,-1.772,-2.646,-0.501,0.249,0.113,-4.557,2.2329999999999997,4.199954168985497,
350,Ryan Brasier,CHN| BOS| LAN,RIGHT,SP| RP,28.000000000000004,4,29,22,12,11,3,5,25,1,0,0,0,0,3.536,0.964,2,0,0.071,-2.032,-2.387,-0.501,0.051,0.311,-4.558,2.232,4.198073311766964,
351,Declan Cronin,CHA| MIA,RIGHT,RP,70.33333333333333,0,56,75,41,34,1,25,72,3,4,0,0,0,4.351,1.422,8,2,0.114,-1.511,-1.374,-0.501,-0.405,-0.769,-4.56,2.2300000000000004,4.1943115973298974,
352,Wandy Peralta,SDN| SFN| NYA,LEFT,RP,38.33333333333333,0,46,33,19,17,6,13,22,3,2,0,0,0,3.991,1.200,1,0,0.026,-1.511,-2.452,-0.501,-0.092,-0.009,-4.566,2.224,4.183026454018695,
353,Hunter Harvey,KCA| BAL| WAS,RIGHT,RP,50.66666666666666,0,49,51,28,25,5,16,55,2,4,1,0,0,4.441,1.322,13,2,0.257,-1.772,-1.74,-0.413,-0.334,-0.311,-4.571,2.2190000000000003,4.173622167926028,
354,Eduard Bazardo,SEA| BOS| BAL,RIGHT,RP,27.666666666666668,0,23,20,15,15,2,9,33,2,0,0,0,0,4.880,1.048,2,2,0.072,-1.772,-2.215,-0.501,-0.295,0.196,-4.587,2.2030000000000003,4.14352845242949,
355,Chris Paddack,DET| MIN| SDN,RIGHT,SP,88.33333333333333,17,17,102,50,49,14,21,79,5,3,0,0,0,4.992,1.393,3,1,0.034,-0.991,-1.223,-0.501,-1.036,-0.841,-4.591,2.199,4.136005023555355,
356,River Ryan,LAN,RIGHT,SP,20.333333333333336,4,4,15,4,3,1,9,18,1,0,0,0,0,1.328,1.180,4,0,0.197,-2.032,-2.538,-0.501,0.455,0.014,-4.602,2.1879999999999997,4.115315594151485,
357,Fraser Ellard,CHA,LEFT,RP,24.0,0,25,18,12,10,3,12,26,2,3,1,0,0,3.750,1.250,0,0,0.0,-1.772,-2.366,-0.413,-0.004,-0.064,-4.619,2.1710000000000003,4.083341021436415,
358,Richard Lovelady,NYN| TOR| KCA| OAK| CHN| TBA,LEFT,RP,34.33333333333333,0,35,34,18,17,3,11,26,3,6,2,0,0,4.456,1.311,4,0,0.117,-1.511,-2.366,-0.326,-0.231,-0.191,-4.626,2.1639999999999997,4.070175020906679,
359,David Festa,MIN,RIGHT,SP,64.33333333333333,13,14,62,36,35,9,23,77,2,6,0,0,0,4.896,1.321,10,0,0.155,-1.772,-1.266,-0.501,-0.697,-0.392,-4.627,2.1630000000000003,4.0682941636881464,
360,Jesus Luzardo,PHI| OAK| MIA,LEFT,SP,66.66666666666667,12,12,61,37,37,9,22,58,3,6,0,0,0,4.995,1.245,5,4,0.075,-1.511,-1.676,-0.501,-0.783,-0.161,-4.632,2.1580000000000004,4.058889877595479,
361,Gregory Soto,BAL| NYN| DET| PHI,LEFT,RP,53.00000000000001,0,66,56,30,26,4,27,65,3,5,2,0,0,4.415,1.566,2,1,0.038,-1.511,-1.525,-0.326,-0.337,-0.948,-4.647,2.143,4.030677019317475,
362,Gavin Williams,CLE,RIGHT,SP,76.0,16,16,72,42,41,7,32,79,3,10,0,0,0,4.855,1.368,4,0,0.053,-1.511,-1.223,-0.501,-0.794,-0.635,-4.665,2.125,3.99682158938387,
363,Xzavion Curry,MIA| CLE,RIGHT,SP| RP,42.666666666666664,5,16,38,23,22,8,7,28,2,2,0,0,0,4.641,1.055,2,0,0.047,-1.772,-2.323,-0.501,-0.361,0.289,-4.668,2.122,3.991179017728269,
364,Bryan Sammons,DET,LEFT,RP,27.333333333333332,0,6,16,11,11,6,9,18,1,1,0,0,0,3.622,0.915,0,1,0.0,-2.032,-2.538,-0.501,0.028,0.369,-4.674,2.1159999999999997,3.9798938744170673,
365,Nick Anderson,COL| TBA| ATL| KCA,RIGHT,RP,35.666666666666664,0,37,35,17,16,6,15,29,3,1,1,0,0,4.037,1.402,1,1,0.028,-1.511,-2.301,-0.413,-0.101,-0.356,-4.683,2.107,3.962966159450266,
366,Alek Manoah,TOR,RIGHT,SP,24.333333333333336,5,5,17,16,10,5,8,26,1,2,0,0,0,3.699,1.027,2,1,0.082,-2.032,-2.366,-0.501,0.008,0.197,-4.695,2.0949999999999998,3.940395872827862,
367,Alex Cobb,BAL| ANA| SFN| CLE,RIGHT,SP,16.333333333333336,3,3,14,7,5,1,3,10,2,1,0,0,0,2.755,1.041,1,0,0.061,-1.772,-2.711,-0.501,0.148,0.121,-4.714,2.0759999999999996,3.9046595856757236,
368,Yariel Rodriguez,TOR,RIGHT,SP,86.66666666666664,21,21,74,46,43,11,40,85,1,8,0,0,0,4.465,1.315,8,2,0.092,-2.032,-1.093,-0.501,-0.591,-0.503,-4.721,2.069,3.891493585145989,
369,Victor Gonzalez,LAN| NYA,LEFT,RP,23.333333333333336,0,27,13,12,10,3,13,11,2,1,2,0,0,3.857,1.114,0,1,0.0,-1.772,-2.689,-0.326,-0.027,0.091,-4.723,2.067,3.8877318707089223,
370,Ryan Zeferjahn,ANA,RIGHT,RP,17.0,0,12,7,4,4,0,6,18,0,0,0,0,0,2.118,0.765,0,0,0.0,-2.292,-2.538,-0.501,0.255,0.353,-4.724,2.066,3.885851013490388,
371,Sam Hentges,CLE,LEFT,RP,23.666666666666675,0,25,18,8,8,3,5,27,0,0,0,0,0,3.042,0.972,0,0,0.0,-2.292,-2.344,-0.501,0.152,0.255,-4.731,2.059,3.8726850129606536,
372,Scott Blewett,ATL| BAL| MIN| KCA,RIGHT,RP,20.333333333333332,0,12,17,5,4,2,8,18,1,1,0,0,0,1.770,1.230,2,0,0.098,-2.032,-2.538,-0.501,0.371,-0.034,-4.734,2.056,3.8670424413050526,
373,Burch Smith,OAK| BAL| MIA,RIGHT,RP,56.333333333333314,0,50,64,34,31,6,12,46,4,1,0,0,0,4.953,1.349,6,0,0.107,-1.251,-1.934,-0.501,-0.64,-0.419,-4.745,2.045,3.846353011901183,
374,Garrett Whitlock,BOS,RIGHT,SP,18.333333333333332,4,4,14,4,4,1,7,17,1,0,0,0,0,1.964,1.145,2,1,0.109,-2.032,-2.56,-0.501,0.302,0.044,-4.748,2.042,3.840710440245582,
375,Cristian Javier,HOU,RIGHT,SP,34.666666666666664,7,7,30,16,15,4,19,27,3,1,0,0,0,3.894,1.413,5,1,0.144,-1.511,-2.344,-0.501,-0.052,-0.365,-4.774,2.016,3.7918081525637093,
376,Luke Jackson,DET| SEA| TEX| ATL| SFN,RIGHT,RP,53.0,0,52,52,33,30,7,26,59,4,3,0,0,0,5.094,1.472,4,1,0.075,-1.251,-1.654,-0.501,-0.672,-0.707,-4.785,2.005,3.7711187231598395,
377,Landen Roupp,SFN,RIGHT,SP| RP,50.333333333333336,4,23,43,21,20,2,26,47,1,2,0,0,0,3.576,1.371,3,0,0.06,-2.032,-1.913,-0.501,0.073,-0.427,-4.8,1.9900000000000002,3.7429058648818363,
378,Roansy Contreras,BAL| COL| PIT| ANA,RIGHT,SP| RP,68.33333333333333,3,49,63,36,33,11,31,56,2,4,2,0,0,4.346,1.376,10,1,0.146,-1.772,-1.719,-0.326,-0.391,-0.595,-4.802,1.9880000000000004,3.7391441504447696,
379,Yency Almonte,COL| LAN| CHN,RIGHT,RP,15.666666666666666,0,17,9,7,6,1,8,20,1,0,1,0,0,3.447,1.085,2,0,0.128,-2.032,-2.495,-0.413,0.042,0.083,-4.816,1.9740000000000002,3.712812149385299,
380,Jack Kochanowicz,ANA,RIGHT,SP,65.33333333333334,11,11,68,30,29,7,10,25,2,6,0,0,0,3.995,1.194,2,2,0.031,-1.772,-2.387,-0.501,-0.16,0.004,-4.816,1.9740000000000002,3.712812149385299,
381,Emerson Hancock,SEA,RIGHT,SP,60.666666666666664,12,12,62,37,32,12,19,39,4,4,0,0,0,4.747,1.335,3,0,0.049,-1.251,-2.085,-0.501,-0.573,-0.41,-4.821,1.9690000000000003,3.703407863292631,
382,Alek Jacob,SDN,RIGHT,RP,14.666666666666666,0,7,9,4,4,1,2,19,0,0,0,0,0,2.454,0.750,0,0,0.0,-2.292,-2.517,-0.501,0.174,0.315,-4.821,1.9690000000000003,3.703407863292631,
383,Joey Cantillo,CLE,LEFT,SP,38.666666666666664,8,9,35,22,21,6,15,44,2,4,0,0,0,4.888,1.293,1,0,0.026,-1.772,-1.978,-0.501,-0.416,-0.183,-4.849,1.9409999999999998,3.65074386117369,
384,Brendon Little,TOR| CHN,LEFT,RP,45.66666666666667,0,49,41,21,19,7,19,36,1,2,1,0,0,3.744,1.314,5,0,0.109,-2.032,-2.15,-0.413,-0.005,-0.262,-4.863,1.9269999999999996,3.6244118601142192,
385,Angel Zerpa,KCA,LEFT,RP,53.66666666666667,0,60,59,24,23,6,19,49,2,0,0,0,0,3.857,1.453,1,1,0.019,-1.772,-1.87,-0.501,-0.062,-0.669,-4.874,1.9160000000000004,3.6037224307103513,
386,Josh Sborz,LAN| TEX,RIGHT,RP,16.333333333333332,0,17,16,8,7,1,4,17,2,2,0,0,0,3.857,1.224,7,0,0.429,-1.772,-2.56,-0.501,-0.019,-0.023,-4.875,1.915,3.601841573491817,
387,Jose Quijada,ANA,LEFT,RP,19.333333333333332,0,22,12,9,7,1,17,24,2,2,0,0,0,3.259,1.500,0,0,0.0,-1.772,-2.409,-0.501,0.085,-0.284,-4.881,1.9089999999999998,3.590556430180615,
388,Angel Chivilli,COL,RIGHT,RP,31.66666666666667,0,30,31,17,16,7,10,28,2,3,1,0,0,4.547,1.295,1,0,0.032,-1.772,-2.323,-0.413,-0.24,-0.152,-4.9,1.8899999999999997,3.554820143028477,
389,Cole Sulser,TBA| BAL| MIA| ARI| NYN,RIGHT,RP,16.333333333333336,2,10,9,5,5,1,9,15,1,0,0,0,0,2.755,1.102,1,0,0.061,-2.032,-2.603,-0.501,0.148,0.073,-4.915,1.875,3.5266072847504737,
390,Ryan Burr,TOR| CHA,RIGHT,SP| RP,32.666666666666664,4,34,29,16,15,4,12,47,0,2,0,0,0,4.133,1.255,2,0,0.061,-2.292,-1.913,-0.501,-0.122,-0.095,-4.923,1.867,3.511560427002205,
391,Kyle Nicolas,PIT,RIGHT,RP,54.66666666666667,0,51,51,30,24,4,31,55,2,2,0,0,0,3.951,1.500,0,2,0.0,-1.772,-1.74,-0.501,-0.111,-0.804,-4.928,1.862,3.502156140909537,
392,Luis Peralta,COL,LEFT,RP,12.333333333333334,0,15,7,1,1,0,5,14,0,0,0,0,0,0.730,0.973,0,0,0.0,-2.292,-2.625,-0.501,0.344,0.132,-4.942,1.8479999999999999,3.4758241398500664,
393,Austin Adams,SDN| ARI| OAK,RIGHT,RP,41.33333333333333,0,56,38,20,18,4,23,53,1,2,0,0,0,3.919,1.476,4,2,0.097,-2.032,-1.784,-0.501,-0.072,-0.56,-4.948,1.8419999999999996,3.4645389965388644,
394,Cionel Perez,BAL| HOU| CIN,LEFT,RP,53.66666666666666,0,62,47,29,27,0,28,46,2,0,2,0,0,4.528,1.397,2,0,0.037,-1.772,-1.934,-0.326,-0.397,-0.524,-4.953,1.8369999999999997,3.4551347104461967,
395,Ron Marinaccio,SDN| NYA,RIGHT,RP,23.333333333333332,0,16,18,11,10,4,10,25,1,0,0,0,0,3.857,1.200,7,0,0.3,-2.032,-2.387,-0.501,-0.027,-0.006,-4.953,1.8369999999999997,3.4551347104461967,
396,Drew Smith,NYN,RIGHT,RP,17.666666666666668,0,19,18,7,6,2,9,23,1,1,2,0,0,3.057,1.528,0,0,0.0,-2.032,-2.431,-0.326,0.111,-0.284,-4.961,1.8289999999999997,3.440087852697928,
397,Jeff Criswell,COL,RIGHT,RP,19.666666666666664,0,13,20,6,6,4,9,27,1,0,0,0,0,2.746,1.475,5,1,0.254,-2.032,-2.344,-0.501,0.18,-0.265,-4.962,1.8280000000000003,3.4382069954793955,
398,Jake Diekman,OAK| BOS| CHA| TBA| NYN,LEFT,RP,32.0,0,43,23,24,20,7,24,40,2,3,4,0,0,5.625,1.469,5,2,0.156,-1.772,-2.064,-0.151,-0.564,-0.422,-4.972,1.8179999999999996,3.4193984232940586,
399,Dane Dunning,ATL| TEX| CHA,RIGHT,SP| RP,95.0,15,26,97,60,56,18,40,91,5,7,0,0,0,5.305,1.442,9,2,0.095,-0.991,-0.964,-0.501,-1.39,-1.132,-4.978,1.8120000000000003,3.408113279982858,
400,Martin Perez,CHA| BOS| TEX| PIT| SDN,LEFT,SP,135.0,26,26,151,71,68,22,49,107,5,6,0,0,0,4.533,1.482,4,4,0.03,-0.991,-0.619,-0.501,-1.006,-1.864,-4.981,1.8090000000000002,3.4024707083272574,
401,Luis Guerrero,BOS,RIGHT,RP,10.0,0,9,6,1,0,0,2,9,0,0,0,0,0,0.00,0.800,0,1,0.0,-2.292,-2.733,-0.501,0.347,0.19,-4.988,1.8019999999999996,3.389304707797521,
402,Kevin Herget,ATL| NYN| TBA| CIN| MIL,RIGHT,RP,11.333333333333332,0,7,6,2,2,1,3,9,0,0,1,0,0,1.588,0.794,0,0,0.0,-2.292,-2.733,-0.413,0.226,0.219,-4.993,1.7969999999999997,3.3799004217048534,
403,Jacob Latz,TEX,LEFT,RP,43.66666666666666,0,46,39,20,18,6,27,40,2,3,0,0,0,3.710,1.512,1,1,0.023,-1.772,-2.064,-0.501,0.009,-0.666,-4.994,1.7960000000000003,3.378019564486321,
404,Hunter Bigge,TBA| CHN,RIGHT,RP,17.333333333333336,1,19,17,5,5,2,5,24,0,0,1,0,0,2.596,1.269,1,1,0.058,-2.292,-2.409,-0.413,0.183,-0.062,-4.994,1.7960000000000003,3.378019564486321,
405,Braxton Garrett,MIA,LEFT,SP,37.0,7,7,40,24,22,5,4,34,2,2,0,0,0,5.351,1.189,3,0,0.081,-1.772,-2.193,-0.501,-0.557,0.01,-5.013,1.7770000000000001,3.3422832773341824,
406,Bryce Jarvis,ARI,RIGHT,RP,59.33333333333334,0,44,52,25,21,6,33,38,1,2,0,0,0,3.185,1.433,2,0,0.034,-2.032,-2.107,-0.501,0.302,-0.68,-5.018,1.7720000000000002,3.3328789912415147,
407,Jordan Romano,PHI| TOR,RIGHT,RP,13.666666666666668,0,15,16,10,10,4,4,13,1,2,8,0,0,6.585,1.463,1,0,0.073,-2.032,-2.646,0.2,-0.363,-0.177,-5.018,1.7720000000000002,3.3328789912415147,
408,Erik Swanson,TOR| SEA,RIGHT,RP,39.33333333333333,0,45,36,22,22,11,14,37,2,2,0,0,0,5.034,1.271,2,0,0.051,-1.772,-2.129,-0.501,-0.476,-0.144,-5.022,1.7679999999999998,3.3253555623673794,
409,Kyle Muller,ATL| OAK,LEFT,RP,49.33333333333334,0,21,48,25,22,6,10,36,0,1,0,0,0,4.013,1.176,6,2,0.122,-2.292,-2.15,-0.501,-0.129,0.046,-5.027,1.763,3.3159512762747116,
410,Troy Taylor,SEA,RIGHT,RP,19.333333333333332,0,21,15,8,8,4,7,25,0,0,1,0,0,3.724,1.138,1,0,0.052,-2.292,-2.387,-0.413,0.001,0.053,-5.039,1.7510000000000003,3.2933809896523094,
411,Sean Reynolds,SDN,RIGHT,RP,10.999999999999998,0,9,10,1,1,0,5,21,0,0,0,0,0,0.818,1.364,2,0,0.182,-2.292,-2.474,-0.501,0.298,-0.089,-5.058,1.7320000000000002,3.2576447025001714,
412,Tristan Beck,SFN,RIGHT,RP,16.0,1,7,14,3,3,2,4,14,0,0,0,0,0,1.688,1.125,0,0,0.0,-2.292,-2.625,-0.501,0.304,0.054,-5.06,1.7300000000000004,3.2538829880631046,
413,Ian Hamilton,NYA| CHA| MIN,RIGHT,RP,37.66666666666666,0,35,37,17,16,2,14,41,0,1,1,0,0,3.823,1.354,3,0,0.08,-2.292,-2.042,-0.413,-0.032,-0.289,-5.069,1.721,3.2369552730963016,
414,Prelander Berroa,SEA| CHA,RIGHT,RP,19.000000000000004,0,17,15,7,7,2,13,26,1,0,0,0,0,3.316,1.474,2,2,0.105,-2.032,-2.366,-0.501,0.074,-0.255,-5.081,1.7089999999999996,3.2143849864738976,
415,Steven Okert,HOU| MIA| MIN,LEFT,RP,35.33333333333333,1,44,37,22,20,6,16,33,3,2,1,0,0,5.094,1.500,6,1,0.17,-1.511,-2.215,-0.413,-0.448,-0.519,-5.107,1.6829999999999998,3.1654826987920246,
416,Justin Verlander,SFN| HOU| NYN,RIGHT,SP,90.33333333333334,17,17,98,56,55,15,27,74,5,6,0,0,0,5.480,1.384,8,3,0.089,-0.991,-1.331,-0.501,-1.469,-0.822,-5.113,1.6769999999999996,3.1541975554808226,
417,Gus Varland,LAN| MIL| CHA,RIGHT,RP,26.333333333333332,0,26,30,12,10,2,8,27,1,0,0,0,0,3.418,1.443,5,1,0.19,-2.032,-2.344,-0.501,0.077,-0.315,-5.115,1.6749999999999998,3.150435841043756,
418,Ronny Henriquez,MIA| MIN,RIGHT,RP,19.333333333333332,1,16,20,8,7,2,5,15,1,1,0,0,0,3.259,1.293,1,0,0.052,-2.032,-2.603,-0.501,0.085,-0.091,-5.142,1.6479999999999997,3.099652696143349,
419,Carson Fulmer,ANA| BAL| DET| CIN,RIGHT,SP| RP,86.66666666666667,8,37,81,45,40,11,40,81,0,5,0,0,0,4.154,1.396,4,2,0.046,-2.292,-1.18,-0.501,-0.34,-0.84,-5.153,1.6370000000000005,3.078963266739481,
420,Chris Stratton,KCA| LAN| PIT| SLN| TEX,RIGHT,RP,58.333333333333336,0,57,53,38,36,5,33,44,4,3,4,0,0,5.554,1.474,3,1,0.051,-1.251,-1.978,-0.151,-0.989,-0.785,-5.154,1.6360000000000001,3.077082409520947,
421,Josh Staumont,KCA| MIN,RIGHT,RP,24.333333333333336,0,25,17,12,10,0,14,18,1,0,0,0,0,3.699,1.274,2,1,0.082,-2.032,-2.538,-0.501,0.008,-0.093,-5.157,1.633,3.071439837865346,
422,Caleb Ferguson,PIT| SEA| LAN| HOU| NYA,LEFT,RP,54.333333333333336,0,62,56,34,28,6,25,67,1,4,1,0,0,4.638,1.491,1,0,0.018,-2.032,-1.482,-0.413,-0.458,-0.775,-5.16,1.63,3.065797266209745,
423,Brady Basso,ATH| OAK,LEFT,SP| RP,22.333333333333332,4,7,23,10,10,3,5,19,1,1,0,0,0,4.030,1.254,2,1,0.09,-2.032,-2.517,-0.501,-0.062,-0.063,-5.175,1.6150000000000002,3.0375844079317416,
424,Cole Irvin,PHI| OAK| BAL| MIN,LEFT,SP| RP,111.00000000000001,16,29,132,71,63,18,29,78,6,6,1,0,0,5.108,1.450,2,2,0.018,-0.731,-1.244,-0.413,-1.421,-1.367,-5.176,1.6139999999999999,3.0357035507132073,
425,Jacob deGrom,TEX| NYN,RIGHT,SP,10.666666666666666,3,3,11,2,2,1,1,14,0,0,0,0,0,1.688,1.125,3,0,0.281,-2.292,-2.625,-0.501,0.203,0.036,-5.179,1.6109999999999998,3.0300609790576063,
426,Vinny Nittoli,SEA| PHI| NYN| BAL| OAK,RIGHT,RP,12.0,0,9,10,2,2,1,2,8,0,1,0,0,0,1.500,1.000,2,0,0.167,-2.292,-2.754,-0.501,0.249,0.113,-5.185,1.6050000000000004,3.018775835746406,
427,Adbert Alzolay,CHN,RIGHT,RP,17.333333333333336,0,18,19,13,9,6,6,13,1,4,4,0,0,4.673,1.442,4,0,0.231,-2.032,-2.646,-0.151,-0.152,-0.207,-5.187,1.6029999999999998,3.0150141213093375,
428,Lucas Sims,WAS| CIN| BOS,RIGHT,RP,49.33333333333334,0,58,41,24,24,8,30,49,1,6,1,0,0,4.378,1.439,3,1,0.061,-2.032,-1.87,-0.413,-0.297,-0.581,-5.193,1.5970000000000004,3.0037289779981373,
429,Quinn Priester,MIL| PIT| BOS,RIGHT,SP| RP,49.66666666666667,7,11,56,30,26,7,14,33,3,6,0,0,0,4.711,1.409,4,0,0.081,-1.511,-2.215,-0.501,-0.453,-0.513,-5.193,1.5970000000000004,3.0037289779981373,
430,Bryan Baker,BAL| TBA| TOR,RIGHT,RP,23.33333333333333,0,19,20,14,13,3,7,23,1,1,0,0,0,5.014,1.157,4,0,0.171,-2.032,-2.431,-0.501,-0.278,0.043,-5.199,1.5910000000000002,2.9924438346869353,
431,Shawn Armstrong,TEX| BAL| TBA| MIA| CHN| SLN,RIGHT,SP| RP,66.66666666666667,7,57,77,38,36,6,25,66,3,3,1,0,0,4.860,1.530,9,2,0.135,-1.511,-1.503,-0.413,-0.7,-1.077,-5.204,1.5860000000000003,2.983039548594268,
432,J. T. Ginn,ATH| OAK,RIGHT,SP,34.0,6,8,36,16,16,4,9,29,1,1,0,0,0,4.235,1.323,0,2,0.0,-2.032,-2.301,-0.501,-0.159,-0.211,-5.204,1.5860000000000003,2.983039548594268,
433,Richard Fitts,BOS,RIGHT,SP,20.666666666666668,4,4,19,6,4,0,7,9,0,1,0,0,0,1.742,1.258,0,0,0.0,-2.292,-2.733,-0.501,0.383,-0.063,-5.206,1.5839999999999996,2.9792778341571995,
434,Jose Marte,ANA,RIGHT,RP,19.333333333333336,0,14,14,6,5,1,10,14,0,0,0,0,0,2.328,1.241,1,0,0.052,-2.292,-2.625,-0.501,0.253,-0.043,-5.209,1.5810000000000004,2.9736352625016003,
435,Carlos Hernandez,CLE| DET| PHI| KCA,RIGHT,RP,30.000000000000004,0,27,24,14,11,1,16,27,0,1,0,0,0,3.300,1.333,8,1,0.267,-2.292,-2.344,-0.501,0.121,-0.2,-5.217,1.5730000000000004,2.9585884047533315,
436,Shawn Dubin,BAL| HOU,RIGHT,RP,45.333333333333336,2,31,45,25,21,3,26,49,1,1,2,0,0,4.169,1.566,2,0,0.044,-2.032,-1.87,-0.326,-0.184,-0.811,-5.223,1.5670000000000002,2.9473032614421295,
437,Chris Roycroft,SLN,RIGHT,RP,34.33333333333333,0,27,31,19,16,2,17,33,1,2,0,0,0,4.194,1.398,4,0,0.117,-2.032,-2.215,-0.501,-0.148,-0.336,-5.232,1.5579999999999998,2.9303755464753265,
438,Matthew Bowman,BAL| NYA| ARI| MIN| SEA,RIGHT,RP,30.66666666666666,1,25,26,15,15,5,13,24,1,0,0,0,0,4.402,1.272,3,0,0.098,-2.032,-2.409,-0.501,-0.191,-0.113,-5.247,1.5430000000000001,2.9021626881973233,
439,Justin Anderson,CHA,RIGHT,RP,53.333333333333336,0,56,48,29,26,5,32,57,1,2,1,0,0,4.388,1.500,8,1,0.15,-2.032,-1.697,-0.413,-0.325,-0.784,-5.252,1.5380000000000003,2.8927584021046555,
440,Anthony Veneziano,MIA| SLN| KCA,LEFT,RP,13.333333333333336,0,12,16,7,5,1,3,14,1,0,0,0,0,3.375,1.425,3,0,0.225,-2.032,-2.625,-0.501,0.044,-0.148,-5.261,1.529,2.8758306871378525,
441,Christian Scott,NYN,RIGHT,SP,47.333333333333336,9,9,45,24,24,8,12,39,0,3,0,0,0,4.563,1.204,1,2,0.021,-2.292,-2.085,-0.501,-0.366,-0.021,-5.266,1.524,2.8664264010451848,
442,Drew Thorpe,CHA,RIGHT,SP,44.333333333333336,9,9,35,29,27,8,21,25,3,3,0,0,0,5.481,1.263,9,0,0.203,-1.511,-2.387,-0.501,-0.721,-0.146,-5.267,1.5229999999999997,2.864545543826651,
443,Eduardo Rodriguez,ARI| BOS| DET,LEFT,SP,49.99999999999999,10,10,56,29,28,8,19,47,3,4,0,0,0,5.040,1.500,2,2,0.04,-1.511,-1.913,-0.501,-0.608,-0.735,-5.269,1.521,2.8607838293895838,
444,Cal Quantrill,ATL| MIA| CLE| SDN| COL,RIGHT,SP,148.33333333333331,29,29,156,83,82,23,69,110,8,11,0,0,0,4.975,1.517,14,9,0.094,-0.21,-0.554,-0.501,-1.716,-2.301,-5.282,1.508,2.8363326855486477,
445,Joey Wentz,ATL| MIN| PIT| DET,LEFT,RP,67.33333333333334,0,46,66,37,35,8,33,73,1,2,1,0,0,4.678,1.470,14,2,0.208,-2.032,-1.352,-0.413,-0.593,-0.894,-5.284,1.5060000000000002,2.832570971111581,
446,Jared Shuster,CHA| ATL,LEFT,SP| RP,73.33333333333334,4,39,74,38,35,9,33,56,2,5,0,0,0,4.295,1.459,7,2,0.095,-1.772,-1.719,-0.501,-0.384,-0.934,-5.31,1.4800000000000004,2.783668683429708,
447,Yilber Diaz,ARI,RIGHT,SP| RP,28.333333333333336,4,7,27,13,12,3,12,19,1,1,0,0,0,3.812,1.377,2,0,0.071,-2.032,-2.517,-0.501,-0.021,-0.248,-5.319,1.471,2.766740968462905,
448,Jhony Brito,NYA| SDN,RIGHT,RP,43.66666666666667,0,26,49,23,20,4,10,29,1,2,0,0,0,4.122,1.351,6,0,0.137,-2.032,-2.301,-0.501,-0.158,-0.329,-5.321,1.4690000000000003,2.762979254025838,
449,Ethan Roberts,CHN,RIGHT,RP,26.666666666666668,0,21,31,11,11,3,10,26,1,1,0,0,0,3.712,1.538,1,1,0.037,-2.032,-2.366,-0.501,0.005,-0.44,-5.334,1.4560000000000004,2.7385281101849017,
450,Caleb Thielbar,CHN| MIN,LEFT,RP,47.33333333333333,0,59,50,33,28,6,24,53,2,4,3,0,0,5.324,1.563,7,1,0.148,-1.772,-1.784,-0.238,-0.701,-0.841,-5.335,1.455,2.7366472529663675,
451,Clayton Kershaw,LAN,LEFT,SP,30.0,7,7,36,19,15,2,9,24,2,2,0,0,0,4.500,1.500,0,3,0.0,-1.772,-2.409,-0.501,-0.214,-0.441,-5.337,1.4530000000000003,2.7328855385293007,
452,Dillon Tate,TOR| BAL,RIGHT,RP,36.666666666666664,0,33,42,21,19,2,12,27,2,1,1,0,0,4.664,1.473,4,3,0.109,-1.772,-2.344,-0.413,-0.318,-0.491,-5.338,1.452,2.7310046813107665,
453,Nick Vespi,BAL,LEFT,RP,12.333333333333334,0,11,10,4,4,1,3,9,0,0,0,0,0,2.919,1.054,0,0,0.0,-2.292,-2.733,-0.501,0.093,0.084,-5.349,1.4409999999999998,2.710315251906897,
454,Kyle Freeland,COL,LEFT,SP,113.33333333333333,21,21,134,73,66,22,26,85,5,8,0,0,0,5.241,1.412,9,5,0.079,-0.991,-1.093,-0.501,-1.591,-1.184,-5.361,1.4290000000000003,2.687744965284495,
455,Brandon Williamson,CIN,LEFT,SP,14.333333333333334,3,4,10,7,6,4,5,12,0,0,0,0,0,3.767,1.046,1,0,0.07,-2.292,-2.668,-0.501,-0.005,0.103,-5.363,1.4269999999999996,2.6839832508474264,
456,Griffin Canning,NYN| ANA,RIGHT,SP,171.66666666666663,31,32,174,105,99,31,66,130,6,13,0,0,0,5.190,1.398,6,3,0.035,-0.731,-0.123,-0.501,-2.329,-1.68,-5.364,1.4260000000000002,2.682102393628894,
457,Michael Soroka,CHN| WAS| ATL| CHA,RIGHT,SP| RP,79.66666666666666,9,25,66,49,42,13,44,84,0,10,0,0,0,4.745,1.381,13,4,0.163,-2.292,-1.115,-0.501,-0.751,-0.713,-5.372,1.4180000000000001,2.667055535880625,
458,Peter Strzelecki,MIL| ARI| CLE,RIGHT,RP,11.666666666666666,0,10,11,3,3,1,3,9,0,0,0,0,0,2.314,1.200,0,0,0.0,-2.292,-2.733,-0.501,0.154,-0.003,-5.375,1.415,2.661412964225024,
459,Walter Pennington,KCA| TEX,LEFT,RP,18.000000000000004,1,16,19,7,6,1,11,17,1,0,0,0,0,3.000,1.667,4,0,0.222,-2.032,-2.56,-0.501,0.123,-0.409,-5.38,1.4100000000000001,2.6520086781323564,
460,Blake Walston,ARI,LEFT,RP,18.333333333333332,2,7,16,12,9,4,10,18,1,0,0,0,0,4.418,1.418,0,0,0.0,-2.032,-2.538,-0.501,-0.117,-0.197,-5.386,1.404,2.6407235348211544,
461,Enyel De Los Santos,ATL| HOU| PHI| PIT| CLE| CHA| NYA| SDN,RIGHT,RP,64.0,0,64,65,38,37,17,25,66,1,2,2,0,0,5.203,1.406,3,0,0.047,-2.032,-1.503,-0.326,-0.876,-0.652,-5.389,1.4009999999999998,2.6350809631655534,
462,Graham Ashcraft,CIN,RIGHT,SP,77.33333333333334,15,15,89,50,45,11,27,57,5,5,0,0,0,5.237,1.500,4,1,0.052,-0.991,-1.697,-0.501,-1.083,-1.137,-5.409,1.3810000000000002,2.5974638187948824,
463,Tommy Nance,TOR| CHN| MIA,RIGHT,RP,22.0,0,20,18,12,10,2,9,19,0,3,0,0,0,4.091,1.227,5,0,0.227,-2.292,-2.517,-0.501,-0.073,-0.034,-5.418,1.3719999999999999,2.58053610382808,
464,Austin Warren,NYN| ANA| SFN,RIGHT,RP,10.666666666666668,0,6,9,2,2,1,5,7,0,0,0,0,0,1.688,1.312,0,0,0.0,-2.292,-2.776,-0.501,0.203,-0.06,-5.427,1.3630000000000004,2.563608388861278,
465,Alex Young,ARI| CLE| SFN| CIN| NYN,LEFT,RP,15.666666666666666,0,17,15,5,5,2,7,15,0,0,0,0,0,2.872,1.404,1,0,0.064,-2.292,-2.603,-0.501,0.125,-0.158,-5.429,1.3609999999999998,2.55984667442421,
466,Joe Kelly,LAN| CHA,RIGHT,RP,31.999999999999996,0,35,31,19,17,4,16,35,1,1,0,0,0,4.781,1.469,1,1,0.031,-2.032,-2.172,-0.501,-0.312,-0.422,-5.439,1.351,2.5410381022388746,
467,Cade Povich,BAL,LEFT,SP,79.66666666666669,16,16,80,49,46,12,34,69,3,9,0,0,0,5.197,1.431,6,1,0.075,-1.511,-1.438,-0.501,-1.085,-0.906,-5.443,1.3470000000000004,2.533514673364741,
468,Michael Petersen,ATL| MIA| LAN,RIGHT,RP,19.666666666666664,0,16,21,14,13,3,11,14,3,1,0,0,0,5.949,1.627,2,0,0.102,-1.511,-2.625,-0.501,-0.406,-0.41,-5.453,1.3369999999999997,2.514706101179404,
469,Stephen Kolek,KCA| SDN,RIGHT,RP,46.666666666666664,0,42,59,30,27,4,12,39,3,0,0,0,0,5.207,1.521,2,1,0.043,-1.511,-2.085,-0.501,-0.64,-0.734,-5.473,1.3170000000000002,2.477088956808733,
470,Ty Madden,DET,RIGHT,RP,23.0,1,6,25,12,11,2,8,17,1,1,0,0,0,4.304,1.435,4,0,0.174,-2.032,-2.56,-0.501,-0.122,-0.266,-5.481,1.3090000000000002,2.462042099060464,
471,Kolby Allard,CLE| TEX| ATL| PHI,LEFT,SP| RP,27.0,4,7,34,15,15,5,8,23,2,0,0,0,0,5.000,1.556,0,0,0.0,-1.772,-2.431,-0.501,-0.318,-0.469,-5.491,1.2990000000000004,2.4432335268751286,
472,Joel Kuhnel,CIN| HOU| TBA,RIGHT,RP,10.0,0,6,8,5,5,1,0,5,0,0,0,0,0,4.500,0.800,1,0,0.1,-2.292,-2.819,-0.501,-0.071,0.19,-5.493,1.2969999999999997,2.4394718124380605,
473,Eduardo Salazar,WAS| CIN| LAN,RIGHT,RP,29.333333333333332,0,26,34,11,9,2,14,27,0,1,0,0,0,2.761,1.636,4,2,0.136,-2.292,-2.344,-0.501,0.265,-0.624,-5.497,1.2930000000000001,2.431948383563927,
474,Grant Holman,ATH| OAK,RIGHT,RP,15.666666666666666,0,18,17,8,7,1,9,16,1,1,0,0,0,4.021,1.660,0,0,0.0,-2.032,-2.582,-0.501,-0.042,-0.351,-5.508,1.282,2.4112589541600573,
475,Nick Robertson,BOS| LAN| SLN| TOR,RIGHT,RP,13.333333333333332,0,9,15,6,6,3,2,14,0,0,0,0,0,4.050,1.275,1,0,0.075,-2.292,-2.625,-0.501,-0.039,-0.051,-5.509,1.2809999999999997,2.409378096941523,
476,Mike Baumann,BAL| ANA| MIA| SEA| SFN,RIGHT,RP,58.333333333333336,0,57,59,40,36,9,28,58,3,1,0,0,0,5.554,1.491,7,3,0.12,-1.511,-1.676,-0.501,-0.989,-0.834,-5.511,1.279,2.4056163825044563,
477,Adam Cimber,CLE| MIA| TOR| ANA,RIGHT,RP,24.33333333333333,0,28,20,19,19,1,14,19,3,0,0,0,0,7.027,1.397,2,2,0.082,-1.511,-2.517,-0.501,-0.746,-0.237,-5.513,1.2770000000000001,2.4018546680673896,
478,Jimmy Herget,COL| TEX| ANA| ATL,RIGHT,RP,12.333333333333332,0,8,13,6,6,2,3,15,0,1,0,0,0,4.378,1.297,2,0,0.162,-2.292,-2.603,-0.501,-0.074,-0.061,-5.531,1.2590000000000003,2.3679992381337853,
479,Abner Uribe,MIL,RIGHT,RP,14.333333333333334,0,14,15,11,11,1,12,14,2,2,3,0,0,6.907,1.884,0,0,0.0,-1.772,-2.625,-0.238,-0.423,-0.476,-5.534,1.2560000000000002,2.3623566664781843,
480,Zach Pop,NYN| SEA| MIA| TOR,RIGHT,RP,48.33333333333332,0,58,45,36,30,9,19,33,2,4,1,0,0,5.586,1.324,3,0,0.062,-1.772,-2.215,-0.413,-0.834,-0.301,-5.535,1.255,2.36047580925965,
481,Tyler Phillips,MIA| PHI,RIGHT,SP,36.666666666666664,7,8,45,28,28,9,7,28,4,1,0,0,0,6.873,1.418,4,0,0.109,-1.251,-2.323,-0.501,-1.071,-0.394,-5.541,1.2489999999999997,2.349190665948448,
482,Mason Englert,TBA| DET,RIGHT,RP,21.666666666666668,1,12,23,15,13,4,5,16,1,0,0,0,0,5.400,1.292,1,1,0.046,-2.032,-2.582,-0.501,-0.336,-0.102,-5.552,1.2380000000000004,2.32850123654458,
483,Kyle Nelson,ARI| CLE,LEFT,RP,10.666666666666666,0,11,8,5,5,2,4,8,0,0,0,0,0,4.219,1.125,0,0,0.0,-2.292,-2.754,-0.501,-0.048,0.036,-5.56,1.2300000000000004,2.3134543787963113,
484,Logan Allen,CLE,LEFT,SP,97.33333333333331,20,20,113,63,62,22,41,79,8,5,0,0,0,5.733,1.582,3,2,0.031,-0.21,-1.223,-0.501,-1.812,-1.817,-5.562,1.2279999999999998,2.309692664359243,
485,Dany Jimenez,SFN| OAK,RIGHT,RP,25.666666666666664,0,25,21,18,14,6,19,25,1,3,1,0,0,4.909,1.558,0,0,0.0,-2.032,-2.387,-0.413,-0.281,-0.45,-5.564,1.226,2.305930949922176,
486,Casey Mize,DET,RIGHT,SP,102.33333333333331,20,22,121,57,51,11,29,78,2,6,0,0,0,4.485,1.466,11,4,0.107,-1.772,-1.244,-0.501,-0.717,-1.336,-5.57,1.2199999999999998,2.2946458066109745,
487,Brock Burke,ANA| TEX,LEFT,RP,34.0,1,34,37,22,22,4,16,41,2,1,0,0,0,5.824,1.559,2,0,0.059,-1.772,-2.042,-0.501,-0.662,-0.596,-5.573,1.2169999999999996,2.2890032349553735,
488,Max Lazar,PHI,RIGHT,RP,13.666666666666664,0,11,13,7,7,2,2,9,0,0,0,0,0,4.610,1.098,0,0,0.0,-2.292,-2.733,-0.501,-0.112,0.064,-5.573,1.2169999999999996,2.2890032349553735,
489,Justin Wilson,BOS| NYN| CIN| NYA,LEFT,RP,46.666666666666664,0,60,55,30,29,10,13,51,1,5,2,0,0,5.593,1.457,4,2,0.086,-2.032,-1.827,-0.326,-0.808,-0.59,-5.582,1.2080000000000002,2.2720755199885723,
490,Yosver Zulueta,CIN,RIGHT,RP,16.333333333333332,0,12,15,10,9,2,7,20,0,0,0,0,0,4.959,1.347,0,0,0.0,-2.292,-2.495,-0.501,-0.186,-0.12,-5.595,1.1950000000000003,2.2476243761476358,
491,Josh Fleming,TBA| PIT,LEFT,SP| RP,31.333333333333332,3,25,34,18,14,3,14,17,1,1,1,0,0,4.021,1.532,2,2,0.064,-2.032,-2.56,-0.413,-0.084,-0.509,-5.599,1.1909999999999998,2.2401009472735005,
492,Jonathan Hernandez,TEX| SEA,RIGHT,RP,43.33333333333334,1,29,41,28,26,6,28,39,3,1,0,0,0,5.400,1.592,4,1,0.092,-1.511,-2.085,-0.501,-0.672,-0.83,-5.6,1.1900000000000004,2.238220090054968,
493,Joe La Sorsa,CIN| TBA| WAS,LEFT,RP,17.666666666666668,0,16,17,9,9,4,5,14,0,0,0,0,0,4.585,1.245,4,1,0.226,-2.292,-2.625,-0.501,-0.14,-0.043,-5.601,1.189,2.2363392328364338,
494,Max Meyer,MIA,RIGHT,SP,57.0,11,11,62,38,36,14,19,46,3,5,0,0,0,5.684,1.421,3,2,0.053,-1.511,-1.934,-0.501,-1.035,-0.621,-5.603,1.1870000000000003,2.232577518399367,
495,Davis Martin,CHA,RIGHT,SP,49.99999999999999,10,11,50,25,24,5,23,47,0,5,0,0,0,4.320,1.460,2,3,0.04,-2.292,-1.913,-0.501,-0.274,-0.639,-5.618,1.1719999999999997,2.204364660121362,
496,John Brebbia,ATL| DET| SFN| CHA,RIGHT,RP,55.33333333333333,0,59,56,36,36,11,19,67,0,6,2,0,0,5.855,1.355,4,1,0.072,-2.292,-1.482,-0.326,-1.093,-0.428,-5.621,1.1689999999999996,2.198722088465761,
497,Kumar Rocker,TEX,RIGHT,SP,11.666666666666668,3,3,12,6,5,1,6,14,0,2,0,0,0,3.857,1.543,1,0,0.086,-2.292,-2.625,-0.501,-0.014,-0.196,-5.627,1.1630000000000003,2.1874369451545608,
498,Carson Spiers,CIN,RIGHT,SP| RP,90.66666666666666,10,22,112,59,55,20,27,80,5,7,0,0,0,5.460,1.533,2,2,0.022,-0.991,-1.201,-0.501,-1.457,-1.478,-5.628,1.162,2.1855560879360265,
499,Giovanny Gallegos,SLN,RIGHT,RP,20.666666666666668,0,21,24,15,15,6,10,21,2,1,1,0,0,6.532,1.645,2,0,0.097,-1.772,-2.474,-0.413,-0.538,-0.448,-5.646,1.1440000000000001,2.1517006580024227,
500,Triston McKenzie,CLE,RIGHT,SP,75.66666666666666,16,16,69,46,43,19,49,74,3,5,0,0,0,5.114,1.560,9,0,0.119,-1.511,-1.331,-0.501,-0.973,-1.329,-5.646,1.1440000000000001,2.1517006580024227,
501,Guillo Zuniga,SLN| ANA,RIGHT,RP,17.666666666666664,0,15,16,10,10,5,8,12,0,0,2,0,0,5.094,1.359,2,0,0.113,-2.292,-2.668,-0.326,-0.224,-0.139,-5.649,1.141,2.1460580863468217,
502,Patrick Sandoval,ANA,LEFT,SP,79.66666666666666,16,16,85,49,45,8,35,81,2,8,0,0,0,5.084,1.506,4,2,0.05,-1.772,-1.18,-0.501,-1.002,-1.195,-5.65,1.1399999999999997,2.1441772291282875,
503,Josh Rogers,WAS| COL,LEFT,RP,11.0,0,6,15,8,8,1,3,3,2,0,0,0,0,6.545,1.636,0,0,0.0,-1.772,-2.862,-0.501,-0.288,-0.234,-5.657,1.133,2.131011228598553,
504,Gabe Speier,SEA| KCA,LEFT,RP,23.666666666666668,0,29,19,15,15,2,14,33,0,2,0,0,0,5.704,1.394,5,0,0.211,-2.292,-2.215,-0.501,-0.434,-0.227,-5.67,1.12,2.1065600847576165,
505,Jacob Lopez,ATH| TBA,LEFT,RP,10.333333333333332,1,4,5,7,6,2,7,8,0,0,0,0,0,5.226,1.161,4,0,0.387,-2.292,-2.754,-0.501,-0.144,0.017,-5.674,1.1159999999999997,2.099036655883481,
506,Gerson Garabito,TEX,RIGHT,RP,26.333333333333332,2,18,23,15,14,4,12,22,0,2,0,0,0,4.785,1.329,3,0,0.114,-2.292,-2.452,-0.501,-0.258,-0.17,-5.674,1.1159999999999997,2.099036655883481,
507,Cody Bolton,CLE| PIT| SEA,RIGHT,RP,18.666666666666664,0,17,18,11,9,3,9,17,0,0,0,0,0,4.339,1.446,1,1,0.054,-2.292,-2.56,-0.501,-0.105,-0.226,-5.685,1.1050000000000004,2.0783472264796132,
508,Jaden Hill,COL,RIGHT,RP,10.666666666666668,0,9,8,7,6,2,4,6,0,0,0,0,0,5.062,1.125,5,0,0.469,-2.292,-2.797,-0.501,-0.132,0.036,-5.687,1.1029999999999998,2.0745855120425447,
509,Diego Castillo,TBA| SEA| MIN,RIGHT,RP,10.0,0,7,8,3,3,0,8,6,0,0,0,0,0,2.700,1.600,1,0,0.1,-2.292,-2.797,-0.501,0.096,-0.195,-5.69,1.0999999999999996,2.0689429403869437,
510,Rafael Montero,ATL| DET| HOU| TEX| SEA,RIGHT,RP,38.33333333333333,0,41,35,21,20,8,19,23,1,2,0,0,0,4.696,1.409,8,2,0.209,-2.032,-2.431,-0.501,-0.344,-0.395,-5.702,1.088,2.0463726537645415,
511,Jake Bird,COL| NYA,RIGHT,RP,39.99999999999999,0,35,43,21,20,5,25,31,2,2,1,0,0,4.500,1.700,4,2,0.1,-1.772,-2.258,-0.413,-0.286,-0.974,-5.703,1.0869999999999997,2.044491796546007,
512,Brock Stewart,LAN| MIN,RIGHT,RP,15.666666666666666,0,16,15,9,9,2,8,20,0,0,0,0,0,5.170,1.468,2,0,0.128,-2.292,-2.495,-0.501,-0.21,-0.206,-5.704,1.0860000000000003,2.0426109393274747,
513,Alex Lange,DET,RIGHT,RP,18.666666666666664,0,21,16,16,9,0,17,21,0,3,2,0,0,4.339,1.768,1,1,0.054,-2.292,-2.474,-0.326,-0.105,-0.515,-5.713,1.077,2.0256832243606717,
514,Ryder Ryan,SEA| PIT,RIGHT,RP,20.666666666666668,0,15,21,14,13,2,9,17,1,0,0,0,0,5.661,1.452,3,0,0.145,-2.032,-2.56,-0.501,-0.371,-0.256,-5.72,1.0700000000000003,2.0125172238309372,
515,Ray Kerr,SDN| ATL,LEFT,RP,22.333333333333332,2,10,29,14,14,4,7,27,1,2,0,0,0,5.642,1.612,5,1,0.224,-2.032,-2.344,-0.501,-0.397,-0.449,-5.723,1.0670000000000002,2.0068746521753367,
516,Julian Aguiar,CIN,RIGHT,SP,31.666666666666668,7,7,30,22,22,8,12,19,2,1,0,0,0,6.253,1.326,1,0,0.032,-1.772,-2.517,-0.501,-0.743,-0.2,-5.733,1.0570000000000004,1.988066079990001,
517,Anthony Maldonado,ATH| MIA,RIGHT,RP,19.0,1,16,21,12,12,1,7,11,1,1,1,0,0,5.684,1.474,2,1,0.105,-2.032,-2.689,-0.413,-0.345,-0.255,-5.735,1.0549999999999997,1.9843043655529327,
518,Adam Oller,OAK| MIA,RIGHT,SP,42.333333333333336,8,8,43,25,25,7,22,36,2,4,0,0,0,5.315,1.535,1,2,0.024,-1.772,-2.15,-0.501,-0.623,-0.695,-5.741,1.0490000000000004,1.9730192222417322,
519,Yoendrys Gomez,CHA| LAN| NYA,RIGHT,RP,11.333333333333334,0,5,11,5,5,2,7,10,0,0,0,0,0,3.971,1.588,0,0,0.0,-2.292,-2.711,-0.501,-0.025,-0.215,-5.744,1.0460000000000003,1.9673766505861314,
520,Humberto Castellanos,HOU| ARI,RIGHT,RP,10.333333333333334,0,7,11,6,6,0,4,7,0,0,1,0,0,5.226,1.452,1,0,0.097,-2.292,-2.776,-0.413,-0.144,-0.128,-5.753,1.037,1.9504489356193284,
521,Chase Anderson,TOR| PHI| CIN| COL| TBA| BOS| TEX,RIGHT,RP,58.333333333333336,1,29,55,41,35,12,21,42,0,2,3,0,0,5.400,1.303,7,1,0.12,-2.292,-2.021,-0.238,-0.905,-0.303,-5.76,1.0300000000000002,1.937282935089594,
522,Luis Medina,OAK,RIGHT,SP,40.0,8,8,43,24,23,4,20,32,2,4,0,0,0,5.175,1.575,1,1,0.025,-1.772,-2.236,-0.501,-0.537,-0.733,-5.779,1.0110000000000001,1.9015466479374556,
523,Tyler Mahle,TEX| CIN| MIN,RIGHT,SP,12.666666666666668,3,3,14,7,7,1,4,10,0,1,0,0,0,4.974,1.421,2,0,0.158,-2.292,-2.711,-0.501,-0.146,-0.138,-5.789,1.0010000000000003,1.8827380757521202,
524,Sean Newcomb,ATH| BOS| ATL| CHN| OAK,LEFT,RP,10.0,0,7,9,7,7,2,8,7,1,0,0,0,0,6.300,1.700,3,2,0.3,-2.032,-2.776,-0.501,-0.239,-0.243,-5.791,0.9989999999999997,1.8789763613150516,
525,Justin Wrobleski,LAN,LEFT,SP,36.33333333333333,6,8,34,24,23,9,16,26,1,2,1,0,0,5.697,1.376,3,2,0.083,-2.032,-2.366,-0.413,-0.664,-0.317,-5.793,0.9969999999999999,1.875214646877985,
526,Nick Mears,MIL| PIT| COL,RIGHT,RP,57.66666666666664,0,54,61,40,38,7,24,75,1,5,0,0,0,5.931,1.474,4,1,0.069,-2.032,-1.309,-0.501,-1.179,-0.776,-5.797,0.9930000000000003,1.8676912180038514,
527,Ryan Miller,ANA,RIGHT,RP,12.999999999999998,0,13,13,7,6,2,8,11,0,1,0,0,0,4.154,1.615,1,1,0.077,-2.292,-2.689,-0.501,-0.051,-0.263,-5.797,0.9930000000000003,1.8676912180038514,
528,George Soriano,MIA,RIGHT,RP,29.33333333333333,0,22,27,23,22,7,13,29,1,1,1,0,0,6.750,1.364,2,0,0.068,-2.032,-2.301,-0.413,-0.824,-0.238,-5.809,0.9809999999999999,1.8451209313814476,
529,Caleb Kilian,CHN,RIGHT,P,10.666666666666668,1,2,11,6,5,2,6,7,0,1,0,0,0,4.219,1.594,2,0,0.187,-2.292,-2.776,-0.501,-0.048,-0.205,-5.822,0.968,1.8206697875405111,
530,Steven Matz,BOS| SLN| NYN| TOR,LEFT,SP| RP,44.33333333333333,7,12,49,28,25,7,15,33,1,2,0,0,0,5.075,1.444,2,1,0.045,-2.032,-2.215,-0.501,-0.554,-0.531,-5.833,0.9569999999999999,1.7999803581366414,
531,Sam Aldegheri,ANA,LEFT,SP,13.0,3,3,15,12,7,2,10,10,1,2,0,0,0,4.846,1.923,1,0,0.077,-2.032,-2.711,-0.501,-0.135,-0.456,-5.835,0.9550000000000001,1.7962186436995746,
532,Josh Walker,TOR| NYN,LEFT,RP,12.333333333333334,0,10,13,7,7,1,6,11,0,0,0,0,0,5.108,1.540,1,0,0.081,-2.292,-2.689,-0.501,-0.158,-0.205,-5.846,0.944,1.775529214295705,
533,Randy Vasquez,SDN| NYA,RIGHT,SP,98.0,20,20,119,56,53,13,29,62,4,7,0,0,0,4.867,1.510,12,4,0.122,-1.251,-1.589,-0.501,-1.035,-1.489,-5.866,0.9240000000000004,1.737912069925034,
534,Tyler Wells,BAL,RIGHT,SP,15.333333333333332,3,3,18,11,10,3,3,13,0,2,0,0,0,5.870,1.370,1,0,0.065,-2.292,-2.646,-0.501,-0.305,-0.129,-5.874,0.9160000000000004,1.7228652121767654,
535,DL Hall,MIL| BAL,LEFT,SP| RP,43.0,7,13,48,26,24,6,21,44,1,2,0,0,0,5.023,1.605,2,0,0.047,-2.032,-1.978,-0.501,-0.517,-0.849,-5.876,0.9139999999999997,1.7191034977396968,
536,Carlos Carrasco,ATL| NYA| CLE| NYN,RIGHT,SP,103.66666666666666,21,21,112,68,65,19,33,89,3,10,0,0,0,5.643,1.399,7,4,0.068,-1.511,-1.007,-0.501,-1.843,-1.018,-5.881,0.9089999999999998,1.7096992116470293,
537,Marco Gonzales,SEA| PIT,LEFT,SP,33.666666666666664,7,7,43,17,17,5,11,23,1,1,0,0,0,4.545,1.604,2,0,0.059,-2.032,-2.431,-0.501,-0.254,-0.664,-5.882,0.9080000000000004,1.7078183544284966,
538,Joey Lucchesi,SFN| SDN| NYN,LEFT,P,10.333333333333332,2,2,8,6,6,1,8,7,0,2,0,0,0,5.226,1.548,0,0,0.0,-2.292,-2.776,-0.501,-0.144,-0.176,-5.889,0.9009999999999998,1.6946523538987606,
539,Chris Devenski,NYN| HOU| ARI| PHI| ANA| TBA,RIGHT,RP,26.66666666666667,0,19,28,25,20,9,14,24,2,1,0,0,0,6.750,1.575,6,0,0.225,-1.772,-2.409,-0.501,-0.749,-0.488,-5.919,0.8710000000000004,1.638226637342754,
540,Colten Brewer,BOS| NYA| CHN,RIGHT,RP,20.666666666666668,0,16,24,16,13,1,9,22,0,0,1,0,0,5.661,1.597,7,2,0.339,-2.292,-2.452,-0.413,-0.371,-0.4,-5.929,0.8609999999999998,1.619418065157417,
541,Elieser Hernandez,MIA| LAN| MIL,RIGHT,RP,15.666666666666666,1,9,14,11,11,5,5,8,0,1,0,0,0,6.319,1.213,0,1,0.0,-2.292,-2.754,-0.501,-0.377,-0.013,-5.938,0.8520000000000003,1.6024903501906158,
542,Kirby Snead,TOR| OAK| SEA,LEFT,RP,10.333333333333332,0,11,12,5,5,0,7,7,0,0,0,0,0,4.355,1.839,2,2,0.194,-2.292,-2.776,-0.501,-0.06,-0.321,-5.95,0.8399999999999999,1.5799200635682118,
543,Chad Kuhl,PIT| COL| WAS| CHA,RIGHT,RP,53.33333333333333,1,31,56,33,30,5,25,54,0,2,1,0,0,5.062,1.519,1,1,0.019,-2.292,-1.762,-0.413,-0.66,-0.832,-5.96,0.8300000000000001,1.5611114913828765,
544,Joely Rodriguez,TEX| NYA| NYN| BOS,LEFT,RP,13.666666666666666,0,14,19,13,9,3,2,12,0,1,0,0,0,5.927,1.537,2,0,0.146,-2.292,-2.668,-0.501,-0.279,-0.225,-5.965,0.8250000000000002,1.5517072052902088,
545,Nick Avila,SFN,RIGHT,RP,11.666666666666668,0,8,17,12,11,2,3,14,1,0,0,0,0,8.486,1.714,1,1,0.086,-2.032,-2.625,-0.501,-0.516,-0.292,-5.966,0.8239999999999998,1.5498263480716745,
546,Deivi Garcia,NYA| CHA,RIGHT,RP,14.0,0,14,16,16,11,2,11,15,1,2,1,0,0,7.071,1.929,1,1,0.071,-2.032,-2.603,-0.413,-0.435,-0.495,-5.979,0.8109999999999999,1.525375204230738,
547,Davis Daniel,ATL| ANA,RIGHT,SP,30.333333333333332,6,6,39,22,21,5,6,28,1,4,0,0,0,6.231,1.484,2,2,0.066,-2.032,-2.323,-0.501,-0.705,-0.422,-5.983,0.8070000000000004,1.5178517753566045,
548,Tanner Rainey,DET| PIT| WAS,RIGHT,RP,50.99999999999999,0,50,47,28,27,8,29,44,0,0,0,0,0,4.765,1.490,4,1,0.078,-2.292,-1.978,-0.501,-0.49,-0.726,-5.987,0.8029999999999999,1.5103283464824693,
549,Julian Merryweather,CHN| TOR,RIGHT,RP,15.0,0,15,18,11,11,0,9,14,1,1,0,0,0,6.600,1.800,3,0,0.2,-2.032,-2.625,-0.501,-0.4,-0.437,-5.995,0.7949999999999999,1.4952814887342007,
550,Matt Manning,DET,RIGHT,SP,27.666666666666668,5,5,31,15,15,3,12,23,0,1,0,0,0,4.880,1.554,2,1,0.072,-2.292,-2.431,-0.501,-0.295,-0.479,-5.998,0.7919999999999998,1.4896389170785997,
551,Logan Gillaspie,SDN| BAL,RIGHT,RP,11.333333333333332,0,9,15,9,9,2,0,7,0,0,0,0,0,7.147,1.323,0,0,0.0,-2.292,-2.776,-0.501,-0.36,-0.07,-5.999,0.7910000000000004,1.487758059860067,
552,Jordan Wicks,CHN,LEFT,SP,46.0,10,11,55,31,28,9,20,42,2,4,0,0,0,5.478,1.630,5,1,0.109,-1.772,-2.021,-0.501,-0.747,-0.966,-6.006,0.7839999999999998,1.474592059330331,
553,Steven Wilson,CHA| SDN,RIGHT,RP,34.666666666666664,0,40,29,29,22,8,26,34,1,6,0,0,0,5.712,1.587,3,1,0.087,-2.032,-2.193,-0.501,-0.638,-0.654,-6.019,0.7709999999999999,1.4501409154893945,
554,Daniel Palencia,CHN,RIGHT,RP,14.666666666666666,0,10,14,11,10,0,12,16,0,1,1,0,0,6.136,1.773,0,0,0.0,-2.292,-2.582,-0.413,-0.328,-0.408,-6.024,0.766,1.4407366293967268,
555,Jay Jackson,SFN| ATL| TOR| MIN,RIGHT,RP,26.333333333333332,0,20,28,24,22,7,9,29,1,2,0,0,0,7.519,1.405,3,1,0.114,-2.032,-2.301,-0.501,-0.928,-0.267,-6.029,0.7610000000000001,1.431332343304059,
556,J. P. Feyereisen,ARI| LAN| MIL| TBA,RIGHT,RP,11.0,0,10,11,10,10,3,5,9,0,1,1,0,0,8.182,1.454,0,0,0.0,-2.292,-2.733,-0.413,-0.455,-0.138,-6.031,0.7590000000000003,1.4275706288669923,
557,Logan Allen,CLE| BAL| ARI,LEFT,RP,28.000000000000004,0,12,32,17,17,3,10,21,0,1,1,0,0,5.464,1.500,3,0,0.107,-2.292,-2.474,-0.413,-0.451,-0.412,-6.042,0.7480000000000002,1.4068811994631227,
558,Ryan Borucki,PIT| TOR| SEA,LEFT,RP,11.000000000000002,0,14,14,10,9,2,4,13,0,0,0,0,0,7.364,1.636,1,0,0.091,-2.292,-2.646,-0.501,-0.372,-0.234,-6.045,0.7450000000000001,1.4012386278075217,
559,Joan Adon,WAS,RIGHT,RP,10.666666666666668,1,8,12,8,8,2,4,6,0,0,0,0,0,6.750,1.500,1,0,0.094,-2.292,-2.797,-0.501,-0.299,-0.157,-6.047,0.7430000000000003,1.397476913370455,
560,Tyler Beede,SFN| PIT| CLE,RIGHT,RP,14.000000000000002,0,13,16,14,13,2,9,18,1,0,0,0,0,8.357,1.786,5,0,0.357,-2.032,-2.538,-0.501,-0.602,-0.399,-6.072,0.718,1.3504554829071147,
561,Matt Barnes,BOS| MIA| WAS,RIGHT,RP,13.333333333333332,0,14,16,11,10,1,4,10,0,0,0,0,0,6.750,1.500,4,0,0.3,-2.292,-2.711,-0.501,-0.374,-0.196,-6.075,0.7149999999999999,1.3448129112515137,
562,Jake Bloss,HOU,RIGHT,SP,11.666666666666666,3,3,16,9,9,5,3,11,0,1,0,0,0,6.943,1.629,5,0,0.429,-2.292,-2.689,-0.501,-0.348,-0.244,-6.075,0.7149999999999999,1.3448129112515137,
563,Parker Mushinski,HOU,LEFT,RP,11.0,0,10,11,10,8,1,5,3,0,0,0,0,0,6.545,1.454,2,0,0.182,-2.292,-2.862,-0.501,-0.288,-0.138,-6.081,0.7089999999999996,1.3335277679403117,
564,Zach Plesac,CLE| ANA,RIGHT,SP,12.0,3,3,12,11,11,4,7,5,1,1,0,0,0,8.250,1.583,1,0,0.083,-2.032,-2.819,-0.501,-0.504,-0.225,-6.081,0.7089999999999996,1.3335277679403117,
565,Emmanuel Ramirez,MIA,RIGHT,RP,20.666666666666664,0,15,21,17,16,3,8,21,0,1,0,0,0,6.968,1.403,1,1,0.048,-2.292,-2.474,-0.501,-0.622,-0.207,-6.097,0.6929999999999996,1.3034340524437742,
566,Sammy Peralta,ANA| CHA,LEFT,RP,15.0,0,9,21,9,8,2,7,11,0,0,0,0,0,4.800,1.867,1,1,0.067,-2.292,-2.689,-0.501,-0.149,-0.486,-6.117,0.673,1.2658169080731034,
567,Johnny Cueto,SFN| CHA| MIA| ANA,RIGHT,P,11.333333333333332,2,2,14,9,9,4,3,6,0,2,0,0,0,7.147,1.500,0,0,0.0,-2.292,-2.797,-0.501,-0.36,-0.167,-6.117,0.673,1.2658169080731034,
568,Joe Boyle,TBA| OAK,RIGHT,SP| RP,47.666666666666664,10,13,42,35,34,4,40,56,3,6,0,0,0,6.420,1.720,10,1,0.21,-1.511,-1.719,-0.501,-1.192,-1.207,-6.13,0.6600000000000001,1.241365764232167,
569,Cole Winn,TEX,RIGHT,RP,17.333333333333336,0,13,18,15,15,2,4,14,0,1,0,0,0,7.788,1.269,2,0,0.115,-2.292,-2.625,-0.501,-0.654,-0.062,-6.134,0.6559999999999997,1.2338423353580317,
570,Keaton Winn,SFN,RIGHT,SP,55.33333333333333,12,12,56,44,44,9,20,48,3,8,0,0,0,7.157,1.373,7,3,0.127,-1.511,-1.891,-0.501,-1.763,-0.476,-6.143,0.6470000000000002,1.2169146203912304,
571,Brett de Geus,PHI| ARI| TEX| MIA| SEA| TOR,RIGHT,RP,11.333333333333332,0,13,14,10,9,0,4,7,0,2,0,0,0,7.147,1.588,1,1,0.088,-2.292,-2.776,-0.501,-0.36,-0.215,-6.144,0.6459999999999999,1.2150337631726964,
572,Miguel Castro,CHA| BAL| NYN| NYA| ARI,RIGHT,RP,13.666666666666668,0,11,20,9,9,3,3,8,0,0,0,0,0,5.927,1.683,0,0,0.0,-2.292,-2.754,-0.501,-0.279,-0.321,-6.148,0.6420000000000003,1.2075103342985627,
573,Bailey Horn,DET| BOS,LEFT,RP,18.0,0,18,22,14,13,5,10,13,1,1,0,0,0,6.500,1.778,2,0,0.111,-2.032,-2.646,-0.501,-0.464,-0.506,-6.148,0.6420000000000003,1.2075103342985627,
574,Thyago Vieira,MIL| ARI| BAL,RIGHT,RP,38.00000000000001,0,28,37,23,22,8,26,39,0,1,1,0,0,5.210,1.658,2,0,0.053,-2.292,-2.085,-0.413,-0.523,-0.848,-6.162,0.6280000000000001,1.1811783332390922,
575,Jose Cisnero,DET| ANA,RIGHT,RP,15.666666666666666,0,15,18,15,12,4,8,17,0,0,0,0,0,6.894,1.660,1,0,0.064,-2.292,-2.56,-0.501,-0.461,-0.351,-6.165,0.625,1.1755357615834912,
576,Jacob Waguespack,TOR| TBA,RIGHT,RP,10.0,1,4,13,7,6,1,10,11,0,0,0,0,0,5.400,2.300,3,0,0.3,-2.292,-2.689,-0.501,-0.155,-0.533,-6.171,0.6189999999999998,1.1642506182722892,
577,Kenny Rosenberg,ANA,LEFT,RP,24.0,1,7,28,17,16,5,8,17,0,1,0,0,0,6.000,1.500,2,1,0.083,-2.292,-2.56,-0.501,-0.506,-0.353,-6.213,0.577,1.0852546150938789,
578,Kent Emanuel,HOU| MIA,LEFT,RP,17.666666666666664,0,12,20,14,13,4,7,12,0,0,0,0,0,6.623,1.528,0,0,0.0,-2.292,-2.668,-0.501,-0.475,-0.284,-6.22,0.5700000000000003,1.0720886145641444,
579,Aaron Brooks,SLN| OAK,RIGHT,SP,26.666666666666664,4,5,33,19,15,4,8,12,0,2,0,0,0,5.062,1.538,2,1,0.075,-2.292,-2.668,-0.501,-0.33,-0.44,-6.231,0.5590000000000002,1.0513991851602749,
580,Brad Keller,CHN| KCA| BOS| CHA,RIGHT,RP,41.333333333333336,2,16,48,28,25,9,15,32,0,4,1,0,0,5.444,1.524,1,0,0.024,-2.292,-2.236,-0.413,-0.658,-0.656,-6.256,0.5339999999999998,1.0043777546969346,
581,Reid Detmers,ANA,LEFT,SP,87.33333333333333,17,17,98,67,65,18,38,109,4,9,0,0,0,6.699,1.557,14,3,0.16,-1.251,-0.576,-0.501,-2.41,-1.525,-6.263,0.5270000000000001,0.9912117541672,
582,Caden Dana,ANA,RIGHT,SP,10.333333333333334,3,3,14,12,11,5,7,8,1,2,0,0,0,9.581,2.032,1,0,0.097,-2.032,-2.754,-0.501,-0.562,-0.417,-6.266,0.524,0.9855691825115991,
583,Kody Funderburk,MIN,LEFT,RP,34.66666666666667,0,27,41,26,25,4,15,32,1,0,1,0,0,6.490,1.615,5,1,0.144,-2.032,-2.236,-0.413,-0.89,-0.703,-6.274,0.516,0.9705223247633303,
584,Dallas Keuchel,CHA| ARI| TEX| MIN| MIL,LEFT,SP,16.666666666666664,4,4,23,10,10,3,8,11,0,0,0,0,0,5.400,1.860,4,0,0.24,-2.292,-2.689,-0.501,-0.259,-0.534,-6.276,0.5140000000000002,0.9667606103262636,
585,Yohan Ramirez,PIT| SEA| CLE| CHA| BAL| BOS| LAN| NYN,RIGHT,RP,45.0,0,38,49,35,31,4,17,45,0,5,1,0,0,6.200,1.467,3,0,0.067,-2.292,-1.956,-0.413,-1.033,-0.589,-6.284,0.5060000000000002,0.9517137525779948,
586,Carlos Rodriguez,MIL,RIGHT,SP,12.333333333333334,3,3,19,11,10,3,3,9,0,3,0,0,0,7.297,1.784,0,0,0.0,-2.292,-2.733,-0.501,-0.409,-0.35,-6.285,0.5049999999999999,0.9498328953594607,
587,Antonio Senzatela,COL,RIGHT,SP,12.333333333333332,3,3,15,10,9,3,8,7,0,1,0,0,0,6.568,1.865,2,1,0.162,-2.292,-2.776,-0.501,-0.325,-0.398,-6.293,0.4969999999999999,0.9347860376111919,
588,Jose Suarez,ATL| ANA,LEFT,SP| RP,52.33333333333333,3,22,57,38,35,7,27,56,1,2,1,0,0,6.019,1.605,2,2,0.038,-2.032,-1.719,-0.413,-1.113,-1.035,-6.312,0.47799999999999976,0.8990497504590536,
589,Kenta Maeda,DET| MIN,RIGHT,SP| RP,112.33333333333336,17,29,124,80,76,22,31,96,3,7,0,0,0,6.089,1.380,11,4,0.098,-1.511,-0.856,-0.501,-2.463,-1.001,-6.333,0.45699999999999985,0.8595517488698484,
590,Nick Ramirez,DET| SDN| NYA| LAN,LEFT,RP,13.333333333333334,0,8,18,11,9,0,7,5,0,0,0,0,0,6.075,1.875,2,1,0.15,-2.292,-2.819,-0.501,-0.291,-0.437,-6.34,0.4500000000000002,0.846385748340114,
591,Jordan Leasure,CHA,RIGHT,RP,31.333333333333332,0,33,32,22,22,6,18,26,0,2,2,0,0,6.319,1.596,0,0,0.0,-2.292,-2.366,-0.326,-0.754,-0.605,-6.343,0.44700000000000006,0.840743176684513,
592,Brandon Bielak,HOU| OAK,RIGHT,RP,29.66666666666667,0,16,39,17,17,5,13,14,1,0,0,0,0,5.157,1.753,1,0,0.034,-2.032,-2.625,-0.501,-0.393,-0.798,-6.349,0.44099999999999984,0.829458033373311,
593,Zebby Matthews,MIN,RIGHT,SP,37.666666666666664,9,9,51,31,28,11,11,43,1,4,0,0,0,6.690,1.646,1,0,0.027,-2.032,-1.999,-0.501,-1.037,-0.819,-6.388,0.40200000000000014,0.7561046018505018,
594,Dominic Leone,CLE| SFN| ANA| NYN| SEA| CHA,RIGHT,RP,19.0,0,23,20,17,14,4,14,17,0,2,0,0,0,6.632,1.790,8,0,0.421,-2.292,-2.56,-0.501,-0.513,-0.544,-6.41,0.3799999999999999,0.7147257430427625,
595,Jose Cuas,KCA| CHN| TOR,RIGHT,RP,16.333333333333332,0,13,19,15,14,4,10,17,0,0,0,0,0,7.714,1.776,0,0,0.0,-2.292,-2.56,-0.501,-0.605,-0.457,-6.415,0.375,0.7053214569500947,
596,Alex Wood,LAN| SFN| OAK,LEFT,SP,39.333333333333336,9,9,51,27,23,6,19,33,1,3,0,0,0,5.263,1.780,3,3,0.076,-2.032,-2.215,-0.501,-0.56,-1.109,-6.417,0.3730000000000002,0.701559742513028,
597,Tyler Matzek,NYA| ATL,LEFT,RP,10.0,0,11,16,11,11,3,3,10,0,0,0,0,0,9.900,1.900,0,0,0.0,-2.292,-2.711,-0.501,-0.574,-0.34,-6.418,0.3719999999999999,0.6996788852944937,
598,Mike Clevinger,CHA| CLE| SDN,RIGHT,SP,16.0,4,4,22,13,12,4,9,15,0,3,0,0,0,6.750,1.938,5,0,0.312,-2.292,-2.603,-0.501,-0.449,-0.573,-6.418,0.3719999999999999,0.6996788852944937,
599,Noah Davis,LAN| MIN| COL,RIGHT,RP,20.333333333333336,0,9,31,15,13,3,7,15,0,0,0,0,0,5.754,1.869,0,2,0.0,-2.292,-2.603,-0.501,-0.382,-0.66,-6.439,0.351,0.6601808837052886,
600,Mitch White,LAN| TOR| MIL| SFN,RIGHT,RP,23.666666666666664,0,13,26,21,19,4,13,13,1,1,0,0,0,7.225,1.648,2,0,0.085,-2.032,-2.646,-0.501,-0.769,-0.517,-6.465,0.3250000000000002,0.6112785960234157,
601,Kyle Tyler,ANA| SDN| MIA,RIGHT,SP,31.666666666666668,7,8,37,19,19,4,18,25,0,2,0,0,0,5.400,1.737,3,3,0.095,-2.292,-2.387,-0.501,-0.491,-0.827,-6.499,0.29100000000000037,0.5473294505932742,
602,Ky Bush,CHA,LEFT,SP,17.666666666666668,4,4,20,11,11,2,16,11,0,3,0,0,0,5.604,2.038,2,1,0.113,-2.292,-2.689,-0.501,-0.308,-0.718,-6.508,0.28200000000000003,0.5304017356264713,
603,Bradley Blalock,COL| MIL,RIGHT,SP,30.666666666666668,6,7,35,22,20,4,20,20,1,3,0,0,0,5.870,1.794,5,0,0.163,-2.032,-2.495,-0.501,-0.61,-0.885,-6.523,0.26700000000000035,0.5021888773484681,
604,Walker Buehler,BOS| PHI| LAN,RIGHT,SP,75.33333333333333,16,16,89,52,45,16,28,64,1,6,0,0,0,5.376,1.553,12,2,0.159,-2.032,-1.546,-0.501,-1.152,-1.3,-6.532,0.258,0.48526116238166517,
605,Bryce Elder,ATL,RIGHT,SP,49.66666666666667,10,10,64,37,36,8,17,46,2,5,0,0,0,6.524,1.631,9,1,0.181,-1.772,-1.934,-0.501,-1.29,-1.044,-6.541,0.24899999999999967,0.46833344741486227,
606,Mason Black,SFN,RIGHT,SP,36.33333333333333,8,9,46,26,26,7,15,31,1,5,0,0,0,6.440,1.679,2,2,0.055,-2.032,-2.258,-0.501,-0.915,-0.848,-6.554,0.23599999999999977,0.44388230357392583,
607,Darius Vines,ATL,RIGHT,P,13.666666666666668,2,4,21,14,13,4,4,9,0,1,0,0,0,8.561,1.829,2,1,0.146,-2.292,-2.733,-0.501,-0.614,-0.418,-6.558,0.2320000000000002,0.43635887469979234,
608,Michael Mercado,PHI,RIGHT,RP,13.000000000000002,2,5,16,16,16,9,9,10,1,2,0,0,0,11.077,1.923,1,1,0.077,-2.032,-2.711,-0.501,-0.888,-0.456,-6.589,0.20099999999999962,0.37805230092525005,
609,Easton Lucas,TOR| OAK| DET,LEFT,RP,11.666666666666666,0,8,17,15,14,1,9,10,1,0,0,0,0,10.800,2.229,0,0,0.0,-2.032,-2.711,-0.501,-0.767,-0.581,-6.592,0.1980000000000004,0.37240972926965077,
610,Will Smith,ATL| HOU| TEX| KCA,LEFT,RP,41.333333333333336,0,45,45,31,30,7,15,29,0,4,1,0,0,6.532,1.452,4,1,0.097,-2.292,-2.301,-0.413,-1.077,-0.511,-6.595,0.19500000000000028,0.36676715761404977,
611,Chris Flexen,CHN| SEA| COL| CHA,RIGHT,SP| RP,160.00000000000003,30,33,180,95,88,24,63,123,3,15,0,0,0,4.950,1.519,6,4,0.037,-1.511,-0.274,-0.501,-1.813,-2.497,-6.596,0.19399999999999995,0.36488630039551556,
612,Brandon Hughes,CHN| ARI,LEFT,RP,17.666666666666668,2,15,24,16,16,8,10,21,0,0,0,0,0,8.151,1.925,1,0,0.057,-2.292,-2.474,-0.501,-0.726,-0.621,-6.615,0.17499999999999982,0.32915001324337717,
613,Grant Anderson,MIL| TEX,RIGHT,RP,26.666666666666668,0,23,33,24,24,11,10,29,0,1,1,0,0,8.100,1.613,4,0,0.15,-2.292,-2.301,-0.413,-1.084,-0.537,-6.627,0.16300000000000026,0.306579726620975,
614,Peter Lambert,COL,RIGHT,SP| RP,61.33333333333334,3,28,73,42,39,7,29,50,2,5,0,0,0,5.723,1.663,6,1,0.098,-1.772,-1.848,-0.501,-1.136,-1.384,-6.641,0.14900000000000002,0.28024772556150435,
615,Kai-Wei Teng,SFN,RIGHT,RP,11.0,0,4,15,12,12,2,8,7,0,0,0,0,0,9.818,2.091,0,0,0.0,-2.292,-2.776,-0.501,-0.623,-0.475,-6.667,0.12300000000000022,0.23134543787963147,
616,Spencer Howard,PHI| TEX| CLE| SFN,RIGHT,SP| RP,29.000000000000007,3,9,44,24,20,5,14,27,1,2,0,0,0,6.207,2.000,3,2,0.103,-2.032,-2.344,-0.501,-0.668,-1.125,-6.67,0.1200000000000001,0.22570286622403052,
617,Ricardo Pinto,PHI,RIGHT,RP,10.666666666666666,0,6,19,14,13,2,5,8,0,0,1,0,0,10.969,2.250,0,0,0.0,-2.292,-2.754,-0.413,-0.718,-0.542,-6.72,0.07000000000000028,0.13166000529735156,
618,Yerry Rodriguez,TEX| TOR,RIGHT,RP,21.666666666666668,0,16,26,22,21,7,13,17,1,0,0,0,0,8.723,1.800,1,0,0.046,-2.032,-2.56,-0.501,-1.006,-0.632,-6.731,0.05900000000000016,0.11097057589348187,
619,Justin Lawrence,PIT| COL,RIGHT,RP,59.666666666666686,0,56,73,52,43,9,33,45,4,4,2,0,0,6.486,1.776,8,2,0.134,-1.251,-1.956,-0.326,-1.529,-1.673,-6.734,0.05600000000000005,0.1053280042378809,
620,Slade Cecconi,CLE| ARI,RIGHT,SP| RP,77.0,13,20,92,57,57,16,17,64,2,7,0,0,0,6.662,1.416,6,5,0.078,-1.772,-1.546,-0.501,-2.099,-0.819,-6.737,0.052999999999999936,0.09968543258227994,
621,J. P. France,HOU,RIGHT,SP,25.333333333333336,5,5,31,21,21,5,12,22,0,3,0,0,0,7.460,1.697,1,1,0.039,-2.292,-2.452,-0.501,-0.879,-0.613,-6.738,0.0519999999999996,0.09780457536374572,
622,Ben Heller,NYA| ATL| PIT,RIGHT,RP,11.999999999999998,0,8,19,16,15,1,6,15,0,1,0,0,0,11.250,2.083,4,1,0.333,-2.292,-2.603,-0.501,-0.839,-0.514,-6.75,0.040000000000000036,0.0752342887413435,
623,Tommy Henry,ARI,LEFT,SP,38.33333333333333,7,9,49,31,30,9,18,30,2,3,0,0,0,7.043,1.748,1,2,0.026,-1.772,-2.28,-0.501,-1.181,-1.022,-6.755,0.03500000000000014,0.06583000264867578,
624,Domingo German,NYA| PIT,RIGHT,RP,20.666666666666664,2,7,25,19,18,4,13,18,0,1,0,0,0,7.839,1.839,7,0,0.339,-2.292,-2.538,-0.501,-0.79,-0.641,-6.763,0.027000000000000135,0.05078314490040707,
625,Zack Thompson,SLN,LEFT,RP,17.0,2,5,24,18,18,6,8,20,0,2,0,0,0,9.529,1.882,3,0,0.176,-2.292,-2.495,-0.501,-0.917,-0.563,-6.769,0.020999999999999908,0.03949800158920513,
626,Darren McCaughan,MIN| SEA| CLE| MIA,RIGHT,SP| RP,42.0,5,12,53,32,29,9,15,28,0,0,2,0,0,6.214,1.619,5,3,0.119,-2.292,-2.323,-0.326,-0.97,-0.859,-6.769,0.020999999999999908,0.03949800158920513,
627,Trevor Rogers,BAL| MIA,LEFT,SP,124.33333333333333,25,25,140,74,68,14,56,97,2,11,0,0,0,4.922,1.576,14,6,0.113,-1.772,-0.834,-0.501,-1.377,-2.286,-6.77,0.020000000000000462,0.03761714437067259,
628,Patrick Corbin,TEX| WAS,LEFT,SP,174.66666666666669,32,32,208,114,109,25,54,139,6,13,0,0,0,5.616,1.500,24,9,0.137,-0.731,0.071,-0.501,-3.062,-2.568,-6.79,0.0,0.0,
629,Daulton Jefferies,OAK| PIT| SFN,RIGHT,RP,14.666666666666666,1,6,24,20,16,4,4,12,0,2,0,0,0,9.818,1.909,1,0,0.068,-2.292,-2.668,-0.501,-0.83,-0.505,-6.796,-0.006000000000000227,-0.011285143311201944,
630,Scott McGough,ARI| ATH,RIGHT,RP,32.666666666666664,2,26,34,30,27,6,21,25,1,3,0,0,0,7.439,1.684,4,0,0.122,-2.032,-2.387,-0.501,-1.126,-0.77,-6.816,-0.0259999999999998,-0.04890228768187286,
631,Sixto Sanchez,MIA,RIGHT,SP| RP,35.66666666666667,7,14,43,29,24,3,14,17,0,3,0,0,0,6.056,1.598,4,1,0.112,-2.292,-2.56,-0.501,-0.771,-0.693,-6.818,-0.02799999999999958,-0.052664002118939617,
632,Matt Sauer,LAN| KCA,RIGHT,RP,16.333333333333336,0,14,23,14,14,3,11,9,0,0,0,0,0,7.714,2.082,0,0,0.0,-2.292,-2.733,-0.501,-0.605,-0.698,-6.829,-0.0389999999999997,-0.07335343152280929,
633,Yunior Marte,SFN| PHI,RIGHT,RP,26.000000000000004,0,23,34,22,20,5,15,23,0,0,0,0,0,6.923,1.885,5,0,0.192,-2.292,-2.431,-0.501,-0.772,-0.864,-6.86,-0.07000000000000028,-0.13166000529735156,
634,Yonny Chirinos,TBA| ATL| MIA,RIGHT,SP,30.0,6,6,43,21,21,7,13,25,0,2,0,0,0,6.300,1.867,7,1,0.233,-2.292,-2.387,-0.501,-0.717,-0.971,-6.869,-0.07899999999999974,-0.1485877202641528,
635,Adrian Houser,CHA| TBA| MIL| NYN,RIGHT,SP| RP,69.33333333333333,7,23,74,48,45,8,32,45,1,5,1,0,0,5.841,1.529,8,4,0.115,-2.032,-1.956,-0.413,-1.361,-1.116,-6.878,-0.08800000000000008,-0.16551543523095572,
636,Touki Toussaint,ANA| ATL| CHA| CLE,RIGHT,RP,23.0,0,11,35,19,19,3,18,26,1,2,0,0,0,7.435,2.304,2,1,0.087,-2.032,-2.366,-0.501,-0.792,-1.23,-6.921,-0.13100000000000023,-0.2463922956279002,
637,Shaun Anderson,ANA| SFN| BAL| MIN| SDN| TOR| MIA| TEX,RIGHT,RP,16.333333333333332,2,6,34,19,15,3,1,10,0,2,0,0,0,8.265,2.143,0,0,0.0,-2.292,-2.711,-0.501,-0.689,-0.746,-6.939,-0.14900000000000002,-0.28024772556150435,
638,Jordan Weems,HOU| OAK| ARI| WAS,RIGHT,RP,41.66666666666666,0,41,49,35,31,7,24,35,1,1,0,0,0,6.696,1.752,6,1,0.144,-2.032,-2.172,-0.501,-1.149,-1.119,-6.972,-0.18200000000000038,-0.3423160137731134,
639,Tim Mayza,PHI| PIT| TOR| NYA,LEFT,RP,42.66666666666667,0,50,54,34,30,5,15,28,0,2,0,0,0,6.328,1.617,9,2,0.211,-2.292,-2.323,-0.501,-1.03,-0.868,-7.015,-0.22499999999999964,-0.42319287417005613,
640,Tom Cosgrove,CHN| SDN,LEFT,RP,14.666666666666668,0,18,23,19,19,3,6,15,0,1,0,0,0,11.659,1.977,0,0,0.0,-2.292,-2.603,-0.501,-1.082,-0.553,-7.031,-0.24099999999999966,-0.4532865896665936,
641,Jordan Montgomery,NYA| SLN| TEX| ARI,LEFT,SP| RP,117.0,21,25,149,83,81,14,44,83,8,7,1,0,0,6.231,1.650,14,4,0.12,-0.21,-1.136,-0.413,-2.72,-2.564,-7.044,-0.25399999999999956,-0.47773773350753,
642,Kyle Hendricks,ANA| CHN,RIGHT,SP| RP,130.66666666666669,24,29,147,88,86,21,43,87,4,12,0,0,0,5.923,1.454,14,7,0.107,-1.251,-1.05,-0.501,-2.664,-1.632,-7.098,-0.30799999999999983,-0.5793040233083442,
643,Adam Mazur,MIA| SDN,RIGHT,SP,33.666666666666664,8,8,40,28,28,6,21,22,1,3,0,0,0,7.485,1.812,2,0,0.059,-2.032,-2.452,-0.501,-1.175,-1.001,-7.162,-0.3719999999999999,-0.6996788852944937,
644,Will Warren,NYA,RIGHT,SP,22.666666666666664,5,6,33,27,26,5,10,29,0,3,0,0,0,10.323,1.897,1,2,0.044,-2.292,-2.301,-0.501,-1.39,-0.767,-7.251,-0.4610000000000003,-0.8670751777439837,
645,Jake Woodford,ARI| SLN| CHA| PIT,RIGHT,SP,35.0,7,9,48,37,31,6,9,26,0,6,0,0,0,7.971,1.629,3,0,0.086,-2.292,-2.366,-0.501,-1.38,-0.732,-7.271,-0.48099999999999987,-0.9046923221146546,
646,Ross Stripling,LAN| TOR| SFN| OAK,RIGHT,SP| RP,85.33333333333333,14,22,109,65,57,7,22,49,2,11,0,0,0,6.012,1.535,7,1,0.082,-1.772,-1.87,-0.501,-1.81,-1.399,-7.352,-0.5620000000000003,-1.0570417568158759,
647,Anthony Molina,COL,RIGHT,RP,59.666666666666664,1,35,72,46,45,5,22,41,1,1,0,0,0,6.788,1.575,6,2,0.101,-2.032,-2.042,-0.501,-1.696,-1.094,-7.366,-0.5759999999999996,-1.0833737578753448,
648,Roddery Munoz,SLN| MIA,RIGHT,SP,82.66666666666666,17,18,89,66,60,26,42,70,2,7,0,0,0,6.532,1.585,6,5,0.073,-1.772,-1.417,-0.501,-2.154,-1.553,-7.396,-0.6059999999999999,-1.1397994744313529,
649,Nick Nastrini,CHA,RIGHT,SP,35.66666666666667,8,9,32,33,28,7,36,26,0,7,0,0,0,7.065,1.907,15,0,0.421,-2.292,-2.366,-0.501,-1.106,-1.223,-7.489,-0.6989999999999998,-1.3147191957549762,
650,Tanner Gordon,COL,RIGHT,SP,34.333333333333336,8,8,53,34,33,10,6,26,0,6,0,0,0,8.650,1.718,1,0,0.029,-2.292,-2.366,-0.501,-1.571,-0.866,-7.596,-0.806,-1.5159709181380703,
651,Jack Leiter,TEX,RIGHT,SP| RP,35.666666666666664,6,9,44,39,35,7,17,31,0,3,0,0,0,8.832,1.710,4,0,0.112,-2.292,-2.258,-0.501,-1.692,-0.886,-7.629,-0.8389999999999995,-1.5780392063496778,
652,Louie Varland,MIN| TOR,RIGHT,SP| RP,49.66666666666668,7,16,68,44,42,12,16,49,0,6,0,0,0,7.611,1.691,1,0,0.02,-2.292,-1.87,-0.501,-1.792,-1.188,-7.643,-0.8529999999999998,-1.6043712074091483,
653,Ty Blach,COL,LEFT,SP| RP,71.33333333333334,12,20,103,55,55,17,18,36,3,8,0,0,0,6.939,1.696,1,0,0.014,-1.511,-2.15,-0.501,-2.128,-1.724,-8.015,-1.2250000000000005,-2.3040500927036436,
654,Bobby Miller,LAN,RIGHT,SP,56.0,13,13,69,53,53,17,30,52,2,4,0,0,0,8.518,1.768,5,1,0.089,-1.772,-1.805,-0.501,-2.493,-1.546,-8.118,-1.3280000000000003,-2.4977783862126026,
655,Dakota Hudson,SLN| COL,RIGHT,SP,89.0,18,18,99,66,61,11,50,49,2,12,0,0,0,6.168,1.674,6,5,0.067,-1.772,-1.87,-0.501,-2.017,-2.056,-8.216,-1.4259999999999993,-2.682102393628892,
656,Taijuan Walker,PHI| SEA| TOR| NYN,RIGHT,SP| RP,83.66666666666666,15,19,107,68,66,24,37,58,3,7,0,0,0,7.100,1.721,6,4,0.072,-1.511,-1.676,-0.501,-2.621,-2.122,-8.431,-1.6409999999999991,-3.0864866956136128,
