,Name,Team,L/R,POS,IP,GS,GP,HA,R,ER,HR,BB,K,W,L,S,HD,BS,ERA,WHIP,SB,CS,SBP,W-Z,K-Z,S-Z,ERA-Z,WHIP-Z,Z-SUM,Z-SUM-A,ACV,
1,Shane Bieber,TOR| CLE,RIGHT,SP,77.33333333333334,12,12,46,15,14,7,21,122,8,1,0,0,0,1.629,0.866,2,3,0.026,2.828,3.273,-0.503,2.583,2.301,10.482,16.466,35.12879474261981,
2,Yu Darvish,SDN| CHN,RIGHT,SP,76.0,12,12,59,18,17,5,14,93,8,3,0,0,0,2.013,0.961,4,0,0.053,2.828,1.923,-0.503,2.098,1.638,7.984,13.968,29.79952659813637,
3,Trevor Bauer,CIN| LAN,RIGHT,SP,73.0,11,11,41,17,14,9,17,100,5,4,0,0,0,1.726,0.794,6,2,0.082,1.095,2.249,-0.503,2.332,2.629,7.802,13.786,29.411245252141182,
4,Gerrit Cole,NYA,RIGHT,SP,73.0,12,12,53,27,23,14,17,94,7,3,0,0,0,2.836,0.959,1,1,0.014,2.251,1.97,-0.503,1.107,1.584,6.408,12.392,26.4372661514967,
5,Kenta Maeda,DET| MIN,RIGHT,SP,66.66666666666667,11,11,40,20,20,9,10,80,6,1,0,0,0,2.700,0.750,3,1,0.045,1.673,1.319,-0.503,1.148,2.659,6.295,12.279,26.196190370741444,
6,Jacob deGrom,TEX| NYN,RIGHT,SP,68.0,12,12,47,21,18,7,18,104,4,2,0,0,0,2.382,0.956,13,2,0.191,0.518,2.435,-0.503,1.497,1.493,5.44,11.424,24.372121410159643,
7,Dinelson Lamet,SDN| COL| BOS| LAN,RIGHT,SP,69.00000000000001,12,12,39,18,16,5,20,93,3,1,0,0,0,2.087,0.855,4,1,0.058,-0.06,1.923,-0.503,1.827,2.121,5.309,11.293,24.092644177602665,
8,Clayton Kershaw,LAN,LEFT,SP,58.333333333333336,10,10,41,18,14,8,8,62,6,2,0,0,0,2.160,0.840,1,1,0.017,1.673,0.481,-0.503,1.481,1.869,5.001,10.985,23.43555266899542,
9,Marco Gonzales,SEA| PIT,LEFT,SP,69.66666666666666,11,11,59,27,24,8,7,64,7,2,0,0,0,3.100,0.947,0,0,0.0,2.251,0.574,-0.503,0.777,1.581,4.68,10.664,22.750726778531376,
10,Lance Lynn,TEX| CHA| LAN| SLN,RIGHT,SP,84.0,13,13,64,34,31,13,25,89,6,3,0,0,0,3.321,1.060,6,0,0.071,1.673,1.737,-0.503,0.656,1.086,4.65,10.634,22.68672435886184,
11,Kyle Hendricks,ANA| CHN,RIGHT,SP,81.33333333333334,12,12,73,26,26,10,8,64,6,5,0,0,0,2.877,0.996,0,4,0.0,1.673,0.574,-0.503,1.182,1.502,4.428,10.411999999999999,22.213106453307265,
12,Liam Hendriks,BOS| OAK| CHA,RIGHT,RP,25.333333333333332,0,24,14,6,5,1,3,37,3,1,14,0,0,1.776,0.671,2,0,0.079,-0.06,-0.682,3.183,0.79,1.185,4.416,10.4,22.187505485439452,
13,Zach Davies,SDN| CHN| ARI,RIGHT,SP,69.33333333333334,12,12,55,26,21,9,19,63,7,4,0,0,0,2.726,1.067,2,0,0.029,2.251,0.528,-0.503,1.166,0.849,4.291,10.275,21.920828736816382,
14,Corbin Burnes,ARI| MIL| BAL,RIGHT,SP| RP,59.66666666666666,9,12,37,15,14,2,24,88,4,1,0,0,0,2.112,1.022,9,1,0.151,0.518,1.691,-0.503,1.558,0.965,4.228,10.212,21.786423655510355,
15,Aaron Nola,PHI,RIGHT,SP,71.33333333333334,12,12,54,31,26,9,23,96,5,5,0,0,0,3.280,1.079,7,2,0.098,1.095,2.063,-0.503,0.602,0.799,4.056,10.04,21.419476449405007,
16,Dylan Bundy,ANA| MIN,RIGHT,SP,65.66666666666667,11,11,51,27,24,5,17,72,6,3,0,0,0,3.289,1.036,10,1,0.152,1.673,0.946,-0.503,0.545,0.986,3.647,9.631,20.546910127910323,
17,Max Fried,NYA| ATL,LEFT,SP,56.0,11,11,42,14,14,2,19,50,7,0,0,0,0,2.250,1.089,3,1,0.054,2.251,-0.077,-0.503,1.345,0.579,3.594,9.578,20.43383918649414,
18,Lucas Giolito,BOS| CHA| ANA| CLE,RIGHT,SP,72.33333333333333,12,12,47,31,28,8,28,97,4,3,0,0,0,3.484,1.037,1,1,0.014,0.518,2.11,-0.503,0.387,1.078,3.59,9.574,20.425305530538203,
19,Zach Plesac,CLE| ANA,RIGHT,SP,55.33333333333333,8,8,38,14,14,8,6,57,4,2,0,0,0,2.277,0.795,1,1,0.018,0.518,0.248,-0.503,1.306,1.989,3.559,9.543,20.35916969687968,
20,Brandon Woodruff,MIL,RIGHT,SP,73.66666666666667,13,13,55,26,25,9,18,91,3,5,0,0,0,3.054,0.991,3,1,0.041,-0.06,1.83,-0.503,0.873,1.392,3.533,9.517,20.30370093316608,
21,Brad Hand,CLE| NYN| TOR| WAS| PHI| ATL| COL,LEFT,RP,22.0,0,23,13,8,5,0,4,29,2,1,16,0,0,2.046,0.773,0,0,0.0,-0.638,-1.054,3.71,0.596,0.834,3.448,9.432,20.122360744102394,
22,Dallas Keuchel,CHA| ARI| TEX| MIN| MIL,LEFT,SP,63.33333333333333,11,11,52,15,14,2,17,42,6,2,0,0,0,1.990,1.089,1,1,0.016,1.673,-0.449,-0.503,1.771,0.654,3.145,9.129,19.475936305440072,
23,Hyun Jin Ryu,TOR,LEFT,SP,67.0,12,12,60,22,20,6,17,72,5,2,0,0,0,2.687,1.149,1,1,0.015,1.095,0.946,-0.503,1.167,0.343,3.048,9.032,19.26899514850857,
24,Devin Williams,NYA| MIL,RIGHT,RP,27.0,0,22,8,4,1,1,9,53,4,1,0,0,0,0.333,0.630,0,1,0.0,0.518,0.062,-0.503,1.431,1.36,2.868,8.852,18.88498063049135,
25,Zac Gallen,ARI,RIGHT,SP,72.0,12,12,55,24,22,9,25,82,3,2,0,0,0,2.750,1.111,7,1,0.097,-0.06,1.412,-0.503,1.185,0.608,2.641,8.625,18.400695654991853,
26,Tyler Glasnow,LAN| TBA,RIGHT,SP,57.333333333333336,11,11,43,26,26,11,22,91,5,1,0,0,0,4.081,1.134,9,2,0.157,1.095,1.83,-0.503,-0.211,0.371,2.582,8.565999999999999,18.274824229641762,
27,Framber Valdez,HOU,LEFT,SP,70.66666666666666,10,11,63,32,28,5,16,76,5,3,0,0,0,3.566,1.118,6,1,0.085,1.095,1.133,-0.503,0.291,0.554,2.57,8.554,18.24922326177395,
28,Chris Bassitt,TOR| OAK| NYN,RIGHT,SP,63.0,11,11,56,18,16,6,17,55,5,2,0,0,0,2.286,1.159,2,1,0.032,1.095,0.155,-0.503,1.479,0.27,2.497,8.481,18.093484040578076,
29,Luis Castillo,SEA| CIN,RIGHT,SP,70.0,12,12,62,31,25,5,24,89,4,6,0,0,0,3.214,1.229,2,2,0.029,0.518,1.737,-0.503,0.66,-0.125,2.287,8.271,17.64546710289132,
30,Adam Wainwright,SLN,RIGHT,SP,65.66666666666667,10,10,54,25,23,9,15,54,5,3,0,0,0,3.152,1.051,0,1,0.0,1.095,0.109,-0.503,0.681,0.899,2.281,8.265,17.632666618957412,
31,Raisel Iglesias,ATL| CIN| ANA,RIGHT,RP,23.000000000000004,0,22,16,11,7,1,5,31,4,3,8,0,0,2.739,0.913,1,0,0.043,0.518,-0.961,1.603,0.382,0.591,2.133,8.117,17.316921348587698,
32,Cristian Javier,HOU,RIGHT,SP| RP,54.333333333333336,10,12,36,21,21,11,18,54,5,2,0,0,0,3.478,0.994,1,2,0.018,1.095,0.109,-0.503,0.295,1.013,2.01,7.994,17.054511427942593,
33,Trevor Rosenthal,KCA| SDN,RIGHT,RP,23.666666666666668,0,23,12,6,5,2,8,38,1,0,11,0,0,1.901,0.845,0,0,0.0,-1.215,-0.636,2.393,0.693,0.748,1.984,7.968,16.999042664228995,
34,Alex Colome,CHA| MIN| COL,RIGHT,RP,22.333333333333332,0,21,13,3,2,0,8,16,2,0,12,0,0,0.806,0.940,2,0,0.09,-0.638,-1.659,2.657,1.024,0.521,1.905,7.889,16.830502959099217,
35,Jeremy Jeffress,CHN,RIGHT,RP,23.333333333333332,0,22,10,5,4,1,12,17,4,1,8,0,0,1.543,0.943,0,0,0.0,0.518,-1.613,1.603,0.81,0.539,1.857,7.841,16.728099087627957,
36,Brad Keller,CHN| KCA| BOS| CHA,RIGHT,SP,54.666666666666664,9,9,39,16,15,2,17,35,5,3,0,0,0,2.470,1.024,0,0,0.0,1.095,-0.775,-0.503,1.132,0.874,1.823,7.807,16.65556301200248,
37,Pablo Lopez,MIN| MIA,RIGHT,SP,57.33333333333333,11,11,50,27,23,4,18,59,6,4,0,0,0,3.611,1.186,5,1,0.087,1.673,0.342,-0.503,0.197,0.11,1.818,7.802,16.644895942057556,
38,Carlos Carrasco,ATL| NYA| CLE| NYN,RIGHT,SP,68.0,12,12,55,22,22,8,27,82,3,4,0,0,0,2.912,1.206,2,2,0.029,-0.06,1.412,-0.503,0.953,0.013,1.814,7.798,16.63636228610162,
39,Kenley Jansen,ANA| LAN| ATL| BOS,RIGHT,RP,24.333333333333332,0,27,19,11,9,2,9,33,3,1,11,0,0,3.329,1.151,2,0,0.082,-0.06,-0.868,2.393,0.187,0.121,1.774,7.758,16.55102572654224,
40,Matt Foster,CHA,RIGHT,SP| RP,28.66666666666667,2,23,16,8,7,2,9,31,6,1,0,0,0,2.198,0.872,0,0,0.0,1.673,-0.961,-0.503,0.711,0.839,1.758,7.742,16.516891102718485,
41,Sonny Gray,SLN| CIN| MIN,RIGHT,SP,56.00000000000001,11,11,42,26,23,4,26,72,5,3,0,0,0,3.696,1.214,1,1,0.018,1.095,0.946,-0.503,0.12,-0.031,1.628,7.612,16.23954728415049,
42,Max Scherzer,TOR| WAS| LAN| NYN| TEX,RIGHT,SP,67.33333333333333,12,12,70,30,28,10,23,92,5,4,0,0,0,3.743,1.381,7,0,0.104,1.095,1.877,-0.503,0.097,-1.016,1.551,7.535,16.07527440699868,
43,Greg Holland,KCA| TEX,RIGHT,RP,28.333333333333332,0,28,20,8,6,1,7,31,3,0,6,0,0,1.906,0.953,2,0,0.071,-0.06,-0.961,1.077,0.828,0.629,1.513,7.497,15.994204675417267,
44,Kevin Gausman,TOR| SFN,RIGHT,SP| RP,59.666666666666664,10,12,50,26,24,8,16,79,3,3,0,0,0,3.620,1.106,5,1,0.084,-0.06,1.272,-0.503,0.197,0.529,1.435,7.4190000000000005,15.827798384276472,
45,Zack Wheeler,PHI,RIGHT,SP,71.0,11,11,67,26,23,3,16,53,4,2,0,0,0,2.916,1.169,1,0,0.014,0.518,0.062,-0.503,0.991,0.241,1.309,7.293,15.558988221664416,
46,Josh Hader,HOU| MIL| SDN,LEFT,RP,19.0,0,21,8,8,8,3,10,31,1,2,13,0,0,3.789,0.947,0,0,0.0,-1.215,-0.961,2.92,0.014,0.431,1.189,7.173,15.302978542986269,
47,Tony Gonsolin,LAN,RIGHT,SP,46.66666666666667,8,9,32,13,12,2,7,46,2,2,0,0,0,2.314,0.836,2,1,0.043,-0.638,-0.263,-0.503,1.076,1.513,1.184,7.168,15.292311473041346,
48,Edwin Diaz,NYN,RIGHT,RP,25.666666666666668,0,26,18,6,5,2,14,50,2,1,6,0,0,1.753,1.247,2,0,0.078,-0.638,-0.077,1.077,0.809,-0.087,1.085,7.069,15.081103488131873,
49,Nick Anderson,COL| TBA| ATL| KCA,RIGHT,RP,16.333333333333332,0,19,5,2,1,1,3,26,2,1,6,0,0,0.551,0.490,0,0,0.0,-0.638,-1.194,1.077,0.812,1.022,1.079,7.063,15.068303004197965,
50,Taijuan Walker,PHI| SEA| TOR| NYN,RIGHT,SP,53.33333333333333,11,11,43,23,16,8,19,50,4,3,0,0,0,2.700,1.163,7,1,0.131,0.518,-0.077,-0.503,0.918,0.211,1.067,7.051,15.042702036330152,
51,Blake Snell,LAN| TBA| SDN| SFN,LEFT,SP,50.00000000000001,11,11,42,19,18,10,18,63,4,2,0,0,0,3.240,1.200,1,3,0.02,0.518,0.528,-0.503,0.452,0.035,1.029,7.013,14.961632304748738,
52,David Peterson,NYN,LEFT,SP,49.66666666666667,9,10,36,20,19,5,24,40,6,2,0,0,0,3.443,1.208,0,0,0.0,1.673,-0.542,-0.503,0.297,-0.0,0.924,6.908,14.73762383590536,
53,Richard Rodriguez,PIT| ATL,RIGHT,RP,23.333333333333332,0,24,15,8,7,3,5,34,3,2,4,0,0,2.700,0.857,3,0,0.129,-0.06,-0.822,0.55,0.402,0.713,0.783,6.767,14.436812463458537,
54,German Marquez,COL,RIGHT,SP,81.66666666666667,13,13,78,41,34,6,25,73,4,6,0,0,0,3.747,1.261,4,0,0.049,0.518,0.993,-0.503,0.112,-0.379,0.741,6.725,14.347209075921183,
55,Dustin May,BOS| LAN,RIGHT,SP| RP,56.0,10,12,45,18,16,9,16,44,3,1,0,0,0,2.571,1.089,5,2,0.089,-0.06,-0.356,-0.503,1.073,0.579,0.732,6.716,14.328008350020323,
56,Brandon Kintzler,MIA| PHI,RIGHT,RP,24.333333333333332,0,24,21,7,6,3,11,14,2,3,12,0,0,2.219,1.315,3,0,0.123,-0.638,-1.752,2.657,0.596,-0.227,0.636,6.62,14.123200607077806,
57,Pete Fairbanks,TBA,RIGHT,SP| RP,26.66666666666667,2,27,23,9,8,2,14,39,6,3,0,0,0,2.700,1.387,7,1,0.262,1.673,-0.589,-0.503,0.459,-0.417,0.623,6.607,14.095466225221006,
58,Jose Berrios,TOR| MIN,RIGHT,SP,63.0,12,12,57,28,28,8,26,68,5,4,0,0,0,4.000,1.317,3,0,0.048,1.095,0.76,-0.503,-0.154,-0.601,0.598,6.582,14.042130875496392,
59,Mike Mayers,ANA| KCA,RIGHT,RP,30.0,0,29,18,10,7,2,9,43,2,0,2,0,0,2.100,0.900,0,1,0.0,-0.638,-0.403,0.023,0.789,0.805,0.576,6.56,13.99519576773873,
60,Jonathan Hernandez,TEX| SEA,RIGHT,RP,30.999999999999996,0,27,24,10,10,2,8,31,5,1,0,0,0,2.903,1.032,1,0,0.032,1.095,-0.961,-0.503,0.438,0.474,0.544,6.5280000000000005,13.926926520091227,
61,Antonio Senzatela,COL,RIGHT,SP,73.33333333333333,12,12,71,29,28,9,18,41,5,3,0,0,0,3.436,1.214,4,0,0.055,1.095,-0.496,-0.503,0.445,-0.036,0.506,6.49,13.845856788509812,
62,Brady Singer,CIN| KCA,RIGHT,SP,64.33333333333334,12,12,52,29,29,8,23,61,4,5,0,0,0,4.057,1.166,0,1,0.0,0.518,0.435,-0.503,-0.213,0.236,0.472,6.4559999999999995,13.773320712884336,
63,Zach Eflin,BAL| PHI| TBA,RIGHT,SP,58.99999999999999,10,11,60,28,26,8,15,70,4,2,0,0,0,3.966,1.271,1,1,0.017,0.518,0.853,-0.503,-0.114,-0.325,0.429,6.413,13.681583911358,
64,Zack Greinke,HOU| KCA,RIGHT,SP,67.0,12,12,67,30,30,6,9,67,3,3,0,0,0,4.030,1.134,1,0,0.015,-0.06,0.714,-0.503,-0.194,0.43,0.386,6.37,13.589847109831664,
65,Kwang Hyun Kim,SLN,LEFT,SP,39.0,7,8,28,9,7,3,12,24,3,0,1,0,0,1.615,1.026,0,0,0.0,-0.06,-1.287,-0.24,1.311,0.619,0.344,6.328,13.500243722294313,
66,Daniel Bard,COL,RIGHT,RP,24.666666666666668,0,23,22,10,10,2,10,27,4,2,6,0,0,3.649,1.297,2,0,0.081,0.518,-1.147,1.077,0.071,-0.192,0.326,6.31,13.461842270492589,
67,Ryan Pressly,CHN| HOU,RIGHT,RP,21.0,0,23,21,10,8,2,7,29,1,3,12,0,0,3.429,1.333,0,0,0.0,-1.215,-1.054,2.657,0.13,-0.229,0.288,6.272,13.380772538911177,
68,Tyler Matzek,NYA| ATL,LEFT,RP,29.0,0,21,23,9,9,1,10,43,4,3,0,0,0,2.793,1.138,2,0,0.069,0.518,-0.403,-0.503,0.458,0.177,0.247,6.231,13.29330256536281,
69,Mark Melancon,ATL| SDN| ARI,RIGHT,RP,22.666666666666664,0,23,22,8,7,1,7,14,2,1,11,0,0,2.779,1.279,1,1,0.044,-0.638,-1.752,2.393,0.363,-0.141,0.226,6.21,13.248500871594134,
70,Josh Fleming,TBA| PIT,LEFT,SP| RP,32.33333333333333,5,7,28,10,10,5,7,25,5,0,0,0,0,2.784,1.083,0,1,0.0,1.095,-1.24,-0.503,0.516,0.353,0.221,6.205,13.237833801649211,
71,Ian Anderson,ANA| ATL,RIGHT,SP,32.333333333333336,6,6,21,11,7,1,14,41,3,2,0,0,0,1.948,1.083,1,0,0.031,-0.06,-0.496,-0.503,0.924,0.353,0.218,6.202,13.231433559682257,
72,Daniel Hudson,WAS| SDN| LAN,RIGHT,RP,20.666666666666664,0,21,15,15,14,6,11,28,3,2,10,0,0,6.097,1.258,0,0,0.0,-0.06,-1.101,2.13,-0.706,-0.09,0.173,6.157,13.135429930177953,
73,Nathan Eovaldi,TEX| BOS,RIGHT,SP,48.33333333333333,9,9,51,20,20,8,7,52,4,2,0,0,0,3.724,1.200,1,1,0.021,0.518,0.016,-0.503,0.083,0.034,0.147,6.131,13.079961166464354,
74,Diego Castillo,TBA| SEA| MIN,RIGHT,RP,21.666666666666664,0,22,12,4,4,3,11,23,3,0,4,0,0,1.661,1.062,0,0,0.0,-0.06,-1.333,0.55,0.713,0.276,0.146,6.13,13.077827752475368,
75,Andrew Heaney,LAN| PIT| ANA| NYA| TEX,LEFT,SP,66.66666666666667,12,12,63,35,33,9,19,70,4,3,0,0,0,4.455,1.230,6,2,0.09,0.518,0.853,-0.503,-0.622,-0.128,0.118,6.102,13.018092160783802,
76,John Curtiss,ARI| TBA| MIA| MIL| NYN| COL,RIGHT,SP| RP,24.999999999999996,3,17,21,7,5,3,3,25,3,0,2,0,0,1.800,0.960,1,1,0.04,-0.06,-1.24,0.023,0.771,0.54,0.034,6.018,12.838885385709098,
77,Alec Mills,CHN| CIN,RIGHT,SP,62.333333333333336,11,11,53,31,31,13,19,46,5,5,0,0,0,4.476,1.155,1,2,0.016,1.095,-0.263,-0.503,-0.601,0.287,0.015,5.999,12.79835051991839,
78,Rafael Dolis,TOR,RIGHT,RP,23.999999999999996,0,24,16,9,4,1,14,31,2,2,5,0,0,1.500,1.250,2,0,0.083,-0.638,-0.961,0.813,0.849,-0.088,-0.024,5.96,12.715147374347994,
79,Codi Heuer,DET| TEX| CHA| CHN,RIGHT,RP,23.666666666666664,0,21,12,4,4,1,9,25,3,0,1,0,0,1.521,0.887,0,0,0.0,-0.06,-1.24,-0.24,0.829,0.661,-0.05,5.934,12.659678610634396,
80,Genesis Cabrera,CHN| MIN| NYN| PIT| SLN| TOR,LEFT,RP,22.333333333333332,0,19,10,9,6,3,16,32,4,1,1,0,0,2.418,1.164,1,0,0.045,0.518,-0.915,-0.24,0.48,0.085,-0.072,5.912,12.612743502876734,
81,Darren O'Day,ATL| NYA,RIGHT,RP,16.333333333333336,0,19,8,3,2,1,5,22,4,0,0,0,0,1.102,0.796,3,0,0.184,0.518,-1.38,-0.503,0.676,0.586,-0.103,5.881,12.546607669218213,
82,Julio Urias,LAN,LEFT,SP,55.0,10,11,45,20,20,5,18,45,3,0,0,0,0,3.273,1.145,6,1,0.109,-0.06,-0.31,-0.503,0.47,0.3,-0.103,5.881,12.546607669218213,
83,Anthony Bass,TOR| MIA,RIGHT,RP,25.666666666666664,0,26,17,13,10,2,9,21,2,3,7,0,0,3.506,1.013,1,2,0.039,-0.638,-1.427,1.34,0.129,0.436,-0.159,5.825,12.427136485835078,
84,Dakota Hudson,SLN| COL,RIGHT,SP,39.0,8,8,24,13,12,5,15,31,3,2,0,0,0,2.769,1.000,1,1,0.026,-0.06,-0.961,-0.503,0.63,0.706,-0.187,5.797,12.36740089414351,
85,Chad Green,TOR| NYA,RIGHT,RP,25.66666666666666,0,22,13,13,10,5,8,32,3,3,1,0,0,3.506,0.818,3,0,0.117,-0.06,-0.915,-0.24,0.129,0.871,-0.215,5.769,12.307665302451943,
86,Lance McCullers,HOU,RIGHT,SP,54.99999999999999,11,11,44,29,24,5,20,56,3,3,0,0,0,3.927,1.164,2,1,0.036,-0.06,0.202,-0.503,-0.074,0.212,-0.223,5.761,12.290597990540066,
87,Lucas Sims,WAS| CIN| BOS,RIGHT,RP,25.66666666666666,0,20,13,10,7,3,11,34,3,0,0,0,0,2.454,0.935,0,0,0.0,-0.06,-0.822,-0.503,0.537,0.61,-0.238,5.746,12.258596780705298,
88,Victor Gonzalez,LAN| NYA,LEFT,RP,20.333333333333336,1,15,13,3,3,0,2,23,3,0,0,0,0,1.328,0.738,1,0,0.049,-0.06,-1.333,-0.503,0.772,0.833,-0.292,5.692,12.143392425300132,
89,Tyler Mahle,TEX| CIN| MIN,RIGHT,SP,47.666666666666664,9,10,34,21,19,6,21,60,2,2,0,0,0,3.587,1.154,1,1,0.021,-0.638,0.388,-0.503,0.181,0.225,-0.347,5.6370000000000005,12.02605465590598,
90,Zack Britton,NYA,LEFT,RP,19.0,0,20,12,6,4,0,7,16,1,2,8,0,0,1.895,1.000,0,1,0.0,-1.215,-1.659,1.603,0.558,0.344,-0.368,5.616,11.981252962137303,
91,Justus Sheffield,SEA,LEFT,SP,55.333333333333336,10,10,52,23,22,2,20,48,4,3,0,0,0,3.578,1.301,6,2,0.108,0.518,-0.17,-0.503,0.217,-0.449,-0.388,5.596,11.938584682357613,
92,Mike Clevinger,CHA| CLE| SDN,RIGHT,SP,41.66666666666667,8,8,34,14,14,6,14,40,3,2,0,0,0,3.024,1.152,1,4,0.024,-0.06,-0.542,-0.503,0.513,0.203,-0.389,5.595,11.936451268368629,
93,Triston McKenzie,CLE,RIGHT,SP| RP,33.33333333333333,6,8,21,12,12,6,9,42,2,1,0,0,0,3.240,0.900,1,2,0.03,-0.638,-0.449,-0.503,0.301,0.894,-0.395,5.589,11.923650784434722,
94,Jake McGee,LAN| SFN| MIL| WAS,LEFT,RP,20.333333333333332,0,24,14,6,6,2,3,33,3,1,0,0,0,2.656,0.836,0,0,0.0,-0.06,-0.868,-0.503,0.364,0.659,-0.409,5.575,11.893782988588937,
95,Merrill Kelly,ARI| TEX,RIGHT,SP,31.333333333333336,5,5,26,9,9,5,5,29,3,2,0,0,0,2.585,0.989,3,0,0.096,-0.06,-1.054,-0.503,0.594,0.597,-0.427,5.557,11.855381536787215,
96,Jake Diekman,OAK| BOS| CHA| TBA| NYN,LEFT,RP,21.333333333333332,0,21,8,2,1,1,12,31,2,0,0,0,0,0.422,0.938,0,0,0.0,-0.638,-0.961,-0.503,1.102,0.503,-0.497,5.487,11.706042557558296,
97,Masahiro Tanaka,NYA,RIGHT,SP,48.0,10,10,48,25,19,9,8,44,3,3,0,0,0,3.562,1.167,0,2,0.0,-0.06,-0.356,-0.503,0.2,0.173,-0.547,5.437,11.599371858109068,
98,Chris Paddack,DET| MIN| SDN,RIGHT,SP,59.0,12,12,60,33,31,14,12,58,4,5,0,0,0,4.729,1.220,2,3,0.034,0.518,0.295,-0.503,-0.795,-0.063,-0.549,5.435,11.595105030131098,
99,Sandy Alcantara,MIA,RIGHT,SP,42.00000000000001,7,7,35,22,14,4,15,39,3,2,0,0,0,3.000,1.190,3,2,0.071,-0.06,-0.589,-0.503,0.532,0.064,-0.556,5.428,11.580171132208207,
100,Caleb Baragar,SFN,LEFT,RP,22.333333333333332,1,24,17,10,10,3,5,19,5,1,0,0,0,4.030,0.985,2,0,0.09,1.095,-1.52,-0.503,-0.065,0.434,-0.559,5.425,11.573770890241253,
101,Stefan Crichton,ARI,RIGHT,RP,26.0,0,26,22,7,7,1,9,23,2,2,5,0,0,2.423,1.192,4,1,0.154,-0.638,-1.333,0.813,0.556,0.036,-0.566,5.418,11.55883699231836,
102,Adam Kolarek,LAN| OAK| NYN,LEFT,RP,19.0,0,20,11,2,2,1,4,13,3,0,1,0,0,0.947,0.789,0,0,0.0,-0.06,-1.799,-0.24,0.831,0.693,-0.575,5.409,11.5396362664175,
103,Taylor Rogers,CHN| CIN| MIN| MIL| SDN| SFN,LEFT,RP,19.999999999999996,0,21,26,14,9,2,4,24,2,4,9,0,0,4.050,1.500,1,0,0.05,-0.638,-1.287,1.867,-0.064,-0.509,-0.631,5.353,11.420165083034364,
104,Aaron Loup,TBA| NYN| ANA,LEFT,RP,25.0,0,24,17,9,7,3,4,22,3,2,0,0,0,2.520,0.840,0,1,0.0,-0.06,-1.38,-0.503,0.498,0.801,-0.644,5.34,11.392430701177565,
105,J. A. Happ,NYA| MIN| SLN,LEFT,SP,49.33333333333333,9,9,37,19,19,8,15,42,2,2,0,0,0,3.466,1.054,1,2,0.02,-0.638,-0.449,-0.503,0.277,0.661,-0.651,5.333,11.377496803254672,
106,Tanner Houck,BOS,RIGHT,SP,17.0,3,3,6,2,1,1,9,21,3,0,0,0,0,0.529,0.882,0,0,0.0,-0.06,-1.427,-0.503,0.851,0.482,-0.657,5.327,11.364696319320766,
107,James Karinchak,CLE,RIGHT,RP,26.999999999999996,0,27,14,9,8,1,16,53,1,2,1,0,0,2.667,1.111,1,2,0.037,-1.215,0.062,-0.24,0.478,0.228,-0.687,5.297,11.300693899651227,
108,Archie Bradley,ARI| CIN| PHI| ANA| MIA,RIGHT,RP,18.333333333333332,0,16,17,6,6,1,3,18,2,0,6,0,0,2.946,1.091,0,0,0.0,-0.638,-1.566,1.077,0.248,0.187,-0.693,5.291,11.287893415717322,
109,Randy Dobnak,MIN,RIGHT,SP,46.666666666666664,10,10,50,21,21,3,13,27,6,4,0,0,0,4.050,1.350,2,1,0.043,1.673,-1.147,-0.503,-0.15,-0.577,-0.704,5.28,11.264425861838491,
110,Freddy Peralta,MIL,RIGHT,RP,29.333333333333332,1,15,22,14,13,2,12,47,3,1,0,0,0,3.989,1.159,3,0,0.102,-0.06,-0.217,-0.503,-0.067,0.125,-0.722,5.2620000000000005,11.22602441003677,
111,Yimi Garcia,TOR| MIA| HOU| SEA,RIGHT,RP,15.0,0,14,9,1,1,0,5,19,3,0,1,0,0,0.600,0.933,0,0,0.0,-0.06,-1.52,-0.24,0.735,0.359,-0.726,5.258,11.217490754080831,
112,Drew Pomeranz,CHN| SDN,LEFT,RP,18.666666666666668,0,20,9,3,3,1,10,29,1,0,4,0,0,1.446,1.018,1,0,0.054,-1.215,-1.054,0.55,0.675,0.309,-0.735,5.249,11.198290028179969,
113,Jose Cisnero,DET| ANA,RIGHT,RP,29.666666666666664,0,29,23,10,10,1,10,34,3,3,0,0,0,3.034,1.112,1,0,0.034,-0.06,-0.822,-0.503,0.361,0.247,-0.777,5.207,11.108686640642617,
114,Jack Flaherty,DET| SLN| BAL| LAN,RIGHT,SP,40.33333333333333,9,9,33,22,22,6,16,49,4,3,0,0,0,4.909,1.215,0,1,0.0,0.518,-0.124,-0.503,-0.653,-0.024,-0.787,5.197,11.087352500752772,
115,Spencer Turnbull,TOR| DET| PHI,RIGHT,SP,56.66666666666667,11,11,47,25,25,2,29,51,4,4,0,0,0,3.971,1.341,11,2,0.194,0.518,-0.031,-0.503,-0.114,-0.657,-0.787,5.197,11.087352500752772,
116,Jesus Luzardo,PHI| OAK| MIA,LEFT,SP| RP,58.99999999999999,9,12,58,27,27,9,17,59,3,2,0,0,0,4.119,1.271,1,1,0.017,-0.06,0.342,-0.503,-0.25,-0.325,-0.797,5.187,11.066018360862927,
117,Jesse Hahn,SEA| KCA,RIGHT,RP,17.333333333333332,0,18,4,1,1,0,8,19,1,0,3,0,0,0.519,0.692,2,0,0.115,-1.215,-1.52,0.287,0.87,0.778,-0.8,5.184,11.059618118895973,
118,Sean Manaea,NYN| OAK| SDN| SFN,LEFT,SP,53.99999999999999,11,11,57,32,27,7,8,45,4,3,0,0,0,4.500,1.204,2,1,0.037,0.518,-0.31,-0.503,-0.541,0.02,-0.816,5.168,11.025483495072221,
119,Matt Barnes,BOS| MIA| WAS,RIGHT,RP,23.0,0,24,18,13,11,4,14,31,1,3,9,0,0,4.304,1.391,6,0,0.261,-1.215,-0.961,1.867,-0.162,-0.367,-0.839,5.145,10.976414973325575,
120,Aaron Civale,CHA| CHN| MIL| CLE| TBA,RIGHT,SP,74.0,12,12,82,39,39,11,16,69,4,6,0,0,0,4.743,1.324,5,3,0.068,0.518,0.807,-0.503,-1.013,-0.75,-0.941,5.043,10.75880674644915,
121,Giovanny Gallegos,SLN,RIGHT,RP,15.0,0,16,9,6,6,1,4,21,2,2,4,0,0,3.600,0.867,1,0,0.067,-0.638,-1.427,0.55,0.054,0.446,-1.014,4.97,10.603067525253277,
122,Mike Fiers,OAK,RIGHT,SP,59.0,11,11,65,31,30,9,16,37,6,3,0,0,0,4.576,1.373,7,2,0.119,1.673,-0.682,-0.503,-0.659,-0.847,-1.018,4.966,10.594533869297338,
123,Yency Almonte,COL| LAN| CHN,RIGHT,RP,27.666666666666664,0,24,25,13,9,2,6,23,3,0,1,0,0,2.928,1.121,3,1,0.108,-0.06,-1.333,-0.24,0.381,0.211,-1.041,4.943,10.545465347550692,
124,Jordan Romano,PHI| TOR,RIGHT,RP,14.666666666666666,0,15,8,3,2,2,5,21,2,1,2,0,0,1.227,0.886,2,0,0.136,-0.638,-1.427,0.023,0.579,0.411,-1.051,4.933,10.524131207660847,
125,Dylan Cease,SDN| CHA,RIGHT,SP,58.33333333333333,12,12,50,30,26,12,34,44,5,4,0,0,0,4.011,1.440,3,1,0.051,1.095,-0.356,-0.503,-0.153,-1.179,-1.096,4.888,10.428127578156543,
126,Tyler Duffey,MIN| CHN| KCA,RIGHT,RP,23.999999999999996,0,22,13,6,5,2,6,31,1,1,0,0,0,1.875,0.792,0,0,0.0,-1.215,-0.961,-0.503,0.713,0.87,-1.097,4.8870000000000005,10.425994164167559,
127,Cal Quantrill,ATL| MIA| CLE| SDN| COL,RIGHT,SP| RP,32.0,3,18,31,12,8,4,8,31,2,0,1,0,0,2.250,1.219,2,0,0.062,-0.638,-0.961,-0.24,0.769,-0.03,-1.1,4.884,10.419593922200605,
128,Walker Buehler,BOS| PHI| LAN,RIGHT,SP,36.666666666666664,8,8,24,18,14,7,11,42,1,0,0,0,0,3.436,0.955,5,1,0.136,-1.215,-0.449,-0.503,0.223,0.809,-1.136,4.848,10.34279101859716,
129,Brent Suter,CIN| MIL| COL,LEFT,SP| RP,31.666666666666664,4,16,30,13,11,4,5,38,2,0,0,0,0,3.126,1.105,0,0,0.0,-0.638,-0.636,-0.503,0.341,0.283,-1.152,4.832,10.308656394773406,
130,Tyler Clippard,MIN| ARI| WAS,RIGHT,SP| RP,26.000000000000007,2,26,19,9,8,2,4,26,2,1,0,0,0,2.769,0.885,5,0,0.192,-0.638,-1.194,-0.503,0.42,0.732,-1.182,4.802,10.24465397510387,
131,Sixto Sanchez,MIA,RIGHT,SP,39.0,7,7,36,15,15,3,11,33,3,2,0,0,0,3.462,1.205,2,1,0.051,-0.06,-0.868,-0.503,0.222,0.01,-1.199,4.785,10.208385937291133,
132,John Means,BAL,LEFT,SP,43.666666666666664,10,10,36,22,22,12,7,42,2,4,0,0,0,4.534,0.985,2,1,0.046,-0.638,-0.449,-0.503,-0.46,0.849,-1.201,4.7829999999999995,10.204119109313162,
133,Seth Lugo,KCA| NYN| SDN,RIGHT,SP| RP,36.66666666666667,7,16,40,22,21,8,10,47,3,4,3,0,0,5.154,1.364,0,0,0.0,-0.06,-0.217,0.287,-0.73,-0.497,-1.217,4.7669999999999995,10.16998448548941,
134,Chris Martin,TEX| ATL| CHN| LAN| BOS,RIGHT,RP,18.0,0,19,8,3,2,1,3,20,1,1,1,0,0,1.000,0.611,0,0,0.0,-1.215,-1.473,-0.24,0.773,0.936,-1.22,4.764,10.163584243522457,
135,Matt Andriese,ANA| BOS| SEA| MIA,RIGHT,RP,32.0,1,16,21,17,16,5,11,33,2,4,2,0,0,4.500,1.000,2,0,0.062,-0.638,-0.868,0.023,-0.32,0.58,-1.223,4.761,10.157184001555503,
136,Danny Duffy,KCA,LEFT,SP,56.33333333333333,11,12,53,33,31,10,22,57,4,4,0,0,0,4.953,1.331,0,0,0.0,0.518,0.248,-0.503,-0.95,-0.605,-1.292,4.692,10.009978436315569,
137,Daniel Norris,DET| MIL| CHN| CLE,LEFT,RP,27.666666666666664,1,14,25,10,10,2,7,28,3,1,0,0,0,3.253,1.157,3,0,0.108,-0.06,-1.101,-0.503,0.245,0.124,-1.295,4.689,10.003578194348615,
138,Scott Barlow,CIN| KCA| SDN| CLE,RIGHT,RP,30.0,0,32,27,14,14,4,9,39,2,1,2,0,0,4.200,1.200,3,0,0.1,-0.638,-0.589,0.023,-0.164,0.021,-1.347,4.6370000000000005,9.892640666921418,
139,Pierce Johnson,ATL| SDN| COL,RIGHT,RP,19.999999999999996,0,24,15,7,6,2,9,27,3,1,0,0,0,2.700,1.200,0,1,0.0,-0.06,-1.147,-0.503,0.344,0.014,-1.352,4.632,9.881973596976493,
140,Evan Marshall,CHA,RIGHT,RP,22.666666666666664,0,23,17,6,6,1,7,30,2,1,0,0,0,2.382,1.059,0,0,0.0,-0.638,-1.008,-0.503,0.499,0.294,-1.355,4.629,9.87557335500954,
141,Bryan Garcia,DET,RIGHT,RP,21.666666666666668,0,26,18,6,4,0,10,12,2,1,4,0,0,1.661,1.292,1,1,0.046,-0.638,-1.845,0.55,0.713,-0.159,-1.379,4.605,9.824371419273913,
142,Thomas Hatch,KCA| MIN| TOR| PIT,RIGHT,RP,26.333333333333332,1,17,18,11,8,2,13,23,3,1,0,0,0,2.734,1.177,2,1,0.076,-0.06,-1.333,-0.503,0.44,0.071,-1.386,4.598,9.809437521351018,
143,Dylan Floro,LAN| MIA| MIN| ARI| WAS,RIGHT,RP,24.33333333333333,0,25,23,7,7,1,4,19,3,0,0,0,0,2.589,1.110,0,0,0.0,-0.06,-1.52,-0.503,0.46,0.209,-1.414,4.57,9.749701929659452,
144,Felix Pena,ANA,RIGHT,RP,26.666666666666668,0,25,27,12,12,2,8,29,3,0,2,0,0,4.050,1.312,2,1,0.075,-0.06,-1.054,0.023,-0.086,-0.243,-1.419,4.5649999999999995,9.739034859714527,
145,Grant Dayton,ATL,LEFT,RP,27.333333333333336,0,18,22,9,7,4,11,32,2,1,0,0,0,2.305,1.207,2,0,0.073,-0.638,-0.915,-0.503,0.634,0.002,-1.42,4.564,9.736901445725545,
146,Tanner Rainey,DET| PIT| WAS,RIGHT,RP,20.333333333333332,0,20,8,6,6,4,7,32,1,1,0,0,0,2.656,0.738,1,1,0.049,-1.215,-0.915,-0.503,0.364,0.833,-1.437,4.547,9.700633407912806,
147,Brett Anderson,MIL,LEFT,SP,47.0,10,10,50,24,22,6,10,32,4,4,0,0,0,4.213,1.277,0,2,0.0,0.518,-0.915,-0.503,-0.266,-0.281,-1.447,4.537,9.67929926802296,
148,Tejay Antone,CIN,RIGHT,SP| RP,35.33333333333333,4,13,20,11,11,4,16,45,0,3,0,0,0,2.802,1.019,2,1,0.057,-1.793,-0.31,-0.503,0.554,0.582,-1.47,4.514,9.630230746276316,
149,Tyler Rogers,NYN| SFN,RIGHT,RP,28.0,0,29,31,16,14,2,6,27,3,3,3,0,0,4.500,1.321,0,1,0.0,-0.06,-1.147,0.287,-0.28,-0.277,-1.477,4.507,9.615296848353424,
150,Rich Hill,KCA| MIN| NYN| TBA| BOS| PIT| SDN,LEFT,SP,38.666666666666664,8,8,28,13,13,3,17,31,2,2,0,0,0,3.026,1.164,4,1,0.103,-0.638,-0.961,-0.503,0.475,0.149,-1.478,4.506,9.61316343436444,
151,Rafael Montero,ATL| DET| HOU| TEX| SEA,RIGHT,RP,17.666666666666664,0,17,12,11,8,2,6,19,0,1,8,0,0,4.075,1.019,0,0,0.0,-1.793,-1.52,1.603,-0.063,0.291,-1.482,4.502,9.604629778408501,
152,A. J. Cole,TOR,RIGHT,RP,23.333333333333332,0,24,19,9,8,3,9,20,3,0,1,0,0,3.086,1.200,0,0,0.0,-0.06,-1.473,-0.24,0.266,0.016,-1.491,4.493,9.58542905250764,
153,Justin Dunn,SEA| CIN,RIGHT,SP,45.666666666666664,10,10,31,23,22,10,31,38,4,1,0,0,0,4.336,1.358,13,1,0.285,0.518,-0.636,-0.503,-0.344,-0.595,-1.56,4.4239999999999995,9.438223487267704,
154,Cesar Valdez,BAL| ANA,RIGHT,RP,14.333333333333332,0,9,7,3,2,0,3,12,1,1,3,0,0,1.256,0.698,1,0,0.07,-1.215,-1.845,0.287,0.56,0.637,-1.577,4.407,9.401955449454968,
155,Jarlin Garcia,SFN,LEFT,RP,18.333333333333332,0,19,11,6,1,0,7,14,2,1,0,0,0,0.491,0.982,0,0,0.0,-0.638,-1.752,-0.503,0.928,0.361,-1.604,4.38,9.344353271752384,
156,Matt Wisler,MIN| SFN| TBA,RIGHT,SP| RP,25.33333333333333,4,18,15,3,3,2,14,35,0,1,1,0,0,1.066,1.145,3,0,0.118,-1.793,-0.775,-0.24,1.062,0.14,-1.606,4.378,9.340086443774416,
157,Joakim Soria,OAK| ARI| TOR,RIGHT,RP,22.333333333333336,0,22,18,8,7,1,10,24,2,2,2,0,0,2.821,1.254,1,1,0.045,-0.638,-1.287,0.023,0.344,-0.089,-1.646,4.338,9.254749884215034,
158,Joe Musgrove,PIT| SDN,RIGHT,SP,39.66666666666667,8,8,33,17,17,5,16,55,1,5,0,0,0,3.857,1.235,1,2,0.025,-1.215,0.155,-0.503,-0.011,-0.094,-1.669,4.3149999999999995,9.205681362468386,
159,Blake Treinen,LAN,RIGHT,RP,25.666666666666664,0,27,23,15,11,1,8,22,3,3,1,0,0,3.857,1.208,6,2,0.234,-0.06,-1.38,-0.24,-0.007,0.0,-1.687,4.297,9.167279910666664,
160,Nick Wittgren,CLE| SLN| KCA,RIGHT,RP,23.666666666666668,0,25,18,9,9,4,6,28,2,0,0,0,0,3.422,1.014,0,0,0.0,-0.638,-1.101,-0.503,0.149,0.4,-1.693,4.291,9.15447942673276,
161,Sergio Romo,MIN| OAK| SEA| TOR,RIGHT,RP,20.0,0,24,16,9,9,3,7,23,1,2,5,0,0,4.050,1.150,4,0,0.2,-1.215,-1.333,0.813,-0.064,0.101,-1.698,4.286,9.143812356787835,
162,Blake Parker,PHI| CLE,RIGHT,RP,16.0,1,14,12,7,5,2,9,25,3,0,0,0,0,2.812,1.312,1,1,0.062,-0.06,-1.24,-0.503,0.248,-0.146,-1.701,4.2829999999999995,9.137412114820881,
163,Caleb Ferguson,PIT| SEA| LAN| HOU| NYA,LEFT,RP,18.666666666666668,1,21,16,7,6,4,3,27,2,1,0,0,0,2.893,1.018,3,0,0.161,-0.638,-1.147,-0.503,0.267,0.309,-1.712,4.272,9.113944560942052,
164,Dane Dunning,ATL| TEX| CHA,RIGHT,SP,34.0,7,7,25,17,15,4,13,35,2,0,0,0,0,3.971,1.118,3,0,0.088,-0.638,-0.775,-0.503,-0.068,0.268,-1.717,4.2669999999999995,9.103277490997128,
165,J. B. Wendelken,OAK| ARI,RIGHT,RP,25.0,0,21,17,8,5,2,11,31,1,1,0,0,0,1.800,1.120,0,0,0.0,-1.215,-0.961,-0.503,0.771,0.192,-1.718,4.266,9.101144077008145,
166,Josh Staumont,KCA| MIN,RIGHT,RP,25.666666666666668,0,26,20,8,7,2,16,37,2,1,0,0,0,2.454,1.403,1,1,0.039,-0.638,-0.682,-0.503,0.537,-0.435,-1.721,4.263,9.094743835041191,
167,Garrett Richards,SDN| BOS| TEX,RIGHT,SP| RP,51.333333333333336,10,14,47,23,23,7,17,46,2,2,0,0,0,4.032,1.247,2,1,0.039,-0.638,-0.263,-0.503,-0.151,-0.173,-1.728,4.256,9.079809937118299,
168,Ryan Yarbrough,NYA| TBA| KCA| LAN| TOR,LEFT,SP| RP,55.66666666666666,9,11,54,22,22,5,12,44,1,4,0,0,0,3.557,1.186,2,1,0.036,-1.215,-0.356,-0.503,0.237,0.108,-1.73,4.254,9.075543109140328,
169,Trevor May,MIN| NYN| OAK,RIGHT,RP,23.333333333333332,0,24,20,11,10,5,7,38,1,0,2,0,0,3.857,1.157,1,0,0.043,-1.215,-0.636,0.023,-0.007,0.103,-1.731,4.253,9.073409695151346,
170,Travis Lakins,BAL,RIGHT,RP,25.666666666666664,0,22,25,11,8,2,13,25,3,2,1,0,0,2.805,1.480,2,0,0.078,-0.06,-1.24,-0.24,0.401,-0.609,-1.748,4.236,9.037141657338607,
171,Taylor Clarke,KCA| ARI,RIGHT,SP| RP,43.33333333333333,5,12,35,23,21,8,21,40,3,0,0,0,0,4.362,1.292,1,0,0.023,-0.06,-0.542,-0.503,-0.343,-0.318,-1.767,4.2170000000000005,8.996606791547903,
172,Kyle Zimmer,KCA,RIGHT,RP,23.0,1,16,14,4,4,0,10,26,1,0,0,0,0,1.565,1.044,0,0,0.0,-1.215,-1.194,-0.503,0.791,0.33,-1.792,4.192,8.943271441823287,
173,Amir Garrett,CIN| KCA| ANA,LEFT,RP,18.333333333333332,0,21,10,5,5,4,7,26,1,0,1,0,0,2.454,0.927,1,0,0.055,-1.215,-1.194,-0.24,0.384,0.448,-1.817,4.167,8.889936092098672,
174,Aroldis Chapman,BOS| NYA| KCA| TEX| PIT,LEFT,RP,11.666666666666666,0,13,6,4,4,2,4,22,1,1,3,0,0,3.086,0.857,4,1,0.343,-1.215,-1.38,0.287,0.133,0.356,-1.819,4.165,8.885669264120704,
175,Burch Smith,OAK| BAL| MIA,RIGHT,RP,12.0,0,6,7,3,3,1,1,13,2,0,1,0,0,2.250,0.667,1,0,0.083,-0.638,-1.799,-0.24,0.288,0.566,-1.822,4.162,8.87926902215375,
176,A. J. Minter,NYN| ATL,LEFT,RP,21.666666666666664,0,22,15,3,2,1,9,24,1,1,0,0,0,0.831,1.108,1,0,0.046,-1.215,-1.287,-0.503,0.986,0.189,-1.831,4.1530000000000005,8.86006829625289,
177,Elieser Hernandez,MIA| LAN| MIL,RIGHT,SP,25.666666666666664,6,6,21,10,9,5,5,34,1,0,0,0,0,3.156,1.013,1,0,0.039,-1.215,-0.822,-0.503,0.265,0.436,-1.839,4.145,8.843000984341012,
178,Jorge Alcala,BOS| MIN| SLN,RIGHT,RP,24.000000000000007,0,16,21,8,7,3,8,27,2,1,0,0,0,2.625,1.208,1,2,0.042,-0.638,-1.147,-0.503,0.44,-0.001,-1.849,4.135,8.821666844451165,
179,Yusmeiro Petit,OAK,RIGHT,RP,21.66666666666666,0,26,19,4,4,3,5,17,2,1,0,0,0,1.661,1.108,1,0,0.046,-0.638,-1.613,-0.503,0.713,0.189,-1.851,4.133,8.817400016473197,
180,Griffin Canning,NYN| ANA,RIGHT,SP,56.333333333333336,11,11,54,29,25,8,23,56,2,3,0,0,0,3.994,1.367,4,5,0.071,-0.638,0.202,-0.503,-0.133,-0.779,-1.851,4.133,8.817400016473197,
181,Jonathan Loaisiga,NYA,RIGHT,SP| RP,23.0,3,12,21,11,9,3,7,22,3,0,0,0,0,3.522,1.217,0,1,0.0,-0.06,-1.38,-0.503,0.11,-0.019,-1.852,4.132,8.815266602484213,
182,Riley Smith,ARI,RIGHT,RP,18.333333333333336,0,6,15,3,3,1,5,18,2,0,0,0,0,1.473,1.091,0,1,0.0,-0.638,-1.566,-0.503,0.656,0.187,-1.864,4.12,8.789665634616398,
183,Shawn Armstrong,TEX| BAL| TBA| MIA| CHN| SLN,RIGHT,RP,15.000000000000002,0,14,9,6,3,1,3,14,2,0,0,0,0,1.800,0.800,2,0,0.133,-0.638,-1.752,-0.503,0.462,0.533,-1.898,4.086,8.717129558990925,
184,Austin Gomber,COL| SLN,LEFT,SP| RP,29.0,4,14,19,6,6,1,15,27,1,1,0,0,0,1.862,1.172,0,1,0.0,-1.215,-1.147,-0.503,0.867,0.09,-1.909,4.075,8.693662005112094,
185,Tyler Anderson,ANA| SFN| PIT| SEA| LAN,LEFT,SP| RP,59.666666666666664,11,13,58,32,29,5,25,41,4,3,0,0,0,4.374,1.391,2,1,0.034,0.518,-0.496,-0.503,-0.484,-0.951,-1.917,4.067,8.676594693200217,
186,Eric Yardley,MIL,RIGHT,RP,23.33333333333333,0,24,19,6,4,2,10,19,2,0,0,0,0,1.543,1.243,0,0,0.0,-0.638,-1.52,-0.503,0.81,-0.071,-1.921,4.063,8.668061037244277,
187,Caleb Thielbar,CHN| MIN,LEFT,RP,20.0,0,17,14,6,5,0,9,22,2,1,0,0,0,2.250,1.150,1,0,0.05,-0.638,-1.38,-0.503,0.48,0.101,-1.939,4.045,8.629659585442555,
188,Phil Maton,SLN| TEX| CLE| HOU| NYN| TBA,RIGHT,RP,21.666666666666664,0,23,23,14,11,1,6,32,3,3,0,0,0,4.569,1.339,1,0,0.046,-0.06,-0.915,-0.503,-0.24,-0.246,-1.964,4.02,8.57632423571794,
189,Andrew Miller,SLN,LEFT,RP,12.999999999999998,0,16,9,4,4,0,5,16,1,1,4,0,0,2.769,1.077,0,0,0.0,-1.215,-1.659,0.55,0.21,0.148,-1.966,4.018,8.572057407739972,
190,James Hoyt,MIA| ANA,RIGHT,RP,14.666666666666666,0,24,9,2,2,1,8,20,2,0,0,0,0,1.227,1.159,2,0,0.136,-0.638,-1.473,-0.503,0.579,0.062,-1.972,4.0120000000000005,8.559256923806066,
191,Blake Taylor,HOU,LEFT,RP,20.666666666666664,0,22,13,7,5,2,12,17,2,1,1,0,0,2.177,1.210,1,0,0.048,-0.638,-1.613,-0.24,0.519,-0.003,-1.974,4.01,8.554990095828096,
192,Deivi Garcia,NYA| CHA,RIGHT,SP,34.333333333333336,6,6,35,20,19,6,6,33,3,2,0,0,0,4.981,1.194,2,1,0.058,-0.06,-0.868,-0.503,-0.593,0.041,-1.983,4.0009999999999994,8.535789369927235,
193,Chris Stratton,KCA| LAN| PIT| SLN| TEX,RIGHT,RP,30.000000000000004,0,27,26,19,13,3,13,39,2,1,0,0,0,3.900,1.300,4,1,0.133,-0.638,-0.589,-0.503,-0.028,-0.24,-1.998,3.9859999999999998,8.503788160092466,
194,Steven Brault,PIT| CHN,LEFT,SP,42.66666666666667,10,11,29,17,16,2,22,38,1,3,0,0,0,3.375,1.195,0,1,0.0,-1.215,-0.636,-0.503,0.299,0.047,-2.008,3.976,8.48245402020262,
195,Tony Watson,SFN| ANA,LEFT,RP,18.0,0,21,13,8,5,3,3,15,1,0,2,0,0,2.500,0.889,1,1,0.056,-1.215,-1.706,0.023,0.364,0.5,-2.033,3.951,8.429118670478008,
196,Michael Lorenzen,KCA| CIN| ANA| DET| PHI| TEX,RIGHT,SP| RP,33.666666666666664,2,18,30,17,16,3,17,35,3,1,0,0,0,4.277,1.396,2,2,0.059,-0.06,-0.775,-0.503,-0.224,-0.551,-2.113,3.871,8.258445551359243,
197,Enoli Paredes,HOU| CHN| MIL,RIGHT,RP,20.66666666666666,0,22,18,9,7,1,11,20,3,3,0,0,0,3.048,1.403,0,1,0.0,-0.06,-1.473,-0.503,0.247,-0.351,-2.141,3.843,8.198709959667674,
198,Martin Perez,CHA| BOS| TEX| PIT| SDN,LEFT,SP,62.0,12,12,55,33,31,8,28,46,3,5,0,0,0,4.500,1.339,1,2,0.016,-0.06,-0.263,-0.503,-0.621,-0.706,-2.153,3.831,8.17310899179986,
199,Hector Neris,ANA| ATL| HOU| PHI| CHN,RIGHT,RP,21.666666666666664,0,24,24,15,11,0,13,27,2,2,5,0,0,4.569,1.708,2,0,0.092,-0.638,-1.147,0.813,-0.24,-0.943,-2.154,3.83,8.170975577810875,
200,Michael Pineda,MIN| DET,RIGHT,SP,26.666666666666668,5,5,25,10,10,0,7,25,2,0,0,0,0,3.375,1.200,1,0,0.037,-0.638,-1.24,-0.503,0.187,0.019,-2.176,3.808,8.124040470053215,
201,Alex Reyes,SLN,RIGHT,RP,19.666666666666668,1,15,14,10,7,1,14,27,2,1,1,0,0,3.203,1.424,1,0,0.051,-0.638,-1.147,-0.24,0.189,-0.369,-2.206,3.778,8.060038050383678,
202,Tyler Webb,SLN,LEFT,RP,21.666666666666668,0,21,17,5,5,2,7,19,1,1,1,0,0,2.077,1.108,1,0,0.046,-1.215,-1.52,-0.24,0.577,0.189,-2.208,3.776,8.055771222405708,
203,Craig Stammen,SDN,RIGHT,RP,24.0,0,24,27,16,15,2,4,20,4,2,0,0,0,5.625,1.292,2,1,0.083,0.518,-1.473,-0.503,-0.649,-0.175,-2.282,3.702,7.897898587220851,
204,Cam Hill,CLE,RIGHT,RP,18.33333333333333,0,18,11,11,10,4,5,16,2,0,1,0,0,4.909,0.873,0,0,0.0,-0.638,-1.659,-0.24,-0.297,0.535,-2.298,3.686,7.863763963397098,
205,Josh Lindblom,MIL,RIGHT,SP| RP,45.333333333333336,10,12,42,26,26,6,16,52,2,4,0,0,0,5.162,1.279,4,3,0.088,-0.638,0.016,-0.503,-0.908,-0.282,-2.315,3.669,7.827495925584361,
206,Tanner Scott,LAN| BAL| MIA| SDN,LEFT,RP,20.666666666666664,0,25,12,5,3,1,10,23,0,0,1,0,0,1.306,1.065,0,0,0.0,-1.793,-1.333,-0.24,0.791,0.258,-2.317,3.667,7.823229097606391,
207,Tim Hill,NYA| SDN| CHA,LEFT,RP,18.0,0,23,17,9,9,3,6,20,3,0,0,0,0,4.500,1.278,0,0,0.0,-0.06,-1.473,-0.503,-0.18,-0.109,-2.326,3.658,7.80402837170553,
208,Jose Urquidy,DET| HOU,RIGHT,SP,29.666666666666664,5,5,22,9,9,4,8,17,1,1,0,0,0,2.730,1.011,2,1,0.067,-1.215,-1.613,-0.503,0.497,0.508,-2.326,3.658,7.80402837170553,
209,Drew Smyly,SFN| ATL| CHN,LEFT,SP| RP,26.333333333333332,5,7,20,11,10,2,9,42,0,1,0,0,0,3.418,1.101,7,0,0.266,-1.793,-0.449,-0.503,0.167,0.245,-2.333,3.651,7.7890944737826375,
210,Sam Howard,PIT,LEFT,RP,20.999999999999996,0,22,17,10,9,4,9,27,2,3,0,0,0,3.857,1.238,2,1,0.095,-0.638,-1.147,-0.503,-0.006,-0.055,-2.349,3.635,7.754959849958885,
211,Tom Eshelman,BAL,RIGHT,SP| RP,34.666666666666664,4,12,34,17,15,7,9,16,3,1,0,0,0,3.894,1.240,1,2,0.029,-0.06,-1.659,-0.503,-0.029,-0.098,-2.35,3.634,7.752826435969901,
212,Wander Suero,ATL| WAS| LAN| HOU,RIGHT,RP,23.666666666666668,0,22,20,10,10,1,10,28,2,0,0,0,0,3.803,1.268,5,0,0.211,-0.638,-1.101,-0.503,0.013,-0.123,-2.352,3.632,7.748559607991932,
213,Tyler Alexander,CHA| MIL| DET| TBA,LEFT,SP| RP,36.333333333333336,2,14,39,16,16,8,9,34,2,3,0,0,0,3.963,1.321,2,4,0.055,-0.638,-0.822,-0.503,-0.069,-0.358,-2.389,3.595,7.669623290399503,
214,Taylor Williams,SDN| SEA| MIA,RIGHT,RP,14.666666666666666,0,15,14,10,10,1,7,20,1,1,6,0,0,6.136,1.432,0,0,0.0,-1.215,-1.473,1.077,-0.51,-0.286,-2.407,3.577,7.631221838597781,
215,Aaron Slegers,TBA| ANA,RIGHT,RP,26.0,1,11,18,10,10,1,5,19,0,0,2,0,0,3.462,0.885,0,0,0.0,-1.793,-1.52,0.023,0.148,0.732,-2.409,3.575,7.626955010619812,
216,Chad Kuhl,PIT| COL| WAS| CHA,RIGHT,SP| RP,46.333333333333336,9,11,35,26,22,8,28,44,2,3,0,0,0,4.273,1.360,2,2,0.043,-0.638,-0.356,-0.503,-0.305,-0.612,-2.414,3.57,7.616287940674889,
217,Shane Greene,ATL| LAN| NYA| CHN,RIGHT,RP,27.66666666666667,0,28,22,9,8,2,9,21,1,0,0,0,0,2.602,1.121,2,1,0.072,-1.215,-1.427,-0.503,0.517,0.211,-2.417,3.567,7.609887698707936,
218,Adbert Alzolay,CHN,RIGHT,SP| RP,21.333333333333332,4,6,12,8,7,1,13,29,1,1,0,0,0,2.953,1.172,2,1,0.094,-1.215,-1.054,-0.503,0.286,0.067,-2.42,3.564,7.603487456740981,
219,Josh Tomlin,ATL,RIGHT,SP| RP,39.66666666666667,5,17,40,22,21,6,8,36,2,2,0,0,0,4.765,1.210,5,1,0.126,-0.638,-0.729,-0.503,-0.556,-0.007,-2.433,3.551,7.575753074884182,
220,Trevor Cahill,SFN| PIT,RIGHT,SP| RP,25.0,6,11,16,10,9,3,14,31,1,2,0,0,0,3.240,1.200,6,2,0.24,-1.215,-0.961,-0.503,0.226,0.017,-2.436,3.548,7.569352832917229,
221,Oliver Perez,CLE| ARI,LEFT,RP,18.000000000000004,0,21,13,5,4,0,6,14,1,1,1,0,0,2.000,1.056,0,0,0.0,-1.215,-1.752,-0.24,0.5,0.239,-2.468,3.516,7.501083585269723,
222,Chasen Shreve,NYN| PIT| CIN| DET| COL,LEFT,RP,24.999999999999996,0,17,17,12,11,4,12,34,1,0,0,0,0,3.960,1.160,1,1,0.04,-1.215,-0.822,-0.503,-0.046,0.105,-2.482,3.502,7.471215789423938,
223,Will Smith,ATL| HOU| TEX| KCA,LEFT,RP,16.0,0,18,11,8,8,7,4,18,2,2,0,0,0,4.500,0.938,0,0,0.0,-0.638,-1.566,-0.503,-0.16,0.377,-2.49,3.4939999999999998,7.454148477512062,
224,Jaime Barria,ANA,RIGHT,SP| RP,32.33333333333333,5,7,27,13,13,3,9,27,1,0,0,0,0,3.619,1.113,1,2,0.031,-1.215,-1.147,-0.503,0.107,0.266,-2.492,3.492,7.449881649534093,
225,Jason Adam,SDN| CHN| TBA,RIGHT,RP,13.666666666666668,0,13,9,7,5,2,8,21,2,1,0,0,0,3.293,1.244,2,1,0.146,-0.638,-1.427,-0.503,0.113,-0.043,-2.497,3.487,7.43921457958917,
226,Nick Margevicius,SEA,LEFT,SP| RP,41.333333333333336,7,10,38,21,21,6,14,36,2,3,0,0,0,4.573,1.258,2,1,0.048,-0.638,-0.729,-0.503,-0.459,-0.18,-2.509,3.475,7.413613611721355,
227,Nick Tropeano,PIT| NYN| SFN,RIGHT,RP,15.666666666666666,0,7,14,2,2,1,4,19,1,0,0,0,0,1.149,1.149,0,0,0.0,-1.215,-1.52,-0.503,0.637,0.081,-2.52,3.464,7.390146057842525,
228,Mychal Givens,BAL| COL| CIN| CHN| NYN,RIGHT,RP,22.333333333333332,0,22,16,10,9,5,10,25,1,1,1,0,0,3.627,1.164,3,1,0.134,-1.215,-1.24,-0.24,0.071,0.085,-2.539,3.445,7.349611192051818,
229,Jordan Montgomery,NYA| SLN| TEX| ARI,LEFT,SP,44.0,10,10,48,27,25,7,9,47,2,3,0,0,0,5.114,1.296,4,0,0.091,-0.638,-0.217,-0.503,-0.849,-0.335,-2.542,3.442,7.343210950084865,
230,Miguel Castro,CHA| BAL| NYN| NYA| ARI,RIGHT,RP,24.66666666666666,0,26,28,12,11,4,13,38,2,2,1,0,0,4.013,1.662,5,0,0.203,-0.638,-0.636,-0.24,-0.065,-0.976,-2.554,3.43,7.31760998221705,
231,Kyle Cody,TEX,RIGHT,SP| RP,22.666666666666668,5,8,15,5,4,1,13,18,1,1,0,0,0,1.588,1.235,2,0,0.088,-1.215,-1.566,-0.503,0.771,-0.054,-2.567,3.417,7.289875600360251,
232,Andre Scrubb,HOU,RIGHT,RP,23.666666666666668,0,20,15,5,5,1,20,24,1,0,1,0,0,1.901,1.479,1,1,0.042,-1.215,-1.287,-0.24,0.693,-0.558,-2.607,3.377,7.204539040800868,
233,Jalen Beeks,ARI| TBA| COL| PIT,LEFT,RP,19.333333333333332,0,12,21,9,7,1,4,26,1,1,1,0,0,3.259,1.293,0,0,0.0,-1.215,-1.194,-0.24,0.169,-0.143,-2.623,3.3609999999999998,7.170404416977115,
234,Brusdar Graterol,LAN,RIGHT,SP| RP,23.33333333333333,2,23,18,9,8,1,3,13,1,2,0,0,0,3.086,0.900,1,0,0.043,-1.215,-1.799,-0.503,0.266,0.626,-2.626,3.358,7.164004175010161,
235,Ty Buttrey,ANA,RIGHT,RP,26.333333333333332,0,27,28,18,17,4,9,18,2,3,5,0,0,5.810,1.405,2,1,0.076,-0.638,-1.566,0.813,-0.785,-0.452,-2.628,3.356,7.159737347032192,
236,Sam Selman,SFN| ANA| OAK,LEFT,RP,19.33333333333333,0,24,13,8,8,2,9,23,1,1,1,0,0,3.724,1.138,1,0,0.052,-1.215,-1.333,-0.24,0.033,0.118,-2.637,3.347,7.140536621131331,
237,Yohan Ramirez,PIT| SEA| CLE| CHA| BAL| BOS| LAN| NYN,RIGHT,RP,20.666666666666664,0,16,9,6,6,3,20,26,0,0,3,0,0,2.613,1.403,2,0,0.097,-1.793,-1.194,0.287,0.383,-0.351,-2.668,3.316,7.074400787472809,
238,Yusei Kikuchi,ANA| SEA| TOR| HOU,LEFT,SP,47.0,9,9,41,27,27,3,20,47,2,4,0,0,0,5.170,1.298,5,0,0.106,-0.638,-0.217,-0.503,-0.947,-0.368,-2.673,3.311,7.063733717527887,
239,Adrian Morejon,SDN,LEFT,SP| RP,19.333333333333332,4,9,20,11,10,7,4,25,2,2,0,0,0,4.655,1.241,1,1,0.052,-0.638,-1.24,-0.503,-0.239,-0.056,-2.676,3.308,7.057333475560933,
240,Paul Fry,BAL| ARI,LEFT,RP,22.000000000000004,0,22,22,7,6,3,9,29,1,0,0,0,0,2.454,1.409,1,0,0.045,-1.215,-1.054,-0.503,0.46,-0.385,-2.698,3.286,7.010398367803273,
241,Justin Wilson,BOS| NYN| CIN| NYA,LEFT,RP,19.666666666666668,0,23,18,10,8,1,9,23,2,1,0,0,0,3.661,1.373,2,0,0.102,-0.638,-1.333,-0.503,0.053,-0.282,-2.704,3.28,6.997597883869365,
242,Charlie Morton,ATL| BAL| DET| TBA,RIGHT,SP,38.0,9,9,43,21,20,4,10,42,2,2,0,0,0,4.737,1.395,0,2,0.0,-0.638,-0.449,-0.503,-0.517,-0.618,-2.725,3.259,6.952796190100689,
243,Wandy Peralta,SDN| SFN| NYA,LEFT,RP,27.33333333333334,0,25,22,13,10,3,11,25,1,1,0,0,0,3.293,1.207,0,1,0.0,-1.215,-1.24,-0.503,0.225,0.002,-2.732,3.252,6.9378622921777975,
244,Alex Cobb,BAL| ANA| SFN| CLE,RIGHT,SP,52.33333333333333,10,10,52,27,25,8,18,38,2,5,0,0,0,4.299,1.338,1,2,0.019,-0.638,-0.636,-0.503,-0.365,-0.591,-2.732,3.252,6.9378622921777975,
245,Cody Stashak,MIN,RIGHT,RP,15.000000000000002,0,11,11,5,5,2,3,17,1,0,0,0,0,3.000,0.933,2,0,0.133,-1.215,-1.613,-0.503,0.19,0.359,-2.782,3.202,6.83119159272857,
246,Dillon Tate,TOR| BAL,RIGHT,RP,16.666666666666664,0,12,9,7,6,1,5,14,1,1,0,0,0,3.240,0.840,0,1,0.0,-1.215,-1.752,-0.503,0.151,0.534,-2.786,3.198,6.822657936772631,
247,Rowan Wick,CHN,RIGHT,RP,17.33333333333333,0,19,18,6,6,1,6,20,0,1,4,0,0,3.115,1.385,1,0,0.058,-1.793,-1.473,0.55,0.189,-0.267,-2.793,3.191,6.807724038849739,
248,Mike Minor,OAK| TEX| KCA| CIN,LEFT,SP,56.66666666666667,11,12,50,36,35,11,20,62,1,6,0,0,0,5.559,1.235,4,1,0.071,-1.215,0.481,-0.503,-1.475,-0.135,-2.847,3.137,6.692519683444573,
249,Keury Mella,ARI,RIGHT,RP,10.0,0,11,10,3,2,1,3,10,2,0,0,0,0,1.800,1.300,2,1,0.2,-0.638,-1.938,-0.503,0.308,-0.08,-2.851,3.133,6.683986027488635,
250,Erasmo Ramirez,MIN| NYN| DET| WAS| TBA,RIGHT,RP,14.333333333333334,0,6,8,1,1,1,4,9,0,0,1,0,0,0.628,0.837,0,0,0.0,-1.793,-1.985,-0.24,0.696,0.463,-2.859,3.125,6.666918715576759,
251,David Phelps,MIL| PHI| TOR,RIGHT,RP,20.666666666666664,0,22,19,16,15,7,5,31,2,4,0,0,0,6.532,1.161,1,0,0.048,-0.638,-0.961,-0.503,-0.842,0.084,-2.86,3.124,6.6647853015877745,
252,Jon Lester,CHN| SLN| WAS,LEFT,SP,61.0,12,12,64,35,35,11,17,42,3,3,0,0,0,5.164,1.328,3,2,0.049,-0.06,-0.449,-0.503,-1.223,-0.637,-2.873,3.1109999999999998,6.637050919730974,
253,Chaz Roe,TBA,RIGHT,RP,9.333333333333334,0,10,10,4,3,0,3,9,2,0,1,0,0,2.893,1.393,2,0,0.214,-0.638,-1.985,-0.24,0.133,-0.15,-2.879,3.105,6.624250435797067,
254,Ryan Sherriff,TBA| BOS,LEFT,RP,9.666666666666668,0,10,6,0,0,0,2,2,1,0,1,0,0,0.00,0.828,0,0,0.0,-1.215,-2.311,-0.24,0.561,0.32,-2.884,3.1,6.613583365852144,
255,Kyle Finnegan,DET| WAS,RIGHT,RP,24.666666666666668,0,25,21,10,8,2,13,27,1,0,0,0,0,2.919,1.378,3,0,0.122,-1.215,-1.147,-0.503,0.343,-0.366,-2.889,3.095,6.602916295907222,
256,Daniel Ponce de Leon,SLN,RIGHT,SP,32.666666666666664,8,9,23,18,18,8,20,45,1,3,0,0,0,4.959,1.316,2,0,0.061,-1.215,-0.31,-0.503,-0.554,-0.308,-2.89,3.094,6.600782881918237,
257,Jake Arrieta,PHI| CHN| SDN,RIGHT,SP,44.33333333333333,9,9,51,25,25,6,16,32,4,4,0,0,0,5.075,1.511,0,0,0.0,0.518,-0.915,-0.503,-0.83,-1.171,-2.901,3.083,6.577315328039407,
258,Nick Vincent,MIA| MIN,RIGHT,RP,22.333333333333336,0,21,23,11,11,5,6,17,1,2,3,0,0,4.433,1.298,0,0,0.0,-1.215,-1.613,0.287,-0.201,-0.176,-2.918,3.066,6.541047290226669,
259,Aaron Bummer,ATL| CHA,LEFT,RP,9.333333333333332,0,9,5,1,1,0,5,14,1,0,0,0,0,0.964,1.071,0,0,0.0,-1.215,-1.752,-0.503,0.406,0.111,-2.954,3.03,6.464244386623225,
260,Frankie Montas,NYN| OAK| NYA| CIN| MIL,RIGHT,SP,53.00000000000001,11,11,57,35,33,10,23,60,3,5,0,0,0,5.604,1.509,1,1,0.019,-0.06,0.388,-0.503,-1.416,-1.391,-2.982,3.002,6.404508794931656,
261,Richard Bleier,BAL| MIA| BOS,LEFT,RP,16.66666666666667,0,21,14,6,4,0,4,11,1,1,0,0,0,2.160,1.080,0,0,0.0,-1.215,-1.892,-0.503,0.423,0.186,-3.001,2.983,6.3639739291409505,
262,Emilio Pagan,CIN| SDN| MIN,RIGHT,RP,22.0,0,22,14,11,11,4,9,23,0,1,2,0,0,4.500,1.046,0,0,0.0,-1.793,-1.333,0.023,-0.22,0.311,-3.012,2.972,6.3405063752621205,
263,Matt Strahm,PHI| SDN| BOS,LEFT,RP,20.666666666666668,0,19,14,6,6,3,4,15,0,1,0,0,0,2.613,0.871,1,1,0.048,-1.793,-1.706,-0.503,0.383,0.607,-3.012,2.972,6.3405063752621205,
264,Jeurys Familia,NYN| BOS| PHI| OAK,RIGHT,RP,26.666666666666664,0,25,20,11,11,2,19,23,2,0,0,0,0,3.712,1.462,6,1,0.225,-0.638,-1.333,-0.503,0.051,-0.591,-3.015,2.969,6.334106133295166,
265,Connor Brogdon,ANA| PHI| LAN,RIGHT,RP,11.333333333333334,0,9,5,5,5,3,5,17,1,0,0,0,0,3.971,0.882,0,0,0.0,-1.215,-1.613,-0.503,-0.023,0.321,-3.032,2.952,6.297838095482429,
266,Brooks Raley,NYN| CIN| HOU| TBA,LEFT,RP,20.0,0,21,13,12,11,3,6,27,0,1,1,0,0,4.950,0.950,1,0,0.05,-1.793,-1.147,-0.24,-0.336,0.449,-3.067,2.917,6.223168605867969,
267,Brandon Workman,BOS| PHI| CHN,RIGHT,RP,19.666666666666664,0,21,31,14,13,4,13,23,1,4,9,0,0,5.949,2.237,2,0,0.102,-1.215,-1.333,1.867,-0.628,-1.763,-3.073,2.911,6.210368121934062,
268,Noe Ramirez,ANA| ARI,RIGHT,RP,21.0,0,21,15,7,7,2,9,14,1,0,0,0,0,3.000,1.143,6,1,0.286,-1.215,-1.752,-0.503,0.266,0.119,-3.085,2.899,6.184767154066248,
269,Cole Sulser,TBA| BAL| MIA| ARI| NYN,RIGHT,RP,22.666666666666668,0,19,17,18,14,2,17,19,1,5,5,0,0,5.559,1.500,2,0,0.088,-1.215,-1.52,0.813,-0.59,-0.576,-3.088,2.896,6.1783669120992935,
270,Pedro Baez,LAN| HOU,RIGHT,RP,17.0,0,18,10,8,6,2,7,13,0,0,2,0,0,3.176,1.000,1,0,0.059,-1.793,-1.799,0.023,0.17,0.308,-3.09,2.894,6.174100084121324,
271,Gregory Soto,BAL| NYN| DET| PHI,LEFT,RP,23.0,0,27,16,11,11,2,13,29,0,1,2,0,0,4.304,1.261,2,0,0.087,-1.793,-1.054,0.023,-0.162,-0.106,-3.092,2.892,6.169833256143355,
272,Mitch Keller,PIT,RIGHT,SP,21.666666666666664,5,5,9,7,7,4,18,16,1,1,0,0,0,2.908,1.246,1,1,0.046,-1.215,-1.659,-0.503,0.305,-0.072,-3.145,2.839,6.056762314727173,
273,Junior Guerra,ARI| ANA,RIGHT,RP,23.66666666666667,0,25,17,10,8,1,15,21,1,2,0,0,0,3.042,1.352,0,0,0.0,-1.215,-1.427,-0.503,0.285,-0.297,-3.157,2.827,6.031161346859359,
274,Cody Ponce,PIT,RIGHT,SP| RP,17.0,3,5,12,7,6,5,6,12,1,1,0,0,0,3.176,1.059,0,1,0.0,-1.215,-1.845,-0.503,0.17,0.221,-3.173,2.811,5.997026723035606,
275,Tommy Hunter,PHI| NYN,RIGHT,RP,24.66666666666667,0,24,22,11,11,2,6,25,0,1,1,0,0,4.013,1.135,2,1,0.081,-1.793,-1.24,-0.24,-0.065,0.157,-3.182,2.802,5.977825997134745,
276,Ryan Brasier,CHN| BOS| LAN,RIGHT,RP,25.0,1,25,24,12,11,2,11,30,1,0,0,0,0,3.960,1.400,0,1,0.0,-1.215,-1.008,-0.503,-0.046,-0.418,-3.19,2.794,5.960758685222868,
277,Ryan Borucki,PIT| TOR| SEA,LEFT,RP,16.666666666666664,0,21,12,5,5,1,12,21,1,1,0,0,0,2.700,1.440,0,0,0.0,-1.215,-1.427,-0.503,0.287,-0.337,-3.195,2.789,5.9500916152779455,
278,Kyle Freeland,COL,LEFT,SP,70.66666666666667,13,13,77,34,34,9,23,46,2,3,0,0,0,4.330,1.415,3,0,0.042,-0.638,-0.263,-0.503,-0.526,-1.274,-3.205,2.779,5.9287574753881,
279,Scott Alexander,COL| SFN| LAN| OAK,LEFT,RP,12.333333333333334,0,13,9,6,4,2,9,9,2,0,0,0,0,2.919,1.460,0,0,0.0,-0.638,-1.985,-0.503,0.171,-0.27,-3.224,2.76,5.888222609597393,
280,Dan Altavilla,CHA| SDN| SEA| KCA,RIGHT,RP,20.333333333333332,0,22,18,14,13,3,12,24,2,3,1,0,0,5.754,1.475,3,0,0.148,-0.638,-1.287,-0.24,-0.589,-0.474,-3.227,2.757,5.8818223676304395,
281,Joe Jimenez,DET| ATL,RIGHT,RP,22.666666666666668,0,25,25,19,18,7,6,22,1,3,5,0,0,7.147,1.368,4,0,0.176,-1.215,-1.38,0.813,-1.134,-0.315,-3.231,2.753,5.873288711674501,
282,Brett Martin,TEX,LEFT,RP,14.666666666666666,0,15,8,5,3,2,9,8,1,1,0,0,0,1.841,1.159,0,0,0.0,-1.215,-2.031,-0.503,0.443,0.062,-3.244,2.7399999999999998,5.845554329817701,
283,Wes Benjamin,TEX,LEFT,RP,22.333333333333332,1,8,24,12,12,4,7,21,2,1,0,0,0,4.836,1.388,1,0,0.045,-0.638,-1.427,-0.503,-0.337,-0.35,-3.255,2.729,5.822086775938872,
284,Ross Detwiler,CHA| MIA| SDN| CIN,LEFT,RP,19.666666666666668,0,16,19,8,7,2,5,15,1,1,0,0,0,3.203,1.220,1,2,0.051,-1.215,-1.706,-0.503,0.189,-0.021,-3.257,2.727,5.817819947960902,
285,Conner Menez,SFN| CHN,LEFT,RP,11.333333333333332,0,7,6,4,3,2,5,8,1,0,0,0,0,2.382,0.971,0,0,0.0,-1.215,-2.031,-0.503,0.25,0.234,-3.266,2.718,5.798619222060041,
286,Keegan Akin,BAL,LEFT,SP| RP,25.666666666666664,6,8,27,17,13,3,10,35,1,2,0,0,0,4.558,1.442,0,0,0.0,-1.215,-0.775,-0.503,-0.28,-0.522,-3.295,2.689,5.736750216379489,
287,Tarik Skubal,DET,LEFT,SP,32.0,7,8,28,21,20,9,11,37,1,4,0,0,0,5.625,1.219,3,0,0.094,-1.215,-0.682,-0.503,-0.865,-0.03,-3.295,2.689,5.736750216379489,
288,Jake Newberry,KCA,RIGHT,RP,22.0,0,20,20,12,10,3,12,24,1,0,1,0,0,4.091,1.454,0,0,0.0,-1.215,-1.287,-0.24,-0.084,-0.472,-3.299,2.685,5.728216560423551,
289,Erick Fedde,ATL| MIL| SLN| WAS| CHA,RIGHT,SP| RP,50.333333333333336,8,11,47,25,24,10,22,28,2,4,0,0,0,4.291,1.371,5,2,0.099,-0.638,-1.101,-0.503,-0.345,-0.714,-3.301,2.683,5.723949732445582,
290,Lou Trivino,LAN| PHI| SFN| OAK| NYA,RIGHT,RP,23.333333333333336,0,20,16,10,10,3,10,26,0,0,0,0,0,3.857,1.114,1,1,0.043,-1.793,-1.194,-0.503,-0.007,0.19,-3.306,2.678,5.713282662500659,
291,Adam Plutko,CLE| BAL,RIGHT,SP| RP,27.666666666666664,4,10,30,15,15,5,7,15,2,2,1,0,0,4.880,1.337,1,0,0.036,-0.638,-1.706,-0.24,-0.436,-0.312,-3.331,2.653,5.659947312776045,
292,Brad Boxberger,MIA| MIL| CHN,RIGHT,RP,18.000000000000004,0,23,17,7,6,3,8,18,1,0,0,0,0,3.000,1.389,0,0,0.0,-1.215,-1.566,-0.503,0.228,-0.284,-3.34,2.644,5.640746586875184,
293,Johnny Cueto,SFN| CHA| MIA| ANA,RIGHT,SP,63.333333333333336,12,12,61,41,38,9,26,56,2,3,0,0,0,5.400,1.374,2,0,0.032,-0.638,0.202,-0.503,-1.496,-0.914,-3.349,2.635,5.621545860974322,
294,John Gant,SLN| MIN,RIGHT,RP,14.999999999999998,0,17,9,6,4,0,7,18,0,3,0,0,0,2.400,1.067,0,0,0.0,-1.793,-1.566,-0.503,0.326,0.185,-3.351,2.633,5.617279032996354,
295,Kyle McGowin,WAS,RIGHT,RP,11.0,0,9,9,6,6,2,5,16,1,0,1,0,0,4.909,1.273,1,0,0.091,-1.215,-1.659,-0.24,-0.178,-0.062,-3.355,2.629,5.608745377040416,
296,JT Brubaker,NYA| SFN| PIT,RIGHT,SP| RP,47.33333333333333,9,11,48,27,26,6,17,48,1,3,0,0,0,4.944,1.373,2,2,0.042,-1.215,-0.17,-0.503,-0.792,-0.681,-3.361,2.6229999999999998,5.595944893106507,
297,Joely Rodriguez,TEX| NYA| NYN| BOS,LEFT,RP,12.666666666666666,0,12,8,3,3,0,5,17,0,0,0,0,0,2.132,1.026,1,0,0.079,-1.793,-1.613,-0.503,0.327,0.2,-3.381,2.603,5.553276613326817,
298,Buck Farmer,DET| CIN,RIGHT,RP,21.333333333333332,0,23,20,9,9,3,5,14,1,0,0,0,0,3.797,1.172,2,0,0.094,-1.215,-1.752,-0.503,0.013,0.067,-3.39,2.594,5.5340758874259555,
299,Kris Bubic,KCA,LEFT,SP,50.0,10,10,52,29,24,8,22,49,1,6,0,0,0,4.320,1.480,1,0,0.02,-1.215,-0.124,-0.503,-0.365,-1.184,-3.391,2.593,5.531942473436971,
300,Jimmy Herget,COL| TEX| ANA| ATL,RIGHT,RP,19.666666666666668,1,20,13,7,7,2,14,17,1,0,0,0,0,3.203,1.373,1,0,0.051,-1.215,-1.613,-0.503,0.189,-0.282,-3.425,2.559,5.459406397811496,
301,Justin Verlander,SFN| HOU| NYN,RIGHT,P,6.0,1,1,3,2,2,2,1,7,1,0,0,0,0,3.000,0.667,0,0,0.0,-1.215,-2.078,-0.503,0.076,0.283,-3.437,2.547,5.433805429943681,
302,Ryan Thompson,ARI| TBA,RIGHT,RP,26.333333333333332,1,25,29,15,13,4,8,23,1,2,1,0,0,4.443,1.405,1,0,0.038,-1.215,-1.333,-0.24,-0.241,-0.452,-3.482,2.502,5.337801800439375,
303,Craig Kimbrel,ATL| HOU| CHN| CHA| LAN| PHI| BAL,RIGHT,RP,15.333333333333334,0,18,10,9,9,2,12,28,0,1,2,0,0,5.283,1.435,2,0,0.13,-1.793,-1.101,0.023,-0.335,-0.303,-3.508,2.476,5.2823330367257775,
304,Tyler Chatwood,CHN| SFN| TOR,RIGHT,SP,18.666666666666668,5,5,22,11,11,2,9,25,2,2,0,0,0,5.304,1.661,2,0,0.107,-0.638,-1.24,-0.503,-0.414,-0.736,-3.531,2.453,5.233264514979132,
305,T. J. Zeuch,TOR| CIN,RIGHT,RP,11.333333333333334,1,3,9,2,2,1,4,3,1,0,0,0,0,1.588,1.147,0,0,0.0,-1.215,-2.264,-0.503,0.386,0.06,-3.537,2.447,5.220464031045225,
306,Phillips Valdez,BOS,RIGHT,RP,30.333333333333336,0,24,33,16,11,3,16,30,1,1,0,0,0,3.264,1.615,2,1,0.066,-1.215,-1.008,-0.503,0.263,-1.076,-3.539,2.445,5.216197203067256,
307,Tyler Zuber,MIA| NYN| KCA| TBA,RIGHT,RP,22.0,0,23,15,11,10,4,20,30,1,2,0,0,0,4.091,1.591,0,0,0.0,-1.215,-1.008,-0.503,-0.084,-0.734,-3.544,2.44,5.205530133122333,
308,Jonathan Holder,NYA,RIGHT,RP,21.666666666666664,0,18,25,13,12,3,11,14,3,0,0,0,0,4.985,1.661,0,0,0.0,-0.06,-1.752,-0.503,-0.376,-0.856,-3.547,2.437,5.199129891155379,
309,Adam Ottavino,NYA| BOS| NYN,RIGHT,RP,18.333333333333332,0,24,20,12,12,2,9,25,2,3,0,0,0,5.891,1.582,4,0,0.218,-0.638,-1.24,-0.503,-0.569,-0.597,-3.547,2.437,5.199129891155379,
310,Luis Cessa,NYA| CIN,RIGHT,RP,21.666666666666664,0,16,20,10,8,2,7,17,0,0,1,0,0,3.323,1.246,0,1,0.0,-1.793,-1.613,-0.24,0.169,-0.072,-3.549,2.435,5.194863063177411,
311,Mike Morin,MIA,RIGHT,RP,4.0,0,3,1,0,0,0,1,2,1,0,0,0,0,0.00,0.500,0,1,0.0,-1.215,-2.311,-0.503,0.232,0.247,-3.55,2.434,5.192729649188426,
312,Matt Shoemaker,TOR| MIN,RIGHT,SP,28.666666666666668,6,6,22,16,15,8,9,26,0,1,0,0,0,4.709,1.081,2,0,0.07,-1.793,-1.194,-0.503,-0.378,0.316,-3.552,2.432,5.188462821210456,
313,Ryan Buchter,ANA| ARI,LEFT,RP,6.0,0,10,5,4,3,2,6,8,2,0,0,0,0,4.500,1.833,1,0,0.167,-0.638,-2.031,-0.503,-0.06,-0.327,-3.559,2.425,5.173528923287564,
314,Darwinzon Hernandez,BOS,LEFT,RP,8.333333333333334,0,7,5,2,2,0,8,13,1,0,0,0,0,2.160,1.560,0,0,0.0,-1.215,-1.799,-0.503,0.212,-0.255,-3.561,2.423,5.169262095309596,
315,Ross Stripling,LAN| TOR| SFN| OAK,RIGHT,SP| RP,49.33333333333334,9,12,56,37,32,13,18,40,3,3,1,0,0,5.838,1.500,2,0,0.041,-0.06,-0.542,-0.24,-1.492,-1.254,-3.589,2.395,5.109526503618028,
316,Dan Winkler,CHN,RIGHT,RP,18.333333333333332,0,18,11,7,6,3,11,18,0,0,0,0,0,2.946,1.200,0,0,0.0,-1.793,-1.566,-0.503,0.248,0.013,-3.602,2.382,5.081792121761229,
317,Garrett Crochet,BOS| CHA,LEFT,RP,6.0,0,5,3,0,0,0,0,8,0,0,0,0,0,0.00,0.500,0,0,0.0,-1.793,-2.031,-0.503,0.348,0.37,-3.609,2.375,5.066858223838336,
318,Travis Bergen,ARI| TOR,LEFT,RP,8.333333333333334,0,8,5,3,3,1,9,11,1,0,1,0,0,3.240,1.680,0,1,0.0,-1.215,-1.892,-0.24,0.075,-0.343,-3.614,2.37,5.056191153893414,
319,Patrick Corbin,TEX| WAS,LEFT,SP,65.66666666666666,11,11,85,35,34,10,18,60,2,7,0,0,0,4.660,1.569,4,2,0.061,-0.638,0.388,-0.503,-0.816,-2.062,-3.631,2.353,5.019923116080676,
320,Ryan Tepera,CHN| CHA| ANA| SLN,RIGHT,RP,20.666666666666668,0,21,17,9,9,2,12,31,0,1,0,0,0,3.919,1.403,0,0,0.0,-1.793,-0.961,-0.503,-0.025,-0.351,-3.634,2.35,5.013522874113723,
321,Alex Young,ARI| CLE| SFN| CIN| NYN,LEFT,SP| RP,46.333333333333336,7,15,51,30,28,11,14,39,2,4,0,0,0,5.439,1.403,3,0,0.065,-0.638,-0.589,-0.503,-1.122,-0.786,-3.638,2.346,5.004989218157784,
322,Jacob Webb,TEX| ATL| ANA| BAL,RIGHT,RP,10.0,0,8,7,2,0,0,5,10,0,0,0,0,0,0.00,1.200,1,0,0.1,-1.793,-1.938,-0.503,0.581,0.007,-3.647,2.337,4.9857884922569236,
323,Daniel Castano,MIA,LEFT,SP,29.666666666666664,6,7,30,12,10,3,11,12,1,2,0,0,0,3.034,1.382,0,1,0.0,-1.215,-1.845,-0.503,0.361,-0.45,-3.652,2.332,4.975121422312,
324,Sean Reid-Foley,TOR| NYN,RIGHT,RP,6.666666666666667,0,5,3,3,1,0,6,6,1,0,0,0,0,1.350,1.350,3,0,0.45,-1.215,-2.124,-0.503,0.251,-0.082,-3.674,2.31,4.92818631455434,
325,Homer Bailey,MIN,RIGHT,SP,8.0,2,2,6,3,3,1,3,7,1,0,0,0,0,3.375,1.125,0,0,0.0,-1.215,-2.078,-0.503,0.056,0.058,-3.683,2.301,4.908985588653479,
326,Nik Turley,PIT,LEFT,RP,21.66666666666667,0,25,13,13,12,1,11,20,0,3,1,0,0,4.985,1.108,0,0,0.0,-1.793,-1.473,-0.24,-0.376,0.189,-3.692,2.292,4.8897848627526175,
327,Tyler Kinley,ATL| COL,RIGHT,RP,23.666666666666668,0,24,13,15,14,2,12,26,0,2,0,0,0,5.324,1.056,0,0,0.0,-1.793,-1.194,-0.503,-0.532,0.313,-3.709,2.275,4.85351682493988,
328,Mitch White,LAN| TOR| MIL| SFN,RIGHT,RP,3.0,0,2,1,0,0,0,1,2,1,0,0,0,0,0.00,0.667,1,0,0.333,-1.215,-2.311,-0.503,0.174,0.141,-3.713,2.271,4.8449831689839415,
329,Edinson Volquez,TEX,RIGHT,RP,5.666666666666667,0,7,6,4,4,0,2,3,2,1,0,0,0,6.353,1.412,1,0,0.176,-0.638,-2.264,-0.503,-0.216,-0.101,-3.721,2.263,4.827915857072065,
330,Cam Bedrosian,ANA| CIN| OAK| PHI,RIGHT,RP,14.66666666666667,0,11,10,4,4,0,6,11,0,0,0,0,0,2.454,1.091,3,2,0.205,-1.793,-1.892,-0.503,0.307,0.15,-3.731,2.253,4.80658171718222,
331,Ben Braymer,WAS,LEFT,RP,7.333333333333333,1,3,7,1,1,0,5,8,1,0,0,0,0,1.227,1.636,0,0,0.0,-1.215,-2.031,-0.503,0.29,-0.274,-3.734,2.25,4.8001814752152665,
332,Jordan Weems,HOU| OAK| ARI| WAS,RIGHT,RP,14.0,0,9,10,5,5,1,7,18,0,0,0,0,0,3.214,1.214,0,0,0.0,-1.793,-1.566,-0.503,0.132,-0.008,-3.738,2.246,4.791647819259328,
333,Ryan Weber,BOS| MIL| SEA| NYA,RIGHT,SP| RP,43.0,5,17,44,23,21,8,14,27,1,3,0,0,0,4.395,1.349,1,1,0.023,-1.215,-1.147,-0.503,-0.362,-0.527,-3.756,2.228,4.753246367457606,
334,Anthony Misiewicz,MIN| SEA| KCA| ARI| DET| NYA,LEFT,RP,19.999999999999996,0,21,20,9,9,2,6,25,0,2,0,0,0,4.050,1.300,1,0,0.05,-1.793,-1.24,-0.503,-0.064,-0.16,-3.761,2.223,4.742579297512682,
335,Dean Kremer,BAL,RIGHT,SP,18.666666666666668,4,4,15,10,10,0,12,22,1,1,0,0,0,4.821,1.446,0,0,0.0,-1.215,-1.38,-0.503,-0.278,-0.388,-3.764,2.22,4.73617905554573,
336,Justin Topa,MIN| MIL| SEA,RIGHT,RP,7.666666666666666,0,6,7,3,2,1,0,12,0,1,0,0,0,2.348,0.913,1,0,0.13,-1.793,-1.845,-0.503,0.173,0.197,-3.772,2.212,4.719111743633853,
337,Ryan Helsley,NYN| SLN,RIGHT,RP,12.0,0,12,8,8,7,3,8,10,1,1,1,0,0,5.250,1.333,0,0,0.0,-1.215,-1.938,-0.24,-0.256,-0.131,-3.781,2.203,4.699911017732991,
338,Dennis Santana,PIT| LAN| TEX| NYN| NYA,RIGHT,RP,17.0,0,12,15,11,10,4,7,18,1,2,0,0,0,5.294,1.294,1,0,0.059,-1.215,-1.566,-0.503,-0.374,-0.127,-3.786,2.198,4.689243947788069,
339,Carl Edwards,ANA| TEX| SEA| ATL| TOR| WAS| SDN,RIGHT,RP,4.666666666666666,0,5,2,1,1,0,1,6,0,0,1,0,0,1.929,0.643,1,0,0.214,-1.793,-2.124,-0.24,0.135,0.23,-3.793,2.191,4.674310049865176,
340,Joey Gerber,TBA| SEA,RIGHT,RP,15.666666666666666,0,17,13,8,7,1,5,6,1,1,0,0,0,4.021,1.149,1,0,0.064,-1.215,-2.124,-0.503,-0.043,0.081,-3.806,2.178,4.646575668008378,
341,T. J. McFarland,ATH| OAK| SLN| NYN,LEFT,RP,20.666666666666668,0,23,26,10,10,5,5,9,2,0,0,0,0,4.355,1.500,1,1,0.048,-0.638,-1.985,-0.503,-0.162,-0.526,-3.813,2.171,4.631641770085485,
342,Caleb Smith,ARI| MIA,LEFT,SP,14.0,4,5,6,4,4,3,12,15,0,0,0,0,0,2.571,1.286,2,1,0.143,-1.793,-1.706,-0.503,0.268,-0.095,-3.828,2.156,4.599640560250718,
343,Casey Sadler,CHN| SEA,RIGHT,RP,19.333333333333332,0,17,15,13,11,3,12,21,1,2,0,0,0,5.121,1.397,1,0,0.052,-1.215,-1.427,-0.503,-0.375,-0.317,-3.838,2.146,4.578306420360871,
344,Taylor Hearn,TEX| ATL| KCA,LEFT,RP,17.333333333333332,0,14,13,8,7,2,11,23,0,0,0,0,0,3.635,1.385,2,1,0.115,-1.793,-1.333,-0.503,0.053,-0.267,-3.843,2.141,4.5676393504159485,
345,Pat Venditte,MIA,LEFT,RP,4.333333333333333,0,3,1,0,0,0,0,5,0,0,0,0,0,0.00,0.231,0,0,0.0,-1.793,-2.171,-0.503,0.252,0.369,-3.847,2.137,4.55910569446001,
346,Logan Webb,SFN,RIGHT,SP| RP,54.33333333333334,11,13,61,38,33,4,24,46,3,4,0,0,0,5.466,1.564,7,4,0.129,-0.06,-0.263,-0.503,-1.338,-1.686,-3.851,2.133,4.550572038504073,
347,Luis Garcia,HOU,RIGHT,RP,12.333333333333334,1,5,7,4,4,1,5,9,0,1,0,0,0,2.919,0.973,0,0,0.0,-1.793,-1.985,-0.503,0.171,0.252,-3.857,2.127,4.537771554570164,
348,Anthony Kay,TOR| CHN| NYN,LEFT,RP,21.000000000000004,0,13,22,13,12,3,14,22,2,0,0,0,0,5.143,1.714,0,1,0.0,-0.638,-1.38,-0.503,-0.414,-0.926,-3.861,2.1229999999999998,4.529237898614226,
349,Geoff Hartlieb,DET| NYA| PIT| NYN| MIA| COL,RIGHT,RP,22.333333333333336,0,21,16,11,9,1,19,19,1,0,0,0,0,3.627,1.567,0,0,0.0,-1.215,-1.52,-0.503,0.071,-0.699,-3.865,2.1189999999999998,4.5207042426582875,
350,Jake Woodford,ARI| SLN| CHA| PIT,RIGHT,RP,21.0,1,12,20,13,13,7,5,16,1,0,0,0,0,5.571,1.190,0,0,0.0,-1.215,-1.659,-0.503,-0.551,0.032,-3.896,2.088,4.4545684089997675,
351,Jace Fry,CHA,LEFT,RP,19.666666666666664,0,18,16,9,8,3,12,24,0,1,0,0,0,3.661,1.424,0,1,0.0,-1.793,-1.287,-0.503,0.053,-0.369,-3.9,2.084,4.446034753043829,
352,Vince Velasquez,PHI| SDN| CHA| PIT,RIGHT,SP| RP,34.0,7,9,36,21,21,5,17,46,1,1,0,0,0,5.559,1.559,1,1,0.029,-1.215,-0.263,-0.503,-0.885,-1.039,-3.906,2.078,4.433234269109921,
353,Bryse Wilson,CHA| ATL| PIT| MIL,RIGHT,SP| RP,15.666666666666668,2,6,18,7,7,2,9,15,1,0,1,0,0,4.021,1.723,0,0,0.0,-1.215,-1.706,-0.24,-0.043,-0.703,-3.907,2.077,4.4311008551209365,
354,Nick Pivetta,SDN| BOS| PHI,RIGHT,SP| RP,15.666666666666668,2,5,18,12,12,4,6,17,2,0,0,0,0,6.894,1.532,1,0,0.064,-0.638,-1.613,-0.503,-0.724,-0.442,-3.919,2.065,4.4054998872531215,
355,Kyle Ryan,CHN,LEFT,RP,15.666666666666668,0,18,16,9,9,5,6,11,1,0,1,0,0,5.170,1.404,1,0,0.064,-1.215,-1.892,-0.24,-0.316,-0.268,-3.93,2.054,4.382032333374291,
356,Alex Claudio,MIL| ANA| NYN,LEFT,RP,19.0,0,20,18,10,9,2,6,15,0,0,1,0,0,4.263,1.263,0,0,0.0,-1.793,-1.706,-0.24,-0.122,-0.091,-3.952,2.032,4.335097225616631,
357,Devin Smeltzer,MIN| MIA,LEFT,RP,16.0,1,7,19,12,12,2,5,15,2,0,0,0,0,6.750,1.500,0,1,0.0,-0.638,-1.706,-0.503,-0.705,-0.407,-3.958,2.026,4.322296741682724,
358,Duane Underwood,CHN| PIT,RIGHT,RP,20.666666666666664,0,17,25,13,13,5,6,27,1,0,0,0,0,5.661,1.500,3,0,0.145,-1.215,-1.147,-0.503,-0.57,-0.526,-3.961,2.023,4.3158964997157705,
359,Nabil Crismatt,ARI| SLN| SDN| LAN,RIGHT,RP,8.333333333333332,0,6,6,3,3,2,1,8,0,0,0,0,0,3.240,0.840,0,0,0.0,-1.793,-2.031,-0.503,0.075,0.267,-3.985,1.999,4.264694563980141,
360,Roberto Osuna,HOU,RIGHT,RP,4.333333333333333,0,4,3,1,1,0,0,3,0,0,1,0,0,2.077,0.692,0,0,0.0,-1.793,-2.264,-0.24,0.115,0.195,-3.987,1.9969999999999999,4.260427736002171,
361,Patrick Sandoval,ANA,LEFT,SP| RP,36.666666666666664,6,9,37,26,23,10,12,33,1,5,0,0,0,5.646,1.336,1,0,0.027,-1.215,-0.868,-0.503,-1.002,-0.41,-3.999,1.9849999999999999,4.234826768134357,
362,Will Harris,WAS,RIGHT,RP,17.666666666666664,0,20,21,9,6,3,9,21,0,1,1,0,0,3.057,1.698,3,0,0.17,-1.793,-1.427,-0.24,0.209,-0.754,-4.005,1.979,4.2220262842004495,
363,Kendall Graveman,ARI| SEA| HOU| CHA,RIGHT,SP| RP,18.666666666666668,2,11,15,13,12,2,8,15,1,3,0,0,0,5.786,1.232,1,0,0.054,-1.215,-1.706,-0.503,-0.55,-0.039,-4.013,1.971,4.204958972288574,
364,Jesus Tinoco,MIA| COL| TEX| CHN,RIGHT,RP,8.666666666666666,0,6,3,1,1,0,7,6,0,0,0,0,0,1.038,1.154,0,1,0.0,-1.793,-2.124,-0.503,0.367,0.041,-4.013,1.971,4.204958972288574,
365,Miguel Yajure,NYA| PIT,RIGHT,RP,7.0,0,3,3,1,1,1,5,8,0,0,0,0,0,1.286,1.143,0,0,0.0,-1.793,-2.031,-0.503,0.27,0.04,-4.018,1.9660000000000002,4.19429190234365,
366,Andrew Chafin,ANA| WAS| ARI| CHN| OAK| DET| MIL| TEX,LEFT,RP,9.666666666666668,0,15,11,7,7,2,5,13,1,2,1,0,0,6.517,1.655,0,1,0.0,-1.215,-1.799,-0.24,-0.392,-0.376,-4.022,1.9619999999999997,4.185758246387712,
367,Evan Phillips,LAN| BAL| TBA,RIGHT,RP,14.333333333333336,0,14,14,8,8,1,10,20,1,1,0,0,0,5.023,1.674,2,0,0.14,-1.215,-1.473,-0.503,-0.257,-0.582,-4.031,1.9530000000000003,4.166557520486852,
368,Taylor Widener,ARI,RIGHT,RP,20.0,0,12,14,10,10,5,12,22,0,1,0,0,0,4.500,1.300,1,0,0.05,-1.793,-1.38,-0.503,-0.2,-0.16,-4.037,1.947,4.1537570365529435,
369,Seth Elledge,SLN,RIGHT,RP,11.666666666666666,0,12,11,6,6,2,8,14,1,0,0,0,0,4.629,1.629,0,2,0.0,-1.215,-1.752,-0.503,-0.14,-0.427,-4.038,1.9459999999999997,4.1516236225639584,
370,Josh Osich,BOS| CHN| CIN,LEFT,RP,18.33333333333333,1,17,21,16,13,6,5,24,1,1,0,0,0,6.382,1.418,1,1,0.055,-1.215,-1.287,-0.503,-0.705,-0.336,-4.046,1.9379999999999997,4.134556310652082,
371,Colin Rea,CHN| MIL,RIGHT,SP| RP,14.0,2,9,15,9,9,3,2,10,1,1,0,0,0,5.786,1.214,1,0,0.071,-1.215,-1.938,-0.503,-0.412,-0.008,-4.077,1.907,4.068420476993561,
372,Kyle Wright,ATL,RIGHT,SP,38.0,8,8,35,23,22,7,24,30,2,4,0,0,0,5.210,1.553,6,0,0.158,-0.638,-1.008,-0.503,-0.789,-1.14,-4.078,1.9059999999999997,4.066287063004576,
373,Shaun Anderson,ANA| SFN| BAL| MIN| SDN| TOR| MIA| TEX,RIGHT,RP,15.333333333333334,0,18,10,6,6,3,12,18,0,0,0,0,0,3.522,1.435,0,1,0.0,-1.793,-1.566,-0.503,0.073,-0.303,-4.092,1.8920000000000003,4.036419267158793,
374,Kodi Whitley,SLN,RIGHT,RP,4.666666666666667,0,4,2,1,1,1,1,5,0,0,0,0,0,1.929,0.643,0,0,0.0,-1.793,-2.171,-0.503,0.135,0.23,-4.103,1.8810000000000002,4.012951713279963,
375,Nick Nelson,NYA| PHI,RIGHT,RP,20.666666666666668,0,11,20,13,11,4,11,18,1,0,0,0,0,4.790,1.500,1,0,0.048,-1.215,-1.566,-0.503,-0.298,-0.526,-4.108,1.8760000000000003,4.002284643335041,
376,Joel Kuhnel,CIN| HOU| TBA,RIGHT,RP,3.0,0,3,4,2,2,2,0,3,1,0,0,0,0,6.000,1.333,0,0,0.0,-1.215,-2.264,-0.503,-0.098,-0.033,-4.113,1.8709999999999996,3.991617573390116,
377,Jose Ruiz,ATL| PHI| CHA| ARI,RIGHT,RP,4.0,0,5,2,1,1,1,0,5,0,0,0,0,0,2.250,0.500,0,0,0.0,-1.793,-2.171,-0.503,0.096,0.247,-4.124,1.8600000000000003,3.9681500195112873,
378,Stephen Tarpley,MIA| NYN,LEFT,RP,11.0,0,12,11,12,11,2,8,11,2,2,1,0,0,9.000,1.727,1,0,0.091,-0.638,-1.892,-0.24,-0.859,-0.497,-4.126,1.8579999999999997,3.963883191533317,
379,Branden Kline,BAL,RIGHT,RP,5.0,0,3,2,1,1,0,3,7,0,0,0,0,0,1.800,1.000,0,0,0.0,-1.793,-2.078,-0.503,0.154,0.091,-4.129,1.8550000000000004,3.957482949566365,
380,Austin Brice,BOS| PIT,RIGHT,RP,19.666666666666664,1,21,17,13,13,3,13,25,1,0,0,0,0,5.949,1.525,2,1,0.102,-1.215,-1.24,-0.503,-0.628,-0.544,-4.131,1.8529999999999998,3.9532161215883943,
381,Andrew Kittredge,BAL| CHN| TBA| SLN,RIGHT,RP,8.0,1,8,8,2,2,0,2,3,0,0,1,0,0,2.250,1.250,1,0,0.125,-1.793,-2.264,-0.24,0.192,-0.029,-4.134,1.8499999999999996,3.94681587962144,
382,Oliver Drake,TBA,RIGHT,RP,10.999999999999998,0,11,7,8,7,2,6,7,0,2,2,0,0,5.727,1.182,1,0,0.091,-1.793,-2.078,0.023,-0.314,0.025,-4.137,1.8470000000000004,3.940415637654488,
383,Jacob Barnes,TOR| ANA| NYN| DET| NYA| SLN| WAS,RIGHT,RP,18.0,0,18,19,13,11,1,4,24,0,2,0,0,0,5.500,1.278,1,0,0.056,-1.793,-1.287,-0.503,-0.452,-0.109,-4.145,1.8390000000000004,3.923348325742612,
384,Julian Merryweather,CHN| TOR,RIGHT,SP| RP,13.0,3,8,11,6,6,0,6,15,0,0,0,0,0,4.154,1.308,0,0,0.0,-1.793,-1.706,-0.503,-0.062,-0.113,-4.177,1.8070000000000004,3.8550790780951054,
385,Matt Boyd,CHN| DET| SEA| CLE,LEFT,SP,60.333333333333336,12,12,67,46,45,15,22,60,3,7,0,0,0,6.713,1.475,1,1,0.017,-0.06,0.388,-0.503,-2.623,-1.404,-4.202,1.782,3.8017437283704907,
386,Alex McRae,CHA,RIGHT,RP,3.0,0,2,1,0,0,0,0,2,0,0,0,0,0,0.00,0.333,0,0,0.0,-1.793,-2.311,-0.503,0.174,0.229,-4.204,1.7800000000000002,3.797476900392522,
387,Joe Kelly,LAN| CHA,RIGHT,RP,10.0,1,12,8,3,2,0,7,9,0,0,0,0,0,1.800,1.500,0,1,0.0,-1.793,-1.985,-0.503,0.308,-0.254,-4.227,1.7569999999999997,3.748408378645876,
388,Brandon Leibrandt,MIA| CIN,LEFT,RP,9.0,0,5,3,2,2,0,7,3,0,0,0,0,0,2.000,1.111,0,0,0.0,-1.793,-2.264,-0.503,0.25,0.076,-4.234,1.75,3.7334744807229847,
389,Trevor Rogers,BAL| MIA,LEFT,SP,28.0,7,7,32,20,19,5,13,39,1,2,0,0,0,6.107,1.607,3,0,0.107,-1.215,-0.589,-0.503,-0.961,-0.973,-4.242,1.742,3.716407168811108,
390,James Paxton,NYA| SEA| BOS| LAN,LEFT,SP,20.333333333333332,5,5,23,17,15,4,7,26,1,1,0,0,0,6.639,1.475,0,0,0.0,-1.215,-1.194,-0.503,-0.862,-0.474,-4.247,1.737,3.7057400988661855,
391,Demarcus Evans,TEX,RIGHT,RP,4.0,0,4,3,1,1,1,0,4,0,0,0,0,0,2.250,0.750,0,0,0.0,-1.793,-2.217,-0.503,0.096,0.16,-4.258,1.726,3.682272544987355,
392,Drew Rasmussen,TBA| MIL,RIGHT,RP,15.333333333333332,0,12,17,10,10,3,9,21,1,0,0,0,0,5.870,1.696,0,0,0.0,-1.215,-1.427,-0.503,-0.471,-0.651,-4.267,1.7169999999999996,3.6630718190864933,
393,Kyle Gibson,BAL| TEX| PHI| SLN,RIGHT,SP,67.33333333333333,12,12,73,44,40,12,30,58,2,6,0,0,0,5.346,1.530,5,3,0.074,-0.638,0.295,-0.503,-1.536,-1.886,-4.269,1.7149999999999999,3.6588049911085245,
394,Josh Sborz,LAN| TEX,RIGHT,RP,4.333333333333333,0,4,2,1,1,1,1,2,0,0,0,0,0,2.077,0.692,0,0,0.0,-1.793,-2.311,-0.503,0.115,0.195,-4.297,1.6870000000000003,3.599069399416958,
395,Braxton Garrett,MIA,LEFT,SP,7.666666666666666,2,2,8,6,5,3,5,8,1,1,0,0,0,5.870,1.696,0,0,0.0,-1.215,-2.031,-0.503,-0.236,-0.326,-4.311,1.673,3.5692016035711736,
396,David Hale,NYA| PHI,RIGHT,SP| RP,17.0,2,11,23,7,7,2,4,14,0,0,1,0,0,3.706,1.588,1,0,0.059,-1.793,-1.752,-0.24,0.034,-0.563,-4.314,1.67,3.5628013616042193,
397,Carson Fulmer,ANA| BAL| DET| CIN,RIGHT,RP,10.333333333333334,0,10,8,5,5,1,5,11,0,0,0,0,0,4.355,1.258,0,0,0.0,-1.793,-1.892,-0.503,-0.081,-0.045,-4.314,1.67,3.5628013616042193,
398,Patrick Murphy,TOR| WAS,RIGHT,RP,6.0,0,4,6,1,1,0,2,5,0,0,0,0,0,1.500,1.333,0,0,0.0,-1.793,-2.171,-0.503,0.212,-0.065,-4.32,1.6639999999999997,3.550000877670312,
399,Chris Mazza,BOS| TBA,RIGHT,SP| RP,30.0,6,9,34,18,16,3,15,29,1,2,0,0,0,4.800,1.633,4,1,0.133,-1.215,-1.054,-0.503,-0.437,-1.111,-4.321,1.6630000000000003,3.547867463681328,
400,Jose Quintana,MIL| CHN| ANA| SFN| PIT| SLN| NYN,LEFT,RP,10.0,1,4,10,5,5,1,3,12,0,0,0,0,0,4.500,1.300,0,1,0.0,-1.793,-1.845,-0.503,-0.1,-0.08,-4.322,1.662,3.545734049692343,
401,Ben Heller,NYA| ATL| PIT,RIGHT,RP,5.999999999999999,0,6,5,2,2,2,2,6,0,0,0,0,0,3.000,1.167,0,0,0.0,-1.793,-2.124,-0.503,0.076,0.022,-4.323,1.6609999999999996,3.5436006357033576,
402,Joe Harvey,COL,RIGHT,RP,3.3333333333333335,0,4,3,0,0,0,0,2,0,0,0,0,0,0.00,0.900,0,0,0.0,-1.793,-2.311,-0.503,0.194,0.089,-4.324,1.6600000000000001,3.5414672217143743,
403,Walker Lockett,NYN| SEA,RIGHT,RP,16.333333333333336,1,7,21,9,9,2,4,11,1,0,0,0,0,4.959,1.531,0,1,0.0,-1.215,-1.892,-0.503,-0.277,-0.459,-4.346,1.638,3.4945321139567134,
404,Jared Hughes,NYN,RIGHT,RP,22.333333333333336,0,18,23,17,12,3,14,21,1,2,0,0,0,4.836,1.657,2,0,0.09,-1.215,-1.427,-0.503,-0.337,-0.873,-4.355,1.6289999999999996,3.4753313880558516,
405,Yonny Chirinos,TBA| ATL| MIA,RIGHT,SP,11.333333333333334,3,3,14,4,3,2,4,10,0,0,0,0,0,2.382,1.588,0,1,0.0,-1.793,-1.938,-0.503,0.25,-0.375,-4.36,1.6239999999999997,3.464664318110929,
406,Rob Kaminsky,SLN,LEFT,RP,4.666666666666667,0,5,3,3,1,0,2,3,0,0,0,0,0,1.929,1.071,0,0,0.0,-1.793,-2.264,-0.503,0.135,0.056,-4.37,1.6139999999999999,3.443330178221084,
407,Brandon Bailey,HOU,RIGHT,RP,7.333333333333334,0,5,6,2,2,1,3,4,0,0,0,0,0,2.454,1.227,0,1,0.0,-1.793,-2.217,-0.503,0.153,-0.012,-4.373,1.6109999999999998,3.43692993625413,
408,Trevor Gott,SFN| MIL| NYN| SEA,RIGHT,RP,11.666666666666666,0,15,13,13,13,7,8,8,1,2,4,0,0,10.029,1.800,0,0,0.0,-1.215,-2.031,0.55,-1.092,-0.601,-4.39,1.5940000000000003,3.4006618984413937,
409,Brady Lail,CHA| SEA,RIGHT,RP,16.333333333333332,0,8,14,8,8,5,7,12,0,0,0,0,0,4.408,1.286,2,0,0.122,-1.793,-1.845,-0.503,-0.141,-0.111,-4.393,1.5910000000000002,3.3942616564744394,
410,Jose Alvarez,PHI| SFN,LEFT,RP,6.333333333333333,0,8,7,1,1,0,3,6,0,0,0,0,0,1.421,1.579,1,1,0.158,-1.793,-2.124,-0.503,0.232,-0.205,-4.394,1.5899999999999999,3.3921282424854544,
411,Corey Oswalt,NYN,RIGHT,RP,12.999999999999998,1,4,14,7,7,3,2,11,0,0,0,0,0,4.846,1.231,2,0,0.154,-1.793,-1.892,-0.503,-0.198,-0.026,-4.412,1.572,3.3537267906837327,
412,Hunter Harvey,KCA| BAL| WAS,RIGHT,RP,8.666666666666666,0,10,8,6,4,2,2,6,0,2,0,0,0,4.154,1.154,0,1,0.0,-1.793,-2.124,-0.503,-0.041,0.041,-4.421,1.5629999999999997,3.334526064782871,
413,Nate Pearson,CHN| TOR,RIGHT,SP,18.000000000000004,4,5,14,15,12,5,13,16,1,0,0,0,0,6.000,1.500,3,0,0.167,-1.215,-1.659,-0.503,-0.589,-0.458,-4.424,1.5599999999999996,3.328125822815917,
414,Austin Adams,SDN| ARI| OAK,RIGHT,RP,4.0,0,3,3,2,2,1,2,7,0,0,0,0,0,4.500,1.250,0,0,0.0,-1.793,-2.078,-0.503,-0.04,-0.015,-4.429,1.5549999999999997,3.3174587528709942,
415,Nick Ramirez,DET| SDN| NYA| LAN,LEFT,RP,10.666666666666668,0,5,8,7,7,3,4,11,0,0,0,0,0,5.906,1.125,0,0,0.0,-1.793,-1.892,-0.503,-0.334,0.077,-4.445,1.5389999999999997,3.2833241290472412,
416,John King,SLN| TEX,LEFT,RP,10.333333333333334,0,6,13,8,7,2,4,9,1,0,0,0,0,6.097,1.645,1,0,0.097,-1.215,-1.985,-0.503,-0.353,-0.393,-4.45,1.5339999999999998,3.2726570591023187,
417,J. P. Feyereisen,ARI| LAN| MIL| TBA,RIGHT,RP,9.333333333333332,0,6,4,6,6,3,5,7,0,0,0,0,0,5.786,0.964,0,0,0.0,-1.793,-2.078,-0.503,-0.275,0.198,-4.451,1.5330000000000004,3.2705236451133355,
418,Tyler Thornburg,CIN| ATL| MIN,RIGHT,RP,7.0,0,7,6,3,3,0,5,10,0,0,0,0,0,3.857,1.571,1,0,0.143,-1.793,-1.938,-0.503,-0.002,-0.222,-4.458,1.5259999999999998,3.255589747190442,
419,Rico Garcia,BAL| NYA| NYN| SFN| OAK| WAS,RIGHT,RP,10.0,0,12,13,6,6,1,4,7,1,1,0,0,0,5.400,1.700,0,0,0.0,-1.215,-2.078,-0.503,-0.236,-0.428,-4.461,1.5229999999999997,3.2491895052234883,
420,Brad Brach,NYN| CIN,RIGHT,RP,12.333333333333334,0,14,8,8,8,2,14,14,1,0,0,0,0,5.838,1.784,0,1,0.0,-1.215,-1.752,-0.503,-0.373,-0.618,-4.462,1.5220000000000002,3.247056091234505,
421,Luis Patino,SDN| TBA| CHA,RIGHT,RP,17.333333333333336,1,11,18,10,10,3,14,21,1,0,0,0,0,5.192,1.846,1,0,0.058,-1.215,-1.427,-0.503,-0.355,-0.963,-4.463,1.521,3.2449226772455195,
422,Domingo Tapia,BOS| KCA| SEA| OAK| SDN,RIGHT,RP,4.333333333333333,0,5,4,1,1,1,2,4,0,0,0,0,0,2.077,1.385,0,0,0.0,-1.793,-2.217,-0.503,0.115,-0.067,-4.465,1.5190000000000001,3.240655849267551,
423,Yoshihisa Hirano,SEA,RIGHT,RP,12.333333333333334,0,13,18,9,8,2,8,11,0,1,4,0,0,5.838,2.108,0,0,0.0,-1.793,-1.892,0.55,-0.373,-0.967,-4.474,1.5099999999999998,3.221455123366689,
424,Michael Soroka,CHN| WAS| ATL| CHA,RIGHT,SP,13.666666666666666,3,3,11,7,6,0,7,8,0,1,0,0,0,3.951,1.317,0,0,0.0,-1.793,-2.031,-0.503,-0.023,-0.13,-4.481,1.5030000000000001,3.206521225443798,
425,Blake Cederlind,PIT,RIGHT,RP,4.0,0,5,3,2,2,0,1,4,0,0,0,0,0,4.500,1.000,0,0,0.0,-1.793,-2.217,-0.503,-0.04,0.072,-4.481,1.5030000000000001,3.206521225443798,
426,Heath Hembree,BOS| PHI| CIN| NYN| LAN| PIT| TBA,RIGHT,RP,18.999999999999993,0,22,26,19,19,9,8,20,3,0,0,0,0,9.000,1.790,5,0,0.263,-0.06,-1.473,-0.503,-1.483,-0.962,-4.482,1.5019999999999998,3.2043878114548128,
427,Jhoulys Chacin,ATL| COL,RIGHT,RP,5.0,0,2,6,4,4,1,3,3,1,0,0,0,0,7.200,1.800,1,0,0.2,-1.215,-2.264,-0.503,-0.254,-0.258,-4.495,1.4889999999999999,3.1766534295980136,
428,Sam Freeman,WAS,LEFT,RP,5.0,0,7,2,1,1,0,7,6,0,0,0,0,0,1.800,1.800,0,0,0.0,-1.793,-2.124,-0.503,0.154,-0.258,-4.524,1.46,3.1147844239174614,
429,James Bourque,WAS,RIGHT,RP,3.9999999999999996,0,6,3,3,3,1,5,1,1,0,0,0,0,6.750,2.000,0,0,0.0,-1.215,-2.357,-0.503,-0.176,-0.276,-4.528,1.4560000000000004,3.1062507679615243,
430,Kyle Crick,PIT| CHA,RIGHT,RP,5.666666666666667,0,7,7,6,1,0,4,7,0,1,0,0,0,1.588,1.941,1,0,0.176,-1.793,-2.078,-0.503,0.193,-0.362,-4.543,1.4409999999999998,3.0742495581267546,
431,Brandon Waddell,NYN| PIT| BAL| MIN| SLN,LEFT,RP,3.333333333333333,0,2,2,1,1,0,2,2,0,0,0,0,0,2.700,1.200,0,0,0.0,-1.793,-2.311,-0.503,0.057,0.002,-4.547,1.4370000000000003,3.065715902170817,
432,Deolis Guerra,PHI| OAK,RIGHT,RP,7.333333333333333,0,9,10,9,7,3,2,8,1,3,0,0,0,8.591,1.636,0,0,0.0,-1.215,-2.031,-0.503,-0.527,-0.274,-4.551,1.4329999999999998,3.057182246214878,
433,Derek Holland,PIT| DET,LEFT,SP| RP,40.66666666666667,5,12,42,33,31,12,15,45,1,3,0,0,0,6.861,1.402,0,1,0.0,-1.215,-0.31,-0.503,-1.859,-0.686,-4.573,1.4109999999999996,3.010247138457217,
434,Adam Cimber,CLE| MIA| TOR| ANA,RIGHT,RP,11.333333333333332,0,14,13,5,5,1,2,5,0,1,0,0,0,3.971,1.323,2,0,0.176,-1.793,-2.171,-0.503,-0.023,-0.114,-4.604,1.38,2.9441113047986964,
435,Drew Smith,NYN,RIGHT,RP,7.0,0,8,6,6,5,2,2,7,0,1,0,0,0,6.429,1.143,0,0,0.0,-1.793,-2.078,-0.503,-0.274,0.04,-4.609,1.375,2.9334442348537735,
436,Luis Perdomo,SDN| MIL,RIGHT,RP,17.333333333333332,1,10,13,12,11,3,10,16,0,0,0,0,0,5.712,1.327,1,0,0.058,-1.793,-1.659,-0.503,-0.491,-0.18,-4.626,1.3579999999999997,2.8971761970410355,
437,Rex Brothers,CHN,LEFT,RP,3.333333333333333,0,3,2,3,3,2,3,8,0,0,0,0,0,8.100,1.500,0,0,0.0,-1.793,-2.031,-0.503,-0.215,-0.085,-4.627,1.3570000000000002,2.895042783052052,
438,Brandon Brennan,SEA| BOS,RIGHT,RP,7.333333333333333,0,5,7,3,3,2,5,7,0,0,0,0,0,3.682,1.636,1,0,0.136,-1.793,-2.078,-0.503,0.017,-0.274,-4.63,1.354,2.888642541085098,
439,Ray Black,MIL,RIGHT,RP,3.0,0,3,2,1,1,0,3,3,0,0,0,0,0,3.000,1.667,0,0,0.0,-1.793,-2.264,-0.503,0.038,-0.12,-4.642,1.3419999999999996,2.8630415732172825,
440,Cody Reed,CIN| TBA,LEFT,RP,12.0,0,11,11,6,6,2,8,12,0,1,0,0,0,4.500,1.583,0,0,0.0,-1.793,-1.845,-0.503,-0.12,-0.392,-4.654,1.33,2.8374406053494687,
441,Adonis Medina,PHI| NYN,RIGHT,P,4.0,1,1,3,2,2,0,3,4,0,1,0,0,0,4.500,1.500,0,0,0.0,-1.793,-2.217,-0.503,-0.04,-0.102,-4.655,1.3289999999999997,2.8353071913604833,
442,Luke Bard,ANA| NYA| TBA,RIGHT,RP,5.333333333333333,0,6,7,4,4,2,0,7,0,0,0,0,0,6.750,1.312,1,0,0.188,-1.793,-2.078,-0.503,-0.235,-0.049,-4.658,1.3259999999999996,2.8289069493935295,
443,Sean Poppen,MIN| ARI| PIT| TBA,RIGHT,RP,7.666666666666667,0,6,9,4,4,0,4,10,0,0,0,0,0,4.696,1.696,2,0,0.261,-1.793,-1.938,-0.503,-0.099,-0.326,-4.66,1.3239999999999998,2.8246401214155608,
444,Mike Montgomery,KCA,LEFT,RP,5.333333333333334,1,3,6,5,3,1,1,4,0,0,0,0,0,5.062,1.312,1,0,0.187,-1.793,-2.217,-0.503,-0.099,-0.049,-4.661,1.3230000000000004,2.8225067074265775,
445,Taylor Guilbeau,SEA,LEFT,RP,7.666666666666666,0,8,8,1,1,0,6,3,0,0,0,0,0,1.174,1.826,1,0,0.13,-1.793,-2.264,-0.503,0.309,-0.413,-4.664,1.3200000000000003,2.8161064654596233,
446,Adam Morgan,PHI| CHN,LEFT,RP,13.0,0,17,14,8,8,3,6,16,0,1,0,0,0,5.538,1.538,0,0,0.0,-1.793,-1.659,-0.503,-0.334,-0.374,-4.664,1.3200000000000003,2.8161064654596233,
447,Paolo Espino,WAS| TOR,RIGHT,P,6.0,1,2,8,3,3,1,2,7,0,0,0,0,0,4.500,1.667,0,0,0.0,-1.793,-2.078,-0.503,-0.06,-0.24,-4.674,1.3099999999999996,2.7947723255697765,
448,Brandon Bielak,HOU| OAK,RIGHT,SP| RP,32.0,6,12,39,26,24,9,17,26,3,3,0,0,0,6.750,1.750,6,0,0.188,-0.06,-1.194,-0.503,-1.409,-1.51,-4.677,1.3070000000000004,2.788372083602824,
449,Luis Avilan,NYA| WAS,LEFT,RP,8.333333333333332,0,10,9,4,4,2,5,9,0,0,0,0,0,4.320,1.680,1,0,0.12,-1.793,-1.985,-0.503,-0.061,-0.343,-4.684,1.2999999999999998,2.773438185679931,
450,Austin Voth,WAS| BAL| SEA,RIGHT,SP,49.66666666666667,11,11,57,36,35,14,18,44,2,5,0,0,0,6.342,1.510,4,1,0.081,-0.638,-0.356,-0.503,-1.881,-1.307,-4.685,1.2990000000000004,2.771304771690948,
451,Joel Payamps,ATL| MIL| ARI| KCA| TOR| OAK,RIGHT,RP,3.0,0,2,2,2,1,0,3,2,0,0,0,0,0,3.000,1.667,0,0,0.0,-1.793,-2.311,-0.503,0.038,-0.12,-4.689,1.295,2.7627711157350086,
452,Cionel Perez,BAL| HOU| CIN,LEFT,RP,6.333333333333334,0,7,7,2,2,0,6,8,0,0,0,0,0,2.842,2.053,0,0,0.0,-1.793,-2.031,-0.503,0.095,-0.466,-4.698,1.2859999999999996,2.743570389834147,
453,Steve Cishek,CHA| ANA| WAS,RIGHT,RP,20.000000000000004,0,22,21,12,12,4,9,21,0,0,0,0,0,5.400,1.500,0,0,0.0,-1.793,-1.427,-0.503,-0.473,-0.509,-4.704,1.2800000000000002,2.7307699059002406,
454,Anibal Sanchez,WAS,RIGHT,SP,53.00000000000001,11,11,70,40,39,11,18,43,4,5,0,0,0,6.623,1.660,11,2,0.208,0.518,-0.403,-0.503,-2.232,-2.088,-4.709,1.2750000000000004,2.720102835955318,
455,Tyson Miller,CHN| TEX| LAN| MIL| NYN| SEA,RIGHT,P,5.0,1,2,2,3,3,1,3,0,0,0,0,0,0,5.400,1.000,0,0,0.0,-1.793,-2.404,-0.503,-0.118,0.091,-4.727,1.2569999999999997,2.6817013841535946,
456,Daniel Mengden,OAK| KCA,RIGHT,RP,12.333333333333334,1,4,14,5,5,2,7,10,0,1,0,0,0,3.649,1.703,1,0,0.081,-1.793,-1.938,-0.503,0.035,-0.531,-4.73,1.2539999999999996,2.675301142186641,
457,Josh Taylor,BOS| KCA,LEFT,RP,7.333333333333333,0,8,7,8,8,2,5,7,1,1,0,0,0,9.818,1.636,0,0,0.0,-1.215,-2.078,-0.503,-0.663,-0.274,-4.733,1.2510000000000003,2.668900900219689,
458,Adrian Houser,CHA| TBA| MIL| NYN,RIGHT,SP,56.0,11,12,63,41,33,8,21,44,1,6,0,0,0,5.304,1.500,4,5,0.071,-1.215,-0.356,-0.503,-1.241,-1.424,-4.74,1.2439999999999998,2.6539670022967954,
459,Andrew Suarez,SFN| SLN,LEFT,RP,9.666666666666666,0,6,9,4,4,1,6,5,0,0,0,0,0,3.724,1.552,0,0,0.0,-1.793,-2.171,-0.503,0.017,-0.289,-4.74,1.2439999999999998,2.6539670022967954,
460,Spencer Howard,PHI| TEX| CLE| SFN,RIGHT,SP,24.333333333333332,6,6,30,17,16,6,10,23,1,2,0,0,0,5.918,1.644,1,0,0.041,-1.215,-1.333,-0.503,-0.765,-0.924,-4.741,1.2430000000000003,2.651833588307812,
461,Bruce Zimmermann,MIL| BAL,LEFT,P,7.0,1,2,6,6,6,2,2,7,0,0,0,0,0,7.714,1.143,0,0,0.0,-1.793,-2.078,-0.503,-0.41,0.04,-4.745,1.2389999999999999,2.643299932351873,
462,Jose Alvarado,PHI| TBA,LEFT,RP,8.999999999999998,0,9,9,7,6,2,6,13,0,0,0,0,0,6.000,1.667,1,0,0.111,-1.793,-1.799,-0.503,-0.294,-0.359,-4.749,1.2350000000000003,2.6347662763959354,
463,Keynan Middleton,ANA| SEA| ARI| CHA| NYA,RIGHT,RP,12.0,0,13,12,8,7,2,6,11,0,1,0,0,0,5.250,1.500,3,0,0.25,-1.793,-1.892,-0.503,-0.256,-0.305,-4.749,1.2350000000000003,2.6347662763959354,
464,Javy Guerra,WAS,RIGHT,RP,15.666666666666668,0,14,19,7,7,2,7,13,0,0,0,0,0,4.021,1.660,0,0,0.0,-1.793,-1.799,-0.503,-0.043,-0.616,-4.754,1.2300000000000004,2.624099206451013,
465,Brian Moran,MIA| TOR| ANA,LEFT,RP,4.666666666666666,0,7,6,5,5,1,6,7,1,0,0,0,0,9.643,2.571,2,0,0.429,-1.215,-2.078,-0.503,-0.41,-0.554,-4.76,1.2240000000000002,2.6112987225171054,
466,Matt Magill,SEA,RIGHT,RP,10.333333333333332,0,11,9,7,7,3,6,11,0,1,0,0,0,6.097,1.452,0,0,0.0,-1.793,-1.892,-0.503,-0.353,-0.219,-4.76,1.2240000000000002,2.6112987225171054,
467,Rick Porcello,NYN,RIGHT,SP,59.0,12,12,74,41,37,5,15,54,1,7,0,0,0,5.644,1.508,4,0,0.068,-1.215,0.109,-0.503,-1.612,-1.544,-4.765,1.2190000000000003,2.6006316525721824,
468,Ljay Newsome,SEA,RIGHT,SP,15.666666666666668,4,5,20,9,9,4,1,9,0,1,0,0,0,5.170,1.340,0,0,0.0,-1.793,-1.985,-0.503,-0.316,-0.181,-4.777,1.2069999999999999,2.575030684704367,
469,Ken Giles,TOR| SEA,RIGHT,RP,3.6666666666666665,0,4,4,4,4,2,4,6,0,0,1,0,0,9.818,2.182,0,0,0.0,-1.793,-2.124,-0.24,-0.332,-0.311,-4.8,1.1840000000000002,2.5259621629577227,
470,Beau Burrows,DET| MIN,RIGHT,RP,6.666666666666667,0,5,8,4,4,3,1,3,0,0,0,0,0,5.400,1.350,0,0,0.0,-1.793,-2.264,-0.503,-0.158,-0.082,-4.8,1.1840000000000002,2.5259621629577227,
471,Cole Hamels,ATL,LEFT,P,3.3333333333333335,1,1,3,3,3,0,1,2,0,1,0,0,0,8.100,1.200,0,0,0.0,-1.793,-2.311,-0.503,-0.215,0.002,-4.819,1.165,2.4854272971670155,
472,Gio Gonzalez,CHA,LEFT,SP| RP,31.666666666666664,4,12,40,19,17,6,19,34,1,2,0,0,0,4.832,1.863,0,1,0.0,-1.215,-0.822,-0.503,-0.476,-1.807,-4.823,1.1609999999999996,2.4768936412110762,
473,Logan Allen,CLE| BAL| ARI,LEFT,RP,10.666666666666668,0,3,12,4,4,1,7,7,0,0,0,0,0,3.375,1.781,1,0,0.094,-1.793,-2.078,-0.503,0.075,-0.532,-4.832,1.1520000000000001,2.4576929153102167,
474,James Kaprielian,OAK,RIGHT,RP,3.666666666666667,0,2,4,3,3,2,2,4,0,0,0,0,0,7.364,1.636,0,0,0.0,-1.793,-2.217,-0.503,-0.196,-0.137,-4.846,1.138,2.427825119464432,
475,Bryan Abreu,HOU,RIGHT,RP,3.3333333333333335,0,4,1,2,1,0,7,3,0,0,0,0,0,2.700,2.400,0,0,0.0,-1.793,-2.264,-0.503,0.057,-0.346,-4.849,1.1349999999999998,2.4214248774974783,
476,Jimmy Cordero,CHA| NYA,RIGHT,RP,26.666666666666664,0,30,33,21,18,2,9,22,1,2,0,0,0,6.075,1.575,2,2,0.075,-1.215,-1.38,-0.503,-0.902,-0.852,-4.853,1.1310000000000002,2.412891221541541,
477,Kirby Yates,LAN| SDN| ATL| TEX,RIGHT,RP,4.333333333333333,0,6,7,6,6,1,4,8,0,1,2,0,0,12.461,2.538,0,0,0.0,-1.793,-2.031,0.023,-0.565,-0.502,-4.868,1.1159999999999997,2.380890011706771,
478,Michael Wacha,KCA| NYN| TBA| BOS| SDN,RIGHT,SP,34.0,7,8,46,26,25,9,7,37,1,4,0,0,0,6.618,1.559,2,1,0.059,-1.215,-0.682,-0.503,-1.429,-1.039,-4.869,1.1150000000000002,2.378756597717788,
479,Jorge Lopez,WAS| BAL| KCA| MIN| MIA| CHN| NYN,RIGHT,SP| RP,39.0,6,10,46,32,29,7,12,28,2,2,0,0,0,6.692,1.487,1,1,0.026,-0.638,-1.101,-0.503,-1.684,-0.948,-4.874,1.1100000000000003,2.3680895277728653,
480,Nick Neidert,MIA,RIGHT,RP,8.333333333333334,0,4,10,5,5,1,2,4,0,0,0,0,0,5.400,1.440,0,1,0.0,-1.793,-2.217,-0.503,-0.197,-0.168,-4.879,1.1050000000000004,2.357422457827943,
481,Yacksel Rios,PIT| BOS| SEA| OAK,RIGHT,RP,4.0,0,3,3,4,4,0,2,3,0,0,0,0,0,9.000,1.250,0,0,0.0,-1.793,-2.264,-0.503,-0.312,-0.015,-4.887,1.0970000000000004,2.340355145916066,
482,Artie Lewicki,ARI,RIGHT,RP,3.3333333333333335,0,2,7,2,2,0,1,5,0,0,0,0,0,5.400,2.400,0,0,0.0,-1.793,-2.171,-0.503,-0.079,-0.346,-4.892,1.0919999999999996,2.329688075971142,
483,Hunter Strickland,ANA| NYN| MIL| TBA| CIN,RIGHT,RP,3.333333333333333,0,4,5,4,3,0,1,4,0,1,0,0,0,8.100,1.800,0,1,0.0,-1.793,-2.217,-0.503,-0.215,-0.172,-4.9,1.0839999999999996,2.312620764059265,
484,Matt Davidson,CIN| ARI| OAK,RIGHT,RP,3.333333333333333,0,3,4,2,2,1,2,1,0,0,0,0,0,5.400,1.800,0,0,0.0,-1.793,-2.357,-0.503,-0.079,-0.172,-4.904,1.08,2.304087108103328,
485,Scott Blewett,ATL| BAL| MIN| KCA,RIGHT,RP,3.0,0,2,6,2,2,0,1,4,0,0,0,0,0,6.000,2.333,0,0,0.0,-1.793,-2.217,-0.503,-0.098,-0.294,-4.906,1.0780000000000003,2.2998202801253593,
486,Ian Hamilton,NYA| CHA| MIN,RIGHT,RP,4.0,0,4,4,2,2,0,5,4,0,0,0,0,0,4.500,2.250,0,0,0.0,-1.793,-2.217,-0.503,-0.04,-0.363,-4.917,1.0670000000000002,2.276352726246529,
487,Nick Mears,MIL| PIT| COL,RIGHT,RP,5.0,0,4,4,3,3,1,7,7,0,0,0,0,0,5.400,2.200,0,0,0.0,-1.793,-2.078,-0.503,-0.118,-0.432,-4.924,1.0599999999999996,2.261418828323636,
488,Anthony Banda,LAN| TBA| NYN| PIT| NYA| TOR| WAS,LEFT,RP,7.0,0,4,10,9,8,1,5,4,1,0,1,0,0,10.286,2.143,0,0,0.0,-1.215,-2.217,-0.24,-0.683,-0.57,-4.925,1.0590000000000002,2.259285414334652,
489,Jake Odorizzi,MIN| HOU| ATL,RIGHT,SP,13.666666666666666,4,4,16,10,10,4,3,12,0,1,0,0,0,6.585,1.390,0,2,0.0,-1.793,-1.845,-0.503,-0.568,-0.217,-4.926,1.0579999999999998,2.257152000345667,
490,Jose Quijada,ANA,LEFT,RP,3.666666666666667,0,6,6,4,3,1,2,6,0,1,0,0,0,7.364,2.182,0,0,0.0,-1.793,-2.124,-0.503,-0.196,-0.311,-4.927,1.0570000000000004,2.2550185863566834,
491,Johan Oviedo,PIT| SLN,RIGHT,SP,24.666666666666668,5,5,24,18,15,3,10,16,0,3,0,0,0,5.473,1.378,1,0,0.041,-1.793,-1.659,-0.503,-0.61,-0.366,-4.931,1.053,2.2464849304007446,
492,Michel Baez,SDN,RIGHT,RP,4.666666666666667,1,3,7,4,4,0,2,7,0,0,0,0,0,7.714,1.929,0,0,0.0,-1.793,-2.078,-0.503,-0.274,-0.293,-4.941,1.0430000000000001,2.225150790510899,
493,Mike Kickham,BOS| LAN,LEFT,SP| RP,14.0,2,6,21,12,12,6,5,17,1,1,0,0,0,7.714,1.857,0,1,0.0,-1.215,-1.613,-0.503,-0.821,-0.791,-4.943,1.0410000000000004,2.2208839625329304,
494,Johan Quezada,MIA,RIGHT,RP,3.0,0,3,4,3,3,1,1,2,0,0,0,0,0,9.000,1.667,0,0,0.0,-1.793,-2.311,-0.503,-0.234,-0.12,-4.961,1.0229999999999997,2.182482510731207,
495,Carlos Hernandez,CLE| DET| PHI| KCA,RIGHT,SP| RP,14.666666666666664,3,5,19,9,8,4,6,13,0,1,0,0,0,4.909,1.704,1,0,0.068,-1.793,-1.799,-0.503,-0.238,-0.634,-4.967,1.0170000000000003,2.169682026797301,
496,Humberto Castellanos,HOU| ARI,RIGHT,RP,10.666666666666668,0,8,12,8,8,2,5,12,0,1,0,0,0,6.750,1.594,0,0,0.0,-1.793,-1.845,-0.503,-0.47,-0.358,-4.97,1.0140000000000002,2.163281784830347,
497,Jon Gray,TEX| COL,RIGHT,SP,39.0,8,8,45,31,29,6,11,22,2,4,0,0,0,6.692,1.436,1,1,0.026,-0.638,-1.38,-0.503,-1.684,-0.774,-4.979,1.005,2.144081058929485,
498,Trevor Williams,WAS| PIT| CHN| NYN,RIGHT,SP,55.333333333333336,11,11,66,42,38,15,21,49,2,8,0,0,0,6.181,1.572,4,0,0.072,-0.638,-0.124,-0.503,-1.961,-1.755,-4.981,1.0030000000000001,2.1398142309515165,
499,Sean Doolittle,WAS| CIN| SEA,LEFT,RP,7.666666666666666,0,11,9,6,5,3,4,6,0,2,0,0,0,5.870,1.696,0,0,0.0,-1.793,-2.124,-0.503,-0.236,-0.326,-4.982,1.0019999999999998,2.1376808169625314,
500,John Schreiber,KCA| DET| BOS,RIGHT,RP,15.666666666666666,0,15,19,11,11,2,4,14,0,1,0,0,0,6.319,1.468,0,0,0.0,-1.793,-1.752,-0.503,-0.588,-0.355,-4.991,0.9930000000000003,2.1184800910616715,
501,Edgar Garcia,TBA| CIN| MIN,RIGHT,RP,3.333333333333333,0,4,3,4,4,2,4,1,0,0,1,0,0,10.800,2.100,0,0,0.0,-1.793,-2.357,-0.24,-0.351,-0.259,-5.0,0.984,2.0992793651608097,
502,Ian Gibaut,CIN| TEX| MIN| CLE,RIGHT,RP,12.333333333333332,0,14,11,10,9,2,9,14,0,1,0,0,0,6.568,1.622,1,0,0.081,-1.793,-1.752,-0.503,-0.509,-0.444,-5.002,0.9820000000000002,2.095012537182841,
503,Luke Farrell,TEX| MIN| CHN| CIN,RIGHT,RP,5.333333333333333,0,4,5,5,5,1,5,8,0,0,0,0,0,8.438,1.875,0,0,0.0,-1.793,-2.031,-0.503,-0.371,-0.31,-5.008,0.976,2.082212053248933,
504,Josh James,HOU,RIGHT,SP| RP,17.333333333333332,2,13,15,14,14,4,17,21,1,0,0,0,0,7.269,1.846,2,1,0.115,-1.215,-1.427,-0.503,-0.9,-0.963,-5.008,0.976,2.082212053248933,
505,JoJo Romero,SLN| PHI,LEFT,RP,10.666666666666666,0,12,13,10,9,1,2,10,0,0,0,0,0,7.594,1.406,0,0,0.0,-1.793,-1.938,-0.503,-0.606,-0.184,-5.025,0.9589999999999996,2.045944015436195,
506,Humberto Mejia,MIA| ARI,RIGHT,SP,10.0,3,3,13,8,6,3,6,11,0,2,0,0,0,5.400,1.900,1,1,0.1,-1.793,-1.892,-0.503,-0.236,-0.603,-5.027,0.9569999999999999,2.0416771874582262,
507,Reynaldo Lopez,ATL| CHA| ANA| CLE,RIGHT,SP,26.333333333333332,8,8,28,21,19,9,15,24,1,3,0,0,0,6.494,1.633,1,1,0.038,-1.215,-1.287,-0.503,-1.058,-0.974,-5.038,0.9459999999999997,2.0182096335793958,
508,Ramon Rosso,PHI,RIGHT,RP,9.666666666666666,1,7,9,7,7,1,8,11,0,1,0,0,0,6.517,1.759,1,0,0.103,-1.793,-1.892,-0.503,-0.392,-0.464,-5.043,0.9409999999999998,2.0075425636344733,
509,Nate Jones,CIN| ATL| LAN,RIGHT,RP,18.666666666666664,0,21,25,13,13,5,6,23,0,1,0,0,0,6.268,1.661,1,0,0.054,-1.793,-1.333,-0.503,-0.686,-0.736,-5.052,0.9320000000000004,1.9883418377336133,
510,Corey Knebel,MIL| LAN| PHI,RIGHT,RP,13.333333333333332,0,15,15,9,9,4,8,15,0,0,0,0,0,6.075,1.725,1,1,0.075,-1.793,-1.706,-0.503,-0.451,-0.6,-5.053,0.931,1.986208423744628,
511,Ricardo Sanchez,SLN,LEFT,RP,5.333333333333333,0,3,5,4,4,1,5,4,0,0,0,0,0,6.750,1.875,0,0,0.0,-1.793,-2.217,-0.503,-0.235,-0.31,-5.058,0.9260000000000002,1.9755413537997053,
512,Carlos Estevez,KCA| COL| ANA| PHI,RIGHT,RP,24.000000000000004,0,26,33,21,20,6,9,27,1,3,1,0,0,7.500,1.750,1,0,0.042,-1.215,-1.147,-0.24,-1.329,-1.133,-5.065,0.9189999999999996,1.9606074558768123,
513,Clarke Schmidt,NYA,RIGHT,RP,6.333333333333333,1,3,7,5,5,0,5,7,0,1,0,0,0,7.105,1.895,1,0,0.158,-1.793,-2.078,-0.503,-0.313,-0.379,-5.066,0.9180000000000001,1.9584740418878288,
514,Glenn Sparkman,KCA,RIGHT,RP,5.0,0,4,9,6,3,0,1,2,0,0,0,0,0,5.400,2.000,0,0,0.0,-1.793,-2.311,-0.503,-0.118,-0.345,-5.07,0.9139999999999997,1.9499403859318896,
515,Kevin McCarthy,KCA,RIGHT,RP,6.0,0,5,10,3,3,1,2,2,0,0,0,0,0,4.500,2.000,0,0,0.0,-1.793,-2.311,-0.503,-0.06,-0.414,-5.081,0.9029999999999996,1.9264728320530593,
516,Sam Coonrod,SFN| PHI| NYN,RIGHT,RP,14.666666666666666,0,18,17,16,16,2,7,15,0,2,3,0,0,9.818,1.636,3,0,0.205,-1.793,-1.706,0.287,-1.327,-0.547,-5.086,0.8979999999999997,1.9158057621081366,
517,Robert Stock,BOS| CHN| NYN,RIGHT,RP,13.333333333333332,0,10,16,9,7,0,10,14,0,1,0,0,0,4.725,1.950,0,0,0.0,-1.793,-1.752,-0.503,-0.179,-0.862,-5.089,0.8949999999999996,1.9094055201411828,
518,Wade Miley,CIN| CHN| MIL,LEFT,SP| RP,14.333333333333334,4,6,15,10,9,1,9,12,0,3,0,0,0,5.651,1.674,1,0,0.07,-1.793,-1.845,-0.503,-0.393,-0.582,-5.117,0.867,1.8496699284496159,
519,Yoan Lopez,ARI| NYN,RIGHT,RP,19.666666666666668,0,20,21,15,13,4,9,16,0,1,0,0,0,5.949,1.525,1,0,0.051,-1.793,-1.659,-0.503,-0.628,-0.544,-5.127,0.8570000000000002,1.8283357885597706,
520,Ryne Harper,WAS,RIGHT,RP,23.666666666666664,0,23,29,21,20,5,9,25,1,0,0,0,0,7.606,1.606,1,0,0.042,-1.215,-1.24,-0.503,-1.349,-0.82,-5.127,0.8570000000000002,1.8283357885597706,
521,Dylan Covey,BOS| LAN| PHI,RIGHT,RP,13.999999999999998,0,8,18,11,11,2,2,11,0,0,0,0,0,7.071,1.429,0,1,0.0,-1.793,-1.892,-0.503,-0.685,-0.269,-5.142,0.8419999999999996,1.796334578725001,
522,Jose Urena,ANA| LAN| MIN| NYN| TOR| MIA| DET| COL| MIL| CHA| TEX,RIGHT,SP,23.333333333333332,5,5,22,15,14,4,13,15,0,3,0,0,0,5.400,1.500,3,0,0.129,-1.793,-1.706,-0.503,-0.551,-0.593,-5.146,0.8380000000000001,1.7878009227690637,
523,Tommy Milone,ATL| BAL| TOR| SEA,LEFT,SP,39.0,9,9,55,34,29,9,6,40,1,4,0,0,0,6.692,1.564,2,0,0.051,-1.215,-0.542,-0.503,-1.684,-1.209,-5.154,0.8300000000000001,1.7707336108571872,
524,Alex Wood,LAN| SFN| OAK,LEFT,SP| RP,12.666666666666666,2,9,17,11,9,2,6,15,0,1,0,0,0,6.395,1.816,0,1,0.0,-1.793,-1.706,-0.503,-0.49,-0.67,-5.162,0.8220000000000001,1.7536662989453107,
525,Carlos Rodon,NYA| CHA| SFN,LEFT,SP| RP,7.666666666666666,2,4,9,7,7,1,3,6,0,2,0,0,0,8.217,1.565,2,0,0.261,-1.793,-2.124,-0.503,-0.508,-0.238,-5.167,0.8170000000000002,1.7429992290003882,
526,Cy Sneed,HOU,RIGHT,RP,17.333333333333336,0,18,22,15,11,3,10,21,0,3,0,0,0,5.712,1.846,0,0,0.0,-1.793,-1.427,-0.503,-0.491,-0.963,-5.177,0.8070000000000004,1.721665089110543,
527,Robert Stephenson,ANA| CIN| COL| PIT| TBA,RIGHT,RP,10.0,0,10,11,11,11,8,3,13,0,0,0,0,0,9.900,1.400,0,2,0.0,-1.793,-1.799,-0.503,-0.917,-0.167,-5.179,0.8049999999999997,1.7173982611325724,
528,Ryan Castellani,COL| OAK,RIGHT,SP,43.333333333333336,9,10,37,30,28,12,26,25,1,4,0,0,0,5.815,1.454,2,1,0.046,-1.215,-1.24,-0.503,-1.296,-0.928,-5.183,0.8010000000000002,1.708864605176635,
529,Phillip Diehl,COL| CIN,LEFT,RP,5.999999999999999,0,6,7,7,7,2,1,4,0,0,0,0,0,10.500,1.333,0,0,0.0,-1.793,-2.217,-0.503,-0.605,-0.065,-5.184,0.7999999999999998,1.7067311911876497,
530,Andrew Triggs,BOS| SFN,RIGHT,SP| RP,8.333333333333334,2,5,8,7,7,3,6,7,0,2,0,0,0,7.560,1.680,1,0,0.12,-1.793,-2.078,-0.503,-0.469,-0.343,-5.186,0.798,1.7024643632096812,
531,Reggie McClain,PHI,RIGHT,RP,5.333333333333334,0,5,9,6,3,1,3,2,0,0,0,0,0,5.062,2.250,0,0,0.0,-1.793,-2.311,-0.503,-0.099,-0.484,-5.189,0.7949999999999999,1.6960641212427272,
532,Shun Yamaguchi,TOR,RIGHT,RP,25.666666666666664,0,17,28,25,23,6,17,26,2,4,0,0,0,8.065,1.753,0,1,0.0,-0.638,-1.194,-0.503,-1.641,-1.219,-5.194,0.79,1.6853970512978047,
533,Hoby Milner,TEX| ANA| MIL,LEFT,RP,13.333333333333334,0,19,13,12,12,5,6,13,0,0,0,0,0,8.100,1.425,0,0,0.0,-1.793,-1.799,-0.503,-0.86,-0.252,-5.206,0.7779999999999996,1.659796083429989,
534,Chris Rusin,ATL,LEFT,P,3.3333333333333335,0,1,6,3,3,1,3,3,0,0,0,0,0,8.100,2.700,1,0,0.3,-1.793,-2.264,-0.503,-0.215,-0.433,-5.208,0.7759999999999998,1.6555292554520202,
535,Madison Bumgarner,ARI,LEFT,SP,41.666666666666664,9,9,47,31,30,13,13,30,1,4,0,0,0,6.480,1.440,4,0,0.096,-1.215,-1.008,-0.503,-1.665,-0.842,-5.233,0.7510000000000003,1.6021939057274073,
536,David Hess,BAL| MIA| TBA,RIGHT,RP,7.0,0,3,10,5,5,1,2,1,0,0,0,0,0,6.429,1.714,0,0,0.0,-1.793,-2.357,-0.503,-0.274,-0.309,-5.236,0.7480000000000002,1.5957936637604533,
537,Hector Rondon,ARI,RIGHT,RP,20.0,0,23,25,18,17,6,11,23,1,0,0,0,0,7.650,1.800,2,0,0.1,-1.215,-1.333,-0.503,-1.153,-1.031,-5.236,0.7480000000000002,1.5957936637604533,
538,Jairo Diaz,COL,RIGHT,RP,19.999999999999996,0,24,31,21,17,4,14,17,1,2,4,0,0,7.650,2.250,0,0,0.0,-1.215,-1.613,0.55,-1.153,-1.815,-5.246,0.7379999999999995,1.5744595238706063,
539,David Bednar,NYA| PIT| SDN,RIGHT,RP,6.333333333333333,0,4,11,6,5,1,2,5,0,0,0,0,0,7.105,2.053,1,0,0.158,-1.793,-2.171,-0.503,-0.313,-0.466,-5.246,0.7379999999999995,1.5744595238706063,
540,Randy Rosario,KCA,LEFT,RP,3.333333333333333,0,4,7,3,3,1,3,4,0,1,0,0,0,8.100,3.000,0,0,0.0,-1.793,-2.217,-0.503,-0.215,-0.52,-5.249,0.7350000000000003,1.5680592819036543,
541,Trevor Kelley,PHI| MIL| TBA,RIGHT,RP,3.333333333333333,0,4,8,4,4,2,1,5,0,0,0,0,0,10.800,2.700,0,0,0.0,-1.793,-2.171,-0.503,-0.351,-0.433,-5.251,0.7329999999999997,1.5637924539256838,
542,Dominic Leone,CLE| SFN| ANA| NYN| SEA| CHA,RIGHT,RP,9.666666666666668,0,12,14,9,9,3,5,16,0,0,0,0,0,8.379,1.966,0,0,0.0,-1.793,-1.659,-0.503,-0.664,-0.638,-5.257,0.7270000000000003,1.5509919699917778,
543,Mike King,SDN| NYA,RIGHT,SP| RP,26.666666666666668,4,9,30,23,23,5,11,26,1,2,0,0,0,7.763,1.538,0,0,0.0,-1.215,-1.194,-0.503,-1.583,-0.765,-5.26,0.7240000000000002,1.5445917280248238,
544,Sean Gilmartin,TBA,LEFT,RP,4.333333333333334,0,2,7,4,4,2,4,5,0,0,0,0,0,8.308,2.538,0,0,0.0,-1.793,-2.171,-0.503,-0.293,-0.502,-5.262,0.7220000000000004,1.540324900046855,
545,Sam Gaviglio,TOR,RIGHT,RP,3.0,0,4,3,3,3,0,5,1,0,1,0,0,0,9.000,2.667,0,0,0.0,-1.793,-2.357,-0.503,-0.234,-0.381,-5.269,0.7149999999999999,1.525391002123962,
546,Josh A. Smith,MIA,RIGHT,RP,26.333333333333332,1,16,33,21,20,3,11,18,1,1,1,0,0,6.835,1.671,1,0,0.038,-1.215,-1.566,-0.24,-1.194,-1.062,-5.277,0.7069999999999999,1.5083236902120856,
547,Tyler Bashlor,PIT,RIGHT,RP,8.333333333333332,0,8,9,8,8,2,4,6,0,0,0,0,0,8.640,1.560,2,0,0.24,-1.793,-2.124,-0.503,-0.605,-0.255,-5.281,0.7030000000000003,1.499790034256148,
548,Ryne Stanek,NYN| MIA| HOU| SEA,RIGHT,RP,10.0,0,9,11,8,8,3,8,11,0,0,0,0,0,7.200,1.900,0,0,0.0,-1.793,-1.892,-0.503,-0.509,-0.603,-5.299,0.6849999999999996,1.4613885824544246,
549,Luke Weaver,NYA| ARI| KCA| CIN| SEA,RIGHT,SP,52.00000000000001,12,12,63,39,38,10,18,55,1,9,0,0,0,6.577,1.558,1,2,0.019,-1.215,0.155,-0.503,-2.154,-1.584,-5.301,0.6829999999999998,1.4571217544764559,
550,Gabe Speier,SEA| KCA,LEFT,RP,5.666666666666667,0,8,9,5,5,1,4,6,0,1,0,0,0,7.941,2.294,2,0,0.353,-1.793,-2.124,-0.503,-0.352,-0.536,-5.308,0.6760000000000002,1.4421878565535646,
551,Jordan Zimmermann,DET| MIL,RIGHT,SP,5.666666666666667,2,3,11,6,5,0,2,6,0,0,0,0,0,7.941,2.294,0,1,0.0,-1.793,-2.124,-0.503,-0.352,-0.536,-5.308,0.6760000000000002,1.4421878565535646,
552,Chase Anderson,TOR| PHI| CIN| COL| TBA| BOS| TEX,RIGHT,SP| RP,33.66666666666667,7,10,45,29,27,11,10,38,1,2,0,0,0,7.218,1.634,1,0,0.03,-1.215,-0.636,-0.503,-1.721,-1.248,-5.323,0.6609999999999996,1.4101866467187951,
553,Chad Sobotka,ATL,RIGHT,RP,3.6666666666666665,0,4,6,5,5,0,2,2,0,0,0,0,0,12.273,2.182,0,0,0.0,-1.793,-2.311,-0.503,-0.468,-0.311,-5.385,0.5990000000000002,1.2779149794017535,
554,Stephen Strasburg,WAS,RIGHT,SP,5.0,2,2,8,6,6,1,1,2,0,1,0,0,0,10.800,1.800,0,0,0.0,-1.793,-2.311,-0.503,-0.527,-0.258,-5.391,0.593,1.2651144954678457,
555,Huascar Ynoa,ATL,RIGHT,SP| RP,21.666666666666668,5,9,23,14,14,2,13,17,0,0,0,0,0,5.815,1.661,4,0,0.185,-1.793,-1.613,-0.503,-0.648,-0.856,-5.413,0.5709999999999997,1.2181793877101847,
556,Brooks Kriske,CHN| MIN| NYA| BAL| KCA,RIGHT,RP,3.6666666666666665,0,4,3,6,6,1,7,8,0,0,0,0,0,14.727,2.727,0,0,0.0,-1.793,-2.031,-0.503,-0.604,-0.485,-5.417,0.5670000000000002,1.2096457317542475,
557,Ariel Jurado,NYN,RIGHT,P,4.0,1,1,9,5,5,1,0,2,0,0,0,0,0,11.250,2.250,0,0,0.0,-1.793,-2.311,-0.503,-0.448,-0.363,-5.418,0.5659999999999998,1.2075123177652622,
558,Jeff Hoffman,TOR| COL| CIN| PHI,RIGHT,RP,21.333333333333336,0,16,32,23,22,3,9,20,2,1,1,0,0,9.281,1.922,2,1,0.094,-0.638,-1.473,-0.24,-1.756,-1.326,-5.433,0.5510000000000002,1.1755111079304943,
559,Zack Burdi,CHA| BAL| TBA,RIGHT,RP,7.333333333333333,0,8,11,11,9,4,3,11,0,1,0,0,0,11.046,1.909,0,0,0.0,-1.793,-1.892,-0.503,-0.799,-0.448,-5.435,0.5490000000000004,1.1712442799525258,
560,Luis Garcia,ANA| LAN| WAS| TEX| SLN| SDN| BOS,RIGHT,SP| RP,8.333333333333332,2,11,10,9,7,1,9,11,0,2,0,0,0,7.560,2.280,0,0,0.0,-1.793,-1.892,-0.503,-0.469,-0.778,-5.435,0.5490000000000004,1.1712442799525258,
561,Jonathan Stiever,CHA,RIGHT,SP,6.333333333333333,2,2,7,7,7,4,4,3,0,1,0,0,0,9.947,1.737,0,0,0.0,-1.793,-2.264,-0.503,-0.585,-0.292,-5.437,0.5469999999999997,1.1669774519745553,
562,Jesse Chavez,ATL| TEX| ANA| CHN,RIGHT,RP,17.0,0,18,20,13,13,6,7,13,0,0,0,0,0,6.882,1.588,0,0,0.0,-1.793,-1.799,-0.503,-0.783,-0.563,-5.441,0.5430000000000001,1.1584437960186178,
563,Colten Brewer,BOS| NYA| CHN,RIGHT,SP| RP,25.666666666666668,4,11,31,17,16,6,14,25,0,3,0,0,0,5.610,1.753,3,0,0.117,-1.793,-1.24,-0.503,-0.688,-1.219,-5.443,0.5410000000000004,1.1541769680406493,
564,Nick Goody,TEX,RIGHT,RP,11.000000000000002,1,17,14,12,11,3,8,13,0,2,1,0,0,9.000,2.000,0,0,0.0,-1.793,-1.799,-0.24,-0.859,-0.759,-5.449,0.5350000000000001,1.1413764841067413,
565,Jeffrey Springs,ATH| BOS| TBA,LEFT,RP,20.333333333333332,0,16,30,18,16,5,7,28,0,2,0,0,0,7.082,1.820,1,0,0.049,-1.793,-1.101,-0.503,-0.998,-1.083,-5.478,0.5060000000000002,1.079507478426189,
566,Kyle Funkhouser,DET,RIGHT,RP,17.333333333333336,0,13,22,14,14,3,11,12,1,1,0,0,0,7.269,1.904,2,0,0.115,-1.215,-1.845,-0.503,-0.9,-1.05,-5.514,0.46999999999999975,1.0027045748227439,
567,Casey Mize,DET,RIGHT,SP,28.333333333333336,7,7,29,25,22,7,13,26,0,3,0,0,0,6.988,1.482,4,0,0.141,-1.793,-1.194,-0.503,-1.35,-0.677,-5.517,0.46699999999999964,0.99630433285579,
568,Joey Lucchesi,SFN| SDN| NYN,LEFT,SP,5.666666666666666,2,3,13,5,5,0,2,5,0,1,0,0,0,7.941,2.647,0,0,0.0,-1.793,-2.171,-0.503,-0.352,-0.71,-5.529,0.45500000000000007,0.9707033649879762,
569,Mike Foltynewicz,ATL| TEX,RIGHT,P,3.3333333333333335,1,1,4,6,6,3,4,3,0,1,0,0,0,16.200,2.400,0,0,0.0,-1.793,-2.264,-0.503,-0.623,-0.346,-5.529,0.45500000000000007,0.9707033649879762,
570,Dovydas Neverauskas,PIT,RIGHT,RP,19.0,0,17,24,17,15,5,10,23,0,3,0,0,0,7.105,1.790,2,0,0.105,-1.793,-1.333,-0.503,-0.939,-0.962,-5.531,0.4530000000000003,0.9664365370100075,
571,Chance Adams,KCA,RIGHT,RP,8.666666666666666,0,6,15,9,9,1,0,6,0,0,0,0,0,9.346,1.731,1,0,0.115,-1.793,-2.124,-0.503,-0.722,-0.395,-5.537,0.44700000000000006,0.9536360530760997,
572,Sterling Sharp,MIA,RIGHT,RP,5.333333333333333,0,4,7,7,6,1,5,3,0,0,0,0,0,10.125,2.250,0,0,0.0,-1.793,-2.264,-0.503,-0.507,-0.484,-5.551,0.43299999999999983,0.9237682572303153,
573,Chris Devenski,NYN| HOU| ARI| PHI| ANA| TBA,RIGHT,RP,3.6666666666666665,0,4,7,6,6,1,3,5,0,1,0,0,0,14.727,2.727,2,0,0.545,-1.793,-2.171,-0.503,-0.604,-0.485,-5.556,0.42799999999999994,0.9131011872853927,
574,Nivaldo Rodriguez,HOU,RIGHT,RP,8.666666666666666,0,5,15,7,6,3,6,8,0,1,0,0,0,6.231,2.423,2,0,0.231,-1.793,-2.031,-0.503,-0.314,-0.917,-5.558,0.42600000000000016,0.9088343593074241,
575,Luke Jackson,DET| SEA| TEX| ATL| SFN,RIGHT,RP,26.333333333333332,0,19,39,23,20,2,13,20,2,0,0,0,0,6.835,1.975,1,0,0.038,-0.638,-1.473,-0.503,-1.194,-1.758,-5.566,0.41800000000000015,0.8917670473955476,
576,Chi Chi Gonzalez,COL| MIL| MIN| NYA| MIA,RIGHT,SP| RP,19.666666666666668,4,6,22,16,15,3,10,16,0,2,0,0,0,6.864,1.627,0,0,0.0,-1.793,-1.659,-0.503,-0.9,-0.718,-5.573,0.4109999999999996,0.8768331494726543,
577,Kevin Ginkel,ARI,RIGHT,RP,16.0,0,19,21,13,12,3,13,18,0,2,1,0,0,6.750,2.125,5,1,0.312,-1.793,-1.566,-0.24,-0.705,-1.278,-5.581,0.4029999999999996,0.8597658375607778,
578,Rony Garcia,DET,RIGHT,SP| RP,20.999999999999996,2,15,25,20,19,7,9,14,1,0,0,0,0,8.143,1.619,0,0,0.0,-1.215,-1.752,-0.503,-1.367,-0.752,-5.59,0.39400000000000013,0.840565111659918,
579,Austin Davis,PHI| PIT| BOS| MIN| SDN,LEFT,RP,6.666666666666666,0,9,11,8,8,1,2,5,0,0,0,0,0,10.800,1.950,2,0,0.3,-1.793,-2.171,-0.503,-0.702,-0.431,-5.6,0.38400000000000034,0.8192309717700728,
580,Brett Eibner,MIA,RIGHT,RP,3.333333333333333,0,3,7,7,5,2,4,4,0,0,0,0,0,13.500,3.300,0,0,0.0,-1.793,-2.217,-0.503,-0.487,-0.607,-5.608,0.37600000000000033,0.8021636598581963,
581,Junior Fernandez,SLN| PIT,RIGHT,RP,3.0,0,3,6,6,6,1,2,2,0,0,0,0,0,18.000,2.667,0,0,0.0,-1.793,-2.311,-0.503,-0.643,-0.381,-5.63,0.3540000000000001,0.7552285521005354,
582,Wade LeBlanc,BAL| SLN,LEFT,SP,22.333333333333336,6,6,27,20,20,6,8,13,1,0,0,0,0,8.060,1.567,1,0,0.045,-1.215,-1.799,-0.503,-1.426,-0.699,-5.642,0.34199999999999964,0.7296275842327197,
583,Ronald Bolanos,KCA,RIGHT,SP,3.666666666666667,2,2,8,7,5,2,3,2,0,2,0,0,0,12.273,3.000,0,1,0.0,-1.793,-2.311,-0.503,-0.468,-0.572,-5.647,0.33699999999999974,0.7189605142877971,
584,Robbie Ray,SFN| ARI| TOR| SEA,LEFT,SP,51.66666666666667,11,12,53,40,38,13,45,68,2,5,0,0,0,6.619,1.897,6,1,0.116,-0.638,0.76,-0.503,-2.174,-3.099,-5.653,0.3310000000000004,0.7061600303538911,
585,Erik Swanson,TOR| SEA,RIGHT,RP,7.666666666666666,0,9,11,12,11,3,2,9,0,2,0,0,0,12.913,1.696,0,0,0.0,-1.793,-1.985,-0.503,-1.052,-0.326,-5.659,0.3250000000000002,0.6933595464199832,
586,Asher Wojciechowski,BAL| NYA,RIGHT,SP| RP,36.99999999999999,7,10,45,29,28,11,15,31,1,3,0,0,0,6.811,1.622,2,0,0.054,-1.215,-0.961,-0.503,-1.664,-1.333,-5.676,0.30799999999999983,0.657091508607245,
587,Justin Shafer,MIA,RIGHT,RP,5.666666666666667,0,5,8,8,8,2,4,5,0,0,0,0,0,12.706,2.118,1,0,0.176,-1.793,-2.171,-0.503,-0.76,-0.449,-5.676,0.30799999999999983,0.657091508607245,
588,Ashton Goudeau,COL| CIN,RIGHT,RP,8.333333333333334,0,4,15,7,7,3,2,2,0,0,0,0,0,7.560,2.040,0,1,0.0,-1.793,-2.311,-0.503,-0.469,-0.604,-5.68,0.30400000000000027,0.6485578526513076,
589,Jakob Junis,CLE| KCA| SFN| CIN| MIL,RIGHT,SP| RP,25.33333333333333,6,8,35,18,18,7,6,19,0,2,0,0,0,6.395,1.618,1,0,0.039,-1.793,-1.52,-0.503,-0.98,-0.905,-5.701,0.28300000000000036,0.603756158882632,
590,Aaron Fletcher,SEA| PIT,LEFT,RP,4.333333333333334,0,6,7,6,6,1,7,7,0,0,0,0,0,12.461,3.231,0,0,0.0,-1.793,-2.078,-0.503,-0.565,-0.763,-5.703,0.2809999999999997,0.5994893309046615,
591,Wade Davis,COL| KCA,RIGHT,RP,4.333333333333333,0,5,9,10,10,3,3,3,0,1,2,0,0,20.769,2.769,1,0,0.231,-1.793,-2.264,0.023,-1.11,-0.589,-5.732,0.2519999999999998,0.5376203252241093,
592,Dellin Betances,NYN,RIGHT,RP,11.666666666666666,0,15,12,10,10,0,12,11,0,1,0,0,0,7.714,2.057,2,0,0.171,-1.793,-1.892,-0.503,-0.684,-0.863,-5.735,0.24899999999999967,0.5312200832571554,
593,Ivan Nova,DET,RIGHT,SP,19.0,4,4,22,18,18,4,9,9,1,1,0,0,0,8.526,1.632,0,0,0.0,-1.215,-1.985,-0.503,-1.347,-0.701,-5.752,0.2320000000000002,0.494952045444419,
594,Zack Littell,CIN| TBA| MIN| SFN| BOS,RIGHT,RP,6.333333333333333,0,6,12,7,7,5,3,3,0,0,0,0,0,9.947,2.368,0,0,0.0,-1.793,-2.264,-0.503,-0.585,-0.64,-5.785,0.19899999999999984,0.4245493838079276,
595,Ian Kennedy,KCA| PHI| TEX| ARI,RIGHT,RP,14.0,1,15,20,17,14,7,5,15,0,2,0,0,0,9.000,1.786,1,0,0.071,-1.793,-1.706,-0.503,-1.093,-0.704,-5.799,0.1849999999999996,0.39468158796214325,
596,Jose Mujica,COL,RIGHT,RP,4.333333333333333,0,2,10,7,6,2,2,1,0,0,0,0,0,12.461,2.769,0,0,0.0,-1.793,-2.357,-0.503,-0.565,-0.589,-5.808,0.17600000000000016,0.3754808620612834,
597,Trevor Richards,ARI| KCA| TBA| MIL| TOR| MIN,RIGHT,SP| RP,32.0,4,9,44,24,21,6,11,27,0,0,0,0,0,5.906,1.719,1,0,0.031,-1.793,-1.147,-0.503,-1.001,-1.423,-5.868,0.11599999999999966,0.24747602272220853,
598,Dakota Bacus,WAS,RIGHT,RP,11.333333333333334,0,11,14,10,10,1,9,7,0,0,0,0,0,7.941,2.029,0,0,0.0,-1.793,-2.078,-0.503,-0.703,-0.811,-5.888,0.09600000000000009,0.2048077429425182,
599,Franklyn Kilome,NYN,RIGHT,RP,11.333333333333334,0,4,14,14,14,5,9,13,0,1,1,0,0,11.118,2.029,1,0,0.088,-1.793,-1.799,-0.24,-1.248,-0.811,-5.89,0.0940000000000003,0.20054091496454954,
600,Hansel Robles,ANA| BOS| MIN,RIGHT,RP,16.666666666666664,0,18,19,20,19,4,10,20,0,2,1,0,0,10.260,1.740,2,0,0.12,-1.793,-1.473,-0.24,-1.619,-0.772,-5.897,0.08699999999999974,0.1856070170416564,
601,Dereck Rodriguez,SFN| MIN| ATL,RIGHT,RP,4.0,0,2,10,6,6,2,3,2,0,0,0,0,0,13.500,3.250,0,1,0.0,-1.793,-2.311,-0.503,-0.585,-0.711,-5.903,0.0810000000000004,0.17280653310775043,
602,Cole Irvin,PHI| OAK| BAL| MIN,LEFT,RP,3.666666666666667,0,3,11,7,7,1,1,4,0,1,0,0,0,17.182,3.273,0,0,0.0,-1.793,-2.217,-0.503,-0.74,-0.659,-5.913,0.07099999999999973,0.15147239321790337,
603,Robbie Erlin,ATL| PIT| LAN,LEFT,SP| RP,26.666666666666668,5,9,33,24,24,8,7,25,0,0,0,0,0,8.100,1.500,2,0,0.075,-1.793,-1.24,-0.503,-1.719,-0.678,-5.934,0.04999999999999982,0.10667069944922776,
604,Tanner Roark,TOR,RIGHT,SP,47.666666666666664,11,11,60,39,36,14,23,41,2,3,0,0,0,6.797,1.741,2,0,0.042,-0.638,-0.496,-0.503,-2.134,-2.214,-5.984,0.0,0.0,
605,Justin Grimm,MIL| OAK,RIGHT,RP,4.666666666666666,0,4,9,9,9,4,4,6,0,0,0,0,0,17.357,2.786,0,0,0.0,-1.793,-2.124,-0.503,-0.954,-0.641,-6.016,-0.03200000000000003,-0.06826924764750607,
606,Trent Thornton,SEA| TOR,RIGHT,SP,5.666666666666667,3,3,15,7,7,0,3,6,0,0,0,0,0,11.118,3.176,0,0,0.0,-1.793,-2.124,-0.503,-0.624,-0.971,-6.016,-0.03200000000000003,-0.06826924764750607,
607,Lewis Thorpe,MIN,LEFT,RP,16.333333333333332,1,7,24,12,11,4,10,10,0,1,0,0,0,6.061,2.082,0,1,0.0,-1.793,-1.938,-0.503,-0.549,-1.243,-6.026,-0.041999999999999815,-0.08960338753735124,
608,Javy Guerra,SDN| TBA| MIL,RIGHT,RP,13.333333333333332,0,14,25,16,15,1,5,12,1,0,0,0,0,10.125,2.250,1,0,0.075,-1.215,-1.845,-0.503,-1.268,-1.21,-6.042,-0.05799999999999983,-0.12373801136110427,
609,Anthony DeSclafani,ARI| CIN| SFN,RIGHT,SP| RP,33.66666666666667,7,9,41,27,27,7,16,25,1,2,0,0,0,7.218,1.693,3,0,0.089,-1.215,-1.24,-0.503,-1.721,-1.422,-6.102,-0.11800000000000033,-0.2517428507001791,
610,Kolby Allard,CLE| TEX| ATL| PHI,LEFT,SP| RP,33.66666666666667,8,11,31,29,29,4,20,32,0,6,0,0,0,7.753,1.515,0,1,0.0,-1.793,-0.915,-0.503,-1.993,-0.9,-6.104,-0.1200000000000001,-0.2560096786781477,
611,Chase De Jong,HOU| PIT,RIGHT,SP,7.333333333333333,2,3,12,12,12,2,4,9,0,1,0,0,0,14.727,2.182,1,0,0.136,-1.793,-1.985,-0.503,-1.208,-0.622,-6.111,-0.12699999999999978,-0.270943576601039,
612,Alex Vesia,LAN| MIA,LEFT,RP,4.333333333333333,0,5,7,10,9,3,7,5,0,1,0,0,0,18.692,3.231,0,0,0.0,-1.793,-2.171,-0.503,-0.974,-0.763,-6.204,-0.21999999999999975,-0.46935107757660327,
613,Bryan Shaw,SEA| CLE| CHA,RIGHT,RP,6.000000000000001,0,6,13,12,12,1,6,4,1,0,0,0,0,18.000,3.167,0,0,0.0,-1.215,-2.217,-0.503,-1.285,-1.023,-6.245,-0.2610000000000001,-0.5568210511249712,
614,Paul Sewald,CLE| DET| NYN| SEA| ARI,RIGHT,RP,6.0,0,5,12,9,9,1,4,2,0,0,0,0,0,13.500,2.667,1,0,0.167,-1.793,-2.311,-0.503,-0.877,-0.762,-6.246,-0.26200000000000045,-0.5589544651139564,
615,Miguel Del Pozo,PIT| DET,LEFT,RP,3.6666666666666665,0,5,7,7,7,0,8,2,0,0,0,0,0,17.182,4.091,0,1,0.0,-1.793,-2.311,-0.503,-0.74,-0.921,-6.267,-0.28300000000000036,-0.603756158882632,
616,Jeff Samardzija,SFN,RIGHT,SP,16.666666666666668,4,4,21,19,18,7,4,6,0,2,0,0,0,9.720,1.500,0,0,0.0,-1.793,-2.124,-0.503,-1.483,-0.424,-6.327,-0.34299999999999997,-0.7317609982217049,
617,Touki Toussaint,ANA| ATL| CHA| CLE,RIGHT,SP| RP,24.333333333333332,5,7,27,28,24,7,16,30,0,2,0,0,0,8.877,1.767,3,1,0.123,-1.793,-1.008,-0.503,-1.854,-1.185,-6.343,-0.359,-0.765895622045458,
618,Jose De Leon,BOS| CIN| MIN,RIGHT,RP,6.0,0,5,6,12,12,1,11,10,0,0,0,0,0,18.000,2.833,1,0,0.167,-1.793,-1.938,-0.503,-1.285,-0.849,-6.369,-0.3849999999999998,-0.8213643857590562,
619,Wil Crowe,WAS| PIT,RIGHT,SP,8.333333333333334,3,3,14,13,11,5,8,8,0,2,0,0,0,11.880,2.640,0,1,0.0,-1.793,-2.031,-0.503,-1.014,-1.039,-6.38,-0.3959999999999999,-0.8448319396378866,
620,Jacob Waguespack,TOR| TBA,RIGHT,RP,17.666666666666664,0,11,27,20,16,2,9,16,0,0,0,0,0,8.151,2.038,5,1,0.283,-1.793,-1.659,-0.503,-1.152,-1.277,-6.384,-0.40000000000000036,-0.8533655955938259,
621,Joe Biagini,HOU| CHN,RIGHT,RP,4.333333333333333,0,4,10,10,10,1,4,4,0,0,0,0,0,20.769,3.231,0,0,0.0,-1.793,-2.217,-0.503,-1.11,-0.763,-6.387,-0.4029999999999996,-0.8597658375607778,
622,Nestor Cortes,MIL| SDN| SEA| NYA,LEFT,RP,7.666666666666666,1,5,12,14,13,6,6,8,0,1,0,0,0,15.261,2.348,0,0,0.0,-1.793,-2.031,-0.503,-1.325,-0.761,-6.413,-0.42900000000000027,-0.915234601274378,
623,Wilmer Font,TOR,RIGHT,RP,16.333333333333336,0,21,28,19,18,2,9,15,1,3,0,0,0,9.918,2.265,1,0,0.061,-1.215,-1.706,-0.503,-1.502,-1.504,-6.43,-0.44599999999999973,-0.9515026390871144,
624,Ranger Suarez,PHI,LEFT,RP,4.0,0,3,10,9,9,1,4,1,0,1,0,0,0,20.250,3.500,0,0,0.0,-1.793,-2.357,-0.503,-0.993,-0.798,-6.445,-0.4610000000000003,-0.983503848921884,
625,James Pazos,COL,LEFT,RP,5.333333333333333,0,6,10,10,10,3,5,1,0,0,0,0,0,16.875,2.812,4,0,0.75,-1.793,-2.357,-0.503,-1.052,-0.745,-6.45,-0.4660000000000002,-0.9941709188668066,
626,Marcus Walden,BOS,RIGHT,RP,13.333333333333332,0,15,23,18,14,5,9,10,0,2,1,0,0,9.450,2.400,1,1,0.075,-1.793,-1.938,-0.24,-1.132,-1.384,-6.487,-0.5030000000000001,-1.0731072364592353,
627,Sean Newcomb,ATH| BOS| ATL| CHN| OAK,LEFT,SP,13.666666666666666,4,4,20,17,17,4,6,10,0,2,0,0,0,11.195,1.902,1,0,0.073,-1.793,-1.938,-0.503,-1.521,-0.826,-6.582,-0.5979999999999999,-1.2757815654127682,
628,Antonio Santos,COL,RIGHT,RP,6.000000000000001,1,3,14,11,11,1,4,4,0,1,0,0,0,16.500,3.000,0,0,0.0,-1.793,-2.217,-0.503,-1.149,-0.936,-6.599,-0.6150000000000002,-1.3120496032255065,
629,Robert Gsellman,NYN| CHN,RIGHT,SP| RP,14.0,4,6,22,15,15,4,8,9,0,0,0,0,0,9.643,2.143,1,0,0.071,-1.793,-1.985,-0.503,-1.229,-1.14,-6.65,-0.6660000000000004,-1.4208537166637196,
630,Robinson Leyer,BOS,RIGHT,RP,4.666666666666667,1,6,12,11,11,3,8,9,0,0,0,0,0,21.214,4.286,0,0,0.0,-1.793,-1.985,-0.503,-1.227,-1.251,-6.758,-0.774,-1.6512624274740515,
631,Eric Lauer,TOR| MIL,LEFT,SP| RP,10.999999999999998,2,4,17,16,16,2,9,12,0,2,0,0,0,13.091,2.364,0,0,0.0,-1.793,-1.845,-0.503,-1.539,-1.107,-6.788,-0.8040000000000003,-1.715264847143589,
632,Zac Grotz,SEA,RIGHT,RP,7.333333333333333,0,5,11,12,12,4,11,4,0,0,0,0,0,14.727,3.000,0,0,0.0,-1.793,-2.217,-0.503,-1.208,-1.144,-6.866,-0.8819999999999997,-1.8816711382843836,
633,Robert Dugger,MIA| SEA| CIN| TBA,RIGHT,RP,10.666666666666668,1,4,21,16,15,5,3,4,0,0,0,0,0,12.656,2.250,0,0,0.0,-1.793,-2.217,-0.503,-1.423,-0.968,-6.904,-0.9199999999999999,-1.9627408698657975,
634,Jordan Lyles,TEX| BAL| KCA,RIGHT,SP| RP,57.666666666666664,9,12,67,49,45,12,23,36,1,6,0,0,0,7.023,1.561,2,1,0.035,-1.215,-0.729,-0.503,-2.778,-1.771,-6.996,-1.0120000000000005,-2.159014956852378,
635,Steven Matz,BOS| SLN| NYN| TOR,LEFT,SP| RP,30.666666666666664,6,9,42,33,33,14,10,36,0,5,0,0,0,9.685,1.696,0,1,0.0,-1.793,-0.729,-0.503,-2.712,-1.302,-7.039,-1.0549999999999997,-2.250751758378713,
636,Zack Godley,BOS| MIL,RIGHT,SP,28.66666666666667,7,8,42,26,26,9,14,28,0,4,0,0,0,8.163,1.954,2,1,0.07,-1.793,-1.101,-0.503,-1.875,-1.861,-7.133,-1.149,-2.4512926733432625,
637,Matt Harvey,KCA| BAL,RIGHT,SP| RP,11.666666666666666,4,7,27,15,15,6,5,10,0,3,0,0,0,11.571,2.743,1,0,0.086,-1.793,-1.938,-0.503,-1.365,-1.559,-7.159,-1.1749999999999998,-2.506761437056861,
638,Carlos Martinez,SLN,RIGHT,SP,20.0,5,5,32,26,22,6,10,17,0,3,0,0,0,9.900,2.100,0,0,0.0,-1.793,-1.613,-0.503,-1.834,-1.554,-7.296,-1.3120000000000003,-2.799039153547747,
639,Matt Hall,BOS,LEFT,RP,8.666666666666666,1,4,17,18,18,2,10,9,0,3,0,0,0,18.692,3.115,2,0,0.231,-1.793,-1.985,-0.503,-1.947,-1.44,-7.668,-1.6840000000000002,-3.592669157450004,
640,Kyle Hart,SDN| BOS,LEFT,SP,11.0,3,4,24,21,19,4,10,13,0,1,0,0,0,15.546,3.091,0,0,0.0,-1.793,-1.799,-0.503,-1.948,-1.804,-7.846,-1.862,-3.972416847489256,
641,Michael Fulmer,BOS| CHN| DET| MIN,RIGHT,SP,27.666666666666664,10,10,45,27,27,8,12,20,0,2,0,0,0,8.783,2.060,3,0,0.108,-1.793,-1.473,-0.503,-2.069,-2.053,-7.892,-1.9080000000000004,-4.070553890982547,
642,Julio Teheran,ANA| DET| MIL| NYN,RIGHT,SP,31.333333333333336,9,10,39,35,35,12,16,20,0,4,0,0,0,10.053,1.755,3,1,0.096,-1.793,-1.473,-0.503,-2.946,-1.493,-8.208,-2.224,-4.744712711501668,
643,Jordan Yamamoto,MIA| NYN,RIGHT,SP,11.333333333333334,3,4,27,24,23,8,7,13,0,1,0,0,0,18.265,3.000,3,0,0.265,-1.793,-1.799,-0.503,-2.473,-1.769,-8.337,-2.3529999999999998,-5.019923116080675,
